Time(s),Drum_Angle(deg),Drum_Velocity(deg/s),Drum_Acceleration(deg/s^2)
0.0,45.0,0.0,-0.0006625979948193372
0.1,45.0,-6.625979948193372e-05,-0.0004946403262962062
0.2,44.99999337402005,-0.00011572383211155433,-0.00035069568029016485
0.30000000000000004,44.99998180163684,-0.00015079340014057083,-0.0002211995319731245
0.4,44.999966722296826,-0.00017291335333788327,-0.00012661893508979122
0.5,44.99994943096149,-0.0001855752468468624,-4.946039495140691e-05
0.6000000000000001,44.99993087343681,-0.0001905212863420031,-2.1230050474964177e-06
0.7000000000000001,44.999911821308174,-0.00019073358684675273,3.9906183466220013e-05
0.8,44.99989274794949,-0.00018674296850013073,0.00017420888223127626
0.9,44.99987407365264,-0.0001693220802770031,0.00031553908160651315
1.0,44.999857141444615,-0.0001377681721163518,0.00047574649432091925
1.1,44.9998433646274,-9.019352268425983e-05,0.0006531792929331527
1.2000000000000002,44.99983434527513,-2.4875593390944503e-05,0.0007905155558323481
1.3,44.99983185771579,5.41759621922902e-05,0.0009556117753179883
1.4000000000000001,44.99983727531201,0.00014973713972408912,0.0011487780215555274
1.5,44.999852249025984,0.0002646149418796417,0.00130219201469381
1.6,44.99987871052017,0.0003948341433490228,0.001406024001865399
1.7000000000000002,44.999918193934505,0.0005354365435355628,0.0014784483448733148
1.8,44.99997173758886,0.0006832813780228941,0.0015379082317450575
1.9000000000000001,45.000040065726665,0.0008370722011974,0.001602229506857747
2.0,45.000123772946786,0.0009972951518831745,0.0017158261882028478
2.1,45.00022350246197,0.0011688777707034594,0.0017085099208644925
2.2,45.00034039023904,0.0013397287627899088,0.0016178051176841551
2.3000000000000003,45.00047436311532,0.0015015092745583245,0.0015337266019486992
2.4000000000000004,45.00062451404278,0.0016548819347531945,0.0015574413844724748
2.5,45.00079000223625,0.0018106260732004414,0.0016631711580682668
2.6,45.00097106484357,0.0019769431890072683,0.0018390417046396518
2.7,45.001168759162475,0.0021608473594712336,0.002008273525521533
2.8000000000000003,45.00138484389842,0.002361674712023387,0.00215630367074497
2.9000000000000004,45.00162101136962,0.0025773050790978843,0.0023259552333782523
3.0,45.00187874187753,0.0028099006024357087,0.0024727708504925405
3.1,45.00215973193777,0.003057177687484963,0.0025630692113669446
3.2,45.00246544970652,0.0033134846086216576,0.0026213091077682197
3.3000000000000003,45.00279679816739,0.00357561551939848,0.0026561729764197303
3.4000000000000004,45.003154359719325,0.003841232817040453,0.0027096466306132366
3.5,45.00353848300103,0.004112197480101776,0.0028137803315328768
3.6,45.00394970274904,0.004393575513255064,0.00280065665029862
3.7,45.00438906030036,0.004673641178284926,0.0027845772725308493
3.8000000000000003,45.00485642441819,0.004952098905538011,0.0027532426482211577
3.9000000000000004,45.005351634308745,0.005227423170360127,0.002737287247104532
4.0,45.00587437662578,0.005501151895070579,0.0027382762967301097
4.1000000000000005,45.00642449181529,0.005774979524743592,0.0027198900046944167
4.2,45.007001989767765,0.006046968525213033,0.0026879577596791724
4.3,45.007606686620285,0.006315764301180949,0.002634362918328609
4.4,45.0082382630504,0.006579200593013811,0.002556649741186036
4.5,45.008896183109705,0.006834865567132414,0.0024524921067955617
4.6000000000000005,45.00957966966642,0.007080114777811971,0.002314064090879154
4.7,45.0102876811442,0.007311521186899886,0.0022110484801074353
4.800000000000001,45.01101883326289,0.0075326260349106305,0.002145236556259548
4.9,45.011772095866384,0.0077471496905365846,0.0021525108116647327
5.0,45.01254681083544,0.007962400771703057,0.0020906214176527665
5.1000000000000005,45.0133430509126,0.008171462913468335,0.0020282803234448065
5.2,45.01416019720395,0.008374290945812815,0.0019607667042018523
5.300000000000001,45.01499762629853,0.008570367616233001,0.0019170542994450983
5.4,45.01585466306015,0.00876207304617751,0.0018762810145509545
5.5,45.016730870364775,0.008949701147632605,0.0018638972039344043
5.6000000000000005,45.01762584047954,0.009136090868026046,0.0018443049511010392
5.7,45.01853944956634,0.00932052136313615,0.0018090651020884795
5.800000000000001,45.019471501702654,0.009501427873344999,0.0017656372557520582
5.9,45.020421644489986,0.009677991598920204,0.001780242643539965
6.0,45.02138944364988,0.0098560158632742,0.00173295951207855
6.1000000000000005,45.02237504523621,0.010029311814482056,0.0016864852244765213
6.2,45.023377976417656,0.010197960336929707,0.001581709908312452
6.300000000000001,45.02439777245135,0.010356131327760953,0.0013540971233975316
6.4,45.02543338558412,0.010491541040100706,0.0011271638425051082
6.5,45.02648253968813,0.010604257424351216,0.0008894750979164833
6.6000000000000005,45.02754296543057,0.010693204934142865,0.000705274879498118
6.7,45.028612285923984,0.010763732422092677,0.0005014565437133433
6.800000000000001,45.02968865916619,0.010813878076464011,0.0003448223844399445
6.9,45.03077004697384,0.010848360314908006,0.00019439818850603278
7.0,45.03185488300533,0.010867800133758609,8.492302602556384e-05
7.1000000000000005,45.032941663018704,0.010876292436361165,-3.783425514608196e-05
7.2,45.034029292262346,0.010872509010846557,-8.697910802612323e-05
7.300000000000001,45.035116543163426,0.010863811100043945,-0.00014671274988822518
7.4,45.03620292427343,0.010849139825055122,-0.00015290853737626924
7.5,45.037287838255935,0.010833848971317495,-0.00013838128825499198
7.6000000000000005,45.03837122315307,0.010820010842491996,-0.0001262661005701012
7.7,45.03945322423732,0.010807384232434986,-0.00015650165264455548
7.800000000000001,45.04053396266056,0.01079173406717053,-0.00023090093056755007
7.9,45.04161313606728,0.010768643974113775,-0.00025473558655009313
8.0,45.04269000046469,0.010743170415458766,-0.0003063692940187383
8.1,45.04376431750624,0.010712533486056892,-0.0005078584776332867
8.200000000000001,45.04483557085484,0.010661747638293563,-0.0007465542202929358
8.3,45.04590174561867,0.01058709221626427,-0.0010305016358250244
8.4,45.046960454840296,0.010484042052681768,-0.0012466834297487949
8.5,45.04800885904557,0.010359373709706889,-0.0013826298555581118
8.6,45.04904479641654,0.010221110724151078,-0.0015045902021175582
8.700000000000001,45.050066907488954,0.01007065170393932,-0.001635316308167013
8.8,45.051073972659346,0.00990712007312262,-0.0017598917256193378
8.9,45.05206468466666,0.009731130900560686,-0.0018242313652199328
9.0,45.053037797756716,0.009548707764038693,-0.0019229190526323728
9.1,45.05399266853312,0.009356415858775457,-0.0020199291137269473
9.200000000000001,45.054928310118996,0.00915442294740276,-0.0020983560893805026
9.3,45.055843752413736,0.00894458733846471,-0.002225086992147682
9.4,45.05673821114758,0.008722078639249942,-0.0023456896439461284
9.5,45.05761041901151,0.00848750967485533,-0.0024908156644672967
9.600000000000001,45.058459169978995,0.008238428108408597,-0.0025953209368939204
9.700000000000001,45.059283012789834,0.007978896014719206,-0.0027434726592853132
9.8,45.060080902391306,0.007704548748790676,-0.0029238895627001667
9.9,45.06085135726619,0.00741215979252066,-0.003146938422053487
10.0,45.061592573245434,0.007097465950315312,-0.0033432531696155196
10.100000000000001,45.06230231984047,0.006763140633353756,-0.003556779299160547
10.200000000000001,45.0629786339038,0.006407462703437702,-0.003765990613641105
10.3,45.063619380174146,0.006030863642073593,-0.003993008005489757
10.4,45.064222466538354,0.005631562841524619,-0.004167971618984857
10.5,45.064785622822505,0.0052147656796261346,-0.0043240807092660176
10.600000000000001,45.065307099390466,0.004782357608699527,-0.0044634159969062105
10.700000000000001,45.06578533515134,0.004336016009008907,-0.004580949913230284
10.8,45.06621893675224,0.0038779210176858804,-0.004683242117952028
10.9,45.06660672885401,0.0034095968058906793,-0.0048188018910091295
11.0,45.0669476885346,0.002927716616789768,-0.0049285185311613135
11.100000000000001,45.067240460196274,0.0024348647636736297,-0.005022412550859009
11.200000000000001,45.067483946672645,0.0019326235085877306,-0.0051054693281320975
11.3,45.0676772090235,0.0014220765757745227,-0.005106287663171738
11.4,45.06781941668108,0.0009114478094573507,-0.005192647670055331
11.5,45.06791056146203,0.00039218304245181934,-0.005219543128291074
11.600000000000001,45.06794977976627,-0.00012977127037729552,-0.005242869543143413
11.700000000000001,45.06793680263923,-0.000654058224691635,-0.005320131260996548
11.8,45.06787139681676,-0.0011860713507912879,-0.00541778645847727
11.9,45.067752789681684,-0.001727849996639013,-0.005522071415430766
12.0,45.06758000468202,-0.0022800571381820876,-0.005598482317143155
12.100000000000001,45.067351998968206,-0.002839905369896411,-0.005609474738549894
12.200000000000001,45.067068008431214,-0.0034008528437513984,-0.005594186239433221
12.3,45.066727923146836,-0.0039602714676947185,-0.005510508262495985
12.4,45.06633189600007,-0.004511322293944315,-0.005438341886903448
12.5,45.06588076377067,-0.005055156482634658,-0.005397953134678569
12.600000000000001,45.065375248122415,-0.005594951796102522,-0.005268596295657809
12.700000000000001,45.0648157529428,-0.006121811425668301,-0.005114545634680411
12.8,45.064203571800235,-0.006633265989136341,-0.004998121426252567
12.9,45.063540245201324,-0.007133078131761596,-0.004901132057323499
13.0,45.062826937388145,-0.007623191337493944,-0.004747482569992559
13.100000000000001,45.0620646182544,-0.008097939594493207,-0.00457557853834679
13.200000000000001,45.06125482429495,-0.008555497448327884,-0.004385145441673196
13.3,45.060399274550115,-0.008994011992495202,-0.004148396812378733
13.4,45.059499873350866,-0.009408851673733074,-0.003904520626183749
13.5,45.05855898818349,-0.009799303736351447,-0.003710029397734695
13.600000000000001,45.05757905780985,-0.010170306676124922,-0.003530710402279541
13.700000000000001,45.05656202714224,-0.010523377716352875,-0.0033534355916686512
13.8,45.05550968937061,-0.010858721275519739,-0.0031337621897817936
13.9,45.054423817243055,-0.011172097494497917,-0.0028599786685688205
14.0,45.0533066074936,-0.011458095361354798,-0.002614702783238149
14.100000000000001,45.05216079795747,-0.011719565639678617,-0.0024509573333744965
14.200000000000001,45.050988841393504,-0.011964661373016066,-0.002298410676947219
14.3,45.0497923752562,-0.012194502440710787,-0.0021034771780271866
14.4,45.04857292501213,-0.012404850158513505,-0.0018609098423900332
14.5,45.047332439996275,-0.012590941142752507,-0.0016450389468244371
14.600000000000001,45.046073345882,-0.012755445037434953,-0.0015045511138854723
14.700000000000001,45.04479780137826,-0.0129059001488235,-0.001454224726156304
14.8,45.04350721136338,-0.01305132262143913,-0.001386030418392003
14.9,45.04220207910123,-0.01318992566327833,-0.0013222476652053352
15.0,45.040883086534905,-0.013322150429798863,-0.0012239361149091535
15.100000000000001,45.039550871491926,-0.01344454404128978,-0.0010920709077926476
15.200000000000001,45.0382064170878,-0.013553751132069044,-0.0010078939219741077
15.3,45.036851041974586,-0.013654540524266455,-0.0009269560241887754
15.4,45.03548558792216,-0.013747236126685332,-0.0008268943283329765
15.5,45.0341108643095,-0.01382992555951863,-0.0007807902178568673
15.600000000000001,45.03272787175354,-0.013908004581304317,-0.0007130973324809821
15.700000000000001,45.03133707129541,-0.013979314314552415,-0.0006438260512071937
15.8,45.029939139863956,-0.014043696919673134,-0.0005271656287174198
15.9,45.02853477017199,-0.014096413482544876,-0.00043835127227644257
16.0,45.027125128823734,-0.01414024860977252,-0.0004140270553715009
16.1,45.025711103962756,-0.01418165131530967,-0.00034686708789400224
16.2,45.02429293883122,-0.01421633802409907,-0.00032805723448691446
16.3,45.022871305028815,-0.014249143747547762,-0.0003719347780544185
16.400000000000002,45.02144639065406,-0.014286337225353204,-0.000470288907647921
16.5,45.02001775693153,-0.014333366116117996,-0.0005576523314898646
16.6,45.01858442031992,-0.014389131349266983,-0.0005764311371906275
16.7,45.017145507184985,-0.014446774462986044,-0.0005352525818034658
16.8,45.01570082973869,-0.014500299721166392,-0.0004493711699904533
16.900000000000002,45.01425079976657,-0.014545236838165438,-0.000350758092139109
17.0,45.01279627608275,-0.014580312647379348,-0.00024927527998305424
17.1,45.01133824481802,-0.014605240175377654,-0.00016439135527376167
17.2,45.00987772080048,-0.01462167931090503,-3.794062937992977e-05
17.3,45.00841555286939,-0.014625473373843022,7.691305026202745e-05
17.400000000000002,45.006953005532004,-0.01461778206881682,0.00016200783806677094
17.5,45.00549122732512,-0.014601581285010143,0.00014783448881316438
17.6,45.00403106919662,-0.014586797836128826,0.00012083011017504413
17.7,45.00257238941301,-0.014574714825111322,1.4378667599033796e-05
17.8,45.0011149179305,-0.014573276958351419,-0.00017539900222944993
17.900000000000002,44.99965759023466,-0.014590816858574364,-0.0003527454921803125
18.0,44.9981985085488,-0.014626091407792394,-0.0004080934977031732
18.1,44.99673589940803,-0.014666900757562712,-0.0005010458879833802
18.2,44.99526920933227,-0.01471700534636105,-0.0006635536632990355
18.3,44.993797508797634,-0.014783360712690954,-0.0007884992623991587
18.400000000000002,44.99231917272637,-0.01486221063893087,-0.000934198777570088
18.5,44.990832951662476,-0.014955630516687878,-0.0010866877739352228
18.6,44.98933738861081,-0.015064299294081401,-0.0012746976052049636
18.7,44.98783095868139,-0.015191769054601895,-0.0014031191644687533
18.8,44.98631178177594,-0.015332080971048772,-0.001524108736178898
18.900000000000002,44.98477857367883,-0.015484491844666664,-0.0017012106673912877
19.0,44.98323012449436,-0.01565461291140579,-0.0018402701661008895
19.1,44.981664663203226,-0.01583863992801588,-0.001938703590073962
19.200000000000003,44.98008079921042,-0.01603251028702328,-0.002109545472096252
19.3,44.97847754818172,-0.0162434648342329,-0.0023534710718054962
19.400000000000002,44.9768532016983,-0.016478811941413454,-0.0026551923571478896
19.5,44.97520532050415,-0.016744331177128237,-0.0028822224892230694
19.6,44.973530887386445,-0.017032553426050548,-0.0030119555018156678
19.700000000000003,44.97182763204384,-0.01733374897623212,-0.0031556139382551258
19.8,44.970094257146215,-0.017649310370057625,-0.003304217915287346
19.900000000000002,44.968329326109206,-0.017979732161586364,-0.0034536352087660054
20.0,44.96653135289305,-0.018325095682462957,-0.0037003664672964442
20.1,44.964698843324804,-0.018695132329192607,-0.003921903002236951
20.200000000000003,44.962829330091886,-0.019087322629416308,-0.0041083727064597
20.3,44.960920597828945,-0.01949815990006227,-0.004241856968475499
20.400000000000002,44.958970781838936,-0.019922345596909825,-0.0044049913497161315
20.5,44.95697854727924,-0.02036284473188143,-0.0046144539459325555
20.6,44.95494226280606,-0.02082429012647469,-0.004903598702640441
20.700000000000003,44.95285983379341,-0.02131464999673874,-0.005160489074754234
20.8,44.95072836879373,-0.021830698904214154,-0.005336639757008114
20.900000000000002,44.94854529890331,-0.022364362879914973,-0.005510940412043765
21.0,44.946308862615325,-0.022915456921119338,-0.005580021971281585
21.1,44.94401731692321,-0.023473459118247504,-0.005695691811423836
21.200000000000003,44.941669971011386,-0.024043028299389896,-0.005860820959389966
21.3,44.93926566818145,-0.02462911039532888,-0.006008098298377255
21.400000000000002,44.93680275714191,-0.025229920225166614,-0.006046250541928794
21.5,44.9342797651194,-0.02583454527935948,-0.006127581092138807
21.6,44.93169631059146,-0.02644730338857337,-0.0061246346294930275
21.700000000000003,44.929051580252604,-0.02705976685152268,-0.00609500880596906
21.8,44.926345603567455,-0.027669267732119574,-0.005996936068308497
21.900000000000002,44.92357867679424,-0.028268961338950432,-0.005939870056248577
22.0,44.920751780660346,-0.028862948344575277,-0.005911245331146084
22.1,44.917865485825885,-0.029454072877689894,-0.0059013140410701095
22.200000000000003,44.91492007853812,-0.030044204281796914,-0.005992890052344084
22.3,44.91191565810994,-0.03064349328703131,-0.006117407798569407
22.400000000000002,44.90885130878124,-0.03125523406688826,-0.006293386600938196
22.5,44.90572578537455,-0.031884572726982065,-0.006472861388574896
22.6,44.90253732810185,-0.032531858865839564,-0.0065903124958339755
22.700000000000003,44.899284142215265,-0.03319089011542297,-0.006676227759739518
22.8,44.895965053203724,-0.03385851289139691,-0.006730020875114597
22.900000000000002,44.892579201914586,-0.03453151497890838,-0.006792825936856531
23.0,44.88912605041669,-0.035210797572594016,-0.0068153414536422235
23.1,44.88560497065943,-0.03589233171795825,-0.006771431535755435
23.200000000000003,44.882015737487635,-0.0365694748715338,-0.006746037660016335
23.3,44.87835879000048,-0.03724407863753542,-0.006639177286044173
23.400000000000002,44.874634382136726,-0.03790799636613985,-0.006474013029043323
23.5,44.870843582500115,-0.038555397669044165,-0.006216466288208719
23.6,44.86698804273321,-0.039177044297865046,-0.005928332225604348
23.700000000000003,44.86307033830342,-0.03976987752042549,-0.005630774845599618
23.8,44.85909335055138,-0.04033295500498544,-0.005350532113585348
23.900000000000002,44.855060055050885,-0.04086800821634398,-0.005044694496098467
24.0,44.85097325422925,-0.04137247766595382,-0.004686663088542336
24.1,44.84683600646265,-0.04184114397480806,-0.004297517648318922
24.200000000000003,44.84265189206517,-0.042270895739639956,-0.0038589188257039933
24.3,44.83842480249121,-0.04265678762221035,-0.0034660844462828582
24.400000000000002,44.83415912372899,-0.04300339606683864,-0.0030755842654127358
24.5,44.8298587841223,-0.043310954493379905,-0.0026620897123032544
24.6,44.82552768867296,-0.043577163464610234,-0.0023152170949169663
24.700000000000003,44.82116997232651,-0.043808685174101934,-0.001959765273348263
24.8,44.81678910380909,-0.044004661701436756,-0.0015781305831273405
24.900000000000002,44.81238863763895,-0.04416247475974949,-0.0011669644446835991
25.0,44.80797239016297,-0.04427917120421785,-0.0007708526871126499
25.1,44.80354447304256,-0.044356256472929116,-0.000412580224901157
25.200000000000003,44.79910884739526,-0.04439751449541923,-3.899415327024508e-06
25.3,44.79466909594572,-0.044397904436951935,0.0003332537402041211
25.400000000000002,44.790229305502024,-0.04436457906293152,0.0006832868788250186
25.5,44.78579284759573,-0.04429625037504902,0.0009527392585648723
25.6,44.78136322255823,-0.04420097644919253,0.0011622619274609227
25.700000000000003,44.77694312491331,-0.04408475025644644,0.0013092923679644821
25.8,44.77253464988766,-0.043953821019649994,0.0014648618346324374
25.900000000000002,44.7681392677857,-0.04380733483618675,0.0016038044331132327
26.0,44.76375853430208,-0.04364695439287543,0.0017263104922360139
26.1,44.75939383886279,-0.043474323343651824,0.001770439700053669
26.200000000000003,44.75504640652843,-0.043297279373646455,0.0017996708989259336
26.3,44.75071667859106,-0.043117312283753866,0.0018538374738893014
26.400000000000002,44.746404947362684,-0.04293192853636493,0.001829786791823951
26.5,44.74211175450905,-0.04274894985718254,0.0018784501619998905
26.6,44.737836859523334,-0.04256110484098255,0.001956496441980593
26.700000000000003,44.733580749039234,-0.04236545519678449,0.0020189375676381723
26.8,44.72934420351955,-0.042163561440020675,0.0020875166857628868
26.900000000000002,44.72512784737555,-0.04195480977144438,0.002190434886128167
27.0,44.72093236639841,-0.04173576628283157,0.0021866205701822176
27.1,44.716758789770125,-0.041517104225813346,0.002133373495944832
27.200000000000003,44.71260707934754,-0.04130376687621886,0.0020900020539132732
27.3,44.70847670265992,-0.04109476667082754,0.0019915222268532674
27.400000000000002,44.70436722599284,-0.04089561444814221,0.0018875152475328048
27.5,44.700277664548025,-0.04070686292338893,0.0017774752613810172
27.6,44.69620697825569,-0.04052911539725083,0.0016229532531813104
27.700000000000003,44.69215406671596,-0.040366820071932694,0.0015174299259754543
27.8,44.68811738470877,-0.04021507707933515,0.0014067199499019434
27.900000000000002,44.684095877000836,-0.040074405084344955,0.001340428189962912
28.0,44.6800884364924,-0.03994036226534867,0.0013233105719388605
28.1,44.67609440026587,-0.03980803120815478,0.0013723754649520663
28.200000000000003,44.67211359714505,-0.03967079366165957,0.0014772546581745853
28.3,44.66814651777889,-0.039523068195842115,0.001590983503181367
28.400000000000002,44.6641942109593,-0.039363969845523976,0.0016821968500360326
28.5,44.660257813974745,-0.039195750160520376,0.0016843330540237023
28.6,44.656338238958696,-0.039027316855118004,0.0016399173164566756
28.700000000000003,44.65243550727318,-0.038863325123472334,0.0015661161837345395
28.8,44.64854917476084,-0.03870671350509888,0.0014952013905571641
28.900000000000002,44.644678503410326,-0.038557193366043165,0.0013744249345852848
29.0,44.64082278407372,-0.03841975087258464,0.001235735174272192
29.1,44.636980808986465,-0.03829617735515742,0.0011075082387524396
29.200000000000003,44.633151191250946,-0.03818542653128217,0.000935507723554641
29.3,44.62933264859782,-0.03809187575892671,0.0008404543971190245
29.400000000000002,44.62552346102193,-0.03800783031921481,0.0007703163268149041
29.5,44.62172267799001,-0.03793079868653332,0.0006288938482419593
29.6,44.61792959812135,-0.03786790930170912,0.0004575911516422411
29.700000000000003,44.61414280719118,-0.037822150186544896,0.0002833725377144524
29.8,44.610360592172526,-0.03779381293277345,0.00017441862751161916
29.900000000000002,44.60658121087925,-0.03777637107002229,0.00013036139821579197
30.0,44.60280357377225,-0.03776333493020071,9.798264756624569e-05
30.1,44.59902724027923,-0.037753536665444086,9.384660733593875e-05
30.200000000000003,44.59525188661268,-0.03774415200471049,0.00010116367203001846
30.3,44.59147747141221,-0.03773403563750749,0.00012676625180014876
30.400000000000002,44.58770406784846,-0.037721359012327475,0.00015191360015841582
30.5,44.58393193194723,-0.037706167652311634,7.964708554047847e-05
30.6,44.580161315181996,-0.037698202943757586,3.197129511765772e-05
30.700000000000003,44.57639149488762,-0.03769500581424582,-4.54544834595931e-05
30.8,44.572621994306196,-0.03769955126259178,-7.870734442659454e-05
30.900000000000002,44.56885203917994,-0.03770742199703444,-0.00012354717217812324
31.0,44.56508129698023,-0.03771977671425225,-0.0001412509687075799
31.1,44.561309319308805,-0.03773390181112301,-0.00018618783999564415
31.200000000000003,44.557535929127695,-0.037752520595122574,-0.0002326752016859662
31.3,44.55376067706818,-0.03777578811529117,-0.0002306217324014837
31.400000000000002,44.549983098256654,-0.03779885028853132,-0.00022497440462454979
31.5,44.5462032132278,-0.03782134772899377,-0.0002600387781959109
31.6,44.5424210784549,-0.037847351606813365,-0.0003598010688706609
31.700000000000003,44.53863634329422,-0.03788333171370043,-0.0004374241311540332
31.8,44.53484801012285,-0.037927074126815834,-0.0004943416482616688
31.900000000000002,44.53105530271017,-0.037976508291642,-0.0005126746401431485
32.0,44.527257651881,-0.038027775755656315,-0.0005024368460227536
32.1,44.523454874305436,-0.03807801944025859,-0.0005298515317204913
32.2,44.519647072361415,-0.03813100459343064,-0.0005517425066264075
32.300000000000004,44.51583397190207,-0.03818617884409328,-0.0006235195135513232
32.4,44.51201535401766,-0.03824853079544841,-0.0006650617843548856
32.5,44.50819050093811,-0.0383150369738839,-0.0006536618415155144
32.6,44.50435899724073,-0.03838040315803545,-0.0005284013868996693
32.7,44.50052095692492,-0.03843324329672542,-0.00040449681700089593
32.800000000000004,44.49667763259525,-0.03847369297842551,-0.00024821080003416284
32.9,44.49283026329741,-0.038498514058428926,-6.772892346018537e-05
33.0,44.48898041189157,-0.038505286950774945,0.00015775907195126945
33.1,44.485129883196485,-0.03848951104357982,0.00038473387277220835
33.2,44.48128093209213,-0.038451037656302596,0.0006381589871750407
33.300000000000004,44.4774358283265,-0.03838722175758509,0.0008861988332450004
33.4,44.47359710615074,-0.038298601874260596,0.0011155073493292042
33.5,44.46976724596332,-0.038187051139327674,0.0014186408984238695
33.6,44.46594854084938,-0.038045187049485285,0.0017073257330728793
33.7,44.462144022144436,-0.037874454476177995,0.0019523110138513072
33.800000000000004,44.458356576696815,-0.03767922337479286,0.002224031108670534
33.9,44.45458865435934,-0.03745682026392582,0.0025018476213836327
34.0,44.45084297233294,-0.037206635501787454,0.0028085563072260556
34.1,44.44712230878277,-0.036925779871064844,0.003166550936691225
34.2,44.44342973079566,-0.03660912477739572,0.0035531360527990743
34.300000000000004,44.43976881831792,-0.036253811172115805,0.003926939789043752
34.4,44.436143437200705,-0.03586111719321145,0.0043407687715816485
34.5,44.43255732548139,-0.03542704031605328,0.00474128788187707
34.6,44.42901462144978,-0.03495291152786557,0.005130613144514528
34.7,44.42551933029699,-0.03443985021341411,0.005557980453761773
34.800000000000004,44.42207534527565,-0.03388405216803792,0.00600809666918257
34.9,44.41868694005885,-0.0332832425011197,0.006447063632315833
35.0,44.415358615808735,-0.032638536137888106,0.0068732721285416345
35.1,44.41209476219495,-0.03195120892503393,0.007298908680908635
35.2,44.40889964130245,-0.03122131805694306,0.007720781178324922
35.300000000000004,44.40577750949675,-0.030449239939110556,0.008154004413144766
35.4,44.40273258550284,-0.029633839497796126,0.008464953257080484
35.5,44.39976920155306,-0.028787344172088065,0.008769100304385609
35.6,44.396890467135854,-0.027910434141649492,0.009051825254227385
35.7,44.394099423721684,-0.02700525161622674,0.009339060330977212
35.800000000000004,44.39139889856006,-0.026071345583129006,0.009589175726552972
35.9,44.38879176400175,-0.025112428010473763,0.009894249111202858
36.0,44.3862805212007,-0.024123003099353463,0.010171659736303533
36.1,44.38386822089077,-0.023105837125723096,0.010371115789217884
36.2,44.3815576371782,-0.022068725546801293,0.0105622027210354
36.300000000000004,44.37935076462352,-0.021012505274697738,0.010702222627960256
36.4,44.37724951409605,-0.019942283011901773,0.010824656783413307
36.5,44.37525528579486,-0.018859817333560427,0.010954091580129676
36.6,44.3733693040615,-0.017764408175547444,0.011086813240337253
36.7,44.37159286324395,-0.016655726851513702,0.011221615093369733
36.800000000000004,44.36992729055879,-0.015533565342176713,0.011370190268979266
36.9,44.368373934024575,-0.014396546315278851,0.011515379441736268
37.0,44.36693427939305,-0.013245008371105208,0.01164443860227596
37.1,44.365609778555935,-0.012080564510877596,0.011773577530830068
37.2,44.36440172210485,-0.010903206757794572,0.011904914627719601
37.300000000000004,44.36331140142907,-0.009712715295022595,0.012018166770514725
37.4,44.36234012989957,-0.008510898617971191,0.012137306988889214
37.5,44.361489040037775,-0.007297167919082252,0.012216910876526009
37.6,44.360759323245865,-0.006075476831429634,0.01227581632869119
37.7,44.36015177556272,-0.0048478951985604975,0.012308930856132948
37.800000000000004,44.35966698604287,-0.0036170021129471853,0.012330089190053038
37.9,44.35930528583157,-0.0023839931939419515,0.012373130287715072
38.0,44.359066886512174,-0.0011466801651704268,0.012379200091726638
38.1,44.35895221849566,9.123984400225467e-05,0.012323458309731089
38.2,44.35896134248006,0.001323585674975381,0.012256980837629248
38.300000000000004,44.359093701047556,0.0025492837587383233,0.012176588103866784
38.400000000000006,44.35934862942343,0.003766942569125019,0.012039009438783664
38.5,44.359725323680344,0.004970843513003317,0.011827306338096111
38.6,44.360222408031646,0.006153574146812945,0.01155881129785861
38.7,44.36083776544633,0.007309455276598822,0.011343454259328294
38.800000000000004,44.361568710973984,0.008443800702531668,0.011151397115389866
38.900000000000006,44.36241309104424,0.00955894041407067,0.011019035986582824
39.0,44.36336898508564,0.01066084401272889,0.010970014290083482
39.1,44.364435069486916,0.011757845441737254,0.010982377651404286
39.2,44.36561085403109,0.012856083206877698,0.0109198831169886
39.300000000000004,44.366896462351775,0.013948071518576573,0.010790298046289355
39.400000000000006,44.368291269503636,0.015027101323205524,0.010560919892726617
39.5,44.36979397963596,0.016083193312478126,0.010342845594164913
39.6,44.371402298967205,0.017117477871894632,0.01014073698565473
39.7,44.373114046754395,0.01813155157046012,0.010009350408177218
39.800000000000004,44.37492720191144,0.019132486611277855,0.00981264192810069
39.900000000000006,44.376840450572566,0.02011375080408794,0.009606463298458432
40.0,44.37885182565298,0.021074397133933727,0.009415196699612693
40.1,44.38095926536637,0.02201591680389501,0.009213810808746436
40.2,44.38316085704676,0.022937297884769666,0.009055466455760799
40.300000000000004,44.38545458683524,0.02384284453034576,0.008906629385733491
40.400000000000006,44.387838871288274,0.02473350746891912,0.008714986355107857
40.5,44.39031222203516,0.025605006104429857,0.008598882415573657
40.6,44.392872722645606,0.026464894345987235,0.008514683599486015
40.7,44.3955192120802,0.027316362705935848,0.008389751997757279
40.800000000000004,44.3982508483508,0.028155337905711588,0.008219512121470847
40.900000000000006,44.40106638214137,0.028977289117858684,0.008042544548999213
41.0,44.403964111053156,0.02978154357275856,0.007884606132276947
41.1,44.40694226541043,0.030570004185986266,0.007795381660557724
41.2,44.40999926582903,0.03134954235204205,0.007790683168719351
41.300000000000004,44.41313422006424,0.032128610668913996,0.007737744243405635
41.400000000000006,44.41634708113113,0.03290238509325457,0.007709817546523953
41.5,44.41963731964045,0.03367336684790692,0.007721775671243076
41.6,44.42300465632524,0.03444554441503124,0.007759575742260384
41.7,44.42644921076675,0.03522150198925729,0.00774669645289039
41.800000000000004,44.42997136096567,0.03599617163454634,0.007746413430991418
41.900000000000006,44.433570978129126,0.03677081297764549,0.007720729172966631
42.0,44.43724805942689,0.03754288589494211,0.007695554742107967
42.1,44.44100234801638,0.03831244136915292,0.0076892227753650195
42.2,44.4448335921533,0.03908136364668943,0.007587333647901363
42.300000000000004,44.448741728517966,0.03984009701147958,0.007433190591531294
42.400000000000006,44.452725738219115,0.04058341607063272,0.007181690267311003
42.5,44.45678407982618,0.04130158509736378,0.006888205242679662
42.6,44.46091423833592,0.041990405621631754,0.006648762595035984
42.7,44.46511327889808,0.04265528188113536,0.00650545519154629
42.800000000000004,44.469378807086194,0.04330582740029,0.0063738313151371975
42.900000000000006,44.47370938982622,0.04394321053180373,0.006279267380485825
43.0,44.4781037108794,0.044571137269852276,0.006193498468735607
43.1,44.48256082460639,0.045190487116725846,0.006100769298287689
43.2,44.48707987331806,0.04580056404655462,0.006031438978319534
43.300000000000004,44.491659929722715,0.046403707944386585,0.0059912012736901814
43.400000000000006,44.496300300517156,0.04700282807175561,0.005930913977135595
43.5,44.50100058332433,0.04759591946946914,0.005899158076977994
43.6,44.50576017527128,0.048185835277166945,0.005907168657463601
43.7,44.51057875879899,0.048776552142913314,0.005930887809889026
43.800000000000004,44.515456414013286,0.049369640923902225,0.006002791986243814
43.900000000000006,44.52039337810567,0.049969920122526615,0.006130056544334935
44.0,44.525390370117925,0.050582925776960073,0.006218403965687605
44.1,44.530448662695626,0.05120476617352884,0.006291460308249419
44.2,44.535569139312976,0.051833912204353794,0.006362454055810048
44.300000000000004,44.54075253053341,0.05247015760993481,0.006384176147372334
44.400000000000006,44.545999546294404,0.05310857522467205,0.006344918355865606
44.5,44.55131040381687,0.053743067060258574,0.006301871398750236
44.6,44.556684710522894,0.05437325420013361,0.006154961029800533
44.7,44.56212203594291,0.05498875030311367,0.005954518643673091
44.800000000000004,44.567620910973226,0.05558420216748099,0.005743294424704811
44.900000000000006,44.57317933118997,0.056158531609951476,0.005543337656634155
45.0,44.578795184350966,0.05671286537561486,0.005325395748146868
45.1,44.58446647088853,0.057245404950429554,0.005180317493334095
45.2,44.59019101138357,0.05776343669976297,0.005048931158213516
45.300000000000004,44.595967355053546,0.05826832981558433,0.004870423304653149
45.400000000000006,44.60179418803511,0.05875537214604965,0.004662749965181194
45.5,44.60766972524971,0.059221647142567745,0.004473163092524607
45.6,44.61359188996396,0.05966896345182021,0.004414100722871593
45.7,44.61955878630915,0.06011037352410738,0.004398782551212489
45.800000000000004,44.62556982366156,0.06055025177922863,0.004424569986480685
45.900000000000006,44.63162484883948,0.06099270877787671,0.004490750898190043
46.0,44.63772411971727,0.061441783867695686,0.00460237792520871
46.1,44.64386829810404,0.061902021660216563,0.004686212475792237
46.2,44.65005850027006,0.062370642907795794,0.004705968590560108
46.300000000000004,44.65629556456084,0.06284123976685181,0.004686356194730584
46.400000000000006,44.66257968853753,0.06330987538632488,0.0046277152097664994
46.5,44.66891067607616,0.0637726469073015,0.004557242887052661
46.6,44.675287940766886,0.06422837119600677,0.00445694161207246
46.7,44.68171077788649,0.06467406535721403,0.004319810271423912
46.800000000000004,44.68817818442221,0.06510604638435642,0.004188073712944963
46.900000000000006,44.69468878906065,0.06552485375565092,0.003950797823240817
47.0,44.701241274436214,0.06591993353797498,0.003705943708523177
47.1,44.70783326779001,0.06629052790882731,0.0034891137096541352
47.2,44.71446232058089,0.06663943927979273,0.003222733232825746
47.300000000000004,44.72112626450887,0.0669617126030753,0.0030226092305895695
47.400000000000006,44.72782243576918,0.06726397352613427,0.002754643271507141
47.5,44.73454883312179,0.06753943785328496,0.0025035142941181787
47.6,44.74130277690712,0.06778978928269679,0.0023448963092349505
47.7,44.74808175583539,0.06802427891362028,0.0022158622094209063
47.800000000000004,44.75488418372675,0.06824586513456238,0.002027839387088142
47.900000000000006,44.76170877024021,0.0684486490732712,0.0017647628832928202
48.0,44.76855363514753,0.06862512536160047,0.0015421354785056854
48.1,44.77541614768369,0.06877933890945104,0.001262534432280564
48.2,44.78229408157464,0.0689055923526791,0.000892333008989375
48.300000000000004,44.78918464080991,0.06899482565357803,0.0005282653636236237
48.400000000000006,44.796084123375266,0.0690476521899404,0.00023438997774018146
48.5,44.80298888859426,0.06907109118771441,-1.133752956350415e-05
48.6,44.809895997713035,0.06906995743475806,-0.0002422996540390986
48.7,44.816802993456506,0.06904572746935415,-0.00044673953820281086
48.800000000000004,44.823707566203446,0.06900105351553387,-0.0006727240555218133
48.900000000000006,44.83060767155499,0.06893378110998169,-0.0009214935135664317
49.0,44.837501049665995,0.06884163175862505,-0.0011251761083380502
49.1,44.84438521284186,0.06872911414779125,-0.0012122807389096208
49.2,44.85125812425664,0.06860788607390028,-0.0013047518611291977
49.300000000000004,44.85811891286403,0.06847741088778736,-0.0013816700428581432
49.400000000000006,44.864966653952806,0.06833924388350154,-0.0014993940330458053
49.5,44.87180057834116,0.06818930448019697,-0.0016122871408313691
49.6,44.87861950878917,0.06802807576611383,-0.0017021107717566965
49.7,44.88542231636578,0.06785786468893816,-0.0017975793123884997
49.800000000000004,44.89220810283468,0.06767810675769931,-0.0018722622593362892
49.900000000000006,44.89897591351045,0.06749088053176568,-0.0019348549965025597
50.0,44.905725001563624,0.06729739503211543,-0.002022818483719795
50.1,44.91245474106684,0.06709511318374345,-0.0020589515375074295
50.2,44.919164252385215,0.0668892180299927,-0.0020626872803795587
50.300000000000004,44.92585317418821,0.06668294930195474,-0.0021154256301250374
50.400000000000006,44.932521469118406,0.06647140673894224,-0.0021831203842160992
50.5,44.939168609792304,0.06625309470052064,-0.002250085782321938
50.6,44.94579391926235,0.06602808612228844,-0.002339710227367392
50.7,44.952396727874586,0.0657941150995517,-0.002497168756617727
50.800000000000004,44.95897613938454,0.06554439822388992,-0.002634224723787983
50.900000000000006,44.96553057920693,0.06528097575151112,-0.0027642351843364292
51.0,44.972058676782076,0.0650045522330775,-0.0029153493513346257
51.1,44.97855913200539,0.06471301729794403,-0.003111258761798558
51.2,44.98503043373518,0.06440189142176417,-0.0032591751857557563
51.300000000000004,44.99147062287736,0.06407597390318859,-0.003379802262658223
51.400000000000006,44.99787822026767,0.06373799367692276,-0.0035052343468055295
51.5,45.004252019635366,0.06338747024224223,-0.003589602999008128
51.6,45.01059076665959,0.06302850994234141,-0.003644728417742192
51.7,45.01689361765383,0.06266403710056719,-0.003669792582697371
51.800000000000004,45.023160021363886,0.06229705784229744,-0.0036514911286379854
51.900000000000006,45.029389727148114,0.06193190872943364,-0.003589246166433367
52.0,45.035582918021056,0.06157298411279032,-0.003524173962249236
52.1,45.04174021643234,0.061220566716565394,-0.0035059239744354904
52.2,45.04786227310399,0.06086997431912184,-0.003623230120257341
52.300000000000004,45.0539492705359,0.0605076513070961,-0.0037693554657452517
52.400000000000006,45.06000003566661,0.06013071576052157,-0.003996055077118371
52.5,45.06601310724267,0.059731110252809756,-0.004300441357934582
52.6,45.071986218267945,0.05930106611701629,-0.004563681849024189
52.7,45.077916324879645,0.05884469793211387,-0.004764987551951068
52.800000000000004,45.08380079467286,0.05836819917691875,-0.0049284885240939704
52.900000000000006,45.08963761459055,0.05787535032450935,-0.005013011587085497
53.0,45.095425149623004,0.05737404916580083,-0.005007605228016033
53.1,45.101162554539584,0.05687328864299922,-0.0049985164338282855
53.2,45.10684988340388,0.05637343699961638,-0.005043719841970881
53.300000000000004,45.11248722710384,0.055869065015419286,-0.005087943138330911
53.400000000000006,45.11807413360538,0.05536027070158619,-0.005134728566552006
53.5,45.12361016067555,0.05484679784493102,-0.005140331967157238
53.6,45.129094840460034,0.054332764648215286,-0.0051022362411280685
53.7,45.13452811692486,0.05382254102410247,-0.00506838253222022
53.800000000000004,45.13991037102727,0.05331570277088044,-0.005065826363109674
53.900000000000006,45.145241941304356,0.05280912013456947,-0.004986227533499011
54.0,45.15052285331782,0.052310497381219595,-0.00488550167841266
54.1,45.15575390305594,0.05182194721337832,-0.004742285020954905
54.2,45.160936097777274,0.051347718711282825,-0.004593275627539088
54.300000000000004,45.1660708696484,0.05088839114852891,-0.004425652767270505
54.400000000000006,45.171159708763255,0.05044582587180185,-0.004225811705213208
54.5,45.17620429135044,0.050023244701280556,-0.004128780114696719
54.6,45.181206615820564,0.04961036668981088,-0.004036788236156814
54.7,45.186167652489544,0.04920668786619519,-0.0039047969194124788
54.800000000000004,45.19108832127616,0.04881620817425394,-0.0037890743524930815
54.900000000000006,45.19596994209359,0.048437300739004624,-0.003608362659010264
55.0,45.20081367216749,0.04807646447310362,-0.003396341153203718
55.1,45.2056213186148,0.04773683035778324,-0.003176152841787735
55.2,45.210395001650575,0.047419215073604463,-0.002950443596968735
55.300000000000004,45.21513692315794,0.047124170713907586,-0.0026839713768115094
55.400000000000006,45.21984934022933,0.04685577357622643,-0.002445389217761163
55.5,45.22453491758695,0.04661123465445033,-0.002286360768686583
55.6,45.2291960410524,0.04638259857758167,-0.002301530643939629
55.7,45.233834300910154,0.0461524455131877,-0.0023527804153009395
55.800000000000004,45.23844954546147,0.045917167471657604,-0.0024308629525881045
55.900000000000006,45.24304126220864,0.04567408117639879,-0.002448358297849618
56.0,45.24760867032628,0.04542924534661384,-0.0024159219672271683
56.1,45.25215159486094,0.04518765314989112,-0.0023828813288417567
56.2,45.25667036017593,0.04494936501700694,-0.0023853985430584085
56.300000000000004,45.26116529667763,0.0447108251627011,-0.002493268030580204
56.400000000000006,45.2656363791939,0.044461498359643074,-0.002573143879348393
56.5,45.270082529029864,0.04420418397170825,-0.0027268802041667847
56.6,45.27450294742704,0.04393149595129157,-0.002986484487041723
56.7,45.27889609702216,0.04363284750258739,-0.003215651791597686
56.800000000000004,45.283259381772424,0.04331128232342762,-0.0033998701094449736
56.900000000000006,45.28759051000477,0.042971295312483115,-0.003546173805432575
57.0,45.291887639536014,0.04261667793193988,-0.0036699072317329835
57.1,45.29614930732921,0.042249687208766575,-0.0037886290390450206
57.2,45.300374276050086,0.04187082430486207,-0.0038335499090552125
57.300000000000004,45.30456135848057,0.04148746931395654,-0.0037991608252130483
57.400000000000006,45.30871010541197,0.04110755323143523,-0.0037435937319022
57.5,45.31282086073511,0.04073319385824503,-0.003741679276464976
57.6,45.31689418012093,0.04035902593059853,-0.0037697925609486167
57.7,45.32093008271399,0.03998204667450366,-0.003816727626154233
57.800000000000004,45.32492828738145,0.03960037391188823,-0.003977946991800692
57.900000000000006,45.328888324772635,0.03920257921270816,-0.004194007594341301
58.0,45.33280858269391,0.03878317845327405,-0.004413607639452637
58.1,45.336686900539235,0.03834181768932878,-0.004608756288624689
58.2,45.340521082308165,0.037880942060466306,-0.004797892034400856
58.300000000000004,45.344309176514216,0.037401152857026214,-0.004938185473869066
58.400000000000006,45.34804929179992,0.0369073343096393,-0.005009026891956432
58.5,45.35174002523088,0.036406431620443686,-0.005081060522774195
58.6,45.355380668392925,0.03589832556816626,-0.005111051964178378
58.7,45.35897050094974,0.035387220371748414,-0.005161974664702608
58.800000000000004,45.362509222986915,0.034871022905278146,-0.005154147544888171
58.900000000000006,45.36599632527744,0.03435560815078932,-0.005070167802307967
59.0,45.36943188609252,0.03384859137055855,-0.004884011565834817
59.1,45.37281674522958,0.033360190213975065,-0.004671125288749636
59.2,45.376152764250975,0.032893077685100094,-0.004480300003469682
59.300000000000004,45.379442072019486,0.03244504768475312,-0.004356120894980991
59.400000000000006,45.38268657678796,0.032009435595255015,-0.004221964637084426
59.5,45.38588752034749,0.031587239131546596,-0.0040523704043433344
59.6,45.38904624426064,0.031182002091112257,-0.003873894453066074
59.7,45.39216444446975,0.030794612645805644,-0.0037477779279944203
59.800000000000004,45.39524390573433,0.030419834853006197,-0.003609659944195984
59.900000000000006,45.398285889219636,0.030058868858586593,-0.003406247116257129
60.0,45.40129177610549,0.0297182441469609,-0.0032039232623700775
60.1,45.40426360052019,0.029397851820723887,-0.003026975337158183
60.2,45.40720338570226,0.029095154287008065,-0.002870891634936771
60.300000000000004,45.41011290113096,0.028808065123514384,-0.0026447366988128326
60.400000000000006,45.41299370764331,0.028543591453633096,-0.0023988542128854764
60.5,45.415848066788676,0.028303706032344562,-0.0021219547984254643
60.6,45.41867843739191,0.028091510552502013,-0.001873822485245592
60.7,45.42148758844716,0.02790412830397745,-0.0016893100755584654
60.800000000000004,45.42427800127756,0.027735197296421602,-0.0016369350000492004
60.900000000000006,45.4270515210072,0.02757150379641668,-0.0017354985789006948
61.0,45.429808671386844,0.02739795393852662,-0.0019257394738583515
61.1,45.432548466780695,0.027205379991140782,-0.0021782621573211047
61.2,45.43526900477981,0.02698755377540867,-0.0024218427117321533
61.300000000000004,45.43796776015735,0.02674536950423545,-0.0027124160805566985
61.400000000000006,45.44064229710777,0.026474127896179776,-0.002989157290787973
61.5,45.44328970989739,0.026175212167100996,-0.003217928450355938
61.6,45.4459072311141,0.025853419322065398,-0.003480946934483981
61.7,45.44849257304631,0.025505324628616995,-0.0037714193845814013
61.800000000000004,45.45104310550917,0.02512818269015885,-0.004075302183247792
61.900000000000006,45.45355592377818,0.024720652471834064,-0.004348611465093762
62.0,45.456027989025365,0.024285791325324713,-0.004667024555822349
62.1,45.4584565681579,0.02381908886974247,-0.004993728894705089
62.2,45.460838477044874,0.023319715980271955,-0.005336038483594139
62.300000000000004,45.463170448642906,0.022786112131912534,-0.005672516364525783
62.400000000000006,45.46544905985609,0.022218860495459947,-0.005907137415563739
62.5,45.46767094590564,0.021628146753903607,-0.006115715189719487
62.6,45.46983376058103,0.02101657523493165,-0.00632616688465025
62.7,45.47193541810452,0.020383958546466616,-0.0065438085970680295
62.800000000000004,45.47397381395917,0.019729577686759803,-0.006687297876924398
62.900000000000006,45.47594677172785,0.019060847899067354,-0.006789263232125126
63.0,45.47785285651775,0.01838192157585488,-0.006849547909929712
63.1,45.479691048675335,0.0176969667848619,-0.0068401278144894564
63.2,45.48146074535382,0.017012954003412944,-0.006792968513850425
63.300000000000004,45.483162040754166,0.01633365715202789,-0.006750965588842557
63.400000000000006,45.48479540646937,0.015658560593143626,-0.00670053935961156
63.5,45.48636126252868,0.014988506657182508,-0.006646151108248107
63.6,45.4878601131944,0.014323891546357688,-0.006627353464713797
63.7,45.48929250234904,0.0136611561998863,-0.006539865918954076
63.800000000000004,45.490658617969025,0.013007169607990882,-0.0064856972325852535
63.900000000000006,45.491959334929824,0.012358599884732348,-0.006510950097152995
64.0,45.4931951949183,0.011707504875017085,-0.006502069533197864
64.10000000000001,45.4943659454058,0.011057297921697243,-0.006422141898254058
64.2,45.49547167519797,0.010415083731871874,-0.006330823764081075
64.3,45.49651318357115,0.009782001355463803,-0.006179253761931941
64.4,45.4974913837067,0.009164075979270556,-0.00605134954815298
64.5,45.49840779130463,0.008558941024455292,-0.005930215135072738
64.60000000000001,45.49926368540707,0.007965919510947968,-0.005861247425731617
64.7,45.50006027735817,0.00737979476837484,-0.005835877199283081
64.8,45.500798256835004,0.006796207048446565,-0.005836343734010055
64.9,45.501477877539855,0.0062125726750455095,-0.005850891980502826
65.0,45.50209913480736,0.00562748347699526,-0.005828748333215414
65.10000000000001,45.502661883155056,0.005044608643673669,-0.005812514054371064
65.2,45.50316634401943,0.004463357238236596,-0.005778348528457598
65.3,45.50361267974325,0.0038855223853908687,-0.005736766889154096
65.4,45.50400123198179,0.0033118456964754102,-0.005756290089186171
65.5,45.504332416551435,0.002736216687556826,-0.005735003404884012
65.60000000000001,45.50460603822019,0.0021627163470683756,-0.005621126243900486
65.7,45.504822309854895,0.001600603722678359,-0.005513512308366247
65.8,45.50498237022716,0.0010492524918417655,-0.0053457624007273085
65.9,45.50508729547635,0.0005146762517689891,-0.005127790573531808
66.0,45.50513876310153,1.8971944158374252e-06,-0.004822517830233659
66.10000000000001,45.505138952820964,-0.0004803545886075696,-0.004556411152142555
66.2,45.505090917362104,-0.0009359957038217992,-0.004372700774584489
66.3,45.50499731779173,-0.0013732657812802233,-0.004170939674316574
66.4,45.50485999121359,-0.0017903597487119163,-0.004109661549343999
66.5,45.504680955238726,-0.002201325903646293,-0.004057618610490864
66.60000000000001,45.50446082264836,-0.002607087764695414,-0.004010666769732033
66.7,45.50420011387189,-0.0030081544416685944,-0.00401013977908759
66.8,45.503899298427726,-0.0034091684195773305,-0.003979515153160438
66.9,45.50355838158577,-0.003807119934893408,-0.003948578621605848
67.0,45.503177669592276,-0.0042019777970539705,-0.003977974631336321
67.10000000000001,45.50275747181257,-0.004599775260187637,-0.003962114026849917
67.2,45.50229749428655,-0.004995986662872606,-0.003967892668747426
67.3,45.501797895620264,-0.005392775929747326,-0.00405753606845573
67.4,45.50125861802729,-0.0057985295365929335,-0.004100220910930171
67.5,45.50067876507363,-0.006208551627685927,-0.004082569590124363
67.60000000000001,45.500057909910865,-0.006616808586698398,-0.0040756882151088995
67.7,45.499396229052195,-0.007024377408209265,-0.004098586424106445
67.8,45.498693791311375,-0.007434236050619886,-0.0041505518118792
67.9,45.49795036770631,-0.007849291231807842,-0.004220675827263512
68.0,45.49716543858313,-0.008271358814534169,-0.004325139745576987
68.10000000000001,45.49633830270167,-0.008703872789091904,-0.0043605401027730206
68.2,45.495467915422765,-0.009139926799369182,-0.004396167514634168
68.3,45.49455392274283,-0.009579543550832573,-0.004422526320487321
68.4,45.493595968387744,-0.010021796182881343,-0.004435628308236103
68.5,45.49259378876946,-0.010465359013704928,-0.004493637627287736
68.60000000000001,45.49154725286809,-0.01091472277643374,-0.004485275458108584
68.7,45.490455780590445,-0.011363250322244573,-0.0044231647556099585
68.8,45.48931945555822,-0.011805566797805544,-0.004325298172217474
68.9,45.48813889887844,-0.012238096615027328,-0.0041541399728214495
69.0,45.486915089216936,-0.01265351061230945,-0.003955574384654346
69.10000000000001,45.48564973815571,-0.013049068050774918,-0.0036732839397295336
69.2,45.484344831350626,-0.01341639644474785,-0.0033360863017801814
69.3,45.48300319170615,-0.01375000507492585,-0.00295491619386321
69.4,45.48162819119866,-0.014045496694312196,-0.0025638818843415415
69.5,45.48022364152923,-0.014301884882746335,-0.00223620520551953
69.60000000000001,45.47879345304096,-0.014525505403298307,-0.001923148092346701
69.7,45.47734090250063,-0.014717820212532966,-0.0016236550560268293
69.8,45.47586912047937,-0.01488018571813564,-0.001370337024962699
69.9,45.47438110190756,-0.015017219420631922,-0.0011487745283157845
70.0,45.4728793799655,-0.015132096873463494,-0.0009447826751607615
70.10000000000001,45.47136617027815,-0.015226575140979578,-0.0007529844060535131
70.2,45.46984351276405,-0.015301873581584925,-0.000553152592814417
70.3,45.468313325405894,-0.015357188840866363,-0.0002754158282160185
70.4,45.46677760652181,-0.015384730423687968,2.589393366522552e-05
70.5,45.465239133479436,-0.015382141030321445,0.0002767157413819464
70.60000000000001,45.46370091937641,-0.015354469456183248,0.00046665377358733273
70.7,45.46216547243078,-0.015307804078824518,0.0006928954737626993
70.8,45.46063469202291,-0.015238514531448252,0.0008252370286950657
70.9,45.45911084056976,-0.015155990828578738,0.0009071846368209446
71.0,45.4575952414869,-0.015065272364896649,0.0009130291657400132
71.10000000000001,45.45608871425041,-0.01497396944832264,0.000881275270437005
71.2,45.45459131730558,-0.014885841921278944,0.000844995677683528
71.3,45.453102733113454,-0.014801342353510596,0.0007462578569128001
71.4,45.4516225988781,-0.01472671656781931,0.000676290609578516
71.5,45.45014992722132,-0.014659087506861462,0.0006215586578809687
71.60000000000001,45.44868401847063,-0.01459693164107336,0.0005344606677943091
71.7,45.44722432530652,-0.014543485574293932,0.00041734488392384335
71.8,45.4457699767491,-0.01450175108590155,0.00023497795858747487
71.9,45.4443198016405,-0.0144782532900428,3.3020425679842137e-05
72.0,45.4428719763115,-0.014474951247474816,-0.00010973021694458721
72.10000000000001,45.44142448118675,-0.014485924269169276,-0.00020705248767463738
72.2,45.43997588875984,-0.014506629517936739,-0.00025809335734580397
72.3,45.43852522580804,-0.014532438853671318,-0.00021554010044257007
72.4,45.43707198192268,-0.014553992863715576,-8.145632842755426e-05
72.5,45.43561658263631,-0.014562138496558331,7.562338810011539e-05
72.60000000000001,45.43416036878665,-0.01455457615774832,0.00020388963405479474
72.7,45.43270491117087,-0.014534187194342841,0.0003215372382413618
72.8,45.43125149245144,-0.014502033470518707,0.000394522970101099
72.9,45.42980128910439,-0.014462581173508593,0.0004484837981050862
73.0,45.428355030987035,-0.014417732793698087,0.0005867504562325126
73.10000000000001,45.42691325770767,-0.014359057748074831,0.0007706113641024318
73.2,45.42547735193286,-0.014281996611664592,0.0009329642617494058
73.3,45.42404915227169,-0.014188700185489657,0.0010648479019352696
73.4,45.422630282253145,-0.01408221539529612,0.0011740306136810508
73.5,45.42122206071362,-0.013964812333928022,0.0012706338513860998
73.60000000000001,45.419825579480225,-0.013837748948789402,0.0013728901540544392
73.7,45.41844180458534,-0.013700459933383966,0.0015410106752346458
73.8,45.417071758592,-0.01354635886586051,0.0017447225718129973
73.9,45.415717122705416,-0.013371886608679195,0.0019005476785493307
74.0,45.414379934044554,-0.013181831840824273,0.00202280053050721
74.10000000000001,45.41306175086047,-0.012979551787773535,0.0020734116031691716
74.2,45.41176379568169,-0.01277221062745663,0.0020539364094359276
74.3,45.41048657461894,-0.012566816986513048,0.002064800644266827
74.4,45.409229892920294,-0.012360336922086348,0.002018440046218505
74.5,45.407993859228085,-0.012158492917464509,0.0019311261834443433
74.60000000000001,45.40677800993634,-0.011965380299120058,0.0017749996597121525
74.7,45.40558147190643,-0.011787880333148853,0.0015494506385793478
74.8,45.40440268387311,-0.011632935269290927,0.0012811520546790588
74.9,45.40323939034618,-0.01150482006382301,0.0010111830296568854
75.0,45.4020889083398,-0.011403701760857327,0.0006970264852506586
75.10000000000001,45.40094853816372,-0.011333999112332255,0.00035700652088688516
75.2,45.39981513825248,-0.011298298460243569,8.381995723120766e-05
75.3,45.398685308406456,-0.011289916464520449,-0.00017233352791745914
75.4,45.39755631676,-0.011307149817312196,-0.00044039178437672584
75.5,45.396425601778276,-0.011351188995749866,-0.0007128561595394575
75.60000000000001,45.3952904828787,-0.011422474611703818,-0.0010241399982708716
75.7,45.394148235417525,-0.0115248886115309,-0.0013666157844287054
75.8,45.39299574655637,-0.011661550189973762,-0.0017011205796026274
75.9,45.39182959153738,-0.01183166224793404,-0.0020826343272021546
76.0,45.39064642531258,-0.012039925680654243,-0.0024586369710686063
76.10000000000001,45.38944243274452,-0.012285789377761125,-0.0028500309231306474
76.2,45.38821385380675,-0.012570792470074173,-0.0032188833566392057
76.3,45.386956774559735,-0.012892680805738075,-0.00349510645657037
76.4,45.38566750647916,-0.013242191451395142,-0.0036531827746743603
76.5,45.38434328733402,-0.013607509728862557,-0.0037875805812523085
76.60000000000001,45.38298253636113,-0.01398626778698782,-0.003882545104754004
76.7,45.38158390958244,-0.014374522297463199,-0.003972923960059498
76.80000000000001,45.380146457352694,-0.014771814693469183,-0.004008659917860722
76.9,45.37866927588335,-0.015172680685255232,-0.003979970963860075
77.0,45.37715200781482,-0.015570677781641217,-0.0038697383509446108
77.10000000000001,45.375594940036656,-0.01595765161673571,-0.0036898417227301476
77.2,45.37399917487498,-0.016326635789008705,-0.0035592957183655256
77.30000000000001,45.37236651129608,-0.016682565360845288,-0.003485316120222817
77.4,45.37069825475999,-0.01703109697286755,-0.003363452090547042
77.5,45.36899514506271,-0.017367442181922235,-0.003218281607625595
77.60000000000001,45.36725840084452,-0.01768927034268482,-0.0031113124857134015
77.7,45.36548947381025,-0.018000401591256144,-0.0030032283876682423
77.80000000000001,45.363689433651125,-0.018300724430022994,-0.0029000986803369
77.9,45.36185936120812,-0.018590734298056667,-0.002819820571211434
78.0,45.36000028777831,-0.018872716355177795,-0.0027015186318560384
78.10000000000001,45.358113016142795,-0.01914286821836342,-0.0025733509605036027
78.2,45.35619872932096,-0.019400203314413767,-0.002507322337384725
78.30000000000001,45.35425870898952,-0.01965093554815226,-0.0024006407669168914
78.4,45.352293615434704,-0.019890999624843936,-0.00226488920030735
78.5,45.35030451547222,-0.02011748854487466,-0.0021904630503913895
78.60000000000001,45.34829276661773,-0.020336534849913816,-0.002215427376161699
78.7,45.34625911313274,-0.020558077587529974,-0.002201201631310219
78.80000000000001,45.34420330537399,-0.020778197750661014,-0.002137338763777228
78.9,45.34212548559892,-0.020991931627038725,-0.0020547949752691822
79.0,45.34002629243622,-0.02119741112456563,-0.00209589893552887
79.10000000000001,45.33790655132376,-0.021407001018118536,-0.002186793696331311
79.2,45.33576585122195,-0.021625680387751655,-0.0023292872215894154
79.30000000000001,45.33360328318317,-0.021858609109910616,-0.0024956294709730545
79.4,45.33141742227218,-0.022108172057007908,-0.0026757540514559803
79.5,45.32920660506648,-0.02237574746215349,-0.0027816174152485496
79.60000000000001,45.326969030320264,-0.02265390920367837,-0.00287861998774101
79.7,45.3247036393999,-0.022941771202452454,-0.002963706352087186
79.80000000000001,45.32240946227965,-0.023238141837661198,-0.002959716377746892
79.9,45.32008564809589,-0.02353411347543587,-0.0029288530109297245
80.0,45.31773223674834,-0.023826998776528826,-0.0029180895334966353
80.10000000000001,45.31534953687069,-0.024118807729878514,-0.002863020234281494
80.2,45.3129376560977,-0.024405109753306647,-0.002825884405943809
80.30000000000001,45.31049714512237,-0.024687698193901052,-0.002758599106123719
80.4,45.30802837530298,-0.02496355810451341,-0.0026395366308117523
80.5,45.30553201949253,-0.02522751176759457,-0.0024355894638127683
80.60000000000001,45.30300926831577,-0.025471070713975866,-0.002226323083212566
80.7,45.300462161244376,-0.02569370302229711,-0.0020156705588815164
80.80000000000001,45.29789279094214,-0.02589527007818528,-0.001897398485459747
80.9,45.29530326393433,-0.026085009926731243,-0.001927268705972275
81.0,45.29269476294165,-0.02627773679732846,-0.0019803658438660074
81.10000000000001,45.290066989261916,-0.026475773381715077,-0.002052193251906634
81.2,45.28741941192375,-0.02668099270690573,-0.0020538781432567054
81.30000000000001,45.28475131265306,-0.026886380521231417,-0.0020435793708693927
81.4,45.28206267460094,-0.027090738458318345,-0.0020498035066212603
81.5,45.2793536007551,-0.02729571880898046,-0.0020824592363614908
81.60000000000001,45.2766240288742,-0.027503964732616626,-0.0021429632866426696
81.7,45.27387363240094,-0.02771826106128088,-0.002109622600730478
81.80000000000001,45.271101806294816,-0.027929223321353946,-0.0021120031158051466
81.9,45.26830888396268,-0.02814042363293445,-0.0020982772098749962
82.0,45.265494841599384,-0.028350251353921937,-0.0021424189870122754
82.10000000000001,45.262659816463994,-0.028564493252623183,-0.0022147132093918104
82.2,45.25980336713873,-0.02878596457356235,-0.0021291426873570455
82.30000000000001,45.25692477068137,-0.028998878842298074,-0.0019469189507812716
82.4,45.25402488279715,-0.02919357073737619,-0.0017476411781033826
82.5,45.25110552572341,-0.029368334855186518,-0.0015605381910377817
82.60000000000001,45.24816869223789,-0.02952438867429031,-0.0013829794405417508
82.7,45.24521625337046,-0.029662686618344477,-0.0011383592861994862
82.80000000000001,45.24224998470863,-0.029776522546964435,-0.0009216645499797973
82.9,45.23927233245393,-0.02986868900196241,-0.0007024965467345278
83.0,45.236285463553735,-0.02993893865663586,-0.0006039856349251456
83.10000000000001,45.23329156968807,-0.029999337220128378,-0.0004487166400176079
83.2,45.230291635966054,-0.030044208884130136,-0.0002401778921165349
83.30000000000001,45.227287215077645,-0.030068226673341792,4.114884028929661e-05
83.4,45.22428039241031,-0.030064111789312863,0.0002949958745512322
83.5,45.22127398123138,-0.03003461220185774,0.00048190726429867047
83.60000000000001,45.218270520011195,-0.02998642147542787,0.0005500533676988974
83.7,45.21527187786365,-0.029931416138657983,0.000592147016732788
83.80000000000001,45.212278736249786,-0.0298722014369847,0.000524523833013777
83.9,45.209291516106084,-0.029819749053683325,0.00040891558018981805
84.0,45.20630954120072,-0.029778857495664345,0.00023749925336989026
84.10000000000001,45.20333165545115,-0.029755107570327354,7.107675660006767e-05
84.2,45.20035614469412,-0.029747999894667348,-1.9065310419249843e-05
84.30000000000001,45.19738134470465,-0.029749906425709273,-0.00010280064469036261
84.4,45.19440635406208,-0.02976018649017831,-0.00016355746140708324
84.5,45.19143033541306,-0.029776542236319016,-0.00020121082376907079
84.60000000000001,45.18845268118943,-0.029796663318695925,-0.0002229615249797883
84.7,45.185473014857564,-0.029818959471193902,-0.0002782278183913646
84.80000000000001,45.18249111891044,-0.02984678225303304,-0.00036135602767247533
84.9,45.17950644068514,-0.029882917855800287,-0.0004307607748309137
85.0,45.17651814889956,-0.029925993933283376,-0.0004158831119130047
85.10000000000001,45.17352554950623,-0.02996758224447468,-0.0004037618340302592
85.2,45.17052879128178,-0.030007958427877703,-0.0004739849360443164
85.30000000000001,45.167527995438995,-0.03005535692148214,-0.0006106296661818195
85.4,45.16452245974685,-0.030116419888100317,-0.0007981951905109664
85.5,45.161510817758035,-0.03019623940715141,-0.0010067211948537784
85.60000000000001,45.15849119381732,-0.030296911526636796,-0.0012224974906663993
85.7,45.15546150266466,-0.03041916127570343,-0.0013987800703178983
85.80000000000001,45.152419586537086,-0.03055903928273523,-0.0015416601882663724
85.9,45.149363682608815,-0.03071320530156186,-0.0016149158527101416
86.0,45.146292362078654,-0.030874696886832864,-0.0016060186783621259
86.10000000000001,45.143204892389974,-0.03103529875466909,-0.0015528697667682217
86.2,45.14010136251451,-0.031190585731345904,-0.001493473929303259
86.30000000000001,45.13698230394137,-0.03133993312427624,-0.001476472456105688
86.4,45.13384831062894,-0.0314875803698868,-0.0014992566491636875
86.5,45.130699552591956,-0.03163750603480316,-0.001465400050920676
86.60000000000001,45.12753580198848,-0.03178404603989524,-0.001429161860998033
86.7,45.124357397384486,-0.03192696222599504,-0.0013717061590673648
86.80000000000001,45.12116470116189,-0.032064132841901787,-0.0013092909609374642
86.9,45.1179582878777,-0.032195061937995526,-0.0012335487246018662
87.0,45.1147387816839,-0.032318416810455705,-0.0011512397324741203
87.10000000000001,45.111506940002855,-0.03243354078370313,-0.0010658247556900086
87.2,45.10826358592448,-0.03254012325927212,-0.0009826469371902592
87.30000000000001,45.10500957359855,-0.032638387952991156,-0.0009247878092190879
87.4,45.10174573480325,-0.03273086673391306,-0.0008557078735782279
87.5,45.098472648129864,-0.03281643752127088,-0.0007738777753486143
87.60000000000001,45.09519100437774,-0.032893825298805746,-0.000699085454760993
87.7,45.09190162184785,-0.03296373384428184,-0.0007396223277114707
87.80000000000001,45.08860524846343,-0.033037696077052994,-0.0008575713078286739
87.9,45.085301478855726,-0.03312345320783586,-0.0009597212797625977
88.0,45.08198913353494,-0.03321942533581211,-0.0010739710175282136
88.10000000000001,45.07866719100136,-0.03332682243756494,-0.0011980837954308336
88.2,45.0753345087576,-0.03344663081710802,-0.0012854200488860172
88.30000000000001,45.07198984567589,-0.03357517282199663,-0.0012520398631742109
88.4,45.06863232839369,-0.033700376808314045,-0.0011184366575597096
88.5,45.06526229071286,-0.03381222047407001,-0.001005336401561208
88.60000000000001,45.06188106866545,-0.03391275411422614,-0.0008465084365933333
88.7,45.05848979325403,-0.03399740495788547,-0.000695522682607207
88.80000000000001,45.05509005275824,-0.034066957226146194,-0.0006482820561242255
88.9,45.05168335703563,-0.03413178543175861,-0.0006614954736972421
89.0,45.04827017849245,-0.03419793497912833,-0.0006058084622204318
89.10000000000001,45.04485038499454,-0.03425851582535038,-0.000485282500731307
89.2,45.041424533412005,-0.03430704407542351,-0.00033180470100622973
89.30000000000001,45.03799382900446,-0.034340224545524135,-0.00015736362393125653
89.4,45.03455980654991,-0.03435596090791726,-3.506921677540386e-05
89.5,45.03112421045912,-0.0343594678295948,-6.467788483607299e-06
89.60000000000001,45.027688263676154,-0.03436011460844316,3.951264813298552e-05
89.7,45.02425225221531,-0.03435616334362986,-2.473434052713064e-06
89.80000000000001,45.02081663588095,-0.034356410687035134,-4.322006072615926e-06
89.9,45.01738099481225,-0.034356842887642396,5.0218042714769783e-05
90.0,45.01394531052348,-0.03435182108337092,9.630924077615744e-05
90.10000000000001,45.01051012841514,-0.0343421901592933,0.00014212067509685708
90.2,45.00707590939921,-0.03432797809178362,0.0002533087704146903
90.30000000000001,45.00364311159004,-0.034302647214742146,0.00046276015499095567
90.4,45.000212846868564,-0.03425637119924305,0.0007167852264980115
90.5,44.99678720974864,-0.034184692676593256,0.0008830670434072732
90.60000000000001,44.99336874048098,-0.03409638597225252,0.0010236640103377407
90.7,44.989959101883755,-0.03399401957121875,0.0010813404813312993
90.80000000000001,44.98655969992663,-0.033885885523085614,0.0012029309773187852
90.9,44.983171111374325,-0.03376559242535374,0.0012360272721188151
91.0,44.979794552131786,-0.03364198969814187,0.001266602831632674
91.10000000000001,44.97643035316197,-0.03351532941497859,0.0013123464639260753
91.2,44.97307882022048,-0.03338409476858599,0.0013311981854032932
91.30000000000001,44.96974041074362,-0.03325097495004565,0.0013273064860992783
91.4,44.96641531324861,-0.03311824430143573,0.0012744871805576321
91.5,44.96310348881847,-0.03299079558337997,0.0012484215670243899
91.60000000000001,44.95980440926013,-0.03286595342667752,0.001263739506153774
91.7,44.956517813917465,-0.03273957947606215,0.0012572957058446976
91.80000000000001,44.95324385596986,-0.03261384990547767,0.0012656461620951685
91.9,44.94998247097931,-0.03248728528926816,0.001229865344569495
92.0,44.946733742450384,-0.03236429875481122,0.0012116162270751568
92.10000000000001,44.9434973125749,-0.032243137132103694,0.0012002818501708607
92.2,44.940272998861694,-0.032123108947086615,0.001196025612919089
92.30000000000001,44.937060687966984,-0.032003506385794696,0.0012507258432650787
92.4,44.933860337328404,-0.031878433801468195,0.001290990835598267
92.5,44.93067249394826,-0.031749334717908376,0.0013519571461191133
92.60000000000001,44.92749756047647,-0.03161413900329645,0.001426859745213433
92.7,44.92433614657614,-0.03147145302877512,0.0015237800765680132
92.80000000000001,44.921189001273255,-0.0313190750211183,0.0016614812234543976
92.9,44.91805709377115,-0.031152926898772873,0.0017743164003630708
93.0,44.91494180108127,-0.030975495258736576,0.0018625697634365593
93.10000000000001,44.911844251555394,-0.030789238282392904,0.0019889559161603587
93.2,44.90876532772716,-0.03059034269077688,0.0020973126315449193
93.30000000000001,44.90570629345808,-0.03038061142762237,0.0022170181981906677
93.4,44.902668232315314,-0.030158909607803316,0.002352050087841973
93.5,44.89965234135454,-0.029923704599019132,0.0024898426062687105
93.60000000000001,44.89665997089463,-0.02967472033839224,0.002567553900275778
93.7,44.893692498860794,-0.029417964948364676,0.002593908180611123
93.80000000000001,44.890750702365956,-0.029158574130303542,0.002541271731252992
93.9,44.88783484495293,-0.028904446957178257,0.002529927154547173
94.0,44.88494440025721,-0.028651454241723554,0.0025244579428527966
94.10000000000001,44.88207925483304,-0.028399008447438253,0.002604065262140779
94.2,44.8792393539883,-0.02813860192122419,0.0027691144942673385
94.30000000000001,44.87642549379617,-0.027861690471797432,0.0029803243178494784
94.4,44.87363932474899,-0.0275636580400125,0.0032320732773664686
94.5,44.87088295894499,-0.027240450712275873,0.003503983814224488
94.60000000000001,44.86815891387376,-0.026890052330853394,0.003824665290241428
94.7,44.86546990864068,-0.026507585801829273,0.004181499158291334
94.80000000000001,44.862819150060496,-0.026089435886000104,0.004535728499543716
94.9,44.8602102064719,-0.02563586303604576,0.004946638756973338
95.0,44.85764662016829,-0.025141199160348453,0.005373161389805897
95.10000000000001,44.85513250025225,-0.024603883021367817,0.005769454961733285
95.2,44.85267211195012,-0.02402693752519452,0.006058448840873847
95.30000000000001,44.8502694181976,-0.023421092641107085,0.006233890298627366
95.4,44.847927308933485,-0.022797703611244384,0.006435029462371919
95.5,44.845647538572365,-0.02215420066500723,0.006653359305014173
95.60000000000001,44.843432118505866,-0.021488864734505755,0.006800045669169251
95.7,44.84128323203241,-0.02080886016758887,0.006984527343065824
95.80000000000001,44.839202346015654,-0.020110407433282226,0.0071597318409346
95.9,44.83719130527233,-0.019394434249188807,0.0073394754376212784
96.0,44.835251861847404,-0.01866048670542672,0.007506898552867276
96.10000000000001,44.83338581317686,-0.01790979685013993,0.007591084153580217
96.2,44.83159483349185,-0.01715068843478195,0.0076256297260482876
96.30000000000001,44.829879764648375,-0.016388125462177057,0.007585461096185368
96.4,44.828240952102156,-0.015629579352558563,0.007571956353691671
96.5,44.8266779941669,-0.01487238371718944,0.007578803537892898
96.60000000000001,44.82519075579518,-0.014114503363400085,0.007634981671380166
96.7,44.82377930545884,-0.013351005196262112,0.007731979966190666
96.80000000000001,44.82244420493922,-0.012577807199642979,0.007841356451004379
96.9,44.82118642421925,-0.011793671554542586,0.00799943591483001
97.0,44.8200070570638,-0.01099372796305963,0.008138573995237486
97.10000000000001,44.81890768426749,-0.010179870563535812,0.008160129090219419
97.2,44.817889697211136,-0.009363857654513917,0.008186441015223565
97.30000000000001,44.81695331144569,-0.00854521355299149,0.008210197452880586
97.4,44.816098790090386,-0.007724193807703479,0.008258089022462648
97.5,44.81532637070961,-0.006898384905457261,0.008255488024665875
97.60000000000001,44.81463653221907,-0.006072836102990603,0.008169178521745462
97.7,44.81402924860877,-0.005255918250816103,0.008068594858052221
97.80000000000001,44.81350365678369,-0.004449058765010812,0.008036003186019334
97.9,44.81305875090719,-0.0036454584464089244,0.00806413568047629
98.0,44.81269420506255,-0.0028390448783613413,0.008051164409443978
98.10000000000001,44.81241030057471,-0.002033928437416875,0.008110612543434382
98.2,44.81220690773097,-0.0012228671830734827,0.008149559823690665
98.30000000000001,44.81208462101266,-0.0004079112007043467,0.008220928089430899
98.4,44.81204382989259,0.0004141816082386964,0.008266786285341401
98.5,44.812085248053414,0.0012408602367727896,0.008249921195116435
98.60000000000001,44.81220933407709,0.0020658523562845036,0.008245967680880172
98.7,44.81241591931272,0.002890449124372474,0.008187733450944762
98.80000000000001,44.812704964225155,0.00370922246946702,0.00811617998416451
98.9,44.813075886472106,0.004520840467883425,0.008040618882149821
99.0,44.81352797051889,0.005324902356098361,0.007982437469532443
99.10000000000001,44.814060460754504,0.006123146103051673,0.007987238032181281
99.2,44.814672775364805,0.006921869906269756,0.00797674918210613
99.30000000000001,44.81536496235543,0.007719544824480437,0.007968441764348995
99.4,44.816136916837884,0.008516389000915291,0.008014156736689317
99.5,44.81698855573797,0.009317804674584177,0.008106583278696768
99.60000000000001,44.81792033620543,0.010128463002453923,0.008265567912154397
99.7,44.818933182505674,0.010955019793669316,0.008452004237728518
99.80000000000001,44.820028684485045,0.01180022021744224,0.008637161115840243
99.9,44.82120870650679,0.012663936329026215,0.008856773600959319
100.0,44.82247510013969,0.013549613689122096,0.009085833526448194
100.10000000000001,44.8238300615086,0.014458197041766993,0.009339965747750006
100.2,44.82527588121278,0.015392193616541941,0.00963198627326031
100.30000000000001,44.826815100574436,0.016355392243868054,0.009816620797634682
100.4,44.828450639798824,0.017337054323631466,0.009919819362947018
100.5,44.83018434523118,0.018329036259926112,0.009940443974432047
100.60000000000001,44.83201724885718,0.0193230806573694,0.009982723367138539
100.7,44.83394955692292,0.0203213529940832,0.010073077176505534
100.80000000000001,44.83598169222232,0.021328660711733838,0.010152480106194692
100.9,44.8381145582935,0.02234390872235325,0.010238415715233219
101.0,44.84034894916573,0.023367750293876513,0.010352606244093244
101.10000000000001,44.84268572419512,0.024403010918285926,0.010508239598080872
101.2,44.845126025286945,0.025453834878093953,0.010662211133696108
101.30000000000001,44.84767140877476,0.026520055991463655,0.010865250654201561
101.4,44.850323414373904,0.02760658105688375,0.010976938623648881
101.5,44.85308407247959,0.028704274919248575,0.01105576204091008
101.60000000000001,44.85595449997152,0.029809851123339677,0.011115581807080659
101.7,44.85893548508385,0.03092140930404768,0.011161074618399552
101.80000000000001,44.86202762601425,0.03203751676588773,0.01125304845183578
101.9,44.86523137769085,0.033162821611071244,0.011271235941462761
102.0,44.86854765985195,0.034289945205217456,0.011195617250702675
102.10000000000001,44.871976654372475,0.03540950693028782,0.011067414737613237
102.2,44.875517605065504,0.03651624840404908,0.010889216816573873
102.30000000000001,44.879169229905905,0.03760517008570656,0.0106811837202468
102.4,44.88292974691448,0.03867328845773118,0.010531437621601235
102.5,44.88679707576025,0.03972643221989124,0.010354857220825164
102.60000000000001,44.89076971898224,0.04076191794197385,0.010163207988129567
102.7,44.89484591077644,0.04177823874078675,0.009966827823384827
102.80000000000001,44.89902373465051,0.042774921523125314,0.009766114325585537
102.9,44.903301226802824,0.04375153295568381,0.009545728175109196
103.0,44.907676380098394,0.04470610577319468,0.009400172325883142
103.10000000000001,44.912146990675716,0.04564612300578307,0.009231283011533652
103.2,44.91671160297629,0.046569251306936385,0.00905772818844893
103.30000000000001,44.92136852810699,0.047475024125781355,0.008866235186250923
103.4,44.926116030519566,0.0483616476444064,0.008725802694159259
103.5,44.93095219528401,0.04923422791382227,0.0085282518804981
103.60000000000001,44.935875618075386,0.050087053101872156,0.008361820021953448
103.7,44.940884323385575,0.05092323510406745,0.008242189408054204
103.80000000000001,44.945976646895986,0.051747454044872944,0.008083062757502897
103.9,44.95115139230047,0.05255576032062319,0.007936803571592481
104.0,44.95640696833253,0.05334944067778239,0.0077913903969638616
104.10000000000001,44.96174191240031,0.05412857971747884,0.007575937817400152
104.2,44.967154770372055,0.054886173499218815,0.00735622824230196
104.30000000000001,44.97264338772198,0.055621796323449074,0.007181796900272631
104.4,44.97820556735432,0.056339976013476296,0.007031932053060183
104.5,44.98383956495567,0.057043169218782275,0.006896572019145822
104.60000000000001,44.98954388187755,0.057732826420696916,0.006784169022548245
104.7,44.99531716451962,0.0584112433229517,0.006768980505803316
104.80000000000001,45.00115828885192,0.05908814137353209,0.006778095576270748
104.9,45.00706710298927,0.05976595093115913,0.006746712342593117
105.0,45.013043698082384,0.0604406221654184,0.006731421525739462
105.10000000000001,45.01908776029893,0.061113764317992404,0.0067238368715650055
105.2,45.02519913673073,0.061786148005148867,0.006750355563322395
105.30000000000001,45.03137775153124,0.062461183561481164,0.006800650818317057
105.4,45.03762386988739,0.06314124864331283,0.006896939252377641
105.5,45.04393799475172,0.06383094256855056,0.006931039176834678
105.60000000000001,45.05032108900858,0.06452404648623408,0.006934232761371095
105.7,45.0567734936572,0.06521746976237115,0.006976995598378487
105.80000000000001,45.06329524063344,0.06591516932220906,0.006990572018249605
105.9,45.069886757565655,0.06661422652403398,0.0069552020809347595
106.0,45.07654818021806,0.06730974673212742,0.006814814838589341
106.10000000000001,45.08327915489127,0.06799122821598641,0.006627004507410399
106.2,45.09007827771287,0.06865392866672741,0.0065352053011936955
106.30000000000001,45.09694367057954,0.06930744919684684,0.006469355334382899
106.4,45.10387441549923,0.06995438473028509,0.006403249044905721
106.5,45.110869853972254,0.07059470963477563,0.006427514352417153
106.60000000000001,45.11792932493574,0.0712374610700174,0.006496524408283974
106.7,45.125053071042736,0.07188711351084576,0.0066230746802163525
106.80000000000001,45.13224178239382,0.07254942097886745,0.006648642904610553
106.9,45.13949672449171,0.07321428526932847,0.006643636307357248
107.0,45.14681815301864,0.07387864890006415,0.006585242217636005
107.10000000000001,45.15420601790865,0.07453717312182781,0.006536013060179462
107.2,45.16165973522083,0.07519077442784572,0.00657276746432719
107.30000000000001,45.16917881266362,0.0758480511742785,0.00663402842311363
107.4,45.17676361778104,0.07651145401658982,0.006748007117341576
107.5,45.1844147631827,0.07718625472832394,0.00677348581790344
107.60000000000001,45.192133388655535,0.07786360331011434,0.006797264182730714
107.7,45.199919748986545,0.07854332972838737,0.006807171792995839
107.80000000000001,45.207774081959386,0.07922404690768702,0.006803615626729513
107.9,45.21569648665015,0.07990440847035993,0.006859406186582847
108.0,45.22368692749719,0.08059034908901817,0.006920603102679966
108.10000000000001,45.23174596240609,0.08128240939928623,0.006991558572144155
108.2,45.23987420334602,0.0819815652565006,0.00701658595642511
108.30000000000001,45.24807235987167,0.08268322385214318,0.0069973679225337855
108.4,45.256340682256884,0.08338296064439651,0.00691303223578033
108.5,45.26467897832132,0.08407426386797451,0.006787389316103541
108.60000000000001,45.273086404708124,0.08475300279958492,0.0066801757720274715
108.7,45.28156170498808,0.08542102037678763,0.00657134365908168
108.80000000000001,45.29010380702576,0.08607815474269585,0.006494860136812922
108.9,45.29871162250003,0.08672764075637711,0.006411193922983786
109.0,45.30738438657566,0.08736876014867545,0.0062914251706199156
109.10000000000001,45.316121262590535,0.0879979026657375,0.006191604198802289
109.2,45.32492105285711,0.08861706308561769,0.006086950581015752
109.30000000000001,45.33378275916567,0.08922575814371932,0.005953173420090363
109.4,45.34270533498004,0.08982107548572832,0.005822624867494517
109.5,45.351687442528615,0.09040333797247774,0.005772452860751739
109.60000000000001,45.36072777632586,0.09098058325855296,0.005822451019043882
109.7,45.369825834651714,0.09156282836045732,0.005833380518905698
109.80000000000001,45.378982117487766,0.09214616641234794,0.005772847488772681
109.9,45.388196734129,0.09272345116122517,0.005696216734684308
110.0,45.39746907924512,0.09329307283469357,0.005552249704962679
110.10000000000001,45.406798386528585,0.09384829780518988,0.005422342522571097
110.2,45.41618321630911,0.09439053205744696,0.005299589625482984
110.30000000000001,45.425622269514854,0.0949204910199953,0.005177529191450358
110.4,45.435114318616854,0.09543824393914031,0.005102902526879656
110.5,45.44465814301076,0.09594853419182825,0.005136253209402897
110.60000000000001,45.45425299642995,0.09646215951276858,0.005180958229173433
110.7,45.46389921238123,0.0969802553356859,0.00514549782619248
110.80000000000001,45.473597237914795,0.09749480511830519,0.005103644343910375
110.9,45.483346718426624,0.0980051695526962,0.0050682542548379055
111.0,45.49314723538189,0.09851199497817996,0.005054073417682505
111.10000000000001,45.502998434879714,0.09901740231994825,0.004979744085418935
111.2,45.51290017511171,0.09951537672849012,0.004820918235135535
111.30000000000001,45.52285171278456,0.09999746855200371,0.0046751754267219826
111.4,45.53285145963976,0.10046498609467588,0.004635265954566467
111.5,45.54289795824922,0.1009285126901325,0.004565021921915823
111.60000000000001,45.552990809518235,0.10138501488232413,0.0044422936701773745
111.7,45.56312931100647,0.10182924424934184,0.004280256926361743
111.80000000000001,45.5733122354314,0.10225726994197805,0.004044228452304379
111.9,45.5835379624256,0.10266169278720846,0.0038236726994481892
112.0,45.593804131704324,0.10304406005715326,0.003591278445357448
112.10000000000001,45.60410853771004,0.10340318790168904,0.0033272325877869106
112.2,45.6144488565002,0.10373591116046771,0.0030048297019559735
112.30000000000001,45.62482244761625,0.10403639413066333,0.0027219566142375356
112.4,45.63522608702932,0.10430858979208707,0.00256920717667198
112.5,45.64565694600853,0.10456551050975425,0.002428448772375595
112.60000000000001,45.65611349705951,0.10480835538699183,0.002210188733872535
112.7,45.6665943325982,0.10502937426037907,0.0019997643442345686
112.80000000000001,45.67709727002424,0.10522935069480255,0.0017561655962355536
112.9,45.68762020509372,0.1054049672544261,0.0014881401008946262
113.0,45.69816070181916,0.10555378126451555,0.0012146107577768257
113.10000000000001,45.70871607994562,0.10567524234029324,0.0009804861784699084
113.2,45.719283604179644,0.10577329095814023,0.0007876153438309714
113.30000000000001,45.72986093327546,0.10585205249252333,0.0006633560568246699
113.4,45.74044613852471,0.10591838809820579,0.0006181663851960802
113.5,45.75103797733453,0.1059802047367254,0.000637026606879283
113.60000000000001,45.761635997808206,0.10604390739741333,0.0006844342595481834
113.7,45.77224038854794,0.10611235082336815,0.0006554637397616355
113.80000000000001,45.782851623630286,0.10617789719734431,0.0005723758705367447
113.9,45.79346941335002,0.10623513478439799,0.00046414871322899984
114.0,45.80409292682845,0.10628154965572088,0.00027292755623712256
114.10000000000001,45.814721081794026,0.1063088424113446,-1.4548291027428322e-05
114.2,45.825351966035164,0.10630738758224186,-0.0003091215437264497
114.30000000000001,45.83598270479339,0.10627647542786921,-0.0006054394334280632
114.4,45.84661035233617,0.1062159314845264,-0.0009355099991457093
114.5,45.85723194548463,0.10612238048461184,-0.001226700470160109
114.60000000000001,45.86784418353309,0.10599971043759582,-0.0014508195452563868
114.7,45.87844415457685,0.10585462848307019,-0.001657980561697578
114.80000000000001,45.88902961742515,0.10568883042690042,-0.0018798826315474485
114.9,45.899598500467846,0.10550084216374568,-0.0021354966446826378
115.0,45.910148584684215,0.10528729249927743,-0.0024116539344985087
115.10000000000001,45.92067731393415,0.10504612710582756,-0.0026950906900577586
115.2,45.931181926644726,0.1047766180368218,-0.00304815985105943
115.30000000000001,45.94165958844841,0.10447180205171583,-0.003392902465738422
115.4,45.952106768653586,0.104132511805142,-0.0036953090886984053
115.5,45.962520019834095,0.10376298089627219,-0.003962863886836721
115.60000000000001,45.97289631792373,0.10336669450758848,-0.004213943597548665
115.7,45.983232987374485,0.10294530014783364,-0.004455870954250993
115.80000000000001,45.99352751738927,0.1024997130524085,-0.004691566609360809
115.9,46.00377748869451,0.10203055639147245,-0.004896269402675236
116.0,46.013980544333656,0.10154092945120495,-0.005142718060594497
116.10000000000001,46.02413463727878,0.10102665764514546,-0.005528654802394626
116.2,46.03423730304329,0.10047379216490603,-0.005947849250045093
116.30000000000001,46.04428468225978,0.09987900723990147,-0.0063444069293877026
116.4,46.05427258298377,0.09924456654696273,-0.006734883176378014
116.5,46.064197039638465,0.09857107822932497,-0.00716206128399019
116.60000000000001,46.0740541474614,0.09785487210092589,-0.007676603179059291
116.7,46.08383963467149,0.09708721178302,-0.008192763414099353
116.80000000000001,46.0935483558498,0.09626793544161,-0.008659907897192252
116.9,46.103175149393955,0.09540194465189082,-0.00903071334255083
117.0,46.11271534385914,0.09449887331763579,-0.009372797016583728
117.10000000000001,46.122165231190905,0.09356159361597734,-0.009704929770001782
117.2,46.13152139055251,0.09259110063897721,-0.010087386422437089
117.30000000000001,46.1407805006164,0.09158236199673342,-0.010419739555052774
117.4,46.149938736816075,0.0905403880412282,-0.010670771621783866
117.5,46.1589927756202,0.08947331087904987,-0.010886464516057558
117.60000000000001,46.1679401067081,0.08838466442744403,-0.01108940164800378
117.7,46.17677857315085,0.08727572426264371,-0.011276200164713767
117.80000000000001,46.185506145577115,0.08614810424617224,-0.011499655142663922
117.9,46.19412095600173,0.08499813873190591,-0.01171300244313192
118.0,46.20262076987492,0.08382683848759279,-0.011865303732525133
118.10000000000001,46.21100345372368,0.08264030811434017,-0.012001308809626287
118.2,46.219267484535116,0.08144017723337761,-0.012119204968495882
118.30000000000001,46.227411502258455,0.08022825673652792,-0.012253586592479996
118.4,46.235434327932104,0.07900289807727999,-0.0123736387735253
118.5,46.24333461773983,0.07776553419992753,-0.012454634410830244
118.60000000000001,46.25111117115983,0.0765200707588444,-0.012476575169153585
118.7,46.25876317823571,0.07527241324192911,-0.012456679631142518
118.80000000000001,46.2662904195599,0.07402674527881475,-0.012419847265459095
118.9,46.27369309408778,0.07278476055226892,-0.012371766138182675
119.0,46.28097157014301,0.07154758393845072,-0.01230558093427917
119.10000000000001,46.288126328536855,0.0703170258450227,-0.012217534896837995
119.2,46.29515803112136,0.06909527235533897,-0.012191323844787176
119.30000000000001,46.302067558356896,0.06787613997086014,-0.012134815082253805
119.4,46.30885517235398,0.06666265846263483,-0.012044199080251386
119.5,46.31552143820024,0.06545823855460976,-0.012005773133661971
119.60000000000001,46.322067262055704,0.06425766124124346,-0.011980085120280719
119.7,46.32849302817983,0.06305965272921546,-0.011909986562318618
119.80000000000001,46.33479899345275,0.061868654072983496,-0.011847164460442573
119.9,46.340985858860044,0.060683937626939306,-0.011754423068653557
120.0,46.34705425262274,0.05950849532007402,-0.011556860781510636
120.10000000000001,46.35300510215475,0.058352809241922855,-0.011265109485395374
120.2,46.35884038307894,0.05722629829338338,-0.010930406097119134
120.30000000000001,46.36456301290828,0.056133257683671375,-0.010621221762784329
120.4,46.37017633867664,0.055071135507393,-0.010293498650212578
120.5,46.375683452227385,0.054041785642371803,-0.00999995918894795
120.60000000000001,46.381087630791626,0.05304178972347692,-0.00965203359748499
120.7,46.38639180976397,0.05207658636372848,-0.009341895199304168
120.80000000000001,46.391599468400344,0.05114239684379798,-0.009058514658468146
120.9,46.396713708084725,0.05023654537795122,-0.008759717508762267
121.0,46.40173736262252,0.04936057362707504,-0.008418558336840385
121.10000000000001,46.406673419985225,0.04851871779339093,-0.008123039876303712
121.2,46.41152529176456,0.04770641380576061,-0.007846566659716222
121.30000000000001,46.41629593314514,0.04692175713978892,-0.007460814464509421
121.4,46.42098810885912,0.04617567569333802,-0.007013221405116812
121.5,46.425605676428454,0.04547435355282638,-0.006531229238595086
121.60000000000001,46.43015311178374,0.04482123062896681,-0.0060435744392377914
121.7,46.43463523484663,0.04421687318504307,-0.005575472860445348
121.80000000000001,46.439056922165136,0.043659325898998486,-0.005189605227461872
121.9,46.443422854755035,0.04314036537625233,-0.004857626231081836
122.0,46.447736891292664,0.04265460275314417,-0.004524160320532838
122.10000000000001,46.45200235156798,0.04220218672109085,-0.004195033796813327
122.2,46.45622257024009,0.04178268334140954,-0.0038972559316915465
122.30000000000001,46.46040083857423,0.04139295774824035,-0.003593117606537559
122.4,46.46454013434905,0.04103364598758662,-0.003258068699448271
122.5,46.468643498947806,0.04070783911764181,-0.0029079470595457253
122.60000000000001,46.47271428285957,0.04041704441168721,-0.0025596952763436223
122.7,46.47675598730074,0.040161074884052864,-0.0022485990792408565
122.80000000000001,46.480772094789145,0.03993621497612876,-0.0019297357970299704
122.9,46.48476571628676,0.03974324139642577,-0.0016591439897541387
123.0,46.4887400404264,0.03957732699745037,-0.0013741430481925077
123.10000000000001,46.492697773126146,0.039439912692631106,-0.0011841626723006738
123.2,46.49664176439541,0.039321496425401045,-0.0010051736329412368
123.30000000000001,46.50057391403795,0.03922097906210691,-0.0008584801947071413
123.4,46.50449601194416,0.039135131042636204,-0.000727545477583302
123.5,46.50840952504843,0.03906237649487788,-0.0006590459334852993
123.60000000000001,46.51231576269792,0.03899647190152934,-0.0006021766827901324
123.7,46.51621540988807,0.03893625423325033,-0.0005762099097810844
123.80000000000001,46.52010903531139,0.03887863324227222,-0.0005272184204429009
123.9,46.523996898635616,0.03882591140022793,-0.00047170430958617856
124.0,46.52787948977564,0.03877874096926932,-0.0003850306120938373
124.10000000000001,46.53175736387257,0.03874023790805993,-0.0003056645360171619
124.2,46.53563138766337,0.038709671454458215,-0.00022430839121787867
124.30000000000001,46.53950235480882,0.038687240615336425,-9.952731436627681e-05
124.4,46.54337107887035,0.0386772878838998,-6.025243810645407e-05
124.5,46.547238807658744,0.03867126264008915,-9.509191076693146e-05
124.60000000000001,46.551105933922756,0.03866175344901246,-0.00016133434118840523
124.7,46.55497210926765,0.03864562001489362,-0.00022650976600172855
124.80000000000001,46.55883667126914,0.038622969038293445,-0.00030112304892764333
124.9,46.562698968172974,0.03859285673340068,-0.0003514346931944085
125.0,46.56655825384631,0.03855771326408124,-0.0004762115304579883
125.10000000000001,46.570414025172724,0.03851009211103544,-0.0005139028167064644
125.2,46.57426503438382,0.0384587018293648,-0.000576886113702136
125.30000000000001,46.57811090456676,0.03840101321799458,-0.0007293669134237205
125.4,46.58195100588856,0.03832807652665221,-0.0009198390014941544
125.5,46.58578381354123,0.0382360926265028,-0.0010947919318019428
125.60000000000001,46.58960742280387,0.0381266134333226,-0.0012162206154884417
125.7,46.593420084147205,0.03800499137177376,-0.0013294761446116636
125.80000000000001,46.59722058328438,0.03787204375731258,-0.001447941571549676
125.9,46.601007787660116,0.03772724960015762,-0.0015539235419918995
126.0,46.60478051262013,0.03757185724595844,-0.0016866994661161128
126.10000000000001,46.608537698344726,0.037403187299346816,-0.0017992974899086103
126.2,46.612278017074665,0.037223257550355965,-0.0019277273784606718
126.30000000000001,46.6160003428297,0.03703048481250988,-0.002025792657881058
126.4,46.61970339131095,0.03682790554672179,-0.0020608970640872753
126.5,46.62338618186562,0.03662181584031307,-0.002044350508489632
126.60000000000001,46.62704836344965,0.03641738078946409,-0.0020339810223111063
126.7,46.6306901015286,0.03621398268723299,-0.001991008533099342
126.80000000000001,46.63431149979732,0.03601488183392304,-0.0019087975683771937
126.9,46.63791298798071,0.03582400207708533,-0.0017885817511313258
127.0,46.641495388188424,0.03564514390197221,-0.001647873678727178
127.10000000000001,46.64505990257862,0.03548035653409948,-0.001476102368555985
127.2,46.64860793823203,0.03533274629724389,-0.0012654602915446486
127.30000000000001,46.65214121286176,0.03520620026808941,-0.001043760016856608
127.4,46.65566183288856,0.03510182426640376,-0.0008857209393343755
127.5,46.65917201531521,0.035013252172470324,-0.0006514689698326886
127.60000000000001,46.66267334053245,0.03494810527548705,-0.0004325822605851206
127.7,46.66616815106,0.03490484704942854,-0.00022474393525302199
127.80000000000001,46.66965863576495,0.034882372655903236,-7.977888198382642e-05
127.9,46.67314687303053,0.034874394767704854,6.010101182119318e-05
128.0,46.6766343125073,0.03488040486888697,0.0002263013872489662
128.1,46.68012235299419,0.03490303500761187,0.00037628302796284313
128.20000000000002,46.68361265649495,0.03494066331040816,0.0005423140960552106
128.3,46.687106722825995,0.03499489472001368,0.00072238600637553
128.4,46.69060621229799,0.03506713332065123,0.0009642416605483977
128.5,46.69411292563006,0.03516355748670606,0.0012004166282197904
128.6,46.69762928137873,0.035283599149528035,0.0014113185813651157
128.70000000000002,46.70115764129368,0.03542473100766458,0.0016273736167368945
128.8,46.70470011439445,0.03558746836933826,0.0018962384671457023
128.9,46.708258861231386,0.03577709221605282,0.0022417383359696922
129.0,46.71183657045299,0.036001266049649774,0.002564877011053894
129.1,46.71543669705795,0.03625775375075515,0.002902676355084447
129.20000000000002,46.71906247243303,0.03654802138626366,0.003161592414741606
129.3,46.72271727457166,0.0368641806277378,0.0033087804381604575
129.4,46.72640369263443,0.03719505867155383,0.003372823897941965
129.5,46.73012319850159,0.03753234106134801,0.003374371392844533
129.6,46.73387643260772,0.03786977820063244,0.003342453906150445
129.70000000000002,46.737663410427785,0.03820402359124756,0.003317634363365679
129.8,46.74148381278691,0.03853578702758411,0.0032516364439586403
129.9,46.74533739148967,0.038860950671979956,0.0031757673725707203
130.0,46.749223486556865,0.03917852740923701,0.003153503044625901
130.1,46.75314133929779,0.03949387771369958,0.0031430696422571833
130.20000000000002,46.75709072706916,0.03980818467792537,0.003071063256983622
130.3,46.76107154553695,0.04011529100362372,0.0029435694143203498
130.4,46.76508307463731,0.040409647945055735,0.0027672443071670625
130.5,46.769124039431816,0.040686372375772425,0.0026104302621715687
130.6,46.773192676669396,0.04094741540198957,0.0024804065317719
130.70000000000002,46.777287418209596,0.041195456055166814,0.002275269392504252
130.8,46.781406963815115,0.041422982994417226,0.002110016227577625
130.9,46.78554926211456,0.04163398461717498,0.0019753889261311676
131.0,46.78971266057627,0.04183152350978808,0.0017880855679300635
131.1,46.793895812927246,0.04201033206658108,0.0015123569443612653
131.20000000000002,46.79809684613391,0.04216156776101724,0.0012148348607737831
131.3,46.80231300291001,0.04228305124709461,0.0009469265324435327
131.4,46.80654130803472,0.04237774390033896,0.0006840999319758901
131.5,46.81077908242475,0.042446153893536544,0.0004251821450279822
131.6,46.815023697814105,0.04248867210803934,0.00018280917953586445
131.70000000000002,46.81927256502491,0.04250695302599293,-3.298070109729511e-05
131.8,46.82352326032751,0.0425036549558832,-0.00028125903548782905
131.9,46.8277736258231,0.04247552905233442,-0.0005497467899537624
132.0,46.83202117872833,0.042420554373339046,-0.0008106338571619204
132.1,46.83626323416566,0.04233949098762286,-0.0010260791646374721
132.20000000000002,46.84049718326443,0.04223688307115909,-0.001281097140546434
132.3,46.844720871571546,0.04210877335710445,-0.0015300518197242272
132.4,46.848931748907255,0.04195576817513204,-0.0016972174310359294
132.5,46.85312732572477,0.041786046432028455,-0.0019014847844440017
132.6,46.85730593036797,0.041595897953584066,-0.002138524417719181
132.70000000000002,46.86146552016333,0.0413820455118121,-0.0023585520533771173
132.8,46.86560372471451,0.0411461903064744,-0.0024638194112376623
132.9,46.869718343745156,0.04089980836535065,-0.0025588893256431387
133.0,46.873808324581695,0.04064391943278635,-0.002625453866525334
133.1,46.87787271652497,0.04038137404613383,-0.002703573319816226
133.20000000000002,46.88191085392958,0.040111016714152146,-0.002720088481984339
133.3,46.885921955601,0.03983900786595373,-0.002669035258299284
133.4,46.88990585638759,0.039572104340123815,-0.002604714608439316
133.5,46.89386306682161,0.0393116328792799,-0.0025436216791696665
133.6,46.89779423010953,0.039057270711362946,-0.002441017646773805
133.70000000000002,46.901699957180675,0.03881316894668551,-0.002277571163953875
133.8,46.90558127407534,0.038585411830290135,-0.002149758603458754
133.9,46.90943981525837,0.03837043596994427,-0.002053588072854404
134.0,46.91327685885536,0.03816507716265884,-0.0019613201781381183
134.1,46.91709336657163,0.03796894514484504,-0.0018404785550640824
134.20000000000002,46.920890261086114,0.03778489728933859,-0.0017857355068035307
134.3,46.92466875081505,0.03760632373865825,-0.0018528490915085626
134.4,46.92842938318891,0.037421038829507404,-0.00193034781149498
134.5,46.93217148707186,0.03722800404835792,-0.0019029492517534357
134.6,46.9358942874767,0.037037709123182584,-0.0018401229285124727
134.70000000000002,46.939598058389016,0.036853696830331295,-0.0018004051888628383
134.8,46.94328342807205,0.03667365631144502,-0.0017460423595389318
134.9,46.946950793703195,0.03649905207549114,-0.0017584043309827907
135.0,46.95060069891075,0.03632321164239287,-0.001799037209587356
135.1,46.95423302007499,0.036143307921434144,-0.0017888344063839252
135.20000000000002,46.95784735086713,0.03596442448079571,-0.0018148354526736554
135.3,46.961443793315205,0.035782940935528355,-0.0017881157584052527
135.4,46.96502208740876,0.03560412935968784,-0.0017083264420040684
135.5,46.96858250034473,0.03543329671548744,-0.001608095931885886
135.6,46.972125830016275,0.035272487122298864,-0.001471557326891705
135.70000000000002,46.975653078728506,0.03512533138960966,-0.0012917003486891162
135.8,46.97916561186747,0.034996161354740755,-0.0011019147115373595
135.9,46.98266522800294,0.034885969883587026,-0.0009218373705299595
136.0,46.9861538249913,0.034793786146534035,-0.000766136083008894
136.1,46.989633203605955,0.03471717253823315,-0.0006287522099505213
136.20000000000002,46.99310492085978,0.034654297317238084,-0.0005769986813802442
136.3,46.996570350591504,0.03459659744910006,-0.0005318374347558105
136.4,47.00003001033641,0.034543413705624484,-0.0004673044995060204
136.5,47.00348435170697,0.034496683255673885,-0.00042754688330109633
136.6,47.00693402003254,0.03445392856734378,-0.00035777293214688167
136.70000000000002,47.01037941288928,0.03441815127412908,-0.000305805090104281
136.8,47.01382122801669,0.034387570765118655,-0.0002772529416294486
136.9,47.017259985093204,0.03435984547095571,-0.00027703352552353917
137.0,47.02069596964029,0.03433214211840336,-0.00026499872137085553
137.1,47.02412918385214,0.034305642246266276,-0.00024790634727574114
137.20000000000002,47.02755974807676,0.034280851611538696,-0.00022083246437370896
137.3,47.030987833237916,0.034258768365101326,-0.00026205378304432306
137.4,47.034413710074425,0.034232562986796895,-0.00032287866619478306
137.5,47.037836966373106,0.03420027512017742,-0.00037880855330999706
137.6,47.04125699388513,0.03416239426484642,-0.0005124359161283676
137.70000000000002,47.04467323331161,0.03411115067323357,-0.0006295482770125535
137.8,47.048084348378936,0.03404819584553232,-0.0008684040380459661
137.9,47.05148916796349,0.03396135544172773,-0.0011391728563223773
138.0,47.05488530350766,0.0338474381560955,-0.0013876719183789866
138.1,47.05827004732327,0.03370867096425761,-0.001688573637885803
138.20000000000002,47.0616409144197,0.03353981360046899,-0.0019363518385194225
138.3,47.06499489577974,0.03334617841661706,-0.0021935171111120977
138.4,47.0683295136214,0.03312682670550586,-0.0024713225966219877
138.5,47.071642196291954,0.032879694445843675,-0.0027100717167302126
138.6,47.07493016573654,0.03260868727417067,-0.002891930709239302
138.70000000000002,47.078191034463956,0.032319494203246674,-0.003065947010728564
138.8,47.08142298388428,0.032012899502173835,-0.003158123967112499
138.9,47.0846242738345,0.0316970871054626,-0.003140473696714897
139.0,47.087793982545044,0.03138303973579113,-0.0030307472755768104
139.1,47.09093228651862,0.031079965008233467,-0.0028582686599560544
139.20000000000002,47.094040283019446,0.030794138142237797,-0.0027253348286569536
139.3,47.09711969683367,0.030521604659372117,-0.00260260606744109
139.4,47.10017185729961,0.030261344052628023,-0.0024991376054716817
139.5,47.10319799170487,0.03001143029208087,-0.002366332845330321
139.6,47.10619913473408,0.02977479700754785,-0.002217825530127763
139.70000000000002,47.10917661443483,0.029553014454535023,-0.0021633895957872042
139.8,47.11213191588028,0.029336675494956315,-0.0021494668657926113
139.9,47.11506558342978,0.029121728808377066,-0.0021317379260858862
140.0,47.117977756310616,0.02890855501576849,-0.0021625687809803166
140.1,47.1208686118122,0.02869229813767047,-0.0021333423227875787
140.20000000000002,47.12373784162596,0.028478963905391664,-0.002056300998013404
140.3,47.1265857380165,0.028273333805590335,-0.0019930304102707985
140.4,47.12941307139706,0.028074030764563267,-0.0019524107429028173
140.5,47.13222047447352,0.027878789690272996,-0.0019043688731624736
140.6,47.135008353442544,0.02768835280295676,-0.0018677728058735714
140.70000000000002,47.13777718872284,0.02750157552236936,-0.001929827329745093
140.8,47.14052734627508,0.02730859278939486,-0.0020622384040106445
140.9,47.14325820555402,0.02710236894899381,-0.0022007171876937473
141.0,47.14596844244892,0.026882297230224447,-0.0023326330943338894
141.1,47.14865667217194,0.02664903392079107,-0.0025545305455726857
141.20000000000002,47.15132157556402,0.026393580866233744,-0.0027530255376048873
141.3,47.153960933650644,0.02611827831247327,-0.002940728713656277
141.4,47.15657276148189,0.02582420544110766,-0.0030902155803832717
141.5,47.159155182026,0.02551518388306935,-0.003260466975265342
141.6,47.16170670041431,0.025189137185542835,-0.003437329228924163
141.70000000000002,47.16422561413286,0.02484540426265034,-0.003565019914538338
141.8,47.16671015455913,0.024488902271196527,-0.0036523362113289807
141.9,47.16915904478625,0.02412366865006365,-0.003719889281963224
142.0,47.17157141165125,0.02375167972186735,-0.0037749577143921724
142.1,47.17394657962344,0.023374183950428153,-0.003835348047858881
142.20000000000002,47.176283998018484,0.022990649145642177,-0.0038594383447798754
142.3,47.17858306293304,0.02260470531116421,-0.00391159658051967
142.4,47.18084353346416,0.022213545653112267,-0.0038385912597877383
142.5,47.18306488802947,0.021829686527133515,-0.003696287365695142
142.6,47.18524785668219,0.02146005779056402,-0.0035439734883605236
142.70000000000002,47.18739386246124,0.02110566044172789,-0.0034680074732621846
142.8,47.189504428505415,0.02075885969440169,-0.003455511308461968
142.9,47.191580314474855,0.020413308563555513,-0.0034779226794988995
143.0,47.19362164533121,0.020065516295605643,-0.0034573996911119753
143.1,47.19562819696077,0.019719776326494465,-0.0034697528970430943
143.20000000000002,47.19760017459342,0.019372801036790076,-0.0035412570084230738
143.3,47.1995374546971,0.01901867533594779,-0.003675803230445419
143.4,47.2014393222307,0.018651095012903268,-0.0037909929704424837
143.5,47.203304431731986,0.01827199571585904,-0.003846274349638041
143.6,47.20513163130357,0.01788736828089526,-0.00391872004944582
143.70000000000002,47.20692036813166,0.017495496275950588,-0.0040717106216179326
143.8,47.20866991775926,0.017088325213788818,-0.004290420080803326
143.9,47.21037875028063,0.01665928320570851,-0.0045115722748084175
144.0,47.2120446786012,0.016208125978227694,-0.004627303673089298
144.1,47.21366549119903,0.01574539561091879,-0.004700733649420162
144.20000000000002,47.21524003076012,0.015275322245976667,-0.0047070395798413135
144.3,47.21676756298472,0.014804618287992562,-0.004690737973104721
144.4,47.21824802481352,0.014335544490682117,-0.004659439277210462
144.5,47.219681579262584,0.013869600562961097,-0.004626480570934808
144.6,47.22106853931888,0.013406952505867643,-0.004560304330217002
144.70000000000002,47.22240923456947,0.012950922072845839,-0.004464948110140734
144.8,47.223704326776755,0.012504427261831791,-0.00441572908039753
144.9,47.224954769502936,0.012062854353792063,-0.0043437151990110634
145.0,47.226161054938316,0.011628482833890981,-0.004323092923339634
145.1,47.2273239032217,0.011196173541557043,-0.004402056279557703
145.20000000000002,47.22844352057586,0.010755967913601172,-0.004493561657593204
145.3,47.22951911736722,0.010306611747841877,-0.004579132325482557
145.4,47.230549778542006,0.009848698515293648,-0.0046457711769726795
145.5,47.231534648393534,0.009384121397596406,-0.004654206633727992
145.6,47.232473060533295,0.008918700734223633,-0.004691324071052104
145.70000000000002,47.23336493060672,0.008449568327118316,-0.004658018870996911
145.8,47.23420988743943,0.007983766440018652,-0.004609514749778439
145.9,47.23500826408343,0.007522814965040834,-0.004689210545368112
146.0,47.235760545579936,0.007053893910504049,-0.004822189063712906
146.1,47.23646593497099,0.006571675004132786,-0.004934105869875066
146.20000000000002,47.2371231024714,0.006078264417145167,-0.005026968521266508
146.3,47.23773092891311,0.005575567565018545,-0.0050978563179685
146.4,47.238288485669614,0.005065781933221724,-0.005149290365302403
146.5,47.23879506386294,0.004550852896691513,-0.005127098052658112
146.6,47.2392501491526,0.004038143091425731,-0.0051228080206131505
146.70000000000002,47.23965396346175,0.0035258622893642993,-0.005086754603533699
146.8,47.24000654969068,0.0030171868290109582,-0.005086211187470644
146.9,47.24030826837358,0.0025085657102639227,-0.005186756567734608
147.0,47.24055912494461,0.0019898900534904914,-0.005333715030262184
147.1,47.24075811394996,0.0014565185504643032,-0.005415649567390794
147.20000000000002,47.24090376580501,0.0009149535937251007,-0.005454728090340552
147.3,47.24099526116438,0.0003694807846910765,-0.005456813725151582
147.4,47.241032209242846,-0.00017620058782405067,-0.005465719701197934
147.5,47.24101458918407,-0.000722772557943813,-0.00542681119061694
147.6,47.24094231192827,-0.0012654536770054761,-0.005377544846075417
147.70000000000002,47.24081576656057,-0.0018032081616131401,-0.005310119494434361
147.8,47.24063544574441,-0.002334220111056546,-0.0052838805874444155
147.9,47.2404020237333,-0.0028626081698009576,-0.005318841895502923
148.0,47.240115762916325,-0.0033944923593512196,-0.005352772324695539
148.1,47.23977631368039,-0.003929769591820743,-0.005343835589867902
148.20000000000002,47.239383336721204,-0.004464153150807655,-0.005297578607200588
148.3,47.23893692140613,-0.0049939110115276835,-0.005165369774937991
148.4,47.23843753030497,-0.005510447989021453,-0.0049723369727778955
148.5,47.237886485506074,-0.0060076816862992145,-0.004765317912295808
148.6,47.23728571733744,-0.006484213477528768,-0.004569464719616823
148.70000000000002,47.23663729598969,-0.0069411599494905545,-0.00438276522478486
148.8,47.23594317999474,-0.007379436471969016,-0.004176876179036027
148.9,47.23520523634754,-0.0077971240898725945,-0.00398239046065372
149.0,47.234425523938555,-0.008195363135937944,-0.0036479279685959825
149.1,47.23360598762496,-0.008560155932797521,-0.0032415788723667415
149.20000000000002,47.232749972031684,-0.00888431382003427,-0.0029225144963868524
149.3,47.23186154064968,-0.009176565269672938,-0.0026873308883833408
149.4,47.23094388412271,-0.009445298358511257,-0.002475883057862108
149.5,47.22999935428686,-0.009692886664297453,-0.002293646303838911
149.6,47.22903006562043,-0.009922251294681331,-0.002123577276158323
149.70000000000002,47.22803784049096,-0.010134609022297212,-0.0019003784644195912
149.8,47.227024379588734,-0.01032464686873916,-0.0016412024502924431
149.9,47.22599191490186,-0.010488767113768395,-0.00138302690768386
150.0,47.22494303819048,-0.010627069804536773,-0.0011421207133113394
150.1,47.223880331210026,-0.010741281875867901,-0.000929417476166532
150.20000000000002,47.222806203022444,-0.010834223623484575,-0.0007193983146353062
150.3,47.221722780660095,-0.010906163454948102,-0.0005465702109242568
150.4,47.2206321643146,-0.010960820476040524,-0.0003109768106580698
150.5,47.219536082267,-0.01099191815710633,-5.819823564403426e-05
150.6,47.21843689045129,-0.010997737980670733,0.0002126636565462916
150.70000000000002,47.21733711665322,-0.010976471615016099,0.0004781188038859117
150.8,47.21623946949171,-0.01092865973462751,0.0008066872479408773
150.9,47.21514660351825,-0.010847991009833427,0.00109888797552413
151.0,47.21406180441727,-0.01073810221228102,0.0014339707381551912
151.1,47.21298799419604,-0.01059470513846551,0.0018188102465913098
151.20000000000002,47.2119285236822,-0.010412824113806337,0.002233639753507199
151.3,47.21088724127081,-0.01018946013845563,0.002613765105224437
151.4,47.20986829525697,-0.009928083627933201,0.002935570001492652
151.5,47.20887548689417,-0.009634526627783952,0.003268735724545885
151.6,47.2079120342314,-0.009307653055329383,0.0035347901187306476
151.70000000000002,47.206981268925865,-0.008954174043456237,0.0038433288952032935
151.8,47.20608585152152,-0.00856984115393593,0.004106039482565199
151.9,47.20522886740613,-0.008159237205679433,0.004377617338177017
152.0,47.204412943685554,-0.0077214754718617565,0.0046433159306245204
152.1,47.20364079613837,-0.007257143878799331,0.004904156217915302
152.20000000000002,47.20291508175049,-0.006766728257007689,0.005080716157712074
152.3,47.20223840892479,-0.0062586566412365105,0.005306242786323587
152.4,47.201612543260666,-0.005728032362604182,0.005496122855958912
152.5,47.201039740024406,-0.005178420077008322,0.005695300258992886
152.6,47.2005218980167,-0.004608890051109066,0.005798627421616763
152.70000000000002,47.20006100901159,-0.004029027308947258,0.005894603129257704
152.8,47.1996581062807,-0.0034395669960215207,0.0060211319222188905
152.9,47.1993141495811,-0.002837453803799666,0.006150159392191194
153.0,47.19903040420072,-0.0022224378645805815,0.006242504945264107
153.1,47.19880816041426,-0.0015981873700542063,0.00629370107924937
153.20000000000002,47.198648341677256,-0.0009688172621291262,0.006359256312692396
153.3,47.19855145995104,-0.0003328916308599227,0.006458312121406654
153.4,47.198518170787956,0.00031293958128070595,0.0065722334374022275
153.5,47.19854946474608,0.0009701629250208914,0.006590850903910811
153.60000000000002,47.19864648103859,0.0016292480154121223,0.006558182072218541
153.70000000000002,47.19880940584012,0.002285066222633939,0.006514314155770604
153.8,47.19903791246239,0.0029364976382109625,0.006413989015233994
153.9,47.19933156222621,0.0035778965397343255,0.006355284952972098
154.0,47.19968935188018,0.004213425035031499,0.006390524420128081
154.10000000000002,47.20011069438369,0.0048524774770444526,0.0064796020072228335
154.20000000000002,47.20059594213139,0.005500437677766699,0.006612485188088075
154.3,47.20114598589917,0.006161686196575469,0.006748261150023055
154.4,47.201762154518825,0.006836512311577736,0.006828131929387697
154.5,47.20244580574998,0.007519325504516467,0.006843422745186454
154.60000000000002,47.20319773830043,0.008203667779035268,0.0068308271764939005
154.70000000000002,47.20401810507834,0.00888675049668462,0.0067696810804899026
154.8,47.204906780128006,0.009563718604733571,0.006563348218062313
154.9,47.20586315198848,0.010220053426539765,0.006332516230863699
155.0,47.206885157331136,0.010853305049626099,0.0060598363153318005
155.10000000000002,47.2079704878361,0.011459288681159417,0.005797313047143562
155.20000000000002,47.20911641670421,0.01203901998587374,0.005471031214886005
155.3,47.2103203187028,0.01258612310736231,0.005213999440499101
155.4,47.211578931013534,0.01310752305141219,0.005045025434407972
155.5,47.21288968331868,0.013612025594852958,0.0048835322950521905
155.60000000000002,47.214250885878165,0.014100378824358288,0.004749769042926229
155.70000000000002,47.2156609237606,0.014575355728650884,0.004598699313145272
155.8,47.21711845933346,0.015035225659965385,0.004405701690747111
155.9,47.21862198189946,0.015475795829040071,0.004276670177649957
156.0,47.220169561482365,0.015903462846805043,0.004196382802111303
156.10000000000002,47.221759907767044,0.01632310112701627,0.004139051502862089
156.20000000000002,47.22339221787975,0.016737006277302454,0.004140435979397414
156.3,47.225065918507475,0.017151049875242172,0.004142513271647052
156.4,47.226781023495,0.017565301202406854,0.004060268037568969
156.5,47.22853755361524,0.017971328006163727,0.0039341170857910565
156.60000000000002,47.23033468641586,0.018364739714742923,0.0038398109327348567
156.70000000000002,47.23217116038733,0.018748720808016386,0.0037553303174281804
156.8,47.234046032468136,0.019124253839759183,0.003605167918286457
156.9,47.23595845785211,0.01948477063158781,0.00352955270999488
157.0,47.237906934915266,0.019837725902587276,0.003421939352515147
157.10000000000002,47.23989070750553,0.02017991983783887,0.003286269648034176
157.20000000000002,47.241908699489315,0.020508546802642268,0.0031516786693237876
157.3,47.24395955416958,0.02082371466957463,0.0030366139824342794
157.4,47.24604192563653,0.02112737606781804,0.002868696301525319
157.5,47.24815466324331,0.021414245697970555,0.0027719216921768346
157.60000000000002,47.25029608781311,0.0216914378671883,0.002749740442401765
157.70000000000002,47.25246523159983,0.021966411911428462,0.0027687746091529567
157.8,47.254661872790976,0.022243289372343742,0.0028303517470654057
157.9,47.25688620172821,0.022526324547050267,0.002931360211059768
158.0,47.25913883418291,0.022819460568156227,0.0031078964126314778
158.10000000000002,47.26142078023973,0.023130250209419445,0.0033483695733677213
158.20000000000002,47.26373380526067,0.023465087166756198,0.0035347257851014928
158.3,47.26608031397735,0.023818559745266327,0.003641890113923843
158.4,47.268462169951874,0.02418274875665869,0.0037838335120996755
158.5,47.27088044482754,0.024561132107868637,0.003878237588820103
158.60000000000002,47.273336558038324,0.024948955866750736,0.003857362894408728
158.70000000000002,47.275831453625,0.025334692156191586,0.0038176323766921875
158.8,47.27836492284062,0.025716455393860783,0.003833301791706388
158.9,47.28093656838001,0.0260997855730314,0.003853608533589657
159.0,47.28354654693731,0.026485146426390344,0.003931845893109146
159.10000000000002,47.286195061579946,0.02687833101570135,0.004080137700414726
159.20000000000002,47.28888289468152,0.027286344785742798,0.004232217411985863
159.3,47.29161152916009,0.02770956652694136,0.004475279832627394
159.4,47.29438248581279,0.028157094510204074,0.0046190131791488806
159.5,47.2971981952638,0.028618995828118936,0.004695035623761009
159.60000000000002,47.30006009484662,0.029088499390495143,0.004733880199838279
159.70000000000002,47.30296894478567,0.029561887410478944,0.004840170516787927
159.8,47.30592513352671,0.03004590446215771,0.004918560533450531
159.9,47.30892972397293,0.030537760515502735,0.004954332544631246
160.0,47.31198350002448,0.03103319376996583,0.004910869705181704
160.10000000000002,47.31508681940148,0.03152428074048411,0.004754555941026618
160.20000000000002,47.318239247475525,0.03199973633458675,0.004625529565972008
160.3,47.32143922110899,0.03246228929118392,0.004490009528141497
160.4,47.3246854500381,0.03291129024399805,0.0044164371136558725
160.5,47.3279765790625,0.03335293395536361,0.004312222674209684
160.60000000000002,47.33131187245804,0.033784156222784675,0.0042102737710803285
160.70000000000002,47.33469028808032,0.034205183599892684,0.004127310365025323
160.8,47.338110806440305,0.03461791463639519,0.0040048748726023205
160.9,47.34157259790395,0.0350184021236554,0.00381580330465669
161.0,47.34507443811631,0.03539998245412105,0.0035849414557759425
161.10000000000002,47.34861443636173,0.035758476599698726,0.0033084676349852205
161.20000000000002,47.352190284021695,0.03608932336319723,0.003030610870288808
161.3,47.355799216358015,0.03639238445022609,0.0027846254384461034
161.4,47.35943845480304,0.03667084699407069,0.0025139369863493065
161.5,47.36310553950244,0.0369222406927056,0.0023140592689331204
161.60000000000002,47.36679776357172,0.03715364661959897,0.00221207898147792
161.70000000000002,47.370513128233675,0.03737485451774675,0.0021392960803335963
161.8,47.37425061368545,0.037588784125780095,0.002033540811473255
161.9,47.37800949209803,0.03779213820692741,0.0019143606833994498
162.0,47.38178870591872,0.03798357427526734,0.0017771960660532254
162.10000000000002,47.38558706334625,0.038161293881872706,0.0016279461536349942
162.20000000000002,47.389403192734434,0.038324088497236196,0.0014355949461007777
162.3,47.39323560158416,0.038467647991846265,0.0011743805631848877
162.4,47.397082366383344,0.03858508604816475,0.0009082800323966483
162.5,47.40094087498816,0.03867591405140441,0.0007002443142935039
162.60000000000002,47.4048084663933,0.038745938482833774,0.00040643577712824264
162.70000000000002,47.408683060241586,0.038786582060546596,9.8345112481002e-05
162.8,47.412561718447634,0.038796416571794695,-0.00014046995666609186
162.9,47.41644136010482,0.03878236957612809,-0.0004505073067724136
163.0,47.42031959706243,0.03873731884545085,-0.0007642643138085558
163.10000000000002,47.42419332894698,0.038660892414069975,-0.0011039952257296053
163.20000000000002,47.42805941818838,0.03855049289149702,-0.0014332399183465804
163.3,47.43191446747753,0.03840716889966237,-0.001766574039755473
163.4,47.435755184367494,0.038230511495686834,-0.0020430225578155683
163.5,47.43957823551707,0.03802620923990529,-0.002291577172600402
163.60000000000002,47.44338085644106,0.037797051522645196,-0.002542640401657781
163.70000000000002,47.44716056159332,0.03754278748247943,-0.0027838864899534994
163.8,47.45091484034157,0.0372643988334841,-0.0029768126553623596
163.9,47.45464128022492,0.03696671756794788,-0.003117977155479953
164.0,47.45833795198171,0.0366549198523999,-0.003174001197085205
164.10000000000002,47.46200344396695,0.03633751973269131,-0.00317234741872692
164.20000000000002,47.465637195940225,0.036020284990818635,-0.003191082531623133
164.3,47.469239224439306,0.03570117673765634,-0.0031528731061711683
164.4,47.47280934211307,0.03538588942703924,-0.003065971885299925
164.5,47.47634793105577,0.035079292238509266,-0.002991781775542684
164.60000000000002,47.47985586027963,0.03478011406095493,-0.0029284552676013126
164.70000000000002,47.48333387168572,0.034487268534194815,-0.0028872473897509606
164.8,47.486782598539136,0.034198543795219735,-0.0028587483203972963
164.9,47.49020245291866,0.03391266896318002,-0.002804028758300485
165.0,47.49359371981498,0.03363226608734999,-0.0027602969350586063
165.10000000000002,47.496956946423715,0.033356236393844066,-0.0027866659897980207
165.20000000000002,47.500292570063095,0.03307756979486428,-0.002944777202365482
165.3,47.503600327042584,0.03278309207462775,-0.0031020236116472938
165.4,47.50687863625005,0.032472889713463036,-0.003182811354316598
165.5,47.510125925221395,0.032154608578031395,-0.0032678235759287864
165.60000000000002,47.5133413860792,0.03182782622043844,-0.0033671906485464695
165.70000000000002,47.51652416870124,0.031491107155583814,-0.003405164493111102
165.8,47.5196732794168,0.031150590706272723,-0.003413296136223438
165.9,47.52278833848743,0.0308092610926504,-0.0033619610522353694
166.0,47.52586926459669,0.03047306498742688,-0.0033485543641719965
166.10000000000002,47.528916571095436,0.030138209551009605,-0.003304607452342658
166.20000000000002,47.53193039205053,0.029807748805775358,-0.0031603168163198544
166.3,47.53491116693111,0.02949171712414339,-0.0029372583031259743
166.4,47.537860338643526,0.02919799129383081,-0.0026967001466393433
166.5,47.54078013777291,0.02892832127916689,-0.0024108819389948785
166.60000000000002,47.543672969900825,0.028687233085267348,-0.0021064920783447367
166.70000000000002,47.546541693209356,0.028476583877432887,-0.0018874121392733025
166.8,47.5493893515971,0.028287842663505567,-0.001684947239162958
166.9,47.55221813586345,0.02811934793958928,-0.0015024551703641553
167.0,47.55503007065741,0.027969102422552874,-0.0012222007553173635
167.10000000000002,47.55782698089966,0.02784688234702111,-0.0009443064236030525
167.20000000000002,47.56061166913437,0.02775245170466081,-0.0007312550343320233
167.3,47.56338691430483,0.02767932620122761,-0.0006033554868875575
167.4,47.56615484692495,0.02761899065253886,-0.0004750469424688867
167.5,47.56891674599021,0.027571485958291973,-0.00025053955265732917
167.60000000000002,47.571673894586034,0.027546432003026235,-2.2339330331967604e-05
167.70000000000002,47.57442853778634,0.027544198069993038,0.00022361575044976706
167.8,47.57718295759334,0.027566559645038013,0.00046161910579398655
167.9,47.57993961355784,0.02761272155561741,0.0007043013090221301
168.0,47.5827008857134,0.02768315168651962,0.0009555487821596548
168.10000000000002,47.58546920088206,0.027778706564735606,0.0012007582114305696
168.20000000000002,47.58824707153853,0.027898782385878656,0.0014670451879332665
168.3,47.59103694977712,0.028045486904671974,0.001744617393757345
168.4,47.59384149846758,0.0282199486440477,0.002082063228104489
168.5,47.59666349333199,0.028428154966858136,0.0023788792233242627
168.60000000000002,47.59950630882867,0.028666042889190616,0.0025825638335918734
168.70000000000002,47.60237291311759,0.02892429927254979,0.002769094484271988
168.8,47.60526534304485,0.029201208720976972,0.0029570887998823323
168.9,47.608185463916946,0.02949691760096519,0.003177193880643636
169.0,47.61113515567704,0.029814636989029534,0.0033465294887334595
169.10000000000002,47.61411661937595,0.030149289937902956,0.0034843364414379155
169.20000000000002,47.617131548369734,0.030497723582046728,0.0035782757575213106
169.3,47.620181320727944,0.03085555115779884,0.003600673976253372
169.4,47.62326687584372,0.031215618555424155,0.003527551175227405
169.5,47.62638843769926,0.031568373672946876,0.003428471707303521
169.60000000000002,47.62954527506656,0.031911220843677306,0.003210807775631793
169.70000000000002,47.63273639715093,0.03223230162124047,0.002908801069086585
169.8,47.63595962731305,0.03252318172814911,0.0025903395037466057
169.9,47.63921194548586,0.032782215678523755,0.0022418481697462104
170.0,47.642490167053715,0.03300640049549836,0.001911937077721924
170.10000000000002,47.64579080710327,0.0331975942032706,0.0016067514016159187
170.20000000000002,47.649110566523596,0.03335826934343218,0.001329182345011926
170.3,47.652446393457936,0.033491187577933366,0.0010712243416415633
170.4,47.65579551221573,0.03359831001209752,0.0008376052772460012
170.5,47.65915534321694,0.03368207053982211,0.0005825104428092899
170.60000000000002,47.662523550270926,0.033740321584103054,0.0003464289482125518
170.70000000000002,47.66589758242933,0.03377496447892431,0.00013334850154923176
170.8,47.66927507887723,0.03378829932907923,-7.448856310987996e-05
170.9,47.67265390881013,0.03378085047276824,-0.00029908289030754524
171.0,47.67603199385741,0.03375094218373749,-0.0005221847318612394
171.10000000000002,47.679407088075784,0.033698723710551354,-0.0006844083638274074
171.20000000000002,47.68277696044684,0.03363028287416862,-0.0008800199015534194
171.3,47.686139988734254,0.03354228088401328,-0.0011099868101282293
171.4,47.68949421682266,0.03343128220300046,-0.0012435352222913572
171.5,47.69283734504296,0.033306928680771335,-0.0013704893728439325
171.60000000000002,47.696168037911036,0.03316987974348691,-0.001330866481881888
171.70000000000002,47.69948502588538,0.03303679309529873,-0.0012705000254174842
171.8,47.70278870519491,0.03290974309275699,-0.0012276074286101534
171.9,47.706079679504185,0.03278698234989598,-0.0011867276524393769
172.0,47.70935837773918,0.03266830958465205,-0.0011822651689728878
172.10000000000002,47.712625208697645,0.03255008306775473,-0.001119412439277914
172.20000000000002,47.71588021700442,0.03243814182382695,-0.001081456471948217
172.3,47.7191240311868,0.03232999617663213,-0.0010225876801447818
172.4,47.72235703080447,0.03222773740861766,-0.0009953563391686693
172.5,47.725579804545326,0.0321282017747008,-0.0009111667409460882
172.60000000000002,47.7287926247228,0.03203708510060617,-0.0008280286738054697
172.70000000000002,47.73199633323286,0.03195428223322563,-0.0006105585061911764
172.8,47.73519176145618,0.03189322638260651,-0.0003934508914063774
172.9,47.73838108409444,0.03185388129346588,-0.00016229512540371727
173.0,47.74156647222379,0.031837651780925506,2.401781112138799e-05
173.10000000000002,47.74475023740188,0.031840053562037646,0.00020167130617394538
173.20000000000002,47.747934242758085,0.03186022069265504,0.00043774550478002373
173.3,47.75112026482735,0.03190399524313304,0.0007854588610533872
173.4,47.754310664351664,0.03198254112923837,0.0010882139218736716
173.5,47.75750891846459,0.032091362521425734,0.001296001530259241
173.60000000000002,47.76071805471673,0.03222096267445169,0.001411454616119395
173.70000000000002,47.763940150984176,0.03236210813606362,0.0014995094991421423
173.8,47.76717636179778,0.032512059085977825,0.0014981129900620302
173.9,47.77042756770638,0.03266187038498402,0.0015447800068722946
174.0,47.773693754744876,0.03281634838567124,0.0016874273130885653
174.10000000000002,47.77697538958344,0.032985091116980135,0.0018608955072539294
174.20000000000002,47.78027389869514,0.03317118066770552,0.002001815183416386
174.3,47.78359101676191,0.033371362186047145,0.0021262735585252618
174.4,47.786928152980515,0.03358398954189966,0.0023022997633895875
174.5,47.790286551934706,0.033814219518238604,0.0024867948832251498
174.60000000000002,47.79366797388653,0.034062899006561176,0.002612631672130823
174.70000000000002,47.79707426378719,0.03432416217377424,0.002757104415835963
174.8,47.80050668000457,0.034599872615357824,0.002913877036846867
174.9,47.8039666672661,0.034891260319042494,0.0029813557980340774
175.0,47.807455793298004,0.035189395898845885,0.0031146996208204626
175.10000000000002,47.81097473288789,0.035500865860928,0.00324975497415778
175.20000000000002,47.81452481947398,0.03582584135834376,0.003404988038648012
175.3,47.818107403609815,0.03616634016220854,0.003528267207926198
175.4,47.82172403762604,0.03651916688300114,0.0036106077426903385
175.5,47.82537595431434,0.036880227657270157,0.0036892344068004757
175.60000000000002,47.82906397708007,0.03724915109795029,0.0037836627146110233
175.70000000000002,47.83278889218986,0.03762751736941137,0.0038886123534725417
175.8,47.8365516439268,0.0380163786047586,0.003920758187359195
175.9,47.84035328178727,0.0384084544234945,0.003972310933888171
176.0,47.84419412722963,0.03880568551688329,0.004043641106882944
176.10000000000002,47.848074695781314,0.03921004962757168,0.004175312554182022
176.20000000000002,47.85199570074407,0.03962758088298986,0.004350508082702595
176.3,47.85595845883237,0.04006263169126009,0.004483204676107208
176.4,47.85996472200149,0.04051095215887079,0.004625692584645568
176.5,47.864015817217386,0.04097352141733532,0.0047252876054651805
176.60000000000002,47.86811316935912,0.04144605017788194,0.004814334270254527
176.70000000000002,47.872257774376905,0.04192748360490737,0.004876621581625315
176.8,47.8764505227374,0.04241514576306987,0.004853635041793048
176.9,47.8806920373137,0.04290050926724915,0.0047916154274704
177.0,47.88498208824043,0.04337967080999616,0.0047557734894644885
177.10000000000002,47.88932005532143,0.04385524815894272,0.004734029320624241
177.20000000000002,47.89370558013732,0.04432865109100512,0.004689867300826991
177.3,47.898138445246424,0.04479763782108779,0.004651698822171675
177.4,47.90261820902853,0.04526280770330493,0.004655979976039269
177.5,47.90714448979886,0.04572840570090883,0.00464059335248032
177.60000000000002,47.91171733036895,0.04619246503615697,0.004722148079084877
177.70000000000002,47.91633657687257,0.04666467984406543,0.004801528047847499
177.8,47.921003044856974,0.04714483264885015,0.004921255147463391
177.9,47.92571752812186,0.04763695816359646,0.005027473450011651
178.0,47.930481223938216,0.0481397055085976,0.005083324969644791
178.10000000000002,47.93529519448908,0.048648038005562194,0.005129135072948501
178.20000000000002,47.94015999828964,0.049160951512857015,0.00521389975060226
178.3,47.94507609344092,0.04968234148791721,0.005360628096881564
178.4,47.950044327589715,0.05021840429760534,0.005492815109765063
178.5,47.95506616801947,0.05076768580858181,0.005607351779926871
178.60000000000002,47.960142936600334,0.05132842098657463,0.005736585706631582
178.70000000000002,47.96527577869899,0.05190207955723775,0.005829769453601903
178.8,47.970465986654716,0.05248505650259791,0.005942970905585325
178.9,47.975714492304974,0.05307935359315641,0.006038527235339219
179.0,47.981022427664286,0.053683206316690296,0.006081565035549052
179.10000000000002,47.98639074829596,0.05429136282024534,0.006074183961547115
179.20000000000002,47.99181988457798,0.05489878121640002,0.006094224136564754
179.3,47.99730976269962,0.05550820363005646,0.006103318171790523
179.4,48.00286058306263,0.056118535447235475,0.006056362772423049
179.5,48.00847243660735,0.056724171724477745,0.00608042496993339
179.60000000000002,48.0141448537798,0.05733221422147122,0.006074810895937073
179.70000000000002,48.019878075201945,0.057939695311064895,0.006083701865304893
179.8,48.02567204473305,0.05854806549759535,0.006033288177462455
179.9,48.03152685128281,0.05915139431534156,0.005945200636221148
180.0,48.03744199071434,0.05974591437896364,0.005813155790364146
180.10000000000002,48.04341658215224,0.06032722995800019,0.005638186563963659
180.20000000000002,48.049449305148045,0.06089104861439652,0.0054861496958600806
180.3,48.05553841000948,0.0614396635839825,0.0053548650944084805
180.4,48.061682376367884,0.06197515009342332,0.005256840622645414
180.5,48.067879891377224,0.06250083415568783,0.005221549817532512
180.60000000000002,48.07412997479279,0.0630229891374412,0.005148418086025634
180.70000000000002,48.080432273706535,0.06353783094604373,0.005028454492937992
180.8,48.08678605680114,0.0640406763953375,0.004880871623789418
180.9,48.093190124440675,0.06452876355771642,0.0046715582649409105
181.0,48.09964300079645,0.06499591938421048,0.004465422874469033
181.10000000000002,48.10614259273487,0.06544246167165749,0.004206488544239679
181.20000000000002,48.112686838902036,0.06586311052608143,0.003992344763255417
181.3,48.11927314995464,0.06626234500240695,0.0037238487960953477
181.4,48.12589938445488,0.06663472988201646,0.0034352297722878853
181.5,48.132562857443084,0.06697825285924523,0.003110247792381796
181.60000000000002,48.13926068272901,0.06728927763848348,0.002793787631164577
181.70000000000002,48.145989610492855,0.06756865640159992,0.0024928962924303274
181.8,48.15274647613302,0.06781794603084294,0.002230061500339541
181.9,48.1595282707361,0.06804095218087688,0.0019386284500005615
182.0,48.16633236595419,0.06823481502587693,0.0016453838499478214
182.10000000000002,48.173155847456776,0.06839935341087175,0.001419675387184319
182.20000000000002,48.17999578279786,0.06854132094959017,0.0012382843209605293
182.3,48.18684991489282,0.06866514938168622,0.0010628847656485912
182.4,48.19371642983099,0.06877143785825107,0.0008616131654499083
182.5,48.200593573616814,0.06885759917479606,0.0006457474960842788
182.60000000000002,48.207479333534295,0.0689221739244045,0.00046322788140418095
182.70000000000002,48.214371550926735,0.06896849671254492,0.00031638123033738276
182.8,48.22126840059799,0.06900013483557865,0.00021098621704103237
182.9,48.228168414081544,0.06902123345728275,0.00018231728475621636
183.0,48.235070537427276,0.06903946518575838,9.992250190421996e-05
183.10000000000002,48.24197448394585,0.0690494574359488,3.7721249253610455e-05
183.20000000000002,48.248879429689445,0.06905322956087416,-6.289113916369351e-05
183.3,48.25578475264553,0.06904694044695779,-0.00026322184779896504
183.4,48.26268944669023,0.0690206182621779,-0.0005218604056184426
183.5,48.26959150851645,0.06896843222161606,-0.000709045192691776
183.60000000000002,48.27648835173861,0.06889752770234686,-0.000936460674490267
183.70000000000002,48.28337810450884,0.06880388163489784,-0.001165266279492327
183.8,48.290258492672336,0.06868735500694861,-0.0014275836718807256
183.9,48.297127228173025,0.06854459663976055,-0.0017271161694839704
184.0,48.303981687837,0.06837188502281216,-0.0018978544254244349
184.10000000000002,48.31081887633928,0.06818209958026968,-0.0020778276602373205
184.20000000000002,48.31763708629731,0.06797431681424596,-0.0021648651270680785
184.3,48.32443451797874,0.06775783030153916,-0.0022749239663408154
184.4,48.33121030100889,0.06753033790490509,-0.0023429373356852134
184.5,48.33796333479938,0.06729604417133658,-0.002431676691781184
184.60000000000002,48.344692939216515,0.06705287650215841,-0.00246538577849051
184.70000000000002,48.351398226866735,0.06680633792430937,-0.002433607711382762
184.8,48.35807886065916,0.06656297715317111,-0.0023808522679427645
184.9,48.36473515837448,0.06632489192637685,-0.0023160118599917165
185.0,48.37136764756712,0.06609329074037769,-0.0022819512007836804
185.10000000000002,48.37797697664116,0.06586509562029927,-0.0023137568245531963
185.20000000000002,48.384563486203184,0.06563371993784396,-0.0023493958665526896
185.3,48.39112685819697,0.0653987803511887,-0.0023820611330840867
185.4,48.39766673623209,0.06516057423788031,-0.002571912879269091
185.5,48.40418279365588,0.06490338294995342,-0.0028375053655216795
185.60000000000002,48.41067313195087,0.06461963241340118,-0.003115483325411599
185.70000000000002,48.41713509519221,0.06430808408086004,-0.0033517412758266546
185.8,48.4235659036003,0.0639729099532774,-0.0035544151967643123
185.9,48.42996319459562,0.06361746843360098,-0.0037963078653787613
186.0,48.43632494143898,0.06323783764706313,-0.004066473023447889
186.10000000000002,48.44264872520369,0.06283119034471825,-0.004334365611457679
186.20000000000002,48.44893184423816,0.062397753783572506,-0.0045737778446651965
186.3,48.45517161961652,0.06194037599910601,-0.004745287053214134
186.4,48.46136565721643,0.061465847293784626,-0.004826443021688841
186.5,48.46751224194581,0.06098320299161577,-0.004865301632955847
186.60000000000002,48.47361056224497,0.060496672828320074,-0.004807306511654045
186.70000000000002,48.4796602295278,0.060015942177154696,-0.004701330373400443
186.8,48.48566182374552,0.05954580913981468,-0.004630737170382828
186.9,48.4916164046595,0.05908273542277642,-0.00452932895110126
187.0,48.49752467820178,0.05862980252766632,-0.004402304771381453
187.10000000000002,48.50338765845454,0.05818957205052808,-0.004266623496355128
187.20000000000002,48.5092066156596,0.05776290970089259,-0.004165392754287526
187.3,48.51498290662968,0.05734637042546386,-0.003998726623169973
187.4,48.520717543672234,0.056946497763146885,-0.0036925423633026744
187.5,48.52641219344855,0.05657724352681664,-0.003372567198799966
187.60000000000002,48.53206991780123,0.056239986806936565,-0.0030968892356273243
187.70000000000002,48.53769391648192,0.05593029788337385,-0.0028538396898885
187.8,48.54328694627026,0.055644913914385016,-0.002600075001220762
187.9,48.548851437661696,0.055384906414262955,-0.0022767737294395506
188.0,48.554389928303124,0.05515722904131901,-0.001954820412527452
188.10000000000002,48.55990565120726,0.05496174700006622,-0.0016504466481880276
188.20000000000002,48.565401825907266,0.05479670233524743,-0.0013691410463482435
188.3,48.570881496140785,0.05465978823061261,-0.0010743793694219157
188.4,48.576347474963846,0.05455235029367043,-0.0007153910276335985
188.5,48.58180270999321,0.05448081119090707,-0.0004126591962843212
188.60000000000002,48.58725079111231,0.05443954527127863,-0.00010505632834224053
188.70000000000002,48.592694745639434,0.05442903963844441,0.0001624740735515449
188.8,48.59813764960328,0.05444528704579956,0.00042854710173438273
188.9,48.60358217830786,0.054488141755972996,0.0006218437499626659
189.0,48.609030992483454,0.05455032613096926,0.000804246107105844
189.10000000000002,48.614486025096554,0.05463075074167986,0.001029645771034374
189.20000000000002,48.61994910017072,0.054733715318783294,0.00124031713334881
189.3,48.6254224717026,0.05485774703211817,0.0014220087936215574
189.4,48.63090824640581,0.054999947911480315,0.0014904175859833406
189.5,48.63640824119696,0.05514898967007864,0.0014737638687158919
189.60000000000002,48.64192314016397,0.055296366056950264,0.0013814339877153783
189.70000000000002,48.64745277676966,0.055434509455721794,0.0012567926513857455
189.8,48.652996227715235,0.05556018872086036,0.0011134581754974138
189.9,48.65855224658732,0.055671534538410096,0.0009168930365257949
190.0,48.66411940004116,0.05576322384206267,0.0006794807491626429
190.10000000000002,48.66969572242537,0.05583117191697895,0.0004581354837786527
190.20000000000002,48.675278839617064,0.05587698546535681,0.0002507758507162981
190.3,48.6808665381636,0.05590206305042844,4.2970139622555356e-05
190.4,48.68645674446864,0.055906360064390696,-0.00015032939772071673
190.5,48.69204738047508,0.055891327124618626,-0.0003124490101618482
190.60000000000002,48.69763651318755,0.055860082223602434,-0.0004244254652008525
190.70000000000002,48.703222521409906,0.05581763967708235,-0.0004907072408519565
190.8,48.70880428537762,0.05576856895299716,-0.000614848860260066
190.9,48.71438114227291,0.055707084066971155,-0.0008128540066193919
191.0,48.71995185067961,0.05562579866630922,-0.0011068738763846378
191.10000000000002,48.72551443054624,0.05551511127867073,-0.0013813128398039534
191.20000000000002,48.73106594167411,0.055376979994690344,-0.001671205620432476
191.3,48.736603639673575,0.055209859432647106,-0.0019609792900128213
191.4,48.74212462561684,0.055013761503645835,-0.002169845464613433
191.5,48.74762600176721,0.054796776957184504,-0.0023291960192999956
191.60000000000002,48.75310567946293,0.05456385735525445,-0.0023940727341095038
191.70000000000002,48.758562065198454,0.054324450081843514,-0.0024845651822270913
191.8,48.763994510206636,0.05407599356362082,-0.00253599205552763
191.9,48.769402109562996,0.05382239435806807,-0.002523483538472917
192.0,48.77478434899881,0.053570046004220793,-0.002397059375033535
192.10000000000002,48.78014135359923,0.053330340066717385,-0.0022763158859151382
192.20000000000002,48.7854743876059,0.053102708478125885,-0.002127918080269599
192.3,48.79078465845371,0.05288991667009894,-0.002010983925876165
192.4,48.79607365012072,0.05268881827751133,-0.0018840499994523074
192.5,48.80134253194847,0.05250041327756611,-0.0017727990936326204
192.60000000000002,48.80659257327623,0.05232313336820281,-0.0016762792944209884
192.70000000000002,48.81182488661305,0.05215550543876072,-0.0016095334876813998
192.8,48.817040437156926,0.05199455208999259,-0.0015038902529796055
192.9,48.82223989236592,0.05184416306469464,-0.0014448216088193539
193.0,48.82742430867239,0.05169968090381271,-0.0013780998430834915
193.10000000000002,48.83259427676278,0.05156187091950433,-0.0013495353202538298
193.20000000000002,48.837750463854725,0.051426917387478954,-0.0013579139603144075
193.3,48.84289315559347,0.05129112599144752,-0.001376604863025594
193.4,48.848022268192615,0.05115346550514497,-0.0013954913129556146
193.5,48.85313761474313,0.051013916373849416,-0.0014341573969521085
193.60000000000002,48.858239006380515,0.05087050063415417,-0.0014673829795455175
193.70000000000002,48.86332605644393,0.05072376233619963,-0.001527056069258615
193.8,48.86839843267755,0.050571056729273776,-0.0015877345715367905
193.9,48.87345553835048,0.050412283272120106,-0.0016472802770538496
194.0,48.87849676667769,0.05024755524441473,-0.0016941604025812497
194.10000000000002,48.88352152220214,0.05007813920415657,-0.0017448851663007545
194.20000000000002,48.88852933612255,0.0499036506875265,-0.0018870805525918568
194.3,48.8935197011913,0.04971494263226733,-0.0020550345711491586
194.4,48.898491195454525,0.04950943917515242,-0.002186697427178141
194.5,48.903442139372046,0.04929076943243462,-0.002309032003642119
194.60000000000002,48.90837121631529,0.04905986623207036,-0.0024092494791713003
194.70000000000002,48.913277202938495,0.04881894128415324,-0.0024428484313621796
194.8,48.91815909706691,0.048574656441017036,-0.0024964045445850127
194.9,48.92301656271101,0.04832501598655855,-0.002473988452914232
195.0,48.92784906430967,0.04807761714126714,-0.0024587245315309913
195.10000000000002,48.932656826023795,0.047831744688113985,-0.0024254938541066326
195.20000000000002,48.93744000049261,0.047589195302703335,-0.002407590055060747
195.3,48.942198920022875,0.047348436297197274,-0.002358097852754449
195.4,48.946933763652595,0.04711262651192184,-0.002318033517769637
195.5,48.95164502630379,0.04688082316014489,-0.0023548925506179153
195.60000000000002,48.9563331086198,0.04664533390508305,-0.00242484498259636
195.70000000000002,48.96099764201031,0.046402849406823425,-0.0024494760330198016
195.8,48.96563792695099,0.04615790180352146,-0.002479619689610623
195.9,48.97025371713134,0.04590993983456041,-0.0024964784377864316
196.0,48.9748447111148,0.04566029199078178,-0.0024881616931214548
196.10000000000002,48.97941074031388,0.04541147582146958,-0.0024719391420701554
196.20000000000002,48.983951887896026,0.04516428190726258,-0.0023941754461447003
196.3,48.98846831608675,0.04492486436264812,-0.002328854947116273
196.4,48.992960802523015,0.04469197886793651,-0.002336937091443677
196.5,48.99743000040981,0.04445828515879215,-0.0024201599157496665
196.60000000000002,49.00187582892569,0.04421626916721713,-0.002496112065529177
196.70000000000002,49.006297455842414,0.04396665796066423,-0.002524995854578179
196.8,49.01069412163848,0.043714158375206424,-0.002625201482254421
196.9,49.015065537476,0.043451638226981,-0.0026419949088803936
197.0,49.019410701298696,0.04318743873609297,-0.0026857679060758033
197.10000000000002,49.02372944517231,0.04291886194548533,-0.0028157031588236588
197.20000000000002,49.02802133136686,0.04263729162960298,-0.002878217201578184
197.3,49.032285060529816,0.04234946990944518,-0.0028768564722397414
197.4,49.03652000752076,0.04206178426222122,-0.002906115814296116
197.5,49.04072618594698,0.04177117268079163,-0.0028943806521422254
197.60000000000002,49.044903303215065,0.04148173461557734,-0.002833819816065544
197.70000000000002,49.04905147667662,0.0411983526339708,-0.0027175686514333153
197.8,49.05317131194002,0.040926595768827484,-0.0026943427642665972
197.9,49.057263971516896,0.04065716149240084,-0.0027623280883448164
198.0,49.06132968766614,0.040380928683566374,-0.0027785887287869802
198.10000000000002,49.065367780534494,0.04010306981068761,-0.0027589554388771963
198.20000000000002,49.06937808751556,0.03982717426679991,-0.0027076208553951527
198.3,49.07336080494224,0.03955641218126041,-0.0027210661168467092
198.4,49.07731644616037,0.03928430556957575,-0.0027337150460361196
198.5,49.08124487671733,0.03901093406497216,-0.002765480998786758
198.60000000000002,49.085145970123826,0.03873438596509342,-0.002690746158027863
198.70000000000002,49.08901940872033,0.03846531134929065,-0.0025208293305493306
198.8,49.09286593985526,0.03821322841623573,-0.0023739017285943176
198.9,49.09668726269689,0.03797583824337631,-0.0021532616969954623
199.0,49.100484846521226,0.037760512073676776,-0.0019317565652992217
199.10000000000002,49.104260897728594,0.03756733641714681,-0.001647939150397442
199.20000000000002,49.1080176313703,0.037402542502107075,-0.0013833061692503877
199.3,49.11175788562052,0.037264211885182044,-0.0011697027128108161
199.4,49.11548430680904,0.03714724161390097,-0.0009568795273753028
199.5,49.11919903097042,0.037051553661163444,-0.0008148489876915833
199.60000000000002,49.12290418633654,0.03697006876239427,-0.0006219984842910718
199.70000000000002,49.12660119321278,0.036907868913965164,-0.00048731798887254035
199.8,49.130291980104175,0.03685913711507791,-0.00036795457730528375
199.9,49.13397789381568,0.036822341657347386,-0.00036795457730528375
200.0,49.13766012798142,nan,nan
