Time(s),Drum_Angle(deg),Drum_Velocity(deg/s),Drum_Acceleration(deg/s^2)
0.0,45.0,0.0,-0.0025135743565382618
0.1,45.0,-0.0002513574356538262,-0.002530675656169379
0.2,44.99997486425644,-0.0005044250012707641,-0.0025581005452529606
0.30000000000000004,44.999924421756305,-0.0007602350557960602,-0.0025777914852487265
0.4,44.99984839825073,-0.0010180142043209328,-0.002519171059672948
0.5,44.9997465968303,-0.0012699313102882276,-0.0024076910151731
0.6000000000000001,44.999619603699266,-0.0015107004118055378,-0.002307235752265491
0.7000000000000001,44.99946853365809,-0.001741423987032087,-0.002249436016754647
0.8,44.99929439125938,-0.0019663675887075516,-0.0022634793551772063
0.9,44.99909775450051,-0.002192715524225272,-0.002323292840072239
1.0,44.99887848294809,-0.002425044808232496,-0.002372462838660797
1.1,44.99863597846727,-0.002662291092098576,-0.002388376806080753
1.2000000000000002,44.998369749358055,-0.0029011287727066515,-0.0023694480225956746
1.3,44.99807963648079,-0.0031380735749662186,-0.0023631220305958523
1.4000000000000001,44.99776582912329,-0.003374385778025804,-0.0022480924369021357
1.5,44.99742839054549,-0.0035991950217160174,-0.001986262567083145
1.6,44.99706847104331,-0.003797821278424332,-0.0016513971299068882
1.7000000000000002,44.99668868891548,-0.003962960991415021,-0.00129748291766499
1.8,44.99629239281633,-0.00409270928318152,-0.001021175311741728
1.9000000000000001,44.99588312188801,-0.004194826814355693,-0.0008166874639170551
2.0,44.99546363920658,-0.004276495560747398,-0.0006803174866795707
2.1,44.9950359896505,-0.004344527309415355,-0.0004925192153741593
2.2,44.99460153691956,-0.004393779230952771,-0.000308895881887816
2.3000000000000003,44.99416215899647,-0.004424668819141553,-8.906878648892716e-05
2.4000000000000004,44.99371969211455,-0.004433575697790446,4.217485899363231e-05
2.5,44.993276334544774,-0.004429358211891082,0.00019647424024049604
2.6,44.99283339872358,-0.004409710787867033,0.00031017675307914967
2.7,44.992392427644795,-0.004378693112559118,0.00029375113122828673
2.8000000000000003,44.99195455833354,-0.004349317999436289,0.00029266734079921836
2.9000000000000004,44.991519626533595,-0.004320051265356367,0.00025454676545050384
3.0,44.99108762140706,-0.004294596588811317,0.000186749709044781
3.1,44.99065816174818,-0.004275921617906839,9.396676817347008e-05
3.2,44.99023056958639,-0.004266524941089492,0.00013798145551122118
3.3000000000000003,44.98980391709228,-0.00425272679553837,0.00023414071223123978
3.4000000000000004,44.989378644412724,-0.004229312724315246,0.00024305868891488867
3.5,44.98895571314029,-0.004205006855423757,0.00031378666485476465
3.6,44.98853521245476,-0.00417362818893828,0.00044953709182615726
3.7,44.98811784963586,-0.004128674479755665,0.0006242014812182778
3.8000000000000003,44.987704982187886,-0.004066254331633837,0.0007750946926750317
3.9000000000000004,44.98729835675472,-0.0039887448623663335,0.0009286725099559611
4.0,44.986899482268484,-0.0038958776113707377,0.001104399308830822
4.1000000000000005,44.98650989450735,-0.003785437680487655,0.0012938246786066466
4.2,44.9861313507393,-0.0036560552126269907,0.0014925774220855888
4.3,44.98576574521804,-0.0035067974704184324,0.0016954963246389085
4.4,44.985415065470995,-0.0033372478379545406,0.0019279876210240368
4.5,44.985081340687195,-0.0031444490758521376,0.0021709781814625733
4.6000000000000005,44.984766895779615,-0.002927351257705879,0.0023115271335892667
4.7,44.98447416065384,-0.0026961985443469533,0.0023920652832814956
4.800000000000001,44.98420454079941,-0.0024569920160188025,0.0024214597455613027
4.9,44.983958841597804,-0.002214846041462673,0.0023911324913227037
5.0,44.98373735699366,-0.0019757327923304036,0.002349324267234125
5.1000000000000005,44.98353978371443,-0.0017408003656069898,0.002304112831286739
5.2,44.98336570367787,-0.0015103890824783167,0.0022645500390989243
5.300000000000001,44.98321466476962,-0.001283934078568423,0.0022048415768840474
5.4,44.98308627136176,-0.001063449920880019,0.0021716573589944466
5.5,44.98297992636967,-0.0008462841849805752,0.002101863151312544
5.6000000000000005,44.982895297951174,-0.0006360978698493197,0.0019958362048340464
5.7,44.98283168816419,-0.00043651424936591576,0.0019277724170083702
5.800000000000001,44.98278803673925,-0.00024373700766507772,0.001866864216808074
5.9,44.98276366303849,-5.7050585984270985e-05,0.0019001424742418822
6.0,44.98275795797989,0.00013296366143991656,0.0018564492984354708
6.1000000000000005,44.982771254346034,0.00031860859128346464,0.0017046381433467239
6.2,44.98280311520516,0.0004890724056181364,0.0014519047319558947
6.300000000000001,44.98285202244572,0.0006342628788137267,0.0012284306058241894
6.4,44.98291544873361,0.0007571059393961452,0.0009803944098309182
6.5,44.98299115932755,0.0008551453803792367,0.0007057733492047514
6.6000000000000005,44.98307667386558,0.0009257227152997122,0.00045105475029373783
6.7,44.98316924613711,0.0009708281903290858,0.00022206753606708477
6.800000000000001,44.98326632895615,0.0009930349439357944,1.3945972614296025e-05
6.9,44.983365632450536,0.000994429541197224,-0.0002882932904251661
7.0,44.98346507540466,0.0009656002121547075,-0.000570120469545948
7.1000000000000005,44.98356163542587,0.0009085881652001124,-0.0008555339136911313
7.2,44.98365249424239,0.0008230347738309995,-0.0011177912334798337
7.300000000000001,44.98373479771978,0.0007112556504830156,-0.001422245176982006
7.4,44.98380592328483,0.0005690311327848155,-0.0016741800067596932
7.5,44.9838628263981,0.00040161313210884675,-0.0019748069725310825
7.6000000000000005,44.98390298771132,0.00020413243485573745,-0.0023144315196815895
7.7,44.9839234009548,-2.7310717112420668e-05,-0.002641031068059879
7.800000000000001,44.98392066988309,-0.00029141382391841,-0.0030649429052967522
7.9,44.9838915285007,-0.0005979081144480841,-0.003503196074294708
8.0,44.98383173768925,-0.0009482277218775537,-0.004056053102562283
8.1,44.98373691491707,-0.0013538330321337805,-0.004633355490683142
8.200000000000001,44.98360153161385,-0.0018171685812021013,-0.005211212569797512
8.3,44.98341981475573,-0.0023382898381818507,-0.005704521785379702
8.4,44.98318598577191,-0.002908742016719819,-0.0061372655722375736
8.5,44.982895111570244,-0.003522468573943574,-0.00643975063799015
8.6,44.98254286471285,-0.004166443637742587,-0.006706577314067293
8.700000000000001,44.98212622034907,-0.004837101369149326,-0.0068931577201988385
8.8,44.981642510212154,-0.005526417141169207,-0.007082619369688539
8.9,44.98108986849804,-0.0062346790781380584,-0.007267500789351787
9.0,44.980466400590224,-0.0069614291570732345,-0.007419826544612677
9.1,44.97977025767452,-0.0077034118115345,-0.0075852246820166565
9.200000000000001,44.978999916493365,-0.008461934279736176,-0.0077572234647648175
9.3,44.97815372306539,-0.009237656626212655,-0.007932725107459598
9.4,44.97722995740277,-0.010030929136958612,-0.008089542429660883
9.5,44.97622686448907,-0.010839883379924697,-0.008235944462345901
9.600000000000001,44.97514287615108,-0.0116634778261593,-0.008387716975155989
9.700000000000001,44.97397652836847,-0.012502249523674895,-0.00850921011503625
9.8,44.972726303416096,-0.013353170535178517,-0.008586848202374004
9.9,44.97139098636258,-0.014211855355415914,-0.008608885295376779
10.0,44.96996980082704,-0.01507274388495359,-0.008597011831255347
10.100000000000001,44.96846252643854,-0.015932445068079136,-0.008582397184005195
10.200000000000001,44.966869281931736,-0.016790684786479652,-0.008547860813701114
10.3,44.96519021345309,-0.01764547086784976,-0.008405775951031038
10.4,44.963425666366305,-0.01848604846295286,-0.008247639167511494
10.5,44.96157706152001,-0.019310812379704008,-0.00807608885350505
10.600000000000001,44.95964598028204,-0.020118421265054524,-0.007803982888015704
10.700000000000001,44.957634138155534,-0.020898819553856092,-0.007447605703223933
10.8,44.95554425620015,-0.021643580124178483,-0.007039717843042953
10.9,44.95337989818773,-0.022347551908482775,-0.006709338701088956
11.0,44.95114514299688,-0.02301848577859167,-0.006379879039358888
11.100000000000001,44.94884329441902,-0.023656473682527566,-0.0060704591754974025
11.200000000000001,44.94647764705077,-0.024263519600077305,-0.0057384815641649475
11.3,44.94405129509076,-0.024837367756493797,-0.005510473510442779
11.4,44.941567558315114,-0.025388415107538073,-0.005249908598451791
11.5,44.93902871680436,-0.02591340596738325,-0.005024431292492552
11.600000000000001,44.93643737620762,-0.026415849096632513,-0.004766892074248592
11.700000000000001,44.93379579129795,-0.02689253830405737,-0.00447345215403948
11.8,44.93110653746755,-0.027339883519461317,-0.004186284020165438
11.9,44.9283725491156,-0.02775851192147786,-0.0038208377735317457
12.0,44.92559669792345,-0.028140595698831032,-0.0034402047944142307
12.100000000000001,44.922782638353574,-0.02848461617827246,-0.003073858886658541
12.200000000000001,44.919934176735744,-0.028792002066938313,-0.0026818532852500047
12.3,44.91705497652905,-0.029060187395463313,-0.002317849546767539
12.4,44.91414895778951,-0.029291972350140066,-0.0019156167176625075
12.5,44.911219760554495,-0.029483534021906316,-0.0015496458762512392
12.600000000000001,44.9082714071523,-0.029638498609531442,-0.001152459193887391
12.700000000000001,44.905307557291344,-0.02975374452892018,-0.0007329135275122049
12.8,44.90233218283846,-0.0298270358816714,-0.0002909973068111065
12.9,44.89934947925029,-0.02985613561235251,9.410933002874273e-05
13.0,44.896363865689054,-0.029846724679349637,0.0005047737418141793
13.100000000000001,44.893379193221115,-0.02979624730516822,0.0008773056271659006
13.200000000000001,44.8903995684906,-0.02970851674245163,0.0011623905393295289
13.3,44.88742871681636,-0.029592277688518676,0.0014040437450006016
13.4,44.884469489047504,-0.029451873314018617,0.0016505827395826903
13.5,44.881524301716105,-0.029286815040060348,0.0019867647063360745
13.600000000000001,44.878595620212096,-0.029088138569426738,0.002317833538790026
13.700000000000001,44.875686806355155,-0.028856355215547736,0.0025962772788661833
13.8,44.8728011708336,-0.02859672748766112,0.0028824375730871384
13.9,44.869941498084835,-0.028308483730352406,0.003050002916764095
14.0,44.8671106497118,-0.028003483438675997,0.0031722153628103884
14.100000000000001,44.86431030136793,-0.027686261902394954,0.003241986335530284
14.200000000000001,44.86154167517769,-0.027362063268841927,0.0033181050159643405
14.3,44.858805468850804,-0.027030252767245494,0.003360959099478004
14.4,44.85610244357408,-0.026694156857297695,0.0034199150124607
14.5,44.85343302788835,-0.026352165356051626,0.003504474651609328
14.600000000000001,44.85079781135275,-0.026001717890890688,0.003537837717996878
14.700000000000001,44.84819763956366,-0.025647934119091,0.003524868388559156
14.8,44.84563284615175,-0.025295447280235087,0.0035816512372999335
14.9,44.843103301423724,-0.024937282156505095,0.003701475698497567
15.0,44.84060957320808,-0.02456713458665534,0.003915390753534677
15.100000000000001,44.83815285974941,-0.024175595511301867,0.0041330257079902144
15.200000000000001,44.83573530019828,-0.023762292940502847,0.004378388228979834
15.3,44.83335907090423,-0.023324454117604865,0.004594325631846907
15.4,44.83102662549247,-0.022865021554420176,0.004816026995963108
15.5,44.82874012333703,-0.022383418854823867,0.005020627183393403
15.600000000000001,44.82650178145155,-0.02188135613648452,0.005166443948176319
15.700000000000001,44.8243136458379,-0.02136471174166689,0.005357369991625864
15.8,44.82217717466373,-0.020828974742504305,0.005480558051837189
15.9,44.820094277189476,-0.020280918937320588,0.005556389569116741
16.0,44.81806618529575,-0.019725279980408916,0.00559611522195794
16.1,44.816093657297706,-0.019165668458213114,0.005585204339139512
16.2,44.814177090451885,-0.018607148024299174,0.005505415634660246
16.3,44.81231637564945,-0.018056606460833142,0.005421703782671267
16.400000000000002,44.81051071500337,-0.017514436082566007,0.005370479958084876
16.5,44.80875927139511,-0.01697738808675753,0.005301188070692333
16.6,44.80706153258644,-0.01644726927968829,0.005248692520104279
16.7,44.80541680565847,-0.015922400027677874,0.00522267095734104
16.8,44.8038245656557,-0.015400132931943762,0.0051362404993903245
16.900000000000002,44.80228455236251,-0.014886508882004722,0.0050845304343512645
17.0,44.80079590147431,-0.014378055838569607,0.005092778202053225
17.1,44.79935809589045,-0.013868778018364277,0.005133203672730886
17.2,44.79797121808861,-0.0133554576510912,0.005131790581628586
17.3,44.796635672323504,-0.012842278592928334,0.005107977156132232
17.400000000000002,44.79535144446421,-0.012331480877315103,0.005079593716196076
17.5,44.79411829637648,-0.011823521505695506,0.0049963324058453756
17.6,44.79293594422591,-0.011323888265110962,0.004914047394598398
17.7,44.7918035553994,-0.010832483525651132,0.0047633889402854904
17.8,44.79072030704683,-0.010356144631622577,0.004623799196008582
17.900000000000002,44.78968469258367,-0.009893764712021712,0.0044576582361356264
18.0,44.78869531611247,-0.009447998888408159,0.00420697835086476
18.1,44.78775051622363,-0.009027301053321677,0.003969439905530442
18.2,44.786847786118294,-0.008630357062768641,0.003717047481251924
18.3,44.78598475041202,-0.008258652314643443,0.0033767272909984406
18.400000000000002,44.78515888518056,-0.007920979585543594,0.003085192817336293
18.5,44.784366787222,-0.007612460303809972,0.0028755965184828107
18.6,44.78360554119162,-0.0073249006519616865,0.0026972148180011827
18.7,44.78287305112642,-0.007055179170161574,0.002548951895249717
18.8,44.78216753320941,-0.006800283980636599,0.0024217360455913548
18.900000000000002,44.781487504811345,-0.00655811037607746,0.0022504764994085154
19.0,44.780831693773735,-0.006333062726136613,0.0020390494492495263
19.1,44.78019838750112,-0.0061291577812116575,0.0018168646984461064
19.200000000000003,44.779585471723,-0.005947471311367044,0.0016654731020625093
19.3,44.778990724591864,-0.005780924001160797,0.0015783883126037816
19.400000000000002,44.77841263219175,-0.0056230851699004165,0.001557942950975772
19.5,44.77785032367476,-0.005467290874802843,0.001611545936538184
19.6,44.77730359458728,-0.005306136281149022,0.0017255850981360875
19.700000000000003,44.776772980959166,-0.005133577771335411,0.001744591388120698
19.8,44.77625962318203,-0.004959118632523345,0.0017554260855461468
19.900000000000002,44.77576371131878,-0.0047835760239687275,0.0018202621825621913
20.0,44.775285353716384,-0.004601549805712512,0.0019030538054578313
20.1,44.77482519873581,-0.004411244425166726,0.0020280223249738672
20.200000000000003,44.774384074293295,-0.004208442192669337,0.002150651421747943
20.3,44.773963230074024,-0.003993377050494547,0.0023656270777751643
20.400000000000002,44.773563892368976,-0.0037568143427170273,0.0026400272858715388
20.5,44.773188210934705,-0.003492811614129879,0.0029284200999228557
20.6,44.77283892977329,-0.0031999696041375893,0.003189934119528215
20.700000000000003,44.77251893281288,-0.0028809761921847633,0.00342065406234077
20.8,44.77223083519366,-0.0025389107859506935,0.003612522061951299
20.900000000000002,44.77197694411507,-0.0021776585797555585,0.0037739632596197237
21.0,44.77175917825709,-0.0018002622537935942,0.0038746602156564084
21.1,44.77157915203171,-0.0014127962322279478,0.003991146662790479
21.200000000000003,44.771437872408484,-0.0010136815659488943,0.004128254923305257
21.3,44.77133650425189,-0.0006008560736183773,0.004261588604237811
21.400000000000002,44.77127641864453,-0.00017469721319459015,0.004348203237630992
21.5,44.77125894892321,0.0002601231105684998,0.004453260501823322
21.6,44.771284961234265,0.0007054491607508383,0.004602379835365587
21.700000000000003,44.77135550615034,0.0011656871442874035,0.004821101926488429
21.8,44.771472074864775,0.0016477973369362362,0.005062606911250091
21.900000000000002,44.77163685459846,0.0021540580280612525,0.005377670999467565
22.0,44.771852260401275,0.0026918251280079976,0.005649884459802271
22.1,44.77212144291407,0.0032568135739882327,0.005818502137851004
22.200000000000003,44.77244712427147,0.0038386637877733413,0.005989194315025425
22.3,44.77283099065025,0.004437583219275871,0.006080563119282446
22.400000000000002,44.77327474897218,0.005045639531204124,0.006186636929674303
22.5,44.7737793129253,0.0056643032241715414,0.006325695665674657
22.6,44.774345743247714,0.006296872790739016,0.006453979556864815
22.700000000000003,44.77497543052679,0.006942270746425507,0.006708668810308485
22.8,44.77566965760143,0.007613137627456341,0.006995616211100228
22.900000000000002,44.77643097136418,0.008312699248566374,0.007213697910739434
23.0,44.77726224128903,0.009034069039640302,0.007391242335178307
23.1,44.778165648192996,0.009773193273158143,0.007580307229604254
23.200000000000003,44.779142967520315,0.01053122399611858,0.007708468010308869
23.3,44.780196089919926,0.01130207079714945,0.007818876574667802
23.400000000000002,44.78132629699964,0.012083958454616241,0.00796136593471325
23.5,44.782534692845104,0.012880095048087549,0.00811655831951352
23.6,44.78382270234991,0.013691750880038912,0.008189106706579402
23.700000000000003,44.78519187743791,0.014510661550696864,0.008177200763509473
23.8,44.78664294359298,0.015328381627047794,0.00814226793246406
23.900000000000002,44.78817578175569,0.016142608420294212,0.008088107822754423
24.0,44.789790042597716,0.016951419202569637,0.008018484983851246
24.1,44.791485184517974,0.017753267700954773,0.007971869400301831
24.200000000000003,44.79326051128807,0.018550454640984967,0.00797433550171273
24.3,44.795115556752165,0.019347888191156223,0.007964942146335375
24.400000000000002,44.797050345571286,0.020144382405789772,0.007993478267614634
24.5,44.799064783811865,0.02094373023255122,0.008001010295913432
24.6,44.80115915683512,0.021743831262142573,0.008000535330801122
24.700000000000003,44.80333353996133,0.022543884795222697,0.007999230511457619
24.8,44.80558792844086,0.023343807846368442,0.008011715531639093
24.900000000000002,44.80792230922549,0.024144979399532362,0.007971348274475421
25.0,44.81033680716544,0.024942114226979888,0.007802888476362527
25.1,44.81283101858814,0.02572240307461615,0.007541365722501938
25.200000000000003,44.81540325889561,0.026476539646866356,0.007270835148986218
25.3,44.81805091286029,0.027203623161764962,0.00698550889020586
25.400000000000002,44.82077127517647,0.027902174050785558,0.006728936084350813
25.5,44.82356149258155,0.028575067659220625,0.006390299963300156
25.6,44.82641899934747,0.02921409765555065,0.006011131228123632
25.700000000000003,44.82934040911302,0.02981521077836302,0.005622148656374263
25.8,44.83232193019086,0.030377425644000436,0.005227527707387514
25.900000000000002,44.83535967275526,0.030900178414739195,0.004855665984388364
26.0,44.83844969059673,0.03138574501317802,0.004463459206237453
26.1,44.84158826509805,0.03183209093380177,0.004091393057649659
26.200000000000003,44.84477147419143,0.032241230239566744,0.003752897245639871
26.3,44.84799559721539,0.03261651996413072,0.0033920407222705552
26.400000000000002,44.8512572492118,0.032955724036357784,0.003118351548984374
26.5,44.854552821615435,0.033267559191256214,0.0028831831503501057
26.6,44.85787957753456,0.03355587750629123,0.002533763014053897
26.700000000000003,44.861235165285194,0.03380925380769662,0.0021504906889808816
26.8,44.86461609066596,0.034024302876594706,0.0018002599965168558
26.900000000000002,44.86801852095362,0.034204328876246394,0.0014349893702523709
27.0,44.87143895384124,0.03434782781327163,0.00108176653257573
27.1,44.874873736622575,0.0344560044665292,0.0008139682327715109
27.200000000000003,44.87831933706922,0.034537401289806355,0.0006287056879382548
27.3,44.881773077198204,0.03460027185860018,0.0005283372925828708
27.400000000000002,44.88523310438406,0.03465310558785847,0.00038808780235683734
27.5,44.88869841494285,0.03469191436809415,0.00030270243417492975
27.6,44.89216760637966,0.03472218461151164,0.00017209908239529148
27.700000000000003,44.89563982484081,0.03473939451975117,8.548152194691642e-05
27.8,44.899113764292785,0.034747942671945864,2.4006169791409784e-05
27.900000000000002,44.902588558559984,0.034750343288925005,1.1784340957915725e-06
28.0,44.90606359288888,0.034750461132334584,7.656616984735745e-06
28.1,44.90953863900211,0.03475122679403306,8.440379325534588e-05
28.200000000000003,44.91301376168151,0.03475966717335859,0.00019287933518304513
28.3,44.916489728398844,0.034778955106876897,0.0003559565474896919
28.400000000000002,44.919967623909535,0.034814550761625866,0.0005142463142867563
28.5,44.9234490789857,0.03486597539305454,0.0005306892092506101
28.6,44.926935676525005,0.0349190443139796,0.00047710583885959157
28.700000000000003,44.9304275809564,0.03496675489786556,0.000482029598112079
28.8,44.93392425644619,0.03501495785767677,0.00058680696560994
28.900000000000002,44.93742575223195,0.035073638554237764,0.0007268129026402769
29.0,44.94093311608738,0.03514631984450179,0.000829397397318065
29.1,44.94444774807183,0.0352292595842336,0.0008663627494742575
29.200000000000003,44.94797067403025,0.035315895859181025,0.0009558218900132041
29.3,44.95150226361617,0.03541147804818234,0.0010635469438634846
29.400000000000002,44.95504341142099,0.03551783274256869,0.0011743875493241517
29.5,44.95859519469524,0.035635271497501106,0.0012248808453150899
29.6,44.96215872184499,0.03575775958203262,0.0012172818823310248
29.700000000000003,44.9657344978032,0.03587948777026572,0.0011733013362856092
29.8,44.96932244658023,0.03599681790389428,0.001183279022853642
29.900000000000002,44.97292212837061,0.036115145806179645,0.0012299760207700862
30.0,44.97653364295123,0.03623814340825665,0.001317410203684944
30.1,44.98015745729206,0.03636988442862515,0.0013932886433563687
30.200000000000003,44.98379444573492,0.036509213292960786,0.0014153032616755514
30.3,44.98744536706422,0.03665074361912834,0.0014132116749564015
30.400000000000002,44.99111044142613,0.03679206478662398,0.0013004557502334646
30.5,44.994789647904796,0.036922110361647324,0.0011829669538136575
30.6,44.998481858940956,0.03704040705702869,0.0011160131974024942
30.700000000000003,45.00218589964666,0.03715200837676894,0.0011426857086657242
30.8,45.00590110048434,0.03726627694763551,0.0011493111417864275
30.900000000000002,45.0096277281791,0.03738120806181416,0.0011277473844182697
31.0,45.01336584898528,0.03749398280025598,0.0010839145682205022
31.1,45.01711524726531,0.03760237425707803,0.0010436059190932342
31.200000000000003,45.02087548469102,0.03770673484898736,0.0010558309151422144
31.3,45.02464615817591,0.03781231794050158,0.0011921567203919234
31.400000000000002,45.02842738996996,0.03793153361254077,0.001359817185132521
31.5,45.03222054333122,0.03806751533105402,0.0014631320674163076
31.6,45.036027294864326,0.038213828537795654,0.0015631821608134062
31.700000000000003,45.039848677718105,0.038370146753876996,0.0015895952876219038
31.8,45.04368569239349,0.03852910628263918,0.0016670119001147468
31.900000000000002,45.047538603021756,0.03869580747265066,0.0017098177316194844
32.0,45.05140818376902,0.038866789245812605,0.001740910747173283
32.1,45.0552948626936,0.039040880320529936,0.001747304010620887
32.2,45.05919895072565,0.03921561072159203,0.00166135638241698
32.300000000000004,45.06312051179781,0.03938174635983373,0.0015420984438589873
32.4,45.067058686433796,0.03953595620421962,0.0013988926614979186
32.5,45.07101228205422,0.03967584547036941,0.0012226853047859858
32.6,45.074979866601254,0.03979811400084801,0.0011138632979255777
32.7,45.07895967800134,0.03990950033064057,0.0009813366517833488
32.800000000000004,45.0829506280344,0.04000763399581891,0.000911402500172794
32.9,45.086951391433985,0.04009877424583618,0.0008627756150791798
33.0,45.09096126885857,0.0401850518073441,0.0007514222556963856
33.1,45.0949797740393,0.04026019403291374,0.0006701197218229775
33.2,45.09900579344259,0.04032720600509604,0.0006557489186721683
33.300000000000004,45.10303851404311,0.04039278089696326,0.000701962511899008
33.4,45.1070777921328,0.040462977148153154,0.0007740580179305014
33.5,45.111124089847614,0.040540382949946205,0.0008748006565617458
33.6,45.11517812814261,0.04062786301560238,0.0010532916928693836
33.7,45.11924091444417,0.04073319218488932,0.0012455343411838476
33.800000000000004,45.12331423366266,0.04085774561900771,0.0014659872849035055
33.9,45.12740000822456,0.04100434434749805,0.001679949030858306
34.0,45.13150044265931,0.04117233925058388,0.0018681595730920138
34.1,45.13561767658437,0.041359155207893086,0.001951481299468344
34.2,45.13975359210516,0.041554303337839923,0.0019276868978029553
34.300000000000004,45.14390902243894,0.04174707202762022,0.0018230353598354741
34.4,45.148083729641705,0.04192937556360376,0.0016996100172453797
34.5,45.152276667198066,0.0420993365653283,0.0015708339623697386
34.6,45.1564866008546,0.042256419961565275,0.001405708120174925
34.7,45.16071224285076,0.04239699077358277,0.0012092084366084439
34.800000000000004,45.164951941928116,0.042517911617243616,0.00109478446359431
34.9,45.16920373308984,0.04262739006360304,0.0010634477256478273
35.0,45.173466472096194,0.042733734836167825,0.0010279654406339233
35.1,45.177739845579815,0.04283653138023122,0.0009709807329578852
35.2,45.18202349871784,0.04293362945352701,0.0008267741264015326
35.300000000000004,45.186316861663194,0.04301630686616716,0.0007043506226267882
35.4,45.190618492349806,0.04308674192842984,0.0006020717491146602
35.5,45.19492716654265,0.043146949103341305,0.0005189661484849349
35.6,45.19924186145298,0.0431988457181898,0.0004650705809675016
35.7,45.2035617460248,0.04324535277628655,0.0005241036931781443
35.800000000000004,45.20788628130243,0.043297763145604365,0.0005440226700216853
35.9,45.21221605761699,0.04335216541260653,0.0006438691825596996
36.0,45.216551274158256,0.0434165523308625,0.0008243678039505813
36.1,45.22089292939134,0.04349898911125756,0.001085991836064419
36.2,45.22524282830246,0.043607588294864004,0.001326745839638122
36.300000000000004,45.229603587131955,0.04374026287882782,0.0014620822313679697
36.4,45.23397761341983,0.04388647110196461,0.0015360243776780167
36.5,45.23836626053003,0.04404007353973241,0.0015454375783685362
36.6,45.242770267884005,0.044194617297569266,0.0015409395744673874
36.7,45.24718972961376,0.04434871125501601,0.0015358775208991957
36.800000000000004,45.25162460073926,0.04450229900710593,0.0014621059791337374
36.9,45.256074830639974,0.044648509605019294,0.0013361421510071723
37.0,45.26053968160048,0.044782123820120014,0.0011988512956687648
37.1,45.26501789398249,0.04490200894968689,0.0009684143638179766
37.2,45.26950809487746,0.04499885038606869,0.0007705661414321331
37.300000000000004,45.274007979916064,0.045075907000211905,0.000633942292268022
37.4,45.27851557061609,0.045139301229438704,0.000570766149378252
37.5,45.283029500739026,0.04519637784437653,0.0005453925803845023
37.6,45.28754913852347,0.04525091710241498,0.0005094097711451289
37.7,45.29207423023371,0.045301858079529495,0.0004621647593538243
37.800000000000004,45.29660441604166,0.04534807455546488,0.00047801404971468893
37.9,45.30113922349721,0.045395875960436344,0.0005241913946991203
38.0,45.30567881109325,0.04544829509990626,0.0005690965809857564
38.1,45.31022364060324,0.04550520475800483,0.0005809458982439842
38.2,45.31477416107904,0.04556329934782923,0.0005844451126109984
38.300000000000004,45.31933049101382,0.04562174385909033,0.0005830915064694493
38.400000000000006,45.32389266539973,0.04568005300973728,0.0005280581028426929
38.5,45.32846067070071,0.045732858820021545,0.0004868776204170547
38.6,45.33303395658271,0.04578154658206325,0.00046507267906981847
38.7,45.337612111240915,0.045828053849970234,0.0003989657341675555
38.800000000000004,45.342194916625914,0.04586795042338699,0.000294755916902599
38.900000000000006,45.34678171166825,0.04589742601507725,0.00014256969582190337
39.0,45.35137145426976,0.04591168298465944,-2.4058950410521187e-05
39.1,45.35596262256823,0.04590927708961839,-0.00016473610229661195
39.2,45.36055355027719,0.045892803479388726,-0.00025371110241339726
39.300000000000004,45.365142830625125,0.045867432369147386,-0.0002851104901845745
39.400000000000006,45.36972957386204,0.04583892132012893,-0.0003883830213227217
39.5,45.37431346599405,0.04580008301799666,-0.0005246073961251355
39.6,45.37889347429585,0.045747622278384144,-0.0006554478892025529
39.7,45.38346823652369,0.04568207748946389,-0.0008017612795287063
39.800000000000004,45.388036444272636,0.045601901361511016,-0.0009919585614100721
39.900000000000006,45.39259663440879,0.04550270550537001,-0.0011451714857674223
40.0,45.39714690495933,0.04538818835679327,-0.0013651511532090045
40.1,45.401685723795005,0.04525167324147237,-0.0015872713891347309
40.2,45.40621089111915,0.045092946102558894,-0.0018606032456600515
40.300000000000004,45.41072018572941,0.044906885777992886,-0.002125268654237342
40.400000000000006,45.415210874307206,0.04469435891256915,-0.0022908939606697872
40.5,45.419680310198466,0.04446526951650218,-0.00239169800174504
40.6,45.42412683715011,0.044226099716327676,-0.0024499449220591676
40.7,45.428549447121746,0.043981105224121755,-0.0024629157566196168
40.800000000000004,45.43294755764416,0.04373481364845979,-0.002445709286546492
40.900000000000006,45.43732103900901,0.04349024271980514,-0.0023344367795757126
41.0,45.44167006328099,0.04325679904184758,-0.0022382748969520766
41.1,45.44599574318517,0.04303297155215237,-0.0021531358397714304
41.2,45.45029904034038,0.04281765796817522,-0.0021146856822171606
41.300000000000004,45.4545808061372,0.042606189399953504,-0.0020860714795332674
41.400000000000006,45.458841425077196,0.042397582252000174,-0.0021776475390225384
41.5,45.4630811833024,0.04217981749809793,-0.0022069801113364478
41.6,45.46729916505221,0.041959119486964284,-0.002263765878760228
41.7,45.4714950770009,0.04173274289908826,-0.0023440593256375208
41.800000000000004,45.475668351290814,0.0414983369665245,-0.0024859833888302495
41.900000000000006,45.479818184987465,0.041249738627641475,-0.002608243968147346
42.0,45.48394315885023,0.040988914230826755,-0.002695676395778574
42.1,45.488042050273314,0.040719346591248894,-0.0027737551556536754
42.2,45.49211398493244,0.04044197107568352,-0.0028501183364612894
42.300000000000004,45.496158182040006,0.04015695924203739,-0.0029327859350603974
42.400000000000006,45.50017387796421,0.039863680648531345,-0.003051375838630209
42.5,45.504160246029066,0.03955854306466834,-0.0032083770193397604
42.6,45.50811610033553,0.03923770536273436,-0.0033363878897790327
42.7,45.5120398708718,0.03890406657375645,-0.0034960165908089398
42.800000000000004,45.51593027752918,0.038554464914675554,-0.0035889180488291915
42.900000000000006,45.51978572402065,0.03819557310979263,-0.003742892662333274
43.0,45.523605281331626,0.037821283843559324,-0.003880145778840605
43.1,45.527387409715985,0.03743326926567526,-0.0039812285804557415
43.2,45.53113073664255,0.03703514640762968,-0.004094148485418528
43.300000000000004,45.534834251283314,0.03662573155908782,-0.004090778920161156
43.400000000000006,45.53849682443922,0.0362166536670717,-0.004113327796308906
43.5,45.54211848980593,0.03580532088744083,-0.0041200642986723955
43.6,45.54569902189467,0.035393314457573585,-0.0040934967800820956
43.7,45.54923835334043,0.03498396477956537,-0.00410598694838096
43.800000000000004,45.552736749818386,0.03457336608472727,-0.004103888346758411
43.900000000000006,45.556194086426856,0.03416297725005142,-0.0041483361975859084
44.0,45.55961038415187,0.033748143630292854,-0.004146385408999805
44.1,45.562985198514895,0.03333350508939287,-0.004231378588356464
44.2,45.56631854902383,0.032910367230557215,-0.004338109792824612
44.300000000000004,45.56960958574689,0.03247655625127475,-0.00439576765015285
44.400000000000006,45.57285724137201,0.032036979486259456,-0.004457426176708971
44.5,45.57606093932064,0.031591236868588585,-0.004501527184740157
44.6,45.5792200630075,0.031141084150114563,-0.004482023634969328
44.7,45.58233417142251,0.030692881786617623,-0.004427853831914282
44.800000000000004,45.585403459601174,0.03025009640342619,-0.0043825938116103386
44.900000000000006,45.588428469241514,0.02981183702226515,-0.004408250717125591
45.0,45.591409652943746,0.029371011950552615,-0.004458390444690089
45.1,45.5943467541388,0.0289251729060836,-0.004525304140698029
45.2,45.59723927142941,0.02847264249201379,-0.004600532446656235
45.300000000000004,45.60008653567861,0.02801258924734816,-0.004660878535849466
45.400000000000006,45.60288779460334,0.027546501393763207,-0.004746594072205747
45.5,45.60564244474272,0.02707184198654266,-0.004756760889097491
45.6,45.608349628941376,0.026596165897632904,-0.00473105935906191
45.7,45.611009245531136,0.026123059961726706,-0.004720647856108834
45.800000000000004,45.61362155152731,0.025650995176115816,-0.00470229590383998
45.900000000000006,45.61618665104492,0.02518076558573181,-0.004655988441692898
46.0,45.61870472760349,0.024715166741562548,-0.004510092193896585
46.1,45.62117624427765,0.024264157522172883,-0.004344781234988667
46.2,45.62360266002987,0.02382967939867401,-0.004181133040212513
46.300000000000004,45.62598562796973,0.023411566094652753,-0.004040964472077543
46.400000000000006,45.6283267845792,0.023007469647444993,-0.003906715328398522
46.5,45.630627531543944,0.022616798114605163,-0.0036976686065032754
46.6,45.632889211355405,0.02224703125395483,-0.0034259056389739292
46.7,45.6351139144808,0.021904440690057432,-0.003060531316385331
46.800000000000004,45.637304358549805,0.021598387558418895,-0.00269673493749761
46.900000000000006,45.63946419730565,0.02132871406466913,-0.002413915673971192
47.0,45.641597068712116,0.021087322497272024,-0.0021119543675463723
47.1,45.64370580096184,0.020876127060517384,-0.0018989908586410165
47.2,45.645793413667896,0.02068622797465328,-0.0017244976971044384
47.300000000000004,45.64786203646536,0.020513778204942833,-0.0015664693249183485
47.400000000000006,45.649913414285855,0.020357131272450996,-0.0014260410239179864
47.5,45.6519491274131,0.020214527170059206,-0.001334407590027705
47.6,45.65397058013011,0.020081086411056433,-0.0012614632331977252
47.7,45.655978688771214,0.01995494008773666,-0.001269447688442299
47.800000000000004,45.65797418277998,0.019827995318892427,-0.0013086572258865108
47.900000000000006,45.659956982311876,0.019697129596303774,-0.0013313946580931623
48.0,45.661926695271504,0.019563990130494466,-0.0013215822002906627
48.1,45.66388309428455,0.019431831910465398,-0.0012931701356226437
48.2,45.6658262774756,0.01930251489690313,-0.0013272678349692832
48.300000000000004,45.66775652896529,0.0191697881134062,-0.0013859786197590953
48.400000000000006,45.66967350777663,0.01903119025143029,-0.0014797010900100835
48.5,45.67157662680177,0.01888322014242929,-0.0016284798611695035
48.6,45.67346494881602,0.018720372156312337,-0.0018475524893468446
48.7,45.675336986031645,0.01853561690737765,-0.0020083945615832132
48.800000000000004,45.67719054772238,0.018334777451219326,-0.0021437262178425733
48.900000000000006,45.679024025467506,0.018120404829435065,-0.0023674546446419238
49.0,45.68083606595045,0.017883659364970887,-0.0025060885092792464
49.1,45.68262443188695,0.01763305051404296,-0.002616749008713147
49.2,45.684387736938355,0.01737137561317164,-0.002698199930324035
49.300000000000004,45.68612487449967,0.017101555620139233,-0.002819628273813818
49.400000000000006,45.687835030061684,0.016819592792757847,-0.0029854391005201086
49.5,45.68951698934096,0.016521048882705853,-0.0031421637445107936
49.6,45.69116909422923,0.01620683250825477,-0.0032576673993504773
49.7,45.69278977748006,0.015881065768319717,-0.003287472350383529
49.800000000000004,45.694377884056884,0.015552318533281359,-0.0032548067584806683
49.900000000000006,45.695933115910215,0.015226837857433288,-0.0031955049663927224
50.0,45.69745579969596,0.014907287360794034,-0.0030594588128680326
50.1,45.69894652843204,0.014601341479507226,-0.002833597921387086
50.2,45.70040666257999,0.014317981687368513,-0.0025670847785383925
50.300000000000004,45.701838460748725,0.01406127320951467,-0.002370738092630273
50.400000000000006,45.70324458806968,0.01382419940025164,-0.0022027168802991053
50.5,45.7046270080097,0.013603927712221742,-0.0021334907866655617
50.6,45.70598740078093,0.013390578633555182,-0.0020680110289537455
50.7,45.70732645864428,0.013183777530659805,-0.002041614319805678
50.800000000000004,45.70864483639735,0.012979616098679234,-0.001983212679250903
50.900000000000006,45.70994279800721,0.012781294830754141,-0.0018528904635570407
51.0,45.71122092749029,0.012596005784398448,-0.0017315704635003438
51.1,45.71248052806873,0.01242284873804841,-0.0016581758085083941
51.2,45.713722812942535,0.012257031157197569,-0.001618005730747539
51.300000000000004,45.71494851605826,0.012095230584122813,-0.0015341627220567418
51.400000000000006,45.716158039116664,0.011941814311917136,-0.0014813834268694705
51.5,45.71735222054786,0.011793675969230198,-0.001374719051382056
51.6,45.71853158814478,0.01165620406409199,-0.0012486586846314342
51.7,45.71969720855119,0.011531338195628845,-0.0011476681389676658
51.800000000000004,45.72085034237075,0.011416571381732077,-0.001100854552494106
51.900000000000006,45.72199199950892,0.011306485926482665,-0.0011467777923132368
52.0,45.72312264810157,0.011191808147251348,-0.0011596349968258377
52.1,45.7242418289163,0.011075844647568762,-0.0011545838227191444
52.2,45.72534941338105,0.010960386265296846,-0.0011563841758022173
52.300000000000004,45.72644545200759,0.010844747847716623,-0.0010903651470426537
52.400000000000006,45.72752992679236,0.010735711333012356,-0.0010401803850409212
52.5,45.72860349792566,0.01063169329450827,-0.0010620371239893436
52.6,45.72966666725511,0.010525489582109334,-0.0010674455793345376
52.7,45.73071921621332,0.010418745024175878,-0.0010360966942389955
52.800000000000004,45.731761090715736,0.010315135354751977,-0.0009385093528433251
52.900000000000006,45.732792604251216,0.010221284419467644,-0.000853807248163363
53.0,45.73381473269316,0.010135903694651312,-0.0007825200945223563
53.1,45.73482832306262,0.010057651685199075,-0.0007597345632592563
53.2,45.735834088231144,0.009981678228873149,-0.0007175720395943554
53.300000000000004,45.73683225605403,0.009909921024913712,-0.0006926829955824781
53.400000000000006,45.73782324815652,0.009840652725355463,-0.0006583237508625577
53.5,45.73880731342906,0.009774820350269211,-0.0005646285023501892
53.6,45.73978479546409,0.009718357500034192,-0.0004241241369330159
53.7,45.74075663121409,0.00967594508634089,-0.00025803506748045524
53.800000000000004,45.74172422572273,0.009650141579592843,-0.00014240397983094626
53.900000000000006,45.74268923988068,0.009635901181609749,-3.505733590463749e-05
54.0,45.743652829998844,0.009632395448019285,2.2743976925316778e-05
54.1,45.744616069543646,0.009634669845711817,4.038717178128937e-05
54.2,45.74557953652822,0.009638708562889946,7.453749836724871e-06
54.300000000000004,45.74654340738451,0.009639453937873618,4.309458238807165e-05
54.400000000000006,45.74750735277829,0.009643763396112425,9.242439151956229e-05
54.5,45.7484717291179,0.009653005835264381,0.00018479591289272555
54.6,45.74943702970143,0.009671485426553654,0.0002680111348289622
54.7,45.75040417824409,0.00969828654003655,0.00037685368165130633
54.800000000000004,45.75137400689809,0.009735971908201682,0.0004907651904517453
54.900000000000006,45.75234760408891,0.009785048427246857,0.0006014382325486215
55.0,45.75332610893164,0.009845192250501716,0.0005846713457318291
55.1,45.75431062815669,0.0099036593850749,0.0005284699291012018
55.2,45.755300994095194,0.00995650637798502,0.0004539236620682117
55.300000000000004,45.75629664473299,0.010001898744191842,0.0004435705504248564
55.400000000000006,45.75729683460741,0.010046255799234328,0.0004832322773590349
55.5,45.75830146018733,0.01009457902697023,0.0005367353746050304
55.6,45.75931091809003,0.010148252564430733,0.0006004869809531859
55.7,45.76032574334647,0.010208301262526052,0.0006387393844608804
55.800000000000004,45.76134657347273,0.010272175200972141,0.0006715613237884529
55.900000000000006,45.762373790992825,0.010339331333350988,0.0006980486596045458
56.0,45.76340772412616,0.010409136199311438,0.0006981750148265108
56.1,45.76444863774609,0.01047895370079409,0.0006749618912578548
56.2,45.76549653311617,0.010546449889919877,0.0006595879841016482
56.300000000000004,45.76655117810516,0.010612408688330043,0.0006373560029212118
56.400000000000006,45.767612418974,0.010676144288622165,0.0006383460335315105
56.5,45.76868003340286,0.010739978891975312,0.0007238848783705233
56.6,45.76975403129205,0.010812367379812365,0.0009210368686821514
56.7,45.770835268030034,0.010904471066680582,0.0011647055495367037
56.800000000000004,45.7719257151367,0.011020941621634254,0.0013892358034924672
56.900000000000006,45.77302780929887,0.011159865201983503,0.0016478783120253589
57.0,45.774143795819064,0.011324653033186029,0.0018306321556503784
57.1,45.775276261122386,0.01150771624875107,0.0019773786110283543
57.2,45.77642703274726,0.011705454109853908,0.0021084524148418326
57.300000000000004,45.77759757815824,0.011916299351338094,0.0022522499795293712
57.400000000000006,45.77878920809338,0.012141524349291034,0.002439403409722554
57.5,45.780003360528305,0.012385464690263276,0.0026279210310401592
57.6,45.78124190699733,0.012648256793367296,0.002778593240873139
57.7,45.78250673267667,0.012926116117454613,0.0028022665815832393
57.800000000000004,45.78379934428842,0.013206342775612941,0.0027401447294457147
57.900000000000006,45.78511997856598,0.013480357248557517,0.002627431729280056
58.0,45.78646801429083,0.013743100421485507,0.0025296497432714276
58.1,45.787842324332985,0.013996065395812654,0.002465954627154567
58.2,45.789241930872564,0.014242660858528114,0.002482073365592061
58.300000000000004,45.79066619695841,0.014490868195087324,0.0024249867208848805
58.400000000000006,45.792115283777925,0.014733366867175815,0.0022911903731991177
58.5,45.79358862046464,0.014962485904495714,0.0021994640904314904
58.6,45.79508486905509,0.015182432313538866,0.0021408942062017345
58.7,45.79660311228645,0.015396521734159042,0.002106121225015014
58.800000000000004,45.79814276445986,0.015607133856660547,0.0021393990443858675
58.900000000000006,45.799703477845526,0.015821073761099137,0.0022029683049817066
59.0,45.801285585221635,0.016041370591597295,0.002225505278332689
59.1,45.802889722280796,0.016263921119430567,0.002184611345407258
59.2,45.80451611439274,0.016482382253971296,0.0021038561317946645
59.300000000000004,45.80616435261814,0.016692767867150765,0.0020307808051161767
59.400000000000006,45.807833629404854,0.016895845947662386,0.001873919185771888
59.5,45.80952321399962,0.017083237866239564,0.0016840586098299426
59.6,45.81123153778624,0.01725164372722256,0.001470840787079257
59.7,45.812956702158964,0.017398727805930488,0.001161422021065621
59.800000000000004,45.81469657493956,0.017514870008037052,0.0008011974023361981
59.900000000000006,45.81644806194036,0.017594989748270673,0.00042173856668959906
60.0,45.81820756091519,0.01763716360493963,5.213484308048892e-05
60.1,45.819971277275684,0.01764237708924768,-0.0003140230244571021
60.2,45.82173551498461,0.01761097478680197,-0.0006830447797002189
60.300000000000004,45.82349661246329,0.017542670308831946,-0.0010226836625001755
60.400000000000006,45.82525087949417,0.017440401942581927,-0.0013568397629879362
60.5,45.82699491968843,0.01730471796628314,-0.0016332391340327772
60.6,45.82872539148506,0.01714139405287986,-0.00186060870765615
60.7,45.830439530890345,0.016955333182114243,-0.0020032709379984017
60.800000000000004,45.83213506420856,0.0167550060883144,-0.0020994034047550464
60.900000000000006,45.83381056481739,0.016545065747838893,-0.002156474731062776
61.0,45.83546507139217,0.016329418274732627,-0.002208128067355094
61.1,45.837098013219645,0.016108605467997115,-0.0022882786423225284
61.2,45.83870887376644,0.01587977760376486,-0.0024180569386084154
61.300000000000004,45.84029685152682,0.015637971909904014,-0.002533775475444289
61.400000000000006,45.84186064871781,0.015384594362359581,-0.0026913845973214304
61.5,45.843399108154046,0.015115455902627454,-0.002823655819969914
61.6,45.84491065374431,0.014833090320630458,-0.002955990292498385
61.7,45.846393962776375,0.014537491291380615,-0.003129710531622865
61.800000000000004,45.84784771190551,0.014224520238218324,-0.003289075781413355
61.900000000000006,45.84927016392933,0.013895612660076984,-0.003492474687572044
62.0,45.85065972519534,0.0135463651913198,-0.0036783594619558923
62.1,45.852014361714474,0.013178529245124205,-0.0038182307376454275
62.2,45.85333221463898,0.012796706171359657,-0.003935208963815967
62.300000000000004,45.85461188525612,0.012403185274978055,-0.0040820367719971
62.400000000000006,45.85585220378362,0.011994981597778339,-0.00425420765152994
62.5,45.8570517019434,0.01156956083262537,-0.0044317366784107975
62.6,45.85820865802666,0.011126387164784283,-0.00459881512912774
62.7,45.85932129674314,0.010666505651871503,-0.004727339867086555
62.800000000000004,45.860387947308325,0.01019377166516284,-0.004777007225038028
62.900000000000006,45.86140732447484,0.009716070942659031,-0.004820088360663954
63.0,45.862378931569104,0.009234062106592663,-0.004858174287186018
63.1,45.863302337779764,0.008748244677874054,-0.004842967888454894
63.2,45.86417716224756,0.008263947889028558,-0.004790197784221913
63.300000000000004,45.86500355703646,0.00778492811060636,-0.0046692088821879306
63.400000000000006,45.86578204984752,0.00731800722238756,-0.004449142076940395
63.5,45.86651385056975,0.006873093014693546,-0.0041975455373286655
63.6,45.86720115987123,0.006453338460960674,-0.004023260481757907
63.7,45.86784649371732,0.006051012412784877,-0.003897421771569539
63.800000000000004,45.8684515949586,0.005661270235627918,-0.003846351772283909
63.900000000000006,45.86901772198216,0.005276635058399521,-0.0038825511425860004
64.0,45.869545385488,0.004888379944140943,-0.003941668828199177
64.10000000000001,45.87003422348242,0.004494213061320992,-0.004006926217234701
64.2,45.87048364478855,0.004093520439597545,-0.004055765423509337
64.3,45.87089299683251,0.003687943897246634,-0.004145060584806514
64.4,45.87126179122223,0.0032734378387659475,-0.004220751574397555
64.5,45.87158913500611,0.002851362681326216,-0.0042314728464233654
64.60000000000001,45.871874271274244,0.0024282153966838434,-0.004202468716717972
64.7,45.87211709281391,0.00200796852501207,-0.004182617731340164
64.8,45.87231788966641,0.0015897067518780774,-0.004219730575309873
64.9,45.8724768603416,0.001167733694347054,-0.004195701416248765
65.0,45.872593633711034,0.0007481635527222014,-0.004138039588056157
65.10000000000001,45.87266845006631,0.0003343595939165504,-0.004045504703276114
65.2,45.8727018860257,-7.019087641103803e-05,-0.0038913748169809768
65.3,45.872694866938055,-0.00045932835810911355,-0.0036904487504420273
65.4,45.872648934102244,-0.0008283732331533477,-0.0035227724316887585
65.5,45.87256609677893,-0.0011806504763222036,-0.003339538257330436
65.60000000000001,45.8724480317313,-0.0015146043020552757,-0.003191969810160592
65.7,45.87229657130109,-0.0018338012830713167,-0.0030265049022798417
65.8,45.87211319117279,-0.0021364517732992837,-0.0028409545746329976
65.9,45.871899545995454,-0.0024205472307626077,-0.0027435715206658657
66.0,45.87165749127238,-0.0026949043828291787,-0.002661160295453949
66.10000000000001,45.871388000834095,-0.0029610204123745962,-0.0025719443360977304
66.2,45.87109189879286,-0.0032182148459843547,-0.002486837929200003
66.3,45.870770077308265,-0.003466898638904341,-0.0023350812232368454
66.4,45.87042338744437,-0.0037004067612280453,-0.0021870591899338
66.5,45.870053346768245,-0.003919112680221413,-0.0019983001122721978
66.60000000000001,45.86966143550023,-0.00411894269144865,-0.0018042568219197779
66.7,45.869249541231085,-0.004299368373640617,-0.0016475267554516022
66.8,45.868819604393714,-0.004464121049185768,-0.0014435275335782944
66.9,45.8683731922888,-0.00460847380254361,-0.0011842769040423871
67.0,45.86791234490855,-0.004726901492947842,-0.0009523010176660174
67.10000000000001,45.86743965475925,-0.004822131594714452,-0.0008389478359391691
67.2,45.86695744159978,-0.004906026378308364,-0.0008293108825758614
67.3,45.86646683896195,-0.004988957466565945,-0.0008851868720178889
67.4,45.86596794321529,-0.005077476153767742,-0.0009838322813218157
67.5,45.865460195599915,-0.005175859381899918,-0.0010972231569720341
67.60000000000001,45.864942609661725,-0.00528558169759713,-0.0010967238951341202
67.7,45.86441405149196,-0.005395254087110536,-0.001057792785368492
67.8,45.86387452608325,-0.005501033365647379,-0.0009416888059656804
67.9,45.863324422746686,-0.005595202246243955,-0.0008371146842643715
68.0,45.862764902522066,-0.005678913714670388,-0.0006993957762583506
68.10000000000001,45.8621970111506,-0.005748853292296229,-0.0005270526360197495
68.2,45.86162212582137,-0.005801558555898201,-0.0003856582638501725
68.3,45.861041969965775,-0.005840124382283216,-0.0003036411858692215
68.4,45.86045795752755,-0.005870488500870141,-0.00021747881538722509
68.5,45.859870908677465,-0.005892236382408862,-9.733421549107775e-05
68.60000000000001,45.85928168503922,-0.0059019698039579705,-4.672264991879236e-05
68.7,45.858691488058824,-0.0059066420689498494,-5.5828543398939217e-05
68.8,45.85810082385193,-0.005912224923289743,-0.0001120041811117434
68.9,45.8575096013596,-0.005923425341400918,-0.00016693712367394238
69.0,45.85691725882546,-0.005940119053768312,-0.00020960148331700593
69.10000000000001,45.856323246920084,-0.005961079202100014,-0.0002852329961603231
69.2,45.855727138999875,-0.005989602501716045,-0.00037781568587144545
69.3,45.8551281787497,-0.006027384070303187,-0.00041961264694963837
69.4,45.85452544034267,-0.0060693453349981545,-0.0004306078267329683
69.5,45.853918505809176,-0.006112406117671449,-0.0004537001045047459
69.60000000000001,45.85330726519741,-0.006157776128121927,-0.0005453393375301795
69.7,45.85269148758459,-0.006212310061874942,-0.0005877686274638545
69.8,45.85207025657841,-0.006271086924621324,-0.0006249647898896165
69.9,45.851443147885945,-0.006333583403610291,-0.0006269112787557581
70.0,45.850809789545586,-0.0063962745314858635,-0.0006361752697495149
70.10000000000001,45.85017016209243,-0.0064598920584608205,-0.0007016530249208796
70.2,45.84952417288659,-0.006530057360952904,-0.0008341336494236759
70.3,45.84887116715049,-0.006613470725895267,-0.0009586052743539243
70.4,45.848209820077905,-0.006709331253330668,-0.001076290047328172
70.5,45.84753888695257,-0.006816960258063479,-0.0011669740602994517
70.60000000000001,45.84685719092676,-0.006933657664093434,-0.0011646375421834265
70.7,45.84616382516035,-0.00705012141831177,-0.0011787394161632124
70.8,45.845458813018524,-0.007167995359928085,-0.0012153702051637392
70.9,45.84474201348253,-0.007289532380444469,-0.0012620849800898763
71.0,45.844013060244485,-0.007415740878453449,-0.0012691354549873885
71.10000000000001,45.84327148615664,-0.007542654423952199,-0.0011819309917776382
71.2,45.84251722071424,-0.007660847523129956,-0.0010139570728254364
71.3,45.841751135961935,-0.007762243230412494,-0.0008576185923818821
71.4,45.84097491163889,-0.00784800508965069,-0.0007755886719330436
71.5,45.84019011112993,-0.00792556395684399,-0.0007468009783417594
71.60000000000001,45.83939755473424,-0.008000244054678172,-0.0006958924329749733
71.7,45.83859753032878,-0.008069833297975665,-0.0005618106362822978
71.8,45.837790546998974,-0.008126014361603892,-0.0004556151646423853
71.9,45.836977945562815,-0.008171575878068134,-0.00030830204365171423
72.0,45.83616078797501,-0.008202406082433304,-0.00012465706596061546
72.10000000000001,45.83534054736677,-0.008214871789029366,-5.250351530032858e-06
72.2,45.834519060187866,-0.00821539682418237,0.00011414265819474242
72.3,45.833697520505446,-0.008203982558362896,0.0002510980002740215
72.4,45.832877122249606,-0.008178872758335492,0.00029828520728270334
72.5,45.83205923497378,-0.008149044237607223,0.0004374355913118093
72.60000000000001,45.831244330550014,-0.008105300678476039,0.0004970542309872787
72.7,45.83043380048217,-0.008055595255377314,0.0005696608180509923
72.8,45.82962824095663,-0.007998629173572218,0.0006328128492467924
72.9,45.82882837803927,-0.007935347888647533,0.0005985105316367097
73.0,45.82803484325041,-0.007875496835483865,0.0005952321461906974
73.10000000000001,45.827247293566856,-0.00781597362086479,0.0006793232011205936
73.2,45.82646569620477,-0.007748041300752735,0.0007496145506254932
73.3,45.8256908920747,-0.00767307984569019,0.0007969551848441642
73.4,45.82492358409013,-0.007593384327205767,0.0008553876636587104
73.5,45.82416424565741,-0.0075078455608399005,0.0008666461935717725
73.60000000000001,45.823413461101325,-0.007421180941482716,0.0009128305701977013
73.7,45.82267134300717,-0.007329897884462951,0.0008559389482569077
73.8,45.82193835321873,-0.007244303989637265,0.0007577560353648617
73.9,45.821213922819766,-0.007168528386100772,0.0006775896064281937
74.0,45.82049706998116,-0.007100769425457957,0.0005549807151119779
74.10000000000001,45.81978699303861,-0.007045271353946754,0.0004511088121404192
74.2,45.819082465903215,-0.007000160472732715,0.00039814321225644696
74.3,45.81838244985594,-0.006960346151507073,0.00038951842548813593
74.4,45.81768641524079,-0.006921394308958256,0.0003627269077421892
74.5,45.8169942758099,-0.006885121618184039,0.0002794575453779415
74.60000000000001,45.816305763648074,-0.006857175863646242,0.00020921508137146532
74.7,45.81562004606171,-0.006836254355509097,3.6841653653998606e-05
74.8,45.81493642062616,-0.006832570190143697,-0.00019618931727966436
74.9,45.81425316360715,-0.006852189121871665,-0.00042852115421672393
75.0,45.81356794469496,-0.006895041237293335,-0.000695732503375866
75.10000000000001,45.81287844057123,-0.006964614487630928,-0.0009407490134764031
75.2,45.812181979122464,-0.007058689388978563,-0.0011719541214974336
75.3,45.81147611018357,-0.0071758848011282995,-0.001385157285760519
75.4,45.810758521703455,-0.007314400529704363,-0.0015028553766905498
75.5,45.81002708165049,-0.00746468606737341,-0.0016475953864048144
75.60000000000001,45.80928061304375,-0.007629445606013905,-0.0017853742214825304
75.7,45.80851766848315,-0.007807983028162148,-0.0019284639590562568
75.8,45.80773687018033,-0.008000829424067763,-0.0021022692690721967
75.9,45.80693678723792,-0.008211056350975,-0.002259969913976201
76.0,45.806115681602826,-0.008437053342372608,-0.0023858776267733166
76.10000000000001,45.805271976268585,-0.00867564110504996,-0.0025027533095354736
76.2,45.804404412158085,-0.008925916436003493,-0.0025673847420748072
76.3,45.80351182051449,-0.009182654910210959,-0.0025469329397628366
76.4,45.80259355502346,-0.009437348204187264,-0.0025834661708209242
76.5,45.801649820203046,-0.009695694821269342,-0.0026494029098445
76.60000000000001,45.800680250720916,-0.009960635112253815,-0.0026692984583210786
76.7,45.79968418720969,-0.010227564958085907,-0.0026768553759026906
76.80000000000001,45.798661430713885,-0.010495250495676199,-0.0026685860781532717
76.9,45.79761190566432,-0.010762109103491511,-0.0026591820989678738
77.0,45.79653569475396,-0.011028027313388283,-0.0027242540304340847
77.10000000000001,45.795432892022625,-0.011300452716431715,-0.00278066769151559
77.2,45.79430284675098,-0.011578519485583258,-0.0027850307950955163
77.30000000000001,45.793144994802425,-0.011857022565092834,-0.0027506425747688902
77.4,45.79195929254592,-0.012132086822569707,-0.002790354660356326
77.5,45.79074608386366,-0.012411122288605324,-0.0029282867034260383
77.60000000000001,45.7895049716348,-0.012703950958947953,-0.003084703766842967
77.7,45.788234576538905,-0.013012421335632232,-0.0031739763842188774
77.80000000000001,45.78693333440534,-0.013329818974054147,-0.0033133906009004373
77.9,45.785600352507934,-0.013661158034144171,-0.0034094228547477986
78.0,45.78423423670452,-0.014002100319618932,-0.003627878784541082
78.10000000000001,45.78283402667256,-0.014364888198073071,-0.003876769261803246
78.2,45.781397537852754,-0.014752565124253374,-0.0040590652804499425
78.30000000000001,45.779922281340326,-0.015158471652298403,-0.004262583576139615
78.4,45.778406434175096,-0.01558473000991234,-0.00446569054632658
78.5,45.776847961174106,-0.016031299064544972,-0.004635355831981422
78.60000000000001,45.77524483126765,-0.016494834647743154,-0.00480307855308094
78.7,45.773595347802875,-0.01697514250305122,-0.004975176025529194
78.80000000000001,45.77189783355257,-0.017472660105604183,-0.005147545720559797
78.9,45.77015056754201,-0.017987414677660133,-0.005329838994548264
79.0,45.768351826074245,-0.01852039857711493,-0.005464003450581011
79.10000000000001,45.766499786216535,-0.019066798922173077,-0.005577379640396464
79.2,45.76459310632432,-0.01962453688621269,-0.005688159882398792
79.30000000000001,45.76263065263569,-0.02019335287445262,-0.005829169022057072
79.4,45.76061131734825,-0.020776269776658293,-0.006008372743961267
79.5,45.758533690370584,-0.021377107051054386,-0.006212939018299971
79.60000000000001,45.75639597966548,-0.021998400952884436,-0.006375085911520301
79.7,45.75419613957019,-0.02263590954403643,-0.006558576465589927
79.80000000000001,45.751932548615784,-0.02329176719059548,-0.006719637280801008
79.9,45.749603371896725,-0.02396373091867554,-0.006845302695139701
80.0,45.747206998804856,-0.024648261188189472,-0.006947640280543473
80.10000000000001,45.74474217268604,-0.02534302521624388,-0.00705075197825889
80.2,45.742207870164414,-0.026048100414069728,-0.007111814209843655
80.30000000000001,45.73960306012301,-0.026759281835054154,-0.0071886544575660355
80.4,45.7369271319395,-0.027478147280810716,-0.007261623612814374
80.5,45.73417931721142,-0.028204309642092112,-0.0073310267389537975
80.60000000000001,45.731358886247214,-0.028937412315987555,-0.007386446421497609
80.7,45.72846514501561,-0.029676056958137274,-0.007481936883610901
80.80000000000001,45.725497539319804,-0.030424250646498428,-0.007566036040943157
80.9,45.72245511425515,-0.0311808542505927,-0.007584659623990645
81.0,45.71933702883009,-0.03193932021299172,-0.007560863888098187
81.10000000000001,45.71614309680879,-0.032695406601801605,-0.0075030564697691725
81.2,45.712873556148615,-0.03344571224877848,-0.0074148899685095365
81.30000000000001,45.709528984923736,-0.034187201245629496,-0.007272006708991319
81.4,45.70611026479917,-0.03491440191652859,-0.007160033935657691
81.5,45.70261882460752,-0.035630405310094315,-0.007124744776026374
81.60000000000001,45.699055784076506,-0.03634287978769701,-0.00706802875403907
81.7,45.69542149609774,-0.03704968266310088,-0.006949639388210309
81.80000000000001,45.69171652783143,-0.03774464660192197,-0.00677994855554875
81.9,45.687942063171235,-0.03842264145747681,-0.006518666297008156
82.0,45.68409979902549,-0.039074508087177585,-0.006186435790924455
82.10000000000001,45.68019234821677,-0.039693151666270084,-0.005858322589331458
82.2,45.67622303305014,-0.040278983925203196,-0.005542497484936986
82.30000000000001,45.67219513465763,-0.04083323367369694,-0.005172320879887007
82.4,45.66811181129025,-0.04135046576168561,-0.0047865223572336
82.5,45.663976764714086,-0.041829117997408946,-0.004395875262811183
82.60000000000001,45.65979385291435,-0.0422687055236901,-0.004010919549359857
82.7,45.655566982361975,-0.042669797478626065,-0.003649377351540689
82.80000000000001,45.651300002614114,-0.043034735213780165,-0.003204111933026903
82.9,45.64699652909274,-0.04335514640708284,-0.002709606392990811
83.0,45.64266101445203,-0.0436261070463819,-0.0022656886508827675
83.10000000000001,45.63829840374739,-0.0438526759114702,-0.0018831913788330506
83.2,45.633913136156245,-0.04404099504935349,-0.0014529730084792008
83.30000000000001,45.62950903665131,-0.044186292350201425,-0.0010073759586123766
83.4,45.62509040741629,-0.04428702994606266,-0.0006058451237382285
83.5,45.62066170442168,-0.04434761445843648,-0.00013942210938358766
83.60000000000001,45.616226942975835,-0.04436155666937484,0.0003237995323254934
83.7,45.6117907873089,-0.04432917671614229,0.0008008836396322671
83.80000000000001,45.60735786963728,-0.044249088352179056,0.0013158947003053033
83.9,45.602932960802065,-0.04411749888214853,0.001736744930640842
84.0,45.59852121091385,-0.04394382438908446,0.0020495785508745424
84.10000000000001,45.59412682847494,-0.04373886653399699,0.002314133714882836
84.2,45.589752941821544,-0.043507453162508716,0.0026135034228713513
84.30000000000001,45.58540219650529,-0.04324610282022156,0.002932712702995194
84.4,45.58107758622327,-0.042952831549922056,0.003229693646141968
84.5,45.57678230306828,-0.04262986218530788,0.00351055992675165
84.60000000000001,45.57251931684975,-0.04227880619263268,0.0037240325196043235
84.7,45.56829143623049,-0.04190640294067227,0.003930371452997168
84.80000000000001,45.56410079593642,-0.04151336579537252,0.00418098365545304
84.9,45.55994945935688,-0.04109526742982724,0.004480953052258587
85.0,45.5558399326139,-0.04064717212460141,0.004712331067516382
85.10000000000001,45.551775215401435,-0.04017593901784973,0.004835251371903754
85.2,45.547757621499656,-0.03969241388065938,0.004947103912316115
85.30000000000001,45.543788380111586,-0.03919770348942773,0.005044566536770305
85.4,45.53986860976264,-0.038693246835750726,0.005145340027207666
85.5,45.53599928507907,-0.03817871283302999,0.005282139015838524
85.60000000000001,45.53218141379577,-0.03765049893144609,0.005438361842349627
85.7,45.52841636390262,-0.03710666274721116,0.005578228482676095
85.80000000000001,45.5247056976279,-0.0365488398989435,0.005689801114616398
85.9,45.521050813638006,-0.035979859787481895,0.005865117073075701
86.0,45.517452827659255,-0.03539334808017436,0.006017656203247929
86.10000000000001,45.51391349285124,-0.034791582459849514,0.0061838872592780885
86.2,45.51043433460526,-0.03417319373392174,0.006354560732432248
86.30000000000001,45.50701701523186,-0.03353773766067846,0.006558552274042546
86.4,45.503663241465794,-0.032881882433274244,0.006758818998099279
86.5,45.50037505322247,-0.032206000533464355,0.006959443139928526
86.60000000000001,45.497154453169124,-0.03151005621947144,0.0071929406260706685
86.7,45.49400344754717,-0.030790762156864417,0.00739243989382784
86.80000000000001,45.49092437133149,-0.03005151816748157,0.007568282394282956
86.9,45.48791921951474,-0.029294689928053317,0.007659377527936847
87.0,45.48498975052193,-0.028528752175259676,0.0077776186284640334
87.10000000000001,45.482136875304406,-0.027750990312413206,0.007845053074670665
87.2,45.479361776273166,-0.026966485004946184,0.007841905698438732
87.30000000000001,45.47666512777267,-0.026182294435102244,0.007859346204607261
87.4,45.47404689832916,-0.025396359814641563,0.007879361903849674
87.5,45.4715072623477,-0.02460842362425664,0.007831318643122523
87.60000000000001,45.469046419985276,-0.02382529175994432,0.007724900586237199
87.7,45.46666389080928,-0.023052801701320645,0.007583046823250602
87.80000000000001,45.464358610639145,-0.02229449701899552,0.0074025124413938355
87.9,45.462129160937245,-0.02155424577485618,0.0073435423517954216
88.0,45.459973736359764,-0.02081989153967668,0.007266774402068908
88.10000000000001,45.45789174720579,-0.020093214099469726,0.007127794764028711
88.2,45.45588242579585,-0.019380434623066895,0.006970027850633077
88.30000000000001,45.45394438233354,-0.018683431838003528,0.0068317612354602195
88.4,45.45207603914974,-0.018000255714457545,0.006738949070483684
88.5,45.450276013578296,-0.017326360807409215,0.006648254999916484
88.60000000000001,45.44854337749755,-0.01666153530741751,0.006490252651328563
88.7,45.44687722396681,-0.01601251004228469,0.006326390094117689
88.80000000000001,45.445275972962584,-0.015379871032872867,0.006101937960205448
88.9,45.44373798585929,-0.014769677236852357,0.005797089327974382
89.0,45.44226101813561,-0.014189968304054952,0.005428942160681382
89.10000000000001,45.4408420213052,-0.013647074087986768,0.005034494937722076
89.2,45.439477313896404,-0.013143624594214589,0.004645113713201909
89.30000000000001,45.438162951436986,-0.012679113222894358,0.004262716174803348
89.4,45.43689504011469,-0.012252841605414047,0.0038956892712871008
89.5,45.43566975595415,-0.01186327267828536,0.0035388252926161455
89.60000000000001,45.43448342868633,-0.011509390149023715,0.0032974580629230796
89.7,45.43333248967142,-0.011179644342731426,0.0031083436679188573
89.80000000000001,45.43221452523715,-0.010868809975939513,0.0029562156708658658
89.9,45.43112764423955,-0.010573188408852944,0.002848409598644868
90.0,45.43007032539867,-0.010288347448988473,0.0027930917958126716
90.10000000000001,45.42904149065377,-0.010009038269407182,0.0027902154398240534
90.2,45.42804058682683,-0.009730016725424792,0.0027692981984147012
90.30000000000001,45.42706758515429,-0.009453086905583299,0.002751983431520406
90.4,45.42612227646373,-0.009177888562431274,0.0027331893642092665
90.5,45.42520448760749,-0.008904569626010363,0.002695120722819122
90.60000000000001,45.42431403064489,-0.008635057553728427,0.0026342676761544168
90.7,45.42345052488951,-0.008371630786113,0.002597053852970922
90.80000000000001,45.4226133618109,-0.008111925400815886,0.002558018026696605
90.9,45.42180216927082,-0.00785612359814624,0.0024770098683277284
91.0,45.421016556911006,-0.007608422611313482,0.0023921553134009137
91.10000000000001,45.420255714649876,-0.00736920707997337,0.0023934387008485323
91.2,45.419518793941876,-0.00712986320988853,0.0024398019230524245
91.30000000000001,45.418805807620885,-0.006885883017583267,0.002526981074874222
91.4,45.41811721931913,-0.006633184910095859,0.0025842249712204695
91.5,45.41745390082812,-0.006374762412973827,0.0026931772335276683
91.60000000000001,45.41681642458682,-0.006105444689621037,0.0027876673111410237
91.7,45.41620588011786,-0.005826677958506951,0.002887808002448325
91.80000000000001,45.41562321232201,-0.0055378971582620935,0.0030144969208705636
91.9,45.41506942260618,-0.005236447466175054,0.0031196068201988195
92.0,45.414545777859566,-0.00492448678415519,0.003287871225681651
92.10000000000001,45.41405332918115,-0.004595699661586997,0.0033648661260738282
92.2,45.41359375921499,-0.004259213048979633,0.003435530715411178
92.30000000000001,45.413167837910095,-0.003915659977438486,0.003550805702600163
92.4,45.41277627191235,-0.00356057940717849,0.003636192191446254
92.5,45.41242021397163,-0.0031969601880338853,0.0036766419791838443
92.60000000000001,45.41210051795283,-0.0028292959901154695,0.003674106766888204
92.7,45.41181758835382,-0.00246188531342667,0.0035989792770641923
92.80000000000001,45.41157139982248,-0.00210198738572022,0.0034845488447233313
92.9,45.4113612010839,-0.0017535325012479068,0.0034060095858193667
93.0,45.41118584783378,-0.0014129315426659895,0.0033434999164313
93.10000000000001,45.41104455467951,-0.001078581551022831,0.003301007994007516
93.2,45.41093669652441,-0.0007484807516220982,0.003355909445381147
93.30000000000001,45.410861848449244,-0.00041288980708395484,0.0033975881322740016
93.4,45.41082055946854,-7.313099385657397e-05,0.003381317747266742
93.5,45.41081324636915,0.000265000780870081,0.0034396259164939723
93.60000000000001,45.41083974644724,0.0006089633725195076,0.003488856268271887
93.7,45.41090064278449,0.0009578489993466765,0.003483078736531691
93.80000000000001,45.410996427684424,0.0013061568729998752,0.003467566003404689
93.9,45.41112704337173,0.0016529134733403244,0.0034543081322598894
94.0,45.41129233471906,0.0019983442865662937,0.0034541347156710023
94.10000000000001,45.411492169147714,0.0023437577581334234,0.003438397515511099
94.2,45.41172654492353,0.0026875975096845137,0.0033772521744493003
94.30000000000001,45.4119953046745,0.0030253227271294725,0.0034231725368636004
94.4,45.41229783694721,0.003367639980815813,0.0034645415837683997
94.5,45.412634600945296,0.0037140941391926334,0.0035562206650627177
94.60000000000001,45.41300601035921,0.0040697162056989354,0.0036717143164872582
94.7,45.41341298197978,0.00443688763734764,0.0037685644983916594
94.80000000000001,45.41385667074352,0.0048137440871868385,0.0037913164539241516
94.9,45.414338045152235,0.005192875732579232,0.0037839983372311096
95.0,45.4148573327255,0.0055712755663023215,0.0037501743677692385
95.10000000000001,45.41541446028212,0.005946293003079277,0.0036260140050890246
95.2,45.41600908958243,0.006308894403588159,0.003532637840726841
95.30000000000001,45.41663997902279,0.0066621581876608734,0.0034178958813565544
95.4,45.41730619484156,0.0070039477757965094,0.0031970810629924555
95.5,45.41800658961914,0.007323655882095737,0.0029912973302394976
95.60000000000001,45.418738955207345,0.007622785615119712,0.002831325011043618
95.7,45.419501233768855,0.007905918116224058,0.00269700713927666
95.80000000000001,45.42029182558048,0.008175618830151747,0.0025031255004848707
95.9,45.421109387463495,0.00842593138020022,0.0023145449826404113
96.0,45.42195198060151,0.008657385878464248,0.0021535383868466385
96.10000000000001,45.42281771918936,0.00887273971714893,0.002037707373340377
96.2,45.423704993161074,0.009076510454482956,0.001987858169782302
96.30000000000001,45.424612644206526,0.009275296271461203,0.0019475612335995566
96.4,45.425540173833674,0.009470052394821148,0.001857634599398262
96.5,45.426487179073156,0.009655815854760963,0.0017594552539433829
96.60000000000001,45.42745276065863,0.009831761380155317,0.0016094572261630496
96.7,45.428435936796646,0.009992707102771612,0.0015070045512516614
96.80000000000001,45.42943520750692,0.010143407557896791,0.0014414362154797516
96.9,45.430449548262715,0.010287551179444758,0.0013864121831716747
97.0,45.43147830338066,0.010426192397761918,0.0012727056680759052
97.10000000000001,45.432520922620434,0.01055346296456952,0.0012309898068245575
97.2,45.43357626891689,0.010676561945251968,0.0012290764810959393
97.30000000000001,45.434643925111416,0.010799469593361572,0.0011831043100040176
97.4,45.43572387207075,0.010917780024361967,0.001112209390399706
97.5,45.436815650073186,0.011029000963401932,0.0010053792137525522
97.60000000000001,45.43791855016953,0.011129538884777196,0.000941768318092029
97.7,45.43903150405801,0.011223715716586393,0.001021909429216958
97.80000000000001,45.44015387562966,0.011325906659508098,0.0011678446928822949
97.9,45.441286466295615,0.01144269112879632,0.0013562511158432622
98.0,45.44243073540849,0.011578316240380639,0.0016168081508253019
98.10000000000001,45.443588567032535,0.011739997055463183,0.0018209883437964203
98.2,45.44476256673808,0.011922095889842815,0.001991311860068231
98.30000000000001,45.44595477632706,0.012121227075849655,0.0021632788313972005
98.4,45.44716689903465,0.012337554958989362,0.0023064372762512863
98.5,45.448400654530545,0.012568198686614478,0.0024789976435698993
98.60000000000001,45.44965747439921,0.012816098450971489,0.0026815270591211203
98.7,45.450939084244304,0.013084251156883586,0.002853308331399323
98.80000000000001,45.45224750935999,0.013369581990023542,0.0029521528771192115
98.9,45.453584467559,0.013664797277735447,0.0030072916591127883
99.0,45.45495094728677,0.013965526443646709,0.003050563928928187
99.10000000000001,45.456347499931134,0.014270582836539553,0.002963625432994289
99.2,45.45777455821479,0.014566945379838965,0.0028792030234158087
99.30000000000001,45.45923125275277,0.01485486568218057,0.0027538176289610386
99.4,45.460716739320986,0.015130247445076659,0.0025897605128576396
99.5,45.4622297640655,0.015389223496362408,0.00246887762691836
99.60000000000001,45.463768686415136,0.015636111259054265,0.0023610295115730367
99.7,45.46533229754104,0.015872214210211556,0.0021966067917554774
99.80000000000001,45.46691951896206,0.016091874889387122,0.0019861551809663164
99.9,45.468528706450996,0.016290490407483742,0.0018309303167687169
100.0,45.47015775549175,0.016473583439160604,0.001734230262871545
100.10000000000001,45.471805113835664,0.016647006465447773,0.0017278709912141252
100.2,45.47346981448221,0.016819793564569176,0.0017379404741113106
100.30000000000001,45.47515179383866,0.01699358761198032,0.0016736643552451005
100.4,45.47685115259986,0.017160954047504822,0.0015967448060087922
100.5,45.478567248004616,0.017320628528105692,0.001658060557224031
100.60000000000001,45.480299310857426,0.01748643458382811,0.0017570483305865165
100.7,45.48204795431581,0.01766213941688675,0.0018324439818624518
100.80000000000001,45.483814168257496,0.017845383815073012,0.0017973383593259862
100.9,45.485598706639,0.0180251176510056,0.0016797707965198524
101.0,45.4874012184041,0.018193094730657576,0.0015186413204371526
101.10000000000001,45.48922052787717,0.018344958862701304,0.0014434217151522211
101.2,45.49105502376344,0.018489301034216518,0.0013616359196555342
101.30000000000001,45.49290395386686,0.018625464626182083,0.0012449695031167148
101.4,45.494766500329476,0.018749961576493748,0.0011242653827681721
101.5,45.49664149648713,0.01886238811477056,0.001003468004198584
101.60000000000001,45.49852773529861,0.018962734915190425,0.0008800411901810856
101.7,45.50042400879013,0.01905073903420853,0.00083648410785536
101.80000000000001,45.50232908269354,0.019134387444994072,0.0008269150450822742
101.9,45.504242521438044,0.019217078949502295,0.0008501588394904459
102.0,45.506164229332995,0.019302094833451335,0.0008351287654844215
102.10000000000001,45.50809443881634,0.019385607709999784,0.0008291516375494079
102.2,45.51003299958734,0.01946852287375472,0.0007987026419253181
102.30000000000001,45.51197985187471,0.01954839313794726,0.0007517758500012125
102.4,45.51393469118851,0.019623570722947375,0.0006258082596511541
102.5,45.515897048260804,0.019686151548912487,0.0005377543560164635
102.60000000000001,45.5178656634157,0.01973992698451414,0.00048091016107146235
102.7,45.51983965611415,0.019788018000621282,0.00038752523595028145
102.80000000000001,45.52181845791421,0.019826770524216313,0.0002755726502858148
102.9,45.52380113496663,0.019854327789244893,0.00015574533215109208
103.0,45.525786567745556,0.01986990232246,2.1849398115050346e-05
103.10000000000001,45.5277735579778,0.019872087262271507,-0.0001032087108092095
103.2,45.52976076670403,0.019861766391190586,-0.0003000787854425765
103.30000000000001,45.53174694334315,0.019831758512646326,-0.0005101337987588271
103.4,45.533730119194416,0.019780745132770446,-0.0007093669755289162
103.5,45.53570819370769,0.01970980843521756,-0.000875122850172572
103.60000000000001,45.537679174551215,0.019622296150200294,-0.0011437200992925984
103.7,45.53964140416623,0.01950792414027104,-0.001463898673210881
103.80000000000001,45.54159219658026,0.01936153427294994,-0.0018264448836772735
103.9,45.543528350007556,0.019178889784582223,-0.0022591600535270644
104.0,45.54544623898601,0.01895297377922953,-0.0026907632299410854
104.10000000000001,45.54734153636394,0.018683897456235398,-0.0031153525644163384
104.2,45.54920992610956,0.018372362199793782,-0.003644696949265462
104.30000000000001,45.55104716232954,0.018007892504867205,-0.004024249584590557
104.4,45.55284795158003,0.017605467546408172,-0.004335071974729061
104.5,45.554608498334666,0.01717196034893529,-0.004587075904627464
104.60000000000001,45.55632569436956,0.016713252758472505,-0.0047491290800863025
104.7,45.557997019645406,0.0162383398504639,-0.0048475221373815046
104.80000000000001,45.559620853630456,0.01575358763672571,-0.0049176027763758404
104.9,45.56119621239412,0.015261827359088154,-0.004982233903772302
105.0,45.56272239513003,0.014763603968710952,-0.005020600748943746
105.10000000000001,45.5641987555269,0.014261543893816534,-0.004989437806770982
105.2,45.56562490991629,0.013762600113139465,-0.0049560105537175
105.30000000000001,45.5670011699276,0.013266999057767672,-0.004871101842598684
105.4,45.568327869833375,0.012779888873507832,-0.004782793550764935
105.5,45.56960585872073,0.012301609518431365,-0.004730131260003707
105.60000000000001,45.57083601967257,0.011828596392430954,-0.0047161618409269955
105.7,45.57201887931181,0.011356980208338282,-0.004677007181468091
105.80000000000001,45.57315457733265,0.010889279490191433,-0.004684286030199262
105.9,45.574243505281665,0.010420850887171533,-0.004727561198447647
106.0,45.575285590370385,0.009948094767326795,-0.004799862441769016
106.10000000000001,45.576280399847114,0.009468108523149853,-0.00485312070142605
106.2,45.577227210699434,0.008982796453007275,-0.004841498290996223
106.30000000000001,45.57812549034473,0.008498646623907612,-0.004842256914421615
106.4,45.578975355007124,0.008014420932465478,-0.00488645543560309
106.5,45.57977679710037,0.007525775388905196,-0.004946498150560497
106.60000000000001,45.58052937463926,0.007031125573849105,-0.005033383899808079
106.7,45.581232487196644,0.006527787183868325,-0.005223075589361589
106.80000000000001,45.581885265915034,0.006005479624932122,-0.005459410619217222
106.9,45.582485813877526,0.005459538563010431,-0.0056834043533261006
107.0,45.58303176773383,0.004891198127677853,-0.005844231813885467
107.10000000000001,45.5835208875466,0.004306774946289256,-0.0059745488755657515
107.2,45.583951565041225,0.003709320058732715,-0.006107361304796863
107.30000000000001,45.5843224970471,0.003098583928252977,-0.006236756003007606
107.4,45.58463235543992,0.0024749083279522518,-0.006329395654181737
107.5,45.58487984627272,0.001841968762534114,-0.006471725293494827
107.60000000000001,45.58506404314897,0.0011947962331845762,-0.006638095102887231
107.7,45.58518352277229,0.0005309867228958908,-0.006739333252725696
107.80000000000001,45.58523662144458,-0.00014294660237673632,-0.0067743331811564445
107.9,45.58522232678434,-0.0008203799204923423,-0.006807002579282514
108.0,45.58514028879229,-0.001501080178420555,-0.006773013653030446
108.10000000000001,45.58499018077445,-0.0021783815437236573,-0.0067851087181549545
108.2,45.58477234262008,-0.002856892415539114,-0.006711383375096456
108.30000000000001,45.58448665337853,-0.003528030753048817,-0.006614766778643204
108.4,45.58413385030322,-0.0041895074309131,-0.006434228756144911
108.5,45.58371489956013,-0.004832930306527554,-0.006227703603254689
108.60000000000001,45.58323160652947,-0.005455700666853076,-0.006050145008611406
108.7,45.58268603646279,-0.006060715167714182,-0.005908076434259674
108.80000000000001,45.58207996494602,-0.0066515228111402,-0.005739565515093279
108.9,45.5814148126649,-0.007225479362649495,-0.005580468000351432
109.0,45.58069226472864,-0.007783526162684607,-0.005417125970102151
109.10000000000001,45.57991391211237,-0.008325238759694868,-0.005257494392904489
109.2,45.5790813882364,-0.008850988198985287,-0.005138352809485997
109.30000000000001,45.5781962894165,-0.00936482347993393,-0.00508482589565907
109.4,45.57725980706851,-0.009873306069499809,-0.005051952810236792
109.5,45.57627247646156,-0.01037850135052346,-0.005028886149136691
109.60000000000001,45.575234626326505,-0.010881389965437171,-0.0049655674347400544
109.7,45.57414648732996,-0.011377946708911148,-0.004843923267236105
109.80000000000001,45.57300869265907,-0.0118623390356348,-0.004645381292271905
109.9,45.571822458755506,-0.012326877164861964,-0.004400595776918998
110.0,45.570589771039025,-0.01276693674255384,-0.0041242133726609445
110.10000000000001,45.56931307736477,-0.013179358079819969,-0.003795635652175414
110.2,45.567995141556786,-0.013558921645037489,-0.0034317937872726926
110.30000000000001,45.56663924939228,-0.013902101023764787,-0.0030708528581233087
110.4,45.5652490392899,-0.0142091863095771,-0.002720330222843926
110.5,45.56382812065895,-0.014481219331861478,-0.0024227729228137197
110.60000000000001,45.56237999872576,-0.01472349662414287,-0.0021345885072338207
110.7,45.560907649063346,-0.01493695547486624,-0.001829916681424914
110.80000000000001,45.55941395351586,-0.015119947143008747,-0.001534208963494405
110.9,45.55790195880156,-0.015273368039358179,-0.0012187492212593733
111.0,45.55637462199763,-0.01539524296148411,-0.0008971801065477227
111.10000000000001,45.55483509770148,-0.01548496097213889,-0.0006307844045203894
111.2,45.55328660160426,-0.015548039412590925,-0.00034425585433005816
111.30000000000001,45.551731797663,-0.015582464998023933,-7.000627478330172e-05
111.4,45.5501735511632,-0.015589465625502263,0.00022351552680272926
111.5,45.54861460460065,-0.015567114072821991,0.0005228379759592427
111.60000000000001,45.54705789319337,-0.015514830275226063,0.0007872041240479275
111.7,45.54550641016584,-0.015436109862821274,0.0010524259227442036
111.80000000000001,45.54396279917956,-0.015330867270546845,0.0013069387532604422
111.9,45.54242971245251,-0.015200173395220808,0.0015408719834004653
112.0,45.54090969511299,-0.01504608619688077,0.001797519402155521
112.10000000000001,45.539405086493296,-0.014866334256665203,0.0019972790088085895
112.2,45.53791845306763,-0.014666606355784356,0.0022006532935598395
112.30000000000001,45.536451792432054,-0.014446541026428353,0.0024141335634645846
112.4,45.53500713832941,-0.014205127670081908,0.002705518894481581
112.5,45.5335866255624,-0.013934575780633765,0.003042650625003207
112.60000000000001,45.53219316798434,-0.013630310718133419,0.003364381846651284
112.7,45.53083013691253,-0.01329387253346831,0.0036708764988439653
112.80000000000001,45.52950074965918,-0.012926784883583882,0.003982495712283423
112.9,45.528208071170816,-0.012528535312355562,0.004373631578395403
113.0,45.52695521763958,-0.012091172154516047,0.004769531805205912
113.10000000000001,45.52574610042413,-0.011614218973995415,0.005150061241376324
113.2,45.524584678526736,-0.011099212849857812,0.005548840896052623
113.30000000000001,45.52347475724174,-0.010544328760252502,0.00590436903763488
113.4,45.52242032436572,-0.009953891856489048,0.006167487779855412
113.5,45.52142493518007,-0.009337143078503541,0.006440530918068617
113.60000000000001,45.52049122087222,-0.008693089986696625,0.006654721223289074
113.7,45.51962191187355,-0.008027617864367755,0.006902779689790399
113.80000000000001,45.51881915008712,-0.0073373398953886565,0.007130310683031522
113.9,45.51808541609758,-0.006624308827085545,0.00739012542263911
114.0,45.51742298521487,-0.005885296284821676,0.007704577344548084
114.10000000000001,45.516834455586384,-0.005114838550366802,0.00796245340704537
114.2,45.51632297173135,-0.00431859320966231,0.008113771932304182
114.30000000000001,45.51589111241039,-0.0035072160164318225,0.008189606063827706
114.4,45.51554039080874,-0.0026882554100490985,0.008190020847832812
114.5,45.51527156526774,-0.001869253325265864,0.008129135892456308
114.60000000000001,45.51508463993521,-0.0010563397360201638,0.008011078587809651
114.7,45.51497900596161,-0.00025523187723924416,0.007925117302016671
114.80000000000001,45.51495348277388,0.0005372798529624905,0.00782031969775277
114.9,45.51500721075918,0.0013193118227377229,0.007725355769003893
115.0,45.515139141941454,0.0020918473996380683,0.00760976380470313
115.10000000000001,45.51534832668142,0.002852823780108446,0.007427433363096024
115.2,45.51563360905943,0.0035955671164180063,0.007270613079831292
115.30000000000001,45.51599316577107,0.004322628424401198,0.007078859961396747
115.4,45.51642542861351,0.005030514420540832,0.00684394331163361
115.5,45.51692848005556,0.005714908751704154,0.006642172263188054
115.60000000000001,45.517499970930736,0.006379125978023016,0.006513933961719319
115.7,45.51813788352854,0.007030519374194911,0.006440441140375542
115.80000000000001,45.51884093546595,0.00767456348823252,0.006419303176710976
115.9,45.51960839181478,0.008316493805903581,0.0064266150225440926
116.0,45.52044004119537,0.008959155308157954,0.006467962568944972
116.10000000000001,45.52133595672618,0.009605951565052506,0.0065164765833435985
116.2,45.52229655188269,0.010257599223386829,0.006501014554220753
116.30000000000001,45.52332231180503,0.01090770067880896,0.006498054479078813
116.4,45.52441308187291,0.011557506126716804,0.0064424317956922866
116.5,45.52556883248558,0.012201749306285996,0.006351408568259876
116.60000000000001,45.52678900741621,0.012836890163112038,0.00622378002342918
116.7,45.528072696432524,0.01345926816545492,0.006024921484869748
116.80000000000001,45.529418623249065,0.014061760313941947,0.005835562191511981
116.9,45.53082479928046,0.014645316533093112,0.005706821765070336
117.0,45.53228933093377,0.015215998709600113,0.005656235373412009
117.10000000000001,45.533810930804734,0.015781622246941362,0.005634192824562492
117.2,45.53538909302942,0.01634504152939758,0.005600432460309356
117.30000000000001,45.53702359718236,0.016905084775428562,0.0055458903640024535
117.4,45.538714105659906,0.017459673811828776,0.005410935210150461
117.5,45.54046007304109,0.01800076733284379,0.005296531462713853
117.60000000000001,45.54226014977437,0.018530420479115222,0.005191735412315348
117.7,45.544113191822284,0.019049594020346727,0.005028903669341266
117.80000000000001,45.546018151224324,0.019552484387280897,0.004972654302568933
117.9,45.54797339966305,0.020049749817537762,0.004933032681983809
118.0,45.5499783746448,0.020543053085736115,0.004921983484916962
118.10000000000001,45.55203267995338,0.021035251434227853,0.004904647822763717
118.2,45.554136205096796,0.021525716216504197,0.004899578233435486
118.30000000000001,45.556288776718446,0.022015674039847787,0.004908050860687777
118.4,45.55849034412243,0.022506479125916537,0.00491192535044257
118.5,45.56074099203502,0.022997671660960766,0.004932442637730866
118.60000000000001,45.56304075920112,0.023490915924733895,0.004929890848248237
118.7,45.56538985079359,0.02398390500955869,0.004885985434071906
118.80000000000001,45.56778824129455,0.024472503552965923,0.004846605017442445
118.9,45.570235491649846,0.02495716405471014,0.004832953587841982
119.0,45.572731208055316,0.02544045941349431,0.004860181958521241
119.10000000000001,45.575275253996665,0.025926477609346476,0.004910386638205292
119.2,45.5778679017576,0.026417516273166977,0.004941082980303291
119.30000000000001,45.58050965338492,0.02691162457119735,0.004808620090097008
119.4,45.58320081584204,0.027392486580207022,0.004509433838303635
119.5,45.58594006450006,0.02784342996403736,0.004189841683486403
119.60000000000001,45.588724407496464,0.028262414132386036,0.0038222319872159316
119.7,45.5915506489097,0.028644637331107607,0.003440283246157248
119.80000000000001,45.594415112642814,0.02898866565572336,0.003153314963522848
119.9,45.59731397920839,0.029303997152075628,0.0029326703414008573
120.0,45.60024437892359,0.029597264186215697,0.002732753787713416
120.10000000000001,45.603204105342215,0.029870539564987062,0.0025074612939902275
120.2,45.60619115929871,0.03012128569438607,0.0022523675418313093
120.30000000000001,45.609203287868155,0.03034652244856922,0.0019891733654230867
120.4,45.61223794011301,0.030545439785111518,0.0017581305780613136
120.5,45.61529248409152,0.03072125284291764,0.0015922841039416077
120.60000000000001,45.61836460937581,0.030880481253311814,0.0013784686419930031
120.7,45.621452657501145,0.031018328117511106,0.001259232062724259
120.80000000000001,45.624554490312896,0.031144251323783543,0.001189814782551443
120.9,45.62766891544527,0.03126323280203868,0.0011356563283149803
121.0,45.630795238725476,0.03137679843487017,0.0010662002040641224
121.10000000000001,45.633932918568966,0.03148341845527659,0.0008955328171201908
121.2,45.63708126041449,0.03157297173698861,0.0007171197379374993
121.30000000000001,45.64023855758819,0.03164468371078236,0.0004885336036369453
121.4,45.643403025959266,0.031693537071146055,0.0001873292771875058
121.5,45.64657237966638,0.031712269998864805,-0.0001142430299885713
121.60000000000001,45.64974360666627,0.031700845695865947,-0.00036744894048432874
121.7,45.65291369123585,0.031664100801817516,-0.0006492249045957911
121.80000000000001,45.656080101316036,0.03159917831135793,-0.0009175559863952404
121.9,45.65924001914718,0.03150742271271841,-0.0011885079303715334
122.0,45.66239076141844,0.031388571919681266,-0.0014599352206146198
122.10000000000001,45.665529618610414,0.03124257839761979,-0.0017843715759250133
122.2,45.66865387645017,0.0310641412400273,-0.002202267708188175
122.30000000000001,45.67176029057418,0.030843914469208464,-0.002696843008598446
122.4,45.674844682021096,0.030574230168348634,-0.0032317346106645294
122.5,45.67790210503793,0.0302510567072822,-0.003729785368735723
122.60000000000001,45.68092721070866,0.029878078170408596,-0.004147539689426827
122.7,45.6839150185257,0.029463324201465937,-0.004527365149434646
122.80000000000001,45.68686135094585,0.029010587686522434,-0.00484221677433484
122.9,45.689762409714504,0.028526366009088977,-0.005106332518691136
123.0,45.69261504631541,0.028015732757219892,-0.00535703116317176
123.10000000000001,45.695416619591136,0.02748002964090267,-0.005506128134113616
123.2,45.698164622555225,0.02692941682749134,-0.00563542542694123
123.30000000000001,45.70085756423797,0.02636587428479717,-0.0057181326427145065
123.4,45.703494151666455,0.02579406102052575,-0.00581262500684918
123.5,45.706073557768505,0.025212798519840866,-0.005818707012917892
123.60000000000001,45.70859483762049,0.024630927818549028,-0.0058300329078245765
123.7,45.71105793040234,0.024047924527766603,-0.00591246686247793
123.80000000000001,45.71346272285512,0.02345667784151876,-0.005992052857689272
123.9,45.715808390639275,0.022857472555749866,-0.006040586397117808
124.0,45.718094137894845,0.02225341391603812,-0.006118110430773405
124.10000000000001,45.72031947928645,0.021641602872960727,-0.0061702884615566535
124.2,45.722483639573746,0.021024574026805097,-0.006230245671808288
124.30000000000001,45.724586096976424,0.020401549459624215,-0.006321726295151325
124.4,45.72662625192239,0.01976937683010912,-0.006366173398349489
124.5,45.7286031896054,0.019132759490274206,-0.006395915174711729
124.60000000000001,45.73051646555443,0.01849316797280298,-0.0063886504597335065
124.7,45.73236578235171,0.017854302926829664,-0.006381686006778781
124.80000000000001,45.73415121264439,0.01721613432615173,-0.006362820884055779
124.9,45.735872826077006,0.01657985223774619,-0.0063868107312935
125.0,45.73753081130078,0.015941171164616876,-0.00647272948909192
125.10000000000001,45.73912492841724,0.015293898215707629,-0.006586893382628568
125.2,45.74065431823881,0.01463520887744481,-0.006712826824052855
125.30000000000001,45.74211783912656,0.013963926195039467,-0.0067055520288163304
125.4,45.74351423174606,0.013293370992157872,-0.006734545653159907
125.5,45.744843568845276,0.01261991642684192,-0.006859323408136419
125.60000000000001,45.74610556048796,0.01193398408602822,-0.006893885835492299
125.7,45.747298958896565,0.011244595502479028,-0.006900264006483669
125.80000000000001,45.74842341844681,0.010554569101830603,-0.006806567396395324
125.9,45.74947887535699,0.009873912362191109,-0.006671945909059934
126.0,45.750466266593214,0.009206717771285153,-0.006449715987744483
126.10000000000001,45.751386938370345,0.00856174617251065,-0.00623485902292547
126.2,45.75224311298759,0.007938260270218139,-0.00610843407873771
126.30000000000001,45.75303693901461,0.0073274168623443155,-0.0059534239690432495
126.4,45.75376968070085,0.006732074465440024,-0.005741697119873769
126.5,45.754442888147395,0.00615790475345268,-0.005533904395102863
126.60000000000001,45.75505867862274,0.005604514313942347,-0.005299630983409198
126.7,45.755619130054136,0.005074551215601457,-0.005071397631079695
126.80000000000001,45.75612658517569,0.004567411452493444,-0.004792848451986041
126.9,45.75658332632094,0.004088126607294867,-0.00445920588318453
127.0,45.75699213898167,0.0036422060189764396,-0.004089649659937132
127.10000000000001,45.75735635958357,0.0032332410529826916,-0.0037278150804379404
127.2,45.75767968368887,0.0028604595449389187,-0.003333131693957676
127.30000000000001,45.75796572964336,0.0025271463755431227,-0.002966897282902056
127.4,45.758218444280914,0.002230456647252934,-0.0026465277779938574
127.5,45.75844148994564,0.0019658038694535633,-0.002308246500042869
127.60000000000001,45.75863807033259,0.0017349792194492567,-0.0019197063526427448
127.7,45.75881156825453,0.0015430085841849931,-0.0014780645145786944
127.80000000000001,45.75896586911295,0.001395202132727111,-0.0009804802369969112
127.9,45.75910538932622,0.0012971541090274256,-0.0005530707676273895
128.0,45.75923510473713,0.0012418470322646898,-0.0002356538655101966
128.1,45.759359289440354,0.0012182816457136714,0.00011323939655369532
128.20000000000002,45.75948111760493,0.0012296055853690435,0.0004661830853655183
128.3,45.75960407816346,0.0012762238939055927,0.0008412618077989986
128.4,45.759731700552855,0.0013603500746854878,0.001142580308559596
128.5,45.75986773556032,0.001474608105541441,0.0014441679722115893
128.6,45.76001519637087,0.0016190249027625916,0.0017242239151880807
128.70000000000002,45.76017709886115,0.001791447294281439,0.0019309720413600048
128.8,45.76035624359058,0.0019845444984174284,0.0021483276935335355
128.9,45.76055469804042,0.0021993772677707697,0.0023906985294433743
129.0,45.7607746357672,0.0024384471207150936,0.002639912762146134
129.1,45.76101848047927,0.002702438396929692,0.0028529436510045716
129.20000000000002,45.76128872431896,0.002987732762030214,0.0029866570096162997
129.3,45.761587497595166,0.003286398462991827,0.003067370281684599
129.4,45.76191613744147,0.0035931354911602695,0.003128832582918839
129.5,45.76227545099058,0.0039060187494521356,0.0031691111715528657
129.6,45.76266605286553,0.004222929866607404,0.0032372995714874063
129.70000000000002,45.76308834585219,0.004546659823756218,0.003333849581925095
129.8,45.763543011834564,0.004880044781948709,0.003435629332838963
129.9,45.76403101631276,0.005223607715232586,0.0035858134375724377
130.0,45.76455337708428,0.005582189058989809,0.0037677345750170765
130.1,45.76511159599018,0.005958962516491495,0.003918945138287847
130.20000000000002,45.76570749224183,0.006350857030320369,0.004075343781976311
130.3,45.76634257794486,0.006758391408517977,0.004235904638363005
130.4,45.767018417085715,0.0071819818723542535,0.004399368062177965
130.5,45.767736615272945,0.007621918678572025,0.004485797411864998
130.6,45.7684988071408,0.0080704984197585,0.004592581148968284
130.70000000000002,45.76930585698278,0.008529756534655432,0.004686882258036837
130.8,45.77015883263625,0.00899844476045909,0.004836608393731631
130.9,45.77105867711229,0.009482105599832225,0.004998605236499136
131.0,45.772006887672276,0.00998196612348211,0.005104616800393597
131.1,45.77300508428463,0.01049242780352144,0.005123899955457049
131.20000000000002,45.774054327064974,0.011004817799067262,0.005194715736658081
131.3,45.77515480884488,0.01152428937273304,0.005262317111814131
131.4,45.776307237782156,0.012050521083914424,0.005246817348583437
131.5,45.777512289890545,0.012575202818772738,0.005264034174788574
131.6,45.77876981017243,0.013101606236251565,0.005271352746964249
131.70000000000002,45.78007997079605,0.01362874151094811,0.00523167125383745
131.8,45.781442844947144,0.014151908636331825,0.005219503118072158
131.9,45.782858035810776,0.014673858948139011,0.005261453658859682
132.0,45.78432542170559,0.01520000431402495,0.005305382016054731
132.1,45.785845422136994,0.015730542515630393,0.0053336216392196895
132.20000000000002,45.78741847638856,0.016263904679552483,0.005302095765496821
132.3,45.789044866856514,0.016794114256102135,0.005201558371742948
132.4,45.79072427828212,0.0173142700932764,0.005067515160923016
132.5,45.79245570529145,0.017821021609368673,0.00488738937922846
132.6,45.79423780745239,0.01830976054729149,0.004667215314034989
132.70000000000002,45.79606878350712,0.018776482078695096,0.0045597646559576875
132.8,45.79794643171498,0.01923245854429084,0.004487757751184171
132.9,45.79986967756941,0.01968123431940923,0.004381141423404177
133.0,45.801837801001355,0.020119348461749623,0.004242864886936959
133.1,45.80384973584753,0.020543634950443295,0.004191701196337665
133.20000000000002,45.80590409934258,0.020962805070077157,0.00417587208263632
133.3,45.80800037984958,0.021380392278340765,0.004127759969662004
133.4,45.81013841907742,0.021793168275306942,0.004089821424273939
133.5,45.81231773590495,0.022202150417734313,0.004022895382872815
133.6,45.81453795094672,0.02260443995602157,0.004018846512755617
133.70000000000002,45.816798394942325,0.023006324607297225,0.004018867772391368
133.8,45.819099027403055,0.02340821138453634,0.004011478788594257
133.9,45.82143984854151,0.02380935926339574,0.0040334914062318955
134.0,45.82382078446785,0.024212708404018908,0.004035920494190312
134.1,45.82624205530825,0.024616300453437916,0.004060304909276662
134.20000000000002,45.828703685353595,0.025022330944365675,0.004112050329415318
134.3,45.83120591844803,0.025433535977307183,0.004083035289927327
134.4,45.83374927204576,0.025841839506299893,0.004063419655612176
134.5,45.83633345599639,0.026248181471861087,0.0039790977971203125
134.6,45.83895827414357,0.026646091251573096,0.003917090517843666
134.70000000000002,45.841622883268734,0.02703780030335755,0.0039195679449950125
134.8,45.84432666329907,0.02742975709785703,0.003818952515678787
134.9,45.84706963900885,0.027811652349424888,0.0037086326773761264
135.0,45.84985080424379,0.02818251561716248,0.0035890116937806497
135.1,45.852669055805514,0.028541416786540524,0.0034541866644729803
135.20000000000002,45.85552319748417,0.0288868354529879,0.00339964477786387
135.3,45.85841188102947,0.029226799930774268,0.0033220187633973565
135.4,45.861334561022545,0.029559001807113985,0.0033098617545442863
135.5,45.864290461203254,0.029889987982568395,0.0032841584363407913
135.6,45.86727946000151,0.030218403826202455,0.0032819367443531924
135.70000000000002,45.870301300384135,0.03054659750063785,0.0032964841014257937
135.8,45.8733559601342,0.03087624591078041,0.00332983256825037
135.9,45.87644358472527,0.031209229167605428,0.0033484686921181855
136.0,45.87956450764204,0.03154407603681723,0.003410601467728813
136.1,45.88271891524572,0.03188513618359009,0.003513942699632961
136.20000000000002,45.88590742886407,0.032236530453553465,0.003587664297487257
136.3,45.88913108190943,0.03259529688330217,0.003590451622816969
136.4,45.89239061159776,0.03295434204558385,0.0035439930732762627
136.5,45.89568604580232,0.03330874135291145,0.003500476028090787
136.6,45.89901691993761,0.03365878895572051,0.0035239306351085888
136.70000000000002,45.90238279883318,0.03401118201923145,0.003442442243278125
136.8,45.9057839170351,0.034355426243559244,0.0033139621633010924
136.9,45.90921945965946,0.034686822459889334,0.003118494067301286
137.0,45.91268814190545,0.034998671866619445,0.0029541835259278295
137.1,45.91618800909211,0.03529409021921221,0.002766374184738486
137.20000000000002,45.91971741811403,0.03557072763768612,0.0025818532010880935
137.3,45.9232744908778,0.03582891295779492,0.0023995128056183957
137.4,45.92685738217358,0.03606886423835674,0.0021730880324024302
137.5,45.93046426859742,0.036286173041596974,0.001985962416604691
137.6,45.93409288590158,0.03648476928325743,0.001863498497306069
137.70000000000002,45.937741362829904,0.03667111913298808,0.001797634940883216
137.8,45.9414084747432,0.03685088262707639,0.0017039659381260228
137.9,45.94509356300591,0.037021279220888985,0.0015353174399556674
138.0,45.948795690927994,0.03717481096488454,0.0014498896692840537
138.1,45.95251317202449,0.03731979993181294,0.001322455691487844
138.20000000000002,45.956245152017665,0.037452045500961754,0.001209165329224756
138.3,45.959990356567765,0.03757296203388422,0.0010827923017250113
138.4,45.963747652771154,0.03768124126405672,0.0009260184221169226
138.5,45.96751577689756,0.037773843106268405,0.0008105656837203062
138.6,45.97129316120818,0.03785489967464043,0.0006577893530163612
138.70000000000002,45.97507865117565,0.03792067860994208,0.0004891037681313826
138.8,45.97887071903664,0.03796958898675522,0.00026304874631817685
138.9,45.98266767793532,0.037995893861387034,-5.881959649886915e-05
139.0,45.98646726732146,0.03799001190173715,-0.0003309823422798141
139.1,45.99026626851163,0.03795691366750917,-0.000520182279723384
139.20000000000002,45.99406195987838,0.03790489543953682,-0.0007109635150013826
139.3,45.99785244942233,0.03783379908803668,-0.0009023185705523364
139.4,46.001635829331136,0.037743567230981455,-0.0010562457356756612
139.5,46.005410186054235,0.037637942657413895,-0.0011627206027569443
139.6,46.00917398031998,0.03752167059713821,-0.0012595564531180708
139.70000000000002,46.012926147379694,0.03739571495182637,-0.0013667419144419795
139.8,46.016665718874876,0.03725904076038218,-0.0015624015166114586
139.9,46.02039162295091,0.037102800608721044,-0.0017456402100064377
140.0,46.02410190301178,0.03692823658772041,-0.0018544707828091838
140.1,46.02779472667056,0.0367427895094395,-0.001995959861116785
140.20000000000002,46.0314690056215,0.03654319352332778,-0.00214948130402631
140.3,46.03512332497383,0.03632824539292516,-0.0022389471084101214
140.4,46.03875614951313,0.03610435068208416,-0.0022163235064296414
140.5,46.04236658458134,0.03588271833144121,-0.002154558938364648
140.6,46.045954856414475,0.035667262437604756,-0.002104027209713859
140.70000000000002,46.04952158265824,0.03545685971663332,-0.0021189905470057014
140.8,46.0530672686299,0.035244960661932764,-0.0021227125066841475
140.9,46.056591764696094,0.03503268941126436,-0.0021461133662337675
141.0,46.060095033637225,0.034818078074641,-0.0021923744034851723
141.1,46.063576841444686,0.03459884063429249,-0.0022756211893030748
141.20000000000002,46.06703672550812,0.03437127851536213,-0.0023848440739912516
141.3,46.07047385335965,0.03413279410796302,-0.002563174055473662
141.4,46.07388713277045,0.03387647670241567,-0.002748071716869808
141.5,46.07727478044069,0.033601669530728705,-0.0029373141949541885
141.6,46.08063494739376,0.0333079381112333,-0.0032323728156892777
141.70000000000002,46.083965741204885,0.0329847008296643,-0.0035220518621470387
141.8,46.08726421128785,0.03263249564344962,-0.00379996807089126
141.9,46.0905274608522,0.03225249883636051,-0.0040938701571799595
142.0,46.093752710735835,0.03184311182064254,-0.004454989831011769
142.1,46.096937021917896,0.03139761283754139,-0.004808839148713588
142.20000000000002,46.10007678320165,0.03091672892266992,-0.005131209651090554
142.3,46.10316845609392,0.030403607957560894,-0.005451783626350193
142.4,46.106208816889676,0.029858429594925906,-0.005827310940606947
142.5,46.109194659849166,0.029275698500865244,-0.0062728481551823255
142.6,46.11212222969925,0.028648413685347048,-0.006732195406800585
142.70000000000002,46.11498707106779,0.027975194144666836,-0.0071588958939828
142.8,46.11778459048226,0.027259304555268597,-0.007582719361970671
142.9,46.120510520937785,0.026501032619071573,-0.007955029060932319
143.0,46.12316062419969,0.025705529712978386,-0.008312160039781698
143.1,46.12573117717099,0.024874313709000263,-0.008651694251954691
143.20000000000002,46.128218608541886,0.024009144283804598,-0.00891411945640809
143.3,46.13061952297027,0.02311773233816384,-0.009175729834053592
143.4,46.132931296204085,0.022200159354758532,-0.00938719758416575
143.5,46.13515131213956,0.02126143959634201,-0.009584279852124431
143.6,46.13727745609919,0.020303011611129622,-0.009768957692239295
143.70000000000002,46.139307757260305,0.01932611584190547,-0.009875399399143892
143.8,46.1412403688445,0.018338575901991137,-0.009925485057283657
143.9,46.1430742264347,0.017346027396262828,-0.009990805882219787
144.0,46.14480882917432,0.016346946808040906,-0.010031595676468061
144.1,46.146443523855126,0.015343787240394157,-0.009974729061835169
144.20000000000002,46.147977902579164,0.014346314334210413,-0.009867987912344332
144.3,46.14941253401259,0.013359515542976036,-0.009735483654403404
144.4,46.150748485566886,0.012385967177535751,-0.009601437947414958
144.5,46.15198708228464,0.01142582338279431,-0.009480747689205976
144.6,46.15312966462292,0.010477748613873766,-0.009325169052516593
144.70000000000002,46.15417743948431,0.009545231708621895,-0.00927593228328788
144.8,46.15513196265517,0.00861763848029316,-0.009292526888978147
144.9,46.1559937265032,0.007688385791395398,-0.009339121648469118
145.0,46.15676256508234,0.006754473626548539,-0.009434138811312196
145.1,46.15743801244499,0.005811059745417373,-0.009594389028548216
145.20000000000002,46.15801911841953,0.004851620842562333,-0.00974174608983211
145.3,46.15850428050379,0.003877446233579178,-0.009855780805994772
145.4,46.158892025127145,0.0028918681529797566,-0.009900429167115015
145.5,46.159181211942446,0.0019018252362683113,-0.009967189113095626
145.6,46.15937139446607,0.0009051063249588053,-0.010067689316660045
145.70000000000002,46.15946190509857,-0.00010166260670742817,-0.010165075538682752
145.8,46.159451738837895,-0.0011181701605756456,-0.010270080568970727
145.9,46.15933992182184,-0.00214517821747266,-0.010403334038672067
146.0,46.15912540400009,-0.0031855116213398075,-0.010513147327202392
146.1,46.158806852837955,-0.004236826354059987,-0.01060236664788267
146.20000000000002,46.158383170202555,-0.005297063018848495,-0.010732292340978744
146.3,46.157853463900665,-0.0063702922529463085,-0.010868212610934387
146.4,46.15721643467538,-0.007457113514039685,-0.011082206499102512
146.5,46.15647072332397,-0.008565334163949874,-0.011336980275465354
146.6,46.155614189907574,-0.009699032191496345,-0.01149262545411718
146.70000000000002,46.15464428668842,-0.010848294736908324,-0.011561833247253106
146.8,46.15355945721473,-0.012004478061633569,-0.011607757616077588
146.9,46.15235900940857,-0.013165253823241262,-0.011568550610811903
147.0,46.15104248402625,-0.014322108884322386,-0.011500744920442165
147.1,46.14961027313782,-0.015472183376366537,-0.011374698548099088
147.20000000000002,46.148063054800176,-0.016609653231176705,-0.011209940447574352
147.3,46.14640208947706,-0.017730647275934076,-0.010965650762230458
147.4,46.14462902474946,-0.01882721235215706,-0.010634369478644837
147.5,46.14274630351425,-0.019890649300021483,-0.010284297367312319
147.6,46.14075723858425,-0.020919079036752657,-0.00995746630035074
147.70000000000002,46.138665330680574,-0.021914825666787957,-0.009623762834380994
147.8,46.136473848113894,-0.022877201950226002,-0.009245938660050473
147.9,46.13418612791887,-0.023801795816230997,-0.008754155094949206
148.0,46.131805948337245,-0.024677211325725867,-0.008117845234684565
148.1,46.12933822720468,-0.025488995849194278,-0.00743378157318308
148.20000000000002,46.126789327619754,-0.026232374006512755,-0.006808247149699484
148.3,46.124166090219106,-0.026913198721482665,-0.006227971224248639
148.4,46.12147477034696,-0.027535995843907493,-0.0057208868802463
148.5,46.11872117076257,-0.02810808453193209,-0.005244814573053973
148.6,46.11591036230937,-0.028632565989237458,-0.0047376289707324794
148.70000000000002,46.11304710571045,-0.029106328886310814,-0.0042660059853758675
148.8,46.11013647282182,-0.029532929484848376,-0.0038778847233675775
148.9,46.10718317987333,-0.029920717957185112,-0.0035073413170388142
149.0,46.104191108077615,-0.030271452088888973,-0.003205650956225716
149.1,46.101163962868725,-0.030592017184511527,-0.0029177389281341863
149.20000000000002,46.098104761150275,-0.03088379107732501,-0.0025426283575543927
149.3,46.095016382042544,-0.031138053913080437,-0.00211795586231701
149.4,46.091902576651236,-0.031349849499312125,-0.0017098091358825063
149.5,46.088767591701306,-0.031520830412900366,-0.0013867578874860688
149.6,46.08561550866001,-0.031659506201648965,-0.0010469286856261118
149.70000000000002,46.08244955803985,-0.0317641990702116,-0.0007105360157553103
149.8,46.07927313813283,-0.03183525267178713,-0.0003657897556775605
149.9,46.07608961286565,-0.03187183164735488,-7.08773348202836e-05
150.0,46.07290242970091,-0.03187891938083691,0.00017894703731911505
150.1,46.06971453776283,-0.031861024677105,0.0004898838963944132
150.20000000000002,46.06652843529512,-0.031812036287465546,0.0007797837379275751
150.3,46.06334723166637,-0.03173405791367279,0.001065986094794446
150.4,46.060173825875005,-0.031627459304193355,0.0014115709250348105
150.5,46.05701107994459,-0.03148630221168988,0.0017602155456694247
150.6,46.05386244972342,-0.03131028065712295,0.002169211411451592
150.70000000000002,46.0507314216577,-0.03109335951597774,0.0025522588936404615
150.8,46.04762208570611,-0.03083813362661371,0.0028503411657250744
150.9,46.044538272343445,-0.030553099510041218,0.003119305768016782
151.0,46.04148296239244,-0.030241168933239557,0.0033554680046271775
151.1,46.038458845499115,-0.02990562213277686,0.0036504572129843925
151.20000000000002,46.03546828328584,-0.029540576411478336,0.003975208708486157
151.3,46.03251422564469,-0.029143055540629743,0.004295570790842538
151.4,46.029599920090625,-0.028713498461545514,0.004537695511269196
151.5,46.02672857024447,-0.02825972891041862,0.0047452782455595635
151.6,46.023902597353434,-0.02778520108586269,0.004915411713983616
151.70000000000002,46.02112407724485,-0.027293659914464218,0.004962471551122481
151.8,46.0183947112534,-0.026797412759351998,0.004925791013942404
151.9,46.015714969977466,-0.026304833657957785,0.004909881664715914
152.0,46.01308448661167,-0.02581384549148622,0.004851688604399633
152.1,46.01050310206252,-0.025328676631046286,0.004779104504546219
152.20000000000002,46.007970234399416,-0.024850766180591555,0.004729030413812589
152.3,46.00548515778136,-0.024377863139210323,0.004720754283750903
152.4,46.00304737146743,-0.02390578771083526,0.0046166010213807345
152.5,46.000656792696354,-0.023444127608697213,0.004473984884001772
152.6,45.998312379935484,-0.02299672912029706,0.004291161225514028
152.70000000000002,45.99601270702345,-0.02256761299774556,0.004078797615075745
152.8,45.99375594572368,-0.02215973323623801,0.0037848316212765465
152.9,45.991539972400055,-0.021781250074110376,0.0034945333939647135
153.0,45.989361847392644,-0.021431796734713925,0.003239057087526334
153.1,45.98721866771917,-0.02110789102596131,0.0029630864972719625
153.20000000000002,45.985107878616574,-0.020811582376234046,0.0026351613275349167
153.3,45.98302672037895,-0.02054806624348057,0.0023471122049246954
153.4,45.9809719137546,-0.020313355022988113,0.0020747958577006925
153.5,45.978940578252306,-0.020105875437218056,0.001880655994784877
153.60000000000002,45.976929990708584,-0.019917809837739525,0.0017619776810529025
153.70000000000002,45.97493820972481,-0.019741612069634245,0.0016677151321162463
153.8,45.972964048517845,-0.01957484055642263,0.001630701356838948
153.9,45.9710065644622,-0.019411770420738744,0.0016312897612356823
154.0,45.96906538742013,-0.019248641444615185,0.0016306634372328693
154.10000000000002,45.96714052327567,-0.01908557510089186,0.001682247450799186
154.20000000000002,45.965231965765575,-0.018917350355811952,0.001741688106438837
154.3,45.96334023073,-0.01874318154516808,0.0018386740959926502
154.4,45.961465912575484,-0.018559314135568824,0.0019854795287058916
154.5,45.959609981161925,-0.018360766182698246,0.0021456133459102334
154.60000000000002,45.95777390454366,-0.018146204848107174,0.002284811051742807
154.70000000000002,45.95595928405884,-0.017917723742932906,0.0023652755419293443
154.8,45.95416751168455,-0.017681196188739985,0.0023759413372137802
154.9,45.95239939206568,-0.01744360205501862,0.0023381787235253063
155.0,45.95065503186017,-0.017209784182666103,0.0023239126629432455
155.10000000000002,45.94893405344191,-0.016977392916371726,0.0023286363921374707
155.20000000000002,45.94723631415027,-0.016744529277157992,0.002371374460542991
155.3,45.94556186122256,-0.016507391831103706,0.002406253233728261
155.4,45.943911122039445,-0.016266766507730894,0.0025499783377233637
155.5,45.94228444538867,-0.016011768673958572,0.002660920770812972
155.60000000000002,45.940683268521276,-0.015745676596877214,0.0028081622038778446
155.70000000000002,45.93910870086159,-0.015464860376489446,0.002966612679679704
155.8,45.93756221482394,-0.015168199108521492,0.0031383316593148725
155.9,45.93604539491309,-0.014854365942590023,0.003242607998104063
156.0,45.93455995831883,-0.014530105142779635,0.0033389609971872865
156.10000000000002,45.933106947804546,-0.01419620904306083,0.003325267550838092
156.20000000000002,45.931687326900246,-0.01386368228797704,0.0032616496782080073
156.3,45.930300958671445,-0.013537517320156258,0.0031829984890021233
156.4,45.92894720693943,-0.013219217471256064,0.0030495886762966357
156.5,45.927625285192306,-0.012914258603626418,0.002851268903219129
156.60000000000002,45.92633385933194,-0.01262913171330444,0.002636938878824568
156.70000000000002,45.92507094616061,-0.012365437825421998,0.002521961230454056
156.8,45.92383440237807,-0.012113241702376607,0.0024757459422595726
156.9,45.922623078207835,-0.011865667108150664,0.0025732593998321275
157.0,45.921436511497014,-0.011608341168167466,0.0027705128996719417
157.10000000000002,45.9202756773802,-0.011331289878200208,0.0030548974865094586
157.20000000000002,45.91914254839238,-0.01102580012954928,0.0034048175885512495
157.3,45.918039968379425,-0.010685318370694174,0.0037265487996224235
157.4,45.916971436542354,-0.010312663490731953,0.004015631520495752
157.5,45.91594017019328,-0.0099111003386824,0.004226681793995667
157.60000000000002,45.914949060159415,-0.009488432159282738,0.0043977982758825335
157.70000000000002,45.914000216943485,-0.00904865233169451,0.00448804937636701
157.8,45.91309535171032,-0.008599847394057834,0.004517263644912367
157.9,45.91223536697091,-0.008148121029566623,0.004603674789655789
158.0,45.91142055486795,-0.00768775355060107,0.004662722056124091
158.10000000000002,45.9106517795129,-0.007221481344988555,0.004628262223738344
158.20000000000002,45.9099296313784,-0.006758655122614747,0.00449986955872251
158.3,45.90925376586613,-0.006308668166742522,0.004380799476144329
158.4,45.90862289904946,-0.005870588219128114,0.004275956156841211
158.5,45.90803584022755,-0.005442992603444017,0.0042191927598528075
158.60000000000002,45.9074915409672,-0.00502107332745864,0.004240675621371788
158.70000000000002,45.90698943363446,-0.004597005765321485,0.004323153366434078
158.8,45.90652973305792,-0.004164690428678102,0.004401105745405726
158.9,45.906113264015055,-0.0037245798541375545,0.0045105370839867995
159.0,45.90574080602964,-0.0032735261457389002,0.004518944135396916
159.10000000000002,45.905413453415065,-0.002821631732199106,0.004433668436850986
159.20000000000002,45.90513129024185,-0.0023782648885140325,0.0042931395092028896
159.3,45.904893463753,-0.0019489509375937679,0.004198575947871276
159.4,45.904698568659235,-0.0015290933428066642,0.004170519968084818
159.5,45.90454565932496,-0.001112041345998206,0.004197348881911447
159.60000000000002,45.904434455190355,-0.0006923064578069659,0.004180168751257434
159.70000000000002,45.90436522454458,-0.00027428958268124634,0.004164814003367825
159.8,45.90433779558631,0.00014219181765551248,0.004122926193620242
159.9,45.90435201476807,0.0005544844370175133,0.004032837994085193
160.0,45.904407463211776,0.0009577682364260096,0.003958874225385215
160.10000000000002,45.90450324003542,0.0013536556589646212,0.0038950772802736596
160.20000000000002,45.90463860560131,0.001743163386991965,0.0038903956904808913
160.3,45.904812921940014,0.002132202956040032,0.0038768944207095233
160.4,45.90502614223562,0.0025198923981109623,0.0038366495276975746
160.5,45.90527813147543,0.002903557350880698,0.003708450104463067
160.60000000000002,45.905568487210516,0.003274402361327089,0.003491017953741381
160.70000000000002,45.90589592744665,0.003623504156701207,0.0032534370473758763
160.8,45.90625827786232,0.003948847861438776,0.003019092389950219
160.9,45.90665316264846,0.004250757100433781,0.002847909940772994
161.0,45.90707823835851,0.004535548094511064,0.0026526611047276685
161.10000000000002,45.907531793167955,0.0048008142049838914,0.0023567534251047293
161.20000000000002,45.90801187458845,0.005036489547494351,0.002016769186925914
161.3,45.90851552354321,0.005238166466186931,0.0017306405622373139
161.4,45.90903934018982,0.0054112305224106524,0.0014650251396704193
161.5,45.909580463242065,0.005557733036377686,0.001224592893208581
161.60000000000002,45.9101362365457,0.005680192325698572,0.0009840112336540912
161.70000000000002,45.91070425577827,0.0057785934490639755,0.0007066424956563499
161.8,45.91128211512318,0.0058492576986296065,0.0003933375262540077
161.9,45.91186704089304,0.005888591451255005,0.00013487458588809582
162.0,45.91245590003817,0.005902078909843814,-0.000144861313225695
162.10000000000002,45.913046107929155,0.005887592778521241,-0.000450751984480378
162.20000000000002,45.913634867207,0.005842517580073206,-0.0007012029225789366
162.3,45.914219118965015,0.005772397287815316,-0.0009572442549869136
162.4,45.91479635869379,0.00567667286231663,-0.0012934974079652952
162.5,45.915364025980026,0.005547323121520108,-0.0016211127287649738
162.60000000000002,45.91591875829218,0.005385211848643574,-0.0019057112560775516
162.70000000000002,45.916457279477044,0.0051946407230358295,-0.0022052586326775287
162.8,45.91697674354935,0.004974114859768089,-0.0024778205933980607
162.9,45.91747415503532,0.004726332800428297,-0.0027768549082313465
163.0,45.91794678831536,0.004448647309605178,-0.0030502642189215484
163.10000000000002,45.91839165304633,0.004143620887712954,-0.0032508727734727903
163.20000000000002,45.9188060151351,0.0038185336103656936,-0.0034755341206492065
163.3,45.91918786849613,0.0034709801983007927,-0.0036245575348212654
163.4,45.91953496651596,0.0031085244448186868,-0.00365106573578747
163.5,45.91984581896045,0.0027434178712399605,-0.003620018583717061
163.60000000000002,45.92012016074757,0.002381416012868172,-0.0035397769483548457
163.70000000000002,45.92035830234886,0.0020274383180327077,-0.0034839696293248357
163.8,45.92056104618066,0.001679041355100244,-0.0034471797017651368
163.9,45.92072895031617,0.0013343233849237499,-0.00346970820685888
164.0,45.92086238265466,0.0009873525642378816,-0.00348593259178494
164.10000000000002,45.920961117911084,0.0006387593050593084,-0.0034734626858055713
164.20000000000002,45.92102499384159,0.000291413036478771,-0.003483829400025213
164.3,45.92105413514524,-5.696990352373055e-05,-0.0034480348306432707
164.4,45.921048438154884,-0.000401773386588038,-0.0033773752141962993
164.5,45.92100826081623,-0.0007395109080076488,-0.003320624955007176
164.60000000000002,45.920934309725425,-0.0010715734035084419,-0.003248210358364843
164.70000000000002,45.92082715238507,-0.0013963944393449077,-0.0032222638055901657
164.8,45.92068751294114,-0.001718620819903906,-0.003229907045406831
164.9,45.92051565085915,-0.0020416115244445707,-0.0032681059045323556
165.0,45.920311489706705,-0.0023684221148977877,-0.0033581880129174763
165.10000000000002,45.92007464749522,-0.0027042409161896117,-0.0034603787028552307
165.20000000000002,45.919804223403595,-0.003050278786475115,-0.0035289289414852016
165.3,45.91949919552495,-0.003403171680623615,-0.0035820846800738463
165.4,45.91915887835689,-0.0037613801486309794,-0.003637749084117167
165.5,45.918782740342024,-0.004125155057042675,-0.0035948058440014754
165.60000000000002,45.91837022483632,-0.004484635641442905,-0.0036247155581680085
165.70000000000002,45.917921761272176,-0.004847107197259685,-0.0035911750973804993
165.8,45.91743705055245,-0.0052062247069977145,-0.003552871488161976
165.9,45.91691642808175,-0.005561511855813892,-0.0035254083710520483
166.0,45.91636027689617,-0.005914052692919077,-0.0034458697837148424
166.10000000000002,45.91576887162688,-0.006258639671290639,-0.0033864233060672023
166.20000000000002,45.91514300765975,-0.00659728200189734,-0.0033607758256009456
166.3,45.91448327945956,-0.006933359584457416,-0.0033827165875322594
166.4,45.913789943501115,-0.007271631243210622,-0.0033566317838787125
166.5,45.91306278037679,-0.007607294421598475,-0.003346644387147949
166.60000000000002,45.912302050934635,-0.007941958860313346,-0.003361518618588116
166.70000000000002,45.9115078550486,-0.008278110722172138,-0.0034040429859480267
166.8,45.910680043976384,-0.008618515020766921,-0.0033904503732799813
166.9,45.909818192474305,-0.0089575600580949,-0.003441280157858635
167.0,45.9089224364685,-0.009301688073880744,-0.0035080377059890787
167.10000000000002,45.90799226766111,-0.009652491844479732,-0.003500769917312374
167.20000000000002,45.90702701847666,-0.01000256883621095,-0.0034340099888942885
167.3,45.90602676159304,-0.010345969835100359,-0.0033659790706170108
167.4,45.90499216460953,-0.01068256774216204,-0.003280063355688748
167.5,45.90392390783531,-0.011010574077730897,-0.003193058568338478
167.60000000000002,45.90282285042754,-0.011329879934564817,-0.0031080035074639053
167.70000000000002,45.90168986243408,-0.01164068028531119,-0.0031123990721472865
167.8,45.90052579440555,-0.011951920192525901,-0.003013114899264814
167.9,45.8993306023863,-0.012253231682452365,-0.0027841180004759187
168.0,45.89810527921806,-0.012531643482499941,-0.0025833538561046065
168.10000000000002,45.89685211486981,-0.01278997886811046,-0.0023729743124946893
168.20000000000002,45.895573116982995,-0.013027276299359916,-0.002091409780190839
168.3,45.89427038935306,-0.013236417277378988,-0.0018240540713682601
168.4,45.892946747625324,-0.013418822684515804,-0.0015999932006617458
168.5,45.89160486535687,-0.01357882200458197,-0.001420739828297136
168.60000000000002,45.89024698315641,-0.013720895987411715,-0.0012447119511760202
168.70000000000002,45.88887489355767,-0.01384536718252931,-0.0010659631787274854
168.8,45.887490356839415,-0.013951963500402053,-0.0008714491666909882
168.9,45.886095160489376,-0.014039108417071147,-0.0006962059387862499
169.0,45.884691249647666,-0.014108729010949768,-0.0004544680645276162
169.10000000000002,45.883280376746576,-0.01415417581740254,-9.091916486239113e-05
169.20000000000002,45.88186495916484,-0.014163267733888778,0.00028541558012594334
169.3,45.88044863239145,-0.014134726175876185,0.0006958549009738725
169.4,45.879035159773856,-0.014065140685778802,0.0011464424840336225
169.5,45.87762864570528,-0.013950496437375446,0.001536045854596214
169.60000000000002,45.87623359606154,-0.01379689185191579,0.0018655360607448149
169.70000000000002,45.87485390687635,-0.013610338245841319,0.002076811044761335
169.8,45.87349287305177,-0.013402657141365197,0.002286698404375632
169.9,45.87215260733763,-0.013173987300927647,0.002448645693735926
170.0,45.87083520860754,-0.012929122731554069,0.0026427107711835566
170.10000000000002,45.86954229633438,-0.012664851654435653,0.0028832691136669317
170.20000000000002,45.868275811168935,-0.012376524743068976,0.0030635916923605665
170.3,45.86703815869463,-0.012070165573832937,0.0031546683643153954
170.4,45.865831142137246,-0.011754698737401415,0.0031469836092860217
170.5,45.86465567226351,-0.01144000037647283,0.003126273965233639
170.60000000000002,45.86351167222586,-0.011127372979949396,0.0031529630329607595
170.70000000000002,45.86239893492787,-0.010812076676653338,0.0032008831144533876
170.8,45.8613177272602,-0.010491988365208017,0.0032818741513753044
170.9,45.86026852842368,-0.010163800950070506,0.0034338322174228214
171.0,45.85925214832867,-0.009820417728328243,0.003553090153012695
171.10000000000002,45.85827010655584,-0.009465108713026893,0.0036450104164386854
171.20000000000002,45.857323595684534,-0.009100607671383045,0.0037056688985198155
171.3,45.8564135349174,-0.008730040781531084,0.0037607097076765177
171.4,45.85554053083924,-0.008353969810763454,0.0038707403472975264
171.5,45.85470513385817,-0.007966895776033723,0.003963687318750132
171.60000000000002,45.85390844428056,-0.00757052704415862,0.004000435831773695
171.70000000000002,45.85315139157615,-0.007170483460981273,0.003959253257294339
171.8,45.85243434323005,-0.006774558135251862,0.003900390128097095
171.9,45.85175688741653,-0.006384519122442174,0.003785522449155164
172.0,45.85111843550428,-0.0060059668775266795,0.00365535183356196
172.10000000000002,45.85051783881653,-0.0056404316941704,0.0035703010167575967
172.20000000000002,45.84995379564711,-0.005283401592494661,0.003382176145558881
172.3,45.84942545548786,-0.004945183977938792,0.003188479940974602
172.4,45.84893093709007,-0.00462633598384135,0.0030588907000375473
172.5,45.848468303491686,-0.004320446913837613,0.002966198672520123
172.60000000000002,45.8480362588003,-0.004023827046585533,0.002914505198521531
172.70000000000002,45.84763387609564,-0.0037323765267333964,0.002912072307480947
172.8,45.84726063844297,-0.0034411692959853183,0.002861153596180803
172.9,45.84691652151337,-0.0031550539363672542,0.0027332067932166705
173.0,45.846601016119735,-0.0028817332570456027,0.002638487981610737
173.10000000000002,45.84631284279403,-0.002617884458884469,0.002577124676547896
173.20000000000002,45.846051054348145,-0.002360171991229694,0.002537696118665511
173.3,45.845815037149016,-0.0021064023793631575,0.002465761797613269
173.4,45.845604396911085,-0.0018598261996018446,0.002388155791897823
173.5,45.845418414291125,-0.0016210106204120759,0.0023256783494183483
173.60000000000002,45.84525631322908,-0.0013884427854701882,0.0022561330264401964
173.70000000000002,45.845117468950534,-0.0011628294828261814,0.002142362092895908
173.8,45.84500118600225,-0.0009485932735366027,0.001955752234641392
173.9,45.844906326674895,-0.0007530180500724746,0.0017018615716032233
174.0,45.84483102486989,-0.000582831892912162,0.0014399334909331327
174.10000000000002,45.8447727416806,-0.000438838543818816,0.0012730259992054472
174.20000000000002,45.84472885782622,-0.0003115359438982785,0.0011119740892801787
174.3,45.84469770423183,-0.00020033853497026694,0.0009029672444827583
174.4,45.84467767037833,-0.00011004181052199624,0.0007448159074114756
174.5,45.84466666619728,-3.5560219780852905e-05,0.0006405948268670816
174.60000000000002,45.8446631101753,2.8499262905869814e-05,0.0004901831374023314
174.70000000000002,45.844665960101594,7.751757664610017e-05,0.0003226816425626958
174.8,45.84467371185926,0.00010978574090236792,9.848359708783371e-05
174.9,45.84468469043335,0.00011963410061115073,-0.00012321319557521328
175.0,45.84469665384341,0.0001073127810536301,-0.0003139841991792181
175.10000000000002,45.84470738512151,7.591436113570116e-05,-0.00043966243184379104
175.20000000000002,45.844714976557626,3.194811795132455e-05,-0.0005208127787589593
175.3,45.84471817136942,-2.0133159924568416e-05,-0.0005094628338480739
175.4,45.84471615805343,-7.107944330937291e-05,-0.000443838963821999
175.5,45.844709050109095,-0.00011546333969157028,-0.000361250763787986
175.60000000000002,45.84469750377513,-0.0001515884160703771,-0.00026081244130507936
175.70000000000002,45.844682344933524,-0.00017766966020088355,-0.00012727726186841827
175.8,45.8446645779675,-0.00019039738638772466,6.227601156914133e-05
175.9,45.84464553822886,-0.00018416978523081088,0.00030117054130227293
176.0,45.84462712125034,-0.0001540527311005853,0.0005809709012352801
176.10000000000002,45.84461171597723,-9.595564097704408e-05,0.0008530339411478736
176.20000000000002,45.84460212041313,-1.065224686226157e-05,0.0011305306035957203
176.3,45.84460105518845,0.00010240081349730403,0.0014428869311839511
176.4,45.84461129526979,0.00024668950661569094,0.0017435166120708865
176.5,45.84463596422046,0.00042104116782276966,0.0019612387166391986
176.60000000000002,45.84467806833724,0.0006171650394867341,0.002197466423814873
176.70000000000002,45.84473978484119,0.0008369116818682089,0.002478031214863776
176.8,45.844823476009374,0.0010847148033545724,0.002837367949417765
176.9,45.84493194748971,0.0013684515982963327,0.0031209048189305005
177.0,45.84506879264954,0.001680542080189365,0.003368088991422663
177.10000000000002,45.84523684685756,0.002017350979331708,0.0035336785104856014
177.20000000000002,45.84543858195549,0.002370718830380248,0.0036467522995201835
177.3,45.845675653838526,0.0027353940603322456,0.003648629855258298
177.4,45.845949193244564,0.0031002570458580547,0.0035115041412244526
177.5,45.84625921894915,0.00345140745998048,0.0033547500573654367
177.60000000000002,45.84660435969515,0.0037868824657171,0.0031710559767777107
177.70000000000002,45.84698304794172,0.004103988063394853,0.002993243593126159
177.8,45.84739344674806,0.004403312422707452,0.0028145724904386897
177.9,45.84783377799033,0.004684769671751305,0.0025918031254552627
178.0,45.8483022549575,0.004943949984296816,0.002371045724644708
178.10000000000002,45.848796649955936,0.005181054556761341,0.0021356527299504734
178.20000000000002,45.84931475541161,0.005394619829756376,0.0018757574300926434
178.3,45.849854217394586,0.00558219557276563,0.0015885378903264386
178.4,45.85041243695186,0.005741049361798265,0.0012914642200185934
178.5,45.85098654188804,0.005870195783800117,0.0010813754005030746
178.60000000000002,45.851573561466424,0.005978333323850449,0.000915751780791842
178.70000000000002,45.85217139479881,0.006069908501929628,0.0007492798211177098
178.8,45.852778385648996,0.0061448364840413945,0.0006223221512613806
178.9,45.8533928692974,0.006207068699167529,0.0004946878994578737
179.0,45.85401357616732,0.006256537489113314,0.00042250387301730305
179.10000000000002,45.85463922991623,0.0062987878764150535,0.00040152544474735707
179.20000000000002,45.85526910870387,0.006338940420889787,0.0003532521292844696
179.3,45.85590300274596,0.006374265633818232,0.0003050192431905494
179.4,45.85654042930934,0.006404767558137285,0.0002318249468248646
179.5,45.85718090606516,0.00642795005281977,0.0002223329806287572
179.60000000000002,45.85782370107044,0.006450183350882651,0.00029806719707522984
179.70000000000002,45.85846871940553,0.006479990070590172,0.0003895572588406191
179.8,45.85911671841259,0.006518945796474232,0.0005612249616469892
179.9,45.859768612992234,0.006575068292638928,0.0006662807556453758
180.0,45.8604261198215,0.0066416963682034615,0.0007409456982484604
180.10000000000002,45.86109028945832,0.006715790938028324,0.0008049156262144731
180.20000000000002,45.86176186855212,0.006796282500649767,0.0008540769834040514
180.3,45.862441496802184,0.006881690198990167,0.0008612018312314511
180.4,45.863129665822086,0.006967810382113308,0.0008516115689681315
180.5,45.863826446860294,0.007052971539010116,0.0008606829959229917
180.60000000000002,45.8645317440142,0.007139039838602435,0.0008031205636961832
180.70000000000002,45.86524564799806,0.0072193518949720484,0.00068734703361746
180.8,45.865967583187555,0.0072880865983337905,0.0006245900397459238
180.9,45.86669639184739,0.007350545602308379,0.0005742966311185288
181.0,45.86743144640762,0.007407975265420229,0.0005366952143930411
181.10000000000002,45.86817224393416,0.007461644786859545,0.0005003287277961291
181.20000000000002,45.868918408412846,0.007511677659639155,0.0004367976265796143
181.3,45.86966957617881,0.007555357422297114,0.0003617695212581749
181.4,45.870425111921044,0.00759153437442293,0.000276426568542744
181.5,45.87118426535848,0.007619177031277203,0.00022266009605636692
181.60000000000002,45.87194618306161,0.007641443040882844,0.00021231011348735686
181.70000000000002,45.8727103273657,0.007662674052231579,0.00020255212163613624
181.8,45.87347659477092,0.007682929264395191,0.0003264022768951191
181.9,45.87424488769736,0.007715569492084701,0.0004471800462859434
182.0,45.87501644464657,0.007760287496713293,0.000572391574254474
182.10000000000002,45.875792473396245,0.007817526654138754,0.0006299595101310316
182.20000000000002,45.876574226061656,0.007880522605151853,0.0006370432124956306
182.3,45.877362278322174,0.007944226926401413,0.0006286870780900487
182.4,45.87815670101481,0.008007095634210414,0.0005656604767480578
182.5,45.87895741057823,0.008063661681885216,0.0005231610332314039
182.60000000000002,45.87976377674642,0.008115977785208369,0.0005500924652832168
182.70000000000002,45.880575374524945,0.008170987031736687,0.0005748137400923989
182.8,45.88139247322812,0.008228468405745924,0.0004964413629108687
182.9,45.88221532006869,0.008278112542037008,0.0004859698632563302
183.0,45.88304313132289,0.008326709528362638,0.0005088629013932112
183.10000000000002,45.88387580227573,0.008377595818501971,0.0005177060612460617
183.20000000000002,45.88471356185758,0.008429366424626574,0.00048558589664454336
183.3,45.885556498500044,0.008477925014291026,0.0004606268570983651
183.4,45.88640429100147,0.00852398770000086,0.0004308016850477945
183.5,45.88725668977147,0.008567067868505637,0.0004363403236998985
183.60000000000002,45.888113396558325,0.008610701900875636,0.0004588173038703927
183.70000000000002,45.88897446674841,0.008656583631262673,0.000517733732643891
183.8,45.88984012511153,0.00870835700452706,0.0006769920365694851
183.9,45.89071096081199,0.008776056208184004,0.0008482466885839087
184.0,45.89158856643281,0.00886088087704239,0.0010366911774134064
184.10000000000002,45.89247465452051,0.008964549994783754,0.0012336159223407847
184.20000000000002,45.89337110951999,0.009087911587017826,0.0014143759897431863
184.3,45.89427990067869,0.009229349185992136,0.0015617407570961783
184.4,45.89520283559729,0.009385523261701745,0.001697018374397448
184.5,45.896141387923464,0.00955522509914148,0.0017568453814889753
184.60000000000002,45.897096910433376,0.009730909637290418,0.0018432022497444536
184.70000000000002,45.8980700013971,0.009915229862264853,0.001911255443719528
184.8,45.89906152438333,0.010106355406636795,0.0019401556296552082
184.9,45.900072159923994,0.010300370969602304,0.001967961223934095
185.0,45.901102197020954,0.010497167091995703,0.0019035125105137602
185.10000000000002,45.90215191373015,0.010687518343047122,0.0018075605297169007
185.20000000000002,45.90322066556446,0.010868274396018802,0.0017014554152578357
185.3,45.90430749300406,0.011038419937544576,0.0015741448191206244
185.4,45.905411334997815,0.01119583441945663,0.0015152582425810573
185.5,45.90653091843976,0.011347360243714726,0.0015145547274566231
185.60000000000002,45.90766565446413,0.011498815716460423,0.001537202555372663
185.70000000000002,45.90881553603578,0.01165253597199768,0.0015615886106306826
185.8,45.909980789632975,0.01180869483306074,0.0015906627867206607
185.9,45.91116165911628,0.011967761111732797,0.001548575670225484
186.0,45.91235843522746,0.012122618678755337,0.00154976670423332
186.10000000000002,45.91357069709533,0.012277595349178704,0.001503662343519048
186.20000000000002,45.91479845663025,0.0124279615835306,0.0014952403683668267
186.3,45.9160412527886,0.012577485620367274,0.0015382077219313485
186.4,45.91729900135064,0.0127313063925604,0.0015928148638837338
186.5,45.9185721319899,0.012890587878948765,0.0016024450135395697
186.60000000000002,45.919861190777794,0.013050832380302758,0.0015844917036813807
186.70000000000002,45.921166274015825,0.013209281550670887,0.0016339921630600133
186.8,45.92248720217089,0.01337268076697688,0.0016175360351316417
186.9,45.92382447024759,0.013534434370490034,0.0015030966415754778
187.0,45.925177913684635,0.013684744034647573,0.0012909232990002488
187.10000000000002,45.9265463880881,0.013813836364547628,0.0010439922872344698
187.20000000000002,45.927927771724555,0.013918235593271069,0.0008476933178847147
187.3,45.929319595283886,0.014003004925059535,0.0006493688581556329
187.4,45.93071989577639,0.014067941810875095,0.0004169221453110648
187.5,45.93212668995748,0.014109634025406199,0.0002143056171402048
187.60000000000002,45.93353765336002,0.014131064587120224,4.7967754266221106e-05
187.70000000000002,45.934950759818726,0.014135861362546846,-8.527517578322193e-05
187.8,45.936364345954985,0.014127333844968525,-0.00019034316622671242
187.9,45.93777707933948,0.014108299528345854,-0.00027601334724513925
188.0,45.939187909292315,0.014080698193621342,-0.0002936367883870179
188.10000000000002,45.94059597911168,0.014051334514782634,-0.0003704165216434354
188.20000000000002,45.942001112563155,0.014014292862618292,-0.0004342493301139828
188.3,45.943402541849416,0.013970867929606896,-0.0004866448537745315
188.4,45.94479962864238,0.013922203444229446,-0.00045376080003044716
188.5,45.9461918489868,0.013876827364226404,-0.00042911429654144155
188.60000000000002,45.94757953172322,0.01383391593457225,-0.000434886840616652
188.70000000000002,45.94896292331668,0.013790427250510587,-0.0004509423286027776
188.8,45.950341966041734,0.013745333017650312,-0.00042030898926763736
188.9,45.9517164993435,0.01370330211872355,-0.0002831807059689566
189.0,45.95308682955537,0.013674984048126657,-4.130846632035866e-05
189.10000000000002,45.95445432796018,0.01367085320149462,0.00018470747001669502
189.20000000000002,45.95582141328033,0.013689323948496288,0.00040383100232468456
189.3,45.95719034567518,0.013729707048728754,0.0005551423492489649
189.4,45.95856331638005,0.013785221283653648,0.000703074947096925
189.5,45.95994183850842,0.013855528778363336,0.0008653237576133666
189.60000000000002,45.961327391386256,0.013942061154124693,0.0010279610094315425
189.70000000000002,45.96272159750167,0.014044857255067841,0.001129591197653301
189.8,45.96412608322717,0.014157816374833165,0.0012369077784704996
189.9,45.965541864864655,0.014281507152680208,0.0014060216750233607
190.0,45.966970015579925,0.014422109320182536,0.0016058286674856632
190.10000000000002,45.968412226511944,0.014582692186931139,0.001861760533393016
190.20000000000002,45.96987049573064,0.01476886824027043,0.0020886639108762236
190.3,45.97134738255466,0.01497773463135804,0.0023051953003888894
190.4,45.9728451560178,0.015208254161396916,0.002518570609643081
190.5,45.97436598143394,0.01546011122236121,0.002818634808987413
190.60000000000002,45.97591199255618,0.015741974703260015,0.003141781807339405
190.70000000000002,45.977486190026504,0.016056152883993938,0.003479291275052903
190.8,45.9790918053149,0.016404082011499208,0.003827673548063927
190.9,45.98073221351605,0.01678684936630558,0.004247193661199472
191.0,45.982410898452684,0.017211568732425502,0.004664703114039875
191.10000000000002,45.98413205532592,0.017678039043829596,0.0050559083518753834
191.20000000000002,45.98589985923031,0.018183629879017105,0.005453353587898874
191.3,45.987718222218206,0.018728965237806962,0.005778914311726449
191.4,45.98959111874199,0.019306856668979574,0.006064362880247654
191.5,45.99152180440889,0.019913292957004305,0.006249682695445015
191.60000000000002,45.99351313370459,0.02053826122654895,0.006455449399213247
191.70000000000002,45.995566959827244,0.021183806166470236,0.006685104621309659
191.8,45.99768534044389,0.021852316628601164,0.006815309187357648
191.9,45.99987057210675,0.02253384754733689,0.006820656292769566
192.0,46.00212395686148,0.023215913176613808,0.006800958831778365
192.10000000000002,46.00444554817915,0.0238960090597918,0.006742053617337306
192.20000000000002,46.00683514908513,0.02457021442152549,0.00665983833646407
192.3,46.009292170527274,0.02523619825517186,0.006685367097669334
192.4,46.01181579035279,0.025904734964938756,0.006775911221778914
192.5,46.01440626384929,0.02658232608711661,0.006815510297426286
192.60000000000002,46.017064496458,0.027263877116859393,0.006838640428257256
192.70000000000002,46.01979088416969,0.02794774115968508,0.006927009827199284
192.8,46.02258565828566,0.02864044214240497,0.0069324738493707055
192.9,46.02544970249989,0.029333689527342,0.006968379795069827
193.0,46.02838307145263,0.030030527506848943,0.007042044616130666
193.10000000000002,46.031386124203316,0.03073473196846217,0.007091816500108907
193.20000000000002,46.03445959740016,0.03144391361847302,0.007167133882588208
193.3,46.03760398876201,0.0321606270067318,0.007295257250775828
193.4,46.04082005146268,0.03289015273180934,0.007419914727111459
193.5,46.044109066735864,0.033632144204520445,0.00757729301821068
193.60000000000002,46.04747228115632,0.034389873506341685,0.0077458340613541475
193.70000000000002,46.05091126850695,0.035164456912477056,0.007898528430574472
193.8,46.0544277141982,0.03595430975553446,0.007998947679262843
193.9,46.05802314517375,0.0367542045234607,0.008106971269642552
194.0,46.061698565626095,0.037564901650424906,0.008197624006959236
194.10000000000002,46.06545505579114,0.038384664051121016,0.008307930259585428
194.20000000000002,46.06929352219625,0.03921545707707951,0.008410592835017126
194.3,46.07321506790396,0.040056516360581176,0.008515929448247651
194.4,46.077220719540016,0.04090810930540589,0.008600612048309673
194.5,46.08131153047056,0.04176817051023681,0.008688237268505742
194.60000000000002,46.08548834752158,0.04263699423708758,0.00876212547222152
194.70000000000002,46.089752046945286,0.043513206784309685,0.008799411462736564
194.8,46.09410336762372,0.04439314793058329,0.00891363385922899
194.9,46.09854268241678,0.04528451131650614,0.00900478206583735
195.0,46.103071133548426,0.046184989523089824,0.009093012383651358
195.10000000000002,46.10768963250074,0.04709429076145517,0.009209543118396012
195.20000000000002,46.11239906157688,0.048015245073294716,0.009305267434043503
195.3,46.11720058608421,0.04894577181669901,0.009354993503386371
195.4,46.12209516326588,0.0498812711670376,0.009440212331583759
195.5,46.127083290382586,0.05082529240019592,0.009510497751563709
195.60000000000002,46.13216581962261,0.051776342175352506,0.0095380495669868
195.70000000000002,46.13734345384014,0.05273014713205113,0.009552652301780111
195.8,46.14261646855334,0.05368541236222909,0.009567432048629133
195.9,46.147985009789565,0.05464215556709195,0.00950293741894216
196.0,46.15344922534628,0.05559244930898611,0.009392643503526534
196.10000000000002,46.15900847027718,0.05653171365933898,0.009165281285608042
196.20000000000002,46.16466164164311,0.05744824178789973,0.008927357209442982
196.3,46.1704064658219,0.058340977508843976,0.00867989865331071
196.4,46.17624056357278,0.059208967374175,0.008442089280085297
196.5,46.1821614603102,0.06005317630218348,0.008193522344414558
196.60000000000002,46.188166777940424,0.06087252853662512,0.007928455539974073
196.70000000000002,46.194254030794085,0.061665374090622484,0.0076768179417803705
196.8,46.20042056820314,0.06243305588480048,0.007383921260517918
196.9,46.206663873791626,0.06317144801085223,0.007083877538744801
197.0,46.21298101859271,0.06387983576472667,0.0067963239158889775
197.10000000000002,46.21936900216918,0.06455946815631572,0.006456719806919676
197.20000000000002,46.225824948984815,0.06520514013700765,0.006100714402311538
197.3,46.232345462998516,0.06581521157723877,0.005743199326730862
197.4,46.23892698415624,0.06638953150991182,0.005350017904116488
197.5,46.24556593730723,0.06692453330032344,0.005003337658399359
197.60000000000002,46.252258390637266,0.06742486706616349,0.004695650260176782
197.70000000000002,46.25900087734388,0.06789443209218114,0.004442772896277566
197.8,46.265790320553094,0.06833870938180887,0.0042724098097527904
197.9,46.272624191491275,0.06876595036278413,0.004268493257157495
198.0,46.27950078652756,0.06919279968849985,0.004400933680014483
198.10000000000002,46.286420066496405,0.0696328930565014,0.0045151103070232915
198.20000000000002,46.29338335580206,0.0700844040872037,0.0046072843884660385
198.3,46.300391796210775,0.07054513252605028,0.004711939149661383
198.4,46.30744630946338,0.0710163264410164,0.004814068457303501
198.5,46.31454794210748,0.07149773328674672,0.004950271790253575
198.60000000000002,46.32169771543616,0.07199276046577219,0.005021006154614379
198.70000000000002,46.328896991482736,0.0724948610812336,0.005066661309019321
198.8,46.33614647759086,0.0730015272121355,0.005082765033018616
198.9,46.34344663031207,0.07350980371543733,0.00513176464187777
199.0,46.350797610683614,0.07402298017962508,0.005134035665298962
199.10000000000002,46.35819990870158,0.0745363837461551,0.00509739618445791
199.20000000000002,46.36565354707619,0.07504612336460086,0.004995018505517679
199.3,46.373158159412654,0.0755456252151526,0.0049216849290241475
199.4,46.38071272193417,0.07603779370805498,0.004798750110711897
199.5,46.38831650130498,0.07651766871912614,0.004637185787756737
199.60000000000002,46.39596826817689,0.07698138729790192,0.0045306355794641285
199.70000000000002,46.40366640690668,0.07743445085584831,0.00449273173032253
199.8,46.41140985199226,0.07788372402888054,0.004413897482423408
199.9,46.41919822439515,0.07832511377712285,0.004413897482423408
200.0,46.42703073577286,nan,nan
