t,TN2,Tm,Thp,Tf,c[1],c[2],c[3],c[4],c[5],c[6],n,rho_dollars,Q_to_steam,drumAngleDeg
0.0,90.0,135.0,67.5,22.5,-45.0,4.5,180.0,-22.5,112.5,33.75,56.25,-90.0,11.25,45.0
0.1,90.20295314165548,135.30442971248323,67.65221485624161,22.55073828541387,-45.10147657082774,4.510147657082775,180.40590628331097,-22.55073828541387,112.75369142706936,33.82610742812081,56.37684571353468,-90.20295314165548,11.275369142706936,45.10147657082774
0.2,90.4077422483496,135.6116133725244,67.8058066862622,22.6019355620874,-45.2038711241748,4.52038711241748,180.8154844966992,-22.6019355620874,113.00967781043701,33.9029033431311,56.504838905218506,-90.4077422483496,11.3009677810437,45.2038711241748
0.30000000000000004,90.61429491668524,135.92144237502785,67.96072118751393,22.65357372917131,-45.30714745834262,4.5307147458342625,181.22858983337048,-22.65357372917131,113.26786864585655,33.98036059375696,56.633934322928276,-90.61429491668524,11.326786864585655,45.30714745834262
0.4,90.82256130369265,136.233841955539,68.1169209777695,22.705640325923163,-45.411280651846326,4.541128065184632,181.6451226073853,-22.705640325923163,113.52820162961581,34.05846048888475,56.764100814807904,-90.82256130369265,11.352820162961581,45.411280651846326
0.5,91.03258311556546,136.5488746733482,68.2744373366741,22.758145778891365,-45.51629155778273,4.551629155778273,182.06516623113092,-22.758145778891365,113.79072889445682,34.13721866833705,56.89536444722841,-91.03258311556546,11.379072889445682,45.51629155778273
0.6000000000000001,91.24440983323699,136.86661474985547,68.43330737492774,22.811102458309247,-45.62220491661849,4.56222049166185,182.48881966647397,-22.811102458309247,114.05551229154624,34.21665368746387,57.02775614577312,-91.24440983323699,11.405551229154623,45.62220491661849
0.7000000000000001,91.45801225717747,137.1870183857662,68.5935091928831,22.864503064294368,-45.729006128588736,4.572900612858874,182.91602451435494,-22.864503064294368,114.32251532147184,34.29675459644155,57.16125766073592,-91.45801225717747,11.432251532147184,45.729006128588736
0.8,91.67335055374018,137.51002583061026,68.75501291530513,22.918337638435045,-45.83667527687009,4.583667527687009,183.34670110748036,-22.918337638435045,114.59168819217523,34.377506457652565,57.29584409608761,-91.67335055374018,11.459168819217522,45.83667527687009
0.9,91.8903995676257,137.83559935143856,68.91779967571928,22.972599891906427,-45.94519978381285,4.594519978381285,183.7807991352514,-22.972599891906427,114.86299945953213,34.45889983785964,57.43149972976607,-91.8903995676257,11.486299945953213,45.94519978381285
1.0,92.1091173252932,138.1636759879398,69.0818379939699,23.0272793313233,-46.0545586626466,4.60545586626466,184.2182346505864,-23.0272793313233,115.1363966566165,34.54091899698495,57.56819832830825,-92.1091173252932,11.51363966566165,46.0545586626466
1.1,92.32942594010997,138.49413891016496,69.24706945508248,23.082356485027493,-46.164712970054985,4.616471297005499,184.65885188021994,-23.082356485027493,115.41178242513746,34.62353472754124,57.70589121256873,-92.32942594010997,11.541178242513746,46.164712970054985
1.2000000000000002,92.55125932950125,138.82688899425187,69.41344449712594,23.137814832375312,-46.275629664750625,4.627562966475063,185.1025186590025,-23.137814832375312,115.68907416187656,34.70672224856297,57.84453708093828,-92.55125932950125,11.568907416187656,46.275629664750625
1.3,92.77457788907331,139.16186683360996,69.58093341680498,23.19364447226833,-46.38728894453666,4.638728894453666,185.54915577814663,-23.19364447226833,115.96822236134165,34.79046670840249,57.98411118067082,-92.77457788907331,11.596822236134164,46.38728894453666
1.4000000000000001,92.99933571182706,139.4990035677406,69.7495017838703,23.249833927956765,-46.49966785591353,4.649966785591353,185.99867142365412,-23.249833927956765,116.24916963978382,34.87475089193515,58.12458481989191,-92.99933571182706,11.624916963978382,46.49966785591353
1.5,93.22549888339721,139.8382483250958,69.9191241625479,23.306374720849302,-46.612749441698604,4.66127494416986,186.45099776679442,-23.306374720849302,116.53187360424651,34.95956208127395,58.26593680212326,-93.22549888339721,11.653187360424651,46.612749441698604
1.6,93.45299436646334,140.179491549695,70.0897457748475,23.363248591615836,-46.72649718323167,4.672649718323167,186.9059887329267,-23.363248591615836,116.81624295807919,35.04487288742375,58.40812147903959,-93.45299436646334,11.681624295807918,46.72649718323167
1.7000000000000002,93.68174105655908,140.52261158483861,70.26130579241931,23.42043526413977,-46.84087052827954,4.684087052827954,187.36348211311815,-23.42043526413977,117.10217632069885,35.130652896209654,58.55108816034942,-93.68174105655908,11.710217632069885,46.84087052827954
1.8,93.91171738674348,140.8675760801152,70.4337880400576,23.47792934668587,-46.95585869337174,4.695585869337174,187.82343477348695,-23.47792934668587,117.38964673342934,35.2168940200288,58.69482336671467,-93.91171738674348,11.738964673342934,46.95585869337174
1.9000000000000001,94.14294439735376,141.21441659603065,70.60720829801532,23.53573609933844,-47.07147219867688,4.7071472198676885,188.28588879470752,-23.53573609933844,117.6786804966922,35.30360414900766,58.8393402483461,-94.14294439735376,11.76786804966922,47.07147219867688
2.0,94.37542767742349,141.56314151613523,70.78157075806762,23.593856919355872,-47.187713838711744,4.718771383871174,188.75085535484698,-23.593856919355872,117.96928459677936,35.39078537903381,58.98464229838968,-94.37542767742349,11.796928459677936,47.187713838711744
2.1,94.60918625506429,141.91377938259643,70.95688969129822,23.652296563766072,-47.304593127532144,4.730459312753214,189.21837251012857,-23.652296563766072,118.26148281883036,35.47844484564911,59.13074140941518,-94.60918625506429,11.826148281883036,47.304593127532144
2.2,94.84419681231387,142.26629521847082,71.13314760923541,23.711049203078467,-47.422098406156934,4.742209840615693,189.68839362462774,-23.711049203078467,118.55524601539233,35.566573804617704,59.277623007696164,-94.84419681231387,11.855524601539233,47.422098406156934
2.3000000000000003,95.08040386544108,142.62060579816162,71.31030289908081,23.77010096636027,-47.54020193272054,4.754020193272054,190.16080773088217,-23.77010096636027,118.85050483180136,35.655151449540405,59.42525241590068,-95.08040386544108,11.885050483180136,47.54020193272054
2.4000000000000004,95.31778851610251,142.97668277415377,71.48834138707689,23.829447129025628,-47.658894258051255,4.765889425805126,190.63557703220502,-23.829447129025628,119.14723564512813,35.74417069353844,59.57361782256407,-95.31778851610251,11.914723564512814,47.658894258051255
2.5,95.5563832298885,143.33457484483273,71.66728742241636,23.889095807472124,-47.77819161494425,4.777819161494425,191.112766459777,-23.889095807472124,119.44547903736063,35.83364371120818,59.722739518680314,-95.5563832298885,11.944547903736062,47.77819161494425
2.6,95.7962327894687,143.69434918420305,71.84717459210152,23.949058197367176,-47.89811639473435,4.789811639473435,191.5924655789374,-23.949058197367176,119.74529098683588,35.92358729605076,59.87264549341794,-95.7962327894687,11.974529098683588,47.89811639473435
2.7,96.03731963939858,144.05597945909787,72.02798972954893,24.009329909849644,-48.01865981969929,4.801865981969929,192.07463927879715,-24.009329909849644,120.04664954924822,36.01399486477447,60.02332477462411,-96.03731963939858,12.004664954924822,48.01865981969929
2.8000000000000003,96.27955660426089,144.41933490639133,72.20966745319566,24.069889151065222,-48.139778302130445,4.8139778302130445,192.55911320852178,-24.069889151065222,120.34944575532612,36.10483372659783,60.17472287766306,-96.27955660426089,12.034944575532611,48.139778302130445
2.9000000000000004,96.52277780855736,144.78416671283605,72.39208335641803,24.13069445213934,-48.26138890427868,4.826138890427869,193.04555561711473,-24.13069445213934,120.6534722606967,36.19604167820901,60.32673613034835,-96.52277780855736,12.06534722606967,48.26138890427868
3.0,96.76678926793008,145.1501839018951,72.57509195094755,24.19169731698252,-48.38339463396504,4.838339463396505,193.53357853586016,-24.19169731698252,120.9584865849126,36.287545975473776,60.4792432924563,-96.76678926793008,12.09584865849126,48.38339463396504
3.1,97.01136592247845,145.51704888371768,72.75852444185884,24.25284148061961,-48.50568296123922,4.850568296123923,194.0227318449569,-24.25284148061961,121.26420740309806,36.37926222092942,60.63210370154903,-97.01136592247845,12.126420740309806,48.50568296123922
3.2,97.2562897558668,145.8844346338002,72.9422173169001,24.3140724389667,-48.6281448779334,4.86281448779334,194.5125795117336,-24.3140724389667,121.5703621948335,36.47110865845005,60.78518109741675,-97.2562897558668,12.15703621948335,48.6281448779334
3.3000000000000003,97.5013726999341,146.25205904990113,73.12602952495057,24.375343174983524,-48.75068634996705,4.875068634996705,195.0027453998682,-24.375343174983524,121.87671587491762,36.563014762475284,60.93835793745881,-97.5013726999341,12.187671587491762,48.75068634996705
3.4000000000000004,97.74642613210727,146.6196391981609,73.30981959908046,24.43660653302682,-48.87321306605364,4.887321306605364,195.49285226421455,-24.43660653302682,122.18303266513409,36.65490979954023,61.091516332567046,-97.74642613210727,12.21830326651341,48.87321306605364
3.5,97.99126720198947,146.98690080298422,73.49345040149211,24.497816800497368,-48.995633600994736,4.899563360099474,195.98253440397895,-24.497816800497368,122.48908400248683,36.746725200746056,61.24454200124342,-97.99126720198947,12.248908400248684,48.995633600994736
3.6,98.23571439394358,147.35357159091538,73.67678579545769,24.558928598485895,-49.11785719697179,4.911785719697179,196.47142878788716,-24.558928598485895,122.79464299242947,36.838392897728845,61.39732149621474,-98.23571439394358,12.279464299242948,49.11785719697179
3.7,98.47954853428989,147.71932280143483,73.85966140071741,24.619887133572472,-49.239774267144945,4.923977426714495,196.95909706857978,-24.619887133572472,123.09943566786237,36.92983070035871,61.54971783393118,-98.47954853428989,12.309943566786236,49.239774267144945
3.8000000000000003,98.72260351379914,148.08390527069872,74.04195263534936,24.680650878449786,-49.36130175689957,4.936130175689957,197.4452070275983,-24.680650878449786,123.40325439224893,37.02097631767468,61.70162719612446,-98.72260351379914,12.340325439224893,49.36130175689957
3.9000000000000004,98.96472863493399,148.447092952401,74.2235464762005,24.741182158733498,-49.482364317466995,4.9482364317467,197.92945726986798,-24.741182158733498,123.70591079366748,37.11177323810025,61.85295539683374,-98.96472863493399,12.370591079366749,49.482364317466995
4.0,99.2057650345518,148.8086475518277,74.40432377591385,24.80144125863795,-49.6028825172759,4.96028825172759,198.4115300691036,-24.80144125863795,124.00720629318975,37.202161887956926,62.00360314659488,-99.2057650345518,12.400720629318975,49.6028825172759
4.1000000000000005,99.44559944219078,149.16839916328618,74.58419958164309,24.861399860547696,-49.72279972109539,4.97227997210954,198.89119888438157,-24.861399860547696,124.30699930273848,37.292099790821545,62.15349965136924,-99.44559944219078,12.430699930273848,49.72279972109539
4.2,99.68419808219664,149.52629712329497,74.76314856164748,24.92104952054916,-49.84209904109832,4.984209904109832,199.3683961643933,-24.92104952054916,124.6052476027458,37.38157428082374,62.3026238013729,-99.68419808219664,12.46052476027458,49.84209904109832
4.3,99.92156134079877,149.88234201119815,74.94117100559907,24.980390335199694,-49.96078067039939,4.996078067039939,199.84312268159755,-24.980390335199694,124.90195167599848,37.47058550279954,62.45097583799924,-99.92156134079877,12.490195167599847,49.96078067039939
4.4,100.1577733710799,150.23666005661985,75.11833002830993,25.039443342769975,-50.07888668553995,5.007888668553996,200.3155467421598,-25.039443342769975,125.19721671384987,37.559165014154964,62.598608356924935,-100.1577733710799,12.519721671384987,50.07888668553995
4.5,100.39292512830042,150.58938769245063,75.29469384622531,25.098231282075105,-50.19646256415021,5.0196462564150215,200.78585025660084,-25.098231282075105,125.49115641037552,37.64734692311266,62.74557820518776,-100.39292512830042,12.549115641037552,50.19646256415021
4.6000000000000005,100.62705163151281,150.94057744726922,75.47028872363461,25.156762907878203,-50.31352581575641,5.031352581575641,201.25410326302563,-25.156762907878203,125.78381453939102,37.735144361817305,62.89190726969551,-100.62705163151281,12.578381453939102,50.31352581575641
4.7,100.86010254420124,151.29015381630185,75.64507690815093,25.21502563605031,-50.43005127210062,5.043005127210062,201.72020508840248,-25.21502563605031,126.07512818025155,37.82253845407546,63.03756409012578,-100.86010254420124,12.607512818025155,50.43005127210062
4.800000000000001,101.09200592500429,151.63800888750643,75.81900444375322,25.27300148125107,-50.54600296250214,5.054600296250214,202.18401185000857,-25.27300148125107,126.36500740625536,37.90950222187661,63.18250370312768,-101.09200592500429,12.636500740625536,50.54600296250214
4.9,101.32271719735984,151.98407579603975,75.99203789801987,25.33067929933996,-50.66135859867992,5.066135859867992,202.64543439471967,-25.33067929933996,126.6533964966998,37.99601894900994,63.3266982483499,-101.32271719735984,12.66533964966998,50.66135859867992
5.0,101.55226451753917,152.32839677630875,76.16419838815438,25.388066129384793,-50.776132258769586,5.077613225876959,203.10452903507834,-25.388066129384793,126.94033064692397,38.08209919407719,63.470165323461984,-101.55226451753917,12.694033064692396,50.776132258769586
5.1000000000000005,101.7807303197548,152.67109547963219,76.33554773981609,25.4451825799387,-50.8903651598774,5.08903651598774,203.5614606395096,-25.4451825799387,127.2259128996935,38.167773869908046,63.61295644984675,-101.7807303197548,12.72259128996935,50.8903651598774
5.2,102.00818430264142,153.01227645396213,76.50613822698107,25.502046075660356,-51.00409215132071,5.100409215132071,204.01636860528285,-25.502046075660356,127.51023037830178,38.25306911349053,63.75511518915089,-102.00818430264142,12.751023037830178,51.00409215132071
5.300000000000001,102.23468974832664,153.35203462248995,76.67601731124498,25.55867243708166,-51.11734487416332,5.111734487416332,204.4693794966533,-25.55867243708166,127.79336218540831,38.33800865562249,63.896681092704156,-102.23468974832664,12.77933621854083,51.11734487416332
5.4,102.46034529347587,153.6905179402138,76.8452589701069,25.615086323368967,-51.230172646737934,5.123017264673794,204.92069058695174,-25.615086323368967,128.07543161684484,38.42262948505345,64.03771580842242,-102.46034529347587,12.807543161684483,51.230172646737934
5.5,102.68524720221357,154.02787080332035,77.01393540166018,25.671311800553394,-51.34262360110679,5.134262360110679,205.37049440442715,-25.671311800553394,128.35655900276697,38.50696770083009,64.17827950138349,-102.68524720221357,12.835655900276697,51.34262360110679
5.6000000000000005,102.90946085539787,154.3641912830968,77.1820956415484,25.727365213849467,-51.454730427698934,5.145473042769893,205.81892171079573,-25.727365213849467,128.63682606924732,38.5910478207742,64.31841303462366,-102.90946085539787,12.863682606924733,51.454730427698934
5.7,103.13298668632207,154.6994800294831,77.34974001474156,25.783246671580518,-51.566493343161035,5.1566493343161035,206.26597337264414,-25.783246671580518,128.9162333579026,38.67487000737078,64.4581166789513,-103.13298668632207,12.891623335790259,51.566493343161035
5.800000000000001,103.35584526416415,155.03376789624622,77.51688394812311,25.838961316041036,-51.67792263208207,5.167792263208208,206.7116905283283,-25.838961316041036,129.19480658020518,38.758441974061554,64.59740329010259,-103.35584526416415,12.919480658020518,51.67792263208207
5.9,103.57802098537672,155.3670314780651,77.68351573903254,25.89450524634418,-51.78901049268836,5.178901049268837,207.15604197075345,-25.89450524634418,129.4725262317209,38.84175786951627,64.73626311586045,-103.57802098537672,12.94725262317209,51.78901049268836
6.0,103.79949149979838,155.69923724969757,77.84961862484879,25.949872874949595,-51.89974574989919,5.189974574989919,207.59898299959676,-25.949872874949595,129.74936437474798,38.924809312424394,64.87468218737399,-103.79949149979838,12.974936437474797,51.89974574989919
6.1000000000000005,104.02028649212149,156.03042973818222,78.01521486909111,26.00507162303037,-52.01014324606074,5.201014324606074,208.04057298424297,-26.00507162303037,130.02535811515185,39.007607434545555,65.01267905757592,-104.02028649212149,13.002535811515186,52.01014324606074
6.2,104.24050121587321,156.3607518238098,78.1803759119049,26.060125303968302,-52.120250607936605,5.2120250607936605,208.48100243174642,-26.060125303968302,130.3006265198415,39.09018795595245,65.15031325992075,-104.24050121587321,13.030062651984151,52.120250607936605
6.300000000000001,104.46021492722605,156.69032239083907,78.34516119541954,26.115053731806512,-52.230107463613024,5.223010746361303,208.9204298544521,-26.115053731806512,130.57526865903256,39.17258059770977,65.28763432951628,-104.46021492722605,13.057526865903256,52.230107463613024
6.4,104.6795181948298,157.01927729224468,78.50963864612234,26.16987954870745,-52.3397590974149,5.23397590974149,209.3590363896596,-26.16987954870745,130.84939774353725,39.25481932306117,65.42469887176863,-104.6795181948298,13.084939774353725,52.3397590974149
6.5,104.89851187325922,157.34776780988884,78.67388390494442,26.224627968314806,-52.44925593662961,5.244925593662962,209.79702374651845,-26.224627968314806,131.12313984157402,39.33694195247221,65.56156992078701,-104.89851187325922,13.112313984157403,52.44925593662961
6.6000000000000005,105.1172314030479,157.67584710457186,78.83792355228593,26.279307850761974,-52.55861570152395,5.255861570152395,210.2344628060958,-26.279307850761974,131.39653925380986,39.418961776142964,65.69826962690493,-105.1172314030479,13.139653925380987,52.55861570152395
6.7,105.33575508063802,158.00363262095703,79.00181631047852,26.333938770159506,-52.66787754031901,5.266787754031902,210.67151016127605,-26.333938770159506,131.66969385079753,39.50090815523926,65.83484692539876,-105.33575508063802,13.166969385079753,52.66787754031901
6.800000000000001,105.55414066742999,158.331211001145,79.1656055005725,26.388535166857498,-52.777070333714995,5.2777070333715,211.10828133485998,-26.388535166857498,131.94267583428748,39.58280275028625,65.97133791714374,-105.55414066742999,13.194267583428749,52.777070333714995
6.9,105.77239997714159,158.65859996571237,79.32929998285618,26.443099994285397,-52.886199988570795,5.2886199988570795,211.54479995428318,-26.443099994285397,132.215499971427,39.66464999142809,66.1077499857135,-105.77239997714159,13.221549997142699,52.886199988570795
7.0,105.99044968616313,158.9856745292447,79.49283726462235,26.497612421540783,-52.995224843081566,5.299522484308157,211.98089937232626,-26.497612421540783,132.4880621077039,39.746418632311176,66.24403105385196,-105.99044968616313,13.248806210770391,52.995224843081566
7.1000000000000005,106.20819411878645,159.3122911781797,79.65614558908985,26.552048529696613,-53.104097059393226,5.310409705939323,212.4163882375729,-26.552048529696613,132.76024264848306,39.82807279454492,66.38012132424153,-106.20819411878645,13.276024264848306,53.104097059393226
7.2,106.42553425232018,159.63830137848026,79.81915068924013,26.606383563080044,-53.21276712616009,5.321276712616009,212.85106850464035,-26.606383563080044,133.03191781540022,39.909575344620066,66.51595890770011,-106.42553425232018,13.303191781540022,53.21276712616009
7.300000000000001,106.64243310636073,159.9636496595411,79.98182482977055,26.66060827659018,-53.32121655318036,5.332121655318037,213.28486621272145,-26.66060827659018,133.3030413829509,39.99091241488527,66.65152069147545,-106.64243310636073,13.33030413829509,53.32121655318036
7.4,106.85883329794046,160.2882499469107,80.14412497345535,26.714708324485116,-53.42941664897023,5.342941664897023,213.71766659588093,-26.714708324485116,133.57354162242558,40.072062486727674,66.78677081121279,-106.85883329794046,13.357354162242558,53.42941664897023
7.5,107.07471205724744,160.61206808587116,80.30603404293558,26.76867801431186,-53.53735602862372,5.353735602862372,214.14942411449488,-26.76867801431186,133.8433900715593,40.15301702146779,66.92169503577965,-107.07471205724744,13.38433900715593,53.53735602862372
7.6000000000000005,107.29007435058983,160.93511152588474,80.46755576294237,26.82251858764746,-53.64503717529492,5.364503717529492,214.58014870117967,-26.82251858764746,134.1125929382373,40.233777881471184,67.05629646911865,-107.29007435058983,13.41125929382373,53.64503717529492
7.7,107.50492879397132,161.25739319095698,80.62869659547849,26.87623219849283,-53.75246439698566,5.375246439698566,215.00985758794263,-26.87623219849283,134.38116099246415,40.314348297739244,67.19058049623207,-107.50492879397132,13.438116099246415,53.75246439698566
7.800000000000001,107.71932928627305,161.5789939294096,80.7894969647048,26.929832321568263,-53.859664643136526,5.385966464313653,215.4386585725461,-26.929832321568263,134.6491616078413,40.3947484823524,67.32458080392065,-107.71932928627305,13.464916160784131,53.859664643136526
7.9,107.93336123738362,161.90004185607543,80.95002092803772,26.983340309345905,-53.96668061869181,5.396668061869182,215.86672247476724,-26.983340309345905,134.91670154672954,40.47501046401886,67.45835077336477,-107.93336123738362,13.491670154672953,53.96668061869181
8.0,108.14712047908489,162.22068071862734,81.11034035931367,27.036780119771223,-54.073560239542445,5.407356023954245,216.29424095816978,-27.036780119771223,135.1839005988561,40.555170179656834,67.59195029942805,-108.14712047908489,13.518390059885611,54.073560239542445
8.1,108.36068449018705,162.54102673528058,81.27051336764029,27.090171122546764,-54.18034224509353,5.418034224509353,216.7213689803741,-27.090171122546764,135.45085561273382,40.635256683820145,67.72542780636691,-108.36068449018705,13.545085561273382,54.18034224509353
8.200000000000001,108.57414325179788,162.86121487769682,81.43060743884841,27.14353581294947,-54.28707162589894,5.428707162589895,217.14828650359576,-27.14353581294947,135.71767906474736,40.715303719424206,67.85883953237368,-108.57414325179788,13.571767906474735,54.28707162589894
8.3,108.78763217214748,163.18144825822122,81.59072412911061,27.19690804303687,-54.39381608607374,5.439381608607374,217.57526434429496,-27.19690804303687,135.98454021518435,40.795362064555306,67.99227010759218,-108.78763217214748,13.598454021518435,54.39381608607374
8.4,109.00133653665715,163.50200480498572,81.75100240249286,27.250334134164287,-54.500668268328575,5.450066826832858,218.0026730733143,-27.250334134164287,136.25167067082143,40.87550120124643,68.12583533541071,-109.00133653665715,13.625167067082144,54.500668268328575
8.5,109.21539727202588,163.82309590803882,81.91154795401941,27.30384931800647,-54.60769863601294,5.4607698636012945,218.43079454405176,-27.30384931800647,136.51924659003237,40.955773977009706,68.25962329501618,-109.21539727202588,13.651924659003235,54.60769863601294
8.6,109.42993383720473,164.1449007558071,82.07245037790355,27.357483459301182,-54.714966918602364,5.471496691860237,218.85986767440946,-27.357483459301182,136.7874172965059,41.036225188951775,68.39370864825295,-109.42993383720473,13.678741729650591,54.714966918602364
8.700000000000001,109.64510574325752,164.46765861488626,82.23382930744313,27.41127643581438,-54.82255287162876,5.482255287162876,219.29021148651503,-27.41127643581438,137.0563821790719,41.116914653721565,68.52819108953595,-109.64510574325752,13.70563821790719,54.82255287162876
8.8,109.86100759117062,164.79151138675593,82.39575569337796,27.465251897792655,-54.93050379558531,5.4930503795585315,219.72201518234124,-27.465251897792655,137.32625948896327,41.19787784668898,68.66312974448164,-109.86100759117062,13.732625948896327,54.93050379558531
8.9,110.07770800627074,165.1165620094061,82.55828100470305,27.519427001567685,-55.03885400313537,5.503885400313537,220.15541601254148,-27.519427001567685,137.59713500783843,41.279140502351524,68.79856750391922,-110.07770800627074,13.759713500783842,55.03885400313537
9.0,110.29518512322835,165.44277768484253,82.72138884242126,27.573796280807088,-55.147592561614175,5.514759256161418,220.5903702464567,-27.573796280807088,137.86898140403542,41.36069442121063,68.93449070201771,-110.29518512322835,13.786898140403544,55.147592561614175
9.1,110.51335342814738,165.77003014222106,82.88501507111053,27.628338357036846,-55.25667671407369,5.525667671407369,221.02670685629477,-27.628338357036846,138.14169178518424,41.442507535555265,69.07084589259212,-110.51335342814738,13.814169178518423,55.25667671407369
9.200000000000001,110.73206826523301,166.09810239784952,83.04905119892476,27.683017066308253,-55.366034132616505,5.536603413261651,221.46413653046602,-27.683017066308253,138.41508533154126,41.52452559946238,69.20754266577063,-110.73206826523301,13.841508533154126,55.366034132616505
9.3,110.95112233253218,166.42668349879827,83.21334174939913,27.737780583133045,-55.47556116626609,5.547556116626609,221.90224466506436,-27.737780583133045,138.6889029156652,41.60667087469957,69.3444514578326,-110.95112233253218,13.868890291566522,55.47556116626609
9.4,111.1703509076045,166.75552636140674,83.37776318070337,27.792587726901125,-55.58517545380225,5.558517545380226,222.340701815209,-27.792587726901125,138.96293863450563,41.688881590351684,69.48146931725282,-111.1703509076045,13.896293863450563,55.58517545380225
9.5,111.389657017616,167.084485526424,83.542242763212,27.847414254404,-55.694828508808,5.5694828508808,222.779314035232,-27.847414254404,139.23707127202,41.771121381606,69.61853563601,-111.389657017616,13.923707127202,55.694828508808
9.600000000000001,111.60894827098954,167.4134224064843,83.70671120324215,27.902237067747386,-55.80447413549477,5.580447413549478,223.2178965419791,-27.902237067747386,139.51118533873694,41.853355601621075,69.75559266936847,-111.60894827098954,13.951118533873693,55.80447413549477
9.700000000000001,111.82814055205023,167.74221082807534,83.87110541403767,27.957035138012557,-55.914070276025114,5.591407027602512,223.65628110410046,-27.957035138012557,139.78517569006277,41.935552707018836,69.89258784503139,-111.82814055205023,13.978517569006279,55.914070276025114
9.8,112.04721833080004,168.07082749620005,84.03541374810003,28.01180458270001,-56.02360916540002,5.602360916540002,224.09443666160007,-28.01180458270001,140.05902291350003,42.01770687405001,70.02951145675001,-112.04721833080004,14.005902291350004,56.02360916540002
9.9,112.26611191346325,168.39916787019487,84.19958393509744,28.066527978365812,-56.133055956731624,5.613305595673163,224.5322238269265,-28.066527978365812,140.33263989182905,42.09979196754872,70.16631994591452,-112.26611191346325,14.033263989182906,56.133055956731624
10.0,112.48472531253705,168.72708796880556,84.36354398440278,28.121181328134263,-56.242362656268526,5.624236265626853,224.9694506250741,-28.121181328134263,140.60590664067132,42.18177199220139,70.30295332033566,-112.48472531253705,14.060590664067131,56.242362656268526
10.100000000000001,112.70295578665986,169.05443367998978,84.52721683999489,28.175738946664964,-56.35147789332993,5.6351477893329935,225.4059115733197,-28.175738946664964,140.87869473332483,42.263608419997446,70.43934736666242,-112.70295578665986,14.087869473332482,56.35147789332993
10.200000000000001,112.9206972096564,169.3810458144846,84.6905229072423,28.2301743024141,-56.4603486048282,5.64603486048282,225.8413944193128,-28.2301743024141,141.1508715120705,42.34526145362115,70.57543575603525,-112.9206972096564,14.11508715120705,56.4603486048282
10.3,113.1378283529223,169.70674252938346,84.85337126469173,28.284457088230575,-56.56891417646115,5.656891417646115,226.2756567058446,-28.284457088230575,141.42228544115287,42.426685632345865,70.71114272057643,-113.1378283529223,14.142228544115287,56.56891417646115
10.4,113.35428251840705,170.03142377761057,85.01571188880528,28.33857062960176,-56.67714125920352,5.6677141259203525,226.7085650368141,-28.33857062960176,141.6928531480088,42.50785594440264,70.8464265740044,-113.35428251840705,14.16928531480088,56.67714125920352
10.5,113.57002069721538,170.35503104582307,85.17751552291153,28.392505174303846,-56.78501034860769,5.678501034860769,227.14004139443077,-28.392505174303846,141.96252587151923,42.58875776145577,70.98126293575962,-113.57002069721538,14.196252587151923,56.78501034860769
10.600000000000001,113.78503654298683,170.67755481448023,85.33877740724012,28.446259135746708,-56.892518271493415,5.6892518271493415,227.57007308597366,-28.446259135746708,142.23129567873355,42.66938870362006,71.11564783936677,-113.78503654298683,14.223129567873354,56.892518271493415
10.700000000000001,113.99929140146942,170.99893710220414,85.49946855110207,28.499822850367355,-56.99964570073471,5.699964570073472,227.99858280293884,-28.499822850367355,142.49911425183677,42.749734275551035,71.24955712591839,-113.99929140146942,14.249911425183678,56.99964570073471
10.8,114.21272692386896,171.31909038580343,85.65954519290172,28.55318173096724,-57.10636346193448,5.710636346193448,228.4254538477379,-28.55318173096724,142.7659086548362,42.82977259645086,71.3829543274181,-114.21272692386896,14.27659086548362,57.10636346193448
10.9,114.42523776416749,171.63785664625124,85.81892832312562,28.606309441041873,-57.212618882083746,5.721261888208375,228.85047552833498,-28.606309441041873,143.03154720520936,42.90946416156281,71.51577360260468,-114.42523776416749,14.303154720520936,57.212618882083746
11.0,114.63664123056631,171.95496184584948,85.97748092292474,28.659160307641578,-57.318320615283156,5.731832061528316,229.27328246113262,-28.659160307641578,143.29580153820788,42.98874046146237,71.64790076910394,-114.63664123056631,14.329580153820789,57.318320615283156
11.100000000000001,114.84670417515596,172.27005626273393,86.13502813136697,28.71167604378899,-57.42335208757798,5.742335208757798,229.69340835031193,-28.71167604378899,143.55838021894496,43.06751406568348,71.77919010947248,-114.84670417515596,14.355838021894495,57.42335208757798
11.200000000000001,115.05523736908533,172.582856053628,86.291428026814,28.763809342271333,-57.52761868454267,5.752761868454267,230.11047473817067,-28.763809342271333,143.81904671135666,43.145714013407,71.90952335567833,-115.05523736908533,14.381904671135667,57.52761868454267
11.3,115.26210074963332,172.89315112445,86.446575562225,28.81552518740833,-57.63105037481666,5.763105037481666,230.52420149926664,-28.81552518740833,144.07762593704166,43.2232877811125,72.03881296852083,-115.26210074963332,14.407762593704165,57.63105037481666
11.4,115.46719868817283,173.20079803225923,86.60039901612961,28.866799672043207,-57.733599344086414,5.773359934408642,230.93439737634566,-28.866799672043207,144.33399836021604,43.30019950806481,72.16699918010802,-115.46719868817283,14.433399836021604,57.733599344086414
11.5,115.67040622317171,173.50560933475757,86.75280466737878,28.917601555792928,-57.835203111585855,5.783520311158586,231.34081244634342,-28.917601555792928,144.58800777896465,43.37640233368939,72.29400388948233,-115.67040622317171,14.458800777896464,57.835203111585855
11.600000000000001,115.8715624691415,173.80734370371223,86.90367185185612,28.967890617285374,-57.93578123457075,5.793578123457075,231.743124938283,-28.967890617285374,144.83945308642686,43.45183592592806,72.41972654321343,-115.8715624691415,14.483945308642687,57.93578123457075
11.700000000000001,116.07049905305271,174.10574857957909,87.05287428978954,29.01762476326318,-58.03524952652636,5.803524952652636,232.14099810610543,-29.01762476326318,145.08812381631589,43.52643714489477,72.54406190815794,-116.07049905305271,14.50881238163159,58.03524952652636
11.8,116.26703966095012,174.40055949142518,87.20027974571259,29.06675991523753,-58.13351983047506,5.813351983047506,232.53407932190024,-29.06675991523753,145.33379957618766,43.600139872856296,72.66689978809383,-116.26703966095012,14.533379957618765,58.13351983047506
11.9,116.46103640748751,174.69155461123125,87.34577730561563,29.115259101871878,-58.230518203743756,5.823051820374376,232.92207281497502,-29.115259101871878,145.5762955093594,43.67288865280781,72.7881477546797,-116.46103640748751,14.557629550935939,58.230518203743756
12.0,116.6523938878561,174.97859083178417,87.48929541589209,29.163098471964027,-58.32619694392805,5.832619694392806,233.3047877757122,-29.163098471964027,145.81549235982013,43.744647707946044,72.90774617991006,-116.6523938878561,14.581549235982013,58.32619694392805
12.100000000000001,116.84113258157223,175.26169887235835,87.63084943617918,29.210283145393056,-58.42056629078611,5.842056629078612,233.68226516314445,-29.210283145393056,146.05141572696527,43.81542471808959,73.02570786348264,-116.84113258157223,14.605141572696528,58.42056629078611
12.200000000000001,117.02736507320324,175.54104760980488,87.77052380490244,29.25684126830081,-58.51368253660162,5.851368253660162,234.05473014640648,-29.25684126830081,146.28420634150405,43.88526190245122,73.14210317075202,-117.02736507320324,14.628420634150405,58.51368253660162
12.3,117.21119891104155,175.81679836656232,87.90839918328116,29.302799727760387,-58.605599455520775,5.860559945552078,234.4223978220831,-29.302799727760387,146.51399863880192,43.95419959164058,73.25699931940096,-117.21119891104155,14.651399863880194,58.605599455520775
12.4,117.39276739707537,176.08915109561306,88.04457554780653,29.348191849268844,-58.69638369853769,5.869638369853769,234.78553479415075,-29.348191849268844,146.74095924634423,44.022287773903265,73.37047962317212,-117.39276739707537,14.674095924634422,58.69638369853769
12.5,117.57217825133449,176.35826737700174,88.17913368850087,29.393044562833623,-58.786089125667246,5.878608912566725,235.14435650266898,-29.393044562833623,146.9652228141681,44.089566844250434,73.48261140708405,-117.57217825133449,14.696522281416811,58.786089125667246
12.600000000000001,117.74952854896941,176.6242928234541,88.31214641172706,29.437382137242352,-58.874764274484704,5.887476427448471,235.49905709793882,-29.437382137242352,147.18691068621177,44.15607320586353,73.59345534310589,-117.74952854896941,14.718691068621176,58.874764274484704
12.700000000000001,117.92492738110532,176.887391071658,88.443695535829,29.48123184527633,-58.96246369055266,5.896246369055266,235.84985476221064,-29.48123184527633,147.40615922638165,44.2218477679145,73.70307961319082,-117.92492738110532,14.740615922638165,58.96246369055266
12.8,118.09848059574716,177.14772089362074,88.57386044681037,29.52462014893679,-59.04924029787358,5.904924029787359,236.19696119149432,-29.52462014893679,147.62310074468394,44.286930223405186,73.81155037234197,-118.09848059574716,14.762310074468395,59.04924029787358
12.9,118.27034437346786,177.4055165602018,88.7027582801009,29.567586093366966,-59.13517218673393,5.913517218673394,236.54068874693573,-29.567586093366966,147.83793046683482,44.35137914005045,73.91896523341741,-118.27034437346786,14.783793046683483,59.13517218673393
13.0,118.44067609852272,177.66101414778407,88.83050707389204,29.61016902463068,-59.22033804926136,5.922033804926136,236.88135219704543,-29.61016902463068,148.0508451231534,44.41525353694602,74.0254225615767,-118.44067609852272,14.80508451231534,59.22033804926136
13.100000000000001,118.60963192782492,177.91444789173738,88.95722394586869,29.65240798195623,-59.30481596391246,5.930481596391246,237.21926385564984,-29.65240798195623,148.26203990978115,44.478611972934345,74.13101995489058,-118.60963192782492,14.826203990978115,59.30481596391246
13.200000000000001,118.77740510699778,178.16610766049666,89.08305383024833,29.694351276749444,-59.38870255349889,5.938870255349889,237.55481021399555,-29.694351276749444,148.47175638374722,44.541526915124166,74.23587819187361,-118.77740510699778,14.847175638374722,59.38870255349889
13.3,118.9441438991994,178.4162158487991,89.20810792439956,29.73603597479985,-59.4720719495997,5.9472071949599705,237.8882877983988,-29.73603597479985,148.68017987399926,44.60405396219978,74.34008993699963,-118.9441438991994,14.868017987399925,59.4720719495997
13.4,119.10997714809088,178.66496572213632,89.33248286106816,29.77749428702272,-59.55498857404544,5.955498857404544,238.21995429618175,-29.77749428702272,148.88747143511358,44.66624143053408,74.44373571755679,-119.10997714809088,14.88874714351136,59.55498857404544
13.5,119.2750217651873,178.91253264778095,89.45626632389047,29.818755441296826,-59.63751088259365,5.963751088259365,238.5500435303746,-29.818755441296826,149.09377720648413,44.72813316194524,74.54688860324207,-119.2750217651873,14.909377720648413,59.63751088259365
13.600000000000001,119.43938316576576,179.15907474864864,89.57953737432432,29.85984579144144,-59.71969158288288,5.971969158288289,238.87876633153152,-29.85984579144144,149.2992289572072,44.78976868716216,74.6496144786036,-119.43938316576576,14.92992289572072,59.71969158288288
13.700000000000001,119.60319186930082,179.40478780395122,89.70239390197561,29.900797967325204,-59.80159593465041,5.980159593465041,239.20638373860163,-29.900797967325204,149.50398983662603,44.851196950987806,74.75199491831302,-119.60319186930082,14.950398983662602,59.80159593465041
13.8,119.76653206051651,179.64979809077477,89.82489904538738,29.941633015129128,-59.883266030258255,5.9883266030258255,239.53306412103302,-29.941633015129128,149.70816507564564,44.91244952269369,74.85408253782282,-119.76653206051651,14.970816507564564,59.883266030258255
13.9,119.92943901971552,179.89415852957328,89.94707926478664,29.98235975492888,-59.96471950985776,5.996471950985776,239.85887803943103,-29.98235975492888,149.9117987746444,44.97353963239332,74.9558993873222,-119.92943901971552,14.99117987746444,59.96471950985776
14.0,120.09196313142286,180.1379446971343,90.06897234856714,30.022990782855715,-60.04598156571143,6.004598156571143,240.18392626284572,-30.022990782855715,150.11495391427857,45.03448617428357,75.05747695713929,-120.09196313142286,15.011495391427857,60.04598156571143
14.100000000000001,120.25414623456741,180.38121935185112,90.19060967592556,30.063536558641854,-60.12707311728371,6.012707311728371,240.50829246913483,-30.063536558641854,150.31768279320926,45.09530483796278,75.15884139660463,-120.25414623456741,15.031768279320927,60.12707311728371
14.200000000000001,120.41600600995005,180.6240090149251,90.31200450746255,30.104001502487513,-60.208003004975026,6.020800300497503,240.8320120199001,-30.104001502487513,150.52000751243756,45.15600225373127,75.26000375621878,-120.41600600995005,15.052000751243757,60.208003004975026
14.3,120.57754097060163,180.86631145590246,90.43315572795123,30.144385242650408,-60.288770485300816,6.028877048530082,241.15508194120326,-30.144385242650408,150.72192621325203,45.216577863975616,75.36096310662602,-120.57754097060163,15.072192621325204,60.288770485300816
14.4,120.73873930189666,181.108108952845,90.5540544764225,30.184684825474164,-60.36936965094833,6.036936965094833,241.47747860379332,-30.184684825474164,150.92342412737082,45.27702723821125,75.46171206368541,-120.73873930189666,15.092342412737082,60.36936965094833
14.5,120.89953586506206,181.3493037975931,90.67465189879655,30.224883966265516,-60.44976793253103,6.044976793253103,241.79907173012413,-30.224883966265516,151.12441983132757,45.33732594939828,75.56220991566379,-120.89953586506206,15.112441983132758,60.44976793253103
14.600000000000001,121.05974839298655,181.58962258947983,90.79481129473992,30.264937098246637,-60.529874196493274,6.052987419649328,242.1194967859731,-30.264937098246637,151.3246854912332,45.39740564736996,75.6623427456166,-121.05974839298655,15.132468549123319,60.529874196493274
14.700000000000001,121.21913250939755,181.82869876409632,90.91434938204816,30.30478312734939,-60.60956625469878,6.060956625469878,242.4382650187951,-30.30478312734939,151.52391563674695,45.45717469102408,75.76195781837347,-121.21913250939755,15.152391563674694,60.60956625469878
14.8,121.37740900877739,182.0661135131661,91.03305675658305,30.344352252194348,-60.688704504388696,6.06887045043887,242.75481801755478,-30.344352252194348,151.72176126097173,45.516528378291525,75.86088063048587,-121.37740900877739,15.172176126097174,60.688704504388696
14.9,121.53428699058745,182.30143048588116,91.15071524294058,30.38357174764686,-60.76714349529372,6.0767143495293725,243.0685739811749,-30.38357174764686,151.91785873823432,45.57535762147029,75.95892936911716,-121.53428699058745,15.19178587382343,60.76714349529372
15.0,121.68952358882612,182.5342853832392,91.2671426916196,30.42238089720653,-60.84476179441306,6.084476179441307,243.37904717765224,-30.42238089720653,152.11190448603264,45.6335713458098,76.05595224301632,-121.68952358882612,15.211190448603265,60.84476179441306
15.100000000000001,121.84295179072673,182.7644276860901,91.38221384304505,30.460737947681682,-60.921475895363365,6.092147589536337,243.68590358145346,-30.460737947681682,152.30368973840842,45.691106921522525,76.15184486920421,-121.84295179072673,15.230368973840841,60.921475895363365
15.200000000000001,121.99440530266783,182.99160795400175,91.49580397700088,30.498601325666957,-60.997202651333915,6.099720265133392,243.98881060533566,-30.498601325666957,152.4930066283348,45.74790198850044,76.2465033141674,-121.99440530266783,15.249300662833479,60.997202651333915
15.3,122.14364254571862,183.21546381857792,91.60773190928896,30.535910636429655,-61.07182127285931,6.107182127285931,244.28728509143724,-30.535910636429655,152.67955318214828,45.80386595464448,76.33977659107414,-122.14364254571862,15.267955318214828,61.07182127285931
15.4,122.29033805187414,183.43550707781122,91.71775353890561,30.572584512968536,-61.14516902593707,6.114516902593707,244.5806761037483,-30.572584512968536,152.86292256484268,45.858876769452806,76.43146128242134,-122.29033805187414,15.286292256484268,61.14516902593707
15.5,122.43419075629097,183.65128613443648,91.82564306721824,30.608547689072743,-61.21709537814549,6.121709537814549,244.86838151258195,-30.608547689072743,153.0427384453637,45.91282153360912,76.52136922268186,-122.43419075629097,15.304273844536372,61.21709537814549
15.600000000000001,122.57490368024884,183.86235552037326,91.93117776018663,30.64372592006221,-61.28745184012442,6.128745184012442,245.14980736049768,-30.64372592006221,153.21862960031103,45.965588880093314,76.60931480015552,-122.57490368024884,15.321862960031105,61.28745184012442
15.700000000000001,122.71217282894183,184.06825924341274,92.03412962170637,30.678043207235458,-61.356086414470916,6.135608641447092,245.42434565788366,-30.678043207235458,153.3902160361773,46.017064810853185,76.69510801808865,-122.71217282894183,15.339021603617729,61.356086414470916
15.8,122.84577179318204,184.26865768977305,92.13432884488653,30.71144294829551,-61.42288589659102,6.142288589659103,245.69154358636408,-30.71144294829551,153.55721474147754,46.06716442244326,76.77860737073877,-122.84577179318204,15.355721474147755,61.42288589659102
15.9,122.97552678325152,184.46329017487727,92.23164508743864,30.74388169581288,-61.48776339162576,6.148776339162577,245.95105356650305,-30.74388169581288,153.7194084790644,46.11582254371932,76.8597042395322,-122.97552678325152,15.37194084790644,61.48776339162576
16.0,123.10134714781518,184.65202072172275,92.32601036086137,30.775336786953794,-61.55067357390759,6.1550673573907595,246.20269429563035,-30.775336786953794,153.87668393476898,46.16300518043069,76.93834196738449,-123.10134714781518,15.387668393476897,61.55067357390759
16.1,123.22322051878554,184.83483077817831,92.41741538908916,30.805805129696385,-61.61161025939277,6.161161025939277,246.44644103757108,-30.805805129696385,154.02902564848193,46.20870769454458,77.01451282424097,-123.22322051878554,15.402902564848192,61.61161025939277
16.2,123.34113772375734,185.011706585636,92.505853292818,30.835284430939335,-61.67056886187867,6.167056886187868,246.68227544751468,-30.835284430939335,154.17642215469667,46.252926646409,77.08821107734833,-123.34113772375734,15.417642215469668,61.67056886187867
16.3,123.45511663592616,185.18267495388923,92.59133747694462,30.86377915898154,-61.72755831796308,6.172755831796309,246.91023327185232,-30.86377915898154,154.3188957949077,46.29566873847231,77.15944789745384,-123.45511663592616,15.43188957949077,61.72755831796308
16.400000000000002,123.56524851380134,185.347872770702,92.673936385351,30.891312128450334,-61.78262425690067,6.178262425690067,247.13049702760267,-30.891312128450334,154.45656064225167,46.3369681926755,77.22828032112584,-123.56524851380134,15.445656064225167,61.78262425690067
16.5,123.6717079966368,185.5075619949552,92.7537809974776,30.9179269991592,-61.8358539983184,6.18358539983184,247.3434159932736,-30.9179269991592,154.589634995796,46.3768904987388,77.294817497898,-123.6717079966368,15.4589634995796,61.8358539983184
16.6,123.77465142849651,185.66197714274477,92.83098857137239,30.943662857124128,-61.887325714248256,6.188732571424826,247.54930285699302,-30.943662857124128,154.71831428562064,46.415494285686194,77.35915714281032,-123.77465142849651,15.471831428562064,61.887325714248256
16.7,123.87419636633419,185.81129454950127,92.90564727475063,30.968549091583547,-61.937098183167095,6.19370981831671,247.74839273266838,-30.968549091583547,154.84274545791774,46.45282363737532,77.42137272895887,-123.87419636633419,15.484274545791774,61.937098183167095
16.8,123.97047884863264,185.95571827294896,92.97785913647448,30.99261971215816,-61.98523942431632,6.198523942431632,247.94095769726528,-30.99261971215816,154.9630985607908,46.48892956823724,77.4815492803954,-123.97047884863264,15.49630985607908,61.98523942431632
16.900000000000002,124.06361904567883,186.09542856851826,93.04771428425913,31.01590476141971,-62.03180952283942,6.203180952283942,248.12723809135767,-31.01590476141971,155.07952380709855,46.523857142129565,77.53976190354928,-124.06361904567883,15.507952380709854,62.03180952283942
17.0,124.15369264770538,186.23053897155808,93.11526948577904,31.038423161926346,-62.07684632385269,6.20768463238527,248.30738529541077,-31.038423161926346,155.19211580963173,46.55763474288952,77.59605790481586,-124.15369264770538,15.519211580963173,62.07684632385269
17.1,124.24073252399923,186.36109878599885,93.18054939299942,31.060183130999807,-62.120366261999614,6.2120366261999616,248.48146504799846,-31.060183130999807,155.30091565499905,46.59027469649971,77.65045782749952,-124.24073252399923,15.530091565499903,62.120366261999614
17.2,124.32477736841713,186.4871660526257,93.24358302631285,31.081194342104283,-62.162388684208565,6.216238868420857,248.64955473683426,-31.081194342104283,155.4059717105214,46.621791513156424,77.7029858552607,-124.32477736841713,15.540597171052141,62.162388684208565
17.3,124.4059129985881,186.60886949788215,93.30443474894108,31.101478249647023,-62.20295649929405,6.220295649929405,248.8118259971762,-31.101478249647023,155.5073912482351,46.65221737447054,77.75369562411755,-124.4059129985881,15.550739124823512,62.20295649929405
17.400000000000002,124.48421469836137,186.72632204754206,93.36316102377103,31.121053674590343,-62.242107349180685,6.224210734918069,248.96842939672274,-31.121053674590343,155.6052683729517,46.681580511885514,77.80263418647586,-124.48421469836137,15.560526837295171,62.242107349180685
17.5,124.55975236909623,186.83962855364433,93.41981427682217,31.139938092274058,-62.279876184548115,6.2279876184548115,249.11950473819246,-31.139938092274058,155.6996904613703,46.70990713841108,77.84984523068515,-124.55975236909623,15.569969046137029,62.279876184548115
17.6,124.63259547771209,186.94889321656814,93.47444660828407,31.15814886942802,-62.31629773885604,6.231629773885604,249.26519095542417,-31.15814886942802,155.7907443471401,46.737223304142034,77.89537217357005,-124.63259547771209,15.57907443471401,62.31629773885604
17.7,124.70281050316515,187.05421575474773,93.52710787737387,31.17570262579129,-62.35140525158258,6.235140525158258,249.4056210063303,-31.17570262579129,155.87851312895646,46.76355393868693,77.93925656447823,-124.70281050316515,15.587851312895644,62.35140525158258
17.8,124.7704512093294,187.1556768139941,93.57783840699705,31.19261280233235,-62.3852256046647,6.23852256046647,249.5409024186588,-31.19261280233235,155.96306401166174,46.78891920349852,77.98153200583087,-124.7704512093294,15.596306401166174,62.3852256046647
17.900000000000002,124.83553533641202,187.25330300461803,93.62665150230902,31.208883834103005,-62.41776766820601,6.2417767668206015,249.67107067282404,-31.208883834103005,156.04441917051503,46.81332575115451,78.02220958525751,-124.83553533641202,15.604441917051503,62.41776766820601
18.0,124.8980169329002,187.34702539935031,93.67351269967516,31.22450423322505,-62.4490084664501,6.24490084664501,249.7960338658004,-31.22450423322505,156.12252116612527,46.83675634983758,78.06126058306263,-124.8980169329002,15.612252116612526,62.4490084664501
18.1,124.95780593233701,187.43670889850551,93.71835444925276,31.239451483084252,-62.478902966168505,6.247890296616851,249.91561186467402,-31.239451483084252,156.19725741542126,46.85917722462638,78.09862870771063,-124.95780593233701,15.619725741542126,62.478902966168505
18.2,125.01474679827732,187.52212019741597,93.76106009870799,31.25368669956933,-62.50737339913866,6.250737339913866,250.02949359655463,-31.25368669956933,156.26843349784664,46.88053004935399,78.13421674892332,-125.01474679827732,15.626843349784664,62.50737339913866
18.3,125.06863796355947,187.6029569453392,93.8014784726696,31.267159490889867,-62.534318981779734,6.253431898177974,250.13727592711894,-31.267159490889867,156.33579745444933,46.9007392363348,78.16789872722467,-125.06863796355947,15.633579745444933,62.534318981779734
18.400000000000002,125.11928209166244,187.67892313749365,93.83946156874683,31.27982052291561,-62.55964104583122,6.255964104583122,250.23856418332488,-31.27982052291561,156.39910261457806,46.919730784373414,78.19955130728903,-125.11928209166244,15.639910261457805,62.55964104583122
18.5,125.16648204559156,187.74972306838734,93.87486153419367,31.29162051139789,-62.58324102279578,6.258324102279579,250.33296409118313,-31.29162051139789,156.45810255698945,46.937430767096835,78.22905127849472,-125.16648204559156,15.645810255698946,62.58324102279578
18.6,125.21014137801214,187.8152120670182,93.9076060335091,31.302535344503035,-62.60507068900607,6.2605070689006075,250.42028275602428,-31.302535344503035,156.51267672251518,46.95380301675455,78.25633836125759,-125.21014137801214,15.651267672251517,62.60507068900607
18.7,125.25019718125819,187.8752957718873,93.93764788594365,31.312549295314547,-62.625098590629094,6.262509859062909,250.50039436251637,-31.312549295314547,156.56274647657273,46.968823942971824,78.28137323828636,-125.25019718125819,15.656274647657273,62.625098590629094
18.8,125.28664270015182,187.92996405022774,93.96498202511387,31.321660675037954,-62.64332135007591,6.264332135007591,250.57328540030363,-31.321660675037954,156.60830337518976,46.982491012556935,78.30415168759488,-125.28664270015182,15.660830337518977,62.64332135007591
18.900000000000002,125.31950264477405,187.97925396716107,93.98962698358054,31.329875661193512,-62.659751322387024,6.265975132238703,250.6390052895481,-31.329875661193512,156.64937830596756,46.99481349179027,78.32468915298378,-125.31950264477405,15.664937830596756,62.659751322387024
19.0,125.34887552999851,188.02331329499776,94.01165664749888,31.337218882499627,-62.674437764999254,6.267443776499926,250.69775105999702,-31.337218882499627,156.68609441249814,47.00582832374944,78.34304720624907,-125.34887552999851,15.668609441249814,62.674437764999254
19.1,125.37486811417722,188.06230217126583,94.03115108563291,31.343717028544305,-62.68743405708861,6.268743405708861,250.74973622835444,-31.343717028544305,156.7185851427215,47.01557554281646,78.35929257136075,-125.37486811417722,15.671858514272152,62.68743405708861
19.200000000000003,125.39763171348582,188.09644757022875,94.04822378511437,31.349407928371456,-62.69881585674291,6.269881585674291,250.79526342697164,-31.349407928371456,156.74703964185727,47.02411189255719,78.37351982092864,-125.39763171348582,15.674703964185728,62.69881585674291
19.3,125.41733010309805,188.1259951546471,94.06299757732354,31.354332525774513,-62.708665051549026,6.270866505154903,250.8346602061961,-31.354332525774513,156.77166262887258,47.03149878866177,78.38583131443629,-125.41733010309805,15.677166262887257,62.708665051549026
19.400000000000002,125.43421296678477,188.15131945017714,94.07565972508857,31.358553241696193,-62.717106483392385,6.271710648339239,250.86842593356954,-31.358553241696193,156.79276620848097,47.037829862544285,78.39638310424048,-125.43421296678477,15.679276620848096,62.717106483392385
19.5,125.44857491175287,188.1728623676293,94.08643118381465,31.362143727938218,-62.724287455876436,6.272428745587644,250.89714982350574,-31.362143727938218,156.8107186396911,47.04321559190733,78.40535931984554,-125.44857491175287,15.681071863969109,62.724287455876436
19.6,125.46069879077523,188.19104818616285,94.09552409308142,31.365174697693806,-62.73034939538761,6.2730349395387615,250.92139758155045,-31.365174697693806,156.82587348846903,47.04776204654071,78.41293674423451,-125.46069879077523,15.682587348846903,62.73034939538761
19.700000000000003,125.47084363153243,188.20626544729865,94.10313272364932,31.367710907883108,-62.735421815766216,6.273542181576622,250.94168726306486,-31.367710907883108,156.83855453941555,47.05156636182466,78.41927726970778,-125.47084363153243,15.683855453941554,62.735421815766216
19.8,125.47923204545336,188.21884806818002,94.10942403409001,31.36980801136334,-62.73961602272668,6.273961602272668,250.95846409090672,-31.36980801136334,156.8490400568167,47.054712017045006,78.42452002840835,-125.47923204545336,15.68490400568167,62.73961602272668
19.900000000000002,125.48606482968532,188.22909724452796,94.11454862226398,31.37151620742133,-62.74303241484266,6.274303241484266,250.97212965937064,-31.37151620742133,156.85758103710666,47.05727431113199,78.42879051855333,-125.48606482968532,15.685758103710665,62.74303241484266
20.0,125.49149451659493,188.2372417748924,94.1186208874462,31.37287362914873,-62.74574725829746,6.274574725829747,250.98298903318985,-31.37287362914873,156.86436814574367,47.0593104437231,78.43218407287183,-125.49149451659493,15.686436814574366,62.74574725829746
20.1,125.49567031630482,188.24350547445724,94.12175273722862,31.373917579076206,-62.74783515815241,6.274783515815241,250.99134063260965,-31.373917579076206,156.86958789538102,47.06087636861431,78.43479394769051,-125.49567031630482,15.686958789538103,62.74783515815241
20.200000000000003,125.49875248671128,188.24812873006692,94.12406436503346,31.37468812167782,-62.74937624335564,6.274937624335564,250.99750497342256,-31.37468812167782,156.8734406083891,47.06203218251673,78.43672030419455,-125.49875248671128,15.68734406083891,62.74937624335564
20.3,125.50096205502692,188.2514430825404,94.1257215412702,31.37524051375673,-62.75048102751346,6.275048102751346,251.00192411005384,-31.37524051375673,156.87620256878364,47.0628607706351,78.43810128439182,-125.50096205502692,15.687620256878365,62.75048102751346
20.400000000000002,125.5025565724129,188.25383485861934,94.12691742930967,31.375639143103225,-62.75127828620645,6.275127828620645,251.0051131448258,-31.375639143103225,156.8781957155161,47.063458714654836,78.43909785775806,-125.5025565724129,15.687819571551612,62.75127828620645
20.5,125.50382838483966,188.2557425772595,94.12787128862975,31.375957096209916,-62.75191419241983,6.275191419241984,251.00765676967933,-31.375957096209916,156.87978548104957,47.063935644314874,78.43989274052478,-125.50382838483966,15.687978548104958,62.75191419241983
20.6,125.50500381826535,188.25750572739804,94.12875286369902,31.376250954566338,-62.752501909132675,6.275250190913268,251.0100076365307,-31.376250954566338,156.88125477283168,47.06437643184951,78.44062738641584,-125.50500381826535,15.688125477283169,62.752501909132675
20.700000000000003,125.5062166144178,188.2593249216267,94.12966246081335,31.37655415360445,-62.7531083072089,6.2753108307208905,251.0124332288356,-31.37655415360445,156.88277076802225,47.064831230406675,78.44138538401113,-125.5062166144178,15.688277076802224,62.7531083072089
20.8,125.5075461517439,188.26131922761584,94.13065961380792,31.376886537935974,-62.75377307587195,6.2753773075871955,251.0150923034878,-31.376886537935974,156.88443268967987,47.06532980690396,78.44221634483993,-125.5075461517439,15.688443268967987,62.75377307587195
20.900000000000002,125.50911356722261,188.26367035083393,94.13183517541697,31.377278391805653,-62.75455678361131,6.275455678361131,251.01822713444523,-31.377278391805653,156.88639195902826,47.06591758770848,78.44319597951413,-125.50911356722261,15.688639195902827,62.75455678361131
21.0,125.51105615100164,188.26658422650246,94.13329211325123,31.37776403775041,-62.75552807550082,6.275552807550082,251.02211230200328,-31.37776403775041,156.88882018875205,47.066646056625615,78.44441009437602,-125.51105615100164,15.688882018875205,62.75552807550082
21.1,125.51350405849888,188.27025608774832,94.13512804387416,31.37837601462472,-62.75675202924944,6.275675202924944,251.02700811699776,-31.37837601462472,156.89188007312362,47.06756402193708,78.44594003656181,-125.51350405849888,15.68918800731236,62.75675202924944
21.200000000000003,125.51657827451575,188.27486741177364,94.13743370588682,31.379144568628938,-62.758289137257876,6.275828913725788,251.0331565490315,-31.379144568628938,156.89572284314468,47.06871685294341,78.44786142157234,-125.51657827451575,15.689572284314469,62.758289137257876
21.3,125.52032669704619,188.28049004556928,94.14024502278464,31.380081674261547,-62.76016334852309,6.27601633485231,251.04065339409237,-31.380081674261547,156.90040837130772,47.07012251139232,78.45020418565386,-125.52032669704619,15.690040837130773,62.76016334852309
21.400000000000002,125.52478810928108,188.2871821639216,94.1435910819608,31.38119702732027,-62.76239405464054,6.276239405464054,251.04957621856215,-31.38119702732027,156.90598513660134,47.0717955409804,78.45299256830067,-125.52478810928108,15.690598513660134,62.76239405464054
21.5,125.53002377281553,188.2950356592233,94.14751782961164,31.38250594320388,-62.76501188640776,6.276501188640776,251.06004754563105,-31.38250594320388,156.9125297160194,47.07375891480582,78.4562648580097,-125.53002377281553,15.69125297160194,62.76501188640776
21.6,125.53611567061192,188.30417350591787,94.15208675295894,31.38402891765298,-62.76805783530596,6.276805783530596,251.07223134122384,-31.38402891765298,156.9201445882649,47.07604337647947,78.46007229413244,-125.53611567061192,15.69201445882649,62.76805783530596
21.700000000000003,125.54310735196543,188.31466102794815,94.15733051397407,31.385776837991358,-62.771553675982716,6.277155367598272,251.08621470393086,-31.385776837991358,156.9288841899568,47.07866525698704,78.4644420949784,-125.54310735196543,15.692888418995679,62.771553675982716
21.8,125.55105934628305,188.32658901942457,94.16329450971229,31.387764836570764,-62.77552967314153,6.277552967314153,251.1021186925661,-31.387764836570764,156.9388241828538,47.08164725485614,78.4694120914269,-125.55105934628305,15.693882418285382,62.77552967314153
21.900000000000002,125.55999455603,188.339991834045,94.1699959170225,31.3899986390075,-62.779997278015,6.2779997278015,251.11998911206,-31.3899986390075,156.9499931950375,47.08499795851125,78.47499659751875,-125.55999455603,15.69499931950375,62.779997278015
22.0,125.56983640069848,188.35475460104772,94.17737730052386,31.39245910017462,-62.78491820034924,6.278491820034924,251.13967280139696,-31.39245910017462,156.9622955008731,47.08868865026193,78.48114775043655,-125.56983640069848,15.69622955008731,62.78491820034924
22.1,125.58044699008394,188.3706704851259,94.18533524256296,31.395111747520986,-62.79022349504197,6.2790223495041975,251.16089398016788,-31.395111747520986,156.97555873760493,47.09266762128148,78.48777936880246,-125.58044699008394,15.697555873760493,62.79022349504197
22.200000000000003,125.59166236980904,188.38749355471356,94.19374677735678,31.39791559245226,-62.79583118490452,6.279583118490453,251.1833247396181,-31.39791559245226,156.9895779622613,47.09687338867839,78.49478898113065,-125.59166236980904,15.69895779622613,62.79583118490452
22.3,125.60333973416995,188.40500960125493,94.20250480062747,31.400834933542487,-62.801669867084975,6.2801669867084975,251.2066794683399,-31.400834933542487,157.00417466771245,47.10125240031373,78.50208733385622,-125.60333973416995,15.700417466771244,62.801669867084975
22.400000000000002,125.61530458822766,188.42295688234148,94.21147844117074,31.403826147056915,-62.80765229411383,6.280765229411383,251.23060917645532,-31.403826147056915,157.01913073528456,47.10573922058537,78.50956536764228,-125.61530458822766,15.701913073528457,62.80765229411383
22.5,125.62734045899063,188.44101068848596,94.22050534424298,31.406835114747658,-62.813670229495315,6.2813670229495315,251.25468091798126,-31.406835114747658,157.03417557373828,47.11025267212149,78.51708778686914,-125.62734045899063,15.703417557373829,62.813670229495315
22.6,125.63922701292232,188.45884051938347,94.22942025969174,31.40980675323058,-62.81961350646116,6.2819613506461165,251.27845402584464,-31.40980675323058,157.0490337661529,47.11471012984587,78.52451688307644,-125.63922701292232,15.70490337661529,62.81961350646116
22.700000000000003,125.65078312914115,188.47617469371173,94.23808734685586,31.412695782285287,-62.82539156457057,6.282539156457058,251.3015662582823,-31.412695782285287,157.06347891142644,47.11904367342793,78.53173945571322,-125.65078312914115,15.706347891142643,62.82539156457057
22.8,125.6618820842915,188.49282312643726,94.24641156321863,31.415470521072876,-62.83094104214575,6.283094104214576,251.323764168583,-31.415470521072876,157.07735260536438,47.123205781609315,78.53867630268219,-125.6618820842915,15.707735260536438,62.83094104214575
22.900000000000002,125.67245004979469,188.50867507469204,94.25433753734602,31.418112512448673,-62.836225024897345,6.2836225024897345,251.34490009958938,-31.418112512448673,157.09056256224335,47.12716876867301,78.54528128112167,-125.67245004979469,15.709056256224336,62.836225024897345
23.0,125.68246423797373,188.5236963569606,94.2618481784803,31.420616059493433,-62.841232118986866,6.284123211898687,251.36492847594747,-31.420616059493433,157.10308029746716,47.13092408924015,78.55154014873358,-125.68246423797373,15.710308029746717,62.841232118986866
23.1,125.69189588710893,188.5378438306634,94.2689219153317,31.422973971777232,-62.845947943554464,6.2845947943554465,251.38379177421785,-31.422973971777232,157.11486985888615,47.13446095766585,78.55743492944308,-125.69189588710893,15.711486985888616,62.845947943554464
23.200000000000003,125.70067849957935,188.55101774936904,94.27550887468452,31.42516962489484,-62.85033924978968,6.285033924978968,251.4013569991587,-31.42516962489484,157.1258481244742,47.13775443734226,78.5629240622371,-125.70067849957935,15.71258481244742,62.85033924978968
23.3,125.70872273070879,188.56308409606316,94.28154204803158,31.427180682677196,-62.85436136535439,6.28543613653544,251.41744546141757,-31.427180682677196,157.135903413386,47.14077102401579,78.567951706693,-125.70872273070879,15.713590341338598,62.85436136535439
23.400000000000002,125.715914520245,188.57387178036748,94.28693589018374,31.42897863006125,-62.8579572601225,6.28579572601225,251.43182904049,-31.42897863006125,157.14489315030625,47.14346794509187,78.57244657515312,-125.715914520245,15.714489315030624,62.8579572601225
23.5,125.72214605560396,188.58321908340594,94.29160954170297,31.43053651390099,-62.86107302780198,6.286107302780199,251.44429211120791,-31.43053651390099,157.15268256950495,47.145804770851484,78.57634128475247,-125.72214605560396,15.715268256950495,62.86107302780198
23.6,125.72735301686475,188.59102952529713,94.29551476264857,31.43183825421619,-62.86367650843238,6.286367650843238,251.4547060337295,-31.43183825421619,157.15919127108094,47.14775738132428,78.57959563554047,-125.72735301686475,15.715919127108094,62.86367650843238
23.700000000000003,125.73144899963805,188.59717349945709,94.29858674972854,31.432862249909512,-62.865724499819024,6.286572449981903,251.4628979992761,-31.432862249909512,157.16431124954755,47.14929337486427,78.58215562477378,-125.73144899963805,15.716431124954756,62.865724499819024
23.8,125.7343741831319,188.60156127469787,94.30078063734894,31.433593545782976,-62.86718709156595,6.286718709156595,251.4687483662638,-31.433593545782976,157.16796772891487,47.15039031867447,78.58398386445744,-125.7343741831319,15.716796772891488,62.86718709156595
23.900000000000002,125.736089986727,188.6041349800905,94.30206749004525,31.43402249668175,-62.8680449933635,6.28680449933635,251.472179973454,-31.43402249668175,157.17011248340873,47.15103374502262,78.58505624170436,-125.736089986727,15.717011248340874,62.8680449933635
24.0,125.73654288214621,188.60481432321933,94.30240716160966,31.434135720536553,-62.868271441073105,6.286827144107311,251.47308576429242,-31.434135720536553,157.17067860268276,47.15120358080483,78.58533930134138,-125.73654288214621,15.717067860268276,62.868271441073105
24.1,125.73570504379428,188.60355756569143,94.30177878284572,31.43392626094857,-62.86785252189714,6.2867852521897145,251.47141008758857,-31.43392626094857,157.16963130474286,47.15088939142286,78.58481565237143,-125.73570504379428,15.716963130474285,62.86785252189714
24.200000000000003,125.73357959228977,188.60036938843467,94.30018469421734,31.433394898072443,-62.866789796144886,6.286678979614489,251.46715918457954,-31.433394898072443,157.1669744903622,47.15009234710867,78.5834872451811,-125.73357959228977,15.716697449036221,62.866789796144886
24.3,125.73021004685255,188.59531507027882,94.29765753513941,31.432552511713137,-62.865105023426274,6.286510502342628,251.4604200937051,-31.432552511713137,157.16276255856567,47.148828767569704,78.58138127928284,-125.73021004685255,15.716276255856569,62.865105023426274
24.400000000000002,125.72567799241325,188.5885169886199,94.29425849430994,31.431419498103313,-62.86283899620663,6.286283899620663,251.4513559848265,-31.431419498103313,157.15709749051658,47.14712924715497,78.57854874525829,-125.72567799241325,15.715709749051657,62.86283899620663
24.5,125.72007851357394,188.5801177703609,94.29005888518046,31.430019628393485,-62.86003925678697,6.286003925678697,251.44015702714788,-31.430019628393485,157.15009814196742,47.14502944259023,78.57504907098371,-125.72007851357394,15.715009814196742,62.86003925678697
24.6,125.71348510708295,188.57022766062443,94.28511383031221,31.428371276770736,-62.85674255354147,6.285674255354148,251.4269702141659,-31.428371276770736,157.14185638385368,47.142556915156106,78.57092819192684,-125.71348510708295,15.714185638385368,62.85674255354147
24.700000000000003,125.70594988335958,188.55892482503936,94.27946241251968,31.426487470839895,-62.85297494167979,6.285297494167979,251.41189976671916,-31.426487470839895,157.13243735419948,47.13973120625984,78.56621867709974,-125.70594988335958,15.713243735419947,62.85297494167979
24.8,125.69746658331235,188.54619987496852,94.27309993748426,31.424366645828087,-62.848733291656174,6.284873329165618,251.3949331666247,-31.424366645828087,157.12183322914044,47.13654996874213,78.56091661457022,-125.69746658331235,15.712183322914044,62.848733291656174
24.900000000000002,125.68803425479297,188.53205138218945,94.26602569109473,31.422008563698242,-62.844017127396484,6.2844017127396485,251.37606850958593,-31.422008563698242,157.1100428184912,47.13301284554736,78.5550214092456,-125.68803425479297,15.711004281849121,62.844017127396484
25.0,125.677621714873,188.5164325723095,94.25821628615475,31.41940542871825,-62.8388108574365,6.2838810857436505,251.355243429746,-31.41940542871825,157.09702714359125,47.129108143077374,78.54851357179562,-125.677621714873,15.709702714359125,62.8388108574365
25.1,125.66619799297919,188.4992969894688,94.2496484947344,31.416549498244798,-62.833098996489596,6.28330989964896,251.33239598595839,-31.416549498244798,157.08274749122398,47.1248242473672,78.54137374561199,-125.66619799297919,15.708274749122399,62.833098996489596
25.200000000000003,125.65379536476433,188.4806930471465,94.24034652357325,31.413448841191084,-62.82689768238217,6.2826897682382175,251.30759072952867,-31.413448841191084,157.06724420595543,47.120173261786626,78.53362210297772,-125.65379536476433,15.706724420595542,62.82689768238217
25.3,125.64042414931743,188.46063622397614,94.23031811198807,31.410106037329356,-62.82021207465871,6.2820212074658714,251.28084829863485,-31.410106037329356,157.05053018664677,47.115159055994035,78.52526509332338,-125.64042414931743,15.705053018664678,62.82021207465871
25.400000000000002,125.62607644440585,188.4391146666088,94.2195573333044,31.406519111101463,-62.81303822220293,6.281303822220293,251.2521528888117,-31.406519111101463,157.03259555550733,47.1097786666522,78.51629777775366,-125.62607644440585,15.703259555550732,62.81303822220293
25.5,125.61072503504627,188.41608755256942,94.20804377628471,31.402681258761568,-62.805362517523136,6.280536251752314,251.22145007009254,-31.402681258761568,157.01340629380783,47.104021888142356,78.50670314690392,-125.61072503504627,15.701340629380784,62.805362517523136
25.6,125.59434926272402,188.39152389408605,94.19576194704302,31.398587315681006,-62.79717463136201,6.279717463136201,251.18869852544805,-31.398587315681006,156.99293657840502,47.09788097352151,78.49646828920251,-125.59434926272402,15.699293657840503,62.79717463136201
25.700000000000003,125.57686835583833,188.3653025337575,94.18265126687875,31.394217088959582,-62.788434177919164,6.278843417791917,251.15373671167666,-31.394217088959582,156.97108544479792,47.091325633439375,78.48554272239896,-125.57686835583833,15.697108544479791,62.788434177919164
25.8,125.55814187307237,188.33721280960856,94.16860640480428,31.389535468268093,-62.779070936536186,6.277907093653619,251.11628374614475,-31.389535468268093,156.94767734134047,47.08430320240214,78.47383867067023,-125.55814187307237,15.694767734134047,62.779070936536186
25.900000000000002,125.53803797826033,188.3070569673905,94.15352848369525,31.384509494565084,-62.76901898913017,6.276901898913017,251.07607595652067,-31.384509494565084,156.9225474728254,47.07676424184763,78.4612737364127,-125.53803797826033,15.692254747282542,62.76901898913017
26.0,125.51647371995587,188.2747105799338,94.1373552899669,31.379118429988967,-62.758236859977934,6.275823685997794,251.03294743991174,-31.379118429988967,156.89559214994483,47.06867764498345,78.44779607497242,-125.51647371995587,15.689559214994484,62.758236859977934
26.1,125.49339846963034,188.2400977044455,94.12004885222275,31.373349617407584,-62.74669923481517,6.274669923481517,250.98679693926067,-31.373349617407584,156.86674808703793,47.060024426111376,78.43337404351897,-125.49339846963034,15.686674808703792,62.74669923481517
26.200000000000003,125.46882761374991,188.20324142062486,94.10162071031243,31.367206903437477,-62.734413806874954,6.273441380687496,250.93765522749982,-31.367206903437477,156.8360345171874,47.050810355156216,78.4180172585937,-125.46882761374991,15.683603451718739,62.734413806874954
26.3,125.44278492619978,188.16417738929965,94.08208869464983,31.360696231549944,-62.72139246309989,6.272139246309989,250.88556985239956,-31.360696231549944,156.80348115774973,47.04104434732491,78.40174057887486,-125.44278492619978,15.680348115774972,62.72139246309989
26.400000000000002,125.4152768388769,188.12291525831534,94.06145762915767,31.353819209719227,-62.70763841943845,6.270763841943846,250.8305536777538,-31.353819209719227,156.76909604859614,47.030728814578836,78.38454802429807,-125.4152768388769,15.676909604859613,62.70763841943845
26.5,125.3862989479163,188.07944842187445,94.03972421093722,31.346574736979075,-62.69314947395815,6.269314947395816,250.7725978958326,-31.346574736979075,156.73287368489537,47.01986210546861,78.36643684244768,-125.3862989479163,15.673287368489538,62.69314947395815
26.6,125.35586441939043,188.03379662908566,94.01689831454283,31.338966104847607,-62.677932209695214,6.267793220969522,250.71172883878086,-31.338966104847607,156.69483052423803,47.008449157271414,78.34741526211901,-125.35586441939043,15.669483052423804,62.677932209695214
26.700000000000003,125.32399329750469,187.98598994625704,93.99299497312852,31.33099832437617,-62.66199664875234,6.266199664875234,250.64798659500937,-31.33099832437617,156.65499162188087,46.99649748656426,78.32749581094043,-125.32399329750469,15.665499162188086,62.66199664875234
26.8,125.29069624160357,187.93604436240537,93.96802218120268,31.322674060400892,-62.645348120801785,6.2645348120801785,250.58139248320714,-31.322674060400892,156.61337030200445,46.98401109060134,78.30668515100223,-125.29069624160357,15.661337030200446,62.645348120801785
26.900000000000002,125.25596896743252,187.88395345114878,93.94197672557439,31.31399224185813,-62.62798448371626,6.262798448371626,250.51193793486505,-31.31399224185813,156.56996120929065,46.970988362787196,78.28498060464533,-125.25596896743252,15.656996120929065,62.62798448371626
27.0,125.21977596252262,187.82966394378394,93.91483197189197,31.304943990630655,-62.60988798126131,6.260988798126132,250.43955192504524,-31.304943990630655,156.52471995315327,46.957415985945985,78.26235997657663,-125.21977596252262,15.652471995315327,62.60988798126131
27.1,125.1821080257601,187.77316203864015,93.88658101932008,31.295527006440025,-62.59105401288005,6.259105401288005,250.3642160515202,-31.295527006440025,156.4776350322001,46.94329050966004,78.23881751610006,-125.1821080257601,15.647763503220013,62.59105401288005
27.200000000000003,125.14294994491212,187.71442491736818,93.85721245868409,31.28573748622803,-62.57147497245606,6.257147497245606,250.28589988982424,-31.28573748622803,156.42868743114013,46.928606229342044,78.21434371557007,-125.14294994491212,15.642868743114015,62.57147497245606
27.3,125.10228726453244,187.65343089679865,93.82671544839933,31.27557181613311,-62.55114363226622,6.255114363226622,250.20457452906487,-31.27557181613311,156.37785908066553,46.91335772419966,78.18892954033277,-125.10228726453244,15.637785908066554,62.55114363226622
27.400000000000002,125.06001051916297,187.59001577874446,93.79500788937223,31.265002629790743,-62.530005259581486,6.253000525958149,250.12002103832594,-31.265002629790743,156.3250131489537,46.897503944686115,78.16250657447685,-125.06001051916297,15.632501314895372,62.530005259581486
27.5,125.01591562689113,187.5238734403367,93.76193672016835,31.253978906722782,-62.507957813445564,6.250795781344557,250.03183125378226,-31.253978906722782,156.26989453361392,46.880968360084175,78.13494726680696,-125.01591562689113,15.626989453361391,62.507957813445564
27.6,124.96980678535954,187.4547101780393,93.72735508901965,31.242451696339884,-62.48490339267977,6.248490339267978,249.93961357071908,-31.242451696339884,156.21225848169942,46.86367754450983,78.10612924084971,-124.96980678535954,15.621225848169942,62.48490339267977
27.700000000000003,124.92151095608074,187.3822664341211,93.69113321706055,31.230377739020184,-62.46075547804037,6.246075547804037,249.84302191216148,-31.230377739020184,156.15188869510092,46.84556660853028,78.07594434755046,-124.92151095608074,15.615188869510092,62.46075547804037
27.8,124.87082703629872,187.3062405544481,93.65312027722405,31.21770675907468,-62.43541351814936,6.243541351814937,249.74165407259744,-31.21770675907468,156.0885337953734,46.826560138612024,78.0442668976867,-124.87082703629872,15.60885337953734,62.43541351814936
27.900000000000002,124.81757667974694,187.2263650196204,93.6131825098102,31.204394169936734,-62.40878833987347,6.240878833987347,249.63515335949387,-31.204394169936734,156.02197084968367,46.8065912549051,78.01098542484183,-124.81757667974694,15.602197084968367,62.40878833987347
28.0,124.76157686122448,187.1423652918367,93.57118264591836,31.19039421530612,-62.38078843061224,6.238078843061224,249.52315372244897,-31.19039421530612,155.9519710765306,46.78559132295918,77.9759855382653,-124.76157686122448,15.59519710765306,62.38078843061224
28.1,124.7026688409196,187.0540032613794,93.5270016306897,31.1756672102299,-62.3513344204598,6.2351334420459805,249.4053376818392,-31.1756672102299,155.8783360511495,46.76350081534485,77.93916802557474,-124.7026688409196,15.58783360511495,62.3513344204598
28.200000000000003,124.64074046240673,186.9611106936101,93.48055534680505,31.16018511560168,-62.32037023120336,6.232037023120337,249.28148092481345,-31.16018511560168,155.80092557800842,46.740277673402524,77.90046278900421,-124.64074046240673,15.58009255780084,62.32037023120336
28.3,124.57567476634233,186.8635121495135,93.43175607475675,31.143918691585583,-62.287837383171166,6.228783738317117,249.15134953268466,-31.143918691585583,155.7195934579279,46.715878037378374,77.85979672896396,-124.57567476634233,15.571959345792791,62.287837383171166
28.400000000000002,124.50745570220504,186.76118355330755,93.38059177665377,31.12686392555126,-62.25372785110252,6.2253727851102525,249.01491140441007,-31.12686392555126,155.6343196277563,46.69029588832689,77.81715981387815,-124.50745570220504,15.56343196277563,62.25372785110252
28.5,124.43617686566242,186.6542652984936,93.3271326492468,31.109044216415604,-62.21808843283121,6.221808843283121,248.87235373132484,-31.109044216415604,155.54522108207803,46.6635663246234,77.77261054103901,-124.43617686566242,15.554522108207802,62.21808843283121
28.6,124.36199057152852,186.5429858572928,93.2714929286464,31.09049764288213,-62.18099528576426,6.218099528576427,248.72398114305705,-31.09049764288213,155.45248821441066,46.6357464643232,77.72624410720533,-124.36199057152852,15.545248821441065,62.18099528576426
28.700000000000003,124.28508955569544,186.42763433354315,93.21381716677158,31.07127238892386,-62.14254477784772,6.214254477784772,248.57017911139087,-31.07127238892386,155.3563619446193,46.60690858338579,77.67818097230965,-124.28508955569544,15.53563619446193,62.14254477784772
28.8,124.2056591476184,186.3084887214276,93.1542443607138,31.0514147869046,-62.1028295738092,6.210282957380921,248.4113182952368,-31.0514147869046,155.25707393452302,46.5771221803569,77.62853696726151,-124.2056591476184,15.5257073934523,62.1028295738092
28.900000000000002,124.12385647222112,186.18578470833168,93.09289235416584,31.03096411805528,-62.06192823611056,6.206192823611056,248.24771294444224,-31.03096411805528,155.15482059027642,46.54644617708292,77.57741029513821,-124.12385647222112,15.51548205902764,62.06192823611056
29.0,124.03983588798779,186.05975383198168,93.02987691599084,31.009958971996948,-62.019917943993896,6.20199179439939,248.07967177597558,-31.009958971996948,155.04979485998473,46.51493845799542,77.52489742999236,-124.03983588798779,15.504979485998474,62.019917943993896
29.1,123.95371601984041,185.93057402976063,92.96528701488032,30.988429004960103,-61.97685800992021,6.197685800992021,247.90743203968083,-30.988429004960103,154.9421450248005,46.48264350744016,77.47107251240026,-123.95371601984041,15.494214502480052,61.97685800992021
29.200000000000003,123.86552627233813,185.7982894085072,92.8991447042536,30.966381568084532,-61.932763136169065,6.193276313616907,247.73105254467626,-30.966381568084532,154.83190784042267,46.4495723521268,77.41595392021134,-123.86552627233813,15.483190784042266,61.932763136169065
29.3,123.77524043647344,185.66286065471016,92.83143032735508,30.94381010911836,-61.88762021823672,6.188762021823672,247.55048087294688,-30.94381010911836,154.7190505455918,46.41571516367754,77.3595252727959,-123.77524043647344,15.47190505455918,61.88762021823672
29.400000000000002,123.6827969838379,185.52419547575687,92.76209773787843,30.920699245959476,-61.84139849191895,6.1841398491918955,247.3655939676758,-30.920699245959476,154.60349622979737,46.38104886893922,77.30174811489869,-123.6827969838379,15.460349622979738,61.84139849191895
29.5,123.5881333895227,185.38220008428405,92.69110004214203,30.897033347380674,-61.79406669476135,6.179406669476135,247.1762667790454,-30.897033347380674,154.48516673690338,46.34555002107101,77.24258336845169,-123.5881333895227,15.448516673690337,61.79406669476135
29.6,123.49121856239302,185.23682784358954,92.61841392179477,30.872804640598254,-61.74560928119651,6.174560928119651,246.98243712478603,-30.872804640598254,154.36402320299126,46.309206960897384,77.18201160149563,-123.49121856239302,15.436402320299127,61.74560928119651
29.700000000000003,123.3919607658174,185.0879411487261,92.54397057436304,30.84799019145435,-61.6959803829087,6.169598038290871,246.7839215316348,-30.84799019145435,154.23995095727176,46.27198528718152,77.11997547863588,-123.3919607658174,15.423995095727175,61.6959803829087
29.8,123.29029053346054,184.93543580019082,92.46771790009541,30.822572633365134,-61.64514526673027,6.1645145266730275,246.58058106692107,-30.822572633365134,154.11286316682566,46.233858950047704,77.05643158341283,-123.29029053346054,15.411286316682567,61.64514526673027
29.900000000000002,123.18621168692465,184.77931753038698,92.38965876519349,30.796552921731163,-61.593105843462325,6.159310584346233,246.3724233738493,-30.796552921731163,153.98276460865583,46.194829382596744,76.99138230432791,-123.18621168692465,15.398276460865581,61.593105843462325
30.0,123.07973774256573,184.6196066138486,92.3098033069243,30.76993443564143,-61.53986887128286,6.153986887128287,246.15947548513145,-30.76993443564143,153.84967217820716,46.15490165346215,76.92483608910358,-123.07973774256573,15.384967217820716,61.53986887128286
30.1,122.97094686414735,184.45642029622104,92.22821014811052,30.742736716036838,-61.485473432073675,6.148547343207368,245.9418937282947,-30.742736716036838,153.71368358018418,46.11410507405526,76.85684179009209,-122.97094686414735,15.371368358018419,61.485473432073675
30.200000000000003,122.85992437597551,184.28988656396325,92.14494328198163,30.714981093993877,-61.429962187987755,6.142996218798776,245.71984875195102,-30.714981093993877,153.5749054699694,46.07247164099081,76.7874527349847,-122.85992437597551,15.357490546996939,61.429962187987755
30.3,122.74675497360846,184.1201324604127,92.06006623020635,30.686688743402115,-61.37337748680423,6.137337748680423,245.49350994721692,-30.686688743402115,153.43344371701056,46.03003311510317,76.71672185850528,-122.74675497360846,15.343344371701058,61.37337748680423
30.400000000000002,122.63154724118442,183.94732086177663,91.97366043088832,30.657886810296105,-61.31577362059221,6.131577362059222,245.26309448236884,-30.657886810296105,153.28943405148053,45.98683021544416,76.64471702574026,-122.63154724118442,15.328943405148053,61.31577362059221
30.5,122.51445224037637,183.77167836056455,91.88583918028228,30.628613060094093,-61.257226120188186,6.125722612018819,245.02890448075274,-30.628613060094093,153.14306530047045,45.94291959014114,76.57153265023523,-122.51445224037637,15.314306530047046,61.257226120188186
30.6,122.39557664381049,183.59336496571572,91.79668248285786,30.59889416095262,-61.19778832190524,6.119778832190525,244.79115328762097,-30.59889416095262,152.9944708047631,45.89834124142893,76.49723540238155,-122.39557664381049,15.29944708047631,61.19778832190524
30.700000000000003,122.27498714611944,183.41248071917917,91.70624035958959,30.56874678652986,-61.13749357305972,6.113749357305973,244.5499742922389,-30.56874678652986,152.84373393264931,45.85312017979479,76.42186696632466,-122.27498714611944,15.28437339326493,61.13749357305972
30.8,122.15272811005666,183.22909216508498,91.61454608254249,30.538182027514164,-61.07636405502833,6.107636405502833,244.3054562201133,-30.538182027514164,152.69091013757082,45.807273041271245,76.34545506878541,-122.15272811005666,15.269091013757082,61.07636405502833
30.900000000000002,122.02882544609656,183.04323816914484,91.52161908457242,30.50720636152414,-61.01441272304828,6.101441272304829,244.05765089219312,-30.50720636152414,152.5360318076207,45.76080954228621,76.26801590381035,-122.02882544609656,15.25360318076207,61.01441272304828
31.0,121.90330012857645,182.85495019286466,91.42747509643233,30.47582503214411,-60.95165006428822,6.0951650064288225,243.8066002571529,-30.47582503214411,152.37912516072055,45.713737548216166,76.18956258036027,-121.90330012857645,15.237912516072056,60.95165006428822
31.1,121.77615178502994,182.66422767754491,91.33211383877246,30.444037946257485,-60.88807589251497,6.0888075892514975,243.55230357005988,-30.444037946257485,152.22018973128743,45.66605691938623,76.11009486564372,-121.77615178502994,15.222018973128742,60.88807589251497
31.200000000000003,121.64732753863098,182.47099130794646,91.23549565397323,30.411831884657744,-60.82366376931549,6.0823663769315495,243.29465507726195,-30.411831884657744,152.05915942328872,45.617747826986616,76.02957971164436,-121.64732753863098,15.205915942328872,60.82366376931549
31.3,121.51681750970262,182.27522626455394,91.13761313227697,30.379204377425655,-60.75840875485131,6.075840875485131,243.03363501940524,-30.379204377425655,151.89602188712828,45.568806566138484,75.94801094356414,-121.51681750970262,15.189602188712827,60.75840875485131
31.400000000000002,121.38464967776902,182.07697451665354,91.03848725832677,30.346162419442255,-60.69232483888451,6.0692324838884515,242.76929935553804,-30.346162419442255,151.73081209721127,45.519243629163384,75.86540604860564,-121.38464967776902,15.173081209721127,60.69232483888451
31.5,121.25078585141283,181.87617877711924,90.93808938855962,30.312696462853207,-60.625392925706414,6.062539292570642,242.50157170282566,-30.312696462853207,151.56348231426603,45.46904469427981,75.78174115713301,-121.25078585141283,15.156348231426604,60.625392925706414
31.6,121.11521119982694,181.67281679974042,90.83640839987021,30.278802799956736,-60.55760559991347,6.055760559991348,242.2304223996539,-30.278802799956736,151.39401399978368,45.418204199935104,75.69700699989184,-121.11521119982694,15.139401399978368,60.55760559991347
31.700000000000003,120.97795950310652,181.4669392546598,90.7334696273299,30.24448987577663,-60.48897975155326,6.0488979751553265,241.95591900621304,-30.24448987577663,151.22244937888314,45.36673481366495,75.61122468944157,-120.97795950310652,15.122244937888315,60.48897975155326
31.8,120.83906157048904,181.25859235573355,90.62929617786678,30.20976539262226,-60.41953078524452,6.041953078524452,241.67812314097807,-30.20976539262226,151.0488269631113,45.31464808893339,75.52441348155565,-120.83906157048904,15.10488269631113,60.41953078524452
31.900000000000002,120.6985967485908,181.0478951228862,90.5239475614431,30.1746491871477,-60.3492983742954,6.034929837429541,241.3971934971816,-30.1746491871477,150.8732459357385,45.26197378072155,75.43662296786925,-120.6985967485908,15.08732459357385,60.3492983742954
32.0,120.55668898342228,180.8350334751334,90.4175167375667,30.13917224585557,-60.27834449171114,6.027834449171114,241.11337796684455,-30.13917224585557,150.69586122927785,45.20875836878335,75.34793061463893,-120.55668898342228,15.069586122927785,60.27834449171114
32.1,120.41345678727875,180.62018518091813,90.31009259045906,30.103364196819687,-60.206728393639374,6.020672839363938,240.8269135745575,-30.103364196819687,150.51682098409844,45.15504629522953,75.25841049204922,-120.41345678727875,15.051682098409843,60.206728393639374
32.2,120.26904351236803,180.40356526855203,90.20178263427601,30.067260878092007,-60.134521756184014,6.013452175618402,240.53808702473606,-30.067260878092007,150.33630439046004,45.10089131713801,75.16815219523002,-120.26904351236803,15.033630439046004,60.134521756184014
32.300000000000004,120.12363099709565,180.18544649564348,90.09272324782174,30.03090774927391,-60.06181549854782,6.006181549854783,240.2472619941913,-30.03090774927391,150.15453874636955,45.04636162391087,75.07726937318478,-120.12363099709565,15.015453874636956,60.06181549854782
32.4,119.97744612354816,179.96616918532226,89.98308459266113,29.99436153088704,-59.98872306177408,5.998872306177408,239.95489224709632,-29.99436153088704,149.9718076544352,44.991542296330564,74.9859038272176,-119.97744612354816,14.99718076544352,59.98872306177408
32.5,119.83073874122591,179.74610811183888,89.87305405591944,29.95768468530648,-59.91536937061296,5.991536937061296,239.66147748245183,-29.95768468530648,149.7884234265324,44.93652702795972,74.8942117132662,-119.83073874122591,14.97884234265324,59.91536937061296
32.6,119.68372424295484,179.52558636443226,89.76279318221613,29.92093106073871,-59.84186212147742,5.984186212147742,239.36744848590968,-29.92093106073871,149.60465530369356,44.881396591108064,74.80232765184678,-119.68372424295484,14.960465530369355,59.84186212147742
32.7,119.53659299415698,179.30488949123546,89.65244474561773,29.884148248539244,-59.76829649707849,5.976829649707849,239.07318598831395,-29.884148248539244,149.4207412426962,44.826222372808864,74.7103706213481,-119.53659299415698,14.942074124269622,59.76829649707849
32.800000000000004,119.38956119764524,179.08434179646787,89.54217089823393,29.84739029941131,-59.69478059882262,5.969478059882262,238.77912239529047,-29.84739029941131,149.23695149705654,44.77108544911697,74.61847574852827,-119.38956119764524,14.923695149705654,59.69478059882262
32.9,119.24281358671259,178.86422038006887,89.43211019003444,29.810703396678147,-59.62140679335629,5.962140679335629,238.48562717342517,-29.810703396678147,149.05351698339072,44.71605509501722,74.52675849169536,-119.24281358671259,14.905351698339073,59.62140679335629
33.0,119.09649979920908,178.64474969881363,89.32237484940681,29.77412494980227,-59.54824989960454,5.954824989960454,238.19299959841817,-29.77412494980227,148.87062474901137,44.66118742470341,74.43531237450568,-119.09649979920908,14.887062474901136,59.54824989960454
33.1,118.95074101196553,178.4261115179483,89.21305575897415,29.737685252991383,-59.47537050598277,5.947537050598277,237.90148202393107,-29.737685252991383,148.68842626495692,44.606527879487075,74.34421313247846,-118.95074101196553,14.868842626495692,59.47537050598277
33.2,118.8057108410556,178.2085662615834,89.1042831307917,29.7014277102639,-59.4028554205278,5.940285542052781,237.6114216821112,-29.7014277102639,148.50713855131949,44.55214156539585,74.25356927565974,-118.8057108410556,14.85071385513195,59.4028554205278
33.300000000000004,118.66159262952314,177.9923889442847,88.99619447214235,29.665398157380785,-59.33079631476157,5.933079631476158,237.32318525904628,-29.665398157380785,148.32699078690393,44.498097236071175,74.16349539345197,-118.66159262952314,14.832699078690393,59.33079631476157
33.4,118.51848213967017,177.77772320950527,88.88886160475263,29.629620534917542,-59.259241069835085,5.9259241069835085,237.03696427934034,-29.629620534917542,148.1481026745877,44.44443080237632,74.07405133729385,-118.51848213967017,14.814810267458771,59.259241069835085
33.5,118.37650083769088,177.56475125653634,88.78237562826817,29.59412520942272,-59.18825041884544,5.918825041884545,236.75300167538177,-29.59412520942272,147.9706260471136,44.391187814134085,73.9853130235568,-118.37650083769088,14.79706260471136,59.18825041884544
33.6,118.23580474967702,177.35370712451552,88.67685356225776,29.558951187419254,-59.11790237483851,5.911790237483851,236.47160949935403,-29.558951187419254,147.79475593709628,44.33842678112888,73.89737796854814,-118.23580474967702,14.779475593709627,59.11790237483851
33.7,118.09653408026244,177.14480112039365,88.57240056019683,29.52413352006561,-59.04826704013122,5.904826704013122,236.1930681605249,-29.52413352006561,147.62066760032806,44.28620028009841,73.81033380016403,-118.09653408026244,14.762066760032805,59.04826704013122
33.800000000000004,117.95875066269016,176.93812599403526,88.46906299701763,29.48968766567254,-58.97937533134508,5.897937533134509,235.91750132538033,-29.48968766567254,147.4484383283627,44.234531498508815,73.72421916418135,-117.95875066269016,14.74484383283627,58.97937533134508
33.9,117.82247159953529,176.73370739930294,88.36685369965147,29.455617899883823,-58.911235799767645,5.891123579976765,235.64494319907058,-29.455617899883823,147.2780894994191,44.183426849825736,73.63904474970956,-117.82247159953529,14.727808949941911,58.911235799767645
34.0,117.68767147971417,176.53150721957127,88.26575360978563,29.421917869928542,-58.843835739857084,5.884383573985708,235.37534295942834,-29.421917869928542,147.1095893496427,44.13287680489282,73.55479467482135,-117.68767147971417,14.710958934964271,58.843835739857084
34.1,117.55432055345838,176.33148083018756,88.16574041509378,29.388580138364595,-58.77716027672919,5.8777160276729195,235.10864110691676,-29.388580138364595,146.94290069182298,44.08287020754689,73.47145034591149,-117.55432055345838,14.694290069182298,58.77716027672919
34.2,117.4225265608928,176.1337898413392,88.0668949206696,29.3556316402232,-58.7112632804464,5.871126328044641,234.8450531217856,-29.3556316402232,146.778158201116,44.0334474603348,73.389079100558,-117.4225265608928,14.6778158201116,58.7112632804464
34.300000000000004,117.29245004685131,175.938675070277,87.9693375351385,29.32311251171283,-58.64622502342566,5.864622502342566,234.58490009370263,-29.32311251171283,146.61556255856414,43.98466876756925,73.30778127928207,-117.29245004685131,14.661556255856414,58.64622502342566
34.4,117.16422673067544,175.74634009601317,87.87317004800659,29.29105668266886,-58.58211336533772,5.858211336533772,234.32845346135088,-29.29105668266886,146.4552834133443,43.93658502400329,73.22764170667215,-117.16422673067544,14.64552834133443,58.58211336533772
34.5,117.03796857562709,175.55695286344064,87.77847643172032,29.259492143906773,-58.518984287813545,5.851898428781355,234.07593715125418,-29.259492143906773,146.29746071953386,43.88923821586016,73.14873035976693,-117.03796857562709,14.629746071953386,58.518984287813545
34.6,116.91382994094394,175.3707449114159,87.68537245570795,29.228457485235985,-58.45691497047197,5.845691497047198,233.82765988188788,-29.228457485235985,146.14228742617993,43.842686227853974,73.07114371308997,-116.91382994094394,14.614228742617993,58.45691497047197
34.7,116.79197872326975,175.18796808490464,87.59398404245232,29.197994680817438,-58.395989361634875,5.839598936163488,233.5839574465395,-29.197994680817438,145.98997340408718,43.79699202122616,72.99498670204359,-116.79197872326975,14.598997340408719,58.395989361634875
34.800000000000004,116.67261025250289,175.00891537875435,87.50445768937718,29.168152563125723,-58.336305126251446,5.833630512625145,233.34522050500578,-29.168152563125723,145.8407628156286,43.75222884468859,72.9203814078143,-116.67261025250289,14.584076281562862,58.336305126251446
34.9,116.55590821518516,174.83386232277775,87.41693116138887,29.13897705379629,-58.27795410759258,5.827795410759258,233.1118164303703,-29.13897705379629,145.69488526898144,43.70846558069444,72.84744263449072,-116.55590821518516,14.569488526898144,58.27795410759258
35.0,116.44200612793333,174.6630091919,87.33150459595,29.11050153198333,-58.22100306396666,5.822100306396667,232.88401225586665,-29.11050153198333,145.55250765991667,43.665752297975,72.77625382995834,-116.44200612793333,14.555250765991666,58.22100306396666
35.1,116.33100355426919,174.4965053314038,87.2482526657019,29.082750888567297,-58.165501777134594,5.816550177713459,232.66200710853838,-29.082750888567297,145.41375444283648,43.62412633285095,72.70687722141824,-116.33100355426919,14.541375444283648,58.165501777134594
35.2,116.22293175402581,174.3343976310387,87.16719881551936,29.055732938506452,-58.111465877012904,5.811146587701291,232.44586350805162,-29.055732938506452,145.27866469253226,43.58359940775968,72.63933234626613,-116.22293175402581,14.527866469253226,58.111465877012904
35.300000000000004,116.11770148585546,174.17655222878318,87.08827611439159,29.029425371463866,-58.05885074292773,5.805885074292774,232.23540297171093,-29.029425371463866,145.14712685731934,43.544138057195795,72.57356342865967,-116.11770148585546,14.514712685731933,58.05885074292773
35.4,116.01515804049873,174.0227370607481,87.01136853037406,29.003789510124683,-58.007579020249366,5.800757902024937,232.03031608099747,-29.003789510124683,145.0189475506234,43.50568426518703,72.5094737753117,-116.01515804049873,14.501894755062342,58.007579020249366
35.5,115.91512685477389,173.87269028216082,86.93634514108041,28.978781713693472,-57.957563427386944,5.795756342738695,231.83025370954778,-28.978781713693472,144.89390856846737,43.468172570540204,72.44695428423368,-115.91512685477389,14.489390856846736,57.957563427386944
35.6,115.81731114885618,173.72596672328427,86.86298336164214,28.954327787214044,-57.90865557442809,5.790865557442809,231.63462229771235,-28.954327787214044,144.77163893607022,43.43149168082107,72.38581946803511,-115.81731114885618,14.477163893607022,57.90865557442809
35.7,115.7213835751407,173.58207536271107,86.79103768135553,28.930345893785177,-57.86069178757035,5.786069178757035,231.4427671502814,-28.930345893785177,144.65172946892588,43.39551884067777,72.32586473446294,-115.7213835751407,14.465172946892588,57.86069178757035
35.800000000000004,115.62710719102898,173.44066078654348,86.72033039327174,28.906776797757246,-57.81355359551449,5.7813553595514495,231.25421438205797,-28.906776797757246,144.53388398878622,43.36016519663587,72.26694199439311,-115.62710719102898,14.453388398878623,57.81355359551449
35.9,115.53426918116696,173.30140377175044,86.65070188587522,28.88356729529174,-57.76713459058348,5.776713459058349,231.06853836233392,-28.88356729529174,144.41783647645872,43.32535094293761,72.20891823822936,-115.53426918116696,14.44178364764587,57.76713459058348
36.0,115.44266352931814,173.16399529397722,86.58199764698861,28.860665882329535,-57.72133176465907,5.772133176465907,230.88532705863628,-28.860665882329535,144.30332941164767,43.290998823494306,72.15166470582383,-115.44266352931814,14.430332941164767,57.72133176465907
36.1,115.35213202456706,173.0281980368506,86.5140990184253,28.838033006141764,-57.67606601228353,5.767606601228353,230.7042640491341,-28.838033006141764,144.1901650307088,43.25704950921265,72.0950825153544,-115.35213202456706,14.419016503070882,57.67606601228353
36.2,115.26246743299113,172.8937011494867,86.44685057474335,28.815616858247783,-57.631233716495565,5.763123371649557,230.52493486598226,-28.815616858247783,144.07808429123892,43.223425287371676,72.03904214561946,-115.26246743299113,14.407808429123891,57.631233716495565
36.300000000000004,115.17354371045217,172.76031556567824,86.38015778283912,28.79338592761304,-57.58677185522608,5.758677185522608,230.34708742090433,-28.79338592761304,143.9669296380652,43.19007889141956,71.9834648190326,-115.17354371045217,14.39669296380652,57.58677185522608
36.4,115.08539708230526,172.6280956234579,86.31404781172895,28.771349270576316,-57.54269854115263,5.754269854115264,230.17079416461053,-28.771349270576316,143.85674635288157,43.15702390586448,71.92837317644079,-115.08539708230526,14.385674635288158,57.54269854115263
36.5,114.99811447893848,172.4971717184077,86.24858585920386,28.74952861973462,-57.49905723946924,5.749905723946924,229.99622895787695,-28.74952861973462,143.7476430986731,43.12429292960193,71.87382154933655,-114.99811447893848,14.37476430986731,57.49905723946924
36.6,114.91184506442687,172.3677675966403,86.18388379832015,28.727961266106718,-57.455922532213435,5.745592253221344,229.82369012885374,-28.727961266106718,143.6398063305336,43.091941899160076,71.8199031652668,-114.91184506442687,14.363980633053359,57.455922532213435
36.7,114.82678944229158,172.2401841634374,86.1200920817187,28.706697360572896,-57.41339472114579,5.741339472114579,229.65357888458317,-28.706697360572896,143.53348680286447,43.06004604085935,71.76674340143224,-114.82678944229158,14.353348680286448,57.41339472114579
36.800000000000004,114.7431755308844,172.1147632963266,86.0573816481633,28.6857938827211,-57.3715877654422,5.73715877654422,229.4863510617688,-28.6857938827211,143.4289694136055,43.02869082408165,71.71448470680275,-114.7431755308844,14.34289694136055,57.3715877654422
36.9,114.66123643889688,171.99185465834532,85.99592732917266,28.66530910972422,-57.33061821944844,5.733061821944844,229.32247287779376,-28.66530910972422,143.32654554862108,42.99796366458633,71.66327277431054,-114.66123643889688,14.33265455486211,57.33061821944844
37.0,114.58117928056643,171.87176892084966,85.93588446042483,28.645294820141608,-57.290589640283216,5.729058964028322,229.16235856113286,-28.645294820141608,143.22647410070803,42.967942230212415,71.61323705035402,-114.58117928056643,14.322647410070804,57.290589640283216
37.1,114.50321471835429,171.75482207753143,85.87741103876571,28.62580367958857,-57.25160735917714,5.725160735917715,229.00642943670857,-28.62580367958857,143.12901839794284,42.93870551938286,71.56450919897142,-114.50321471835429,14.312901839794286,57.25160735917714
37.2,114.42750151803753,171.6412522770563,85.82062613852816,28.606875379509383,-57.213750759018765,5.721375075901877,228.85500303607506,-28.606875379509383,143.0343768975469,42.91031306926408,71.51718844877345,-114.42750151803753,14.303437689754691,57.213750759018765
37.300000000000004,114.35412518660384,171.53118777990576,85.76559388995288,28.58853129665096,-57.17706259330192,5.717706259330193,228.70825037320768,-28.58853129665096,142.9426564832548,42.88279694497644,71.4713282416274,-114.35412518660384,14.29426564832548,57.17706259330192
37.4,114.28322274333118,171.42483411499677,85.71241705749839,28.570805685832795,-57.14161137166559,5.71416113716656,228.56644548666236,-28.570805685832795,142.85402842916398,42.85620852874919,71.42701421458199,-114.28322274333118,14.285402842916398,57.14161137166559
37.5,114.21499607513067,171.322494112696,85.661247056348,28.553749018782668,-57.107498037565335,5.710749803756534,228.42999215026134,-28.553749018782668,142.76874509391334,42.830623528174,71.38437254695667,-114.21499607513067,14.276874509391334,57.107498037565335
37.6,114.14970464358105,171.22455696537156,85.61227848268578,28.53742616089526,-57.07485232179052,5.707485232179053,228.2994092871621,-28.53742616089526,142.6871308044763,42.80613924134289,71.34356540223816,-114.14970464358105,14.26871308044763,57.07485232179052
37.7,114.08764345347569,171.13146518021352,85.56573259010676,28.521910863368923,-57.043821726737846,5.704382172673785,228.17528690695138,-28.521910863368923,142.60955431684462,42.78286629505338,71.30477715842231,-114.08764345347569,14.260955431684462,57.043821726737846
37.800000000000004,114.02910864941539,171.0436629741231,85.52183148706155,28.507277162353848,-57.014554324707696,5.70145543247077,228.05821729883078,-28.507277162353848,142.53638581176924,42.760915743530774,71.26819290588462,-114.02910864941539,14.253638581176924,57.014554324707696
37.9,113.97435384999874,170.9615307749981,85.48076538749905,28.493588462499684,-56.98717692499937,5.698717692499937,227.94870769999747,-28.493588462499684,142.46794231249842,42.740382693749524,71.23397115624921,-113.97435384999874,14.246794231249842,56.98717692499937
38.0,113.92355850106138,170.88533775159206,85.44266887579603,28.480889625265345,-56.96177925053069,5.696177925053069,227.84711700212276,-28.480889625265345,142.4044481263267,42.721334437898015,71.20222406316336,-113.92355850106138,14.240444812632672,56.96177925053069
38.1,113.8767843723389,170.81517655850837,85.40758827925418,28.469196093084726,-56.93839218616945,5.6938392186169455,227.7535687446778,-28.469196093084726,142.34598046542362,42.70379413962709,71.17299023271181,-113.8767843723389,14.234598046542363,56.93839218616945
38.2,113.83400255295476,170.75100382943214,85.37550191471607,28.45850063823869,-56.91700127647738,5.691700127647739,227.66800510590951,-28.45850063823869,142.29250319119345,42.687750957358034,71.14625159559672,-113.83400255295476,14.229250319119345,56.91700127647738
38.300000000000004,113.79511697452536,170.69267546178804,85.34633773089402,28.44877924363134,-56.89755848726268,5.689755848726268,227.5902339490507,-28.44877924363134,142.2438962181567,42.67316886544701,71.12194810907835,-113.79511697452536,14.22438962181567,56.89755848726268
38.400000000000006,113.75998161295823,170.63997241943736,85.31998620971868,28.439995403239557,-56.879990806479114,5.687999080647912,227.51996322591646,-28.439995403239557,142.19997701619778,42.65999310485934,71.09998850809889,-113.75998161295823,14.219997701619778,56.879990806479114
38.5,113.7284257959963,170.59263869399445,85.29631934699722,28.432106448999075,-56.86421289799815,5.686421289799815,227.4568515919926,-28.432106448999075,142.16053224499538,42.64815967349861,71.08026612249769,-113.7284257959963,14.216053224499538,56.86421289799815
38.6,113.70019324470664,170.55028986705997,85.27514493352999,28.42504831117666,-56.85009662235332,5.685009662235332,227.40038648941328,-28.42504831117666,142.1252415558833,42.63757246676499,71.06262077794165,-113.70019324470664,14.21252415558833,56.85009662235332
38.7,113.67496955588688,170.5124543338303,85.25622716691515,28.41874238897172,-56.83748477794344,5.683748477794344,227.34993911177375,-28.41874238897172,142.0937119448586,42.628113583457576,71.0468559724293,-113.67496955588688,14.20937119448586,56.83748477794344
38.800000000000004,113.65247338484323,170.47871007726485,85.23935503863243,28.41311834621081,-56.82623669242162,5.682623669242162,227.30494676968647,-28.41311834621081,142.06559173105404,42.61967751931621,71.03279586552702,-113.65247338484323,14.206559173105404,56.82623669242162
38.900000000000006,113.6324640084452,170.4486960126678,85.2243480063339,28.4081160021113,-56.8162320042226,5.68162320042226,227.2649280168904,-28.4081160021113,142.04058001055648,42.61217400316695,71.02029000527824,-113.6324640084452,14.20405800105565,56.8162320042226
39.0,113.6147608556883,170.42214128353245,85.21107064176623,28.403690213922076,-56.80738042784415,5.680738042784416,227.2295217113766,-28.403690213922076,142.01845106961036,42.605535320883114,71.00922553480518,-113.6147608556883,14.201845106961038,56.80738042784415
39.1,113.5991975558378,170.3987963337567,85.19939816687835,28.39979938895945,-56.7995987779189,5.679959877791891,227.1983951116756,-28.39979938895945,141.99899694479726,42.59969908343918,70.99949847239863,-113.5991975558378,14.199899694479726,56.7995987779189
39.2,113.58562900359522,170.37844350539282,85.18922175269641,28.396407250898804,-56.79281450179761,5.6792814501797615,227.17125800719043,-28.396407250898804,141.982036254494,42.594610876348206,70.991018127247,-113.58562900359522,14.198203625449402,56.79281450179761
39.300000000000004,113.57386210542903,170.36079315814354,85.18039657907177,28.393465526357257,-56.786931052714515,5.678693105271452,227.14772421085806,-28.393465526357257,141.96732763178628,42.590198289535884,70.98366381589314,-113.57386210542903,14.196732763178629,56.786931052714515
39.400000000000006,113.56367486879546,170.34551230319317,85.17275615159659,28.390918717198865,-56.78183743439773,5.6781837434397735,227.12734973759092,-28.390918717198865,141.95459358599433,42.586378075798294,70.97729679299717,-113.56367486879546,14.195459358599432,56.78183743439773
39.5,113.55491122585062,170.33236683877593,85.16618341938796,28.388727806462654,-56.77745561292531,5.677745561292531,227.10982245170123,-28.388727806462654,141.94363903231329,42.58309170969398,70.97181951615664,-113.55491122585062,14.194363903231327,56.77745561292531
39.6,113.54738678376626,170.3210801756494,85.1605400878247,28.386846695941564,-56.77369339188313,5.6773693391883135,227.0947735675325,-28.386846695941564,141.9342334797078,42.58027004391235,70.9671167398539,-113.54738678376626,14.193423347970782,56.77369339188313
39.7,113.54092232877989,170.31138349316984,85.15569174658492,28.38523058219497,-56.77046116438994,5.677046116438994,227.08184465755977,-28.38523058219497,141.92615291097485,42.57784587329246,70.96307645548742,-113.54092232877989,14.192615291097486,56.77046116438994
39.800000000000004,113.53541904440476,170.30312856660714,85.15156428330357,28.38385476110119,-56.76770952220238,5.676770952220238,227.07083808880952,-28.38385476110119,141.91927380550595,42.575782141651786,70.95963690275298,-113.53541904440476,14.191927380550595,56.76770952220238
39.900000000000006,113.5308010752473,170.29620161287096,85.14810080643548,28.382700268811824,-56.76540053762365,5.676540053762365,227.0616021504946,-28.382700268811824,141.9135013440591,42.57405040321774,70.95675067202956,-113.5308010752473,14.191350134405912,56.76540053762365
40.0,113.52698028128773,170.29047042193162,85.14523521096581,28.381745070321934,-56.76349014064387,5.676349014064387,227.05396056257547,-28.381745070321934,141.90872535160966,42.572617605482904,70.95436267580483,-113.52698028128773,14.190872535160967,56.76349014064387
40.1,113.52393341672462,170.28590012508693,85.14295006254346,28.380983354181154,-56.76196670836231,5.676196670836231,227.04786683344923,-28.380983354181154,141.90491677090577,42.57147503127173,70.95245838545289,-113.52393341672462,14.190491677090577,56.76196670836231
40.2,113.52170705963975,170.28256058945962,85.14128029472981,28.380426764909938,-56.760853529819876,5.676085352981988,227.0434141192795,-28.380426764909938,141.90213382454968,42.570640147364905,70.95106691227484,-113.52170705963975,14.190213382454969,56.760853529819876
40.300000000000004,113.52038983264998,170.28058474897497,85.14029237448749,28.380097458162496,-56.76019491632499,5.676019491632499,227.04077966529997,-28.380097458162496,141.90048729081246,42.57014618724374,70.95024364540623,-113.52038983264998,14.190048729081248,56.76019491632499
40.400000000000006,113.52005428630206,170.28008142945308,85.14004071472654,28.380013571575514,-56.76002714315103,5.6760027143151035,227.0401085726041,-28.380013571575514,141.90006785787756,42.57002035736327,70.95003392893878,-113.52005428630206,14.190006785787757,56.76002714315103
40.5,113.52067539608548,170.2810130941282,85.1405065470641,28.38016884902137,-56.76033769804274,5.676033769804274,227.04135079217096,-28.38016884902137,141.90084424510684,42.57025327353205,70.95042212255342,-113.52067539608548,14.190084424510685,56.76033769804274
40.6,113.52221268064133,170.28331902096198,85.14165951048099,28.380553170160333,-56.761106340320666,5.676110634032067,227.04442536128266,-28.380553170160333,141.90276585080167,42.570829755240496,70.95138292540084,-113.52221268064133,14.190276585080166,56.761106340320666
40.7,113.52463856955808,170.28695785433712,85.14347892716856,28.38115964238952,-56.76231928477904,5.676231928477904,227.04927713911616,-28.38115964238952,141.9057982119476,42.57173946358428,70.9528991059738,-113.52463856955808,14.19057982119476,56.76231928477904
40.800000000000004,113.52789921822942,170.29184882734413,85.14592441367206,28.381974804557355,-56.76394960911471,5.676394960911471,227.05579843645884,-28.381974804557355,141.90987402278677,42.57296220683603,70.95493701139338,-113.52789921822942,14.190987402278678,56.76394960911471
40.900000000000006,113.53194779726053,170.2979216958908,85.1489608479454,28.382986949315132,-56.765973898630264,5.676597389863026,227.06389559452106,-28.382986949315132,141.91493474657565,42.5744804239727,70.95746737328783,-113.53194779726053,14.191493474657566,56.765973898630264
41.0,113.53677745296234,170.30516617944352,85.15258308972176,28.384194363240585,-56.76838872648117,5.676838872648117,227.07355490592468,-28.384194363240585,141.92097181620292,42.57629154486088,70.96048590810146,-113.53677745296234,14.192097181620293,56.76838872648117
41.1,113.54244559646392,170.31366839469587,85.15683419734793,28.38561139911598,-56.77122279823196,5.677122279823196,227.08489119292784,-28.38561139911598,141.9280569955799,42.57841709867397,70.96402849778995,-113.54244559646392,14.19280569955799,56.77122279823196
41.2,113.54902309860564,170.32353464790847,85.16176732395424,28.38725577465141,-56.77451154930282,5.677451154930282,227.0980461972113,-28.38725577465141,141.93627887325707,42.58088366197712,70.96813943662853,-113.54902309860564,14.193627887325706,56.77451154930282
41.300000000000004,113.55661831623512,170.33492747435267,85.16746373717633,28.38915457905878,-56.77830915811756,5.677830915811756,227.11323663247023,-28.38915457905878,141.94577289529389,42.58373186858817,70.97288644764694,-113.55661831623512,14.19457728952939,56.77830915811756
41.400000000000006,113.56533998659324,170.34800997988987,85.17400498994493,28.39133499664831,-56.78266999329662,5.678266999329662,227.1306799731865,-28.39133499664831,141.95667498324156,42.58700249497247,70.97833749162078,-113.56533998659324,14.195667498324156,56.78266999329662
41.5,113.57524898609661,170.36287347914492,85.18143673957246,28.393812246524153,-56.787624493048305,5.6787624493048305,227.15049797219322,-28.393812246524153,141.96906123262076,42.59071836978623,70.98453061631038,-113.57524898609661,14.196906123262076,56.787624493048305
41.6,113.58639026401465,170.37958539602198,85.18979269801099,28.396597566003663,-56.79319513200733,5.679319513200733,227.1727805280293,-28.396597566003663,141.98298783001832,42.594896349005495,70.99149391500916,-113.58639026401465,14.198298783001832,56.79319513200733
41.7,113.59879602003902,170.39819403005853,85.19909701502927,28.399699005009754,-56.79939801001951,5.679939801001951,227.19759204007804,-28.399699005009754,141.99849502504878,42.59954850751463,70.99924751252439,-113.59879602003902,14.199849502504877,56.79939801001951
41.800000000000004,113.61247844721007,170.4187176708151,85.20935883540756,28.403119611802516,-56.80623922360503,5.680623922360503,227.22495689442013,-28.403119611802516,142.01559805901258,42.60467941770378,71.00779902950629,-113.61247844721007,14.201559805901258,56.80623922360503
41.900000000000006,113.62740364219997,170.44110546329995,85.22055273164997,28.40685091054999,-56.81370182109998,5.6813701821099984,227.25480728439993,-28.40685091054999,142.03425455274996,42.61027636582499,71.01712727637498,-113.62740364219997,14.203425455274996,56.81370182109998
42.0,113.64352002273925,170.46528003410887,85.23264001705444,28.410880005684813,-56.821760011369626,5.682176001136963,227.2870400454785,-28.410880005684813,142.05440002842406,42.61632000852722,71.02720001421203,-113.64352002273925,14.205440002842407,56.821760011369626
42.1,113.66075087720236,170.49112631580354,85.24556315790177,28.41518771930059,-56.83037543860118,5.683037543860118,227.32150175440472,-28.41518771930059,142.07593859650297,42.622781578950885,71.03796929825148,-113.66075087720236,14.207593859650295,56.83037543860118
42.2,113.67907123637559,170.5186068545634,85.2593034272817,28.419767809093898,-56.839535618187796,5.68395356181878,227.35814247275118,-28.419767809093898,142.0988390454695,42.62965171364085,71.04941952273475,-113.67907123637559,14.209883904546949,56.839535618187796
42.300000000000004,113.69846182421257,170.54769273631885,85.27384636815943,28.424615456053143,-56.849230912106286,5.684923091210629,227.39692364842514,-28.424615456053143,142.1230772802657,42.63692318407971,71.06153864013285,-113.69846182421257,14.212307728026571,56.849230912106286
42.400000000000006,113.71888689673094,170.5783303450964,85.2891651725482,28.429721724182734,-56.85944344836547,5.685944344836547,227.43777379346187,-28.429721724182734,142.14860862091368,42.6445825862741,71.07430431045684,-113.71888689673094,14.214860862091367,56.85944344836547
42.5,113.74031047617207,170.6104657142581,85.30523285712906,28.435077619043017,-56.870155238086035,5.687015523808604,227.48062095234414,-28.435077619043017,142.17538809521508,42.65261642856453,71.08769404760754,-113.74031047617207,14.217538809521509,56.870155238086035
42.6,113.76261845892256,170.64392768838383,85.32196384419191,28.44065461473064,-56.88130922946128,5.6881309229461285,227.52523691784512,-28.44065461473064,142.2032730736532,42.66098192209596,71.1016365368266,-113.76261845892256,14.22032730736532,56.88130922946128
42.7,113.78558956757134,170.678384351357,85.3391921756785,28.446397391892834,-56.89279478378567,5.689279478378567,227.57117913514267,-28.446397391892834,142.23198695946417,42.66959608783925,71.11599347973208,-113.78558956757134,14.223198695946417,56.89279478378567
42.800000000000004,113.80897829918925,170.7134674487839,85.35673372439194,28.452244574797312,-56.904489149594625,5.690448914959463,227.6179565983785,-28.452244574797312,142.26122287398655,42.67836686219597,71.13061143699328,-113.80897829918925,14.226122287398656,56.904489149594625
42.900000000000006,113.83256557267347,170.7488483590102,85.3744241795051,28.45814139316837,-56.91628278633674,5.691628278633674,227.66513114534695,-28.45814139316837,142.29070696584185,42.68721208975255,71.14535348292092,-113.83256557267347,14.229070696584184,56.91628278633674
43.0,113.85622200590518,170.78433300885777,85.39216650442889,28.464055501476295,-56.92811100295259,5.692811100295259,227.71244401181036,-28.464055501476295,142.3202775073815,42.69608325221444,71.16013875369075,-113.85622200590518,14.232027750738148,56.92811100295259
43.1,113.87987504951921,170.8198125742788,85.4099062871394,28.469968762379803,-56.93993752475961,5.693993752475961,227.75975009903843,-28.469968762379803,142.349843811899,42.7049531435697,71.1749219059495,-113.87987504951921,14.234984381189902,56.93993752475961
43.2,113.90347230487632,170.85520845731446,85.42760422865723,28.47586807621908,-56.95173615243816,5.695173615243816,227.80694460975263,-28.47586807621908,142.3793403810954,42.713802114328615,71.1896701905477,-113.90347230487632,14.23793403810954,56.95173615243816
43.300000000000004,113.92696027929797,170.89044041894695,85.44522020947348,28.481740069824493,-56.963480139648986,5.696348013964899,227.85392055859595,-28.481740069824493,142.40870034912246,42.72261010473674,71.20435017456123,-113.92696027929797,14.240870034912247,56.963480139648986
43.400000000000006,113.95028971059538,170.92543456589308,85.46271728294654,28.487572427648846,-56.97514485529769,5.697514485529769,227.90057942119077,-28.487572427648846,142.43786213824424,42.73135864147327,71.21893106912212,-113.95028971059538,14.243786213824423,56.97514485529769
43.5,113.9733594427767,170.96003916416504,85.48001958208252,28.493339860694174,-56.98667972138835,5.698667972138836,227.9467188855534,-28.493339860694174,142.46669930347088,42.74000979104126,71.23334965173544,-113.9733594427767,14.246669930347087,56.98667972138835
43.6,113.99607993326414,170.99411989989622,85.49705994994811,28.499019983316035,-56.99803996663207,5.699803996663207,227.99215986652828,-28.499019983316035,142.4950999165802,42.748529974974055,71.2475499582901,-113.99607993326414,14.249509991658018,56.99803996663207
43.7,114.01839553715475,171.02759330573213,85.51379665286606,28.504598884288686,-57.00919776857737,5.700919776857738,228.0367910743095,-28.504598884288686,142.52299442144343,42.75689832643303,71.26149721072171,-114.01839553715475,14.252299442144343,57.00919776857737
43.800000000000004,114.04029019405988,171.06043529108982,85.53021764554491,28.51007254851497,-57.02014509702994,5.702014509702995,228.08058038811976,-28.51007254851497,142.55036274257486,42.765108822772454,71.27518137128743,-114.04029019405988,14.255036274257485,57.02014509702994
43.900000000000006,114.06179326111067,171.092689891666,85.546344945833,28.515448315277666,-57.03089663055533,5.703089663055533,228.12358652222133,-28.515448315277666,142.57724157638833,42.7731724729165,71.28862078819417,-114.06179326111067,14.257724157638833,57.03089663055533
44.0,114.08299734171968,171.12449601257953,85.56224800628976,28.52074933542992,-57.04149867085984,5.7041498670859845,228.16599468343935,-28.52074933542992,142.6037466771496,42.78112400314488,71.3018733385748,-114.08299734171968,14.26037466771496,57.04149867085984
44.1,114.10397661192846,171.15596491789267,85.57798245894634,28.525994152982115,-57.05198830596423,5.705198830596423,228.20795322385692,-28.525994152982115,142.62997076491058,42.78899122947317,71.31498538245529,-114.10397661192846,14.262997076491057,57.05198830596423
44.2,114.12479940773213,171.1871991115982,85.5935995557991,28.53119985193303,-57.06239970386606,5.706239970386607,228.24959881546425,-28.53119985193303,142.65599925966515,42.79679977789955,71.32799962983258,-114.12479940773213,14.265599925966516,57.06239970386606
44.300000000000004,114.14553370184692,171.21830055277036,85.60915027638518,28.53638342546173,-57.07276685092346,5.707276685092346,228.29106740369383,-28.53638342546173,142.68191712730865,42.80457513819259,71.34095856365433,-114.14553370184692,14.268191712730864,57.07276685092346
44.400000000000006,114.16623185135015,171.2493477770252,85.6246738885126,28.541557962837537,-57.083115925675074,5.708311592567508,228.3324637027003,-28.541557962837537,142.7077898141877,42.8123369442563,71.35389490709385,-114.16623185135015,14.270778981418768,57.083115925675074
44.5,114.18697323504449,171.28045985256674,85.64022992628337,28.546743308761123,-57.093486617522245,5.709348661752225,228.37394647008898,-28.546743308761123,142.7337165438056,42.820114963141684,71.3668582719028,-114.18697323504449,14.273371654380561,57.093486617522245
44.6,114.20787074886388,171.3118061232958,85.6559030616479,28.55196768721597,-57.10393537443194,5.710393537443195,228.41574149772777,-28.55196768721597,142.75983843607986,42.82795153082395,71.37991921803993,-114.20787074886388,14.275983843607985,57.10393537443194
44.7,114.2290357401088,171.3435536101632,85.6717768050816,28.5572589350272,-57.1145178700544,5.711451787005441,228.4580714802176,-28.5572589350272,142.786294675136,42.8358884025408,71.393147337568,-114.2290357401088,14.2786294675136,57.1145178700544
44.800000000000004,114.25053280122583,171.37579920183873,85.68789960091937,28.562633200306458,-57.125266400612915,5.7125266400612915,228.50106560245166,-28.562633200306458,142.8131660015323,42.84394980045968,71.40658300076615,-114.25053280122583,14.281316600153229,57.125266400612915
44.900000000000006,114.27243340516122,171.40865010774183,85.70432505387092,28.568108351290306,-57.13621670258061,5.713621670258061,228.54486681032245,-28.568108351290306,142.84054175645153,42.85216252693546,71.42027087822576,-114.27243340516122,14.284054175645153,57.13621670258061
45.0,114.2948884771705,171.44233271575575,85.72116635787788,28.573722119292626,-57.14744423858525,5.714744423858526,228.589776954341,-28.573722119292626,142.86861059646313,42.86058317893894,71.43430529823156,-114.2948884771705,14.286861059646313,57.14744423858525
45.1,114.31810562553883,171.47715843830827,85.73857921915413,28.57952640638471,-57.15905281276942,5.715905281276942,228.63621125107767,-28.57952640638471,142.89763203192354,42.869289609577066,71.44881601596177,-114.31810562553883,14.289763203192354,57.15905281276942
45.2,114.34225678147841,171.51338517221762,85.75669258610881,28.585564195369603,-57.171128390739206,5.717112839073921,228.68451356295682,-28.585564195369603,142.927820976848,42.878346293054406,71.463910488424,-114.34225678147841,14.292782097684801,57.171128390739206
45.300000000000004,114.36742917650571,171.55114376475856,85.77557188237928,28.591857294126427,-57.183714588252855,5.718371458825286,228.73485835301142,-28.591857294126427,142.95928647063215,42.88778594118964,71.47964323531608,-114.36742917650571,14.295928647063214,57.183714588252855
45.400000000000006,114.39371923578682,171.59057885368023,85.79528942684011,28.598429808946705,-57.19685961789341,5.719685961789342,228.78743847157364,-28.598429808946705,142.99214904473354,42.89764471342006,71.49607452236677,-114.39371923578682,14.299214904473352,57.19685961789341
45.5,114.42123999021766,171.63185998532649,85.81592999266324,28.605309997554414,-57.21061999510883,5.721061999510884,228.84247998043531,-28.605309997554414,143.02654998777206,42.90796499633162,71.51327499388603,-114.42123999021766,14.302654998777207,57.21061999510883
45.6,114.45015547872649,171.67523321808972,85.83761660904486,28.61253886968162,-57.22507773936324,5.722507773936325,228.90031095745297,-28.61253886968162,143.06269434840812,42.91880830452243,71.53134717420406,-114.45015547872649,14.30626943484081,57.22507773936324
45.7,114.48059592608436,171.72089388912656,85.86044694456328,28.62014898152109,-57.24029796304218,5.724029796304219,228.96119185216872,-28.62014898152109,143.10074490760545,42.93022347228164,71.55037245380272,-114.48059592608436,14.310074490760545,57.24029796304218
45.800000000000004,114.5126226464381,171.76893396965716,85.88446698482858,28.628155661609526,-57.25631132321905,5.725631132321905,229.0252452928762,-28.628155661609526,143.14077830804763,42.94223349241429,71.57038915402381,-114.5126226464381,14.314077830804763,57.25631132321905
45.900000000000006,114.54628941278338,171.81943411917507,85.90971705958754,28.636572353195845,-57.27314470639169,5.727314470639169,229.09257882556676,-28.636572353195845,143.18286176597923,42.95485852979377,71.59143088298961,-114.54628941278338,14.318286176597923,57.27314470639169
46.0,114.58163509431365,171.8724526414705,85.93622632073524,28.645408773578414,-57.29081754715683,5.729081754715683,229.1632701886273,-28.645408773578414,143.22704386789206,42.96811316036762,71.61352193394603,-114.58163509431365,14.322704386789207,57.29081754715683
46.1,114.61874684747303,171.92812027120954,85.96406013560477,28.65468671186826,-57.30937342373652,5.730937342373652,229.23749369494607,-28.65468671186826,143.2734335593413,42.982030067802384,71.63671677967065,-114.61874684747303,14.32734335593413,57.30937342373652
46.2,114.65775823986101,171.98663735979153,85.99331867989576,28.664439559965253,-57.328879119930505,5.732887911993051,229.31551647972202,-28.664439559965253,143.32219779982626,42.99665933994788,71.66109889991313,-114.65775823986101,14.332219779982626,57.328879119930505
46.300000000000004,114.6987338622498,172.0481007933747,86.02405039668734,28.67468346556245,-57.3493669311249,5.73493669311249,229.3974677244996,-28.67468346556245,143.37341732781223,43.01202519834367,71.68670866390612,-114.6987338622498,14.337341732781224,57.3493669311249
46.400000000000006,114.74174342273285,172.1126151340993,86.05630756704964,28.685435855683213,-57.370871711366426,5.737087171136643,229.4834868454657,-28.685435855683213,143.42717927841608,43.02815378352482,71.71358963920804,-114.74174342273285,14.342717927841607,57.370871711366426
46.5,114.78683525423034,172.1802528813455,86.09012644067275,28.696708813557585,-57.39341762711517,5.7393417627115175,229.57367050846068,-28.696708813557585,143.48354406778793,43.045063220336374,71.74177203389397,-114.78683525423034,14.348354406778792,57.39341762711517
46.6,114.83402245401473,172.25103368102208,86.12551684051104,28.708505613503682,-57.417011227007364,5.741701122700737,229.66804490802946,-28.708505613503682,143.54252806751842,43.06275842025552,71.77126403375921,-114.83402245401473,14.354252806751841,57.417011227007364
46.7,114.88331516590131,172.32497274885196,86.16248637442598,28.720828791475327,-57.441657582950654,5.744165758295066,229.76663033180262,-28.720828791475327,143.60414395737664,43.08124318721299,71.80207197868832,-114.88331516590131,14.360414395737664,57.441657582950654
46.800000000000004,114.93472903545887,172.4020935531883,86.20104677659415,28.733682258864718,-57.467364517729436,5.746736451772944,229.86945807091774,-28.733682258864718,143.6684112943236,43.10052338829708,71.8342056471618,-114.93472903545887,14.366841129432359,57.467364517729436
46.900000000000006,114.98821976234247,172.4823296435137,86.24116482175685,28.747054940585617,-57.494109881171234,5.749410988117123,229.97643952468493,-28.747054940585617,143.73527470292808,43.12058241087843,71.86763735146404,-114.98821976234247,14.373527470292808,57.494109881171234
47.0,115.04370581333274,172.5655587199991,86.28277935999955,28.760926453333184,-57.52185290666637,5.752185290666637,230.08741162666547,-28.760926453333184,143.80463226666592,43.141389679999776,71.90231613333296,-115.04370581333274,14.380463226666592,57.52185290666637
47.1,115.10106963437427,172.6516044515614,86.3258022257807,28.775267408593567,-57.550534817187135,5.755053481718714,230.20213926874854,-28.775267408593567,143.87633704296783,43.16290111289035,71.93816852148392,-115.10106963437427,14.387633704296784,57.550534817187135
47.2,115.16018734023477,172.74028101035216,86.37014050517608,28.790046835058693,-57.580093670117385,5.758009367011739,230.32037468046954,-28.790046835058693,143.95023417529347,43.18507025258804,71.97511708764674,-115.16018734023477,14.395023417529346,57.580093670117385
47.300000000000004,115.22100923602491,172.83151385403738,86.41575692701869,28.805252309006228,-57.610504618012456,5.761050461801246,230.44201847204982,-28.805252309006228,144.02626154503113,43.207878463509346,72.01313077251557,-115.22100923602491,14.402626154503114,57.610504618012456
47.400000000000006,115.28354406482994,172.92531609724492,86.46265804862246,28.820886016207485,-57.64177203241497,5.7641772032414975,230.56708812965988,-28.820886016207485,144.10443008103744,43.23132902431123,72.05221504051872,-115.28354406482994,14.410443008103742,57.64177203241497
47.5,115.34778580866396,173.02167871299594,86.51083935649797,28.83694645216599,-57.67389290433198,5.767389290433198,230.69557161732791,-28.83694645216599,144.18473226082995,43.255419678248984,72.09236613041497,-115.34778580866396,14.418473226082995,57.67389290433198
47.6,115.41366759422598,173.12050139133896,86.56025069566948,28.853416898556496,-57.70683379711299,5.7706833797113,230.82733518845197,-28.853416898556496,144.2670844927825,43.28012534783474,72.13354224639124,-115.41366759422598,14.426708449278248,57.70683379711299
47.7,115.48112905914181,173.2216935887127,86.61084679435635,28.870282264785452,-57.740564529570904,5.77405645295709,230.96225811828361,-28.870282264785452,144.35141132392727,43.305423397178174,72.17570566196363,-115.48112905914181,14.435141132392726,57.740564529570904
47.800000000000004,115.5501077104015,173.32516156560226,86.66258078280113,28.887526927600376,-57.77505385520075,5.777505385520076,231.100215420803,-28.887526927600376,144.4376346380019,43.331290391400564,72.21881731900095,-115.5501077104015,14.443763463800188,57.77505385520075
47.900000000000006,115.6205538170097,173.43083072551454,86.71541536275727,28.905138454252423,-57.81027690850485,5.781027690850485,231.2411076340194,-28.905138454252423,144.52569227126213,43.357707681378635,72.26284613563107,-115.6205538170097,14.452569227126212,57.81027690850485
48.0,115.69246477963011,173.5386971694452,86.7693485847226,28.92311619490753,-57.84623238981506,5.784623238981506,231.38492955926023,-28.92311619490753,144.61558097453764,43.3846742923613,72.30779048726882,-115.69246477963011,14.461558097453764,57.84623238981506
48.1,115.76592894762499,173.6488934214375,86.82444671071875,28.941482236906246,-57.88296447381249,5.788296447381249,231.53185789524997,-28.941482236906246,144.70741118453122,43.41222335535937,72.35370559226561,-115.76592894762499,14.470741118453123,57.88296447381249
48.2,115.84105389358382,173.76158084037573,86.88079042018786,28.960263473395955,-57.92052694679191,5.7920526946791915,231.68210778716764,-28.960263473395955,144.8013173669798,43.44039521009393,72.4006586834899,-115.84105389358382,14.480131736697977,57.92052694679191
48.300000000000004,115.91795618125423,173.87693427188134,86.93846713594067,28.979489045313557,-57.95897809062711,5.795897809062712,231.83591236250845,-28.979489045313557,144.89744522656778,43.469233567970335,72.44872261328389,-115.91795618125423,14.489744522656778,57.95897809062711
48.400000000000006,115.99681845645338,173.99522768468006,86.99761384234003,28.999204614113346,-57.99840922822669,5.7998409228226695,231.99363691290677,-28.999204614113346,144.99602307056674,43.498806921170015,72.49801153528337,-115.99681845645338,14.499602307056673,57.99840922822669
48.5,116.07780899645957,174.11671349468935,87.05835674734467,29.01945224911489,-58.03890449822978,5.803890449822979,232.15561799291913,-29.01945224911489,145.09726124557446,43.52917837367234,72.54863062278723,-116.07780899645957,14.509726124557446,58.03890449822978
48.6,116.16106657358573,174.24159986037859,87.12079993018929,29.040266643396432,-58.080533286792864,5.808053328679287,232.32213314717146,-29.040266643396432,145.20133321698216,43.560399965094646,72.60066660849108,-116.16106657358573,14.520133321698216,58.080533286792864
48.7,116.2467267740201,174.37009016103016,87.18504508051508,29.061681693505026,-58.12336338701005,5.812336338701005,232.4934535480402,-29.061681693505026,145.30840846752514,43.59252254025754,72.65420423376257,-116.2467267740201,14.530840846752513,58.12336338701005
48.800000000000004,116.33496303472106,174.50244455208158,87.25122227604079,29.083740758680264,-58.16748151736053,5.8167481517360535,232.6699260694421,-29.083740758680264,145.41870379340133,43.625611138020396,72.70935189670067,-116.33496303472106,14.541870379340132,58.16748151736053
48.900000000000006,116.42593494683122,174.63890242024684,87.31945121012342,29.106483736707805,-58.21296747341561,5.821296747341561,232.85186989366244,-29.106483736707805,145.53241868353902,43.65972560506171,72.76620934176951,-116.42593494683122,14.553241868353902,58.21296747341561
49.0,116.51977929605025,174.77966894407535,87.38983447203768,29.12994482401256,-58.25988964802512,5.825988964802512,233.0395585921005,-29.12994482401256,145.6497241200628,43.69491723601884,72.8248620600314,-116.51977929605025,14.56497241200628,58.25988964802512
49.1,116.61661306529146,174.9249195979372,87.4624597989686,29.154153266322865,-58.30830653264573,5.830830653264574,233.23322613058292,-29.154153266322865,145.7707663316143,43.7312298994843,72.88538316580716,-116.61661306529146,14.577076633161433,58.30830653264573
49.2,116.71647191198574,175.0747078679786,87.5373539339893,29.179117977996434,-58.35823595599287,5.835823595599287,233.43294382397147,-29.179117977996434,145.89558988998218,43.76867696699465,72.94779494499109,-116.71647191198574,14.589558988998217,58.35823595599287
49.300000000000004,116.81932759349581,175.22899139024372,87.61449569512186,29.204831898373953,-58.40966379674791,5.840966379674791,233.63865518699163,-29.204831898373953,146.02415949186977,43.80724784756093,73.01207974593488,-116.81932759349581,14.602415949186977,58.40966379674791
49.400000000000006,116.92520574729006,175.3878086209351,87.69390431046754,29.231301436822516,-58.46260287364503,5.846260287364504,233.85041149458013,-29.231301436822516,146.15650718411257,43.84695215523377,73.07825359205629,-116.92520574729006,14.615650718411258,58.46260287364503
49.5,117.0341955332971,175.55129329994566,87.77564664997283,29.258548883324274,-58.51709776664855,5.851709776664855,234.0683910665942,-29.258548883324274,146.29274441662136,43.887823324986414,73.14637220831068,-117.0341955332971,14.629274441662137,58.51709776664855
49.6,117.14642847224056,175.71964270836082,87.85982135418041,29.28660711806014,-58.57321423612028,5.857321423612028,234.29285694448112,-29.28660711806014,146.4330355903007,43.929910677090206,73.21651779515035,-117.14642847224056,14.64330355903007,58.57321423612028
49.7,117.2619743745634,175.89296156184508,87.94648078092254,29.31549359364085,-58.6309871872817,5.86309871872817,234.5239487491268,-29.31549359364085,146.57746796820425,43.97324039046127,73.28873398410212,-117.2619743745634,14.657746796820424,58.6309871872817
49.800000000000004,117.38080537655406,176.0712080648311,88.03560403241555,29.345201344138516,-58.69040268827703,5.869040268827703,234.76161075310813,-29.345201344138516,146.72600672069257,44.017802016207774,73.36300336034628,-117.38080537655406,14.672600672069258,58.69040268827703
49.900000000000006,117.50288309211544,176.25432463817316,88.12716231908658,29.37572077302886,-58.75144154605772,5.875144154605772,235.00576618423088,-29.37572077302886,146.8786038651443,44.06358115954329,73.43930193257215,-117.50288309211544,14.68786038651443,58.75144154605772
50.0,117.62815980927405,176.44223971391108,88.22111985695554,29.407039952318513,-58.814079904637026,5.881407990463703,235.2563196185481,-29.407039952318513,147.03519976159257,44.11055992847777,73.51759988079628,-117.62815980927405,14.703519976159257,58.814079904637026
50.1,117.75659768304584,176.63489652456877,88.31744826228439,29.43914942076146,-58.87829884152292,5.887829884152293,235.51319536609168,-29.43914942076146,147.1957471038073,44.15872413114219,73.59787355190365,-117.75659768304584,14.71957471038073,58.87829884152292
50.2,117.8881166576756,176.8321749865134,88.4160874932567,29.4720291644189,-58.9440583288378,5.8944058328837805,235.7762333153512,-29.4720291644189,147.3601458220945,44.20804374662835,73.68007291104725,-117.8881166576756,14.73601458220945,58.9440583288378
50.300000000000004,118.02254817179652,177.03382225769477,88.51691112884738,29.50563704294913,-59.01127408589826,5.901127408589826,236.04509634359303,-29.50563704294913,147.52818521474563,44.25845556442369,73.76409260737282,-118.02254817179652,14.752818521474564,59.01127408589826
50.400000000000006,118.15973586427734,177.23960379641602,88.61980189820801,29.539933966069334,-59.07986793213867,5.907986793213867,236.31947172855467,-29.539933966069334,147.69966983034666,44.309900949104005,73.84983491517333,-118.15973586427734,14.769966983034667,59.07986793213867
50.5,118.29958142554005,177.44937213831008,88.72468606915504,29.574895356385014,-59.14979071277003,5.914979071277003,236.5991628510801,-29.574895356385014,147.87447678192507,44.36234303457752,73.93723839096253,-118.29958142554005,14.787447678192507,59.14979071277003
50.6,118.44192176329472,177.66288264494207,88.83144132247104,29.61048044082368,-59.22096088164736,5.922096088164736,236.88384352658943,-29.61048044082368,148.05240220411838,44.41572066123552,74.02620110205919,-118.44192176329472,14.80524022041184,59.22096088164736
50.7,118.58653851237293,177.87980776855937,88.93990388427969,29.64663462809323,-59.29326925618646,5.929326925618646,237.17307702474585,-29.64663462809323,148.23317314046616,44.46995194213984,74.11658657023308,-118.58653851237293,14.823317314046616,59.29326925618646
50.800000000000004,118.73327174321301,178.09990761481953,89.04995380740976,29.683317935803252,-59.366635871606505,5.936663587160651,237.46654348642602,-29.683317935803252,148.41658967901625,44.52497690370488,74.20829483950813,-118.73327174321301,14.841658967901626,59.366635871606505
50.900000000000006,118.88200575175995,178.32300862763992,89.16150431381996,29.720501437939987,-59.441002875879974,5.944100287587998,237.7640115035199,-29.720501437939987,148.60250718969993,44.58075215690998,74.30125359484997,-118.88200575175995,14.860250718969993,59.441002875879974
51.0,119.03261992248183,178.54892988372274,89.27446494186137,29.758154980620457,-59.516309961240914,5.951630996124091,238.06523984496366,-29.758154980620457,148.7907749031023,44.637232470930684,74.39538745155114,-119.03261992248183,14.879077490310229,59.516309961240914
51.1,119.18501185770184,178.77751778655275,89.38875889327637,29.79625296442546,-59.59250592885092,5.959250592885092,238.37002371540368,-29.79625296442546,148.9812648221273,44.69437944663819,74.49063241106364,-119.18501185770184,14.89812648221273,59.59250592885092
51.2,119.33910926341707,179.0086638951256,89.5043319475628,29.834777315854268,-59.669554631708536,5.966955463170854,238.67821852683414,-29.834777315854268,149.17388657927134,44.7521659737814,74.58694328963567,-119.33910926341707,14.917388657927134,59.669554631708536
51.300000000000004,119.49488885913219,179.2423332886983,89.62116664434915,29.873722214783047,-59.747444429566094,5.9747444429566094,238.98977771826438,-29.873722214783047,149.36861107391525,44.81058332217457,74.68430553695762,-119.49488885913219,14.936861107391524,59.747444429566094
51.400000000000006,119.65231796544596,179.47847694816895,89.73923847408447,29.91307949136149,-59.82615898272298,5.982615898272298,239.30463593089192,-29.91307949136149,149.56539745680746,44.86961923704224,74.78269872840373,-119.65231796544596,14.956539745680745,59.82615898272298
51.5,119.81137120611677,179.71705680917518,89.85852840458759,29.952842801529194,-59.90568560305839,5.990568560305839,239.62274241223355,-29.952842801529194,149.76421400764596,44.929264202293794,74.88210700382298,-119.81137120611677,14.976421400764597,59.90568560305839
51.6,119.97207862013212,179.95811793019817,89.97905896509909,29.99301965503303,-59.98603931006606,5.998603931006606,239.94415724026425,-29.99301965503303,149.96509827516516,44.98952948254954,74.98254913758258,-119.97207862013212,14.996509827516515,59.98603931006606
51.7,120.13451818257201,180.201777273858,90.100888636929,30.033629545643002,-60.067259091286004,6.006725909128601,240.26903636514402,-30.033629545643002,150.16814772821502,45.0504443184645,75.08407386410751,-120.13451818257201,15.016814772821501,60.067259091286004
51.800000000000004,120.29873235541189,180.44809853311784,90.22404926655892,30.07468308885297,-60.14936617770594,6.014936617770594,240.59746471082377,-30.07468308885297,150.37341544426485,45.11202463327946,75.18670772213243,-120.29873235541189,15.037341544426486,60.14936617770594
51.900000000000006,120.46475668051396,180.69713502077093,90.34856751038546,30.11618917012849,-60.23237834025698,6.023237834025698,240.92951336102792,-30.11618917012849,150.58094585064245,45.17428375519273,75.29047292532123,-120.46475668051396,15.058094585064245,60.23237834025698
52.0,120.63260970081664,180.94891455122496,90.47445727561248,30.15815242520416,-60.31630485040832,6.031630485040832,241.2652194016333,-30.15815242520416,150.7907621260208,45.23722863780624,75.3953810630104,-120.63260970081664,15.07907621260208,60.31630485040832
52.1,120.80231363773743,181.20347045660614,90.60173522830307,30.200578409434357,-60.401156818868714,6.0401156818868715,241.60462727547485,-30.200578409434357,151.00289204717177,45.300867614151535,75.50144602358588,-120.80231363773743,15.100289204717178,60.401156818868714
52.2,120.97386324608138,181.46079486912208,90.73039743456104,30.243465811520345,-60.48693162304069,6.048693162304069,241.94772649216276,-30.243465811520345,151.21732905760172,45.36519871728052,75.60866452880086,-120.97386324608138,15.121732905760172,60.48693162304069
52.300000000000004,121.14716408847312,181.72074613270968,90.86037306635484,30.28679102211828,-60.57358204423656,6.0573582044236565,242.29432817694624,-30.28679102211828,151.4339551105914,45.43018653317742,75.7169775552957,-121.14716408847312,15.14339551105914,60.57358204423656
52.400000000000006,121.32208158142947,181.9831223721442,90.9915611860721,30.330520395357368,-60.661040790714736,6.066104079071474,242.64416316285894,-30.330520395357368,151.65260197678685,45.49578059303605,75.82630098839343,-121.32208158142947,15.165260197678684,60.661040790714736
52.5,121.49851117089185,182.24776675633777,91.12388337816888,30.37462779272296,-60.74925558544592,6.074925558544592,242.9970223417837,-30.37462779272296,151.8731389636148,45.56194168908444,75.9365694818074,-121.49851117089185,15.18731389636148,60.74925558544592
52.6,121.67630022035914,182.5144503305387,91.25722516526935,30.419075055089785,-60.83815011017957,6.083815011017958,243.35260044071828,-30.419075055089785,152.09537527544893,45.62861258263467,76.04768763772447,-121.67630022035914,15.209537527544892,60.83815011017957
52.7,121.85519109787239,182.78278664680857,91.39139332340429,30.463797774468098,-60.927595548936196,6.09275955489362,243.71038219574478,-30.463797774468098,152.3189888723405,45.695696661702144,76.15949443617025,-121.85519109787239,15.231898887234049,60.927595548936196
52.800000000000004,122.0348308440187,183.05224626602805,91.52612313301402,30.508707711004675,-61.01741542200935,6.101741542200935,244.0696616880374,-30.508707711004675,152.54353855502336,45.76306156650701,76.27176927751168,-122.0348308440187,15.254353855502337,61.01741542200935
52.900000000000006,122.21485698125575,183.32228547188362,91.66114273594181,30.553714245313937,-61.107428490627875,6.110742849062788,244.4297139625115,-30.553714245313937,152.7685712265697,45.830571367970904,76.38428561328485,-122.21485698125575,15.276857122656969,61.107428490627875
53.0,122.39496231482283,183.59244347223427,91.79622173611713,30.59874057870571,-61.19748115741142,6.119748115741142,244.78992462964567,-30.59874057870571,152.99370289352854,45.898110868058566,76.49685144676427,-122.39496231482283,15.299370289352854,61.19748115741142
53.1,122.5749709194687,183.86245637920305,91.93122818960153,30.643742729867174,-61.28748545973435,6.128748545973435,245.1499418389374,-30.643742729867174,153.21871364933588,45.96561409480076,76.60935682466794,-122.5749709194687,15.321871364933587,61.28748545973435
53.2,122.75475908133029,184.13213862199544,92.06606931099772,30.688689770332573,-61.377379540665146,6.137737954066515,245.50951816266058,-30.688689770332573,153.44344885166288,46.03303465549886,76.72172442583144,-122.75475908133029,15.344344885166286,61.377379540665146
53.300000000000004,122.93415927055932,184.40123890583897,92.20061945291948,30.73353981763983,-61.46707963527966,6.146707963527966,245.86831854111864,-30.73353981763983,153.66769908819916,46.10030972645974,76.83384954409958,-122.93415927055932,15.366769908819915,61.46707963527966
53.400000000000006,123.11307404780588,184.66961107170883,92.33480553585441,30.77826851195147,-61.55653702390294,6.155653702390294,246.22614809561176,-30.77826851195147,153.89134255975736,46.16740276792721,76.94567127987868,-123.11307404780588,15.389134255975735,61.55653702390294
53.5,123.29136366706031,184.93704550059047,92.46852275029524,30.822840916765077,-61.645681833530155,6.1645681833530155,246.58272733412062,-30.822840916765077,154.1142045838254,46.23426137514762,77.0571022919127,-123.29136366706031,15.411420458382539,61.645681833530155
53.6,123.46885589813766,185.20328384720648,92.60164192360324,30.867213974534415,-61.73442794906883,6.173442794906883,246.93771179627532,-30.867213974534415,154.33606987267208,46.30082096180162,77.16803493633604,-123.46885589813766,15.433606987267208,61.73442794906883
53.7,123.64536481443791,185.46804722165686,92.73402361082843,30.911341203609478,-61.822682407218956,6.182268240721896,247.29072962887582,-30.911341203609478,154.55670601804738,46.367011805414215,77.27835300902369,-123.64536481443791,15.455670601804739,61.822682407218956
53.800000000000004,123.82070611089843,185.73105916634765,92.86552958317382,30.955176527724607,-61.910353055449214,6.191035305544922,247.64141222179686,-30.955176527724607,154.77588263862305,46.43276479158691,77.38794131931152,-123.82070611089843,15.477588263862303,61.910353055449214
53.900000000000006,123.99472154011528,185.99208231017292,92.99604115508646,30.99868038502882,-61.99736077005764,6.199736077005764,247.98944308023056,-30.99868038502882,154.9934019251441,46.49802057754323,77.49670096257205,-123.99472154011528,15.49934019251441,61.99736077005764
54.0,124.16722897178258,186.25084345767385,93.12542172883693,31.041807242945644,-62.08361448589129,6.208361448589129,248.33445794356516,-31.041807242945644,155.20903621472823,46.56271086441846,77.60451810736411,-124.16722897178258,15.520903621472822,62.08361448589129
54.1,124.3380351322254,186.5070526983381,93.25352634916905,31.08450878305635,-62.1690175661127,6.2169017566112705,248.6760702644508,-31.08450878305635,155.42254391528175,46.626763174584525,77.71127195764088,-124.3380351322254,15.542254391528175,62.1690175661127
54.2,124.50689213574736,186.76033820362105,93.38016910181052,31.12672303393684,-62.25344606787368,6.225344606787369,249.01378427149473,-31.12672303393684,155.63361516968422,46.69008455090526,77.81680758484211,-124.50689213574736,15.56336151696842,62.25344606787368
54.300000000000004,124.673573092472,187.010359638708,93.505179819354,31.168393273118,-62.336786546236,6.2336786546236,249.347146184944,-31.168393273118,155.84196636559,46.752589909677,77.920983182795,-124.673573092472,15.584196636559,62.336786546236
54.400000000000006,124.83779398028423,187.25669097042635,93.62834548521317,31.209448495071058,-62.418896990142116,6.241889699014212,249.67558796056846,-31.209448495071058,156.0472424753553,46.81417274260659,78.02362123767765,-124.83779398028423,15.604724247535529,62.418896990142116
54.5,124.9993132119667,187.49896981795004,93.74948490897502,31.249828302991673,-62.49965660598335,6.249965660598335,249.9986264239334,-31.249828302991673,156.24914151495835,46.87474245448751,78.12457075747918,-124.9993132119667,15.624914151495837,62.49965660598335
54.6,125.1578856746983,187.73682851204745,93.86841425602373,31.289471418674577,-62.57894283734915,6.257894283734916,250.3157713493966,-31.289471418674577,156.4473570933729,46.93420712801186,78.22367854668644,-125.1578856746983,15.644735709337288,62.57894283734915
54.7,125.31325491537305,187.9698823730596,93.9849411865298,31.328313728843263,-62.656627457686525,6.265662745768653,250.6265098307461,-31.328313728843263,156.6415686442163,46.9924705932649,78.32078432210815,-125.31325491537305,15.664156864421631,62.656627457686525
54.800000000000004,125.46517246788004,188.19775870182005,94.09887935091002,31.36629311697001,-62.73258623394002,6.273258623394002,250.93034493576008,-31.36629311697001,156.83146558485004,47.04943967545501,78.41573279242502,-125.46517246788004,15.683146558485005,62.73258623394002
54.900000000000006,125.6133308954808,188.41999634322121,94.20999817161061,31.4033327238702,-62.8066654477404,6.28066654477404,251.2266617909616,-31.4033327238702,157.016663619351,47.104999085805304,78.5083318096755,-125.6133308954808,15.7016663619351,62.8066654477404
55.0,125.75737850076364,188.63606775114545,94.31803387557272,31.43934462519091,-62.87868925038182,6.2878689250381825,251.51475700152727,-31.43934462519091,157.19672312595455,47.15901693778636,78.59836156297727,-125.75737850076364,15.719672312595454,62.87868925038182
55.1,125.89705539961255,188.84558309941883,94.42279154970942,31.47426384990314,-62.94852769980628,6.294852769980628,251.7941107992251,-31.47426384990314,157.3713192495157,47.21139577485471,78.68565962475785,-125.89705539961255,15.73713192495157,62.94852769980628
55.2,126.0322143361164,189.0483215041746,94.5241607520873,31.5080535840291,-63.0161071680582,6.30161071680582,252.0644286722328,-31.5080535840291,157.54026792014548,47.26208037604365,78.77013396007274,-126.0322143361164,15.75402679201455,63.0161071680582
55.300000000000004,126.16276166058897,189.24414249088346,94.62207124544173,31.540690415147242,-63.081380830294485,6.308138083029449,252.32552332117794,-31.540690415147242,157.7034520757362,47.311035622720865,78.8517260378681,-126.16276166058897,15.770345207573621,63.081380830294485
55.400000000000006,126.28861429094903,189.43292143642356,94.71646071821178,31.572153572737257,-63.144307145474514,6.314430714547452,252.57722858189805,-31.572153572737257,157.86076786368628,47.35823035910589,78.93038393184314,-126.28861429094903,15.786076786368628,63.144307145474514
55.5,126.40975659278602,189.61463488917903,94.80731744458951,31.602439148196506,-63.20487829639301,6.320487829639301,252.81951318557205,-31.602439148196506,158.01219574098252,47.40365872229476,79.00609787049126,-126.40975659278602,15.801219574098253,63.20487829639301
55.6,126.52617019535896,189.78925529303842,94.89462764651921,31.63154254883974,-63.26308509767948,6.326308509767948,253.05234039071792,-31.63154254883974,158.1577127441987,47.447313823259606,79.07885637209935,-126.52617019535896,15.81577127441987,63.26308509767948
55.7,126.6378844166816,189.95682662502242,94.97841331251121,31.6594711041704,-63.3189422083408,6.33189422083408,253.2757688333632,-31.6594711041704,158.297355520852,47.489206656255604,79.148677760426,-126.6378844166816,15.8297355520852,63.3189422083408
55.800000000000004,126.74494058406435,190.11741087609653,95.05870543804826,31.686235146016088,-63.372470292032176,6.337247029203218,253.4898811681287,-31.686235146016088,158.43117573008044,47.52935271902413,79.21558786504022,-126.74494058406435,15.843117573008044,63.372470292032176
55.900000000000006,126.84740213812385,190.27110320718577,95.13555160359289,31.711850534530964,-63.42370106906193,6.342370106906193,253.6948042762477,-31.711850534530964,158.55925267265482,47.567775801796444,79.27962633632741,-126.84740213812385,15.855925267265482,63.42370106906193
56.0,126.945314246276,190.417971369414,95.208985684707,31.736328561569,-63.472657123138,6.3472657123138,253.890628492552,-31.736328561569,158.681642807845,47.6044928423535,79.3408214039225,-126.945314246276,15.8681642807845,63.472657123138
56.1,127.03869209595868,190.558038143938,95.279019071969,31.75967302398967,-63.51934604797934,6.351934604797934,254.07738419191736,-31.75967302398967,158.79836511994836,47.6395095359845,79.39918255997418,-127.03869209595868,15.879836511994835,63.51934604797934
56.2,127.12754225640907,190.6913133846136,95.3456566923068,31.781885564102268,-63.563771128204536,6.356377112820454,254.25508451281814,-31.781885564102268,158.90942782051133,47.6728283461534,79.45471391025566,-127.12754225640907,15.890942782051134,63.563771128204536
56.300000000000004,127.21191090713859,190.81786636070788,95.40893318035394,31.802977726784647,-63.605955453569294,6.360595545356929,254.42382181427718,-31.802977726784647,159.01488863392325,47.70446659017697,79.50744431696162,-127.21191090713859,15.901488863392323,63.605955453569294
56.400000000000006,127.29183524300663,190.93775286450995,95.46887643225497,31.822958810751658,-63.645917621503315,6.364591762150332,254.58367048601326,-31.822958810751658,159.1147940537583,47.73443821612749,79.55739702687914,-127.29183524300663,15.911479405375829,63.645917621503315
56.5,127.36741639451157,191.05112459176735,95.52556229588367,31.84185409862789,-63.68370819725578,6.368370819725579,254.73483278902313,-31.84185409862789,159.20927049313946,47.76278114794184,79.60463524656973,-127.36741639451157,15.920927049313946,63.68370819725578
56.6,127.43886291597212,191.1582943739582,95.5791471869791,31.85971572899303,-63.71943145798606,6.371943145798607,254.87772583194425,-31.85971572899303,159.29857864496515,47.78957359348955,79.64928932248257,-127.43886291597212,15.929857864496515,63.71943145798606
56.7,127.50638347004873,191.2595752050731,95.62978760253655,31.876595867512183,-63.753191735024366,6.375319173502437,255.01276694009746,-31.876595867512183,159.38297933756093,47.814893801268276,79.69148966878046,-127.50638347004873,15.938297933756091,63.753191735024366
56.800000000000004,127.5701656318883,191.35524844783245,95.67762422391623,31.892541407972075,-63.78508281594415,6.378508281594415,255.1403312637766,-31.892541407972075,159.4627070398604,47.83881211195811,79.7313535199302,-127.5701656318883,15.946270703986038,63.78508281594415
56.900000000000006,127.63041551253272,191.44562326879907,95.72281163439953,31.90760387813318,-63.81520775626636,6.381520775626637,255.26083102506544,-31.90760387813318,159.5380193906659,47.86140581719977,79.76900969533295,-127.63041551253272,15.95380193906659,63.81520775626636
57.0,127.68730642102986,191.5309596315448,95.7654798157724,31.921826605257465,-63.84365321051493,6.384365321051494,255.37461284205972,-31.921826605257465,159.60913302628734,47.8827399078862,79.80456651314367,-127.68730642102986,15.960913302628732,63.84365321051493
57.1,127.74092580147132,191.61138870220697,95.80569435110348,31.93523145036783,-63.87046290073566,6.387046290073567,255.48185160294264,-31.93523145036783,159.67615725183916,47.90284717555174,79.83807862591958,-127.74092580147132,15.967615725183915,63.87046290073566
57.2,127.79132458124234,191.6869868718635,95.84349343593175,31.947831145310584,-63.89566229062117,6.389566229062117,255.58264916248467,-31.947831145310584,159.73915572655292,47.921746717965874,79.86957786327646,-127.79132458124234,15.973915572655292,63.89566229062117
57.300000000000004,127.83855457268501,191.75783185902753,95.87891592951377,31.959638643171253,-63.919277286342506,6.391927728634251,255.67710914537003,-31.959638643171253,159.79819321585626,47.93945796475688,79.89909660792813,-127.83855457268501,15.979819321585627,63.919277286342506
57.400000000000006,127.88266602214635,191.82399903321954,95.91199951660977,31.970666505536588,-63.941333011073176,6.394133301107318,255.7653320442927,-31.970666505536588,159.85333252768294,47.955999758304884,79.92666626384147,-127.88266602214635,15.985333252768294,63.941333011073176
57.5,127.92364795812564,191.88547193718847,95.94273596859423,31.98091198953141,-63.96182397906282,6.396182397906283,255.84729591625128,-31.98091198953141,159.90455994765705,47.97136798429712,79.95227997382852,-127.92364795812564,15.990455994765705,63.96182397906282
57.6,127.96148332849101,191.94222499273653,95.97111249636826,31.990370832122753,-63.98074166424551,6.398074166424551,255.92296665698203,-31.990370832122753,159.95185416061378,47.98555624818413,79.97592708030689,-127.96148332849101,15.995185416061377,63.98074166424551
57.7,127.9962239861317,191.99433597919756,95.99716798959878,31.999055996532924,-63.99811199306585,6.399811199306585,255.9924479722634,-31.999055996532924,159.9952799826646,47.99858399479939,79.9976399913323,-127.9962239861317,15.999527998266462,63.99811199306585
57.800000000000004,128.02793939438126,192.04190909157188,96.02095454578594,32.006984848595316,-64.01396969719063,6.401396969719063,256.0558787887625,-32.006984848595316,160.0349242429766,48.01047727289297,80.0174621214883,-128.02793939438126,16.003492424297658,64.01396969719063
57.900000000000006,128.0566897317151,192.08503459757264,96.04251729878632,32.014172432928774,-64.02834486585755,6.402834486585755,256.1133794634302,-32.014172432928774,160.07086216464387,48.02125864939316,80.03543108232194,-128.0566897317151,16.007086216464387,64.02834486585755
58.0,128.0825214681463,192.12378220221945,96.06189110110972,32.020630367036574,-64.04126073407315,6.4041260734073155,256.1650429362926,-32.020630367036574,160.10315183518287,48.03094555055486,80.05157591759144,-128.0825214681463,16.010315183518287,64.04126073407315
58.1,128.10551325782632,192.15826988673948,96.07913494336974,32.02637831445658,-64.05275662891316,6.405275662891317,256.21102651565263,-32.02637831445658,160.13189157228288,48.03956747168487,80.06594578614144,-128.10551325782632,16.01318915722829,64.05275662891316
58.2,128.12573311071833,192.1885996660775,96.09429983303875,32.03143327767958,-64.06286655535916,6.406286655535917,256.25146622143666,-32.03143327767958,160.1571663883979,48.04714991651937,80.07858319419896,-128.12573311071833,16.01571663883979,64.06286655535916
58.300000000000004,128.1433068237065,192.21496023555974,96.10748011777987,32.035826705926624,-64.07165341185325,6.407165341185325,256.286613647413,-32.035826705926624,160.17913352963313,48.053740058889936,80.08956676481657,-128.1433068237065,16.017913352963312,64.07165341185325
58.400000000000006,128.15833600909133,192.237504013637,96.1187520068185,32.03958400227283,-64.07916800454566,6.407916800454567,256.31667201818266,-32.03958400227283,160.19792001136415,48.05937600340925,80.09896000568207,-128.15833600909133,16.019792001136416,64.07916800454566
58.5,128.1709528910609,192.25642933659134,96.12821466829567,32.04273822276522,-64.08547644553045,6.408547644553045,256.3419057821218,-32.04273822276522,160.21369111382612,48.064107334147835,80.10684555691306,-128.1709528910609,16.02136911138261,64.08547644553045
58.6,128.1812658747467,192.27189881212007,96.13594940606004,32.04531646868668,-64.09063293737336,6.409063293737336,256.3625317494934,-32.04531646868668,160.2265823434334,48.06797470303002,80.1132911717167,-128.1812658747467,16.02265823434334,64.09063293737336
58.7,128.18938186650814,192.2840727997622,96.1420363998811,32.047345466627036,-64.09469093325407,6.4094690933254075,256.3787637330163,-32.047345466627036,160.23672733313518,48.07101819994055,80.11836366656759,-128.18938186650814,16.023672733313518,64.09469093325407
58.800000000000004,128.19543465755999,192.29315198633998,96.14657599316999,32.048858664389996,-64.09771732877999,6.409771732877999,256.39086931511997,-32.048858664389996,160.24429332194998,48.073287996584995,80.12214666097499,-128.19543465755999,16.024429332194998,64.09771732877999
58.900000000000006,128.19959019702105,192.29938529553158,96.14969264776579,32.04989754925526,-64.09979509851053,6.409979509851053,256.3991803940421,-32.04989754925526,160.24948774627632,48.074846323882895,80.12474387313816,-128.19959019702105,16.02494877462763,64.09979509851053
59.0,128.20204477741464,192.30306716612196,96.15153358306098,32.05051119435366,-64.10102238870732,6.410102238870732,256.4040895548293,-32.05051119435366,160.2525559717683,48.07576679153049,80.12627798588414,-128.20204477741464,16.02525559717683,64.10102238870732
59.1,128.2029426580912,192.3044139871368,96.1522069935684,32.0507356645228,-64.1014713290456,6.41014713290456,256.4058853161824,-32.0507356645228,160.25367832261398,48.0761034967842,80.12683916130699,-128.2029426580912,16.0253678322614,64.1014713290456
59.2,128.20244484251552,192.30366726377326,96.15183363188663,32.05061121062888,-64.10122242125776,6.410122242125777,256.40488968503104,-32.05061121062888,160.2530560531444,48.075916815943316,80.1265280265722,-128.20244484251552,16.02530560531444,64.10122242125776
59.300000000000004,128.2007218442712,192.30108276640678,96.15054138320339,32.0501804610678,-64.1003609221356,6.410036092213559,256.4014436885424,-32.0501804610678,160.25090230533897,48.075270691601695,80.12545115266948,-128.2007218442712,16.0250902305339,64.1003609221356
59.400000000000006,128.1979990153686,192.29699852305288,96.14849926152644,32.04949975384215,-64.0989995076843,6.40989995076843,256.3959980307372,-32.04949975384215,160.24749876921075,48.07424963076322,80.12374938460538,-128.1979990153686,16.024749876921074,64.0989995076843
59.5,128.19445009053229,192.2916751357984,96.1458375678992,32.04861252263307,-64.09722504526614,6.409722504526615,256.38890018106457,-32.04861252263307,160.24306261316536,48.0729187839496,80.12153130658268,-128.19445009053229,16.024306261316536,64.09722504526614
59.6,128.1901821095832,192.2852731643748,96.1426365821874,32.0475455273958,-64.0950910547916,6.4095091054791595,256.3803642191664,-32.0475455273958,160.237727636979,48.0713182910937,80.1188638184895,-128.1901821095832,16.0237727636979,64.0950910547916
59.7,128.1853106794139,192.27796601912087,96.13898300956043,32.046327669853476,-64.09265533970695,6.409265533970696,256.3706213588278,-32.046327669853476,160.23163834926737,48.06949150478022,80.11581917463369,-128.1853106794139,16.023163834926738,64.09265533970695
59.800000000000004,128.17997782742026,192.2699667411304,96.1349833705652,32.044994456855065,-64.08998891371013,6.408998891371013,256.3599556548405,-32.044994456855065,160.22497228427534,48.0674916852826,80.11248614213767,-128.17997782742026,16.022497228427532,64.08998891371013
59.900000000000006,128.17427274402854,192.2614091160428,96.1307045580214,32.043568186007136,-64.08713637201427,6.408713637201427,256.3485454880571,-32.043568186007136,160.21784093003566,48.0653522790107,80.10892046501783,-128.17427274402854,16.021784093003568,64.08713637201427
60.0,128.16823537347716,192.25235306021574,96.12617653010787,32.04205884336929,-64.08411768673858,6.408411768673858,256.3364707469543,-32.04205884336929,160.21029421684645,48.063088265053935,80.10514710842322,-128.16823537347716,16.021029421684645,64.08411768673858
60.1,128.1618471009338,192.24277065140072,96.12138532570036,32.04046177523345,-64.0809235504669,6.408092355046691,256.3236942018676,-32.04046177523345,160.20230887616725,48.06069266285018,80.10115443808363,-128.1618471009338,16.020230887616727,64.0809235504669
60.2,128.15510267424577,192.23265401136865,96.11632700568433,32.03877566856144,-64.07755133712288,6.407755133712289,256.31020534849154,-32.03877566856144,160.1938783428072,48.05816350284216,80.0969391714036,-128.15510267424577,16.01938783428072,64.07755133712288
60.300000000000004,128.1479514741709,192.22192721125634,96.11096360562817,32.036987868542724,-64.07397573708545,6.407397573708545,256.2959029483418,-32.036987868542724,160.18493934271362,48.055481802814086,80.09246967135681,-128.1479514741709,16.018493934271362,64.07397573708545
60.400000000000006,128.1403646912128,192.2105470368192,96.1052735184096,32.0350911728032,-64.0701823456064,6.40701823456064,256.2807293824256,-32.0350911728032,160.175455864016,48.0526367592048,80.087727932008,-128.1403646912128,16.0175455864016,64.0701823456064
60.5,128.1323207257916,192.1984810886874,96.0992405443437,32.0330801814479,-64.0661603628958,6.406616036289581,256.2646414515832,-32.0330801814479,160.1654009072395,48.04962027217185,80.08270045361975,-128.1323207257916,16.01654009072395,64.0661603628958
60.6,128.1238410417263,192.18576156258945,96.09288078129472,32.03096026043158,-64.06192052086315,6.406192052086316,256.2476820834526,-32.03096026043158,160.1548013021579,48.04644039064736,80.07740065107895,-128.1238410417263,16.01548013021579,64.06192052086315
60.7,128.1149457659832,192.17241864897483,96.08620932448741,32.0287364414958,-64.0574728829916,6.40574728829916,256.2298915319664,-32.0287364414958,160.143682207479,48.04310466224371,80.0718411037395,-128.1149457659832,16.0143682207479,64.0574728829916
60.800000000000004,128.10563020747924,192.15844531121886,96.07922265560943,32.02640755186981,-64.05281510373962,6.405281510373962,256.2112604149585,-32.02640755186981,160.13203775934903,48.039611327804714,80.06601887967452,-128.10563020747924,16.013203775934905,64.05281510373962
60.900000000000006,128.09584100433787,192.1437615065068,96.0718807532534,32.02396025108447,-64.04792050216894,6.404792050216894,256.19168200867574,-32.02396025108447,160.11980125542235,48.0359403766267,80.05990062771117,-128.09584100433787,16.011980125542234,64.04792050216894
61.0,128.08552599753062,192.12828899629594,96.06414449814797,32.021381499382656,-64.04276299876531,6.404276299876532,256.17105199506125,-32.021381499382656,160.10690749691327,48.032072249073984,80.05345374845663,-128.08552599753062,16.010690749691328,64.04276299876531
61.1,128.0746437470368,192.11196562055517,96.05598281027758,32.0186609367592,-64.0373218735184,6.40373218735184,256.1492874940736,-32.0186609367592,160.093304683796,48.02799140513879,80.046652341898,-128.0746437470368,16.0093304683796,64.0373218735184
61.2,128.06319326309017,192.09478989463526,96.04739494731763,32.01579831577254,-64.03159663154509,6.403159663154509,256.12638652618034,-32.01579831577254,160.0789915788627,48.023697473658814,80.03949578943136,-128.06319326309017,16.00789915788627,64.03159663154509
61.300000000000004,128.0511512716323,192.07672690744846,96.03836345372423,32.01278781790808,-64.02557563581615,6.402557563581616,256.1023025432646,-32.01278781790808,160.06393908954038,48.019181726862115,80.03196954477019,-128.0511512716323,16.00639390895404,64.02557563581615
61.400000000000006,128.03848204054762,192.05772306082144,96.02886153041072,32.009620510136905,-64.01924102027381,6.401924102027381,256.07696408109524,-32.009620510136905,160.04810255068452,48.01443076520536,80.02405127534226,-128.03848204054762,16.004810255068453,64.01924102027381
61.5,128.0251253288189,192.03768799322833,96.01884399661417,32.00628133220472,-64.01256266440944,6.401256266440945,256.0502506576378,-32.00628133220472,160.0314066610236,48.00942199830708,80.0157033305118,-128.0251253288189,16.00314066610236,64.01256266440944
61.6,128.01098819424823,192.01648229137234,96.00824114568617,32.00274704856206,-64.00549409712411,6.400549409712411,256.02197638849646,-32.00274704856206,160.0137352428103,48.004120572843085,80.00686762140515,-128.01098819424823,16.00137352428103,64.00549409712411
61.7,127.99601152982765,191.99401729474147,95.99700864737073,31.999002882456914,-63.99800576491383,6.3998005764913835,255.9920230596553,-31.999002882456914,159.99501441228458,47.99850432368537,79.99750720614229,-127.99601152982765,15.999501441228457,63.99800576491383
61.800000000000004,127.98017101766206,191.97025652649307,95.98512826324654,31.995042754415515,-63.99008550883103,6.399008550883103,255.96034203532412,-31.995042754415515,159.97521377207758,47.99256413162327,79.98760688603879,-127.98017101766206,15.997521377207757,63.99008550883103
61.900000000000006,127.96349717231428,191.9452457584714,95.9726228792357,31.99087429307857,-63.98174858615714,6.3981748586157146,255.92699434462855,-31.99087429307857,159.95437146539285,47.98631143961785,79.97718573269643,-127.96349717231428,15.995437146539285,63.98174858615714
62.0,127.9460783502997,191.91911752544956,95.95955876272478,31.986519587574925,-63.97303917514985,6.397303917514986,255.8921567005994,-31.986519587574925,159.93259793787462,47.97977938136239,79.96629896893731,-127.9460783502997,15.993259793787463,63.97303917514985
62.1,127.92808828271654,191.89213242407482,95.94606621203741,31.982022070679136,-63.96404414135827,6.396404414135827,255.8561765654331,-31.982022070679136,159.91011035339568,47.973033106018704,79.95505517669784,-127.92808828271654,15.991011035339568,63.96404414135827
62.2,127.90963954971224,191.86445932456837,95.93222966228419,31.97740988742806,-63.95481977485612,6.395481977485613,255.81927909942448,-31.97740988742806,159.8870494371403,47.96611483114209,79.94352471857015,-127.90963954971224,15.98870494371403,63.95481977485612
62.300000000000004,127.89075818964297,191.83613728446446,95.91806864223223,31.97268954741074,-63.94537909482148,6.394537909482149,255.78151637928593,-31.97268954741074,159.86344773705372,47.959034321116114,79.93172386852686,-127.89075818964297,15.98634477370537,63.94537909482148
62.400000000000006,127.87150038503049,191.80725057754574,95.90362528877287,31.96787509625762,-63.93575019251524,6.393575019251525,255.74300077006097,-31.96787509625762,159.8393754812881,47.951812644386436,79.91968774064405,-127.87150038503049,15.98393754812881,63.93575019251524
62.5,127.85188012457354,191.7778201868603,95.88891009343016,31.962970031143385,-63.92594006228677,6.392594006228677,255.70376024914708,-31.962970031143385,159.81485015571693,47.94445504671508,79.90742507785846,-127.85188012457354,15.981485015571693,63.92594006228677
62.6,127.83188824760411,191.74783237140616,95.87391618570308,31.957972061901028,-63.915944123802056,6.391594412380206,255.66377649520823,-31.957972061901028,159.78986030950514,47.93695809285154,79.89493015475257,-127.83188824760411,15.978986030950514,63.915944123802056
62.7,127.81148961896439,191.71723442844657,95.85861721422329,31.952872404741097,-63.905744809482194,6.39057448094822,255.62297923792877,-31.952872404741097,159.76436202370547,47.92930860711164,79.88218101185274,-127.81148961896439,15.976436202370548,63.905744809482194
62.800000000000004,127.79067691014149,191.68601536521223,95.84300768260611,31.94766922753537,-63.89533845507074,6.389533845507074,255.58135382028297,-31.94766922753537,159.73834613767684,47.92150384130306,79.86917306883842,-127.79067691014149,15.973834613767686,63.89533845507074
62.900000000000006,127.76946917276538,191.65420375914806,95.82710187957403,31.942367293191346,-63.88473458638269,6.38847345863827,255.53893834553077,-31.942367293191346,159.71183646595674,47.913550939787015,79.85591823297837,-127.76946917276538,15.971183646595673,63.88473458638269
63.0,127.74784349356932,191.62176524035397,95.81088262017698,31.93696087339233,-63.87392174678466,6.3873921746784665,255.49568698713864,-31.93696087339233,159.68480436696166,47.90544131008849,79.84240218348083,-127.74784349356932,15.968480436696165,63.87392174678466
63.1,127.72569935249072,191.58854902873608,95.79427451436804,31.93142483812268,-63.86284967624536,6.386284967624537,255.45139870498144,-31.93142483812268,159.6571241906134,47.89713725718402,79.8285620953067,-127.72569935249072,15.96571241906134,63.86284967624536
63.2,127.70294733576651,191.55442100364976,95.77721050182488,31.925736833941627,-63.851473667883255,6.385147366788326,255.40589467153302,-31.925736833941627,159.62868416970815,47.88860525091244,79.81434208485408,-127.70294733576651,15.962868416970814,63.851473667883255
63.300000000000004,127.67953715982686,191.5193057397403,95.75965286987015,31.919884289956716,-63.83976857991343,6.383976857991343,255.35907431965373,-31.919884289956716,159.5994214497836,47.879826434935076,79.7997107248918,-127.67953715982686,15.959942144978358,63.83976857991343
63.400000000000006,127.65551657804495,191.48327486706742,95.74163743353371,31.913879144511238,-63.827758289022476,6.382775828902248,255.3110331560899,-31.913879144511238,159.56939572255618,47.870818716766856,79.78469786127809,-127.65551657804495,15.956939572255619,63.827758289022476
63.5,127.63091824973993,191.4463773746099,95.72318868730495,31.907729562434984,-63.81545912486997,6.381545912486997,255.26183649947987,-31.907729562434984,159.53864781217493,47.86159434365248,79.76932390608746,-127.63091824973993,15.953864781217492,63.81545912486997
63.6,127.6056960168662,191.4085440252993,95.70427201264965,31.90142400421655,-63.8028480084331,6.38028480084331,255.2113920337324,-31.90142400421655,159.50712002108276,47.85213600632483,79.75356001054138,-127.6056960168662,15.950712002108276,63.8028480084331
63.7,127.57981089590935,191.369716343864,95.684858171932,31.894952723977337,-63.78990544795467,6.378990544795467,255.1596217918187,-31.894952723977337,159.4747636198867,47.842429085966,79.73738180994334,-127.57981089590935,15.947476361988668,63.78990544795467
63.800000000000004,127.55326676187458,191.32990014281188,95.66495007140594,31.888316690468645,-63.77663338093729,6.377663338093729,255.10653352374916,-31.888316690468645,159.44158345234322,47.83247503570297,79.72079172617161,-127.55326676187458,15.944158345234323,63.77663338093729
63.900000000000006,127.52614556860215,191.28921835290322,95.64460917645161,31.881536392150537,-63.76307278430107,6.376307278430108,255.0522911372043,-31.881536392150537,159.40768196075268,47.822304588225805,79.70384098037634,-127.52614556860215,15.940768196075268,63.76307278430107
64.0,127.49859752926902,191.24789629390352,95.62394814695176,31.874649382317255,-63.74929876463451,6.374929876463451,254.99719505853804,-31.874649382317255,159.37324691158628,47.81197407347588,79.68662345579314,-127.49859752926902,15.937324691158627,63.74929876463451
64.10000000000001,127.47087148626747,191.2063072294012,95.6031536147006,31.867717871566867,-63.735435743133735,6.3735435743133735,254.94174297253494,-31.867717871566867,159.33858935783434,47.8015768073503,79.66929467891717,-127.47087148626747,15.933858935783434,63.735435743133735
64.2,127.44321759297358,191.16482638946036,95.58241319473018,31.860804398243395,-63.72160879648679,6.372160879648679,254.88643518594716,-31.860804398243395,159.30402199121698,47.79120659736509,79.65201099560849,-127.44321759297358,15.930402199121698,63.72160879648679
64.3,127.41586094468313,191.1237914170247,95.56189570851235,31.853965236170783,-63.707930472341566,6.370793047234157,254.83172188936626,-31.853965236170783,159.26982618085393,47.780947854256176,79.63491309042696,-127.41586094468313,15.926982618085392,63.707930472341566
64.4,127.3890172840371,191.08352592605564,95.54176296302782,31.847254321009274,-63.69450864201855,6.3694508642018555,254.7780345680742,-31.847254321009274,159.23627160504637,47.77088148151391,79.61813580252318,-127.3890172840371,15.923627160504637,63.69450864201855
64.5,127.36285039357641,191.0442755903646,95.5221377951823,31.840712598394102,-63.681425196788204,6.368142519678821,254.72570078715282,-31.840712598394102,159.2035629919705,47.76106889759115,79.60178149598525,-127.36285039357641,15.920356299197051,63.681425196788204
64.60000000000001,127.33737621879145,191.00606432818716,95.50303216409358,31.834344054697862,-63.668688109395724,6.366868810939573,254.6747524375829,-31.834344054697862,159.1717202734893,47.75151608204679,79.58586013674466,-127.33737621879145,15.917172027348931,63.668688109395724
64.7,127.31248000936301,190.96872001404452,95.48436000702226,31.828120002340754,-63.65624000468151,6.365624000468151,254.62496001872603,-31.828120002340754,159.14060001170378,47.74218000351113,79.57030000585189,-127.31248000936301,15.914060001170377,63.65624000468151
64.8,127.28798097073616,190.93197145610424,95.46598572805212,31.82199524268404,-63.64399048536808,6.364399048536808,254.57596194147231,-31.82199524268404,159.1099762134202,47.73299286402606,79.5549881067101,-127.28798097073616,15.91099762134202,63.64399048536808
64.9,127.26369761849537,190.89554642774306,95.44777321387153,31.815924404623843,-63.631848809247685,6.363184880924769,254.52739523699074,-31.815924404623843,159.0796220231192,47.723886606935764,79.5398110115596,-127.26369761849537,15.907962202311921,63.631848809247685
65.0,127.23949625946148,190.8592443891922,95.4296221945961,31.80987406486537,-63.61974812973074,6.361974812973074,254.47899251892295,-31.80987406486537,159.04937032432684,47.71481109729805,79.52468516216342,-127.23949625946148,15.904937032432684,63.61974812973074
65.10000000000001,127.21533200727347,190.82299801091023,95.41149900545511,31.80383300181837,-63.60766600363674,6.360766600363674,254.43066401454695,-31.80383300181837,159.01916500909184,47.705749502727556,79.50958250454592,-127.21533200727347,15.901916500909184,63.60766600363674
65.2,127.19123993732292,190.7868599059844,95.3934299529922,31.79780998433073,-63.59561996866146,6.359561996866146,254.38247987464584,-31.79780998433073,158.98904992165365,47.6967149764961,79.49452496082682,-127.19123993732292,15.898904992165365,63.59561996866146
65.3,127.16726046288397,190.75089069432596,95.37544534716298,31.791815115720993,-63.58363023144199,6.358363023144199,254.33452092576795,-31.791815115720993,158.95907557860497,47.68772267358149,79.47953778930248,-127.16726046288397,15.895907557860497,63.58363023144199
65.4,127.14346964524492,190.71520446786738,95.35760223393369,31.78586741131123,-63.57173482262246,6.3571734822622465,254.28693929048984,-31.78586741131123,158.92933705655616,47.678801116966845,79.46466852827808,-127.14346964524492,15.892933705655615,63.57173482262246
65.5,127.11993673870589,190.67990510805885,95.33995255402942,31.779984184676472,-63.559968369352944,6.355996836935295,254.23987347741178,-31.779984184676472,158.89992092338235,47.66997627701471,79.44996046169118,-127.11993673870589,15.889992092338236,63.559968369352944
65.60000000000001,127.09670821780868,190.64506232671303,95.32253116335652,31.77417705445217,-63.54835410890434,6.354835410890434,254.19341643561737,-31.77417705445217,158.87088527226086,47.66126558167826,79.43544263613043,-127.09670821780868,15.887088527226085,63.54835410890434
65.7,127.0738700765076,190.6108051147614,95.3054025573807,31.7684675191269,-63.5369350382538,6.35369350382538,254.1477401530152,-31.7684675191269,158.8423375956345,47.65270127869035,79.42116879781724,-127.0738700765076,15.88423375956345,63.5369350382538
65.8,127.05146220484792,190.5771933072719,95.28859665363595,31.76286555121198,-63.52573110242396,6.352573110242396,254.10292440969585,-31.76286555121198,158.8143277560599,47.644298326817974,79.40716387802995,-127.05146220484792,15.88143277560599,63.52573110242396
65.9,127.02948502073565,190.54422753110347,95.27211376555174,31.757371255183912,-63.514742510367824,6.351474251036783,254.0589700414713,-31.757371255183912,158.78685627591955,47.63605688277587,79.39342813795977,-127.02948502073565,15.878685627591956,63.514742510367824
66.0,127.00794695711322,190.51192043566982,95.25596021783491,31.751986739278305,-63.50397347855661,6.350397347855662,254.01589391422644,-31.751986739278305,158.75993369639153,47.627980108917455,79.37996684819576,-127.00794695711322,15.875993369639152,63.50397347855661
66.10000000000001,126.98687191199221,190.4803078679883,95.24015393399415,31.746717977998053,-63.493435955996105,6.349343595599611,253.97374382398442,-31.746717977998053,158.73358988999027,47.620076966997075,79.36679494499514,-126.98687191199221,15.873358988999026,63.493435955996105
66.2,126.96630273721249,190.44945410581875,95.22472705290937,31.741575684303122,-63.483151368606244,6.3483151368606245,253.93260547442497,-31.741575684303122,158.7078784215156,47.612363526454686,79.3539392107578,-126.96630273721249,15.870787842151561,63.483151368606244
66.3,126.94624923090764,190.41937384636145,95.20968692318073,31.73656230772691,-63.47312461545382,6.347312461545382,253.89249846181528,-31.73656230772691,158.68281153863455,47.60484346159036,79.34140576931728,-126.94624923090764,15.868281153863455,63.47312461545382
66.4,126.92671096187344,190.39006644281017,95.19503322140508,31.73167774046836,-63.46335548093672,6.3463355480936725,253.85342192374688,-31.73167774046836,158.6583887023418,47.59751661070254,79.3291943511709,-126.92671096187344,15.86583887023418,63.46335548093672
66.5,126.90766096482592,190.36149144723888,95.18074572361944,31.72691524120648,-63.45383048241296,6.345383048241296,253.81532192965184,-31.72691524120648,158.6345762060324,47.59037286180972,79.3172881030162,-126.90766096482592,15.86345762060324,63.45383048241296
66.60000000000001,126.8890737229143,190.33361058437146,95.16680529218573,31.722268430728576,-63.44453686145715,6.344453686145716,253.7781474458286,-31.722268430728576,158.61134215364288,47.583402646092864,79.30567107682144,-126.8890737229143,15.861134215364288,63.44453686145715
66.7,126.87095462698157,190.30643194047235,95.15321597023618,31.717738656745393,-63.435477313490786,6.343547731349079,253.74190925396314,-31.717738656745393,158.58869328372697,47.57660798511809,79.29434664186348,-126.87095462698157,15.858869328372696,63.435477313490786
66.8,126.8533016191079,190.27995242866183,95.13997621433091,31.713325404776974,-63.42665080955395,6.3426650809553955,253.7066032382158,-31.713325404776974,158.56662702388488,47.56998810716546,79.28331351194244,-126.8533016191079,15.856662702388487,63.42665080955395
66.9,126.83612419616952,190.25418629425428,95.12709314712714,31.70903104904238,-63.41806209808476,6.341806209808476,253.67224839233904,-31.70903104904238,158.5451552452119,47.56354657356357,79.27257762260595,-126.83612419616952,15.85451552452119,63.41806209808476
67.0,126.8194572661291,190.22918589919365,95.11459294959683,31.704864316532277,-63.40972863306455,6.3409728633064555,253.6389145322582,-31.704864316532277,158.52432158266137,47.55729647479841,79.26216079133069,-126.8194572661291,15.852432158266138,63.40972863306455
67.10000000000001,126.80338123535456,190.20507185303185,95.10253592651593,31.70084530883864,-63.40169061767728,6.340169061767728,253.60676247070913,-31.70084530883864,158.50422654419322,47.55126796325796,79.25211327209661,-126.80338123535456,15.85042265441932,63.40169061767728
67.2,126.78803251241061,190.1820487686159,95.09102438430796,31.697008128102652,-63.394016256205305,6.339401625620531,253.57606502482122,-31.697008128102652,158.48504064051326,47.54551219215398,79.24252032025663,-126.78803251241061,15.848504064051326,63.394016256205305
67.3,126.77354400206943,190.16031600310413,95.08015800155206,31.693386000517357,-63.386772001034714,6.338677200103472,253.54708800413886,-31.693386000517357,158.4669300025868,47.54007900077603,79.2334650012934,-126.77354400206943,15.846693000258679,63.386772001034714
67.4,126.76012069373931,190.14018104060898,95.07009052030449,31.690030173434828,-63.380060346869655,6.338006034686966,253.52024138747862,-31.690030173434828,158.45015086717413,47.535045260152245,79.22507543358707,-126.76012069373931,15.845015086717414,63.380060346869655
67.5,126.74803646531547,190.1220546979732,95.0610273489866,31.687009116328866,-63.37401823265773,6.337401823265774,253.49607293063093,-31.687009116328866,158.43504558164432,47.5305136744933,79.21752279082216,-126.74803646531547,15.843504558164433,63.37401823265773
67.60000000000001,126.73760276271429,190.10640414407143,95.05320207203572,31.684400690678572,-63.368801381357144,6.336880138135715,253.47520552542858,-31.684400690678572,158.42200345339285,47.52660103601786,79.21100172669642,-126.73760276271429,15.842200345339286,63.368801381357144
67.7,126.72911853758501,190.0936778063775,95.04683890318876,31.682279634396252,-63.364559268792505,6.336455926879251,253.45823707517002,-31.682279634396252,158.41139817198126,47.52341945159438,79.20569908599063,-126.72911853758501,15.841139817198126,63.364559268792505
67.8,126.72282022858117,190.08423034287176,95.04211517143588,31.680705057145293,-63.361410114290585,6.336141011429059,253.44564045716234,-31.680705057145293,158.40352528572646,47.52105758571794,79.20176264286323,-126.72282022858117,15.840352528572646,63.361410114290585
67.9,126.71886399902095,190.07829599853142,95.03914799926571,31.67971599975524,-63.35943199951048,6.335943199951048,253.4377279980419,-31.67971599975524,158.3985799987762,47.519573999632854,79.1992899993881,-126.71886399902095,15.83985799987762,63.35943199951048
68.0,126.7173615866751,190.07604238001264,95.03802119000632,31.679340396668774,-63.35868079333755,6.335868079333755,253.4347231733502,-31.679340396668774,158.39670198334386,47.51901059500316,79.19835099167193,-126.7173615866751,15.839670198334387,63.35868079333755
68.10000000000001,126.71834752891397,190.07752129337095,95.03876064668547,31.67958688222849,-63.35917376445698,6.335917376445699,253.43669505782793,-31.67958688222849,158.39793441114244,47.51938032334274,79.19896720557122,-126.71834752891397,15.839793441114246,63.35917376445698
68.2,126.72174377507409,190.08261566261115,95.04130783130557,31.680435943768522,-63.360871887537044,6.336087188753705,253.44348755014818,-31.680435943768522,158.4021797188426,47.52065391565279,79.2010898594213,-126.72174377507409,15.840217971884261,63.360871887537044
68.3,126.72748284057414,190.09122426086122,95.04561213043061,31.681870710143535,-63.36374142028707,6.336374142028707,253.45496568114828,-31.681870710143535,158.40935355071767,47.522806065215306,79.20467677535883,-126.72748284057414,15.840935355071768,63.36374142028707
68.4,126.73548406837342,190.10322610256014,95.05161305128007,31.683871017093356,-63.36774203418671,6.336774203418671,253.47096813674685,-31.683871017093356,158.41935508546678,47.525806525640036,79.20967754273339,-126.73548406837342,15.841935508546678,63.36774203418671
68.5,126.74567261340414,190.1185089201062,95.0592544600531,31.686418153351035,-63.37283630670207,6.337283630670207,253.49134522680828,-31.686418153351035,158.43209076675518,47.52962723002655,79.21604538337759,-126.74567261340414,15.843209076675517,63.37283630670207
68.60000000000001,126.7580146269368,190.1370219404052,95.0685109702026,31.6895036567342,-63.3790073134684,6.33790073134684,253.5160292538736,-31.6895036567342,158.447518283671,47.5342554851013,79.2237591418355,-126.7580146269368,15.8447518283671,63.3790073134684
68.7,126.77243952862858,190.15865929294287,95.07932964647144,31.693109882157145,-63.38621976431429,6.33862197643143,253.54487905725716,-31.693109882157145,158.46554941078574,47.53966482323572,79.23277470539287,-126.77243952862858,15.846554941078573,63.38621976431429
68.8,126.78886757891226,190.1833013683684,95.0916506841842,31.697216894728065,-63.39443378945613,6.339443378945614,253.57773515782452,-31.697216894728065,158.48608447364032,47.5458253420921,79.24304223682016,-126.78886757891226,15.848608447364033,63.39443378945613
68.9,126.80723643554965,190.21085465332447,95.10542732666224,31.701809108887414,-63.40361821777483,6.340361821777483,253.6144728710993,-31.701809108887414,158.50904554443707,47.55271366333112,79.25452277221854,-126.80723643554965,15.850904554443707,63.40361821777483
69.0,126.82744833290575,190.2411724993586,95.1205862496793,31.706862083226437,-63.41372416645287,6.341372416645288,253.6548966658115,-31.706862083226437,158.53431041613217,47.56029312483965,79.26715520806609,-126.82744833290575,15.853431041613218,63.41372416645287
69.10000000000001,126.84938756617336,190.27408134926003,95.13704067463001,31.71234689154334,-63.42469378308668,6.342469378308668,253.69877513234673,-31.71234689154334,158.5617344577167,47.56852033731501,79.28086722885836,-126.84938756617336,15.85617344577167,63.42469378308668
69.2,126.87294309916953,190.30941464875428,95.15470732437714,31.718235774792383,-63.436471549584766,6.343647154958477,253.74588619833906,-31.718235774792383,158.59117887396192,47.57735366218857,79.29558943698096,-126.87294309916953,15.859117887396192,63.436471549584766
69.3,126.89800243452723,190.34700365179083,95.17350182589541,31.724500608631807,-63.449001217263614,6.344900121726361,253.79600486905446,-31.724500608631807,158.62250304315904,47.58675091294771,79.31125152157952,-126.89800243452723,15.862250304315904,63.449001217263614
69.4,126.92445930778632,190.38668896167948,95.19334448083974,31.73111482694658,-63.46222965389316,6.346222965389316,253.84891861557264,-31.73111482694658,158.6555741347329,47.59667224041987,79.32778706736644,-126.92445930778632,15.86555741347329,63.46222965389316
69.5,126.95218235385762,190.42827353078644,95.21413676539322,31.738045588464406,-63.47609117692881,6.3476091176928815,253.90436470771525,-31.738045588464406,158.69022794232203,47.60706838269661,79.34511397116101,-126.95218235385762,15.869022794232203,63.47609117692881
69.60000000000001,126.98103715365271,190.47155573047905,95.23577786523953,31.745259288413177,-63.490518576826354,6.349051857682635,253.96207430730541,-31.745259288413177,158.7262964420659,47.61788893261976,79.36314822103294,-126.98103715365271,15.872629644206588,63.490518576826354
69.7,127.01085118924334,190.516276783865,95.2581383919325,31.752712797310835,-63.50542559462167,6.350542559462167,254.02170237848668,-31.752712797310835,158.76356398655417,47.62906919596625,79.38178199327709,-127.01085118924334,15.876356398655417,63.50542559462167
69.8,127.04140576559861,190.56210864839792,95.28105432419896,31.760351441399653,-63.520702882799306,6.352070288279931,254.08281153119722,-31.760351441399653,158.80175720699827,47.64052716209948,79.40087860349914,-127.04140576559861,15.880175720699826,63.520702882799306
69.9,127.07248679321559,190.60873018982338,95.30436509491169,31.768121698303897,-63.536243396607794,6.353624339660779,254.14497358643118,-31.768121698303897,158.84060849151948,47.652182547455844,79.42030424575974,-127.07248679321559,15.884060849151949,63.536243396607794
70.0,127.10391500389206,190.6558725058381,95.32793625291905,31.775978750973014,-63.55195750194603,6.3551957501946035,254.2078300077841,-31.775978750973014,158.87989375486507,47.66396812645952,79.43994687743253,-127.10391500389206,15.887989375486507,63.55195750194603
70.10000000000001,127.1355512338935,190.70332685084026,95.35166342542013,31.783887808473374,-63.56777561694675,6.356777561694675,254.271102467787,-31.783887808473374,158.91943904236686,47.675831712710064,79.45971952118343,-127.1355512338935,15.891943904236687,63.56777561694675
70.2,127.16728438969571,190.75092658454355,95.37546329227177,31.791821097423927,-63.583642194847855,6.358364219484786,254.33456877939142,-31.791821097423927,158.95910548711964,47.68773164613589,79.47955274355982,-127.16728438969571,15.895910548711964,63.583642194847855
70.3,127.19900824152143,190.79851236228214,95.39925618114107,31.799752060380357,-63.59950412076071,6.3599504120760715,254.39801648304285,-31.799752060380357,158.99876030190177,47.699628090570535,79.49938015095088,-127.19900824152143,15.899876030190178,63.59950412076071
70.4,127.23059171289943,190.84588756934914,95.42294378467457,31.807647928224856,-63.61529585644971,6.361529585644972,254.46118342579885,-31.807647928224856,159.03823964112428,47.711471892337286,79.51911982056214,-127.23059171289943,15.903823964112428,63.61529585644971
70.5,127.26188314823375,190.8928247223506,95.4464123611753,31.815470787058437,-63.630941574116875,6.3630941574116875,254.5237662964675,-31.815470787058437,159.0773539352922,47.72320618058765,79.5386769676461,-127.26188314823375,15.907735393529219,63.630941574116875
70.60000000000001,127.29275622741571,190.93913434112358,95.46956717056179,31.823189056853927,-63.646378113707854,6.364637811370786,254.58551245483142,-31.823189056853927,159.11594528426963,47.734783585280894,79.55797264213481,-127.29275622741571,15.911594528426964,63.646378113707854
70.7,127.32305917201447,190.9845887580217,95.49229437901084,31.830764793003617,-63.661529586007234,6.366152958600724,254.64611834402893,-31.830764793003617,159.1538239650181,47.74614718950542,79.57691198250905,-127.32305917201447,15.915382396501808,63.661529586007234
70.8,127.35261286602227,191.02891929903342,95.51445964951671,31.838153216505567,-63.676306433011135,6.367630643301114,254.70522573204454,-31.838153216505567,159.19076608252783,47.757229824758355,79.59538304126391,-127.35261286602227,15.919076608252784,63.676306433011135
70.9,127.38125500488601,191.071882507329,95.5359412536645,31.845313751221504,-63.69062750244301,6.369062750244301,254.76251000977203,-31.845313751221504,159.22656875610753,47.76797062683225,79.61328437805376,-127.38125500488601,15.922656875610752,63.69062750244301
71.0,127.40883794434231,191.11325691651348,95.55662845825674,31.852209486085577,-63.704418972171155,6.370441897217116,254.81767588868462,-31.852209486085577,159.26104743042788,47.77831422912837,79.63052371521394,-127.40883794434231,15.926104743042789,63.704418972171155
71.10000000000001,127.43521528225561,191.1528229233834,95.5764114616917,31.858803820563903,-63.717607641127806,6.371760764112781,254.87043056451122,-31.858803820563903,159.2940191028195,47.78820573084585,79.64700955140975,-127.43521528225561,15.929401910281952,63.717607641127806
71.2,127.46028130078906,191.1904219511836,95.5952109755918,31.865070325197266,-63.73014065039453,6.373014065039453,254.92056260157813,-31.865070325197266,159.32535162598634,47.7976054877959,79.66267581299317,-127.46028130078906,15.932535162598633,63.73014065039453
71.3,127.48401200513773,191.22601800770659,95.61300900385329,31.871003001284432,-63.742006002568864,6.374200600256887,254.96802401027546,-31.871003001284432,159.35501500642215,47.806504501926646,79.67750750321107,-127.48401200513773,15.935501500642216,63.742006002568864
71.4,127.50644460265582,191.2596669039837,95.62983345199186,31.876611150663955,-63.75322230132791,6.375322230132792,255.01288920531164,-31.876611150663955,159.38305575331978,47.81491672599593,79.69152787665989,-127.50644460265582,15.938305575331977,63.75322230132791
71.5,127.52764302690235,191.29146454035353,95.64573227017677,31.88191075672559,-63.76382151345118,6.376382151345118,255.0552860538047,-31.88191075672559,159.40955378362793,47.82286613508838,79.70477689181396,-127.52764302690235,15.940955378362794,63.76382151345118
71.60000000000001,127.5476621199357,191.32149317990354,95.66074658995177,31.886915529983924,-63.77383105996785,6.377383105996785,255.0953242398714,-31.886915529983924,159.43457764991962,47.830373294975885,79.71728882495981,-127.5476621199357,15.943457764991962,63.77383105996785
71.7,127.56648279461974,191.34972419192962,95.67486209596481,31.891620698654936,-63.78324139730987,6.378324139730988,255.1329655892395,-31.891620698654936,159.45810349327468,47.837431047982406,79.72905174663734,-127.56648279461974,15.945810349327468,63.78324139730987
71.8,127.58406364226735,191.37609546340104,95.68804773170052,31.896015910566838,-63.792031821133676,6.379203182113368,255.1681272845347,-31.896015910566838,159.48007955283418,47.84402386585026,79.74003977641709,-127.58406364226735,15.948007955283419,63.792031821133676
71.9,127.60034021430357,191.40051032145536,95.70025516072768,31.900085053575893,-63.800170107151786,6.380017010715179,255.20068042860714,-31.900085053575893,159.50042526787945,47.85012758036384,79.75021263393973,-127.60034021430357,15.950042526787946,63.800170107151786
72.0,127.61526059193265,191.42289088789897,95.71144544394949,31.903815147983163,-63.80763029596633,6.380763029596633,255.2305211838653,-31.903815147983163,159.51907573991582,47.85572272197474,79.75953786995791,-127.61526059193265,15.951907573991582,63.80763029596633
72.10000000000001,127.62879498856131,191.44319248284197,95.72159624142098,31.907198747140328,-63.814397494280655,6.381439749428066,255.25758997712262,-31.907198747140328,159.53599373570165,47.86079812071049,79.76799686785083,-127.62879498856131,15.953599373570164,63.814397494280655
72.2,127.64091697787383,191.46137546681075,95.73068773340538,31.910229244468457,-63.820458488936914,6.382045848893692,255.28183395574766,-31.910229244468457,159.55114622234228,47.86534386670269,79.77557311117114,-127.64091697787383,15.955114622234229,63.820458488936914
72.3,127.6515652012593,191.47734780188895,95.73867390094448,31.912891300314826,-63.82578260062965,6.3825782600629655,255.3031304025186,-31.912891300314826,159.5644565015741,47.86933695047224,79.78222825078706,-127.6515652012593,15.956445650157413,63.82578260062965
72.4,127.6606422268531,191.49096334027965,95.74548167013982,31.915160556713275,-63.83032111342655,6.383032111342655,255.3212844537062,-31.915160556713275,159.57580278356636,47.87274083506991,79.78790139178318,-127.6606422268531,15.957580278356637,63.83032111342655
72.5,127.66811647128986,191.5021747069348,95.7510873534674,31.917029117822466,-63.83405823564493,6.383405823564494,255.33623294257973,-31.917029117822466,159.58514558911233,47.8755436767337,79.79257279455616,-127.66811647128986,15.958514558911233,63.83405823564493
72.60000000000001,127.67400870383948,191.5110130557592,95.7555065278796,31.91850217595987,-63.83700435191974,6.383700435191974,255.34801740767895,-31.91850217595987,159.59251087979933,47.8777532639398,79.79625543989967,-127.67400870383948,15.959251087979935,63.83700435191974
72.7,127.67836435891383,191.51754653837074,95.75877326918537,31.919591089728456,-63.83918217945691,6.383918217945691,255.35672871782765,-31.919591089728456,159.59795544864227,47.879386634592684,79.79897772432113,-127.67836435891383,15.959795544864228,63.83918217945691
72.8,127.68121498017598,191.52182247026397,95.76091123513199,31.920303745043995,-63.84060749008799,6.3840607490088,255.36242996035196,-31.920303745043995,159.60151872522,47.88045561756599,79.80075936261,-127.68121498017598,15.960151872521998,63.84060749008799
72.9,127.68254249767155,191.52381374650733,95.76190687325366,31.920635624417887,-63.841271248835774,6.384127124883578,255.3650849953431,-31.920635624417887,159.60317812208945,47.88095343662683,79.80158906104472,-127.68254249767155,15.960317812208944,63.841271248835774
73.0,127.6823340444123,191.52350106661845,95.76175053330923,31.920583511103075,-63.84116702220615,6.384116702220616,255.3646680888246,-31.920583511103075,159.60291755551538,47.88087526665461,79.80145877775769,-127.6823340444123,15.960291755551538,63.84116702220615
73.10000000000001,127.68062255414361,191.52093383121542,95.76046691560771,31.920155638535903,-63.840311277071805,6.384031127707181,255.36124510828722,-31.920155638535903,159.6007781926795,47.880233457803854,79.80038909633976,-127.68062255414361,15.960077819267951,63.840311277071805
73.2,127.67744492704128,191.51616739056192,95.75808369528096,31.91936123176032,-63.83872246352064,6.383872246352064,255.35488985408256,-31.91936123176032,159.5968061588016,47.87904184764048,79.7984030794008,-127.67744492704128,15.95968061588016,63.83872246352064
73.3,127.67285213921838,191.50927820882757,95.75463910441378,31.918213034804594,-63.83642606960919,6.383642606960919,255.34570427843676,-31.918213034804594,159.59106517402296,47.87731955220689,79.79553258701148,-127.67285213921838,15.959106517402297,63.83642606960919
73.4,127.66694334829285,191.50041502243926,95.75020751121963,31.91673583707321,-63.83347167414642,6.383347167414643,255.3338866965857,-31.91673583707321,159.58367918536607,47.875103755609814,79.79183959268303,-127.66694334829285,15.958367918536606,63.83347167414642
73.5,127.65982777356427,191.4897416603464,95.7448708301732,31.91495694339107,-63.82991388678214,6.382991388678214,255.31965554712855,-31.91495694339107,159.57478471695535,47.8724354150866,79.78739235847767,-127.65982777356427,15.957478471695534,63.82991388678214
73.60000000000001,127.65161686112526,191.4774252916879,95.73871264584395,31.912904215281316,-63.82580843056263,6.382580843056264,255.30323372225052,-31.912904215281316,159.56452107640658,47.86935632292197,79.78226053820329,-127.65161686112526,15.956452107640658,63.82580843056263
73.7,127.64242275861014,191.46363413791522,95.73181706895761,31.910605689652535,-63.82121137930507,6.382121137930508,255.28484551722028,-31.910605689652535,159.55302844826267,47.865908534478805,79.77651422413133,-127.64242275861014,15.955302844826267,63.82121137930507
73.8,127.63231763283792,191.44847644925687,95.72423822462844,31.90807940820948,-63.81615881641896,6.381615881641896,255.26463526567585,-31.90807940820948,159.5403970410474,47.86211911231422,79.7701985205237,-127.63231763283792,15.95403970410474,63.81615881641896
73.9,127.6213164095819,191.43197461437285,95.71598730718642,31.905329102395473,-63.81065820479095,6.381065820479095,255.2426328191638,-31.905329102395473,159.52664551197736,47.85799365359321,79.76332275598868,-127.6213164095819,15.952664551197737,63.81065820479095
74.0,127.60939366057264,191.41409049085894,95.70704524542947,31.90234841514316,-63.80469683028632,6.3804696830286325,255.21878732114527,-31.90234841514316,159.5117420757158,47.853522622714735,79.7558710378579,-127.60939366057264,15.95117420757158,63.80469683028632
74.10000000000001,127.59650825971596,191.39476238957394,95.69738119478697,31.89912706492899,-63.79825412985798,6.379825412985799,255.19301651943192,-31.89912706492899,159.49563532464495,47.848690597393485,79.74781766232248,-127.59650825971596,15.949563532464495,63.79825412985798
74.2,127.58260701842936,191.37391052764403,95.68695526382201,31.89565175460734,-63.79130350921468,6.379130350921468,255.1652140368587,-31.89565175460734,159.47825877303669,47.84347763191101,79.73912938651834,-127.58260701842936,15.94782587730367,63.79130350921468
74.3,127.56768253826685,191.35152380740027,95.67576190370013,31.891920634566713,-63.783841269133426,6.3783841269133426,255.1353650765337,-31.891920634566713,159.45960317283357,47.83788095185007,79.72980158641678,-127.56768253826685,15.945960317283356,63.783841269133426
74.4,127.55168359684038,191.32752539526058,95.66376269763029,31.887920899210094,-63.77584179842019,6.377584179842019,255.10336719368075,-31.887920899210094,159.43960449605046,47.831881348815145,79.71980224802523,-127.55168359684038,15.943960449605047,63.77584179842019
74.5,127.53450627487595,191.3017594123139,95.65087970615696,31.883626568718988,-63.767253137437976,6.376725313743798,255.0690125497519,-31.883626568718988,159.41813284359495,47.82543985307848,79.70906642179747,-127.53450627487595,15.941813284359494,63.767253137437976
74.60000000000001,127.5160469526348,191.2740704289522,95.6370352144761,31.8790117381587,-63.7580234763174,6.3758023476317405,255.0320939052696,-31.8790117381587,159.3950586907935,47.81851760723805,79.69752934539675,-127.5160469526348,15.93950586907935,63.7580234763174
74.7,127.49617782947107,191.24426674420658,95.62213337210329,31.874044457367766,-63.74808891473553,6.3748088914735535,254.99235565894213,-31.874044457367766,159.37022228683884,47.811066686051646,79.68511114341942,-127.49617782947107,15.937022228683883,63.74808891473553
74.8,127.47476272925381,191.2121440938807,95.60607204694035,31.868690682313453,-63.737381364626906,6.373738136462691,254.94952545850762,-31.868690682313453,159.34345341156725,47.80303602347018,79.67172670578363,-127.47476272925381,15.934345341156726,63.737381364626906
74.9,127.45171200996845,191.17756801495267,95.58878400747633,31.86292800249211,-63.72585600498422,6.3725856004984225,254.9034240199369,-31.86292800249211,159.31464001246056,47.79439200373817,79.65732000623028,-127.45171200996845,15.931464001246056,63.72585600498422
75.0,127.42693217589397,191.14039826384095,95.57019913192048,31.85673304397349,-63.71346608794698,6.371346608794699,254.85386435178793,-31.85673304397349,159.28366521986746,47.78509956596024,79.64183260993373,-127.42693217589397,15.928366521986746,63.71346608794698
75.10000000000001,127.40032972722213,191.1004945908332,95.5502472954166,31.850082431805532,-63.700164863611064,6.370016486361107,254.80065945444426,-31.850082431805532,159.25041215902766,47.7751236477083,79.62520607951383,-127.40032972722213,15.925041215902766,63.700164863611064
75.2,127.37181466652765,191.05772199979148,95.52886099989574,31.842953666631914,-63.68590733326383,6.368590733326383,254.7436293330553,-31.842953666631914,159.21476833315955,47.76443049994787,79.60738416657978,-127.37181466652765,15.921476833315957,63.68590733326383
75.3,127.3413167567375,191.01197513510624,95.50598756755312,31.835329189184375,-63.67065837836875,6.367065837836876,254.682633513475,-31.835329189184375,159.17664594592188,47.75299378377656,79.58832297296094,-127.3413167567375,15.917664594592187,63.67065837836875
75.4,127.30882572670774,190.96323859006162,95.48161929503081,31.827206431676935,-63.65441286335387,6.365441286335387,254.61765145341548,-31.827206431676935,159.13603215838467,47.740809647515405,79.56801607919233,-127.30882572670774,15.913603215838467,63.65441286335387
75.5,127.27434420596188,190.91151630894282,95.45575815447141,31.81858605149047,-63.63717210298094,6.363717210298095,254.54868841192376,-31.81858605149047,159.09293025745234,47.727879077235706,79.54646512872617,-127.27434420596188,15.909293025745235,63.63717210298094
75.60000000000001,127.23787574537124,190.85681361805686,95.42840680902843,31.80946893634281,-63.61893787268562,6.361893787268563,254.47575149074248,-31.80946893634281,159.04734468171404,47.714203404514215,79.52367234085702,-127.23787574537124,15.904734468171405,63.61893787268562
75.7,127.19943720269092,190.7991558040364,95.3995779020182,31.79985930067273,-63.59971860134546,6.3599718601345465,254.39887440538183,-31.79985930067273,158.99929650336364,47.6997889510091,79.49964825168182,-127.19943720269092,15.899929650336365,63.59971860134546
75.8,127.15908737561124,190.73863106341685,95.36931553170842,31.78977184390281,-63.57954368780562,6.357954368780562,254.31817475122247,-31.78977184390281,158.94885921951405,47.68465776585421,79.47442960975702,-127.15908737561124,15.894885921951404,63.57954368780562
75.9,127.11695701054816,190.67543551582224,95.33771775791112,31.77923925263704,-63.55847850527408,6.355847850527408,254.23391402109633,-31.77923925263704,158.8961962631852,47.66885887895556,79.4480981315926,-127.11695701054816,15.88961962631852,63.55847850527408
76.0,127.07315901800499,190.6097385270075,95.30486926350375,31.768289754501247,-63.53657950900249,6.353657950900249,254.14631803600997,-31.768289754501247,158.84144877250623,47.65243463175187,79.42072438625311,-127.07315901800499,15.884144877250623,63.53657950900249
76.10000000000001,127.02779194407019,190.54168791610527,95.27084395805264,31.756947986017547,-63.513895972035094,6.35138959720351,254.05558388814038,-31.756947986017547,158.78473993008774,47.63542197902632,79.39236996504387,-127.02779194407019,15.878473993008773,63.513895972035094
76.2,126.980997952427,190.4714969286405,95.23574846432025,31.74524948810675,-63.4904989762135,6.3490498976213505,253.961995904854,-31.74524948810675,158.72624744053377,47.617874232160126,79.36312372026688,-126.980997952427,15.872624744053375,63.4904989762135
76.3,126.93290978295626,190.3993646744344,95.1996823372172,31.733227445739065,-63.46645489147813,6.3466454891478135,253.86581956591252,-31.733227445739065,158.66613722869533,47.5998411686086,79.33306861434767,-126.93290978295626,15.866613722869532,63.46645489147813
76.4,126.88361841993228,190.3254276298984,95.1627138149492,31.72090460498307,-63.44180920996614,6.344180920996614,253.76723683986455,-31.72090460498307,158.60452302491535,47.5813569074746,79.30226151245768,-126.88361841993228,15.860452302491534,63.44180920996614
76.5,126.83312108780873,190.2496816317131,95.12484081585654,31.708280271952184,-63.41656054390437,6.3416560543904374,253.66624217561747,-31.708280271952184,158.54140135976093,47.56242040792827,79.27070067988046,-126.83312108780873,15.854140135976092,63.41656054390437
76.60000000000001,126.78141771365378,190.17212657048066,95.08606328524033,31.695354428413445,-63.39070885682689,6.339070885682689,253.56283542730756,-31.695354428413445,158.47677214206723,47.543031642620164,79.23838607103362,-126.78141771365378,15.847677214206723,63.39070885682689
76.7,126.72852446509192,190.09278669763788,95.04639334881894,31.68213111627298,-63.36426223254596,6.3364262232545965,253.45704893018384,-31.68213111627298,158.4106555813649,47.52319667440947,79.20532779068245,-126.72852446509192,15.84106555813649,63.36426223254596
76.80000000000001,126.67446497536359,190.01169746304538,95.00584873152269,31.668616243840898,-63.337232487681796,6.33372324876818,253.34892995072718,-31.668616243840898,158.3430812192045,47.502924365761345,79.17154060960225,-126.67446497536359,15.834308121920449,63.337232487681796
76.9,126.61928757616874,189.92893136425312,94.96446568212656,31.654821894042186,-63.30964378808437,6.330964378808438,253.2385751523375,-31.654821894042186,158.27410947021093,47.48223284106328,79.13705473510547,-126.61928757616874,15.827410947021093,63.30964378808437
77.0,126.56307552128052,189.84461328192077,94.92230664096039,31.64076888032013,-63.28153776064026,6.328153776064027,253.12615104256105,-31.64076888032013,158.20384440160066,47.46115332048019,79.10192220080033,-126.56307552128052,15.820384440160066,63.28153776064026
77.10000000000001,126.50592159872798,189.75888239809197,94.87944119904598,31.626480399681995,-63.25296079936399,6.3252960799363995,253.01184319745596,-31.626480399681995,158.13240199841,47.43972059952299,79.066200999205,-126.50592159872798,15.813240199840997,63.25296079936399
77.2,126.44788186575197,189.67182279862794,94.83591139931397,31.61197046643799,-63.22394093287598,6.322394093287599,252.89576373150393,-31.61197046643799,158.05985233218996,47.417955699656986,79.02992616609498,-126.44788186575197,15.805985233218996,63.22394093287598
77.30000000000001,126.38903619628982,189.58355429443475,94.79177714721737,31.597259049072456,-63.19451809814491,6.319451809814492,252.77807239257965,-31.597259049072456,157.98629524536227,47.39588857360869,78.99314762268114,-126.38903619628982,15.798629524536228,63.19451809814491
77.4,126.32945082925373,189.4941762438806,94.7470881219403,31.582362707313433,-63.164725414626865,6.316472541462687,252.65890165850746,-31.582362707313433,157.91181353656717,47.37354406097015,78.95590676828358,-126.32945082925373,15.791181353656716,63.164725414626865
77.5,126.26920229346187,189.4038034401928,94.7019017200964,31.56730057336547,-63.13460114673094,6.313460114673094,252.53840458692375,-31.56730057336547,157.83650286682735,47.3509508600482,78.91825143341367,-126.26920229346187,15.783650286682734,63.13460114673094
77.60000000000001,126.20833441712938,189.31250162569407,94.65625081284703,31.552083604282345,-63.10416720856469,6.31041672085647,252.41666883425876,-31.552083604282345,157.76041802141174,47.32812540642352,78.88020901070587,-126.20833441712938,15.776041802141172,63.10416720856469
77.7,126.1468824538213,189.22032368073195,94.61016184036598,31.536720613455326,-63.07344122691065,6.307344122691066,252.2937649076426,-31.536720613455326,157.68360306727664,47.30508092018299,78.84180153363832,-126.1468824538213,15.768360306727663,63.07344122691065
77.80000000000001,126.08493607901065,189.12740411851598,94.56370205925799,31.52123401975266,-63.04246803950532,6.304246803950533,252.1698721580213,-31.52123401975266,157.6061700987633,47.281851029628996,78.80308504938165,-126.08493607901065,15.76061700987633,63.04246803950532
77.9,126.02260321969275,189.03390482953913,94.51695241476956,31.50565080492319,-63.01130160984638,6.301130160984638,252.0452064393855,-31.50565080492319,157.52825402461593,47.25847620738478,78.76412701230797,-126.02260321969275,15.752825402461594,63.01130160984638
78.0,125.96003040790471,188.94004561185707,94.47002280592854,31.490007601976178,-62.980015203952355,6.2980015203952355,251.92006081580942,-31.490007601976178,157.4500380098809,47.23501140296427,78.72501900494045,-125.96003040790471,15.745003800988089,62.980015203952355
78.10000000000001,125.89733292107653,188.84599938161477,94.42299969080739,31.47433323026913,-62.94866646053826,6.294866646053826,251.79466584215305,-31.47433323026913,157.37166615134566,47.211499845403694,78.68583307567283,-125.89733292107653,15.737166615134566,62.94866646053826
78.2,125.83471040176433,188.7520656026465,94.37603280132325,31.45867760044108,-62.91735520088216,6.291735520088217,251.66942080352865,-31.45867760044108,157.2933880022054,47.188016400661624,78.6466940011027,-125.83471040176433,15.72933880022054,62.91735520088216
78.30000000000001,125.77241182823396,188.65861774235094,94.32930887117547,31.44310295705849,-62.88620591411698,6.288620591411698,251.5448236564679,-31.44310295705849,157.21551478529244,47.164654435587735,78.60775739264622,-125.77241182823396,15.721551478529245,62.88620591411698
78.4,125.71065712269356,188.56598568404036,94.28299284202018,31.42766428067339,-62.85532856134678,6.285532856134679,251.42131424538712,-31.42766428067339,157.13832140336694,47.14149642101009,78.56916070168347,-125.71065712269356,15.713832140336695,62.85532856134678
78.5,125.64955277984282,188.47432916976425,94.23716458488212,31.412388194960705,-62.82477638992141,6.282477638992141,251.29910555968564,-31.412388194960705,157.06194097480352,47.11858229244106,78.53097048740176,-125.64955277984282,15.706194097480353,62.82477638992141
78.60000000000001,125.58909663325136,188.38364494987704,94.19182247493852,31.39727415831284,-62.79454831662568,6.2794548316625685,251.17819326650272,-31.39727415831284,156.98637079156418,47.09591123746926,78.49318539578209,-125.58909663325136,15.69863707915642,62.79454831662568
78.7,125.52927871189718,188.29391806784577,94.14695903392288,31.382319677974294,-62.76463935594859,6.276463935594859,251.05855742379435,-31.382319677974294,156.91159838987147,47.07347951696144,78.45579919493574,-125.52927871189718,15.691159838987147,62.76463935594859
78.80000000000001,125.47010264633981,188.20515396950972,94.10257698475486,31.367525661584953,-62.735051323169905,6.273505132316991,250.94020529267962,-31.367525661584953,156.83762830792477,47.05128849237743,78.41881415396239,-125.47010264633981,15.683762830792476,62.735051323169905
78.9,125.41159642965967,188.1173946444895,94.05869732224475,31.352899107414917,-62.705798214829834,6.2705798214829835,250.82319285931933,-31.352899107414917,156.7644955370746,47.02934866112238,78.3822477685373,-125.41159642965967,15.676449553707458,62.705798214829834
79.0,125.35373370079107,188.0306005511866,94.0153002755933,31.338433425197767,-62.676866850395534,6.267686685039553,250.70746740158214,-31.338433425197767,156.69216712598885,47.00765013779665,78.34608356299442,-125.35373370079107,15.669216712598883,62.676866850395534
79.10000000000001,125.29649837806778,187.94474756710167,93.97237378355084,31.324124594516945,-62.64824918903389,6.26482491890339,250.59299675613556,-31.324124594516945,156.62062297258473,46.98618689177542,78.31031148629236,-125.29649837806778,15.662062297258473,62.64824918903389
79.2,125.23990544911976,187.85985817367964,93.92992908683982,31.30997636227994,-62.61995272455988,6.261995272455988,250.47981089823952,-31.30997636227994,156.5498818113997,46.96496454341991,78.27494090569985,-125.23990544911976,15.65498818113997,62.61995272455988
79.30000000000001,125.1839643179112,187.7759464768668,93.8879732384334,31.2959910794778,-62.5919821589556,6.259198215895561,250.3679286358224,-31.2959910794778,156.479955397389,46.9439866192167,78.2399776986945,-125.1839643179112,15.6479955397389,62.5919821589556
79.4,125.12869073948521,187.69303610922782,93.84651805461391,31.282172684871302,-62.564345369742604,6.256434536974261,250.25738147897042,-31.282172684871302,156.4108634243565,46.923259027306955,78.20543171217825,-125.12869073948521,15.641086342435651,62.564345369742604
79.5,125.07406445732397,187.61109668598596,93.80554834299298,31.268516114330993,-62.537032228661985,6.253703222866199,250.14812891464794,-31.268516114330993,156.34258057165496,46.90277417149649,78.17129028582748,-125.07406445732397,15.634258057165496,62.537032228661985
79.60000000000001,125.02001099987073,187.5300164998061,93.76500824990305,31.255002749967684,-62.51000549993537,6.251000549993537,250.04002199974147,-31.255002749967684,156.27501374983842,46.882504124951524,78.13750687491921,-125.02001099987073,15.627501374983842,62.51000549993537
79.7,124.9664412261414,187.4496618392121,93.72483091960605,31.24161030653535,-62.4832206130707,6.2483220613070705,249.9328824522828,-31.24161030653535,156.20805153267673,46.862415459803024,78.10402576633837,-124.9664412261414,15.620805153267675,62.4832206130707
79.80000000000001,124.91324885487572,187.36987328231356,93.68493664115678,31.22831221371893,-62.45662442743786,6.245662442743786,249.82649770975144,-31.22831221371893,156.14156106859465,46.84246832057839,78.07078053429733,-124.91324885487572,15.614156106859465,62.45662442743786
79.9,124.86032981078648,187.29049471617972,93.64524735808986,31.21508245269662,-62.43016490539324,6.243016490539325,249.72065962157296,-31.21508245269662,156.0754122634831,46.82262367904493,78.03770613174154,-124.86032981078648,15.60754122634831,62.43016490539324
80.0,124.80761909796993,187.21142864695491,93.60571432347746,31.201904774492483,-62.40380954898497,6.240380954898497,249.61523819593987,-31.201904774492483,156.0095238724624,46.80285716173873,78.0047619362312,-124.80761909796993,15.600952387246242,62.40380954898497
80.10000000000001,124.7551256026831,187.13268840402463,93.56634420201232,31.188781400670774,-62.37756280134155,6.237756280134155,249.5102512053662,-31.188781400670774,155.94390700335387,46.78317210100616,77.97195350167694,-124.7551256026831,15.594390700335387,62.37756280134155
80.2,124.70286608588312,187.05429912882468,93.52714956441234,31.17571652147078,-62.35143304294156,6.235143304294156,249.40573217176623,-31.17571652147078,155.8785826073539,46.76357478220617,77.93929130367695,-124.70286608588312,15.58785826073539,62.35143304294156
80.30000000000001,124.65089435815293,186.9763415372294,93.4881707686147,31.16272358953823,-62.32544717907646,6.232544717907647,249.30178871630585,-31.16272358953823,155.81361794769117,46.74408538430735,77.90680897384559,-124.65089435815293,15.581361794769116,62.32544717907646
80.4,124.59924168654466,186.898862529817,93.4494312649085,31.149810421636165,-62.29962084327233,6.229962084327234,249.19848337308932,-31.149810421636165,155.74905210818082,46.72471563245425,77.87452605409041,-124.59924168654466,15.574905210818082,62.29962084327233
80.5,124.54791531425627,186.8218729713844,93.4109364856922,31.136978828564068,-62.273957657128136,6.227395765712814,249.09583062851254,-31.136978828564068,155.68489414282033,46.7054682428461,77.84244707141016,-124.54791531425627,15.568489414282034,62.273957657128136
80.60000000000001,124.49685909216443,186.74528863824665,93.37264431912332,31.124214773041107,-62.248429546082214,6.224842954608222,248.99371818432886,-31.124214773041107,155.62107386520555,46.68632215956166,77.81053693260277,-124.49685909216443,15.562107386520553,62.248429546082214
80.7,124.44591388438076,186.66887082657115,93.33443541328558,31.11147847109519,-62.22295694219038,6.222295694219039,248.89182776876152,-31.11147847109519,155.55739235547594,46.66721770664279,77.77869617773797,-124.44591388438076,15.555739235547595,62.22295694219038
80.80000000000001,124.39492148044478,186.59238222066716,93.29619111033358,31.098730370111195,-62.19746074022239,6.21974607402224,248.78984296088956,-31.098730370111195,155.49365185055598,46.64809555516679,77.74682592527799,-124.39492148044478,15.549365185055597,62.19746074022239
80.9,124.34375857236542,186.51563785854813,93.25781892927407,31.085939643091354,-62.17187928618271,6.217187928618271,248.68751714473083,-31.085939643091354,155.42969821545677,46.62890946463703,77.71484910772838,-124.34375857236542,15.542969821545677,62.17187928618271
81.0,124.29235755450014,186.4385363317502,93.2192681658751,31.073089388625036,-62.14617877725007,6.214617877725008,248.58471510900029,-31.073089388625036,155.36544694312516,46.60963408293755,77.68272347156258,-124.29235755450014,15.536544694312518,62.14617877725007
81.10000000000001,124.24068390893098,186.36102586339646,93.18051293169823,31.060170977232744,-62.12034195446549,6.212034195446549,248.48136781786195,-31.060170977232744,155.30085488616373,46.590256465849116,77.65042744308187,-124.24068390893098,15.530085488616372,62.12034195446549
81.2,124.18869683731148,186.28304525596724,93.14152262798362,31.04717420932787,-62.09434841865574,6.2094348418655745,248.37739367462297,-31.04717420932787,155.23587104663935,46.57076131399181,77.61793552331967,-124.18869683731148,15.523587104663935,62.09434841865574
81.30000000000001,124.13638412719519,186.20457619079278,93.10228809539639,31.034096031798796,-62.06819206359759,6.20681920635976,248.27276825439037,-31.034096031798796,155.170480158994,46.551144047698195,77.585240079497,-124.13638412719519,15.517048015899398,62.06819206359759
81.4,124.08372304587539,186.12558456881308,93.06279228440654,31.020930761468847,-62.041861522937694,6.20418615229377,248.16744609175078,-31.020930761468847,155.10465380734422,46.53139614220327,77.55232690367211,-124.08372304587539,15.510465380734423,62.041861522937694
81.5,124.03066441837254,186.0459966275588,93.0229983137794,31.007666104593135,-62.01533220918627,6.201533220918627,248.06132883674508,-31.007666104593135,155.03833052296568,46.5114991568897,77.51916526148284,-124.03066441837254,15.503833052296567,62.01533220918627
81.60000000000001,123.97715234262381,185.96572851393572,92.98286425696786,30.994288085655953,-61.988576171311905,6.198857617131191,247.95430468524762,-30.994288085655953,154.97144042827978,46.49143212848393,77.48572021413989,-123.97715234262381,15.497144042827976,61.988576171311905
81.7,123.92315987523163,185.88473981284744,92.94236990642372,30.98078996880791,-61.96157993761582,6.196157993761582,247.84631975046327,-30.98078996880791,154.90394984403954,46.47118495321186,77.45197492201977,-123.92315987523163,15.490394984403954,61.96157993761582
81.80000000000001,123.86867584445929,185.80301376668893,92.90150688334447,30.967168961114822,-61.934337922229645,6.193433792222965,247.73735168891858,-30.967168961114822,154.8358448055741,46.450753441672234,77.41792240278706,-123.86867584445929,15.483584480557411,61.934337922229645
81.9,123.81376397046613,185.72064595569918,92.86032297784959,30.95344099261653,-61.90688198523306,6.190688198523307,247.62752794093225,-30.95344099261653,154.76720496308266,46.430161488924796,77.38360248154133,-123.81376397046613,15.476720496308266,61.90688198523306
82.0,123.7585425734952,185.6378138602428,92.8189069301214,30.9396356433738,-61.8792712867476,6.187927128674761,247.5170851469904,-30.9396356433738,154.698178216869,46.4094534650607,77.3490891084345,-123.7585425734952,15.4698178216869,61.8792712867476
82.10000000000001,123.70308782128438,185.55463173192658,92.77731586596329,30.925771955321096,-61.85154391064219,6.18515439106422,247.40617564256877,-30.925771955321096,154.62885977660548,46.388657932981644,77.31442988830274,-123.70308782128438,15.462885977660548,61.85154391064219
82.2,123.64751004469065,185.47126506703597,92.73563253351799,30.911877511172662,-61.823755022345324,6.182375502234533,247.2950200893813,-30.911877511172662,154.5593875558633,46.36781626675899,77.27969377793166,-123.64751004469065,15.455938755586331,61.823755022345324
82.30000000000001,123.59197029765058,185.38795544647587,92.69397772323794,30.897992574412644,-61.79598514882529,6.179598514882529,247.18394059530115,-30.897992574412644,154.48996287206322,46.34698886161897,77.24498143603161,-123.59197029765058,15.448996287206322,61.79598514882529
82.4,123.53661788163143,185.30492682244716,92.65246341122358,30.884154470407857,-61.768308940815714,6.176830894081572,247.07323576326286,-30.884154470407857,154.42077235203928,46.32623170561179,77.21038617601964,-123.53661788163143,15.442077235203929,61.768308940815714
82.5,123.48155411997108,185.22233117995663,92.61116558997831,30.87038852999277,-61.74077705998554,6.174077705998554,246.96310823994216,-30.87038852999277,154.35194264996386,46.30558279498916,77.17597132498193,-123.48155411997108,15.435194264996385,61.74077705998554
82.60000000000001,123.42684617467025,185.14026926200538,92.57013463100269,30.85671154366756,-61.71342308733512,6.171342308733513,246.8536923493405,-30.85671154366756,154.28355771833782,46.285067315501344,77.14177885916891,-123.42684617467025,15.42835577183378,61.71342308733512
82.7,123.37249974758484,185.05874962137727,92.52937481068864,30.84312493689621,-61.68624987379242,6.168624987379243,246.74499949516968,-30.84312493689621,154.21562468448104,46.26468740534432,77.10781234224052,-123.37249974758484,15.421562468448105,61.68624987379242
82.80000000000001,123.31860032314819,184.97790048472228,92.48895024236114,30.829650080787047,-61.659300161574095,6.16593001615741,246.63720064629638,-30.829650080787047,154.14825040393524,46.24447512118057,77.07412520196762,-123.31860032314819,15.414825040393524,61.659300161574095
82.9,123.26521466806983,184.89782200210476,92.44891100105238,30.816303667017458,-61.632607334034915,6.163260733403492,246.53042933613966,-30.816303667017458,154.08151833508728,46.22445550052619,77.04075916754364,-123.26521466806983,15.408151833508729,61.632607334034915
83.0,123.21247824850559,184.81871737275839,92.40935868637919,30.803119562126398,-61.606239124252795,6.1606239124252795,246.42495649701118,-30.803119562126398,154.015597810632,46.204679343189596,77.007798905316,-123.21247824850559,15.401559781063199,61.606239124252795
83.10000000000001,123.16058229590148,184.74087344385222,92.37043672192611,30.79014557397537,-61.58029114795074,6.158029114795074,246.32116459180295,-30.79014557397537,153.95072786987686,46.185218360963056,76.97536393493843,-123.16058229590148,15.395072786987685,61.58029114795074
83.2,123.10973605010733,184.66460407516098,92.33230203758049,30.777434012526832,-61.554868025053665,6.155486802505367,246.21947210021466,-30.777434012526832,153.88717006263417,46.166151018790245,76.94358503131708,-123.10973605010733,15.388717006263416,61.554868025053665
83.30000000000001,123.06013764463617,184.59020646695427,92.29510323347714,30.765034411159043,-61.530068822318086,6.153006882231809,246.12027528927234,-30.765034411159043,153.8251720557952,46.14755161673857,76.9125860278976,-123.06013764463617,15.382517205579521,61.530068822318086
83.4,123.01193947341923,184.51790921012883,92.25895460506442,30.752984868354808,-61.505969736709616,6.150596973670962,246.02387894683847,-30.752984868354808,153.76492434177405,46.12947730253221,76.88246217088702,-123.01193947341923,15.376492434177404,61.505969736709616
83.5,122.9652384901156,184.4478577351734,92.2239288675867,30.7413096225289,-61.4826192450578,6.14826192450578,245.9304769802312,-30.7413096225289,153.7065481126445,46.11196443379335,76.85327405632225,-122.9652384901156,15.37065481126445,61.4826192450578
83.60000000000001,122.9200840190332,184.3801260285498,92.1900630142749,30.7300210047583,-61.4600420095166,6.14600420095166,245.8401680380664,-30.7300210047583,153.6501050237915,46.09503150713745,76.82505251189575,-122.9200840190332,15.36501050237915,61.4600420095166
83.7,122.87649101511906,184.31473652267857,92.15736826133929,30.719122753779764,-61.43824550755953,6.143824550755953,245.75298203023812,-30.719122753779764,153.59561376889883,46.07868413066964,76.79780688444941,-122.87649101511906,15.359561376889882,61.43824550755953
83.80000000000001,122.83445740698515,184.25168611047772,92.12584305523886,30.708614351746288,-61.417228703492576,6.141722870349258,245.6689148139703,-30.708614351746288,153.54307175873143,46.06292152761943,76.77153587936571,-122.83445740698515,15.354307175873144,61.417228703492576
83.9,122.79399633480972,184.19099450221458,92.09549725110729,30.69849908370243,-61.39699816740486,6.139699816740486,245.58799266961944,-30.69849908370243,153.49249541851214,46.047748625553645,76.74624770925607,-122.79399633480972,15.349249541851215,61.39699816740486
84.0,122.75515215580612,184.13272823370917,92.06636411685459,30.68878803895153,-61.37757607790306,6.137757607790306,245.51030431161223,-30.68878803895153,153.44394019475766,46.03318205842729,76.72197009737883,-122.75515215580612,15.344394019475764,61.37757607790306
84.10000000000001,122.71798715271616,184.07698072907425,92.03849036453713,30.67949678817904,-61.35899357635808,6.135899357635808,245.43597430543232,-30.67949678817904,153.3974839408952,46.01924518226856,76.6987419704476,-122.71798715271616,15.33974839408952,61.35899357635808
84.2,122.68258071439946,184.0238710715992,92.0119355357996,30.670645178599866,-61.34129035719973,6.134129035719973,245.36516142879893,-30.670645178599866,153.35322589299932,46.0059677678998,76.67661294649966,-122.68258071439946,15.335322589299933,61.34129035719973
84.30000000000001,122.64900159869092,183.97350239803637,91.98675119901819,30.66225039967273,-61.32450079934546,6.1324500799345465,245.29800319738183,-30.66225039967273,153.31125199836364,45.99337559950909,76.65562599918182,-122.64900159869092,15.331125199836364,61.32450079934546
84.4,122.61726209368479,183.9258931405272,91.9629465702636,30.654315523421197,-61.30863104684239,6.13086310468424,245.23452418736957,-30.654315523421197,153.27157761710598,45.9814732851318,76.63578880855299,-122.61726209368479,15.327157761710598,61.30863104684239
84.5,122.58733244461305,183.8809986669196,91.9404993334598,30.646833111153263,-61.29366622230653,6.129366622230653,245.1746648892261,-30.646833111153263,153.2341655557663,45.9702496667299,76.61708277788316,-122.58733244461305,15.323416555576632,61.29366622230653
84.60000000000001,122.55916137479906,183.8387420621986,91.9193710310993,30.639790343699765,-61.27958068739953,6.127958068739954,245.11832274959812,-30.639790343699765,153.19895171849882,45.95968551554965,76.59947585924941,-122.55916137479906,15.319895171849883,61.27958068739953
84.7,122.53266651605968,183.7989997740895,91.89949988704475,30.63316662901492,-61.26633325802984,6.126633325802985,245.06533303211936,-30.63316662901492,153.1658331450746,45.94974994352238,76.5829165725373,-122.53266651605968,15.31658331450746,61.26633325802984
84.80000000000001,122.50775625320675,183.76163437981012,91.88081718990506,30.626939063301688,-61.253878126603375,6.125387812660338,245.0155125064135,-30.626939063301688,153.13469531650844,45.94040859495253,76.56734765825422,-122.50775625320675,15.313469531650844,61.253878126603375
84.9,122.48433878598557,183.72650817897835,91.86325408948917,30.621084696496393,-61.242169392992786,6.124216939299279,244.96867757197114,-30.621084696496393,153.10542348248197,45.93162704474459,76.55271174124098,-122.48433878598557,15.310542348248196,61.242169392992786
85.0,122.4624251563565,183.69363773453475,91.84681886726737,30.615606289089126,-61.23121257817825,6.123121257817825,244.924850312713,-30.615606289089126,153.07803144544562,45.92340943363369,76.53901572272281,-122.4624251563565,15.307803144544563,61.23121257817825
85.10000000000001,122.44209193913991,183.66313790870987,91.83156895435494,30.61052298478498,-61.22104596956996,6.122104596956996,244.88418387827983,-30.61052298478498,153.0526149239249,45.91578447717747,76.52630746196245,-122.44209193913991,15.30526149239249,61.22104596956996
85.2,122.42344804996983,183.63517207495477,91.81758603747738,30.60586201249246,-61.21172402498492,6.121172402498492,244.84689609993967,-30.60586201249246,153.0293100624623,45.90879301873869,76.51465503123114,-122.42344804996983,15.30293100624623,61.21172402498492
85.30000000000001,122.40657809825183,183.60986714737774,91.80493357368887,30.601644524562957,-61.203289049125914,6.120328904912592,244.81315619650366,-30.601644524562957,153.0082226228148,45.902466786844435,76.5041113114074,-122.40657809825183,15.300822262281478,61.203289049125914
85.4,122.39154671433646,183.58732007150468,91.79366003575234,30.597886678584114,-61.19577335716823,6.119577335716823,244.7830934286729,-30.597886678584114,152.98943339292057,45.89683001787617,76.49471669646029,-122.39154671433646,15.298943339292057,61.19577335716823
85.5,122.37843760274829,183.56765640412243,91.78382820206122,30.594609400687073,-61.189218801374146,6.118921880137415,244.75687520549658,-30.594609400687073,152.97304700343537,45.89191410103061,76.48652350171768,-122.37843760274829,15.297304700343537,61.189218801374146
85.60000000000001,122.36728681422969,183.55093022134452,91.77546511067226,30.59182170355742,-61.18364340711484,6.1183643407114845,244.73457362845937,-30.59182170355742,152.95910851778712,45.88773255533613,76.47955425889356,-122.36728681422969,15.29591085177871,61.18364340711484
85.7,122.35799938330422,183.53699907495633,91.76849953747816,30.589499845826055,-61.17899969165211,6.117899969165212,244.71599876660844,-30.589499845826055,152.94749922913027,45.88424976873908,76.47374961456514,-122.35799938330422,15.294749922913027,61.17899969165211
85.80000000000001,122.35045092882986,183.5256763932448,91.7628381966224,30.587612732207464,-61.17522546441493,6.117522546441493,244.70090185765972,-30.587612732207464,152.93806366103732,45.8814190983112,76.46903183051866,-122.35045092882986,15.293806366103732,61.17522546441493
85.9,122.34450181689101,183.51675272533652,91.75837636266826,30.586125454222753,-61.172250908445506,6.117225090844551,244.68900363378202,-30.586125454222753,152.93062727111376,45.87918818133413,76.46531363555688,-122.34450181689101,15.293062727111376,61.172250908445506
86.0,122.34004855953683,183.51007283930522,91.75503641965261,30.585012139884206,-61.17002427976841,6.117002427976842,244.68009711907365,-30.585012139884206,152.92506069942104,45.877518209826306,76.46253034971052,-122.34004855953683,15.292506069942103,61.17002427976841
86.10000000000001,122.33700365580285,183.50550548370427,91.75275274185213,30.58425091395071,-61.16850182790142,6.1168501827901425,244.6740073116057,-30.58425091395071,152.92125456975356,45.87637637092607,76.46062728487678,-122.33700365580285,15.292125456975356,61.16850182790142
86.2,122.33523305759384,183.50284958639077,91.75142479319538,30.58380826439846,-61.16761652879692,6.116761652879692,244.67046611518768,-30.58380826439846,152.9190413219923,45.87571239659769,76.45952066099615,-122.33523305759384,15.29190413219923,61.16761652879692
86.30000000000001,122.33458156196572,183.5018723429486,91.7509361714743,30.58364539049143,-61.16729078098286,6.116729078098286,244.66916312393144,-30.58364539049143,152.91822695245716,45.87546808573715,76.45911347622858,-122.33458156196572,15.291822695245715,61.16729078098286
86.4,122.3348974424778,183.5023461637167,91.75117308185835,30.58372436061945,-61.1674487212389,6.11674487212389,244.6697948849556,-30.58372436061945,152.91862180309724,45.87558654092918,76.45931090154862,-122.3348974424778,15.291862180309725,61.1674487212389
86.5,122.3361005735706,183.5041508603559,91.75207543017795,30.58402514339265,-61.1680502867853,6.116805028678531,244.6722011471412,-30.58402514339265,152.92012571696324,45.87603771508898,76.46006285848162,-122.3361005735706,15.292012571696326,61.1680502867853
86.60000000000001,122.3381347548521,183.50720213227817,91.75360106613908,30.584533688713027,-61.16906737742605,6.116906737742606,244.6762695097042,-30.584533688713027,152.92266844356513,45.87680053306954,76.46133422178256,-122.3381347548521,15.292266844356513,61.16906737742605
86.7,122.34094760045696,183.51142140068544,91.75571070034272,30.58523690011424,-61.17047380022848,6.117047380022848,244.6818952009139,-30.58523690011424,152.9261845005712,45.87785535017136,76.4630922502856,-122.34094760045696,15.29261845005712,61.17047380022848
86.80000000000001,122.34453713793717,183.51680570690576,91.75840285345288,30.58613428448429,-61.17226856896858,6.117226856896859,244.68907427587433,-30.58613428448429,152.93067142242145,45.87920142672644,76.46533571121073,-122.34453713793717,15.293067142242146,61.17226856896858
86.9,122.34890512941547,183.5233576941232,91.7616788470616,30.587226282353868,-61.174452564707735,6.1174452564707735,244.69781025883094,-30.587226282353868,152.93613141176934,45.8808394235308,76.46806570588467,-122.34890512941547,15.293613141176934,61.174452564707735
87.0,122.35405034209475,183.53107551314213,91.76553775657106,30.588512585523688,-61.177025171047376,6.117702517104738,244.7081006841895,-30.588512585523688,152.94256292761844,45.88276887828553,76.47128146380922,-122.35405034209475,15.294256292761844,61.177025171047376
87.10000000000001,122.35996257324297,183.53994385986445,91.76997192993223,30.589990643310742,-61.179981286621484,6.1179981286621485,244.71992514648593,-30.589990643310742,152.9499532165537,45.88498596496611,76.47497660827685,-122.35996257324297,15.294995321655371,61.179981286621484
87.2,122.36657571114905,183.5498635667236,91.7749317833618,30.591643927787263,-61.18328785557453,6.118328785557453,244.7331514222981,-30.591643927787263,152.95821963893633,45.8874658916809,76.47910981946816,-122.36657571114905,15.295821963893632,61.18328785557453
87.30000000000001,122.37377770146648,183.56066655219973,91.78033327609987,30.59344442536662,-61.18688885073324,6.1186888850733245,244.74755540293296,-30.59344442536662,152.9672221268331,45.890166638049934,76.48361106341655,-122.37377770146648,15.29672221268331,61.18688885073324
87.4,122.38135452066174,183.57203178099263,91.78601589049632,30.595338630165436,-61.19067726033087,6.119067726033087,244.7627090413235,-30.595338630165436,152.97669315082717,45.89300794524816,76.48834657541359,-122.38135452066174,15.297669315082718,61.19067726033087
87.5,122.389117117656,183.583675676484,91.791837838242,30.597279279414,-61.194558558828,6.1194558558828005,244.778234235312,-30.597279279414,152.98639639707,45.895918919121,76.493198198535,-122.389117117656,15.298639639707,61.194558558828
87.60000000000001,122.39692874006086,183.5953931100913,91.79769655504565,30.599232185015214,-61.19846437003043,6.119846437003043,244.79385748012172,-30.599232185015214,152.99616092507608,45.89884827752282,76.49808046253804,-122.39692874006086,15.299616092507607,61.19846437003043
87.7,122.40465426947091,183.60698140420635,91.80349070210318,30.601163567367728,-61.202327134735455,6.120232713473546,244.80930853894182,-30.601163567367728,153.00581783683865,45.90174535105159,76.50290891841932,-122.40465426947091,15.300581783683864,61.202327134735455
87.80000000000001,122.41217324743005,183.61825987114509,91.80912993557254,30.603043311857512,-61.206086623715024,6.120608662371502,244.8243464948601,-30.603043311857512,153.01521655928755,45.90456496778627,76.50760827964378,-122.41217324743005,15.301521655928756,61.206086623715024
87.9,122.41937180431427,183.6290577064714,91.8145288532357,30.604842951078567,-61.20968590215713,6.120968590215714,244.83874360862853,-30.604842951078567,153.02421475539285,45.90726442661785,76.51210737769642,-122.41937180431427,15.302421475539283,61.20968590215713
88.0,122.42613168804051,183.63919753206076,91.81959876603038,30.60653292201013,-61.21306584402026,6.121306584402026,244.85226337608103,-30.60653292201013,153.03266461005063,45.90979938301519,76.51633230502532,-122.42613168804051,15.303266461005064,61.21306584402026
88.10000000000001,122.43236725473791,183.64855088210686,91.82427544105343,30.608091813684478,-61.216183627368956,6.121618362736896,244.86473450947582,-30.608091813684478,153.0404590684224,45.912137720526715,76.5202295342112,-122.43236725473791,15.304045906842239,61.216183627368956
88.2,122.43803066980738,183.65704600471105,91.82852300235552,30.609507667451844,-61.21901533490369,6.1219015334903695,244.87606133961475,-30.609507667451844,153.04753833725923,45.91426150117776,76.52376916862961,-122.43803066980738,15.304753833725922,61.21901533490369
88.30000000000001,122.4430211358304,183.6645317037456,91.8322658518728,30.6107552839576,-61.2215105679152,6.1221510567915205,244.8860422716608,-30.6107552839576,153.053776419788,45.9161329259364,76.526888209894,-122.4430211358304,15.3053776419788,61.2215105679152
88.4,122.44724870118891,183.67087305178336,91.83543652589168,30.611812175297228,-61.223624350594456,6.122362435059446,244.89449740237782,-30.611812175297228,153.05906087648614,45.91771826294584,76.52953043824307,-122.44724870118891,15.305906087648614,61.223624350594456
88.5,122.45073275293737,183.67609912940605,91.83804956470303,30.612683188234342,-61.225366376468685,6.122536637646869,244.90146550587474,-30.612683188234342,153.0634159411717,45.919024782351514,76.53170797058586,-122.45073275293737,15.306341594117171,61.225366376468685
88.60000000000001,122.45356899226977,183.68035348840465,91.84017674420232,30.61339224806744,-61.22678449613488,6.122678449613488,244.90713798453953,-30.61339224806744,153.0669612403372,45.92008837210116,76.5334806201686,-122.45356899226977,15.30669612403372,61.22678449613488
88.7,122.45585091701746,183.68377637552618,91.84188818776309,30.613962729254364,-61.22792545850873,6.122792545850873,244.91170183403491,-30.613962729254364,153.06981364627183,45.920944093881545,76.53490682313591,-122.45585091701746,15.306981364627182,61.22792545850873
88.80000000000001,122.45772161360549,183.68658242040823,91.84329121020411,30.61443040340137,-61.22886080680274,6.122886080680274,244.91544322721097,-30.61443040340137,153.07215201700686,45.92164560510206,76.53607600850343,-122.45772161360549,15.307215201700686,61.22886080680274
88.9,122.45934179470247,183.6890126920537,91.84450634602685,30.614835448675617,-61.229670897351234,6.122967089735123,244.91868358940494,-30.614835448675617,153.07417724337807,45.922253173013424,76.53708862168904,-122.45934179470247,15.307417724337808,61.229670897351234
89.0,122.46082349151082,183.69123523726623,91.84561761863311,30.615205872877706,-61.23041174575541,6.123041174575541,244.92164698302165,-30.615205872877706,153.07602936438852,45.92280880931656,76.53801468219426,-122.46082349151082,15.307602936438853,61.23041174575541
89.10000000000001,122.4622036155733,183.69330542335996,91.84665271167998,30.615550903893325,-61.23110180778665,6.123110180778665,244.9244072311466,-30.615550903893325,153.07775451946662,45.92332635583999,76.53887725973331,-122.4622036155733,15.307775451946663,61.23110180778665
89.2,122.46349710574353,183.6952456586153,91.84762282930765,30.615874276435882,-61.231748552871764,6.123174855287177,244.92699421148706,-30.615874276435882,153.0793713821794,45.92381141465383,76.5396856910897,-122.46349710574353,15.307937138217941,61.231748552871764
89.30000000000001,122.46471803137666,183.697077047065,91.8485385235325,30.616179507844166,-61.23235901568833,6.123235901568833,244.92943606275333,-30.616179507844166,153.0808975392208,45.92426926176625,76.5404487696104,-122.46471803137666,15.308089753922083,61.23235901568833
89.4,122.46588909230697,183.69883363846046,91.84941681923023,30.61647227307674,-61.23294454615348,6.1232944546153485,244.93177818461393,-30.61647227307674,153.08236136538372,45.924708409615114,76.54118068269186,-122.46588909230697,15.30823613653837,61.23294454615348
89.5,122.46703234523164,183.70054851784747,91.85027425892373,30.61675808630791,-61.23351617261582,6.123351617261583,244.9340646904633,-30.61675808630791,153.08379043153957,45.925137129461866,76.54189521576978,-122.46703234523164,15.308379043153955,61.23351617261582
89.60000000000001,122.46818805468256,183.70228208202383,91.85114104101191,30.61704701367064,-61.23409402734128,6.123409402734128,244.9363761093651,-30.61704701367064,153.0852350683532,45.92557052050596,76.5426175341766,-122.46818805468256,15.30852350683532,61.23409402734128
89.7,122.46942063826151,183.70413095739227,91.85206547869613,30.617355159565378,-61.234710319130755,6.123471031913076,244.93884127652302,-30.617355159565378,153.08677579782687,45.92603273934807,76.54338789891344,-122.46942063826151,15.308677579782689,61.234710319130755
89.80000000000001,122.47079249199042,183.70618873798563,91.85309436899281,30.617698122997606,-61.23539624599521,6.1235396245995215,244.94158498398085,-30.617698122997606,153.08849061498802,45.92654718449641,76.54424530749401,-122.47079249199042,15.308849061498803,61.23539624599521
89.9,122.472388117073,183.70858217560948,91.85429108780474,30.61809702926825,-61.2361940585365,6.12361940585365,244.944776234146,-30.61809702926825,153.09048514634125,45.92714554390237,76.54524257317063,-122.472388117073,15.309048514634124,61.2361940585365
90.0,122.47427938872752,183.7114190830913,91.85570954154565,30.61856984718188,-61.23713969436376,6.123713969436377,244.94855877745505,-30.61856984718188,153.0928492359094,45.927854770772825,76.5464246179547,-122.47427938872752,15.30928492359094,61.23713969436376
90.10000000000001,122.4764706513979,183.71470597709686,91.85735298854843,30.619117662849476,-61.23823532569895,6.1238235325698955,244.9529413027958,-30.619117662849476,153.09558831424738,45.928676494274214,76.54779415712369,-122.4764706513979,15.309558831424738,61.23823532569895
90.2,122.47896324492609,183.71844486738914,91.85922243369457,30.619740811231523,-61.239481622463046,6.123948162246305,244.95792648985218,-30.619740811231523,153.0987040561576,45.929611216847285,76.5493520280788,-122.47896324492609,15.309870405615762,61.239481622463046
90.30000000000001,122.48179350902052,183.72269026353078,91.86134513176539,30.62044837725513,-61.24089675451026,6.124089675451026,244.96358701804104,-30.62044837725513,153.10224188627564,45.930672565882695,76.55112094313782,-122.48179350902052,15.310224188627565,61.24089675451026
90.4,122.48507987328401,183.727619809926,91.863809904963,30.621269968321002,-61.242539936642004,6.124253993664201,244.97015974656802,-30.621269968321002,153.106349841605,45.9319049524815,76.5531749208025,-122.48507987328401,15.310634984160501,61.242539936642004
90.5,122.48888460160394,183.7333269024059,91.86666345120295,30.622221150400986,-61.24444230080197,6.124444230080197,244.97776920320788,-30.622221150400986,153.11110575200493,45.93333172560148,76.55555287600247,-122.48888460160394,15.311110575200493,61.24444230080197
90.60000000000001,122.49324487484884,183.73986731227325,91.86993365613662,30.62331121871221,-61.24662243742442,6.124662243742442,244.98648974969768,-30.62331121871221,153.11655609356106,45.93496682806831,76.55827804678053,-122.49324487484884,15.311655609356105,61.24662243742442
90.7,122.4981949674639,183.74729245119585,91.87364622559792,30.624548741865976,-61.24909748373195,6.124909748373195,244.9963899349278,-30.624548741865976,153.12274370932988,45.93682311279896,76.56137185466494,-122.4981949674639,15.312274370932988,61.24909748373195
90.80000000000001,122.5037805974691,183.75567089620364,91.87783544810182,30.625945149367276,-61.25189029873455,6.1251890298734555,245.0075611949382,-30.625945149367276,153.12972574683639,45.93891772405091,76.56486287341819,-122.5037805974691,15.312972574683638,61.25189029873455
90.9,122.51002607053734,183.765039105806,91.882519552903,30.627506517634334,-61.25501303526867,6.1255013035268675,245.02005214107467,-30.627506517634334,153.13753258817167,45.9412597764515,76.56876629408583,-122.51002607053734,15.313753258817167,61.25501303526867
91.0,122.51695483637835,183.77543225456753,91.88771612728377,30.629238709094587,-61.25847741818917,6.125847741818918,245.0339096727567,-30.629238709094587,153.14619354547293,45.94385806364188,76.57309677273646,-122.51695483637835,15.314619354547293,61.25847741818917
91.10000000000001,122.52458409487215,183.78687614230824,91.89343807115412,30.63114602371804,-61.26229204743608,6.126229204743608,245.0491681897443,-30.63114602371804,153.15573011859018,45.94671903557706,76.57786505929509,-122.52458409487215,15.31557301185902,61.26229204743608
91.2,122.53293228499442,183.7993984274916,91.8996992137458,30.633233071248604,-61.26646614249721,6.126646614249721,245.06586456998883,-30.633233071248604,153.16616535624303,45.9498496068729,76.58308267812151,-122.53293228499442,15.316616535624302,61.26646614249721
91.30000000000001,122.54201434502085,183.81302151753127,91.90651075876563,30.63550358625521,-61.27100717251042,6.127100717251043,245.0840286900417,-30.63550358625521,153.17751793127604,45.95325537938282,76.58875896563802,-122.54201434502085,15.317751793127606,61.27100717251042
91.4,122.55189802846967,183.8278470427045,91.91392352135225,30.637974507117416,-61.27594901423483,6.127594901423484,245.10379605693933,-30.637974507117416,153.18987253558709,45.95696176067612,76.59493626779354,-122.55189802846967,15.318987253558708,61.27594901423483
91.5,122.5626336176127,183.84395042641904,91.92197521320952,30.640658404403176,-61.28131680880635,6.128131680880635,245.1252672352254,-30.640658404403176,153.2032920220159,45.96098760660476,76.60164601100794,-122.5626336176127,15.320329202201588,61.28131680880635
91.60000000000001,122.57424669669895,183.86137004504843,91.93068502252422,30.643561674174737,-61.287123348349475,6.1287123348349475,245.1484933933979,-30.643561674174737,153.21780837087368,45.96534251126211,76.60890418543684,-122.57424669669895,15.321780837087369,61.287123348349475
91.7,122.58680680165202,183.88021020247803,91.94010510123901,30.646701700413004,-61.29340340082601,6.129340340082601,245.17361360330403,-30.646701700413004,153.23350850206504,45.970052550619506,76.61675425103252,-122.58680680165202,15.323350850206502,61.29340340082601
91.80000000000001,122.60038747821434,183.90058121732153,91.95029060866077,30.650096869553586,-61.30019373910717,6.130019373910717,245.2007749564287,-30.650096869553586,153.25048434776792,45.97514530433038,76.62524217388396,-122.60038747821434,15.325048434776793,61.30019373910717
91.9,122.6150877510705,183.92263162660575,91.96131581330287,30.653771937767626,-61.30754387553525,6.130754387553526,245.230175502141,-30.653771937767626,153.26885968883812,45.98065790665144,76.63442984441906,-122.6150877510705,15.326885968883813,61.30754387553525
92.0,122.63100096874301,183.9465014531145,91.97325072655725,30.657750242185752,-61.315500484371505,6.131550048437151,245.26200193748602,-30.657750242185752,153.28875121092875,45.98662536327863,76.64437560546438,-122.63100096874301,15.328875121092876,61.315500484371505
92.10000000000001,122.64829969640613,183.9724495446092,91.9862247723046,30.662074924101532,-61.324149848203064,6.132414984820307,245.29659939281225,-30.662074924101532,153.31037462050767,45.9931123861523,76.65518731025384,-122.64829969640613,15.331037462050766,61.324149848203064
92.2,122.66721817042458,184.00082725563686,92.00041362781843,30.666804542606144,-61.33360908521229,6.1333609085212295,245.33443634084915,-30.666804542606144,153.33402271303072,46.000206813909216,76.66701135651536,-122.66721817042458,15.333402271303072,61.33360908521229
92.30000000000001,122.68794712684786,184.0319206902718,92.0159603451359,30.671986781711965,-61.34397356342393,6.134397356342394,245.37589425369572,-30.671986781711965,153.3599339085598,46.00798017256795,76.6799669542799,-122.68794712684786,15.335993390855982,61.34397356342393
92.4,122.71064576089067,184.065968641336,92.032984320668,30.677661440222668,-61.355322880445335,6.1355322880445335,245.42129152178134,-30.677661440222668,153.38830720111335,46.016492160334,76.69415360055667,-122.71064576089067,15.338830720111334,61.355322880445335
92.5,122.73539287311982,184.10308930967972,92.05154465483986,30.683848218279955,-61.36769643655991,6.136769643655992,245.47078574623964,-30.683848218279955,153.41924109139978,46.02577232741993,76.70962054569989,-122.73539287311982,15.341924109139978,61.36769643655991
92.60000000000001,122.76222277276531,184.14333415914797,92.07166707957398,30.690555693191328,-61.381111386382656,6.138111138638266,245.52444554553063,-30.690555693191328,153.45277846595664,46.03583353978699,76.72638923297832,-122.76222277276531,15.345277846595664,61.381111386382656
92.7,122.7911580329698,184.1867370494547,92.09336852472735,30.69778950824245,-61.3955790164849,6.139557901648491,245.5823160659396,-30.69778950824245,153.48894754121227,46.04668426236368,76.74447377060613,-122.7911580329698,15.348894754121226,61.3955790164849
92.80000000000001,122.82223228842028,184.2333484326304,92.1166742163152,30.70555807210507,-61.41111614421014,6.141111614421014,245.64446457684056,-30.70555807210507,153.52779036052536,46.0583371081576,76.76389518026268,-122.82223228842028,15.352779036052535,61.41111614421014
92.9,122.8555166701699,184.28327500525486,92.14163750262743,30.713879167542476,-61.42775833508495,6.142775833508495,245.7110333403398,-30.713879167542476,153.5693958377124,46.070818751313716,76.7846979188562,-122.8555166701699,15.356939583771238,61.42775833508495
93.0,122.89109904295266,184.336648564429,92.1683242822145,30.722774760738165,-61.44554952147633,6.144554952147633,245.78219808590532,-30.722774760738165,153.61387380369084,46.08416214110725,76.80693690184542,-122.89109904295266,15.361387380369083,61.44554952147633
93.10000000000001,122.92906609884164,184.39359914826247,92.19679957413123,30.73226652471041,-61.46453304942082,6.146453304942082,245.8581321976833,-30.73226652471041,153.66133262355206,46.09839978706562,76.83066631177603,-122.92906609884164,15.366133262355206,61.46453304942082
93.2,122.96955018279051,184.45432527418578,92.22716263709289,30.74238754569763,-61.48477509139526,6.148477509139526,245.93910036558103,-30.74238754569763,153.71193772848815,46.113581318546444,76.85596886424408,-122.96955018279051,15.371193772848814,61.48477509139526
93.30000000000001,123.01268413305462,184.51902619958193,92.25951309979096,30.753171033263655,-61.50634206652731,6.1506342066527315,246.02536826610924,-30.753171033263655,153.76585516631826,46.12975654989548,76.88292758315913,-123.01268413305462,15.376585516631827,61.50634206652731
93.4,123.05848838318795,184.5877325747819,92.29386628739095,30.764622095796987,-61.529244191593975,6.1529244191593975,246.1169767663759,-30.764622095796987,153.82311047898494,46.14693314369548,76.91155523949247,-123.05848838318795,15.382311047898494,61.529244191593975
93.5,123.10689876538366,184.66034814807549,92.33017407403774,30.776724691345915,-61.55344938269183,6.155344938269184,246.21379753076732,-30.776724691345915,153.88362345672957,46.16508703701887,76.94181172836478,-123.10689876538366,15.388362345672958,61.55344938269183
93.60000000000001,123.15786293210138,184.73679439815209,92.36839719907604,30.789465733025345,-61.57893146605069,6.157893146605069,246.31572586420276,-30.789465733025345,153.94732866512672,46.18419859953802,76.97366433256336,-123.15786293210138,15.394732866512673,61.57893146605069
93.7,123.21130387750655,184.81695581625982,92.40847790812991,30.802825969376638,-61.605651938753276,6.160565193875328,246.4226077550131,-30.802825969376638,154.01412984688318,46.204238954064955,77.00706492344159,-123.21130387750655,15.401412984688319,61.605651938753276
93.80000000000001,123.26710927295967,184.90066390943952,92.45033195471976,30.816777318239918,-61.633554636479836,6.163355463647984,246.53421854591934,-30.816777318239918,154.0838865911996,46.22516597735988,77.0419432955998,-123.26710927295967,15.408388659119959,61.633554636479836
93.9,123.32511983597837,184.98767975396754,92.49383987698377,30.831279958994593,-61.662559917989185,6.166255991798919,246.65023967195674,-30.831279958994593,154.15639979497297,46.246919938491885,77.07819989748648,-123.32511983597837,15.415639979497296,61.662559917989185
94.0,123.3851487746165,185.07772316192475,92.53886158096238,30.846287193654124,-61.69257438730825,6.169257438730825,246.770297549233,-30.846287193654124,154.23143596827063,46.26943079048119,77.11571798413532,-123.3851487746165,15.423143596827062,61.69257438730825
94.10000000000001,123.44703790592973,185.1705568588946,92.5852784294473,30.861759476482433,-61.72351895296487,6.172351895296487,246.89407581185947,-30.861759476482433,154.30879738241217,46.29263921472365,77.15439869120608,-123.44703790592973,15.430879738241217,61.72351895296487
94.2,123.51063160544778,185.26594740817168,92.63297370408584,30.877657901361946,-61.75531580272389,6.17553158027239,247.02126321089557,-30.877657901361946,154.38828950680974,46.31648685204292,77.19414475340487,-123.51063160544778,15.438828950680973,61.75531580272389
94.30000000000001,123.57575619482364,185.36363429223547,92.68181714611774,30.89393904870591,-61.78787809741182,6.178787809741182,247.15151238964728,-30.89393904870591,154.46969524352954,46.34090857305887,77.23484762176477,-123.57575619482364,15.446969524352955,61.78787809741182
94.4,123.64223635286953,185.4633545293043,92.73167726465215,30.910559088217383,-61.821118176434766,6.182111817643477,247.28447270573906,-30.910559088217383,154.55279544108691,46.365838632326074,77.27639772054346,-123.64223635286953,15.455279544108691,61.821118176434766
94.5,123.70989901129465,185.564848516942,92.782424258471,30.927474752823663,-61.854949505647326,6.185494950564733,247.4197980225893,-30.927474752823663,154.6373737641183,46.3912121292355,77.31868688205915,-123.70989901129465,15.463737376411832,61.854949505647326
94.60000000000001,123.7785866674152,185.6678800011228,92.8339400005614,30.9446466668538,-61.8892933337076,6.18892933337076,247.5571733348304,-30.9446466668538,154.723233334269,46.4169700002807,77.3616166671345,-123.7785866674152,15.4723233334269,61.8892933337076
94.7,123.84815066026911,185.77222599040368,92.88611299520184,30.962037665067278,-61.924075330134556,6.192407533013456,247.69630132053823,-30.962037665067278,154.81018832533638,46.44305649760092,77.40509416266819,-123.84815066026911,15.481018832533639,61.924075330134556
94.80000000000001,123.9185032466866,185.8777548700299,92.93887743501494,30.97962581167165,-61.9592516233433,6.19592516233433,247.8370064933732,-30.97962581167165,154.89812905835825,46.46943871750747,77.44906452917913,-123.9185032466866,15.489812905835825,61.9592516233433
94.9,123.98952703566928,185.9842905535039,92.99214527675196,30.99738175891732,-61.99476351783464,6.199476351783464,247.97905407133857,-30.99738175891732,154.9869087945866,46.49607263837598,77.4934543972933,-123.98952703566928,15.49869087945866,61.99476351783464
95.0,124.0610767886368,186.0916151829552,93.0458075914776,31.0152691971592,-62.0305383943184,6.20305383943184,248.1221535772736,-31.0152691971592,155.076345985796,46.5229037957388,77.538172992898,-124.0610767886368,15.5076345985796,62.0305383943184
95.10000000000001,124.13299401781731,186.19949102672598,93.09974551336299,31.033248504454328,-62.066497008908655,6.206649700890866,248.26598803563462,-31.033248504454328,155.16624252227163,46.549872756681495,77.58312126113582,-124.13299401781731,15.516624252227164,62.066497008908655
95.2,124.20504583136155,186.30756874704232,93.15378437352116,31.051261457840386,-62.10252291568077,6.210252291568078,248.4100916627231,-31.051261457840386,155.25630728920194,46.57689218676058,77.62815364460097,-124.20504583136155,15.525630728920193,62.10252291568077
95.30000000000001,124.27695145712106,186.41542718568158,93.20771359284079,31.069237864280264,-62.13847572856053,6.213847572856054,248.55390291424212,-31.069237864280264,155.3461893214013,46.603856796420395,77.67309466070066,-124.27695145712106,15.534618932140132,62.13847572856053
95.4,124.34840262680558,186.52260394020837,93.26130197010418,31.087100656701395,-62.17420131340279,6.21742013134028,248.69680525361116,-31.087100656701395,155.435503283507,46.63065098505209,77.7177516417535,-124.34840262680558,15.543550328350697,62.17420131340279
95.5,124.41909212899124,186.62863819348686,93.31431909674343,31.10477303224781,-62.20954606449562,6.220954606449562,248.83818425798248,-31.10477303224781,155.52386516123906,46.657159548371716,77.76193258061953,-124.41909212899124,15.552386516123905,62.20954606449562
95.60000000000001,124.48872123271886,186.7330818490783,93.36654092453915,31.122180308179715,-62.24436061635943,6.224436061635943,248.97744246543772,-31.122180308179715,155.61090154089857,46.683270462269576,77.80545077044928,-124.48872123271886,15.561090154089857,62.24436061635943
95.7,124.55703974822828,186.83555962234243,93.41777981117121,31.13925993705707,-62.27851987411414,6.227851987411414,249.11407949645655,-31.13925993705707,155.69629968528534,46.70888990558561,77.84814984264267,-124.55703974822828,15.569629968528535,62.27851987411414
95.80000000000001,124.62377134607847,186.9356570191177,93.46782850955886,31.155942836519618,-62.311885673039235,6.231188567303924,249.24754269215694,-31.155942836519618,155.7797141825981,46.73391425477943,77.88985709129905,-124.62377134607847,15.577971418259809,62.311885673039235
95.9,124.68861976943295,187.03292965414943,93.51646482707471,31.172154942358237,-62.34430988471647,6.234430988471647,249.3772395388659,-31.172154942358237,155.86077471179118,46.75823241353736,77.93038735589559,-124.68861976943295,15.586077471179118,62.34430988471647
96.0,124.75133329634977,187.12699994452464,93.56349997226232,31.187833324087443,-62.375666648174885,6.237566664817489,249.50266659269954,-31.187833324087443,155.93916662043722,46.78174998613116,77.96958331021861,-124.75133329634977,15.593916662043721,62.375666648174885
96.10000000000001,124.81164092046653,187.2174613806998,93.6087306903499,31.202910230116633,-62.405820460233265,6.240582046023327,249.62328184093306,-31.202910230116633,156.01455115058317,46.80436534517495,78.00727557529159,-124.81164092046653,15.601455115058316,62.405820460233265
96.2,124.86924816922624,187.30387225383936,93.65193612691968,31.21731204230656,-62.43462408461312,6.243462408461312,249.73849633845248,-31.21731204230656,156.0865602115328,46.82596806345984,78.0432801057664,-124.86924816922624,15.60865602115328,62.43462408461312
96.30000000000001,124.92395074868686,187.3859261230303,93.69296306151514,31.230987687171716,-62.46197537434343,6.246197537434344,249.84790149737373,-31.230987687171716,156.15493843585858,46.84648153075757,78.07746921792929,-124.92395074868686,15.615493843585858,62.46197537434343
96.4,124.97562588416427,187.4634388262464,93.7317194131232,31.24390647104107,-62.48781294208214,6.248781294208214,249.95125176832855,-31.24390647104107,156.21953235520533,46.8658597065616,78.10976617760267,-124.97562588416427,15.621953235520534,62.48781294208214
96.5,125.02416761841039,187.53625142761558,93.76812571380779,31.256041904602597,-62.512083809205194,6.25120838092052,250.04833523682078,-31.256041904602597,156.28020952301299,46.884062856903896,78.14010476150649,-125.02416761841039,15.628020952301299,62.512083809205194
96.60000000000001,125.06952138204228,187.60428207306342,93.80214103653171,31.26738034551057,-62.53476069102114,6.253476069102114,250.13904276408456,-31.26738034551057,156.33690172755286,46.901070518265854,78.16845086377643,-125.06952138204228,15.633690172755285,62.53476069102114
96.7,125.11169720729836,187.66754581094756,93.83377290547378,31.27792430182459,-62.55584860364918,6.255584860364919,250.22339441459673,-31.27792430182459,156.38962150912295,46.91688645273689,78.19481075456147,-125.11169720729836,15.638962150912295,62.55584860364918
96.80000000000001,125.15072087851924,187.72608131777886,93.86304065888943,31.28768021962981,-62.57536043925962,6.257536043925962,250.30144175703848,-31.28768021962981,156.43840109814906,46.931520329444716,78.21920054907453,-125.15072087851924,15.643840109814905,62.57536043925962
96.9,125.18672366816969,187.78008550225454,93.89004275112727,31.296680917042423,-62.593361834084845,6.259336183408485,250.37344733633938,-31.296680917042423,156.4834045852121,46.945021375563634,78.24170229260605,-125.18672366816969,15.648340458521211,62.593361834084845
97.0,125.21989686739238,187.82984530108857,93.91492265054428,31.304974216848095,-62.60994843369619,6.26099484336962,250.43979373478476,-31.304974216848095,156.5248710842405,46.95746132527214,78.26243554212024,-125.21989686739238,15.652487108424047,62.60994843369619
97.10000000000001,125.25038906302531,187.87558359453797,93.93779179726899,31.312597265756327,-62.625194531512655,6.262519453151266,250.50077812605062,-31.312597265756327,156.56298632878165,46.96889589863449,78.28149316439082,-125.25038906302531,15.656298632878164,62.625194531512655
97.2,125.27839866484993,187.9175979972749,93.95879899863745,31.319599666212483,-62.639199332424965,6.263919933242497,250.55679732969986,-31.319599666212483,156.5979983310624,46.979399499318724,78.2989991655312,-125.27839866484993,15.659799833106241,62.639199332424965
97.30000000000001,125.30417343623719,187.9562601543558,93.9781300771779,31.326043359059298,-62.652086718118596,6.26520867181186,250.60834687247439,-31.326043359059298,156.6302167952965,46.98906503858895,78.31510839764825,-125.30417343623719,15.663021679529649,62.652086718118596
97.4,125.32803351820063,187.99205027730093,93.99602513865047,31.332008379550157,-62.66401675910031,6.266401675910032,250.65606703640125,-31.332008379550157,156.66004189775077,46.99801256932523,78.33002094887539,-125.32803351820063,15.666004189775078,62.66401675910031
97.5,125.35036972631758,188.02555458947637,94.01277729473819,31.337592431579395,-62.67518486315879,6.267518486315879,250.70073945263516,-31.337592431579395,156.68796215789698,47.00638864736909,78.34398107894849,-125.35036972631758,15.668796215789698,62.67518486315879
97.60000000000001,125.37158876379067,188.057383145686,94.028691572843,31.342897190947667,-62.685794381895334,6.2685794381895334,250.74317752758134,-31.342897190947667,156.71448595473834,47.0143457864215,78.35724297736917,-125.37158876379067,15.671448595473834,62.685794381895334
97.7,125.39202159931368,188.0880323989705,94.04401619948526,31.34800539982842,-62.69601079965684,6.2696010799656845,250.78404319862736,-31.34800539982842,156.7400269991421,47.02200809974263,78.37001349957104,-125.39202159931368,15.67400269991421,62.69601079965684
97.80000000000001,125.41194149825553,188.1179122473833,94.05895612369164,31.352985374563882,-62.705970749127765,6.270597074912777,250.82388299651106,-31.352985374563882,156.76492687281942,47.02947806184582,78.38246343640971,-125.41194149825553,15.676492687281941,62.705970749127765
97.9,125.43158882670586,188.1473832400588,94.0736916200294,31.357897206676466,-62.71579441335293,6.271579441335294,250.86317765341173,-31.357897206676466,156.78948603338233,47.0368458100147,78.39474301669117,-125.43158882670586,15.678948603338233,62.71579441335293
98.0,125.45125298322884,188.17687947484325,94.08843973742162,31.36281324580721,-62.72562649161442,6.272562649161443,250.90250596645768,-31.36281324580721,156.81406622903606,47.04421986871081,78.40703311451803,-125.45125298322884,15.681406622903605,62.72562649161442
98.10000000000001,125.47124026499866,188.206860397498,94.103430198749,31.367810066249664,-62.73562013249933,6.273562013249933,250.9424805299973,-31.367810066249664,156.83905033124833,47.0517150993745,78.41952516562417,-125.47124026499866,15.683905033124832,62.73562013249933
98.2,125.49184297107877,188.23776445661815,94.11888222830908,31.372960742769692,-62.745921485539384,6.274592148553939,250.98368594215754,-31.372960742769692,156.86480371384846,47.05944111415454,78.43240185692423,-125.49184297107877,15.686480371384846,62.745921485539384
98.30000000000001,125.51328753186348,188.2699312977952,94.1349656488976,31.37832188296587,-62.75664376593174,6.275664376593174,251.02657506372697,-31.37832188296587,156.89160941482936,47.0674828244488,78.44580470741468,-125.51328753186348,15.689160941482935,62.75664376593174
98.4,125.5357624329269,188.30364364939035,94.15182182469518,31.383940608231725,-62.76788121646345,6.276788121646345,251.0715248658538,-31.383940608231725,156.91970304115864,47.07591091234759,78.45985152057932,-125.5357624329269,15.691970304115863,62.76788121646345
98.5,125.55948713521879,188.3392307028282,94.1696153514141,31.389871783804697,-62.779743567609394,6.277974356760939,251.11897427043758,-31.389871783804697,156.9493589190235,47.08480767570705,78.47467945951175,-125.55948713521879,15.694935891902349,62.779743567609394
98.60000000000001,125.58463001116283,188.37694501674423,94.18847250837212,31.396157502790707,-62.792315005581415,6.279231500558142,251.16926002232566,-31.396157502790707,156.98078751395354,47.09423625418606,78.49039375697677,-125.58463001116283,15.698078751395354,62.792315005581415
98.7,125.61136686576359,188.4170502986454,94.2085251493227,31.402841716440896,-62.80568343288179,6.28056834328818,251.22273373152717,-31.402841716440896,157.01420858220447,47.10426257466135,78.50710429110224,-125.61136686576359,15.701420858220448,62.80568343288179
98.80000000000001,125.63985585678726,188.4597837851809,94.22989189259044,31.409963964196816,-62.81992792839363,6.281992792839364,251.27971171357453,-31.409963964196816,157.04981982098408,47.11494594629522,78.52490991049204,-125.63985585678726,15.704981982098408,62.81992792839363
98.9,125.6701780279285,188.50526704189275,94.25263352094638,31.417544506982125,-62.83508901396425,6.283508901396425,251.340356055857,-31.417544506982125,157.08772253491063,47.12631676047319,78.54386126745531,-125.6701780279285,15.708772253491063,62.83508901396425
99.0,125.70239474020386,188.55359211030577,94.27679605515289,31.425598685050964,-62.85119737010193,6.285119737010193,251.40478948040771,-31.425598685050964,157.12799342525483,47.13839802757644,78.56399671262741,-125.70239474020386,15.712799342525482,62.85119737010193
99.10000000000001,125.73659705507183,188.60489558260775,94.30244779130388,31.434149263767956,-62.86829852753591,6.286829852753591,251.47319411014365,-31.434149263767956,157.17074631883978,47.15122389565194,78.58537315941989,-125.73659705507183,15.717074631883978,62.86829852753591
99.2,125.77286972758777,188.65930459138167,94.32965229569083,31.443217431896944,-62.88643486379389,6.288643486379389,251.54573945517555,-31.443217431896944,157.21608715948472,47.16482614784542,78.60804357974236,-125.77286972758777,15.721608715948472,62.88643486379389
99.30000000000001,125.81126029034303,188.71689043551453,94.35844521775726,31.452815072585757,-62.905630145171514,6.290563014517152,251.62252058068606,-31.452815072585757,157.2640753629288,47.17922260887863,78.6320376814644,-125.81126029034303,15.726407536292879,62.905630145171514
99.4,125.85175389192413,188.7776308378862,94.3888154189431,31.462938472981033,-62.92587694596207,6.292587694596207,251.70350778384827,-31.462938472981033,157.31469236490517,47.19440770947155,78.65734618245259,-125.85175389192413,15.731469236490517,62.92587694596207
99.5,125.89428042428997,188.84142063643498,94.42071031821749,31.473570106072494,-62.94714021214499,6.294714021214499,251.78856084857995,-31.473570106072494,157.36785053036246,47.210355159108744,78.68392526518123,-125.89428042428997,15.736785053036247,62.94714021214499
99.60000000000001,125.93878301139647,188.9081745170947,94.45408725854735,31.484695752849117,-62.96939150569823,6.296939150569823,251.87756602279293,-31.484695752849117,157.42347876424557,47.22704362927367,78.71173938212279,-125.93878301139647,15.742347876424558,62.96939150569823
99.7,125.98523414142967,188.97785121214451,94.48892560607226,31.496308535357418,-62.992617070714836,6.299261707071484,251.97046828285934,-31.496308535357418,157.4815426767871,47.24446280303613,78.74077133839354,-125.98523414142967,15.748154267678709,62.992617070714836
99.80000000000001,126.03354921167524,189.05032381751286,94.52516190875643,31.50838730291881,-63.01677460583762,6.301677460583762,252.06709842335047,-31.50838730291881,157.54193651459406,47.262580954378215,78.77096825729703,-126.03354921167524,15.754193651459405,63.01677460583762
99.9,126.08363461618237,189.12545192427353,94.56272596213677,31.52090865404559,-63.04181730809118,6.304181730809119,252.16726923236473,-31.52090865404559,157.60454327022796,47.28136298106838,78.80227163511398,-126.08363461618237,15.760454327022796,63.04181730809118
100.0,126.13539158933031,189.20308738399547,94.60154369199773,31.533847897332578,-63.067695794665156,6.306769579466516,252.27078317866062,-31.533847897332578,157.6692394866629,47.30077184599887,78.83461974333144,-126.13539158933031,15.766923948666289,63.067695794665156
100.10000000000001,126.18872342159705,189.28308513239557,94.64154256619778,31.54718085539926,-63.09436171079852,6.309436171079852,252.3774468431941,-31.54718085539926,157.7359042769963,47.32077128309889,78.86795213849815,-126.18872342159705,15.77359042769963,63.09436171079852
100.2,126.24353215795645,189.36529823693468,94.68264911846734,31.560883039489113,-63.121766078978226,6.312176607897823,252.4870643159129,-31.560883039489113,157.80441519744556,47.34132455923367,78.90220759872278,-126.24353215795645,15.780441519744556,63.121766078978226
100.30000000000001,126.29973410947878,189.44960116421817,94.72480058210908,31.574933527369694,-63.14986705473939,6.314986705473939,252.59946821895755,-31.574933527369694,157.87466763684847,47.36240029105454,78.93733381842424,-126.29973410947878,15.787466763684847,63.14986705473939
100.4,126.35731292378543,189.53596938567813,94.76798469283906,31.589328230946357,-63.178656461892714,6.317865646189272,252.71462584757086,-31.589328230946357,157.9466411547318,47.38399234641953,78.9733205773659,-126.35731292378543,15.794664115473179,63.178656461892714
100.5,126.41632343674507,189.6244851551176,94.8122425775588,31.60408085918627,-63.20816171837254,6.320816171837254,252.83264687349015,-31.60408085918627,158.02040429593134,47.4061212887794,79.01020214796567,-126.41632343674507,15.802040429593134,63.20816171837254
100.60000000000001,126.47682214629165,189.7152332194375,94.85761660971875,31.619205536572913,-63.238411073145826,6.323841107314583,252.9536442925833,-31.619205536572913,158.09602768286456,47.42880830485937,79.04801384143228,-126.47682214629165,15.809602768286457,63.238411073145826
100.7,126.53888887130556,189.80833330695833,94.90416665347917,31.63472221782639,-63.26944443565278,6.326944443565278,253.07777774261112,-31.63472221782639,158.17361108913195,47.45208332673958,79.08680554456598,-126.53888887130556,15.817361108913195,63.26944443565278
100.80000000000001,126.6026150117732,189.9039225176598,94.9519612588299,31.6506537529433,-63.3013075058866,6.33013075058866,253.2052300235464,-31.6506537529433,158.2532687647165,47.47598062941495,79.12663438235825,-126.6026150117732,15.82532687647165,63.3013075058866
100.9,126.66811349398225,190.00217024097338,95.00108512048669,31.66702837349556,-63.33405674699112,6.3334056746991125,253.3362269879645,-31.66702837349556,158.3351418674778,47.500542560243346,79.1675709337389,-126.66811349398225,15.83351418674778,63.33405674699112
101.0,126.73545145505376,190.10317718258065,95.05158859129033,31.68386286376344,-63.36772572752688,6.336772572752689,253.47090291010753,-31.68386286376344,158.41931431881721,47.52579429564516,79.20965715940861,-126.73545145505376,15.84193143188172,63.36772572752688
101.10000000000001,126.80457627811974,190.20686441717962,95.10343220858981,31.701144069529935,-63.40228813905987,6.340228813905988,253.60915255623948,-31.701144069529935,158.50572034764969,47.551716104294904,79.25286017382484,-126.80457627811974,15.850572034764967,63.40228813905987
101.2,126.87538203052308,190.31307304578462,95.15653652289231,31.71884550763077,-63.43769101526154,6.343769101526155,253.75076406104617,-31.71884550763077,158.59422753815386,47.578268261446155,79.29711376907693,-126.87538203052308,15.859422753815386,63.43769101526154
101.30000000000001,126.94777754895182,190.42166632342773,95.21083316171386,31.736944387237955,-63.47388877447591,6.3473888774475915,253.89555509790364,-31.736944387237955,158.68472193618976,47.60541658085693,79.34236096809488,-126.94777754895182,15.868472193618977,63.47388877447591
101.4,127.02166177952144,190.53249266928216,95.26624633464108,31.75541544488036,-63.51083088976072,6.351083088976072,254.04332355904288,-31.75541544488036,158.7770772244018,47.63312316732054,79.3885386122009,-127.02166177952144,15.87770772244018,63.51083088976072
101.5,127.09694870937332,190.64542306405997,95.32271153202998,31.77423717734333,-63.54847435468666,6.354847435468667,254.19389741874664,-31.77423717734333,158.87118588671666,47.66135576601499,79.43559294335833,-127.09694870937332,15.887118588671665,63.54847435468666
101.60000000000001,127.17356150450544,190.76034225675818,95.38017112837909,31.79339037612636,-63.58678075225272,6.3586780752252725,254.3471230090109,-31.79339037612636,158.9669518806318,47.690085564189545,79.4834759403159,-127.17356150450544,15.89669518806318,63.58678075225272
101.7,127.2514131952195,190.87711979282926,95.43855989641463,31.812853298804875,-63.62570659760975,6.3625706597609755,254.502826390439,-31.812853298804875,159.06426649402437,47.719279948207316,79.53213324701218,-127.2514131952195,15.906426649402437,63.62570659760975
101.80000000000001,127.33041317921955,190.99561976882933,95.49780988441466,31.832603294804887,-63.665206589609774,6.366520658960978,254.6608263584391,-31.832603294804887,159.16301647402443,47.74890494220733,79.58150823701222,-127.33041317921955,15.916301647402443,63.665206589609774
101.9,127.41051525580131,191.11577288370196,95.55788644185098,31.85262881395033,-63.70525762790066,6.370525762790066,254.82103051160263,-31.85262881395033,159.26314406975163,47.77894322092549,79.63157203487582,-127.41051525580131,15.926314406975164,63.70525762790066
102.0,127.4916081491878,191.2374122237817,95.61870611189084,31.87290203729695,-63.7458040745939,6.374580407459391,254.9832162983756,-31.87290203729695,159.36451018648475,47.80935305594542,79.68225509324238,-127.4916081491878,15.936451018648475,63.7458040745939
102.10000000000001,127.57354174431366,191.36031261647048,95.68015630823524,31.893385436078415,-63.78677087215683,6.378677087215683,255.14708348862732,-31.893385436078415,159.46692718039208,47.84007815411762,79.73346359019604,-127.57354174431366,15.946692718039207,63.78677087215683
102.2,127.65616086341808,191.4842412951271,95.74212064756355,31.91404021585452,-63.82808043170904,6.382808043170904,255.31232172683616,-31.91404021585452,159.5702010792726,47.871060323781776,79.7851005396363,-127.65616086341808,15.95702010792726,63.82808043170904
102.30000000000001,127.73933780262787,191.60900670394182,95.80450335197091,31.934834450656968,-63.869668901313936,6.386966890131394,255.47867560525575,-31.934834450656968,159.67417225328484,47.902251675985454,79.83708612664242,-127.73933780262787,15.967417225328484,63.869668901313936
102.4,127.82290537899469,191.73435806849204,95.86717903424602,31.955726344748673,-63.911452689497345,6.391145268949735,255.64581075798938,-31.955726344748673,159.77863172374336,47.93358951712301,79.88931586187168,-127.82290537899469,15.977863172374336,63.911452689497345
102.5,127.9067079343216,191.8600619014824,95.9300309507412,31.9766769835804,-63.9533539671608,6.395335396716081,255.8134158686432,-31.9766769835804,159.883384917902,47.9650154753706,79.941692458951,-127.9067079343216,15.9883384917902,63.9533539671608
102.60000000000001,127.9906072116894,191.9859108175341,95.99295540876705,31.99765180292235,-63.9953036058447,6.39953036058447,255.9812144233788,-31.99765180292235,159.98825901461174,47.99647770438352,79.99412950730587,-127.9906072116894,15.998825901461174,63.9953036058447
102.7,128.07447962234934,192.111719433524,96.055859716762,32.018619905587336,-64.03723981117467,6.4037239811174675,256.1489592446987,-32.018619905587336,160.0930995279367,48.027929858381,80.04654976396834,-128.07447962234934,16.009309952793668,64.03723981117467
102.80000000000001,128.15818072971075,192.23727109456613,96.11863554728306,32.03954518242769,-64.07909036485538,6.407909036485538,256.3163614594215,-32.03954518242769,160.19772591213842,48.05931777364153,80.09886295606921,-128.15818072971075,16.019772591213844,64.07909036485538
102.9,128.24151918920853,192.3622787838128,96.1811393919064,32.06037979730213,-64.12075959460427,6.412075959460427,256.48303837841706,-32.06037979730213,160.30189898651065,48.0905696959532,80.15094949325533,-128.24151918920853,16.030189898651066,64.12075959460427
103.0,128.32441005233852,192.48661507850778,96.24330753925389,32.08110251308463,-64.16220502616926,6.416220502616927,256.64882010467704,-32.08110251308463,160.40551256542315,48.121653769626946,80.20275628271158,-128.32441005233852,16.040551256542315,64.16220502616926
103.10000000000001,128.4067833953664,192.6101750930496,96.3050875465248,32.1016958488416,-64.2033916976832,6.4203391697683205,256.8135667907328,-32.1016958488416,160.508479244208,48.1525437732624,80.254239622104,-128.4067833953664,16.0508479244208,64.2033916976832
103.2,128.4885988969678,192.7328983454517,96.36644917272585,32.12214972424195,-64.2442994484839,6.424429944848391,256.9771977939356,-32.12214972424195,160.61074862120975,48.183224586362925,80.30537431060488,-128.4885988969678,16.061074862120975,64.2442994484839
103.30000000000001,128.5699104611142,192.8548656916713,96.42743284583565,32.14247761527855,-64.2849552305571,6.428495523055711,257.1398209222284,-32.14247761527855,160.71238807639276,48.21371642291783,80.35619403819638,-128.5699104611142,16.071238807639276,64.2849552305571
103.4,128.6508186920487,192.97622803807303,96.48811401903652,32.16270467301217,-64.32540934602434,6.432540934602435,257.3016373840974,-32.16270467301217,160.81352336506086,48.24405700951826,80.40676168253043,-128.6508186920487,16.081352336506086,64.32540934602434
103.5,128.7314195023539,193.09712925353085,96.54856462676543,32.182854875588475,-64.36570975117695,6.436570975117696,257.4628390047078,-32.182854875588475,160.91427437794238,48.27428231338271,80.45713718897119,-128.7314195023539,16.091427437794238,64.36570975117695
103.60000000000001,128.81185603393055,193.21778405089583,96.60889202544791,32.20296400848264,-64.40592801696528,6.440592801696528,257.6237120678611,-32.20296400848264,161.0148200424132,48.30444601272396,80.5074100212066,-128.81185603393055,16.10148200424132,64.40592801696528
103.7,128.89224579984534,193.338368699768,96.669184349884,32.223061449961335,-64.44612289992267,6.444612289992268,257.7844915996907,-32.223061449961335,161.11530724980668,48.334592174942,80.55765362490334,-128.89224579984534,16.111530724980668,64.44612289992267
103.80000000000001,128.97266283456614,193.45899425184922,96.72949712592461,32.243165708641534,-64.48633141728307,6.448633141728307,257.9453256691323,-32.243165708641534,161.21582854320766,48.364748562962305,80.60791427160383,-128.97266283456614,16.121582854320767,64.48633141728307
103.9,129.05323370192173,193.5798505528826,96.7899252764413,32.26330842548043,-64.52661685096086,6.4526616850960865,258.10646740384345,-32.26330842548043,161.31654212740216,48.39496263822065,80.65827106370108,-129.05323370192173,16.131654212740216,64.52661685096086
104.0,129.13415445169713,193.7012316775457,96.85061583877285,32.28353861292428,-64.56707722584856,6.456707722584857,258.26830890339426,-32.28353861292428,161.4176930646214,48.42530791938643,80.7088465323107,-129.13415445169713,16.14176930646214,64.56707722584856
104.10000000000001,129.21561625893003,193.82342438839504,96.91171219419752,32.30390406473251,-64.60780812946501,6.460780812946502,258.43123251786005,-32.30390406473251,161.51952032366253,48.45585609709876,80.75976016183127,-129.21561625893003,16.151952032366253,64.60780812946501
104.2,129.29771987747904,193.94657981621856,96.97328990810928,32.32442996936976,-64.64885993873952,6.464885993873953,258.5954397549581,-32.32442996936976,161.6221498468488,48.48664495405464,80.8110749234244,-129.29771987747904,16.16221498468488,64.64885993873952
104.30000000000001,129.38044537987662,194.07066806981493,97.03533403490746,32.345111344969155,-64.69022268993831,6.4690222689938315,258.76089075975324,-32.345111344969155,161.72555672484577,48.51766701745373,80.86277836242289,-129.38044537987662,16.172555672484577,64.69022268993831
104.4,129.4637390306488,194.19560854597322,97.09780427298661,32.3659347576622,-64.7318695153244,6.4731869515324405,258.9274780612976,-32.3659347576622,161.82967378831103,48.548902136493304,80.91483689415551,-129.4637390306488,16.1829673788311,64.7318695153244
104.5,129.54752029158672,194.3212804373801,97.16064021869005,32.38688007289668,-64.77376014579336,6.477376014579336,259.09504058317344,-32.38688007289668,161.9344003644834,48.580320109345024,80.9672001822417,-129.54752029158672,16.19344003644834,64.77376014579336
104.60000000000001,129.63175512701667,194.447632690525,97.2238163452625,32.40793878175417,-64.81587756350834,6.481587756350834,259.26351025403335,-32.40793878175417,162.03969390877086,48.61190817263125,81.01984695438543,-129.63175512701667,16.203969390877084,64.81587756350834
104.7,129.7164322556333,194.57464838344993,97.28732419172496,32.42910806390832,-64.85821612781665,6.485821612781665,259.4328645112666,-32.42910806390832,162.14554031954162,48.64366209586248,81.07277015977081,-129.7164322556333,16.21455403195416,64.85821612781665
104.80000000000001,129.80150890051505,194.70226335077257,97.35113167538628,32.45037722512876,-64.90075445025752,6.490075445025752,259.6030178010301,-32.45037722512876,162.2518861256438,48.67556583769314,81.1259430628219,-129.80150890051505,16.22518861256438,64.90075445025752
104.9,129.88693488358587,194.8304023253788,97.4152011626894,32.47173372089647,-64.94346744179293,6.4943467441792935,259.77386976717173,-32.47173372089647,162.35866860448232,48.7076005813447,81.17933430224116,-129.88693488358587,16.235866860448233,64.94346744179293
105.0,129.97274738734933,194.959121081024,97.479560540512,32.49318684683733,-64.98637369367466,6.498637369367467,259.94549477469866,-32.49318684683733,162.46593423418665,48.739780270256,81.23296711709332,-129.97274738734933,16.246593423418666,64.98637369367466
105.10000000000001,130.05895058456844,195.08842587685265,97.54421293842633,32.51473764614211,-65.02947529228422,6.502947529228422,260.11790116913687,-32.51473764614211,162.57368823071056,48.77210646921316,81.28684411535528,-130.05895058456844,16.257368823071054,65.02947529228422
105.2,130.14553075391342,195.21829613087013,97.60914806543506,32.536382688478355,-65.07276537695671,6.507276537695671,260.29106150782684,-32.536382688478355,162.68191344239176,48.80457403271753,81.34095672119588,-130.14553075391342,16.268191344239177,65.07276537695671
105.30000000000001,130.2324728368876,195.3487092553314,97.6743546276657,32.5581182092219,-65.1162364184438,6.5116236418443805,260.4649456737752,-32.5581182092219,162.7905910461095,48.83717731383285,81.39529552305476,-130.2324728368876,16.27905910461095,65.1162364184438
105.4,130.31978374787803,195.47967562181705,97.73983781090853,32.57994593696951,-65.15989187393902,6.515989187393902,260.63956749575607,-32.57994593696951,162.89972968484756,48.86991890545426,81.44986484242378,-130.31978374787803,16.289972968484754,65.15989187393902
105.5,130.40747213101795,195.61120819652695,97.80560409826347,32.60186803275449,-65.20373606550898,6.520373606550898,260.8149442620359,-32.60186803275449,163.00934016377244,48.902802049131736,81.50467008188622,-130.40747213101795,16.300934016377244,65.20373606550898
105.60000000000001,130.4955060580101,195.74325908701516,97.87162954350758,32.62387651450253,-65.24775302900505,6.524775302900506,260.9910121160202,-32.62387651450253,163.11938257251262,48.93581477175379,81.55969128625631,-130.4955060580101,16.311938257251263,65.24775302900505
105.7,130.583882666879,195.8758240003185,97.93791200015924,32.64597066671975,-65.2919413334395,6.52919413334395,261.167765333758,-32.64597066671975,163.22985333359873,48.96895600007962,81.61492666679936,-130.583882666879,16.322985333359874,65.2919413334395
105.80000000000001,130.67263962693121,196.00895944039684,98.00447972019842,32.668159906732804,-65.33631981346561,6.533631981346561,261.34527925386243,-32.668159906732804,163.340799533664,49.00223986009921,81.670399766832,-130.67263962693121,16.334079953366402,65.33631981346561
105.9,130.76182467900983,196.14273701851477,98.07136850925738,32.69045616975246,-65.38091233950492,6.538091233950492,261.52364935801967,-32.69045616975246,163.45228084876229,49.03568425462869,81.72614042438114,-130.76182467900983,16.34522808487623,65.38091233950492
106.0,130.85148218569324,196.27722327853985,98.13861163926993,32.71287054642331,-65.42574109284662,6.542574109284662,261.7029643713865,-32.71287054642331,163.56435273211656,49.06930581963496,81.78217636605828,-130.85148218569324,16.356435273211655,65.42574109284662
106.10000000000001,130.9416807424067,196.41252111361007,98.20626055680503,32.735420185601676,-65.47084037120335,6.547084037120335,261.8833614848134,-32.735420185601676,163.67710092800837,49.10313027840252,81.83855046400419,-130.9416807424067,16.367710092800838,65.47084037120335
106.2,131.03249586139054,196.54874379208582,98.27437189604291,32.758123965347636,-65.51624793069527,6.551624793069528,262.0649917227811,-32.758123965347636,163.79061982673818,49.137185948021454,81.89530991336909,-131.03249586139054,16.379061982673818,65.51624793069527
106.30000000000001,131.12396158451543,196.68594237677314,98.34297118838657,32.78099039612886,-65.56198079225771,6.556198079225772,262.24792316903086,-32.78099039612886,163.90495198064428,49.171485594193285,81.95247599032214,-131.12396158451543,16.39049519806443,65.56198079225771
106.4,131.2161108877959,196.82416633169385,98.41208316584692,32.80402772194898,-65.60805544389795,6.560805544389796,262.4322217755918,-32.80402772194898,164.0201386097449,49.20604158292346,82.01006930487245,-131.2161108877959,16.40201386097449,65.60805544389795
106.5,131.3090389040303,196.96355835604544,98.48177917802272,32.827259726007576,-65.65451945201515,6.565451945201516,262.6180778080606,-32.827259726007576,164.13629863003789,49.24088958901136,82.06814931501894,-131.3090389040303,16.413629863003788,65.65451945201515
106.60000000000001,131.4028243836041,197.10423657540616,98.55211828770308,32.850706095901025,-65.70141219180205,6.570141219180205,262.8056487672082,-32.850706095901025,164.25353047950512,49.27605914385154,82.12676523975256,-131.4028243836041,16.425353047950512,65.70141219180205
106.7,131.4974120806563,197.24611812098442,98.62305906049221,32.87435302016407,-65.74870604032814,6.574870604032815,262.9948241613126,-32.87435302016407,164.37176510082037,49.311529530246105,82.18588255041018,-131.4974120806563,16.437176510082036,65.74870604032814
106.80000000000001,131.59269153177354,197.3890372976603,98.69451864883015,32.898172882943385,-65.79634576588677,6.579634576588678,263.1853830635471,-32.898172882943385,164.49086441471692,49.34725932441508,82.24543220735846,-131.59269153177354,16.449086441471692,65.79634576588677
106.9,131.6885407517562,197.5328111276343,98.76640556381714,32.92213518793905,-65.8442703758781,6.58442703758781,263.3770815035124,-32.92213518793905,164.61067593969523,49.38320278190857,82.30533796984761,-131.6885407517562,16.461067593969524,65.8442703758781
107.0,131.78482412414587,197.6772361862188,98.8386180931094,32.94620603103647,-65.89241206207294,6.589241206207294,263.56964824829174,-32.94620603103647,164.73103015518234,49.4193090465547,82.36551507759117,-131.78482412414587,16.473103015518234,65.89241206207294
107.10000000000001,131.88142598410224,197.82213897615335,98.91106948807668,32.97035649602556,-65.94071299205112,6.594071299205112,263.7628519682045,-32.97035649602556,164.85178248012778,49.45553474403834,82.42589124006389,-131.88142598410224,16.48517824801278,65.94071299205112
107.2,131.9782568058865,197.96738520882974,98.98369260441487,32.994564201471626,-65.98912840294325,6.598912840294325,263.956513611773,-32.994564201471626,164.97282100735814,49.491846302207435,82.48641050367907,-131.9782568058865,16.497282100735813,65.98912840294325
107.30000000000001,132.07521174377305,198.1128176156596,99.0564088078298,33.01880293594326,-66.03760587188653,6.603760587188653,264.1504234875461,-33.01880293594326,165.0940146797163,49.5282044039149,82.54700733985815,-132.07521174377305,16.50940146797163,66.03760587188653
107.4,132.17215263787526,198.2582289568129,99.12911447840645,33.043038159468814,-66.08607631893763,6.608607631893763,264.3443052757505,-33.043038159468814,165.21519079734406,49.564557239203225,82.60759539867203,-132.17215263787526,16.521519079734407,66.08607631893763
107.5,132.26893241698866,198.403398625483,99.2016993127415,33.067233104247165,-66.13446620849433,6.613446620849434,264.5378648339773,-33.067233104247165,165.33616552123584,49.60084965637075,82.66808276061792,-132.26893241698866,16.533616552123583,66.13446620849433
107.60000000000001,132.36539995908225,198.54809993862338,99.27404996931169,33.09134998977056,-66.18269997954113,6.618269997954113,264.7307999181645,-33.09134998977056,165.4567499488528,49.637024984655845,82.7283749744264,-132.36539995908225,16.54567499488528,66.18269997954113
107.7,132.46137065343277,198.69205598014915,99.34602799007457,33.11534266335819,-66.23068532671638,6.623068532671638,264.92274130686553,-33.11534266335819,165.57671331679097,49.67301399503729,82.78835665839549,-132.46137065343277,16.557671331679096,66.23068532671638
107.80000000000001,132.55663364634665,198.83495046951998,99.41747523475999,33.13915841158666,-66.27831682317333,6.627831682317333,265.1132672926933,-33.13915841158666,165.69579205793332,49.708737617379995,82.84789602896666,-132.55663364634665,16.56957920579333,66.27831682317333
107.9,132.65102319028938,198.97653478543407,99.48826739271703,33.162755797572345,-66.32551159514469,6.6325511595144695,265.30204638057876,-33.162755797572345,165.81377898786172,49.74413369635852,82.90688949393086,-132.65102319028938,16.581377898786172,66.32551159514469
108.0,132.74445389613265,199.11668084419898,99.55834042209949,33.186113474033164,-66.37222694806633,6.637222694806633,265.4889077922653,-33.186113474033164,165.93056737016582,49.779170211049745,82.96528368508291,-132.74445389613265,16.593056737016582,66.37222694806633
108.10000000000001,132.8367872024068,199.25518080361022,99.62759040180511,33.2091968006017,-66.4183936012034,6.641839360120341,265.6735744048136,-33.2091968006017,166.04598400300853,49.813795200902554,83.02299200150426,-132.8367872024068,16.60459840030085,66.4183936012034
108.2,132.9278752402265,199.39181286033977,99.69590643016988,33.23196881005663,-66.46393762011326,6.646393762011326,265.855750480453,-33.23196881005663,166.15984405028314,49.84795321508494,83.07992202514157,-132.9278752402265,16.615984405028314,66.46393762011326
108.30000000000001,133.0176252719722,199.52643790795833,99.76321895397916,33.25440631799305,-66.5088126359861,6.6508812635986105,266.0352505439444,-33.25440631799305,166.27203158996525,49.88160947698958,83.13601579498263,-133.0176252719722,16.627203158996526,66.5088126359861
108.4,133.10596038093962,199.65894057140943,99.82947028570472,33.276490095234905,-66.55298019046981,6.655298019046981,266.21192076187924,-33.276490095234905,166.38245047617454,49.91473514285236,83.19122523808727,-133.10596038093962,16.638245047617453,66.55298019046981
108.5,133.1927457974772,199.78911869621578,99.89455934810789,33.2981864493693,-66.5963728987386,6.65963728987386,266.3854915949544,-33.2981864493693,166.49093224684648,49.947279674053945,83.24546612342324,-133.1927457974772,16.64909322468465,66.5963728987386
108.60000000000001,133.27782206208724,199.91673309313086,99.95836654656543,33.31945551552181,-66.63891103104362,6.663891103104362,266.5556441241745,-33.31945551552181,166.59727757760905,49.979183273282715,83.29863878880452,-133.27782206208724,16.659727757760905,66.63891103104362
108.7,133.36105809945462,200.04158714918194,100.02079357459097,33.340264524863656,-66.68052904972731,6.668052904972732,266.72211619890925,-33.340264524863656,166.70132262431827,50.010396787295484,83.35066131215913,-133.36105809945462,16.670132262431828,66.68052904972731
108.80000000000001,133.44241121304438,200.16361681956658,100.08180840978329,33.360602803261095,-66.72120560652219,6.672120560652219,266.88482242608876,-33.360602803261095,166.80301401630547,50.040904204891646,83.40150700815273,-133.44241121304438,16.680301401630548,66.72120560652219
108.9,133.52188138514822,200.28282207772233,100.14141103886116,33.380470346287055,-66.76094069257411,6.676094069257411,267.04376277029644,-33.380470346287055,166.90235173143526,50.07070551943058,83.45117586571763,-133.52188138514822,16.690235173143527,66.76094069257411
109.0,133.5994573924877,200.39918608873154,100.19959304436577,33.39986434812192,-66.79972869624385,6.679972869624385,267.1989147849754,-33.39986434812192,166.99932174060962,50.099796522182885,83.49966087030481,-133.5994573924877,16.69993217406096,66.79972869624385
109.10000000000001,133.6750738726372,200.5126108089558,100.2563054044779,33.4187684681593,-66.8375369363186,6.683753693631861,267.3501477452744,-33.4187684681593,167.0938423407965,50.12815270223895,83.54692117039825,-133.6750738726372,16.70938423407965,66.8375369363186
109.2,133.74864514373317,200.62296771559977,100.31148385779989,33.43716128593329,-66.87432257186659,6.687432257186659,267.49729028746634,-33.43716128593329,167.18580642966646,50.15574192889994,83.59290321483323,-133.74864514373317,16.718580642966646,66.87432257186659
109.30000000000001,133.8201060006971,200.73015900104565,100.36507950052282,33.45502650017428,-66.91005300034855,6.691005300034856,267.6402120013942,-33.45502650017428,167.2751325008714,50.18253975026141,83.6375662504357,-133.8201060006971,16.72751325008714,66.91005300034855
109.4,133.88944944507008,200.8341741676051,100.41708708380256,33.47236236126752,-66.94472472253504,6.694472472253505,267.77889889014017,-33.47236236126752,167.3618118063376,50.20854354190128,83.6809059031688,-133.88944944507008,16.73618118063376,66.94472472253504
109.5,133.95669692699767,200.9350453904965,100.46752269524825,33.489174231749416,-66.97834846349883,6.697834846349884,267.91339385399533,-33.489174231749416,167.44587115874708,50.233761347624124,83.72293557937354,-133.95669692699767,16.744587115874708,66.97834846349883
109.60000000000001,134.02190403898118,201.03285605847176,100.51642802923588,33.505476009745294,-67.01095201949059,6.701095201949059,268.04380807796235,-33.505476009745294,167.52738004872646,50.25821401461794,83.76369002436323,-134.02190403898118,16.752738004872647,67.01095201949059
109.7,134.08516089105288,201.12774133657933,100.56387066828967,33.52129022276322,-67.04258044552644,6.7042580445526445,268.17032178210576,-33.52129022276322,167.6064511138161,50.28193533414483,83.80322555690805,-134.08516089105288,16.76064511138161,67.04258044552644
109.80000000000001,134.14656189988392,201.21984284982588,100.60992142491294,33.53664047497098,-67.07328094994196,6.707328094994196,268.29312379976784,-33.53664047497098,167.6832023748549,50.30496071245647,83.84160118742744,-134.14656189988392,16.76832023748549,67.07328094994196
109.9,134.206152977924,201.309229466886,100.654614733443,33.551538244481,-67.103076488962,6.710307648896201,268.412305955848,-33.551538244481,167.75769122240501,50.3273073667215,83.87884561120251,-134.206152977924,16.7757691222405,67.103076488962
110.0,134.26396391170664,201.39594586755996,100.69797293377998,33.56599097792666,-67.13198195585332,6.713198195585332,268.5279278234133,-33.56599097792666,167.8299548896333,50.34898646688999,83.91497744481666,-134.26396391170664,16.78299548896333,67.13198195585332
110.10000000000001,134.31996702059996,201.47995053089994,100.73997526544997,33.57999175514999,-67.15998351029998,6.715998351029999,268.6399340411999,-33.57999175514999,167.89995877574995,50.369987632724985,83.94997938787498,-134.31996702059996,16.789995877574995,67.15998351029998
110.2,134.37408512900117,201.56112769350176,100.78056384675088,33.59352128225029,-67.18704256450059,6.718704256450059,268.74817025800235,-33.59352128225029,167.96760641125147,50.39028192337544,83.98380320562573,-134.37408512900117,16.796760641125147,67.18704256450059
110.30000000000001,134.42621843677364,201.63932765516046,100.81966382758023,33.60655460919341,-67.21310921838682,6.721310921838683,268.8524368735473,-33.60655460919341,168.03277304596705,50.409831913790114,84.01638652298352,-134.42621843677364,16.803277304596705,67.21310921838682
110.4,134.4762328837337,201.71434932560055,100.85717466280028,33.619058220933425,-67.23811644186685,6.723811644186686,268.9524657674674,-33.619058220933425,168.09529110466713,50.42858733140014,84.04764555233356,-134.4762328837337,16.809529110466713,67.23811644186685
110.5,134.52395896541614,201.78593844812423,100.89296922406211,33.630989741354036,-67.26197948270807,6.726197948270808,269.0479179308323,-33.630989741354036,168.15494870677017,50.44648461203106,84.07747435338509,-134.52395896541614,16.815494870677018,67.26197948270807
110.60000000000001,134.5691957787606,201.8537936681409,100.92689683407045,33.64229894469015,-67.2845978893803,6.7284597889380295,269.1383915575212,-33.64229894469015,168.21149472345073,50.463448417035224,84.10574736172536,-134.5691957787606,16.821149472345073,67.2845978893803
110.7,134.611792824464,201.917689236696,100.958844618348,33.652948206116,-67.305896412232,6.730589641223201,269.223585648928,-33.652948206116,168.26474103058,50.479422309174,84.13237051529,-134.611792824464,16.826474103058,67.305896412232
110.80000000000001,134.65160950326472,201.9774142548971,100.98870712744855,33.66290237581618,-67.32580475163236,6.732580475163236,269.30321900652945,-33.66290237581618,168.3145118790809,50.494353563724275,84.15725593954045,-134.65160950326472,16.83145118790809,67.32580475163236
110.9,134.6885446067966,202.0328169101949,101.01640845509745,33.67213615169915,-67.3442723033983,6.73442723033983,269.3770892135932,-33.67213615169915,168.36068075849573,50.508204227548724,84.18034037924787,-134.6885446067966,16.836068075849575,67.3442723033983
111.0,134.72252388106642,202.08378582159963,101.04189291079982,33.680630970266606,-67.36126194053321,6.7361261940533215,269.44504776213284,-33.680630970266606,168.40315485133303,50.52094645539991,84.20157742566651,-134.72252388106642,16.840315485133303,67.36126194053321
111.10000000000001,134.7535583295169,202.13033749427535,101.06516874713768,33.68838958237922,-67.37677916475845,6.737677916475845,269.5071166590338,-33.68838958237922,168.4419479118961,50.53258437356884,84.22097395594805,-134.7535583295169,16.84419479118961,67.37677916475845
111.2,134.7816262519752,202.1724393779628,101.0862196889814,33.6954065629938,-67.3908131259876,6.739081312598761,269.5632525039504,-33.6954065629938,168.47703281496902,50.5431098444907,84.23851640748451,-134.7816262519752,16.8477032814969,67.3908131259876
111.30000000000001,134.80671264765147,202.2100689714772,101.1050344857386,33.70167816191287,-67.40335632382573,6.740335632382574,269.61342529530293,-33.70167816191287,168.50839080956433,50.5525172428693,84.25419540478217,-134.80671264765147,16.850839080956433,67.40335632382573
111.4,134.82885758370247,202.2432863755537,101.12164318777685,33.70721439592562,-67.41442879185124,6.741442879185124,269.65771516740494,-33.70721439592562,168.5360719796281,50.56082159388843,84.26803598981405,-134.82885758370247,16.85360719796281,67.41442879185124
111.5,134.84812075700899,202.27218113551348,101.13609056775674,33.712030189252246,-67.42406037850449,6.74240603785045,269.69624151401797,-33.712030189252246,168.56015094626122,50.56804528387837,84.28007547313061,-134.84812075700899,16.856015094626123,67.42406037850449
111.60000000000001,134.86459929943814,202.2968989491572,101.1484494745786,33.716149824859535,-67.43229964971907,6.743229964971907,269.7291985988763,-33.716149824859535,168.58074912429768,50.5742247372893,84.29037456214884,-134.86459929943814,16.858074912429768,67.43229964971907
111.7,134.87832735824816,202.31749103737224,101.15874551868612,33.71958183956204,-67.43916367912408,6.743916367912409,269.7566547164963,-33.71958183956204,168.5979091978102,50.57937275934306,84.2989545989051,-134.87832735824816,16.85979091978102,67.43916367912408
111.80000000000001,134.88930042983998,202.33395064475997,101.16697532237998,33.722325107459994,-67.44465021491999,6.744465021491999,269.77860085967995,-33.722325107459994,168.61162553729997,50.58348766118999,84.30581276864999,-134.88930042983998,16.861162553729997,67.44465021491999
111.9,134.89746674487463,202.34620011731195,101.17310005865598,33.72436668621866,-67.44873337243732,6.744873337243732,269.79493348974927,-33.72436668621866,168.6218334310933,50.58655002932799,84.31091671554665,-134.89746674487463,16.86218334310933,67.44873337243732
112.0,134.9028286849358,202.3542430274037,101.17712151370185,33.72570717123395,-67.4514143424679,6.74514143424679,269.8056573698716,-33.72570717123395,168.62853585616975,50.588560756850924,84.31426792808487,-134.9028286849358,16.862853585616975,67.4514143424679
112.10000000000001,134.90540890190078,202.35811335285118,101.17905667642559,33.726352225475196,-67.45270445095039,6.74527044509504,269.81081780380157,-33.726352225475196,168.63176112737597,50.589528338212794,84.31588056368798,-134.90540890190078,16.863176112737598,67.45270445095039
112.2,134.90525543314808,202.3578831497221,101.17894157486106,33.72631385828702,-67.45262771657404,6.745262771657405,269.81051086629617,-33.72631385828702,168.6315692914351,50.58947078743053,84.31578464571756,-134.90525543314808,16.86315692914351,67.45262771657404
112.30000000000001,134.90243009012815,202.3536451351922,101.1768225675961,33.72560752253204,-67.45121504506407,6.7451215045064075,269.8048601802563,-33.72560752253204,168.6280376126602,50.58841128379805,84.3140188063301,-134.90243009012815,16.86280376126602,67.45121504506407
112.4,134.89696224114215,202.34544336171322,101.17272168085661,33.72424056028554,-67.44848112057107,6.744848112057108,269.7939244822843,-33.72424056028554,168.62120280142767,50.586360840428306,84.31060140071384,-134.89696224114215,16.86212028014277,67.44848112057107
112.5,134.8888774920244,202.3333162380366,101.1666581190183,33.7222193730061,-67.4444387460122,6.74444387460122,269.7777549840488,-33.7222193730061,168.6110968650305,50.58332905950915,84.30554843251525,-134.8888774920244,16.86110968650305,67.4444387460122
112.60000000000001,134.87816043230623,202.31724064845935,101.15862032422967,33.71954010807656,-67.43908021615312,6.7439080216153116,269.75632086461246,-33.71954010807656,168.5977005403828,50.57931016211484,84.2988502701914,-134.87816043230623,16.85977005403828,67.43908021615312
112.7,134.86478585992597,202.29717878988896,101.14858939494448,33.71619646498149,-67.43239292996299,6.743239292996299,269.72957171985195,-33.71619646498149,168.58098232490747,50.57429469747224,84.29049116245373,-134.86478585992597,16.858098232490747,67.43239292996299
112.80000000000001,134.84871620020704,202.27307430031055,101.13653715015528,33.71217905005176,-67.42435810010352,6.7424358100103525,269.6974324004141,-33.71217905005176,168.5608952502588,50.56826857507764,84.2804476251294,-134.84871620020704,16.85608952502588,67.42435810010352
112.9,134.8299247267364,202.2448870901046,101.1224435450523,33.7074811816841,-67.4149623633682,6.741496236336821,269.6598494534728,-33.7074811816841,168.5374059084205,50.56122177252615,84.26870295421026,-134.8299247267364,16.85374059084205,67.4149623633682
113.0,134.8084246784445,202.21263701766676,101.10631850883338,33.70210616961113,-67.40421233922225,6.740421233922226,269.616849356889,-33.70210616961113,168.51053084805562,50.55315925441669,84.25526542402781,-134.8084246784445,16.851053084805564,67.40421233922225
113.10000000000001,134.78424327840168,202.1763649176025,101.08818245880126,33.69606081960042,-67.39212163920084,6.739212163920084,269.56848655680335,-33.69606081960042,168.48030409800208,50.54409122940063,84.24015204900104,-134.78424327840168,16.84803040980021,67.39212163920084
113.2,134.7574097905337,202.13611468580055,101.06805734290027,33.689352447633425,-67.37870489526685,6.737870489526685,269.5148195810674,-33.689352447633425,168.44676223816714,50.53402867145014,84.22338111908357,-134.7574097905337,16.844676223816712,67.37870489526685
113.30000000000001,134.72796653586485,202.09194980379726,101.04597490189863,33.68199163396621,-67.36398326793243,6.736398326793243,269.4559330717297,-33.68199163396621,168.40995816983107,50.522987450949316,84.20497908491554,-134.72796653586485,16.840995816983106,67.36398326793243
113.4,134.69599289166143,202.04398933749215,101.02199466874607,33.67399822291536,-67.34799644583072,6.734799644583072,269.39198578332287,-33.67399822291536,168.3699911145768,50.51099733437304,84.1849955572884,-134.69599289166143,16.83699911145768,67.34799644583072
113.5,134.66156852653225,201.99235278979836,100.99617639489918,33.66539213163306,-67.33078426326612,6.733078426326613,269.3231370530645,-33.66539213163306,168.32696065816532,50.49808819744959,84.16348032908266,-134.66156852653225,16.83269606581653,67.33078426326612
113.60000000000001,134.62476522502027,201.9371478375304,100.9685739187652,33.65619130625507,-67.31238261251013,6.731238261251014,269.24953045004054,-33.65619130625507,168.28095653127534,50.4842869593826,84.14047826563767,-134.62476522502027,16.828095653127534,67.31238261251013
113.7,134.5857054198451,201.87855812976767,100.93927906488383,33.64642635496128,-67.29285270992256,6.729285270992256,269.1714108396902,-33.64642635496128,168.2321317748064,50.46963953244192,84.1160658874032,-134.5857054198451,16.82321317748064,67.29285270992256
113.80000000000001,134.54455840872282,201.81683761308423,100.90841880654212,33.636139602180705,-67.27227920436141,6.727227920436142,269.08911681744564,-33.636139602180705,168.18069801090354,50.45420940327106,84.09034900545177,-134.54455840872282,16.818069801090353,67.27227920436141
113.9,134.50153830970248,201.75230746455372,100.87615373227686,33.62538457742562,-67.25076915485124,6.725076915485125,269.00307661940496,-33.62538457742562,168.1269228871281,50.43807686613843,84.06346144356405,-134.50153830970248,16.81269228871281,67.25076915485124
114.0,134.4568824900386,201.6853237350579,100.84266186752895,33.61422062250965,-67.2284412450193,6.72284412450193,268.9137649800772,-33.61422062250965,168.07110311254826,50.42133093376447,84.03555155627413,-134.4568824900386,16.807110311254824,67.2284412450193
114.10000000000001,134.4108820580728,201.61632308710918,100.80816154355459,33.6027205145182,-67.2054410290364,6.72054410290364,268.8217641161456,-33.6027205145182,168.01360257259097,50.404080771777295,84.00680128629548,-134.4108820580728,16.8013602572591,67.2054410290364
114.2,134.36378642838324,201.54567964257484,100.77283982128742,33.59094660709581,-67.18189321419162,6.718189321419162,268.72757285676647,-33.59094660709581,167.95473303547905,50.38641991064371,83.97736651773953,-134.36378642838324,16.795473303547904,67.18189321419162
114.30000000000001,134.31578291127624,201.47367436691437,100.73683718345718,33.57894572781906,-67.15789145563812,6.715789145563813,268.6315658225525,-33.57894572781906,167.89472863909532,50.36841859172859,83.94736431954766,-134.31578291127624,16.78947286390953,67.15789145563812
114.4,134.267051316017,201.40057697402548,100.70028848701274,33.56676282900425,-67.1335256580085,6.71335256580085,268.534102632034,-33.56676282900425,167.83381414502122,50.35014424350637,83.91690707251061,-134.267051316017,16.783381414502124,67.1335256580085
114.5,134.2177629418721,201.32664441280815,100.66332220640408,33.55444073546803,-67.10888147093605,6.7108881470936055,268.4355258837442,-33.55444073546803,167.77220367734014,50.33166110320204,83.88610183867007,-134.2177629418721,16.777220367734014,67.10888147093605
114.60000000000001,134.16805826451423,201.25208739677134,100.62604369838567,33.54201456612856,-67.08402913225711,6.7084029132257115,268.33611652902846,-33.54201456612856,167.7100728306428,50.313021849192836,83.8550364153214,-134.16805826451423,16.77100728306428,67.08402913225711
114.7,134.11809440917756,201.17714161376634,100.58857080688317,33.52952360229439,-67.05904720458878,6.705904720458879,268.2361888183551,-33.52952360229439,167.64761801147193,50.294285403441584,83.82380900573597,-134.11809440917756,16.764761801147195,67.05904720458878
114.80000000000001,134.06798896077674,201.10198344116512,100.55099172058256,33.516997240194186,-67.03399448038837,6.703399448038837,268.1359779215535,-33.516997240194186,167.58498620097095,50.27549586029128,83.79249310048547,-134.06798896077674,16.758498620097093,67.03399448038837
114.9,134.01784112379642,201.02676168569462,100.51338084284731,33.504460280949104,-67.00892056189821,6.700892056189821,268.03568224759283,-33.504460280949104,167.52230140474552,50.256690421423656,83.76115070237276,-134.01784112379642,16.752230140474552,67.00892056189821
115.0,133.9677519069395,200.95162786040925,100.47581393020462,33.491937976734874,-66.98387595346975,6.698387595346976,267.935503813879,-33.491937976734874,167.45968988367437,50.23790696510231,83.72984494183719,-133.9677519069395,16.745968988367437,66.98387595346975
115.10000000000001,133.91777744068997,200.87666616103496,100.43833308051748,33.479444360172494,-66.95888872034499,6.695888872034499,267.83555488137995,-33.479444360172494,167.39722180086247,50.21916654025874,83.69861090043123,-133.91777744068997,16.739722180086247,66.95888872034499
115.2,133.86797707458874,200.8019656118831,100.40098280594155,33.466994268647184,-66.93398853729437,6.6933988537294375,267.7359541491775,-33.466994268647184,167.3349713432359,50.200491402970776,83.66748567161795,-133.86797707458874,16.733497134323592,66.93398853729437
115.30000000000001,133.81848163397655,200.72772245096482,100.36386122548241,33.45462040849414,-66.90924081698827,6.690924081698828,267.6369632679531,-33.45462040849414,167.27310204247067,50.181930612741205,83.63655102123533,-133.81848163397655,16.72731020424707,66.90924081698827
115.4,133.76948901645332,200.65423352467997,100.32711676233998,33.44237225411333,-66.88474450822666,6.688474450822667,267.53897803290664,-33.44237225411333,167.21186127056666,50.16355838116999,83.60593063528333,-133.76948901645332,16.721186127056665,66.88474450822666
115.5,133.72125809913814,200.5818871487072,100.2909435743536,33.430314524784535,-66.86062904956907,6.686062904956907,267.4425161982763,-33.430314524784535,167.15157262392268,50.1454717871768,83.57578631196134,-133.72125809913814,16.715157262392268,66.86062904956907
115.60000000000001,133.67408513238541,200.51112769857812,100.25556384928906,33.418521283096354,-66.83704256619271,6.683704256619271,267.34817026477083,-33.418521283096354,167.09260641548178,50.12778192464453,83.54630320774089,-133.67408513238541,16.709260641548177,66.83704256619271
115.7,133.62820552902627,200.4423082935394,100.2211541467697,33.40705138225657,-66.81410276451314,6.681410276451314,267.25641105805255,-33.40705138225657,167.03525691128283,50.11057707338485,83.51762845564141,-133.62820552902627,16.703525691128284,66.81410276451314
115.80000000000001,133.5838525649113,200.37577884736695,100.18788942368347,33.395963141227824,-66.79192628245565,6.679192628245565,267.1677051298226,-33.395963141227824,166.9798157061391,50.093944711841736,83.48990785306955,-133.5838525649113,16.697981570613912,66.79192628245565
115.9,133.54120602510469,200.31180903765704,100.15590451882852,33.38530150627617,-66.77060301255234,6.677060301255235,267.08241205020937,-33.38530150627617,166.92650753138085,50.07795225941426,83.46325376569042,-133.54120602510469,16.692650753138086,66.77060301255234
116.0,133.50037205937707,200.2505580890656,100.1252790445328,33.37509301484427,-66.75018602968854,6.675018602968854,267.00074411875414,-33.37509301484427,166.87546507422132,50.0626395222664,83.43773253711066,-133.50037205937707,16.687546507422134,66.75018602968854
116.10000000000001,133.46149485928157,200.19224228892236,100.09612114446118,33.36537371482039,-66.73074742964079,6.673074742964079,266.92298971856314,-33.36537371482039,166.82686857410198,50.04806057223059,83.41343428705099,-133.46149485928157,16.682686857410197,66.73074742964079
116.2,133.42478040348865,200.137170605233,100.0685853026165,33.35619510087216,-66.71239020174433,6.671239020174433,266.8495608069773,-33.35619510087216,166.7809755043608,50.03429265130825,83.3904877521804,-133.42478040348865,16.67809755043608,66.71239020174433
116.30000000000001,133.3904691174307,200.08570367614607,100.04285183807303,33.34761727935768,-66.69523455871536,6.669523455871536,266.7809382348614,-33.34761727935768,166.7380863967884,50.02142591903652,83.3690431983942,-133.3904691174307,16.67380863967884,66.69523455871536
116.4,133.3587752869677,200.03816293045156,100.01908146522578,33.339693821741925,-66.67938764348385,6.667938764348385,266.7175505739354,-33.339693821741925,166.69846910870962,50.00954073261289,83.34923455435481,-133.3587752869677,16.669846910870962,66.67938764348385
116.5,133.3299098134404,199.9948647201606,99.9974323600803,33.3324774533601,-66.6649549067202,6.66649549067202,266.6598196268808,-33.3324774533601,166.6623872668005,49.99871618004015,83.33119363340025,-133.3299098134404,16.66623872668005,66.6649549067202
116.60000000000001,133.30408733392525,199.95613100088786,99.97806550044393,33.32602183348131,-66.65204366696263,6.665204366696263,266.6081746678505,-33.32602183348131,166.63010916740657,49.989032750221966,83.31505458370329,-133.30408733392525,16.663010916740657,66.65204366696263
116.7,133.2815293166293,199.92229397494395,99.96114698747198,33.320382329157326,-66.64076465831465,6.6640764658314655,266.5630586332586,-33.320382329157326,166.60191164578663,49.98057349373599,83.30095582289331,-133.2815293166293,16.660191164578663,66.64076465831465
116.80000000000001,133.2624563733996,199.89368456009942,99.94684228004971,33.3156140933499,-66.6312281866998,6.66312281866998,266.5249127467992,-33.3156140933499,166.5780704667495,49.973421140024854,83.28903523337475,-133.2624563733996,16.65780704667495,66.6312281866998
116.9,133.2470432878955,199.87056493184326,99.93528246592163,33.31176082197388,-66.62352164394775,6.662352164394775,266.494086575791,-33.31176082197388,166.55880410986939,49.967641232960816,83.27940205493469,-133.2470432878955,16.65588041098694,66.62352164394775
117.0,133.23539168355705,199.85308752533558,99.92654376266779,33.308847920889264,-66.61769584177853,6.661769584177853,266.4707833671141,-33.308847920889264,166.54423960444632,49.963271881333895,83.27211980222316,-133.23539168355705,16.654423960444632,66.61769584177853
117.10000000000001,133.22751935736252,199.84127903604377,99.92063951802189,33.30687983934063,-66.61375967868126,6.661375967868127,266.45503871472505,-33.30687983934063,166.53439919670316,49.96031975901094,83.26719959835158,-133.22751935736252,16.653439919670316,66.61375967868126
117.2,133.22342071718697,199.83513107578045,99.91756553789023,33.30585517929674,-66.61171035859348,6.661171035859349,266.44684143437394,-33.30585517929674,166.5292758964837,49.95878276894511,83.26463794824186,-133.22342071718697,16.65292758964837,66.61171035859348
117.30000000000001,133.22306420365055,199.83459630547583,99.91729815273791,33.30576605091264,-66.61153210182528,6.661153210182528,266.4461284073011,-33.30576605091264,166.5288302545632,49.95864907636896,83.2644151272816,-133.22306420365055,16.65288302545632,66.61153210182528
117.4,133.22642210068977,199.83963315103466,99.91981657551733,33.30660552517244,-66.61321105034489,6.661321105034489,266.45284420137955,-33.30660552517244,166.53302762586222,49.959908287758665,83.26651381293111,-133.22642210068977,16.65330276258622,66.61321105034489
117.5,133.2333848737617,199.85007731064258,99.92503865532129,33.30834621844043,-66.61669243688085,6.6616692436880856,266.4667697475234,-33.30834621844043,166.54173109220213,49.962519327660644,83.27086554610106,-133.2333848737617,16.654173109220213,66.61669243688085
117.60000000000001,133.24383620113528,199.8657543017029,99.93287715085145,33.31095905028382,-66.62191810056764,6.662191810056765,266.48767240227056,-33.31095905028382,166.5547952514191,49.96643857542573,83.27739762570955,-133.24383620113528,16.65547952514191,66.62191810056764
117.7,133.25766790439957,199.88650185659935,99.94325092829968,33.31441697609989,-66.62883395219978,6.662883395219978,266.51533580879914,-33.31441697609989,166.57208488049946,49.97162546414984,83.28604244024973,-133.25766790439957,16.657208488049946,66.62883395219978
117.80000000000001,133.27475260326204,199.91212890489305,99.95606445244653,33.31868815081551,-66.63737630163102,6.663737630163102,266.5495052065241,-33.31868815081551,166.59344075407756,49.97803222622326,83.29672037703878,-133.27475260326204,16.659344075407756,66.63737630163102
117.9,133.29494139321727,199.9424120898259,99.97120604491295,33.32373534830432,-66.64747069660864,6.664747069660864,266.58988278643454,-33.32373534830432,166.6186767415216,49.98560302245647,83.3093383707608,-133.29494139321727,16.66186767415216,66.64747069660864
118.0,133.3180717468465,199.97710762026975,99.98855381013487,33.329517936711625,-66.65903587342325,6.665903587342325,266.636143493693,-33.329517936711625,166.64758968355812,49.99427690506744,83.32379484177906,-133.3180717468465,16.664758968355812,66.65903587342325
118.10000000000001,133.343936816312,200.015905224468,100.007952612234,33.335984204078,-66.671968408156,6.667196840815601,266.687873632624,-33.335984204078,166.67992102039,50.003976306117,83.339960510195,-133.343936816312,16.667992102039,66.671968408156
118.2,133.37235546683866,200.05853320025798,100.02926660012899,33.343088866709664,-66.68617773341933,6.668617773341933,266.7447109336773,-33.343088866709664,166.7154443335483,50.014633300064496,83.35772216677415,-133.37235546683866,16.671544433354832,66.68617773341933
118.30000000000001,133.4031306551586,200.1046959827379,100.05234799136895,33.35078266378965,-66.7015653275793,6.670156532757931,266.8062613103172,-33.35078266378965,166.75391331894826,50.02617399568447,83.37695665947413,-133.4031306551586,16.675391331894826,66.7015653275793
118.4,133.43612384157188,200.15418576235783,100.07709288117891,33.35903096039297,-66.71806192078594,6.671806192078595,266.87224768314377,-33.35903096039297,166.79515480196486,50.03854644058946,83.39757740098243,-133.43612384157188,16.679515480196486,66.71806192078594
118.5,133.47126896349647,200.2069034452447,100.10345172262235,33.36781724087412,-66.73563448174824,6.673563448174824,266.94253792699294,-33.36781724087412,166.83908620437057,50.051725861311176,83.41954310218529,-133.47126896349647,16.68390862043706,66.73563448174824
118.60000000000001,133.50849133844957,200.26273700767436,100.13136850383718,33.37712283461239,-66.75424566922479,6.675424566922479,267.01698267689915,-33.37712283461239,166.88561417306198,50.06568425191859,83.44280708653099,-133.50849133844957,16.688561417306197,66.75424566922479
118.7,133.5476837846902,200.3215256770353,100.16076283851766,33.38692094617255,-66.7738418923451,6.677384189234511,267.0953675693804,-33.38692094617255,166.93460473086276,50.08038141925883,83.46730236543138,-133.5476837846902,16.693460473086276,66.7738418923451
118.80000000000001,133.58874980516526,200.3831247077479,100.19156235387395,33.397187451291316,-66.79437490258263,6.679437490258263,267.1774996103305,-33.397187451291316,166.98593725645657,50.095781176936974,83.49296862822828,-133.58874980516526,16.698593725645658,66.79437490258263
118.9,133.63156118603428,200.4473417790514,100.2236708895257,33.40789029650857,-66.81578059301714,6.681578059301714,267.26312237206855,-33.40789029650857,167.03945148254286,50.11183544476285,83.51972574127143,-133.63156118603428,16.703945148254284,66.81578059301714
119.0,133.67596303345175,200.51394455017763,100.25697227508881,33.41899075836294,-66.83798151672588,6.683798151672588,267.3519260669035,-33.41899075836294,167.0949537918147,50.12848613754441,83.54747689590735,-133.67596303345175,16.70949537918147,66.83798151672588
119.10000000000001,133.72187373210616,200.58281059815926,100.29140529907963,33.43046843302654,-66.86093686605308,6.686093686605308,267.4437474642123,-33.43046843302654,167.1523421651327,50.145702649539814,83.57617108256635,-133.72187373210616,16.71523421651327,66.86093686605308
119.2,133.7691674560307,200.65375118404603,100.32687559202301,33.44229186400767,-66.88458372801534,6.688458372801534,267.5383349120614,-33.44229186400767,167.21145932003836,50.16343779601151,83.60572966001918,-133.7691674560307,16.721145932003836,66.88458372801534
119.30000000000001,133.81767837616894,200.7265175642534,100.3632587821267,33.454419594042236,-66.90883918808447,6.6908839188084475,267.6353567523379,-33.454419594042236,167.27209797021118,50.18162939106335,83.63604898510559,-133.81767837616894,16.727209797021118,66.90883918808447
119.4,133.86719282150568,200.80078923225852,100.40039461612926,33.46679820537642,-66.93359641075284,6.6933596410752845,267.73438564301136,-33.46679820537642,167.3339910268821,50.20019730806463,83.66699551344105,-133.86719282150568,16.73339910268821,66.93359641075284
119.5,133.91755733209845,200.87633599814768,100.43816799907384,33.47938933302461,-66.95877866604923,6.695877866604923,267.8351146641969,-33.47938933302461,167.39694666512307,50.21908399953692,83.69847333256153,-133.91755733209845,16.739694666512307,66.95877866604923
119.60000000000001,133.96871872371435,200.95307808557152,100.47653904278576,33.49217968092859,-66.98435936185717,6.698435936185717,267.9374374474287,-33.49217968092859,167.46089840464293,50.23826952139288,83.73044920232147,-133.96871872371435,16.746089840464293,66.98435936185717
119.7,134.0206676127061,201.03100141905912,100.51550070952956,33.50516690317652,-67.01033380635305,6.701033380635305,268.0413352254122,-33.50516690317652,167.52583451588262,50.25775035476478,83.76291725794131,-134.0206676127061,16.75258345158826,67.01033380635305
119.80000000000001,134.07333208391682,201.10999812587522,100.55499906293761,33.518333020979206,-67.03666604195841,6.703666604195842,268.14666416783365,-33.518333020979206,167.59166510489604,50.277499531468806,83.79583255244802,-134.07333208391682,16.759166510489603,67.03666604195841
119.9,134.1265346992942,201.18980204894132,100.59490102447066,33.53163367482355,-67.0632673496471,6.706326734964711,268.2530693985884,-33.53163367482355,167.65816837411776,50.29745051223533,83.82908418705888,-134.1265346992942,16.765816837411776,67.0632673496471
120.0,134.18007903247474,201.2701185487121,100.63505927435605,33.545019758118684,-67.09003951623737,6.709003951623737,268.3601580649495,-33.545019758118684,167.72509879059342,50.317529637178026,83.86254939529671,-134.18007903247474,16.772509879059342,67.09003951623737
120.10000000000001,134.233859644949,201.3507894674235,100.67539473371176,33.55846491123725,-67.1169298224745,6.711692982247451,268.467719289898,-33.55846491123725,167.79232455618626,50.33769736685588,83.89616227809313,-134.233859644949,16.779232455618626,67.1169298224745
120.2,134.2878241090698,201.43173616360468,100.71586808180234,33.57195602726745,-67.1439120545349,6.71439120545349,268.5756482181396,-33.57195602726745,167.85978013633724,50.35793404090117,83.92989006816862,-134.2878241090698,16.785978013633724,67.1439120545349
120.30000000000001,134.34190280849936,201.51285421274903,100.75642710637452,33.58547570212484,-67.17095140424968,6.717095140424968,268.6838056169987,-33.58547570212484,167.92737851062418,50.37821355318726,83.96368925531209,-134.34190280849936,16.79273785106242,67.17095140424968
120.4,134.39597562258405,201.59396343387607,100.79698171693803,33.59899390564601,-67.19798781129202,6.719798781129203,268.7919512451681,-33.59899390564601,167.99496952823006,50.39849085846902,83.99748476411503,-134.39597562258405,16.799496952823006,67.19798781129202
120.5,134.44994380001077,201.67491570001616,100.83745785000808,33.61248595000269,-67.22497190000539,6.722497190000539,268.89988760002154,-33.61248595000269,168.06242975001345,50.41872892500404,84.03121487500673,-134.44994380001077,16.806242975001346,67.22497190000539
120.60000000000001,134.50368488388705,201.75552732583057,100.87776366291529,33.62592122097176,-67.25184244194352,6.725184244194352,269.0073697677741,-33.62592122097176,168.1296061048588,50.43888183145764,84.0648030524294,-134.50368488388705,16.81296061048588,67.25184244194352
120.7,134.55699318456072,201.8354897768411,100.91774488842054,33.63924829614018,-67.27849659228036,6.727849659228037,269.11398636912145,-33.63924829614018,168.1962414807009,50.45887244421027,84.09812074035045,-134.55699318456072,16.81962414807009,67.27849659228036
120.80000000000001,134.60960754915038,201.91441132372557,100.95720566186279,33.652401887287596,-67.30480377457519,6.7304803774575195,269.21921509830077,-33.652401887287596,168.26200943643798,50.47860283093139,84.13100471821899,-134.60960754915038,16.826200943643798,67.30480377457519
120.9,134.66127343919212,201.9919101587882,100.9959550793941,33.66531835979803,-67.33063671959606,6.733063671959606,269.32254687838423,-33.66531835979803,168.32659179899014,50.49797753969705,84.16329589949507,-134.66127343919212,16.832659179899014,67.33063671959606
121.0,134.7116775206316,202.06751628094742,101.03375814047371,33.6779193801579,-67.3558387603158,6.735583876031581,269.4233550412632,-33.6779193801579,168.3895969007895,50.516879070236854,84.19479845039476,-134.7116775206316,16.83895969007895,67.3558387603158
121.10000000000001,134.760560462682,202.140840694023,101.0704203470115,33.6901401156705,-67.380280231341,6.738028023134101,269.521120925364,-33.6901401156705,168.4507005783525,50.53521017350575,84.22535028917625,-134.760560462682,16.84507005783525,67.380280231341
121.2,134.80771213202195,202.21156819803292,101.10578409901646,33.70192803300549,-67.40385606601097,6.740385606601098,269.6154242640439,-33.70192803300549,168.50964016502743,50.55289204950823,84.25482008251372,-134.80771213202195,16.850964016502743,67.40385606601097
121.30000000000001,134.85293462135422,202.27940193203133,101.13970096601567,33.713233655338556,-67.42646731067711,6.742646731067712,269.70586924270845,-33.713233655338556,168.5661682766928,50.56985048300783,84.2830841383464,-134.85293462135422,16.856616827669278,67.42646731067711
121.4,134.89603068294525,202.34404602441788,101.17202301220894,33.72400767073631,-67.44801534147263,6.744801534147263,269.7920613658905,-33.72400767073631,168.62003835368157,50.58601150610447,84.31001917684078,-134.89603068294525,16.862003835368157,67.44801534147263
121.5,134.93685876831833,202.4052881524775,101.20264407623876,33.73421469207958,-67.46842938415917,6.7468429384159165,269.87371753663666,-33.73421469207958,168.6710734603979,50.60132203811938,84.33553673019895,-134.93685876831833,16.86710734603979,67.46842938415917
121.60000000000001,134.975368026348,202.463052039522,101.231526019761,33.743842006587,-67.487684013174,6.748768401317401,269.950736052696,-33.743842006587,168.719210032935,50.6157630098805,84.3596050164675,-134.975368026348,16.8719210032935,67.487684013174
121.7,135.01160383119725,202.51740574679587,101.25870287339794,33.75290095779931,-67.50580191559862,6.750580191559862,270.0232076623945,-33.75290095779931,168.76450478899656,50.62935143669897,84.38225239449828,-135.01160383119725,16.876450478899656,67.50580191559862
121.80000000000001,135.04562205141264,202.56843307711895,101.28421653855948,33.76140551285316,-67.52281102570632,6.752281102570632,270.09124410282527,-33.76140551285316,168.8070275642658,50.64210826927974,84.4035137821329,-135.04562205141264,16.88070275642658,67.52281102570632
121.9,135.07747601383616,202.61621402075423,101.30810701037711,33.76936900345904,-67.53873800691808,6.753873800691808,270.1549520276723,-33.76936900345904,168.8468450172952,50.65405350518856,84.4234225086476,-135.07747601383616,16.88468450172952,67.53873800691808
122.0,135.1072122862687,202.66081842940304,101.33040921470152,33.77680307156717,-67.55360614313435,6.755360614313435,270.2144245725374,-33.77680307156717,168.88401535783586,50.66520460735076,84.44200767891793,-135.1072122862687,16.888401535783586,67.55360614313435
122.10000000000001,135.13489710424858,202.70234565637287,101.35117282818644,33.783724276062145,-67.56744855212429,6.756744855212429,270.26979420849716,-33.783724276062145,168.91862138031073,50.67558641409322,84.45931069015536,-135.13489710424858,16.891862138031073,67.56744855212429
122.2,135.16061445666628,202.74092168499942,101.37046084249971,33.79015361416657,-67.58030722833314,6.758030722833315,270.32122891333256,-33.79015361416657,168.95076807083285,50.685230421249855,84.47538403541643,-135.16061445666628,16.895076807083285,67.58030722833314
122.30000000000001,135.18447237703253,202.7767085655488,101.3883542827744,33.796118094258134,-67.59223618851627,6.759223618851627,270.36894475406507,-33.796118094258134,168.98059047129067,50.6941771413872,84.49029523564533,-135.18447237703253,16.898059047129067,67.59223618851627
122.4,135.20658159649778,202.80987239474666,101.40493619737333,33.801645399124446,-67.60329079824889,6.760329079824889,270.41316319299557,-33.801645399124446,169.00822699562224,50.702468098686666,84.50411349781112,-135.20658159649778,16.900822699562223,67.60329079824889
122.5,135.22701175977238,202.84051763965857,101.42025881982929,33.806752939943095,-67.61350587988619,6.76135058798862,270.45402351954476,-33.806752939943095,169.03376469971548,50.71012940991464,84.51688234985774,-135.22701175977238,16.903376469971548,67.61350587988619
122.60000000000001,135.2457406039166,202.8686109058749,101.43430545293745,33.81143515097915,-67.6228703019583,6.76228703019583,270.4914812078332,-33.81143515097915,169.05717575489575,50.717152726468726,84.52858787744788,-135.2457406039166,16.905717575489575,67.6228703019583
122.7,135.2627213184274,202.8940819776411,101.44704098882055,33.81568032960685,-67.6313606592137,6.76313606592137,270.5254426368548,-33.81568032960685,169.07840164803423,50.72352049441027,84.53920082401712,-135.2627213184274,16.907840164803424,67.6313606592137
122.80000000000001,135.27800969657463,202.91701454486196,101.45850727243098,33.81950242414366,-67.63900484828731,6.763900484828731,270.55601939314926,-33.81950242414366,169.09751212071828,50.72925363621549,84.54875606035914,-135.27800969657463,16.90975121207183,67.63900484828731
122.9,135.2917659587456,202.9376489381184,101.4688244690592,33.8229414896864,-67.6458829793728,6.76458829793728,270.5835319174912,-33.8229414896864,169.114707448432,50.7344122345296,84.557353724216,-135.2917659587456,16.9114707448432,67.6458829793728
123.0,135.3041695313365,202.95625429700476,101.47812714850238,33.826042382834125,-67.65208476566825,6.7652084765668254,270.608339062673,-33.826042382834125,169.13021191417062,50.73906357425119,84.56510595708531,-135.3041695313365,16.913021191417062,67.65208476566825
123.10000000000001,135.31548787077486,202.9732318061623,101.48661590308114,33.828871967693715,-67.65774393538743,6.765774393538743,270.6309757415497,-33.828871967693715,169.14435983846857,50.74330795154057,84.57217991923429,-135.31548787077486,16.914435983846857,67.65774393538743
123.2,135.32595825822963,202.98893738734444,101.49446869367222,33.83148956455741,-67.66297912911482,6.766297912911482,270.65191651645927,-33.83148956455741,169.15744782278705,50.74723434683611,84.57872391139352,-135.32595825822963,16.915744782278704,67.66297912911482
123.30000000000001,135.3357611978413,203.00364179676194,101.50182089838097,33.83394029946032,-67.66788059892065,6.766788059892065,270.6715223956826,-33.83394029946032,169.16970149730162,50.750910449190485,84.58485074865081,-135.3357611978413,16.91697014973016,67.66788059892065
123.4,135.34504326550132,203.01756489825198,101.50878244912599,33.83626081637533,-67.67252163275066,6.767252163275066,270.69008653100263,-33.83626081637533,169.18130408187665,50.754391224562994,84.59065204093832,-135.34504326550132,16.918130408187665,67.67252163275066
123.5,135.35389368553444,203.03084052830167,101.51542026415083,33.83847342138361,-67.67694684276722,6.767694684276723,270.7077873710689,-33.83847342138361,169.19236710691806,50.75771013207542,84.59618355345903,-135.35389368553444,16.919236710691806,67.67694684276722
123.60000000000001,135.36242957410158,203.04364436115236,101.52182218057618,33.840607393525396,-67.68121478705079,6.76812147870508,270.72485914820317,-33.840607393525396,169.20303696762699,50.76091109028809,84.60151848381349,-135.36242957410158,16.920303696762698,67.68121478705079
123.7,135.37079714908606,203.0561957236291,101.52809786181454,33.842699287271515,-67.68539857454303,6.768539857454304,270.7415942981721,-33.842699287271515,169.21349643635756,50.76404893090727,84.60674821817878,-135.37079714908606,16.921349643635757,67.68539857454303
123.80000000000001,135.37909868467193,203.0686480270079,101.53432401350395,33.84477467116798,-67.68954934233597,6.768954934233597,270.75819736934386,-33.84477467116798,169.2238733558399,50.767162006751974,84.61193667791996,-135.37909868467193,16.92238733558399,67.68954934233597
123.9,135.38739758366756,203.08109637550135,101.54054818775067,33.84684939591689,-67.69369879183378,6.769369879183379,270.7747951673351,-33.84684939591689,169.23424697958444,50.77027409387534,84.61712348979222,-135.38739758366756,16.923424697958446,67.69369879183378
124.0,135.3957450900492,203.09361763507377,101.54680881753688,33.8489362725123,-67.6978725450246,6.76978725450246,270.7914901800984,-33.8489362725123,169.2446813625615,50.77340440876844,84.62234068128075,-135.3957450900492,16.92446813625615,67.6978725450246
124.10000000000001,135.4041616437445,203.10624246561673,101.55312123280837,33.85104041093612,-67.70208082187224,6.770208082187224,270.808323287489,-33.85104041093612,169.2552020546806,50.77656061640418,84.6276010273403,-135.4041616437445,16.92552020546806,67.70208082187224
124.2,135.41263136983525,203.11894705475288,101.55947352737644,33.85315784245881,-67.70631568491763,6.770631568491763,270.8252627396705,-33.85315784245881,169.26578921229407,50.77973676368822,84.63289460614703,-135.41263136983525,16.926578921229407,67.70631568491763
124.30000000000001,135.42106939031754,203.1316040854763,101.56580204273816,33.855267347579385,-67.71053469515877,6.771053469515877,270.8421387806351,-33.855267347579385,169.27633673789694,50.78290102136908,84.63816836894847,-135.42106939031754,16.927633673789693,67.71053469515877
124.4,135.42938418787486,203.1440762818123,101.57203814090614,33.857346046968715,-67.71469209393743,6.771469209393743,270.8587683757497,-33.857346046968715,169.28673023484356,50.78601907045307,84.64336511742178,-135.42938418787486,16.928673023484357,67.71469209393743
124.5,135.43752532865562,203.15628799298344,101.57814399649172,33.859381332163906,-67.71876266432781,6.771876266432781,270.87505065731125,-33.859381332163906,169.29690666081953,50.78907199824586,84.64845333040977,-135.43752532865562,16.929690666081953,67.71876266432781
124.60000000000001,135.44549728859113,203.1682459328867,101.58412296644335,33.86137432214778,-67.72274864429556,6.772274864429557,270.89099457718225,-33.86137432214778,169.3068716107389,50.79206148322167,84.65343580536945,-135.44549728859113,16.93068716107389,67.72274864429556
124.7,135.4533107695452,203.1799661543178,101.5899830771589,33.8633276923863,-67.7266553847726,6.77266553847726,270.9066215390904,-33.8633276923863,169.3166384619315,50.79499153857945,84.65831923096574,-135.4533107695452,16.93166384619315,67.7266553847726
124.80000000000001,135.46093910430852,203.19140865646278,101.59570432823139,33.86523477607713,-67.73046955215426,6.773046955215427,270.92187820861704,-33.86523477607713,169.32617388038565,50.797852164115696,84.66308694019283,-135.46093910430852,16.932617388038565,67.73046955215426
124.9,135.46837977816426,203.2025696672464,101.6012848336232,33.867094944541066,-67.73418988908213,6.7734189889082135,270.9367595563285,-33.867094944541066,169.33547472270533,50.8006424168116,84.66773736135266,-135.46837977816426,16.933547472270533,67.73418988908213
125.0,135.47566927552325,203.21350391328485,101.60675195664243,33.86891731888081,-67.73783463776162,6.773783463776162,270.9513385510465,-33.86891731888081,169.34458659440406,50.80337597832121,84.67229329720203,-135.47566927552325,16.934458659440406,67.73783463776162
125.10000000000001,135.48283172817435,203.22424759226152,101.61212379613076,33.87070793204359,-67.74141586408717,6.774141586408717,270.9656634563487,-33.87070793204359,169.35353966021793,50.80606189806538,84.67676983010897,-135.48283172817435,16.935353966021793,67.74141586408717
125.2,135.48983480507732,203.234752207616,101.617376103808,33.87245870126933,-67.74491740253866,6.7744917402538665,270.97966961015464,-33.87245870126933,169.36229350634665,50.808688051904,84.68114675317332,-135.48983480507732,16.936229350634665,67.74491740253866
125.30000000000001,135.49663635019417,203.24495452529123,101.62247726264562,33.87415908754854,-67.74831817509708,6.774831817509709,270.99327270038833,-33.87415908754854,169.37079543774271,50.81123863132281,84.68539771887136,-135.49663635019417,16.93707954377427,67.74831817509708
125.4,135.5031736097985,203.25476041469773,101.62738020734886,33.875793402449624,-67.75158680489925,6.775158680489925,271.006347219597,-33.875793402449624,169.37896701224813,50.81369010367443,84.68948350612406,-135.5031736097985,16.937896701224812,67.75158680489925
125.5,135.50930694273507,203.2639604141026,101.6319802070513,33.877326735683766,-67.75465347136753,6.775465347136754,271.01861388547013,-33.877326735683766,169.38663367841883,50.81599010352565,84.69331683920942,-135.50930694273507,16.938663367841883,67.75465347136753
125.60000000000001,135.51488639458324,203.27232959187486,101.63616479593743,33.87872159864581,-67.75744319729162,6.775744319729163,271.0297727891665,-33.87872159864581,169.39360799322907,50.818082397968716,84.69680399661453,-135.51488639458324,16.939360799322905,67.75744319729162
125.7,135.51981043902737,203.27971565854105,101.63985782927053,33.87995260975684,-67.75990521951368,6.7759905219513685,271.03962087805473,-33.87995260975684,169.39976304878422,50.81992891463526,84.69988152439211,-135.51981043902737,16.93997630487842,67.75990521951368
125.80000000000001,135.5240806195371,203.28612092930564,101.64306046465282,33.881020154884276,-67.76204030976855,6.776204030976856,271.0481612390742,-33.881020154884276,169.40510077442138,50.82153023232641,84.70255038721069,-135.5240806195371,16.940510077442138,67.76204030976855
125.9,135.52769515934213,203.2915427390132,101.6457713695066,33.88192378983553,-67.76384757967107,6.776384757967107,271.05539031868426,-33.88192378983553,169.40961894917766,50.8228856847533,84.70480947458883,-135.52769515934213,16.940961894917766,67.76384757967107
126.0,135.53064176748097,203.29596265122146,101.64798132561073,33.88266044187024,-67.76532088374049,6.776532088374049,271.06128353496194,-33.88266044187024,169.41330220935123,50.823990662805365,84.70665110467561,-135.53064176748097,16.94133022093512,67.76532088374049
126.10000000000001,135.53291689292143,203.29937533938215,101.64968766969108,33.88322922323036,-67.76645844646072,6.7766458446460724,271.06583378584287,-33.88322922323036,169.4161461161518,50.82484383484554,84.7080730580759,-135.53291689292143,16.94161461161518,67.76645844646072
126.2,135.5345421200449,203.30181318006737,101.65090659003369,33.883635530011226,-67.76727106002245,6.776727106002245,271.0690842400898,-33.883635530011226,169.41817765005612,50.82545329501684,84.70908882502806,-135.5345421200449,16.941817765005613,67.76727106002245
126.30000000000001,135.53556906363258,203.30335359544887,101.65167679772443,33.883892265908145,-67.76778453181629,6.776778453181629,271.07113812726516,-33.883892265908145,169.41946132954072,50.82583839886222,84.70973066477036,-135.53556906363258,16.941946132954072,67.76778453181629
126.4,135.53605829503726,203.3040874425559,101.65204372127795,33.884014573759316,-67.76802914751863,6.776802914751864,271.07211659007453,-33.884014573759316,169.42007286879658,50.826021860638974,84.71003643439829,-135.53605829503726,16.942007286879658,67.76802914751863
126.5,135.53603042343389,203.30404563515083,101.65202281757541,33.88400760585847,-67.76801521171694,6.776801521171695,271.07206084686777,-33.88400760585847,169.42003802929236,50.82601140878771,84.71001901464618,-135.53603042343389,16.942003802929236,67.76801521171694
126.60000000000001,135.5354447220615,203.30316708309226,101.65158354154613,33.883861180515375,-67.76772236103075,6.776772236103075,271.070889444123,-33.883861180515375,169.41930590257687,50.825791770773066,84.70965295128843,-135.5354447220615,16.941930590257687,67.76772236103075
126.7,135.53426508180655,203.30139762270983,101.65069881135491,33.88356627045164,-67.76713254090328,6.776713254090328,271.0685301636131,-33.88356627045164,169.4178313522582,50.82534940567746,84.7089156761291,-135.53426508180655,16.94178313522582,67.76713254090328
126.80000000000001,135.5324615642034,203.2986923463051,101.64934617315255,33.88311539105085,-67.7662307821017,6.776623078210171,271.0649231284068,-33.88311539105085,169.41557695525427,50.824673086576276,84.70778847762713,-135.5324615642034,16.941557695525425,67.7662307821017
126.9,135.53005927775138,203.29508891662707,101.64754445831353,33.882514819437844,-67.76502963887569,6.77650296388757,271.06011855550275,-33.882514819437844,169.41257409718924,50.823772229156766,84.70628704859462,-135.53005927775138,16.941257409718922,67.76502963887569
127.0,135.52711342814564,203.29067014221846,101.64533507110923,33.88177835703641,-67.76355671407282,6.776355671407282,271.0542268562913,-33.88177835703641,169.40889178518205,50.822667535554615,84.70444589259102,-135.52711342814564,16.940889178518205,67.76355671407282
127.10000000000001,135.52363526004592,203.28545289006888,101.64272644503444,33.88090881501148,-67.76181763002296,6.776181763002296,271.04727052009184,-33.88090881501148,169.4045440750574,50.82136322251722,84.7022720375287,-135.52363526004592,16.94045440750574,67.76181763002296
127.2,135.51964723501663,203.27947085252495,101.63973542626248,33.87991180875416,-67.75982361750832,6.775982361750832,271.03929447003327,-33.87991180875416,169.3995590437708,50.81986771313124,84.6997795218854,-135.51964723501663,16.93995590437708,67.75982361750832
127.30000000000001,135.51526736922006,203.27290105383008,101.63645052691504,33.878816842305014,-67.75763368461003,6.7757633684610035,271.0305347384401,-33.878816842305014,169.39408421152507,50.81822526345752,84.69704210576253,-135.51526736922006,16.939408421152507,67.75763368461003
127.4,135.5106464296769,203.26596964451537,101.63298482225768,33.87766160741923,-67.75532321483846,6.775532321483846,271.0212928593538,-33.87766160741923,169.38830803709612,50.81649241112884,84.69415401854806,-135.5106464296769,16.938830803709614,67.75532321483846
127.5,135.50597359582304,203.25896039373455,101.62948019686728,33.87649339895576,-67.75298679791152,6.7752986797911525,271.0119471916461,-33.87649339895576,169.38246699477878,50.81474009843364,84.69123349738939,-135.50597359582304,16.93824669947788,67.75298679791152
127.60000000000001,135.5014452660089,203.25216789901333,101.62608394950666,33.87536131650222,-67.75072263300444,6.775072263300444,271.0028905320178,-33.87536131650222,169.3768065825111,50.81304197475333,84.68840329125555,-135.5014452660089,16.93768065825111,67.75072263300444
127.7,135.497254960052,203.245882440078,101.622941220039,33.874313740013,-67.748627480026,6.774862748002601,270.994509920104,-33.874313740013,169.371568700065,50.8114706100195,84.6857843500325,-135.497254960052,16.9371568700065,67.748627480026
127.80000000000001,135.49356259693874,203.2403438954081,101.62017194770405,33.873390649234686,-67.74678129846937,6.774678129846937,270.9871251938775,-33.873390649234686,169.36695324617344,50.810085973852026,84.68347662308672,-135.49356259693874,16.936695324617343,67.74678129846937
127.9,135.49055283541517,203.23582925312274,101.61791462656137,33.87263820885379,-67.74527641770759,6.774527641770759,270.98110567083035,-33.87263820885379,169.36319104426897,50.808957313280686,84.68159552213449,-135.49055283541517,16.936319104426897,67.74527641770759
128.0,135.48834983909956,203.23252475864933,101.61626237932467,33.87208745977489,-67.74417491954978,6.774417491954978,270.9766996781991,-33.87208745977489,169.36043729887444,50.80813118966233,84.68021864943722,-135.48834983909956,16.936043729887444,67.74417491954978
128.1,135.48698078386224,203.23047117579335,101.61523558789668,33.87174519596556,-67.74349039193112,6.774349039193112,270.9739615677245,-33.87174519596556,169.3587259798278,50.80761779394834,84.6793629899139,-135.48698078386224,16.93587259798278,67.74349039193112
128.20000000000002,135.48642715682433,203.2296407352365,101.61482036761825,33.87160678920608,-67.74321357841217,6.774321357841217,270.97285431364867,-33.87160678920608,169.35803394603042,50.807410183809125,84.67901697301521,-135.48642715682433,16.93580339460304,67.74321357841217
128.3,135.48662272885818,203.22993409328728,101.61496704664364,33.871655682214545,-67.74331136442909,6.7743311364429095,270.97324545771636,-33.871655682214545,169.35827841107272,50.80748352332182,84.67913920553636,-135.48662272885818,16.935827841107272,67.74331136442909
128.4,135.48755681557648,203.23133522336474,101.61566761168237,33.87188920389412,-67.74377840778824,6.774377840778825,270.97511363115296,-33.87188920389412,169.3594460194706,50.807833805841184,84.6797230097353,-135.48755681557648,16.93594460194706,67.74377840778824
128.5,135.48921677863098,203.23382516794646,101.61691258397323,33.872304194657744,-67.74460838931549,6.7744608389315495,270.97843355726195,-33.872304194657744,169.36152097328872,50.808456291986616,84.68076048664436,-135.48921677863098,16.936152097328872,67.74460838931549
128.6,135.49158464849995,203.23737697274993,101.61868848637496,33.87289616212499,-67.74579232424998,6.774579232424998,270.9831692969999,-33.87289616212499,169.36448081062494,50.80934424318748,84.68224040531247,-135.49158464849995,16.936448081062494,67.74579232424998
128.70000000000002,135.49461905249206,203.24192857873808,101.62096428936904,33.873654763123014,-67.74730952624603,6.774730952624603,270.9892381049841,-33.873654763123014,169.36827381561505,50.81048214468452,84.68413690780753,-135.49461905249206,16.936827381561507,67.74730952624603
128.8,135.4982233395085,203.24733500926277,101.62366750463138,33.87455583487713,-67.74911166975426,6.774911166975426,270.996446679017,-33.87455583487713,169.37277917438564,50.81183375231569,84.68638958719282,-135.4982233395085,16.937277917438564,67.74911166975426
128.9,135.5023026055294,203.2534539082941,101.62672695414705,33.87557565138235,-67.7511513027647,6.77511513027647,271.0046052110588,-33.87557565138235,169.37787825691174,50.81336347707352,84.68893912845587,-135.5023026055294,16.937787825691174,67.7511513027647
129.0,135.50681987380477,203.26022981070716,101.63011490535358,33.87670496845119,-67.75340993690239,6.775340993690239,271.01363974760955,-33.87670496845119,169.38352484225595,50.81505745267679,84.69176242112798,-135.50681987380477,16.938352484225597,67.75340993690239
129.1,135.51171787035548,203.26757680553322,101.63378840276661,33.87792946758887,-67.75585893517774,6.775585893517775,271.02343574071097,-33.87792946758887,169.38964733794435,50.816894201383306,84.69482366897218,-135.51171787035548,16.938964733794435,67.75585893517774
129.20000000000002,135.51691034989986,203.2753655248498,101.6376827624249,33.879227587474965,-67.75845517494993,6.775845517494993,271.0338206997997,-33.879227587474965,169.39613793737482,50.81884138121245,84.69806896868741,-135.51691034989986,16.939613793737482,67.75845517494993
129.3,135.5223348187067,203.28350222806006,101.64175111403003,33.880583704676674,-67.76116740935335,6.776116740935335,271.0446696374134,-33.880583704676674,169.40291852338336,50.820875557015015,84.70145926169168,-135.5223348187067,16.940291852338337,67.76116740935335
129.4,135.52797298817148,203.29195948225723,101.64597974112861,33.88199324704287,-67.76398649408574,6.776398649408574,271.05594597634297,-33.88199324704287,169.40996623521437,50.82298987056431,84.70498311760718,-135.52797298817148,16.940996623521436,67.76398649408574
129.5,135.53381456237872,203.30072184356808,101.65036092178404,33.88345364059468,-67.76690728118936,6.776690728118936,271.06762912475745,-33.88345364059468,169.4172682029734,50.82518046089202,84.7086341014867,-135.53381456237872,16.94172682029734,67.76690728118936
129.6,135.53987991491445,203.3098198723717,101.65490993618585,33.88496997872861,-67.76993995745723,6.776993995745723,271.0797598298289,-33.88496997872861,169.42484989364306,50.82745496809292,84.71242494682153,-135.53987991491445,16.942484989364306,67.76993995745723
129.70000000000002,135.5462105515913,203.31931582738693,101.65965791369347,33.88655263789782,-67.77310527579564,6.777310527579565,271.0924211031826,-33.88655263789782,169.4327631894891,50.82982895684673,84.71638159474455,-135.5462105515913,16.94327631894891,67.77310527579564
129.8,135.55285438708592,203.32928158062887,101.66464079031444,33.88821359677148,-67.77642719354296,6.777642719354296,271.10570877417183,-33.88821359677148,169.4410679838574,50.83232039515722,84.7205339919287,-135.55285438708592,16.94410679838574,67.77642719354296
129.9,135.5598301102758,203.33974516541372,101.66987258270686,33.88995752756895,-67.7799150551379,6.777991505513791,271.1196602205516,-33.88995752756895,169.44978763784476,50.83493629135343,84.72489381892238,-135.5598301102758,16.944978763784476,67.7799150551379
130.0,135.567172415134,203.350758622701,101.6753793113505,33.8917931037835,-67.783586207567,6.7783586207567,271.134344830268,-33.8917931037835,169.4589655189175,50.83768965567525,84.72948275945875,-135.567172415134,16.94589655189175,67.783586207567
130.1,135.57496029726266,203.36244044589398,101.68122022294699,33.893740074315666,-67.78748014863133,6.778748014863133,271.1499205945253,-33.893740074315666,169.46870037157834,50.840610111473495,84.73435018578917,-135.57496029726266,16.946870037157833,67.78748014863133
130.20000000000002,135.5833245113501,203.37498676702515,101.68749338351257,33.895831127837525,-67.79166225567505,6.779166225567505,271.1666490227002,-33.895831127837525,169.47915563918764,50.84374669175629,84.73957781959382,-135.5833245113501,16.947915563918762,67.79166225567505
130.3,135.5923986078848,203.38859791182722,101.69429895591361,33.8980996519712,-67.7961993039424,6.77961993039424,271.1847972157696,-33.8980996519712,169.490498259856,50.847149477956805,84.745249129928,-135.5923986078848,16.9490498259856,67.7961993039424
130.4,135.60231498227216,203.40347247340824,101.70173623670412,33.90057874556804,-67.80115749113608,6.780115749113609,271.2046299645443,-33.90057874556804,169.50289372784022,50.85086811835206,84.75144686392011,-135.60231498227216,16.95028937278402,67.80115749113608
130.5,135.61319146734957,203.41978720102435,101.70989360051217,33.90329786683739,-67.80659573367478,6.780659573367479,271.22638293469913,-33.90329786683739,169.51648933418696,50.85494680025609,84.75824466709348,-135.61319146734957,16.951648933418696,67.80659573367478
130.6,135.62508792140622,203.43763188210932,101.71881594105466,33.906271980351555,-67.81254396070311,6.781254396070311,271.25017584281244,-33.906271980351555,169.53135990175778,50.85940797052733,84.76567995087889,-135.62508792140622,16.953135990175777,67.81254396070311
130.70000000000002,135.63802852898567,203.4570427934785,101.72852139673925,33.90950713224642,-67.81901426449284,6.781901426449284,271.27605705797134,-33.90950713224642,169.54753566123208,50.86426069836963,84.77376783061604,-135.63802852898567,16.95475356612321,67.81901426449284
130.8,135.65206660444105,203.47809990666155,101.73904995333078,33.91301665111026,-67.82603330222052,6.782603330222052,271.3041332088821,-33.91301665111026,169.56508325555131,50.86952497666539,84.78254162777566,-135.65206660444105,16.95650832555513,67.82603330222052
130.9,135.66734494469114,203.5010174170367,101.75050870851835,33.916836236172784,-67.83367247234557,6.783367247234557,271.3346898893823,-33.916836236172784,169.58418118086394,50.87525435425918,84.79209059043197,-135.66734494469114,16.958418118086392,67.83367247234557
131.0,135.68399154971632,203.5259873245745,101.76299366228724,33.92099788742908,-67.84199577485816,6.784199577485817,271.36798309943265,-33.92099788742908,169.6049894371454,50.88149683114362,84.8024947185727,-135.68399154971632,16.96049894371454,67.84199577485816
131.1,135.70206499560032,203.5530974934005,101.77654874670024,33.92551624890008,-67.85103249780016,6.7851032497800166,271.40412999120065,-33.92551624890008,169.6275812445004,50.88827437335012,84.8137906222502,-135.70206499560032,16.96275812445004,67.85103249780016
131.20000000000002,135.72156550993233,203.58234826489849,101.79117413244924,33.93039137748308,-67.86078275496617,6.786078275496617,271.44313101986467,-33.93039137748308,169.65195688741542,50.89558706622462,84.82597844370771,-135.72156550993233,16.96519568874154,67.86078275496617
131.3,135.7425395648574,203.6138093472861,101.80690467364305,33.93563489121435,-67.8712697824287,6.7871269782428705,271.4850791297148,-33.93563489121435,169.67817445607176,50.90345233682152,84.83908722803588,-135.7425395648574,16.967817445607174,67.8712697824287
131.4,135.76505093405348,203.64757640108022,101.82378820054011,33.94126273351337,-67.88252546702674,6.788252546702674,271.53010186810695,-33.94126273351337,169.70631366756686,50.911894100270054,84.85315683378343,-135.76505093405348,16.970631366756685,67.88252546702674
131.5,135.7891826901377,203.68377403520654,101.84188701760327,33.94729567253442,-67.89459134506885,6.789459134506885,271.5783653802754,-33.94729567253442,169.73647836267213,50.920943508801635,84.86823918133607,-135.7891826901377,16.97364783626721,67.89459134506885
131.6,135.81506427919976,203.72259641879964,101.86129820939982,33.95376606979994,-67.90753213959988,6.790753213959988,271.6301285583995,-33.95376606979994,169.7688303489997,50.93064910469991,84.88441517449985,-135.81506427919976,16.97688303489997,67.90753213959988
131.70000000000002,135.84287580879987,203.7643137131998,101.8821568565999,33.96071895219997,-67.92143790439994,6.792143790439994,271.68575161759975,-33.96071895219997,169.80359476099983,50.94107842829995,84.90179738049991,-135.84287580879987,16.980359476099984,67.92143790439994
131.8,135.872776626801,203.8091649402015,101.90458247010075,33.96819415670025,-67.9363883134005,6.793638831340051,271.745553253602,-33.96819415670025,169.84097078350123,50.952291235050374,84.92048539175062,-135.872776626801,16.984097078350125,67.9363883134005
131.9,135.90488765476118,203.85733148214177,101.92866574107089,33.976221913690296,-67.95244382738059,6.795244382738059,271.80977530952237,-33.976221913690296,169.88110956845148,50.96433287053544,84.94055478422574,-135.90488765476118,16.988110956845148,67.95244382738059
132.0,135.9392516737534,203.9088775106301,101.95443875531505,33.98481291843835,-67.9696258368767,6.79696258368767,271.8785033475068,-33.98481291843835,169.92406459219177,50.977219377657526,84.96203229609588,-135.9392516737534,16.992406459219175,67.9696258368767
132.1,135.9758652439136,203.9637978658704,101.9818989329352,33.9939663109784,-67.9879326219568,6.79879326219568,271.9517304878272,-33.9939663109784,169.969831554892,50.9909494664676,84.984915777446,-135.9758652439136,16.9969831554892,67.9879326219568
132.20000000000002,136.01466967456372,204.02200451184558,102.01100225592279,34.00366741864093,-68.00733483728186,6.8007334837281865,272.02933934912744,-34.00366741864093,170.01833709320465,51.005501127961395,85.00916854660233,-136.01466967456372,17.001833709320465,68.00733483728186
132.3,136.05564541866588,204.0834681279988,102.0417340639994,34.01391135466647,-68.02782270933294,6.802782270933294,272.11129083733175,-34.01391135466647,170.06955677333235,51.0208670319997,85.03477838666618,-136.05564541866588,17.006955677333234,68.02782270933294
132.4,136.09878639157822,204.14817958736734,102.07408979368367,34.024696597894554,-68.04939319578911,6.804939319578911,272.19757278315643,-34.024696597894554,170.12348298947276,51.037044896841834,85.06174149473638,-136.09878639157822,17.012348298947277,68.04939319578911
132.5,136.1440508888702,204.2160763333053,102.10803816665265,34.03601272221755,-68.0720254444351,6.80720254444351,272.2881017777404,-34.03601272221755,170.18006361108775,51.054019083326324,85.09003180554387,-136.1440508888702,17.018006361108775,68.0720254444351
132.6,136.1913653339791,204.28704800096864,102.14352400048432,34.04784133349477,-68.09568266698955,6.809568266698955,272.3827306679582,-34.04784133349477,170.23920666747387,51.07176200024216,85.11960333373693,-136.1913653339791,17.023920666747387,68.09568266698955
132.70000000000002,136.24068513554104,204.36102770331155,102.18051385165577,34.06017128388526,-68.12034256777052,6.812034256777053,272.4813702710821,-34.06017128388526,170.3008564194263,51.09025692582789,85.15042820971316,-136.24068513554104,17.03008564194263,68.12034256777052
132.8,136.29197674141406,204.4379651121211,102.21898255606055,34.072994185353515,-68.14598837070703,6.814598837070704,272.5839534828281,-34.072994185353515,170.36497092676757,51.109491278030276,85.18248546338378,-136.29197674141406,17.036497092676758,68.14598837070703
132.9,136.34522091780235,204.51783137670353,102.25891568835176,34.08630522945059,-68.17261045890118,6.817261045890118,272.6904418356047,-34.08630522945059,170.43152614725295,51.12945784417588,85.21576307362648,-136.34522091780235,17.043152614725294,68.17261045890118
133.0,136.4004379206388,204.6006568809582,102.3003284404791,34.1001094801597,-68.2002189603194,6.820021896031941,272.8008758412776,-34.1001094801597,170.5005474007985,51.15016422023955,85.25027370039925,-136.4004379206388,17.05005474007985,68.2002189603194
133.1,136.45771697194556,204.68657545791834,102.34328772895917,34.11442924298639,-68.22885848597278,6.822885848597278,272.9154339438911,-34.11442924298639,170.57214621493193,51.171643864479584,85.28607310746597,-136.45771697194556,17.057214621493195,68.22885848597278
133.20000000000002,136.5170975625918,204.7756463438877,102.38782317194385,34.12927439064795,-68.2585487812959,6.82585487812959,273.0341951251836,-34.12927439064795,170.64637195323974,51.193911585971925,85.32318597661987,-136.5170975625918,17.064637195323975,68.2585487812959
133.3,136.57860316372967,204.8679047455945,102.43395237279725,34.14465079093242,-68.28930158186483,6.828930158186484,273.15720632745933,-34.14465079093242,170.72325395466208,51.216976186398625,85.36162697733104,-136.57860316372967,17.07232539546621,68.28930158186483
133.4,136.6422255508238,204.96333832623571,102.48166916311786,34.16055638770595,-68.3211127754119,6.832111277541191,273.2844511016476,-34.16055638770595,170.80278193852976,51.24083458155893,85.40139096926488,-136.6422255508238,17.080278193852976,68.3211127754119
133.5,136.7078854985245,205.06182824778674,102.53091412389337,34.17697137463112,-68.35394274926225,6.835394274926225,273.415770997049,-34.17697137463112,170.88485687315563,51.265457061946684,85.44242843657781,-136.7078854985245,17.08848568731556,68.35394274926225
133.6,136.77553821639793,205.1633073245969,102.58165366229845,34.19388455409948,-68.38776910819897,6.838776910819897,273.55107643279587,-34.19388455409948,170.96942277049743,51.290826831149225,85.48471138524872,-136.77553821639793,17.09694227704974,68.38776910819897
133.70000000000002,136.84514542623324,205.26771813934988,102.63385906967494,34.21128635655831,-68.42257271311662,6.842257271311663,273.6902908524665,-34.21128635655831,171.05643178279155,51.31692953483747,85.52821589139577,-136.84514542623324,17.105643178279156,68.42257271311662
133.8,136.9166905503571,205.37503582553563,102.68751791276782,34.22917263758927,-68.45834527517854,6.845834527517855,273.8333811007142,-34.22917263758927,171.14586318794636,51.34375895638391,85.57293159397318,-136.9166905503571,17.114586318794636,68.45834527517854
133.9,136.99012344529905,205.48518516794857,102.74259258397429,34.24753086132476,-68.49506172264952,6.849506172264952,273.9802468905981,-34.24753086132476,171.23765430662382,51.37129629198714,85.61882715331191,-136.99012344529905,17.12376543066238,68.49506172264952
134.0,137.06540028066408,205.5981004209961,102.79905021049805,34.26635007016602,-68.53270014033204,6.853270014033204,274.13080056132816,-34.26635007016602,171.3317503508301,51.399525105249026,85.66587517541505,-137.06540028066408,17.13317503508301,68.53270014033204
134.1,137.14254463796374,205.7138169569456,102.8569084784728,34.285636159490934,-68.57127231898187,6.857127231898187,274.2850892759275,-34.285636159490934,171.42818079745467,51.4284542392364,85.71409039872734,-137.14254463796374,17.142818079745467,68.57127231898187
134.20000000000002,137.22163044937543,205.83244567406314,102.91622283703157,34.305407612343856,-68.61081522468771,6.861081522468772,274.44326089875085,-34.305407612343856,171.52703806171928,51.458111418515784,85.76351903085964,-137.22163044937543,17.152703806171928,68.61081522468771
134.3,137.30270065665857,205.95405098498787,102.97702549249394,34.32567516416464,-68.65135032832929,6.865135032832929,274.60540131331715,-34.32567516416464,171.6283758208232,51.48851274624697,85.8141879104116,-137.30270065665857,17.16283758208232,68.65135032832929
134.4,137.3857681663146,206.07865224947187,103.03932612473594,34.34644204157865,-68.6928840831573,6.86928840831573,274.7715363326292,-34.34644204157865,171.73221020789325,51.51966306236797,85.86610510394662,-137.3857681663146,17.173221020789324,68.6928840831573
134.5,137.4709241127877,206.20638616918157,103.10319308459079,34.36773102819693,-68.73546205639386,6.873546205639386,274.9418482255754,-34.36773102819693,171.83865514098466,51.55159654229539,85.91932757049233,-137.4709241127877,17.183865514098464,68.73546205639386
134.6,137.5583366932615,206.33750503989228,103.16875251994614,34.38958417331538,-68.77916834663075,6.8779168346630755,275.116673386523,-34.38958417331538,171.94792086657688,51.58437625997307,85.97396043328844,-137.5583366932615,17.19479208665769,68.77916834663075
134.70000000000002,137.64816050201955,206.47224075302933,103.23612037651466,34.41204012550489,-68.82408025100978,6.882408025100978,275.2963210040391,-34.41204012550489,172.06020062752444,51.61806018825733,86.03010031376222,-137.64816050201955,17.206020062752444,68.82408025100978
134.8,137.74049891118386,206.6107483667758,103.3053741833879,34.435124727795966,-68.87024945559193,6.887024945559194,275.4809978223677,-34.435124727795966,172.17562363897983,51.65268709169395,86.08781181948991,-137.74049891118386,17.217562363897983,68.87024945559193
134.9,137.8354388635895,206.75315829538425,103.37657914769213,34.458859715897376,-68.91771943179475,6.891771943179475,275.670877727179,-34.458859715897376,172.29429857948688,51.68828957384606,86.14714928974344,-137.8354388635895,17.229429857948688,68.91771943179475
135.0,137.93298834399627,206.8994825159944,103.4497412579972,34.48324708599907,-68.96649417199814,6.896649417199814,275.86597668799254,-34.48324708599907,172.41623542999534,51.7248706289986,86.20811771499767,-137.93298834399627,17.241623542999534,68.96649417199814
135.1,138.0330907699639,207.04963615494586,103.52481807747293,34.508272692490976,-69.01654538498195,6.901654538498196,276.0661815399278,-34.508272692490976,172.54136346245488,51.762409038736465,86.27068173122744,-138.0330907699639,17.254136346245488,69.01654538498195
135.20000000000002,138.13567687187606,207.2035153078141,103.60175765390704,34.533919217969014,-69.06783843593803,6.906783843593804,276.2713537437521,-34.533919217969014,172.66959608984507,51.80087882695352,86.33479804492254,-138.13567687187606,17.266959608984507,69.06783843593803
135.3,138.24070373438323,207.36105560157483,103.68052780078742,34.56017593359581,-69.12035186719162,6.912035186719162,276.48140746876646,-34.56017593359581,172.80087966797905,51.84026390039371,86.40043983398952,-138.24070373438323,17.280087966797904,69.12035186719162
135.4,138.34813464893153,207.5222019733973,103.76110098669865,34.587033662232884,-69.17406732446577,6.917406732446577,276.69626929786307,-34.587033662232884,172.93516831116443,51.880550493349325,86.46758415558222,-138.34813464893153,17.293516831116442,69.17406732446577
135.5,138.45788945100225,207.68683417650337,103.84341708825168,34.61447236275056,-69.22894472550112,6.922894472550112,276.9157789020045,-34.61447236275056,173.07236181375282,51.92170854412584,86.53618090687641,-138.45788945100225,17.30723618137528,69.22894472550112
135.6,138.56989428290066,207.85484142435098,103.92742071217549,34.642473570725166,-69.28494714145033,6.9284947141450335,277.1397885658013,-34.642473570725166,173.21236785362584,51.963710356087745,86.60618392681292,-138.56989428290066,17.321236785362583,69.28494714145033
135.70000000000002,138.6841159671328,208.02617395069922,104.01308697534961,34.6710289917832,-69.3420579835664,6.934205798356641,277.3682319342656,-34.6710289917832,173.35514495891601,52.006543487674804,86.67757247945801,-138.6841159671328,17.3355144958916,69.3420579835664
135.8,138.80055475589398,208.20083213384098,104.10041606692049,34.700138688973496,-69.40027737794699,6.9400277377947,277.60110951178797,-34.700138688973496,173.50069344486747,52.050208033460244,86.75034672243373,-138.80055475589398,17.350069344486748,69.40027737794699
135.9,138.91917674574069,208.37876511861103,104.18938255930551,34.72979418643517,-69.45958837287034,6.9459588372870344,277.83835349148137,-34.72979418643517,173.64897093217587,52.09469127965276,86.82448546608794,-138.91917674574069,17.364897093217586,69.45958837287034
136.0,139.03986509455586,208.5597976418338,104.2798988209169,34.759966273638966,-69.51993254727793,6.951993254727793,278.07973018911173,-34.759966273638966,173.79983136819482,52.13994941045845,86.89991568409741,-139.03986509455586,17.379983136819483,69.51993254727793
136.1,139.16246743729312,208.74370115593968,104.37185057796984,34.79061685932328,-69.58123371864656,6.958123371864656,278.32493487458623,-34.79061685932328,173.9530842966164,52.18592528898492,86.9765421483082,-139.16246743729312,17.39530842966164,69.58123371864656
136.20000000000002,139.2868735442056,208.9303103163084,104.4651551581542,34.8217183860514,-69.6434367721028,6.96434367721028,278.5737470884112,-34.8217183860514,174.108591930257,52.2325775790771,87.0542959651285,-139.2868735442056,17.4108591930257,69.6434367721028
136.3,139.41299987576713,209.1194998136507,104.55974990682535,34.85324996894178,-69.70649993788356,6.970649993788356,278.82599975153425,-34.85324996894178,174.2662498447089,52.27987495341267,87.13312492235445,-139.41299987576713,17.42662498447089,69.70649993788356
136.4,139.54076975138213,209.3111546270732,104.6555773135366,34.88519243784553,-69.77038487569106,6.977038487569107,279.08153950276426,-34.88519243784553,174.42596218922768,52.3277886567683,87.21298109461384,-139.54076975138213,17.442596218922766,69.77038487569106
136.5,139.67013017718745,209.50519526578117,104.75259763289058,34.91753254429686,-69.83506508859372,6.983506508859373,279.3402603543749,-34.91753254429686,174.58766272148432,52.37629881644529,87.29383136074216,-139.67013017718745,17.45876627214843,69.83506508859372
136.6,139.80100020232138,209.70150030348208,104.85075015174104,34.950250050580344,-69.90050010116069,6.990050010116069,279.60200040464275,-34.950250050580344,174.7512502529017,52.42537507587052,87.37562512645086,-139.80100020232138,17.475125025290172,69.90050010116069
136.70000000000002,139.9333022881928,209.8999534322892,104.9499767161446,34.9833255720482,-69.9666511440964,6.996665114409641,279.8666045763856,-34.9833255720482,174.91662786024102,52.4749883580723,87.45831393012051,-139.9333022881928,17.4916627860241,69.9666511440964
136.8,140.0670415139969,210.10056227099537,105.05028113549768,35.01676037849923,-70.03352075699846,7.003352075699846,280.1340830279938,-35.01676037849923,175.08380189249613,52.52514056774884,87.54190094624806,-140.0670415139969,17.508380189249614,70.03352075699846
136.9,140.20223938676037,210.30335908014055,105.15167954007028,35.05055984669009,-70.10111969338018,7.010111969338019,280.40447877352074,-35.05055984669009,175.25279923345045,52.57583977003514,87.62639961672522,-140.20223938676037,17.525279923345046,70.10111969338018
137.0,140.3389131409382,210.50836971140728,105.25418485570364,35.08472828523455,-70.1694565704691,7.01694565704691,280.6778262818764,-35.08472828523455,175.42364142617274,52.62709242785182,87.71182071308637,-140.3389131409382,17.542364142617274,70.1694565704691
137.1,140.4771286477039,210.71569297155582,105.35784648577791,35.11928216192597,-70.23856432385195,7.023856432385195,280.9542572954078,-35.11928216192597,175.59641080962987,52.678923242888956,87.79820540481494,-140.4771286477039,17.559641080962987,70.23856432385195
137.20000000000002,140.61697347392717,210.92546021089078,105.46273010544539,35.154243368481794,-70.30848673696359,7.030848673696359,281.23394694785435,-35.154243368481794,175.77121684240896,52.731365052722694,87.88560842120448,-140.61697347392717,17.577121684240897,70.30848673696359
137.3,140.75858819999763,211.13788229999645,105.56894114999822,35.18964704999941,-70.37929409999882,7.037929409999882,281.51717639999526,-35.18964704999941,175.94823524999703,52.78447057499911,87.97411762499851,-140.75858819999763,17.594823524999704,70.37929409999882
137.4,140.9020430660737,211.35306459911055,105.67653229955528,35.225510766518425,-70.45102153303685,7.045102153303685,281.8040861321474,-35.225510766518425,176.12755383259213,52.83826614977764,88.06377691629606,-140.9020430660737,17.612755383259213,70.45102153303685
137.5,141.04736815069506,211.57105222604258,105.78552611302129,35.261842037673766,-70.52368407534753,7.052368407534754,282.0947363013901,-35.261842037673766,176.30921018836884,52.892763056510645,88.15460509418442,-141.04736815069506,17.630921018836883,70.52368407534753
137.6,141.19456266062332,211.79184399093498,105.89592199546749,35.29864066515583,-70.59728133031166,7.059728133031166,282.38912532124664,-35.29864066515583,176.49320332577915,52.947960997733745,88.24660166288957,-141.19456266062332,17.649320332577915,70.59728133031166
137.70000000000002,141.34358782384808,212.0153817357721,106.00769086788605,35.33589695596202,-70.67179391192404,7.067179391192404,282.68717564769617,-35.33589695596202,176.6794847798101,53.00384543394303,88.33974238990506,-141.34358782384808,17.66794847798101,70.67179391192404
137.8,141.4943564452965,212.24153466794473,106.12076733397237,35.37358911132412,-70.74717822264824,7.074717822264825,282.988712890593,-35.37358911132412,176.8679455566206,53.06038366698618,88.4339727783103,-141.4943564452965,17.68679455566206,70.74717822264824
137.9,141.64674494175523,212.47011741263285,106.23505870631642,35.41168623543881,-70.82337247087762,7.082337247087762,283.29348988351046,-35.41168623543881,177.05843117719405,53.11752935315821,88.52921558859703,-141.64674494175523,17.705843117719404,70.82337247087762
138.0,141.80061219794234,212.70091829691353,106.35045914845676,35.450153049485586,-70.90030609897117,7.090030609897117,283.6012243958847,-35.450153049485586,177.25076524742792,53.17522957422838,88.62538262371396,-141.80061219794234,17.725076524742793,70.90030609897117
138.1,141.95586270744974,212.9337940611746,106.4668970305873,35.488965676862435,-70.97793135372487,7.097793135372488,283.9117254148995,-35.488965676862435,177.4448283843122,53.23344851529365,88.7224141921561,-141.95586270744974,17.744482838431217,70.97793135372487
138.20000000000002,142.11240773720266,213.168611605804,106.584305802902,35.528101934300665,-71.05620386860133,7.105620386860133,284.2248154744053,-35.528101934300665,177.6405096715033,53.292152901451,88.82025483575165,-142.11240773720266,17.764050967150332,71.05620386860133
138.3,142.27018804558648,213.40528206837973,106.70264103418987,35.56754701139662,-71.13509402279324,7.113509402279324,284.54037609117296,-35.56754701139662,177.8377350569831,53.35132051709493,88.91886752849155,-142.27018804558648,17.78377350569831,71.13509402279324
138.4,142.42909481265525,213.64364221898288,106.82182110949144,35.60727370316381,-71.21454740632763,7.121454740632763,284.8581896253105,-35.60727370316381,178.03636851581905,53.41091055474572,89.01818425790952,-142.42909481265525,17.803636851581906,71.21454740632763
138.5,142.58892682404763,213.88339023607145,106.94169511803572,35.64723170601191,-71.29446341202382,7.129446341202382,285.17785364809527,-35.64723170601191,178.23615853005953,53.47084755901786,89.11807926502976,-142.58892682404763,17.823615853005954,71.29446341202382
138.6,142.7495058885337,214.12425883280054,107.06212941640027,35.68737647213342,-71.37475294426685,7.137475294426685,285.4990117770674,-35.68737647213342,178.4368823606671,53.531064708200134,89.21844118033356,-142.7495058885337,17.84368823606671,71.37475294426685
138.70000000000002,142.91064433897054,214.3659665084558,107.1829832542279,35.727661084742635,-71.45532216948527,7.145532216948528,285.8212886779411,-35.727661084742635,178.63830542371318,53.59149162711395,89.31915271185659,-142.91064433897054,17.863830542371318,71.45532216948527
138.8,143.07208258432172,214.60812387648258,107.30406193824129,35.76802064608043,-71.53604129216086,7.153604129216086,286.14416516864344,-35.76802064608043,178.84010323040215,53.652030969120645,89.42005161520107,-143.07208258432172,17.884010323040215,71.53604129216086
138.9,143.23358312167278,214.85037468250917,107.42518734125458,35.808395780418195,-71.61679156083639,7.16167915608364,286.46716624334556,-35.808395780418195,179.041978902091,53.71259367062729,89.5209894510455,-143.23358312167278,17.904197890209097,71.61679156083639
139.0,143.3949654635366,215.0924481953049,107.54622409765246,35.84874136588415,-71.6974827317683,7.169748273176831,286.7899309270732,-35.84874136588415,179.24370682942077,53.77311204882623,89.62185341471039,-143.3949654635366,17.924370682942076,71.6974827317683
139.1,143.55608406205673,215.3341260930851,107.66706304654255,35.88902101551418,-71.77804203102836,7.177804203102837,287.11216812411345,-35.88902101551418,179.4451050775709,53.833531523271276,89.72255253878545,-143.55608406205673,17.94451050775709,71.77804203102836
139.20000000000002,143.71682281632647,215.5752342244897,107.78761711224485,35.92920570408162,-71.85841140816324,7.185841140816324,287.43364563265294,-35.92920570408162,179.6460285204081,53.89380855612242,89.82301426020405,-143.71682281632647,17.96460285204081,71.85841140816324
139.3,143.87712815614313,215.81569223421468,107.90784611710734,35.96928203903578,-71.93856407807156,7.193856407807157,287.75425631228626,-35.96928203903578,179.84641019517892,53.95392305855367,89.92320509758946,-143.87712815614313,17.98464101951789,71.93856407807156
139.4,144.03694961606925,216.05542442410388,108.02771221205194,36.00923740401731,-72.01847480803463,7.201847480803463,288.0738992321385,-36.00923740401731,180.04618702008656,54.01385610602597,90.02309351004328,-144.03694961606925,18.004618702008656,72.01847480803463
139.5,144.19626256715856,216.29439385073783,108.14719692536892,36.04906564178964,-72.09813128357928,7.209813128357928,288.3925251343171,-36.04906564178964,180.2453282089482,54.07359846268446,90.1226641044741,-144.19626256715856,18.02453282089482,72.09813128357928
139.6,144.35511619874367,216.53267429811552,108.26633714905776,36.08877904968592,-72.17755809937184,7.217755809937184,288.71023239748735,-36.08877904968592,180.44389524842958,54.13316857452888,90.22194762421479,-144.35511619874367,18.04438952484296,72.17755809937184
139.70000000000002,144.51358338577984,216.77037507866976,108.38518753933488,36.12839584644496,-72.25679169288992,7.225679169288992,289.0271667715597,-36.12839584644496,180.6419792322248,54.19259376966744,90.3209896161124,-144.51358338577984,18.06419792322248,72.25679169288992
139.8,144.6717185921674,217.0075778882511,108.50378894412555,36.16792964804185,-72.3358592960837,7.23358592960837,289.3434371843348,-36.16792964804185,180.83964824020924,54.25189447206277,90.41982412010462,-144.6717185921674,18.083964824020924,72.3358592960837
139.9,144.82948663762318,217.24422995643476,108.62211497821738,36.207371659405794,-72.41474331881159,7.241474331881159,289.65897327524635,-36.207371659405794,181.03685829702897,54.31105748910869,90.51842914851449,-144.82948663762318,18.103685829702897,72.41474331881159
140.0,144.986782216375,217.4801733245625,108.74008666228124,36.24669555409375,-72.4933911081875,7.24933911081875,289.97356443275,-36.24669555409375,181.23347777046874,54.37004333114062,90.61673888523437,-144.986782216375,18.123347777046874,72.4933911081875
140.1,145.14351274790613,217.7152691218592,108.8576345609296,36.28587818697653,-72.57175637395306,7.2571756373953065,290.28702549581226,-36.28587818697653,181.42939093488266,54.4288172804648,90.71469546744133,-145.14351274790613,18.142939093488266,72.57175637395306
140.20000000000002,145.29956055253524,217.94934082880286,108.97467041440143,36.32489013813381,-72.64978027626762,7.264978027626762,290.5991211050705,-36.32489013813381,181.62445069066905,54.487335207200715,90.81222534533453,-145.29956055253524,18.162445069066905,72.64978027626762
140.3,145.45475070795766,218.1821260619365,109.09106303096824,36.363687676989414,-72.72737535397883,7.272737535397884,290.9095014159153,-36.363687676989414,181.81843838494706,54.54553151548412,90.90921919247353,-145.45475070795766,18.181843838494707,72.72737535397883
140.4,145.60894265430895,218.4134139814634,109.2067069907317,36.40223566357724,-72.80447132715447,7.280447132715448,291.2178853086179,-36.40223566357724,182.0111783178862,54.60335349536585,91.0055891589431,-145.60894265430895,18.20111783178862,72.80447132715447
140.5,145.76201472954753,218.64302209432128,109.32151104716064,36.44050368238688,-72.88100736477377,7.288100736477377,291.52402945909506,-36.44050368238688,182.20251841193442,54.66075552358032,91.10125920596721,-145.76201472954753,18.22025184119344,72.88100736477377
140.6,145.91383657480117,218.87075486220175,109.43537743110087,36.47845914370029,-72.95691828740058,7.2956918287400585,291.82767314960233,-36.47845914370029,182.39229571850146,54.71768871555044,91.19614785925073,-145.91383657480117,18.239229571850146,72.95691828740058
140.70000000000002,146.06434068355088,219.09651102532632,109.54825551266316,36.51608517088772,-73.03217034177544,7.303217034177544,292.12868136710176,-36.51608517088772,182.5804258544386,54.77412775633158,91.2902129272193,-146.06434068355088,18.25804258544386,73.03217034177544
140.8,146.213472662311,219.3202089934665,109.66010449673325,36.55336816557775,-73.1067363311555,7.310673633115551,292.426945324622,-36.55336816557775,182.76684082788876,54.83005224836663,91.38342041394438,-146.213472662311,18.276684082788876,73.1067363311555
140.9,146.3611609032073,219.54174135481094,109.77087067740547,36.59029022580182,-73.18058045160365,7.318058045160365,292.7223218064146,-36.59029022580182,182.95145112900911,54.885435338702734,91.47572556450456,-146.3611609032073,18.29514511290091,73.18058045160365
141.0,146.50731355419464,219.76097033129196,109.88048516564598,36.62682838854866,-73.25365677709732,7.3253656777097325,293.0146271083893,-36.62682838854866,183.1341419427433,54.94024258282299,91.56707097137165,-146.50731355419464,18.31341419427433,73.25365677709732
141.1,146.65180463324288,219.9777069498643,109.98885347493216,36.66295115831072,-73.32590231662144,7.332590231662144,293.30360926648575,-36.66295115831072,183.31475579155358,54.99442673746608,91.65737789577679,-146.65180463324288,18.33147557915536,73.32590231662144
141.20000000000002,146.79452984792596,220.19179477188894,110.09589738594447,36.69863246198149,-73.39726492396298,7.339726492396299,293.5890596958519,-36.69863246198149,183.49316230990746,55.047948692972234,91.74658115495373,-146.79452984792596,18.349316230990745,73.39726492396298
141.3,146.93537753344677,220.40306630017017,110.20153315008508,36.73384438336169,-73.46768876672338,7.346768876672339,293.87075506689354,-36.73384438336169,183.66922191680845,55.10076657504254,91.83461095840423,-146.93537753344677,18.366922191680846,73.46768876672338
141.4,147.07424085684397,220.61136128526596,110.30568064263298,36.76856021421099,-73.53712042842199,7.353712042842199,294.14848171368794,-36.76856021421099,183.84280107105496,55.15284032131649,91.92140053552748,-147.07424085684397,18.384280107105496,73.53712042842199
141.5,147.21101114012382,220.81651671018574,110.40825835509287,36.802752785030954,-73.60550557006191,7.360550557006191,294.42202228024763,-36.802752785030954,184.01376392515476,55.204129177546434,92.00688196257738,-147.21101114012382,18.401376392515477,73.60550557006191
141.6,147.34558609300626,221.0183791395094,110.5091895697547,36.836396523251565,-73.67279304650313,7.367279304650314,294.6911721860125,-36.836396523251565,184.1819826162578,55.25459478487735,92.0909913081289,-147.34558609300626,18.418198261625783,73.67279304650313
141.70000000000002,147.47784648984495,221.2167697347674,110.6083848673837,36.86946162246124,-73.73892324492247,7.373892324492248,294.9556929796899,-36.86946162246124,184.3473081123062,55.30419243369185,92.1736540561531,-147.47784648984495,18.43473081123062,73.73892324492247
141.8,147.60761497918057,221.41142246877087,110.70571123438543,36.90190374479514,-73.80380748959028,7.380380748959029,295.21522995836114,-36.90190374479514,184.5095187239757,55.352855617192716,92.25475936198785,-147.60761497918057,18.45095187239757,73.80380748959028
141.9,147.73476892372236,221.60215338558353,110.80107669279177,36.93369223093059,-73.86738446186118,7.3867384461861185,295.4695378474447,-36.93369223093059,184.66846115465296,55.400538346395884,92.33423057732648,-147.73476892372236,18.466846115465295,73.86738446186118
142.0,147.85920768069414,221.78881152104123,110.89440576052061,36.964801920173535,-73.92960384034707,7.392960384034708,295.7184153613883,-36.964801920173535,184.82400960086767,55.447202880260306,92.41200480043383,-147.85920768069414,18.482400960086768,73.92960384034707
142.1,147.98082090651047,221.9712313597657,110.98561567988286,36.99520522662762,-73.99041045325524,7.399041045325524,295.96164181302095,-36.99520522662762,184.97602613313808,55.49280783994143,92.48801306656904,-147.98082090651047,18.49760261331381,73.99041045325524
142.20000000000002,148.09950521932888,222.1492578289933,111.07462891449666,37.02487630483222,-74.04975260966444,7.404975260966444,296.19901043865775,-37.02487630483222,185.1243815241611,55.53731445724833,92.56219076208055,-148.09950521932888,18.51243815241611,74.04975260966444
142.3,148.21516215124697,222.32274322687044,111.16137161343522,37.05379053781174,-74.10758107562349,7.410758107562349,296.43032430249394,-37.05379053781174,185.26895268905872,55.58068580671761,92.63447634452936,-148.21516215124697,18.52689526890587,74.10758107562349
142.4,148.3277708159183,222.49165622387747,111.24582811193874,37.08194270397958,-74.16388540795916,7.416388540795916,296.6555416318366,-37.08194270397958,185.40971351989788,55.62291405596937,92.70485675994894,-148.3277708159183,18.54097135198979,74.16388540795916
142.5,148.43742886686596,222.65614330029894,111.32807165014947,37.10935721671649,-74.21871443343298,7.421871443343298,296.8748577337319,-37.10935721671649,185.54678608358245,55.664035825074734,92.77339304179122,-148.43742886686596,18.554678608358245,74.21871443343298
142.6,148.54428232881952,222.81642349322928,111.40821174661464,37.13607058220488,-74.27214116440976,7.427214116440976,297.08856465763904,-37.13607058220488,185.68035291102439,55.70410587330732,92.84017645551219,-148.54428232881952,18.56803529110244,74.27214116440976
142.70000000000002,148.64849482847185,222.9727422427078,111.4863711213539,37.16212370711796,-74.32424741423593,7.432424741423593,297.2969896569437,-37.16212370711796,185.8106185355898,55.74318556067695,92.9053092677949,-148.64849482847185,18.58106185355898,74.32424741423593
142.8,148.75021137140754,223.12531705711132,111.56265852855566,37.187552842851886,-74.37510568570377,7.437510568570378,297.5004227428151,-37.187552842851886,185.93776421425943,55.78132926427783,92.96888210712972,-148.75021137140754,18.593776421425943,74.37510568570377
142.9,148.849563987566,223.274345981349,111.6371729906745,37.2123909968915,-74.424781993783,7.4424781993783,297.699127975132,-37.2123909968915,186.0619549844575,55.81858649533725,93.03097749222874,-148.849563987566,18.60619549844575,74.424781993783
143.0,148.94671044418823,223.42006566628234,111.71003283314117,37.23667761104706,-74.47335522209411,7.4473355222094115,297.89342088837645,-37.23667761104706,186.1833880552353,55.855016416570585,93.09169402761765,-148.94671044418823,18.61833880552353,74.47335522209411
143.1,149.0417655975487,223.56264839632306,111.78132419816153,37.260441399387176,-74.52088279877435,7.452088279877436,298.0835311950974,-37.260441399387176,186.30220699693587,55.890662099080764,93.15110349846793,-149.0417655975487,18.630220699693588,74.52088279877435
143.20000000000002,149.134839151537,223.7022587273055,111.85112936365275,37.28370978788425,-74.5674195757685,7.45674195757685,298.269678303074,-37.28370978788425,186.41854893942124,55.92556468182637,93.20927446971062,-149.134839151537,18.641854893942124,74.5674195757685
143.3,149.22603013712538,223.83904520568808,111.91952260284404,37.306507534281344,-74.61301506856269,7.46130150685627,298.45206027425075,-37.306507534281344,186.53253767140671,55.95976130142202,93.26626883570336,-149.22603013712538,18.653253767140672,74.61301506856269
143.4,149.31542627246404,223.97313940869606,111.98656970434803,37.32885656811601,-74.65771313623202,7.465771313623202,298.6308525449281,-37.32885656811601,186.64428284058005,55.993284852174014,93.32214142029002,-149.31542627246404,18.664428284058005,74.65771313623202
143.5,149.40312146712537,224.10468220068805,112.05234110034402,37.35078036678134,-74.70156073356269,7.470156073356269,298.80624293425075,-37.35078036678134,186.75390183390672,56.02617055017201,93.37695091695336,-149.40312146712537,18.67539018339067,74.70156073356269
143.6,149.48917607093884,224.23376410640827,112.11688205320414,37.37229401773471,-74.74458803546942,7.474458803546942,298.9783521418777,-37.37229401773471,186.86147008867354,56.05844102660207,93.43073504433677,-149.48917607093884,18.686147008867355,74.74458803546942
143.70000000000002,149.57363918920288,224.36045878380432,112.18022939190216,37.39340979730072,-74.78681959460144,7.478681959460144,299.14727837840576,-37.39340979730072,186.96704898650358,56.09011469595108,93.48352449325179,-149.57363918920288,18.69670489865036,74.78681959460144
143.8,149.6565947159881,224.48489207398214,112.24244603699107,37.41414867899702,-74.82829735799405,7.482829735799405,299.3131894319762,-37.41414867899702,187.07074339498513,56.121223018495535,93.53537169749256,-149.6565947159881,18.70707433949851,74.82829735799405
143.9,149.7381353634011,224.60720304510167,112.30360152255084,37.43453384085028,-74.86906768170056,7.486906768170056,299.4762707268022,-37.43453384085028,187.1726692042514,56.15180076127542,93.5863346021257,-149.7381353634011,18.71726692042514,74.86906768170056
144.0,149.81838544068057,224.72757816102086,112.36378908051043,37.45459636017014,-74.90919272034029,7.490919272034029,299.63677088136114,-37.45459636017014,187.27298180085072,56.181894540255215,93.63649090042536,-149.81838544068057,18.72729818008507,74.90919272034029
144.1,149.8975023840328,224.8462535760492,112.4231267880246,37.4743755960082,-74.9487511920164,7.494875119201641,299.7950047680656,-37.4743755960082,187.371877980041,56.2115633940123,93.6859389900205,-149.8975023840328,18.7371877980041,74.9487511920164
144.20000000000002,149.9756146952413,224.96342204286194,112.48171102143097,37.49390367381032,-74.98780734762065,7.4987807347620645,299.9512293904826,-37.49390367381032,187.46951836905163,56.240855510715484,93.73475918452581,-149.9756146952413,18.74695183690516,74.98780734762065
144.3,150.05279710929452,225.0791956639418,112.5395978319709,37.51319927732363,-75.02639855464726,7.502639855464726,300.10559421858903,-37.51319927732363,187.56599638661814,56.26979891598545,93.78299819330907,-150.05279710929452,18.756599638661815,75.02639855464726
144.4,150.12913761106915,225.19370641660373,112.59685320830187,37.53228440276729,-75.06456880553458,7.506456880553458,300.2582752221383,-37.53228440276729,187.66142201383644,56.29842660415093,93.83071100691822,-150.12913761106915,18.766142201383644,75.06456880553458
144.5,150.20476877026886,225.30715315540328,112.65357657770164,37.551192192567214,-75.10238438513443,7.5102384385134435,300.4095375405377,-37.551192192567214,187.75596096283607,56.32678828885082,93.87798048141804,-150.20476877026886,18.775596096283607,75.10238438513443
144.6,150.2797952489955,225.41969287349326,112.70984643674663,37.569948812248875,-75.13989762449775,7.513989762449775,300.559590497991,-37.569948812248875,187.84974406124437,56.354923218373315,93.92487203062218,-150.2797952489955,18.784974406124437,75.13989762449775
144.70000000000002,150.3543350065612,225.5315025098418,112.7657512549209,37.5885837516403,-75.1771675032806,7.51771675032806,300.7086700131224,-37.5885837516403,187.9429187582015,56.38287562746045,93.97145937910075,-150.3543350065612,18.79429187582015,75.1771675032806
144.8,150.42847949192065,225.64271923788098,112.82135961894049,37.607119872980164,-75.21423974596033,7.521423974596033,300.8569589838413,-37.607119872980164,188.0355993649008,56.410679809470246,94.0177996824504,-150.42847949192065,18.803559936490082,75.21423974596033
144.9,150.50235899143854,225.7535384871578,112.8767692435789,37.625589747859635,-75.25117949571927,7.525117949571928,301.0047179828771,-37.625589747859635,188.12794873929818,56.43838462178945,94.06397436964909,-150.50235899143854,18.812794873929818,75.25117949571927
145.0,150.5760842541763,225.86412638126444,112.93206319063222,37.64402106354407,-75.28804212708815,7.528804212708815,301.1521685083526,-37.64402106354407,188.22010531772037,56.46603159531611,94.11005265886018,-150.5760842541763,18.822010531772037,75.28804212708815
145.1,150.6497985166098,225.9746977749147,112.98734888745734,37.66244962915245,-75.3248992583049,7.53248992583049,301.2995970332196,-37.66244962915245,188.31224814576223,56.49367444372867,94.15612407288111,-150.6497985166098,18.831224814576224,75.3248992583049
145.20000000000002,150.72374764537662,226.08562146806491,113.04281073403246,37.680936911344155,-75.36187382268831,7.536187382268832,301.44749529075324,-37.680936911344155,188.40468455672078,56.52140536701623,94.20234227836039,-150.72374764537662,18.840468455672077,75.36187382268831
145.3,150.79828707595956,226.19743061393933,113.09871530696967,37.69957176898989,-75.39914353797978,7.539914353797979,301.5965741519191,-37.69957176898989,188.49785884494946,56.54935765348483,94.24892942247473,-150.79828707595956,18.849785884494946,75.39914353797978
145.4,150.87374756783217,226.31062135174824,113.15531067587412,37.71843689195804,-75.43687378391608,7.543687378391609,301.74749513566434,-37.71843689195804,188.59218445979022,56.57765533793706,94.29609222989511,-150.87374756783217,18.85921844597902,75.43687378391608
145.5,150.95039312905888,226.42558969358834,113.21279484679417,37.73759828226472,-75.47519656452944,7.547519656452945,301.90078625811776,-37.73759828226472,188.6879914113236,56.606397423397084,94.3439957056618,-150.95039312905888,18.86879914113236,75.47519656452944
145.6,151.0284029503664,226.5426044255496,113.2713022127748,37.7571007375916,-75.5142014751832,7.5514201475183205,302.0568059007328,-37.7571007375916,188.785503687958,56.6356511063874,94.392751843979,-151.0284029503664,18.8785503687958,75.5142014751832
145.70000000000002,151.10797668389782,226.6619650258467,113.33098251292336,37.776994170974454,-75.55398834194891,7.555398834194891,302.21595336779563,-37.776994170974454,188.88497085487228,56.66549125646168,94.44248542743614,-151.10797668389782,18.888497085487227,75.55398834194891
145.8,151.189377450211,226.7840661753165,113.39203308765825,37.79734436255275,-75.5946887251055,7.55946887251055,302.378754900422,-37.79734436255275,188.98672181276373,56.696016543829124,94.49336090638187,-151.189377450211,18.898672181276375,75.5946887251055
145.9,151.27283631385424,226.90925447078138,113.45462723539069,37.81820907846356,-75.63641815692712,7.563641815692712,302.5456726277085,-37.81820907846356,189.0910453923178,56.727313617695344,94.5455226961589,-151.27283631385424,18.90910453923178,75.63641815692712
146.0,151.3584569039687,227.03768535595304,113.51884267797652,37.83961422599217,-75.67922845198434,7.567922845198435,302.7169138079374,-37.83961422599217,189.19807112996085,56.75942133898826,94.59903556498043,-151.3584569039687,18.919807112996086,75.67922845198434
146.1,151.44624221318173,227.1693633197726,113.5846816598863,37.86156055329543,-75.72312110659087,7.572312110659087,302.89248442636347,-37.86156055329543,189.30780276647715,56.79234082994315,94.65390138323858,-151.44624221318173,18.930780276647717,75.72312110659087
146.20000000000002,151.53616588921824,227.30424883382736,113.65212441691368,37.88404147230456,-75.76808294460912,7.576808294460912,303.0723317784365,-37.88404147230456,189.42020736152278,56.82606220845684,94.71010368076139,-151.53616588921824,18.94202073615228,75.76808294460912
146.3,151.62820597235788,227.4423089585368,113.7211544792684,37.90705149308947,-75.81410298617894,7.581410298617894,303.25641194471575,-37.90705149308947,189.53525746544733,56.8605772396342,94.76762873272367,-151.62820597235788,18.953525746544734,75.81410298617894
146.4,151.72230435460753,227.58345653191128,113.79172826595564,37.93057608865188,-75.86115217730377,7.586115217730377,303.44460870921506,-37.93057608865188,189.65288044325942,56.89586413297782,94.82644022162971,-151.72230435460753,18.96528804432594,75.86115217730377
146.5,151.8184716143727,227.72770742155905,113.86385371077952,37.954617903593174,-75.90923580718635,7.590923580718635,303.6369432287454,-37.954617903593174,189.77308951796587,56.93192685538976,94.88654475898294,-151.8184716143727,18.977308951796587,75.90923580718635
146.6,151.9168336052594,227.8752504078891,113.93762520394455,37.97920840131485,-75.9584168026297,7.5958416802629705,303.8336672105188,-37.97920840131485,189.89604200657425,56.968812601972274,94.94802100328712,-151.9168336052594,18.989604200657425,75.9584168026297
146.70000000000002,152.017465246358,228.026197869537,114.0130989347685,38.0043663115895,-76.008732623179,7.600873262317901,304.034930492716,-38.0043663115895,190.0218315579475,57.00654946738425,95.01091577897375,-152.017465246358,19.00218315579475,76.008732623179
146.8,152.12037462005821,228.18056193008732,114.09028096504366,38.030093655014554,-76.06018731002911,7.606018731002911,304.24074924011643,-38.030093655014554,190.15046827507277,57.04514048252183,95.07523413753638,-152.12037462005821,19.015046827507277,76.06018731002911
146.9,152.22559277638504,228.33838916457756,114.16919458228878,38.05639819409626,-76.11279638819252,7.611279638819252,304.4511855527701,-38.05639819409626,190.2819909704813,57.08459729114439,95.14099548524065,-152.22559277638504,19.02819909704813,76.11279638819252
147.0,152.333186385019,228.4997795775285,114.24988978876425,38.08329659625475,-76.1665931925095,7.6166593192509495,304.666372770038,-38.08329659625475,190.41648298127373,57.124944894382125,95.20824149063687,-152.333186385019,19.041648298127374,76.1665931925095
147.1,152.44318120195143,228.66477180292713,114.33238590146357,38.11079530048786,-76.22159060097572,7.622159060097572,304.88636240390287,-38.11079530048786,190.5539765024393,57.166192950731784,95.27698825121965,-152.44318120195143,19.05539765024393,76.22159060097572
147.20000000000002,152.55562852390733,228.833442785861,114.4167213929305,38.13890713097683,-76.27781426195367,7.627781426195367,305.11125704781466,-38.13890713097683,190.69453565488416,57.20836069646525,95.34726782744208,-152.55562852390733,19.069453565488416,76.27781426195367
147.3,152.67055053873997,229.00582580810996,114.50291290405498,38.16763763468499,-76.33527526936999,7.633527526936999,305.34110107747995,-38.16763763468499,190.83818817342495,57.25145645202749,95.41909408671248,-152.67055053873997,19.083818817342497,76.33527526936999
147.4,152.78788509998986,229.1818276499848,114.5909138249924,38.196971274997466,-76.39394254999493,7.639394254999494,305.57577019997973,-38.196971274997466,190.98485637498732,57.2954569124962,95.49242818749366,-152.78788509998986,19.098485637498733,76.39394254999493
147.5,152.90753025575938,229.36129538363906,114.68064769181953,38.226882563939846,-76.45376512787969,7.645376512787969,305.81506051151877,-38.226882563939846,191.13441281969924,57.340323845909765,95.56720640984962,-152.90753025575938,19.113441281969923,76.45376512787969
147.6,153.02935039714586,229.54402559571878,114.77201279785939,38.257337599286465,-76.51467519857293,7.6514675198572935,306.0587007942917,-38.257337599286465,191.28668799643233,57.386006398929695,95.64334399821617,-153.02935039714586,19.128668799643233,76.51467519857293
147.70000000000002,153.15315654763896,229.72973482145844,114.86486741072922,38.28828913690974,-76.57657827381948,7.657657827381948,306.3063130952779,-38.28828913690974,191.44144568454868,57.43243370536461,95.72072284227434,-153.15315654763896,19.14414456845487,76.57657827381948
147.8,153.27878009821418,229.9181701473213,114.95908507366065,38.319695024553546,-76.63939004910709,7.663939004910709,306.55756019642837,-38.319695024553546,191.59847512276772,57.47954253683032,95.79923756138386,-153.27878009821418,19.159847512276773,76.63939004910709
147.9,153.4060173962017,230.10902609430252,115.05451304715126,38.35150434905042,-76.70300869810085,7.6703008698100845,306.8120347924034,-38.35150434905042,191.75752174525212,57.52725652357563,95.87876087262606,-153.4060173962017,19.17575217452521,76.70300869810085
148.0,153.5346712181686,230.3020068272529,115.15100341362646,38.38366780454215,-76.7673356090843,7.67673356090843,307.0693424363372,-38.38366780454215,191.91833902271074,57.57550170681323,95.95916951135537,-153.5346712181686,19.191833902271075,76.7673356090843
148.1,153.66452563217035,230.49678844825553,115.24839422412776,38.41613140804259,-76.83226281608518,7.683226281608518,307.3290512643407,-38.41613140804259,192.08065704021294,57.62419711206388,96.04032852010647,-153.66452563217035,19.208065704021294,76.83226281608518
148.20000000000002,153.79534892841573,230.69302339262362,115.34651169631181,38.448837232103934,-76.89767446420787,7.689767446420787,307.59069785683147,-38.448837232103934,192.24418616051966,57.673255848155904,96.12209308025983,-153.79534892841573,19.224418616051967,76.89767446420787
148.3,153.92690396239504,230.89035594359257,115.44517797179628,38.48172599059876,-76.96345198119752,7.696345198119753,307.8538079247901,-38.48172599059876,192.4086299529938,57.72258898589814,96.2043149764969,-153.92690396239504,19.24086299529938,76.96345198119752
148.4,154.05895268658395,231.08842902987593,115.54421451493796,38.51473817164599,-77.02947634329198,7.702947634329198,308.1179053731679,-38.51473817164599,192.57369085822995,57.77210725746898,96.28684542911498,-154.05895268658395,19.257369085822994,77.02947634329198
148.5,154.19124261611603,231.28686392417404,115.64343196208702,38.54781065402901,-77.09562130805801,7.709562130805802,308.38248523223206,-38.54781065402901,192.73905327014504,57.82171598104351,96.36952663507252,-154.19124261611603,19.273905327014504,77.09562130805801
148.6,154.32349103687523,231.48523655531284,115.74261827765642,38.580872759218806,-77.16174551843761,7.716174551843761,308.64698207375045,-38.580872759218806,192.90436379609403,57.87130913882821,96.45218189804702,-154.32349103687523,19.290436379609403,77.16174551843761
148.70000000000002,154.45537947240217,231.68306920860326,115.84153460430163,38.61384486810054,-77.22768973620109,7.722768973620109,308.91075894480434,-38.61384486810054,193.06922434050273,57.920767302150814,96.53461217025136,-154.45537947240217,19.30692243405027,77.22768973620109
148.8,154.5866713805598,231.88000707083972,115.94000353541986,38.64666784513995,-77.2933356902799,7.7293335690279905,309.1733427611196,-38.64666784513995,193.23333922569975,57.97000176770993,96.61666961284988,-154.5866713805598,19.323333922569976,77.2933356902799
148.9,154.71720183118995,232.07580274678492,116.03790137339246,38.67930045779749,-77.35860091559498,7.735860091559498,309.4344036623799,-38.67930045779749,193.39650228898745,58.01895068669623,96.69825114449372,-154.71720183118995,19.339650228898744,77.35860091559498
149.0,154.84689813113084,232.27034719669626,116.13517359834813,38.71172453278271,-77.42344906556542,7.742344906556543,309.6937962622617,-38.71172453278271,193.55862266391355,58.067586799174066,96.77931133195678,-154.84689813113084,19.355862266391355,77.42344906556542
149.1,154.9756719872093,232.46350798081394,116.23175399040697,38.743917996802324,-77.48783599360465,7.748783599360465,309.9513439744186,-38.743917996802324,193.71958998401163,58.115876995203486,96.85979499200582,-154.9756719872093,19.371958998401162,77.48783599360465
149.20000000000002,155.10332501339468,232.65498752009202,116.32749376004601,38.77583125334867,-77.55166250669734,7.755166250669735,310.20665002678936,-38.77583125334867,193.87915626674334,58.163746880023005,96.93957813337167,-155.10332501339468,19.387915626674335,77.55166250669734
149.3,155.22962780315197,232.84444170472796,116.42222085236398,38.80740695078799,-77.61481390157599,7.7614813901575985,310.45925560630394,-38.80740695078799,194.03703475393996,58.21111042618199,97.01851737696998,-155.22962780315197,19.403703475393996,77.61481390157599
149.4,155.35435764081694,233.03153646122541,116.51576823061271,38.838589410204236,-77.67717882040847,7.767717882040848,310.7087152816339,-38.838589410204236,194.19294705102118,58.257884115306354,97.09647352551059,-155.35435764081694,19.419294705102118,77.67717882040847
149.5,155.47731556583813,233.2159733487572,116.6079866743786,38.86932889145953,-77.73865778291906,7.773865778291906,310.95463113167625,-38.86932889145953,194.34664445729766,58.3039933371893,97.17332222864883,-155.47731556583813,19.434664445729766,77.73865778291906
149.6,155.59831010421016,233.39746515631523,116.69873257815762,38.89957752605254,-77.79915505210508,7.779915505210508,311.1966202084203,-38.89957752605254,194.4978876302627,58.34936628907881,97.24894381513135,-155.59831010421016,19.44978876302627,77.79915505210508
149.70000000000002,155.71717981634532,233.57576972451798,116.78788486225899,38.92929495408633,-77.85858990817266,7.785858990817267,311.43435963269064,-38.92929495408633,194.64647477043167,58.393942431129496,97.32323738521583,-155.71717981634532,19.464647477043165,77.85858990817266
149.8,155.83377495469617,233.75066243204424,116.87533121602212,38.95844373867404,-77.91688747734808,7.791688747734809,311.66754990939233,-38.95844373867404,194.79221869337022,58.43766560801106,97.39610934668511,-155.83377495469617,19.47922186933702,77.91688747734808
149.9,155.94797275729977,233.92195913594963,116.96097956797482,38.98699318932494,-77.97398637864988,7.797398637864989,311.89594551459953,-38.98699318932494,194.93496594662471,58.48048978398741,97.46748297331236,-155.94797275729977,19.49349659466247,77.97398637864988
150.0,156.0596717226396,234.0895075839594,117.0447537919797,39.0149179306599,-78.0298358613198,7.80298358613198,312.1193434452792,-39.0149179306599,195.07458965329948,58.52237689598985,97.53729482664974,-156.0596717226396,19.50745896532995,78.0298358613198
150.1,156.16872602831066,234.253089042466,117.126544521233,39.042181507077665,-78.08436301415533,7.808436301415533,312.3374520566213,-39.042181507077665,195.21090753538832,58.5632722606165,97.60545376769416,-156.16872602831066,19.521090753538832,78.08436301415533
150.20000000000002,156.27493755042937,234.41240632564404,117.20620316282202,39.06873438760734,-78.13746877521469,7.813746877521469,312.54987510085874,-39.06873438760734,195.34367193803672,58.60310158141101,97.67183596901836,-156.27493755042937,19.53436719380367,78.13746877521469
150.3,156.37818709644594,234.56728064466893,117.28364032233446,39.094546774111485,-78.18909354822297,7.818909354822297,312.7563741928919,-39.094546774111485,195.47273387055742,58.64182016116723,97.73636693527871,-156.37818709644594,19.547273387055743,78.18909354822297
150.4,156.4785146942316,234.7177720413474,117.3588860206737,39.1196286735579,-78.2392573471158,7.82392573471158,312.9570293884632,-39.1196286735579,195.59814336778948,58.67944301033685,97.79907168389474,-156.4785146942316,19.55981433677895,78.2392573471158
150.5,156.57604818075845,234.86407227113767,117.43203613556884,39.14401204518961,-78.28802409037922,7.828802409037923,313.1520963615169,-39.14401204518961,195.72006022594806,58.71601806778442,97.86003011297403,-156.57604818075845,19.572006022594806,78.28802409037922
150.6,156.67092088725678,235.00638133088518,117.50319066544259,39.167730221814196,-78.33546044362839,7.83354604436284,313.34184177451357,-39.167730221814196,195.83865110907098,58.751595332721294,97.91932555453549,-156.67092088725678,19.583865110907098,78.33546044362839
150.70000000000002,156.7632407869283,235.14486118039244,117.57243059019622,39.19081019673207,-78.38162039346415,7.838162039346415,313.5264815738566,-39.19081019673207,195.95405098366035,58.78621529509811,97.97702549183018,-156.7632407869283,19.595405098366037,78.38162039346415
150.8,156.85309276771585,235.27963915157378,117.63981957578689,39.21327319192896,-78.42654638385793,7.842654638385793,313.7061855354317,-39.21327319192896,196.06636595964483,58.819909787893444,98.03318297982241,-156.85309276771585,19.60663659596448,78.42654638385793
150.9,156.9405396629029,235.41080949435434,117.70540474717717,39.23513491572572,-78.47026983145145,7.847026983145145,313.8810793258058,-39.23513491572572,196.17567457862862,58.852702373588585,98.08783728931431,-156.9405396629029,19.61756745786286,78.47026983145145
151.0,157.0256652542445,235.53849788136677,117.76924894068338,39.256416313561125,-78.51283262712225,7.851283262712226,314.051330508489,-39.256416313561125,196.28208156780562,58.88462447034169,98.14104078390281,-157.0256652542445,19.628208156780563,78.51283262712225
151.1,157.1085261017452,235.66278915261782,117.83139457630891,39.2771315254363,-78.5542630508726,7.855426305087261,314.2170522034904,-39.2771315254363,196.3856576271815,58.915697288154455,98.19282881359075,-157.1085261017452,19.63856576271815,78.5542630508726
151.20000000000002,157.1891758353048,235.7837637529572,117.8918818764786,39.2972939588262,-78.5945879176524,7.859458791765241,314.3783516706096,-39.2972939588262,196.486469794131,58.9459409382393,98.2432348970655,-157.1891758353048,19.6486469794131,78.5945879176524
151.3,157.2677552690293,235.90163290354394,117.95081645177197,39.31693881725732,-78.63387763451465,7.863387763451465,314.5355105380586,-39.31693881725732,196.58469408628662,58.975408225885985,98.29234704314331,-157.2677552690293,19.65846940862866,78.63387763451465
151.4,157.34444564596842,236.01666846895262,118.00833423447631,39.336111411492105,-78.67222282298421,7.867222282298421,314.68889129193684,-39.336111411492105,196.68055705746053,59.004167117238154,98.34027852873027,-157.34444564596842,19.668055705746053,78.67222282298421
151.5,157.4194897691474,236.12923465372108,118.06461732686054,39.35487244228685,-78.7097448845737,7.87097448845737,314.8389795382948,-39.35487244228685,196.77436221143424,59.03230866343027,98.38718110571712,-157.4194897691474,19.677436221143424,78.7097448845737
151.6,157.49312644230824,236.23968966346234,118.11984483173117,39.37328161057706,-78.74656322115412,7.874656322115412,314.9862528846165,-39.37328161057706,196.8664080528853,59.059922415865586,98.43320402644265,-157.49312644230824,19.68664080528853,78.74656322115412
151.70000000000002,157.56553643987831,236.34830465981747,118.17415232990874,39.39138410996958,-78.78276821993916,7.878276821993916,315.13107287975663,-39.39138410996958,196.9569205498479,59.08707616495437,98.47846027492395,-157.56553643987831,19.69569205498479,78.78276821993916
151.8,157.63683711361054,236.4552556704158,118.2276278352079,39.409209278402635,-78.81841855680527,7.881841855680527,315.2736742272211,-39.409209278402635,197.04604639201318,59.11381391760395,98.52302319600659,-157.63683711361054,19.704604639201317,78.81841855680527
151.9,157.7071234701557,236.56068520523354,118.28034260261677,39.42678086753892,-78.85356173507785,7.885356173507785,315.4142469403114,-39.42678086753892,197.13390433769462,59.140171301308385,98.56695216884731,-157.7071234701557,19.71339043376946,78.85356173507785
152.0,157.77648949467186,236.6647342420078,118.3323671210039,39.444122373667966,-78.88824474733593,7.888824474733593,315.5529789893437,-39.444122373667966,197.22061186833983,59.16618356050195,98.61030593416992,-157.77648949467186,19.722061186833983,78.88824474733593
152.1,157.8450110478614,236.7675165717921,118.38375828589605,39.46125276196535,-78.9225055239307,7.89225055239307,315.6900220957228,-39.46125276196535,197.30626380982673,59.191879142948025,98.65313190491337,-157.8450110478614,19.730626380982674,78.9225055239307
152.20000000000002,157.9127229000753,236.86908435011293,118.43454217505646,39.478180725018824,-78.95636145003765,7.895636145003765,315.8254458001506,-39.478180725018824,197.39090362509413,59.21727108752823,98.69545181254706,-157.9127229000753,19.739090362509412,78.95636145003765
152.3,157.97968300853503,236.96952451280254,118.48476225640127,39.49492075213376,-78.98984150426752,7.898984150426752,315.95936601707007,-39.49492075213376,197.4746037606688,59.242381128200634,98.7373018803344,-157.97968300853503,19.74746037606688,78.98984150426752
152.4,158.04591624125823,237.06887436188734,118.53443718094367,39.51147906031456,-79.02295812062911,7.902295812062912,316.09183248251645,-39.51147906031456,197.5573953015728,59.267218590471835,98.7786976507864,-158.04591624125823,19.75573953015728,79.02295812062911
152.5,158.11144133192343,237.16716199788516,118.58358099894258,39.52786033298086,-79.05572066596172,7.9055720665961715,316.22288266384686,-39.52786033298086,197.63930166490428,59.29179049947129,98.81965083245214,-158.11144133192343,19.76393016649043,79.05572066596172
152.6,158.17632539583312,237.26448809374966,118.63224404687483,39.54408134895828,-79.08816269791656,7.908816269791656,316.35265079166624,-39.54408134895828,197.7204067447914,59.316122023437416,98.8602033723957,-158.17632539583312,19.77204067447914,79.08816269791656
152.70000000000002,158.24065716233775,237.36098574350663,118.68049287175332,39.56016429058444,-79.12032858116888,7.912032858116888,316.4813143246755,-39.56016429058444,197.8008214529222,59.34024643587666,98.9004107264611,-158.24065716233775,19.78008214529222,79.12032858116888
152.8,158.3044744266039,237.45671163990585,118.72835581995292,39.57611860665097,-79.15223721330194,7.915223721330195,316.6089488532078,-39.57611860665097,197.88059303325485,59.36417790997646,98.94029651662743,-158.3044744266039,19.788059303325486,79.15223721330194
152.9,158.3678278936227,237.55174184043403,118.77587092021702,39.59195697340567,-79.18391394681134,7.918391394681135,316.7356557872454,-39.59195697340567,197.95978486702836,59.38793546010851,98.97989243351418,-158.3678278936227,19.795978486702836,79.18391394681134
153.0,158.43074975365596,237.64612463048394,118.82306231524197,39.60768743841399,-79.21537487682798,7.921537487682798,316.8614995073119,-39.60768743841399,198.03843719206995,59.411531157620985,99.01921859603497,-158.43074975365596,19.803843719206995,79.21537487682798
153.1,158.49315328543972,237.7397299281596,118.8698649640798,39.62328832135993,-79.24657664271986,7.924657664271987,316.98630657087944,-39.62328832135993,198.11644160679964,59.4349324820399,99.05822080339982,-158.49315328543972,19.811644160679965,79.24657664271986
153.20000000000002,158.55495614253732,237.83243421380598,118.91621710690299,39.63873903563433,-79.27747807126866,7.927747807126867,317.10991228507464,-39.63873903563433,198.19369517817165,59.458108553451495,99.09684758908583,-158.55495614253732,19.819369517817165,79.27747807126866
153.3,158.61608049398052,237.92412074097078,118.96206037048539,39.65402012349513,-79.30804024699026,7.930804024699026,317.23216098796104,-39.65402012349513,198.27010061747563,59.481030185242695,99.13505030873782,-158.61608049398052,19.827010061747565,79.30804024699026
153.4,158.67644840386134,238.01467260579201,119.00733630289601,39.669112100965336,-79.33822420193067,7.933822420193067,317.3528968077227,-39.669112100965336,198.34556050482666,59.503668151448004,99.17278025241333,-158.67644840386134,19.834556050482668,79.33822420193067
153.5,158.73594409256532,238.10391613884798,119.05195806942399,39.68398602314133,-79.36797204628266,7.936797204628267,317.47188818513064,-39.68398602314133,198.41993011570665,59.525979034711995,99.20996505785332,-158.73594409256532,19.841993011570665,79.36797204628266
153.60000000000002,158.79440463293278,238.19160694939916,119.09580347469958,39.698601158233195,-79.39720231646639,7.939720231646639,317.58880926586556,-39.698601158233195,198.49300579116598,59.54790173734979,99.24650289558299,-158.79440463293278,19.849300579116598,79.39720231646639
153.70000000000002,158.8516599060763,238.27748985911444,119.13874492955722,39.71291497651907,-79.42582995303815,7.942582995303815,317.7033198121526,-39.71291497651907,198.56457488259537,59.56937246477861,99.28228744129768,-158.8516599060763,19.856457488259537,79.42582995303815
153.8,158.907577540121,238.3613663101815,119.18068315509075,39.72689438503025,-79.4537887700605,7.94537887700605,317.815155080242,-39.72689438503025,198.63447192515125,59.590341577545374,99.31723596257562,-158.907577540121,19.863447192515125,79.4537887700605
153.9,158.96202072020984,238.44303108031477,119.22151554015738,39.74050518005246,-79.48101036010492,7.948101036010492,317.92404144041967,-39.74050518005246,198.7025259002623,59.61075777007869,99.35126295013114,-158.96202072020984,19.87025259002623,79.48101036010492
154.0,159.01481541680053,238.5222231252008,119.2611115626004,39.75370385420013,-79.50740770840027,7.950740770840027,318.02963083360106,-39.75370385420013,198.76851927100066,59.6305557813002,99.38425963550033,-159.01481541680053,19.876851927100066,79.50740770840027
154.10000000000002,159.0658112776844,238.5987169165266,119.2993584582633,39.7664528194211,-79.5329056388422,7.95329056388422,318.1316225553688,-39.7664528194211,198.83226409710548,59.64967922913165,99.41613204855274,-159.0658112776844,19.88322640971055,79.5329056388422
154.20000000000002,159.11492857735936,238.67239286603905,119.33619643301952,39.77873214433984,-79.55746428867968,7.955746428867968,318.22985715471873,-39.77873214433984,198.8936607216992,59.66809821650976,99.4468303608496,-159.11492857735936,19.88936607216992,79.55746428867968
154.3,159.1621342897595,238.74320143463927,119.37160071731964,39.79053357243988,-79.58106714487975,7.958106714487975,318.324268579519,-39.79053357243988,198.95266786219938,59.68580035865982,99.47633393109969,-159.1621342897595,19.89526678621994,79.58106714487975
154.4,159.20745600778721,238.81118401168084,119.40559200584042,39.801864001946804,-79.60372800389361,7.9603728003893615,318.41491201557443,-39.801864001946804,199.009320009734,59.70279600292021,99.504660004867,-159.20745600778721,19.900932000973402,79.60372800389361
154.5,159.250891266714,238.876336900071,119.4381684500355,39.8127228166785,-79.625445633357,7.962544563335701,318.501782533428,-39.8127228166785,199.0636140833925,59.71908422501775,99.53180704169625,-159.250891266714,19.90636140833925,79.625445633357
154.60000000000002,159.29238305927626,238.93857458891438,119.46928729445719,39.823095764819065,-79.64619152963813,7.964619152963813,318.5847661185525,-39.823095764819065,199.11547882409533,59.734643647228594,99.55773941204767,-159.29238305927626,19.911547882409533,79.64619152963813
154.70000000000002,159.3319198503166,238.99787977547493,119.49893988773746,39.83297996257915,-79.6659599251583,7.966595992515831,318.6638397006332,-39.83297996257915,199.16489981289575,59.74946994386873,99.58244990644788,-159.3319198503166,19.916489981289576,79.6659599251583
154.8,159.369539601052,239.054309401578,119.527154700789,39.842384900263,-79.684769800526,7.9684769800526,318.739079202104,-39.842384900263,199.211924501315,59.7635773503945,99.6059622506575,-159.369539601052,19.9211924501315,79.684769800526
154.9,159.40520847162807,239.10781270744212,119.55390635372106,39.85130211790702,-79.70260423581404,7.970260423581404,318.81041694325614,-39.85130211790702,199.25651058953508,59.77695317686053,99.62825529476754,-159.40520847162807,19.92565105895351,79.70260423581404
155.0,159.4388124639765,239.15821869596473,119.57910934798237,39.85970311599412,-79.71940623198824,7.971940623198825,318.877624927953,-39.85970311599412,199.29851557997063,59.789554673991184,99.64925778998531,-159.4388124639765,19.92985155799706,79.71940623198824
155.10000000000002,159.47019329250597,239.20528993875894,119.60264496937947,39.86754832312649,-79.73509664625298,7.973509664625299,318.94038658501194,-39.86754832312649,199.33774161563247,59.801322484689734,99.66887080781623,-159.47019329250597,19.933774161563246,79.73509664625298
155.20000000000002,159.49923460422428,239.24885190633643,119.62442595316821,39.87480865105607,-79.74961730211214,7.974961730211215,318.99846920844857,-39.87480865105607,199.37404325528036,59.81221297658411,99.68702162764018,-159.49923460422428,19.937404325528036,79.74961730211214
155.3,159.52587148368002,239.28880722552003,119.64440361276002,39.881467870920005,-79.76293574184001,7.976293574184002,319.05174296736004,-39.881467870920005,199.40733935460003,59.82220180638001,99.70366967730001,-159.52587148368002,19.940733935460003,79.76293574184001
155.4,159.55010572736194,239.3251585910429,119.66257929552145,39.887526431840485,-79.77505286368097,7.977505286368097,319.1002114547239,-39.887526431840485,199.43763215920242,59.83128964776073,99.71881607960121,-159.55010572736194,19.943763215920242,79.77505286368097
155.5,159.57198067827406,239.3579710174111,119.67898550870555,39.892995169568515,-79.78599033913703,7.978599033913703,319.1439613565481,-39.892995169568515,199.46497584784257,59.839492754352776,99.73248792392128,-159.57198067827406,19.946497584784257,79.78599033913703
155.60000000000002,159.5915734080791,239.38736011211867,119.69368005605934,39.89789335201978,-79.79578670403956,7.979578670403956,319.1831468161582,-39.89789335201978,199.48946676009888,59.84684002802967,99.74473338004944,-159.5915734080791,19.94894667600989,79.79578670403956
155.70000000000002,159.6089714755712,239.4134572133568,119.7067286066784,39.9022428688928,-79.8044857377856,7.98044857377856,319.2179429511424,-39.9022428688928,199.511214344464,59.8533643033392,99.755607172232,-159.6089714755712,19.9511214344464,79.8044857377856
155.8,159.62425929113968,239.43638893670953,119.71819446835477,39.90606482278492,-79.81212964556984,7.981212964556985,319.24851858227936,-39.90606482278492,199.5303241139246,59.85909723417738,99.7651620569623,-159.62425929113968,19.95303241139246,79.81212964556984
155.9,159.6375090960345,239.45626364405177,119.72813182202589,39.90937727400863,-79.81875454801725,7.981875454801726,319.275018192069,-39.90937727400863,199.54688637004313,59.86406591101294,99.77344318502156,-159.6375090960345,19.954688637004313,79.81875454801725
156.0,159.64878454369884,239.47317681554824,119.73658840777412,39.91219613592471,-79.82439227184942,7.982439227184942,319.2975690873977,-39.91219613592471,199.56098067962355,59.86829420388706,99.78049033981178,-159.64878454369884,19.956098067962355,79.82439227184942
156.10000000000002,159.65809908120087,239.4871486218013,119.74357431090066,39.91452477030022,-79.82904954060044,7.982904954060044,319.31619816240175,-39.91452477030022,199.57262385150108,59.87178715545033,99.78631192575054,-159.65809908120087,19.95726238515011,79.82904954060044
156.20000000000002,159.66545148771678,239.49817723157517,119.74908861578758,39.916362871929195,-79.83272574385839,7.98327257438584,319.33090297543356,-39.916362871929195,199.581814359646,59.87454430789379,99.790907179823,-159.66545148771678,19.958181435964597,79.83272574385839
156.3,159.67090336566596,239.50635504849896,119.75317752424948,39.91772584141649,-79.83545168283298,7.983545168283299,319.3418067313319,-39.91772584141649,199.58862920708245,59.87658876212474,99.79431460354122,-159.67090336566596,19.958862920708246,79.83545168283298
156.4,159.6745021055483,239.51175315832245,119.75587657916122,39.918625526387075,-79.83725105277415,7.983725105277415,319.3490042110966,-39.918625526387075,199.59312763193537,59.87793828958061,99.79656381596769,-159.6745021055483,19.959312763193537,79.83725105277415
156.5,159.67623207952118,239.51434811928178,119.75717405964089,39.919058019880296,-79.83811603976059,7.98381160397606,319.35246415904237,-39.919058019880296,199.5952900994015,59.878587029820444,99.79764504970075,-159.67623207952118,19.959529009940148,79.83811603976059
156.60000000000002,159.6760607152112,239.51409107281683,119.75704553640841,39.9190151788028,-79.8380303576056,7.983803035760561,319.3521214304224,-39.9190151788028,199.595075894014,59.878522768204206,99.797537947007,-159.6760607152112,19.9595075894014,79.8380303576056
156.70000000000002,159.67397697609195,239.51096546413794,119.75548273206897,39.91849424402299,-79.83698848804598,7.983698848804598,319.3479539521839,-39.91849424402299,199.59247122011493,59.877741366034485,99.79623561005747,-159.67397697609195,19.959247122011494,79.83698848804598
156.8,159.67001728363323,239.50502592544984,119.75251296272492,39.91750432090831,-79.83500864181661,7.983500864181662,319.34003456726646,-39.91750432090831,199.58752160454154,59.87625648136246,99.79376080227077,-159.67001728363323,19.958752160454154,79.83500864181661
156.9,159.66424168321794,239.4963625248269,119.74818126241345,39.916060420804484,-79.83212084160897,7.983212084160897,319.3284833664359,-39.916060420804484,199.58030210402242,59.87409063120673,99.79015105201121,-159.66424168321794,19.958030210402242,79.83212084160897
157.0,159.6567444836387,239.48511672545806,119.74255836272903,39.914186120909676,-79.82837224181935,7.982837224181935,319.3134889672774,-39.914186120909676,199.57093060454838,59.871279181364514,99.78546530227419,-159.6567444836387,19.957093060454838,79.82837224181935
157.10000000000002,159.6476216221488,239.47143243322319,119.73571621661159,39.9119054055372,-79.8238108110744,7.98238108110744,319.2952432442976,-39.9119054055372,199.559527027686,59.867858108305796,99.779763513843,-159.6476216221488,19.9559527027686,79.8238108110744
157.20000000000002,159.63698571621626,239.4554785743244,119.7277392871622,39.909246429054065,-79.81849285810813,7.981849285810814,319.2739714324325,-39.909246429054065,199.54623214527032,59.8638696435811,99.77311607263516,-159.63698571621626,19.954623214527032,79.81849285810813
157.3,159.6249116874944,239.4373675312416,119.7186837656208,39.9062279218736,-79.8124558437472,7.9812455843747205,319.2498233749888,-39.9062279218736,199.531139609368,59.8593418828104,99.765569804684,-159.6249116874944,19.9531139609368,79.8124558437472
157.4,159.61145655457767,239.4171848318665,119.70859241593325,39.90286413864442,-79.80572827728884,7.980572827728884,319.22291310915534,-39.90286413864442,199.5143206932221,59.85429620796663,99.75716034661104,-159.61145655457767,19.95143206932221,79.80572827728884
157.5,159.5966719783929,239.39500796758932,119.69750398379466,39.89916799459822,-79.79833598919645,7.979833598919645,319.1933439567858,-39.89916799459822,199.49583997299112,59.84875199189733,99.74791998649556,-159.5966719783929,19.94958399729911,79.79833598919645
157.60000000000002,159.58067032856135,239.37100549284202,119.68550274642101,39.89516758214034,-79.79033516428068,7.979033516428068,319.1613406571227,-39.89516758214034,199.4758379107017,59.842751373210504,99.73791895535085,-159.58067032856135,19.94758379107017,79.79033516428068
157.70000000000002,159.5635899633831,239.34538494507464,119.67269247253732,39.890897490845774,-79.78179498169155,7.978179498169155,319.1271799267662,-39.890897490845774,199.45448745422885,59.83634623626866,99.72724372711443,-159.5635899633831,19.945448745422887,79.78179498169155
157.8,159.545527387751,239.3182910816265,119.65914554081326,39.88638184693775,-79.7727636938755,7.977276369387551,319.091054775502,-39.88638184693775,199.43190923468876,59.82957277040663,99.71595461734438,-159.545527387751,19.943190923468876,79.7727636938755
157.9,159.52656867196714,239.2898530079507,119.64492650397536,39.881642167991785,-79.76328433598357,7.976328433598358,319.0531373439343,-39.881642167991785,199.40821083995894,59.82246325198768,99.70410541997947,-159.52656867196714,19.940821083995893,79.76328433598357
158.0,159.50677139381315,239.26015709071973,119.63007854535986,39.87669284845329,-79.75338569690658,7.975338569690658,319.0135427876263,-39.87669284845329,199.38346424226643,59.81503927267993,99.69173212113321,-159.50677139381315,19.938346424226644,79.75338569690658
158.10000000000002,159.48617949163742,239.22926923745612,119.61463461872806,39.871544872909354,-79.74308974581871,7.974308974581871,318.97235898327483,-39.871544872909354,199.35772436454675,59.80731730936403,99.67886218227338,-159.48617949163742,19.935772436454677,79.74308974581871
158.20000000000002,159.46485142060712,239.19727713091066,119.59863856545533,39.86621285515178,-79.73242571030356,7.973242571030356,318.92970284121424,-39.86621285515178,199.3310642757589,59.799319282727666,99.66553213787945,-159.46485142060712,19.93310642757589,79.73242571030356
158.3,159.44284054260274,239.1642608139041,119.58213040695205,39.860710135650685,-79.72142027130137,7.972142027130137,318.8856810852055,-39.860710135650685,199.30355067825343,59.79106520347602,99.65177533912671,-159.44284054260274,19.930355067825342,79.72142027130137
158.4,159.42016327836564,239.13024491754845,119.56512245877423,39.85504081959141,-79.71008163918282,7.971008163918282,318.84032655673127,-39.85504081959141,199.27520409795704,59.78256122938711,99.63760204897852,-159.42016327836564,19.927520409795704,79.71008163918282
158.5,159.39676680742238,239.09515021113356,119.54757510556678,39.849191701855595,-79.69838340371119,7.969838340371119,318.79353361484476,-39.849191701855595,199.24595850927798,59.77378755278339,99.62297925463899,-159.39676680742238,19.924595850927798,79.69838340371119
158.60000000000002,159.3725770812901,239.05886562193515,119.52943281096758,39.843144270322526,-79.68628854064505,7.968628854064505,318.7451541625802,-39.843144270322526,199.21572135161261,59.76471640548379,99.60786067580631,-159.3725770812901,19.921572135161263,79.68628854064505
158.70000000000002,159.34752566237955,239.02128849356933,119.51064424678466,39.83688141559489,-79.67376283118978,7.967376283118978,318.6950513247591,-39.83688141559489,199.18440707797444,59.75532212339233,99.59220353898722,-159.34752566237955,19.918440707797444,79.67376283118978
158.8,159.3215640334164,238.9823460501246,119.4911730250623,39.8303910083541,-79.6607820167082,7.96607820167082,318.6431280668328,-39.8303910083541,199.1519550417705,59.74558651253115,99.57597752088525,-159.3215640334164,19.91519550417705,79.6607820167082
158.9,159.29469279664224,238.94203919496334,119.47101959748167,39.82367319916056,-79.64734639832112,7.964734639832113,318.5893855932845,-39.82367319916056,199.1183659958028,59.735509798740836,99.5591829979014,-159.29469279664224,19.91183659958028,79.64734639832112
159.0,159.26692578039166,238.9003886705875,119.45019433529374,39.816731445097915,-79.63346289019583,7.963346289019583,318.5338515607833,-39.816731445097915,199.08365722548956,59.72509716764687,99.54182861274478,-159.26692578039166,19.908365722548957,79.63346289019583
159.10000000000002,159.23824604231694,238.8573690634754,119.4286845317377,39.809561510579236,-79.61912302115847,7.961912302115848,318.4764920846339,-39.809561510579236,199.0478075528962,59.71434226586885,99.5239037764481,-159.23824604231694,19.904780755289618,79.61912302115847
159.20000000000002,159.20865736603318,238.81298604904975,119.40649302452488,39.802164341508295,-79.60432868301659,7.960432868301659,318.41731473206636,-39.802164341508295,199.01082170754148,59.70324651226244,99.50541085377074,-159.20865736603318,19.901082170754147,79.60432868301659
159.3,159.17816637260734,238.767249558911,119.3836247794555,39.794541593151834,-79.58908318630367,7.9589083186303675,318.3563327452147,-39.794541593151834,198.97270796575918,59.69181238972775,99.48635398287959,-159.17816637260734,19.897270796575917,79.58908318630367
159.4,159.14671902360527,238.7200785354079,119.36003926770395,39.78667975590132,-79.57335951180264,7.957335951180264,318.29343804721054,-39.78667975590132,198.9333987795066,59.68001963385198,99.4666993897533,-159.14671902360527,19.89333987795066,79.57335951180264
159.5,159.1142415614486,238.67136234217293,119.33568117108646,39.77856039036215,-79.5571207807243,7.95571207807243,318.2284831228972,-39.77856039036215,198.89280195181075,59.66784058554323,99.44640097590538,-159.1142415614486,19.889280195181076,79.5571207807243
159.60000000000002,159.08071114858427,238.6210667228764,119.3105333614382,39.77017778714607,-79.54035557429214,7.954035557429214,318.16142229716854,-39.77017778714607,198.85088893573032,59.6552666807191,99.42544446786516,-159.08071114858427,19.885088893573034,79.54035557429214
159.70000000000002,159.04613858231573,238.5692078734736,119.2846039367368,39.761534645578934,-79.52306929115787,7.952306929115787,318.09227716463147,-39.761534645578934,198.80767322789467,59.6423019683684,99.40383661394733,-159.04613858231573,19.880767322789467,79.52306929115787
159.8,159.0105387745537,238.51580816183056,119.25790408091528,39.75263469363843,-79.50526938727685,7.950526938727686,318.0210775491074,-39.75263469363843,198.76317346819212,59.62895204045764,99.38158673409606,-159.0105387745537,19.876317346819214,79.50526938727685
159.9,158.9739764205161,238.46096463077413,119.23048231538706,39.743494105129024,-79.48698821025805,7.948698821025805,317.9479528410322,-39.743494105129024,198.71747052564513,59.61524115769353,99.35873526282256,-158.9739764205161,19.871747052564512,79.48698821025805
160.0,158.93649993321566,238.40474989982349,119.20237494991174,39.734124983303914,-79.46824996660783,7.946824996660784,317.8729998664313,-39.734124983303914,198.67062491651956,59.60118747495587,99.33531245825978,-158.93649993321566,19.867062491651957,79.46824996660783
160.10000000000002,158.89809085153183,238.34713627729775,119.17356813864887,39.72452271288296,-79.44904542576592,7.944904542576592,317.79618170306367,-39.72452271288296,198.6226135644148,59.58678406932444,99.3113067822074,-158.89809085153183,19.86226135644148,79.44904542576592
160.20000000000002,158.85871003095784,238.28806504643677,119.14403252321839,39.71467750773946,-79.42935501547892,7.942935501547892,317.7174200619157,-39.71467750773946,198.5733875386973,59.57201626160919,99.28669376934864,-158.85871003095784,19.85733875386973,79.42935501547892
160.3,158.81826871085744,238.22740306628617,119.11370153314309,39.70456717771436,-79.40913435542872,7.940913435542872,317.6365374217149,-39.70456717771436,198.5228358885718,59.55685076657154,99.2614179442859,-158.81826871085744,19.85228358885718,79.40913435542872
160.4,158.77660922060946,238.1649138309142,119.0824569154571,39.694152305152365,-79.38830461030473,7.938830461030474,317.5532184412189,-39.694152305152365,198.47076152576182,59.54122845772855,99.23538076288091,-158.77660922060946,19.847076152576182,79.38830461030473
160.5,158.73353002012198,238.10029503018296,119.05014751509148,39.683382505030494,-79.36676501006099,7.936676501006099,317.46706004024395,-39.683382505030494,198.41691252515247,59.52507375754574,99.20845626257623,-158.73353002012198,19.841691252515247,79.36676501006099
160.60000000000002,158.68884526359756,238.03326789539634,119.01663394769817,39.67221131589939,-79.34442263179878,7.9344422631798786,317.3776905271951,-39.67221131589939,198.36105657949696,59.508316973849084,99.18052828974848,-158.68884526359756,19.836105657949695,79.34442263179878
160.70000000000002,158.6423878119816,237.96358171797237,118.98179085898619,39.6605969529954,-79.3211939059908,7.93211939059908,317.2847756239632,-39.6605969529954,198.302984764977,59.490895429493094,99.1514923824885,-158.6423878119816,19.8302984764977,79.3211939059908
160.8,158.59403009894362,237.89104514841543,118.94552257420771,39.648507524735905,-79.29701504947181,7.9297015049471815,317.18806019788724,-39.648507524735905,198.24253762367954,59.47276128710386,99.12126881183977,-158.59403009894362,19.824253762367952,79.29701504947181
160.9,158.5437176693916,237.8155765040874,118.9077882520437,39.6359294173479,-79.2718588346958,7.927185883469581,317.0874353387832,-39.6359294173479,198.17964708673952,59.45389412602185,99.08982354336976,-158.5437176693916,19.81796470867395,79.2718588346958
161.0,158.49142738537094,237.73714107805642,118.86857053902821,39.622856846342735,-79.24571369268547,7.9245713692685475,316.9828547707419,-39.622856846342735,198.11428423171367,59.434285269514106,99.05714211585683,-158.49142738537094,19.811428423171368,79.24571369268547
161.10000000000002,158.43712759436636,237.65569139154954,118.82784569577477,39.60928189859159,-79.21856379718318,7.921856379718318,316.8742551887327,-39.60928189859159,198.04640949295793,59.413922847887385,99.02320474647897,-158.43712759436636,19.804640949295795,79.21856379718318
161.20000000000002,158.38082779755325,237.57124169632988,118.78562084816494,39.59520694938831,-79.19041389877663,7.919041389877663,316.7616555951065,-39.59520694938831,197.97603474694156,59.39281042408247,98.98801737347078,-158.38082779755325,19.797603474694156,79.19041389877663
161.3,158.32259152951306,237.4838872942696,118.7419436471348,39.580647882378265,-79.16129576475653,7.916129576475654,316.6451830590261,-39.580647882378265,197.90323941189132,59.3709718235674,98.95161970594566,-158.32259152951306,19.790323941189133,79.16129576475653
161.4,158.26249391793814,237.3937408769072,118.6968704384536,39.565623479484536,-79.13124695896907,7.913124695896908,316.5249878358763,-39.565623479484536,197.8281173974227,59.3484352192268,98.91405869871134,-158.26249391793814,19.782811739742268,79.13124695896907
161.5,158.20060977469063,237.30091466203595,118.65045733101798,39.55015244367266,-79.10030488734532,7.910030488734532,316.40121954938127,-39.55015244367266,197.7507622183633,59.32522866550899,98.87538110918165,-158.20060977469063,19.77507622183633,79.10030488734532
161.60000000000002,158.1369526335485,237.20542895032276,118.60271447516138,39.534238158387126,-79.06847631677425,7.906847631677426,316.273905267097,-39.534238158387126,197.67119079193563,59.30135723758069,98.83559539596781,-158.1369526335485,19.767119079193563,79.06847631677425
161.70000000000002,158.07159180993807,237.1073877149071,118.55369385745355,39.51789795248452,-79.03579590496904,7.9035795904969035,316.14318361987614,-39.51789795248452,197.5894897624226,59.276846928726776,98.7947448812113,-158.07159180993807,19.75894897624226,79.03579590496904
161.8,158.00468708361427,237.0070306254214,118.5035153127107,39.50117177090357,-79.00234354180714,7.900234354180714,316.00937416722854,-39.50117177090357,197.50585885451784,59.25175765635535,98.75292942725892,-158.00468708361427,19.750585885451784,79.00234354180714
161.9,157.9364379903409,236.90465698551134,118.45232849275567,39.48410949758522,-78.96821899517045,7.896821899517045,315.8728759806818,-39.48410949758522,197.42054748792611,59.226164246377834,98.71027374396306,-157.9364379903409,19.74205474879261,78.96821899517045
162.0,157.86709530509472,236.80064295764208,118.40032147882104,39.46677382627368,-78.93354765254736,7.8933547652547364,315.73419061018944,-39.46677382627368,197.3338691313684,59.20016073941052,98.6669345656842,-157.86709530509472,19.73338691313684,78.93354765254736
162.10000000000002,157.79692476920903,236.69538715381356,118.34769357690678,39.44923119230226,-78.89846238460451,7.889846238460452,315.59384953841806,-39.44923119230226,197.24615596151128,59.17384678845339,98.62307798075564,-157.79692476920903,19.72461559615113,78.89846238460451
162.20000000000002,157.7261151998421,236.58917279976316,118.29458639988158,39.431528799960525,-78.86305759992105,7.886305759992105,315.4522303996842,-39.431528799960525,197.15764399980262,59.14729319994079,98.57882199990131,-157.7261151998421,19.715764399980262,78.86305759992105
162.3,157.65482773663186,236.48224160494777,118.24112080247389,39.413706934157965,-78.82741386831593,7.882741386831594,315.3096554732637,-39.413706934157965,197.06853467078983,59.12056040123694,98.53426733539492,-157.65482773663186,19.706853467078982,78.82741386831593
162.4,157.58324694982474,236.3748704247371,118.18743521236856,39.395811737456185,-78.79162347491237,7.879162347491238,315.1664938996495,-39.395811737456185,196.97905868728094,59.09371760618428,98.48952934364047,-157.58324694982474,19.697905868728093,78.79162347491237
162.5,157.51150450125454,236.2672567518818,118.1336283759409,39.377876125313634,-78.75575225062727,7.875575225062727,315.02300900250907,-39.377876125313634,196.88938062656817,59.06681418797045,98.44469031328408,-157.51150450125454,19.688938062656817,78.75575225062727
162.60000000000002,157.43977300758812,236.1596595113822,118.0798297556911,39.35994325189703,-78.71988650379406,7.871988650379406,314.87954601517623,-39.35994325189703,196.79971625948514,59.03991487784555,98.39985812974257,-157.43977300758812,19.679971625948514,78.71988650379406
162.70000000000002,157.3682781408104,236.05241721121558,118.02620860560779,39.3420695352026,-78.6841390704052,7.8684139070405195,314.7365562816208,-39.3420695352026,196.710347676013,59.013104302803896,98.3551738380065,-157.3682781408104,19.6710347676013,78.6841390704052
162.8,157.29728187417953,235.9459228112693,117.97296140563465,39.32432046854488,-78.64864093708977,7.864864093708977,314.59456374835906,-39.32432046854488,196.62160234272443,58.986480702817325,98.31080117136221,-157.29728187417953,19.66216023427244,78.64864093708977
162.9,157.22712589347543,235.84068884021315,117.92034442010657,39.30678147336886,-78.61356294673772,7.861356294673772,314.45425178695086,-39.30678147336886,196.5339073668443,58.96017221005329,98.26695368342214,-157.22712589347543,19.65339073668443,78.61356294673772
163.0,157.1581220635881,235.73718309538216,117.86859154769108,39.28953051589703,-78.57906103179405,7.857906103179406,314.3162441271762,-39.28953051589703,196.44765257948512,58.93429577384554,98.22382628974256,-157.1581220635881,19.644765257948514,78.57906103179405
163.10000000000002,157.09054301421156,235.63581452131734,117.81790726065867,39.27263575355289,-78.54527150710578,7.854527150710578,314.1810860284231,-39.27263575355289,196.36317876776445,58.908953630329336,98.18158938388223,-157.09054301421156,19.636317876776445,78.54527150710578
163.20000000000002,157.02460875817832,235.53691313726748,117.76845656863374,39.25615218954458,-78.51230437908916,7.851230437908916,314.04921751635663,-39.25615218954458,196.2807609477229,58.88422828431687,98.14038047386146,-157.02460875817832,19.62807609477229,78.51230437908916
163.3,156.960463395051,235.4406950925765,117.72034754628825,39.24011584876275,-78.4802316975255,7.84802316975255,313.920926790102,-39.24011584876275,196.20057924381373,58.860173773144126,98.10028962190687,-156.960463395051,19.620057924381374,78.4802316975255
163.4,156.89818256321232,235.34727384481846,117.67363692240923,39.22454564080308,-78.44909128160616,7.844909128160616,313.79636512642463,-39.22454564080308,196.1227282040154,58.836818461204615,98.0613641020077,-156.89818256321232,19.61227282040154,78.44909128160616
163.5,156.83777862133502,235.25666793200253,117.62833396600126,39.209444655333755,-78.41888931066751,7.841888931066752,313.67555724267004,-39.209444655333755,196.04722327666877,58.81416698300063,98.02361163833439,-156.83777862133502,19.604722327666877,78.41888931066751
163.60000000000002,156.77922878475073,235.1688431771261,117.58442158856305,39.19480719618768,-78.38961439237536,7.838961439237536,313.55845756950146,-39.19480719618768,195.97403598093842,58.79221079428152,97.98701799046921,-156.77922878475073,19.59740359809384,78.38961439237536
163.70000000000002,156.72249072287167,235.0837360843075,117.54186804215375,39.18062268071792,-78.36124536143583,7.836124536143584,313.44498144574334,-39.18062268071792,195.9031134035896,58.770934021076876,97.9515567017948,-156.72249072287167,19.59031134035896,78.36124536143583
163.8,156.66746667983418,235.00120001975125,117.50060000987563,39.166866669958544,-78.33373333991709,7.833373333991709,313.33493335966836,-39.166866669958544,195.83433334979273,58.75030000493781,97.91716667489636,-156.66746667983418,19.583433334979272,78.33373333991709
163.9,156.61409171956683,234.92113757935024,117.46056878967512,39.15352292989171,-78.30704585978341,7.830704585978342,313.22818343913366,-39.15352292989171,195.76761464945855,58.73028439483756,97.88380732472928,-156.61409171956683,19.576761464945854,78.30704585978341
164.0,156.5623595027473,234.84353925412097,117.42176962706048,39.14058987568683,-78.28117975137366,7.828117975137366,313.1247190054946,-39.14058987568683,195.70294937843414,58.71088481353024,97.85147468921707,-156.5623595027473,19.570294937843414,78.28117975137366
164.10000000000002,156.51232322068782,234.76848483103174,117.38424241551587,39.128080805171955,-78.25616161034391,7.825616161034391,313.02464644137564,-39.128080805171955,195.64040402585977,58.692121207757936,97.82020201292988,-156.51232322068782,19.564040402585977,78.25616161034391
164.20000000000002,156.46402040763618,234.69603061145426,117.34801530572713,39.116005101909046,-78.23201020381809,7.823201020381809,312.92804081527237,-39.116005101909046,195.58002550954524,58.674007652863565,97.79001275477262,-156.46402040763618,19.558002550954523,78.23201020381809
164.3,156.41741569145572,234.62612353718356,117.31306176859178,39.10435392286393,-78.20870784572786,7.8208707845727865,312.83483138291143,-39.10435392286393,195.52176961431965,58.65653088429589,97.76088480715983,-156.41741569145572,19.552176961431964,78.20870784572786
164.4,156.3724265756325,234.55863986344872,117.27931993172436,39.09310664390812,-78.18621328781624,7.818621328781624,312.744853151265,-39.09310664390812,195.46553321954062,58.63965996586218,97.73276660977031,-156.3724265756325,19.54655332195406,78.18621328781624
164.5,156.3289383336598,234.4934075004897,117.24670375024485,39.08223458341495,-78.1644691668299,7.816446916682991,312.6578766673196,-39.08223458341495,195.41117291707477,58.623351875122424,97.70558645853738,-156.3289383336598,19.541117291707476,78.1644691668299
164.60000000000002,156.2867815679279,234.43017235189185,117.21508617594593,39.071695391981976,-78.14339078396395,7.8143390783963955,312.5735631358558,-39.071695391981976,195.35847695990986,58.607543087972964,97.67923847995493,-156.2867815679279,19.535847695990988,78.14339078396395
164.70000000000002,156.2456894623682,234.3685341935523,117.18426709677615,39.06142236559205,-78.1228447311841,7.81228447311841,312.4913789247364,-39.06142236559205,195.30711182796026,58.59213354838808,97.65355591398013,-156.2456894623682,19.530711182796026,78.1228447311841
164.8,156.20544045322288,234.30816067983432,117.15408033991716,39.05136011330572,-78.10272022661144,7.810272022661144,312.41088090644575,-39.05136011330572,195.2568005665286,58.57704016995858,97.6284002832643,-156.20544045322288,19.52568005665286,78.10272022661144
164.9,156.16587180704693,234.2488077105704,117.1244038552852,39.04146795176173,-78.08293590352346,7.8082935903523465,312.33174361409385,-39.04146795176173,195.20733975880864,58.5622019276426,97.60366987940432,-156.16587180704693,19.520733975880866,78.08293590352346
165.0,156.1268893360297,234.19033400404456,117.09516700202228,39.031722334007426,-78.06344466801485,7.806344466801486,312.2537786720594,-39.031722334007426,195.15861167003715,58.54758350101114,97.57930583501857,-156.1268893360297,19.515861167003713,78.06344466801485
165.10000000000002,156.08841856860525,234.1326278529079,117.06631392645394,39.02210464215131,-78.04420928430262,7.804420928430263,312.1768371372105,-39.02210464215131,195.11052321075655,58.53315696322697,97.55526160537828,-156.08841856860525,19.511052321075656,78.04420928430262
165.20000000000002,156.0504798027197,234.07571970407957,117.03785985203979,39.01261995067993,-78.02523990135985,7.8025239901359855,312.1009596054394,-39.01261995067993,195.06309975339963,58.518929926019894,97.53154987669981,-156.0504798027197,19.506309975339963,78.02523990135985
165.3,156.01311204050262,234.01966806075393,117.00983403037696,39.003278010125655,-78.00655602025131,7.800655602025131,312.02622408100524,-39.003278010125655,195.01639005062827,58.50491701518848,97.50819502531414,-156.01311204050262,19.501639005062827,78.00655602025131
165.4,155.97639911759092,233.96459867638637,116.98229933819319,38.99409977939773,-77.98819955879546,7.798819955879546,311.95279823518183,-38.99409977939773,194.97049889698866,58.49114966909659,97.48524944849433,-155.97639911759092,19.497049889698864,77.98819955879546
165.5,155.94047850410934,233.910717756164,116.955358878082,38.985119626027334,-77.97023925205467,7.797023925205467,311.8809570082187,-38.985119626027334,194.92559813013668,58.477679439041,97.46279906506834,-155.94047850410934,19.492559813013667,77.97023925205467
165.60000000000002,155.90549403728406,233.8582410559261,116.92912052796305,38.976373509321014,-77.95274701864203,7.795274701864203,311.8109880745681,-38.976373509321014,194.88186754660506,58.464560263981525,97.44093377330253,-155.90549403728406,19.488186754660507,77.95274701864203
165.70000000000002,155.87156382864939,233.80734574297406,116.90367287148703,38.967890957162346,-77.93578191432469,7.79357819143247,311.74312765729877,-38.967890957162346,194.83945478581174,58.451836435743516,97.41972739290587,-155.87156382864939,19.483945478581173,77.93578191432469
165.8,155.8388120565465,233.75821808481973,116.87910904240987,38.95970301413662,-77.91940602827324,7.791940602827324,311.677624113093,-38.95970301413662,194.7985150706831,58.43955452120493,97.39925753534155,-155.8388120565465,19.47985150706831,77.91940602827324
165.9,155.80730200856578,233.71095301284868,116.85547650642434,38.951825502141446,-77.90365100428289,7.790365100428289,311.61460401713157,-38.951825502141446,194.75912751070723,58.42773825321217,97.37956375535362,-155.80730200856578,19.475912751070723,77.90365100428289
166.0,155.77716677087733,233.665750156316,116.832875078158,38.94429169271933,-77.88858338543866,7.788858338543867,311.55433354175466,-38.94429169271933,194.72145846359666,58.416437539079,97.36072923179833,-155.77716677087733,19.472145846359666,77.88858338543866
166.10000000000002,155.74864077356688,233.62296116035031,116.81148058017516,38.93716019339172,-77.87432038678344,7.787432038678344,311.49728154713375,-38.93716019339172,194.6858009669586,58.40574029008758,97.3429004834793,-155.74864077356688,19.46858009669586,77.87432038678344
166.20000000000002,155.72194172658288,233.58291258987433,116.79145629493716,38.93048543164572,-77.86097086329144,7.7860970863291445,311.44388345316577,-38.93048543164572,194.6524271582286,58.39572814746858,97.3262135791143,-155.72194172658288,19.46524271582286,77.86097086329144
166.3,155.69728499306694,233.54592748960042,116.77296374480021,38.924321248266736,-77.84864249653347,7.784864249653348,311.3945699861339,-38.924321248266736,194.62160624133367,58.386481872400104,97.31080312066683,-155.69728499306694,19.462160624133368,77.84864249653347
166.4,155.6748894804146,233.5123342206219,116.75616711031095,38.91872237010365,-77.8374447402073,7.783744474020731,311.3497789608292,-38.91872237010365,194.59361185051824,58.37808355515548,97.29680592525912,-155.6748894804146,19.459361185051826,77.8374447402073
166.5,155.6549696035343,233.48245440530147,116.74122720265073,38.91374240088358,-77.82748480176716,7.782748480176716,311.3099392070686,-38.91374240088358,194.56871200441788,58.37061360132537,97.28435600220894,-155.6549696035343,19.45687120044179,77.82748480176716
166.60000000000002,155.63771790540395,233.4565768581059,116.72828842905295,38.90942947635099,-77.81885895270197,7.7818858952701975,311.2754358108079,-38.90942947635099,194.54714738175494,58.364144214526476,97.27357369087747,-155.63771790540395,19.454714738175493,77.81885895270197
166.70000000000002,155.62320618486444,233.43480927729667,116.71740463864833,38.90580154621611,-77.81160309243222,7.781160309243223,311.2464123697289,-38.90580154621611,194.52900773108055,58.358702319324166,97.26450386554028,-155.62320618486444,19.452900773108055,77.81160309243222
166.8,155.61145314971716,233.41717972457576,116.70858986228788,38.90286328742929,-77.80572657485858,7.780572657485859,311.2229062994343,-38.90286328742929,194.51431643714645,58.35429493114394,97.25715821857322,-155.61145314971716,19.451431643714646,77.80572657485858
166.9,155.6025140039135,233.40377100587028,116.70188550293514,38.90062850097838,-77.80125700195676,7.780125700195676,311.205028007827,-38.90062850097838,194.50314250489188,58.35094275146757,97.25157125244594,-155.6025140039135,19.45031425048919,77.80125700195676
167.0,155.5964515204626,233.3946772806939,116.69733864034696,38.89911288011565,-77.7982257602313,7.779822576023131,311.1929030409252,-38.89911288011565,194.49556440057825,58.34866932017348,97.24778220028912,-155.5964515204626,19.449556440057826,77.7982257602313
167.10000000000002,155.5933024537759,233.38995368066384,116.69497684033192,38.89832561344397,-77.79665122688795,7.779665122688795,311.1866049075518,-38.89832561344397,194.49162806721986,58.34748842016596,97.24581403360993,-155.5933024537759,19.449162806721986,77.79665122688795
167.20000000000002,155.59298068691726,233.3894710303759,116.69473551518794,38.898245171729315,-77.79649034345863,7.779649034345863,311.1859613738345,-38.898245171729315,194.49122585864657,58.34736775759397,97.24561292932329,-155.59298068691726,19.449122585864657,77.79649034345863
167.3,155.5952885836244,233.3929328754366,116.6964664377183,38.8988221459061,-77.7976442918122,7.7797644291812205,311.1905771672488,-38.8988221459061,194.49411072953052,58.34823321885915,97.24705536476526,-155.5952885836244,19.44941107295305,77.7976442918122
167.4,155.59998786908858,233.39998180363287,116.69999090181643,38.899996967272145,-77.79999393454429,7.779999393454429,311.19997573817716,-38.899996967272145,194.49998483636074,58.34999545090822,97.24999241818037,-155.59998786908858,19.449998483636072,77.79999393454429
167.5,155.60685531781158,233.41028297671738,116.70514148835869,38.901713829452895,-77.80342765890579,7.7803427658905795,311.21371063562316,-38.901713829452895,194.50856914726447,58.352570744179346,97.25428457363223,-155.60685531781158,19.450856914726447,77.80342765890579
167.60000000000002,155.61573827745815,233.42360741618722,116.71180370809361,38.90393456936454,-77.80786913872907,7.780786913872908,311.2314765549163,-38.90393456936454,194.5196728468227,58.355901854046806,97.25983642341134,-155.61573827745815,19.45196728468227,77.80786913872907
167.70000000000002,155.62645986883777,233.43968980325667,116.71984490162833,38.90661496720944,-77.81322993441889,7.781322993441889,311.25291973767554,-38.90661496720944,194.5330748360472,58.35992245081417,97.2665374180236,-155.62645986883777,19.45330748360472,77.81322993441889
167.8,155.63874553288093,233.4581182993214,116.7290591496607,38.90968638322023,-77.81937276644047,7.781937276644047,311.27749106576186,-38.90968638322023,194.54843191610115,58.36452957483035,97.27421595805058,-155.63874553288093,19.454843191610117,77.81937276644047
167.9,155.65232632311915,233.47848948467873,116.73924474233937,38.91308158077979,-77.82616316155958,7.782616316155958,311.3046526462383,-38.91308158077979,194.56540790389894,58.36962237116968,97.28270395194947,-155.65232632311915,19.456540790389894,77.82616316155958
168.0,155.66693349094422,233.50040023641634,116.75020011820817,38.916733372736054,-77.83346674547211,7.783346674547211,311.33386698188843,-38.916733372736054,194.58366686368026,58.375100059104085,97.29183343184013,-155.66693349094422,19.458366686368027,77.83346674547211
168.10000000000002,155.6822895214366,233.52343428215488,116.76171714107744,38.92057238035915,-77.8411447607183,7.78411447607183,311.3645790428732,-38.92057238035915,194.60286190179573,58.38085857053872,97.30143095089787,-155.6822895214366,19.460286190179573,77.8411447607183
168.20000000000002,155.69815335053462,233.54723002580192,116.77361501290096,38.924538337633656,-77.84907667526731,7.784907667526731,311.39630670106925,-38.924538337633656,194.6226916881683,58.38680750645048,97.31134584408414,-155.69815335053462,19.462269168816828,77.84907667526731
168.3,155.71431601691853,233.5714740253778,116.7857370126889,38.92857900422963,-77.85715800845927,7.785715800845927,311.42863203383706,-38.92857900422963,194.64289502114815,58.39286850634445,97.32144751057407,-155.71431601691853,19.464289502114816,77.85715800845927
168.4,155.73054244417682,233.59581366626523,116.79790683313261,38.932635611044205,-77.86527122208841,7.786527122208842,311.46108488835364,-38.932635611044205,194.663178055221,58.39895341656631,97.3315890276105,-155.73054244417682,19.466317805522102,77.86527122208841
168.5,155.74657823743422,233.61986735615133,116.80993367807567,38.936644559358555,-77.87328911871711,7.787328911871711,311.49315647486844,-38.936644559358555,194.6832227967928,58.40496683903783,97.3416113983964,-155.74657823743422,19.468322279679278,77.87328911871711
168.60000000000002,155.7621398817968,233.6432098226952,116.8216049113476,38.9405349704492,-77.8810699408984,7.788106994089841,311.5242797635936,-38.9405349704492,194.702674852246,58.4108024556738,97.351337426123,-155.7621398817968,19.4702674852246,77.8810699408984
168.70000000000002,155.77694373887707,233.66541560831558,116.83270780415779,38.944235934719266,-77.88847186943853,7.788847186943854,311.55388747775413,-38.944235934719266,194.72117967359634,58.416353902078896,97.36058983679817,-155.77694373887707,19.472117967359633,77.88847186943853
168.8,155.7907981391685,233.68619720875273,116.84309860437637,38.94769953479212,-77.89539906958424,7.789539906958424,311.581596278337,-38.94769953479212,194.7384976739606,58.42154930218818,97.3692488369803,-155.7907981391685,19.47384976739606,77.89539906958424
168.9,155.8035359054944,233.70530385824162,116.85265192912081,38.9508839763736,-77.9017679527472,7.790176795274721,311.6070718109888,-38.9508839763736,194.75441988186802,58.426325964560405,97.37720994093401,-155.8035359054944,19.4754419881868,77.9017679527472
169.0,155.81500019136547,233.7225002870482,116.8612501435241,38.95375004784137,-77.90750009568274,7.790750009568274,311.63000038273094,-38.95375004784137,194.76875023920684,58.43062507176205,97.38437511960342,-155.81500019136547,19.476875023920684,77.90750009568274
169.10000000000002,155.8250060711087,233.73750910666305,116.86875455333153,38.956251517777176,-77.91250303555435,7.791250303555436,311.6500121422174,-38.956251517777176,194.78125758888586,58.434377276665764,97.39062879444293,-155.8250060711087,19.478125758888588,77.91250303555435
169.20000000000002,155.83335166755606,233.7500275013341,116.87501375066705,38.958337916889015,-77.91667583377803,7.791667583377803,311.6667033351121,-38.958337916889015,194.79168958444507,58.437506875333526,97.39584479222253,-155.83335166755606,19.479168958444507,77.91667583377803
169.3,155.8398150561781,233.75972258426717,116.87986129213358,38.95995376404453,-77.91990752808906,7.791990752808906,311.6796301123562,-38.95995376404453,194.79976882022265,58.43993064606679,97.39988441011133,-155.8398150561781,19.479976882022264,77.91990752808906
169.4,155.84414055900118,233.76621083850176,116.88310541925088,38.961035139750294,-77.92207027950059,7.7922070279500595,311.68828111800235,-38.961035139750294,194.80517569875147,58.44155270962544,97.40258784937573,-155.84414055900118,19.480517569875147,77.92207027950059
169.5,155.84607356559422,233.76911034839134,116.88455517419567,38.961518391398556,-77.92303678279711,7.792303678279712,311.69214713118845,-38.961518391398556,194.80759195699278,58.442277587097834,97.40379597849639,-155.84607356559422,19.480759195699278,77.92303678279711
169.60000000000002,155.84531564550372,233.76797346825558,116.88398673412779,38.96132891137593,-77.92265782275186,7.792265782275186,311.69063129100743,-38.96132891137593,194.80664455687963,58.441993367063894,97.40332227843982,-155.84531564550372,19.480664455687965,77.92265782275186
169.70000000000002,155.84164449782844,233.76246674674266,116.88123337337133,38.96041112445711,-77.92082224891422,7.7920822248914225,311.6832889956569,-38.96041112445711,194.80205562228554,58.440616686685665,97.40102781114277,-155.84164449782844,19.480205562228555,77.92082224891422
169.8,155.83492838018512,233.75239257027766,116.87619628513883,38.95873209504628,-77.91746419009256,7.7917464190092565,311.66985676037024,-38.95873209504628,194.7936604752314,58.438098142569416,97.3968302376157,-155.83492838018512,19.47936604752314,77.91746419009256
169.9,155.82511463204966,233.73767194807448,116.86883597403724,38.956278658012415,-77.91255731602483,7.791255731602483,311.6502292640993,-38.956278658012415,194.78139329006208,58.43441798701862,97.39069664503104,-155.82511463204966,19.478139329006208,77.91255731602483
170.0,155.81210768474895,233.7181615271234,116.8590807635617,38.95302692118724,-77.90605384237448,7.790605384237448,311.6242153694979,-38.95302692118724,194.7651346059362,58.42954038178085,97.3825673029681,-155.81210768474895,19.47651346059362,77.90605384237448
170.10000000000002,155.7958030765696,233.6937046148544,116.8468523074272,38.9489507691424,-77.8979015382848,7.789790153828481,311.5916061531392,-38.9489507691424,194.744753845712,58.4234261537136,97.372376922856,-155.7958030765696,19.4744753845712,77.8979015382848
170.20000000000002,155.77610564537264,233.66415846805896,116.83207923402948,38.94402641134316,-77.88805282268632,7.7888052822686324,311.5522112907453,-38.94402641134316,194.72013205671578,58.41603961701474,97.36006602835789,-155.77610564537264,19.47201320567158,77.88805282268632
170.3,155.75292363423264,233.62938545134898,116.81469272567449,38.93823090855816,-77.87646181711632,7.787646181711633,311.5058472684653,-38.93823090855816,194.6911545427908,58.407346362837245,97.3455772713954,-155.75292363423264,19.46911545427908,77.87646181711632
170.4,155.72619231741314,233.5892884761197,116.79464423805985,38.931548079353284,-77.86309615870657,7.786309615870657,311.4523846348263,-38.931548079353284,194.65774039676643,58.39732211902992,97.32887019838321,-155.72619231741314,19.465774039676642,77.86309615870657
170.5,155.6958890979932,233.54383364698978,116.77191682349489,38.9239722744983,-77.8479445489966,7.78479445489966,311.3917781959864,-38.9239722744983,194.61986137249147,58.385958411747445,97.30993068624574,-155.6958890979932,19.46198613724915,77.8479445489966
170.60000000000002,155.66202770234247,233.4930415535137,116.74652077675685,38.91550692558562,-77.83101385117124,7.783101385117124,311.32405540468494,-38.91550692558562,194.5775346279281,58.37326038837843,97.28876731396404,-155.66202770234247,19.45775346279281,77.83101385117124
170.70000000000002,155.62460306555639,233.4369045983346,116.7184522991673,38.906150766389096,-77.81230153277819,7.78123015327782,311.24920613111277,-38.906150766389096,194.53075383194547,58.35922614958365,97.26537691597274,-155.62460306555639,19.453075383194548,77.81230153277819
170.8,155.583653289645,233.37547993446753,116.68773996723377,38.89591332241125,-77.7918266448225,7.779182664482251,311.16730657929,-38.89591332241125,194.47956661205626,58.343869983616884,97.23978330602813,-155.583653289645,19.447956661205627,77.7918266448225
170.9,155.53922817574767,233.3088422636215,116.65442113181075,38.88480704393692,-77.76961408787383,7.7769614087873835,311.07845635149533,-38.88480704393692,194.42403521968458,58.327210565905375,97.21201760984229,-155.53922817574767,19.44240352196846,77.76961408787383
171.0,155.4914388210092,233.23715823151383,116.61857911575692,38.8728597052523,-77.7457194105046,7.774571941050461,310.9828776420184,-38.8728597052523,194.3642985262615,58.30928955787846,97.18214926313075,-155.4914388210092,19.43642985262615,77.7457194105046
171.10000000000002,155.44045267829125,233.16067901743688,116.58033950871844,38.86011316957281,-77.72022633914563,7.772022633914563,310.8809053565825,-38.86011316957281,194.30056584786405,58.29016975435922,97.15028292393202,-155.44045267829125,19.430056584786406,77.72022633914563
171.20000000000002,155.38653279415823,233.07979919123733,116.53989959561866,38.84663319853956,-77.69326639707911,7.769326639707912,310.77306558831646,-38.84663319853956,194.2331659926978,58.26994979780933,97.1165829963489,-155.38653279415823,19.42331659926978,77.69326639707911
171.3,155.33003537245517,232.99505305868274,116.49752652934137,38.83250884311379,-77.66501768622759,7.766501768622759,310.66007074491034,-38.83250884311379,194.16254421556897,58.248763264670686,97.08127210778449,-155.33003537245517,19.416254421556896,77.66501768622759
171.4,155.2713390073829,232.90700851107434,116.45350425553717,38.81783475184572,-77.63566950369145,7.763566950369145,310.5426780147658,-38.81783475184572,194.08917375922863,58.226752127768584,97.04458687961431,-155.2713390073829,19.40891737592286,77.63566950369145
171.5,155.21084415550476,232.81626623325712,116.40813311662856,38.80271103887619,-77.60542207775238,7.760542207775238,310.4216883110095,-38.80271103887619,194.01355519438096,58.20406655831428,97.00677759719048,-155.21084415550476,19.401355519438095,77.60542207775238
171.60000000000002,155.14892815558514,232.7233922333777,116.36169611668885,38.787232038896285,-77.57446407779257,7.757446407779257,310.2978563111703,-38.787232038896285,193.93616019448143,58.180848058344424,96.96808009724072,-155.14892815558514,19.393616019448142,77.57446407779257
171.70000000000002,155.0859340143857,232.62890102157857,116.31445051078929,38.77148350359643,-77.54296700719286,7.754296700719286,310.1718680287714,-38.77148350359643,193.85741751798213,58.15722525539464,96.92870875899106,-155.0859340143857,19.385741751798214,77.54296700719286
171.8,155.0221897501499,232.53328462522484,116.26664231261242,38.75554743753747,-77.51109487507495,7.751109487507495,310.0443795002998,-38.75554743753747,193.77773718768736,58.13332115630621,96.88886859384368,-155.0221897501499,19.377773718768736,77.51109487507495
171.9,154.95798039701998,232.43697059552997,116.21848529776499,38.739495099254995,-77.47899019850999,7.747899019850999,309.91596079403996,-38.739495099254995,193.697475496275,58.10924264888249,96.8487377481375,-154.95798039701998,19.369747549627498,77.47899019850999
172.0,154.89357603396937,232.34036405095407,116.17018202547703,38.72339400849234,-77.44678801698468,7.744678801698469,309.78715206793873,-38.72339400849234,193.6169700424617,58.085091012738516,96.80848502123085,-154.89357603396937,19.36169700424617,77.44678801698468
172.10000000000002,154.8292204893894,232.2438307340841,116.12191536704205,38.70730512234735,-77.4146102446947,7.74146102446947,309.6584409787788,-38.70730512234735,193.53652561173675,58.060957683521025,96.76826280586837,-154.8292204893894,19.353652561173675,77.4146102446947
172.20000000000002,154.76516380026328,232.14774570039492,116.07387285019746,38.69129095006582,-77.38258190013164,7.738258190013164,309.53032760052656,-38.69129095006582,193.4564547503291,58.03693642509873,96.72822737516455,-154.76516380026328,19.34564547503291,77.38258190013164
172.3,154.70172138140316,232.05258207210474,116.02629103605237,38.67543034535079,-77.35086069070158,7.735086069070158,309.4034427628063,-38.67543034535079,193.37715172675394,58.013145518026185,96.68857586337697,-154.70172138140316,19.337715172675395,77.35086069070158
172.4,154.6392247323757,231.95883709856355,115.97941854928177,38.65980618309393,-77.31961236618785,7.731961236618786,309.2784494647514,-38.65980618309393,193.29903091546964,57.98970927464089,96.64951545773482,-154.6392247323757,19.329903091546964,77.31961236618785
172.5,154.57801183876842,231.86701775815263,115.93350887907631,38.644502959692105,-77.28900591938421,7.728900591938421,309.15602367753684,-38.644502959692105,193.2225147984605,57.96675443953816,96.61125739923025,-154.57801183876842,19.322251479846052,77.28900591938421
172.60000000000002,154.51840949963392,231.7776142494509,115.88880712472545,38.62960237490848,-77.25920474981696,7.725920474981696,309.03681899926784,-38.62960237490848,193.1480118745424,57.94440356236272,96.5740059372712,-154.51840949963392,19.31480118745424,77.25920474981696
172.70000000000002,154.46071865800664,231.69107798700998,115.84553899350499,38.61517966450166,-77.23035932900332,7.723035932900332,308.9214373160133,-38.61517966450166,193.0758983225083,57.922769496752494,96.53794916125415,-154.46071865800664,19.30758983225083,77.23035932900332
172.8,154.4051705591288,231.6077558386932,115.8038779193466,38.6012926397822,-77.2025852795644,7.720258527956441,308.8103411182576,-38.6012926397822,193.006463198911,57.9019389596733,96.5032315994555,-154.4051705591288,19.3006463198911,77.2025852795644
172.9,154.35196507138,231.52794760707,115.763973803535,38.587991267845,-77.17598253569,7.717598253569,308.70393014276,-38.587991267845,192.93995633922498,57.8819869017675,96.46997816961249,-154.35196507138,19.2939956339225,77.17598253569
173.0,154.30127967557308,231.45191951335963,115.72595975667981,38.57531991889327,-77.15063983778654,7.715063983778655,308.60255935114617,-38.57531991889327,192.87659959446637,57.86297987833991,96.43829979723319,-154.30127967557308,19.287659959446636,77.15063983778654
173.10000000000002,154.25321958779347,231.3798293816902,115.6899146908451,38.56330489694837,-77.12660979389673,7.712660979389674,308.50643917558693,-38.56330489694837,192.81652448474182,57.84495734542255,96.40826224237091,-154.25321958779347,19.281652448474183,77.12660979389673
173.20000000000002,154.2078204993561,231.31173074903415,115.65586537451708,38.551955124839026,-77.10391024967805,7.710391024967805,308.4156409987122,-38.551955124839026,192.75977562419513,57.82793268725854,96.37988781209756,-154.2078204993561,19.275977562419513,77.10391024967805
173.3,154.1651273363429,231.24769100451434,115.62384550225717,38.54128183408572,-77.08256366817145,7.708256366817145,308.3302546726858,-38.54128183408572,192.70640917042863,57.811922751128584,96.35320458521431,-154.1651273363429,19.27064091704286,77.08256366817145
173.4,154.12520075770146,231.1878011365522,115.5939005682761,38.531300189425366,-77.06260037885073,7.706260037885073,308.2504015154029,-38.531300189425366,192.65650094712683,57.79695028413805,96.32825047356341,-154.12520075770146,19.265650094712683,77.06260037885073
173.5,154.08813128153912,231.13219692230868,115.56609846115434,38.52203282038478,-77.04406564076956,7.704406564076956,308.17626256307824,-38.52203282038478,192.61016410192389,57.78304923057717,96.30508205096194,-154.08813128153912,19.26101641019239,77.04406564076956
173.60000000000002,154.05401864458622,231.08102796687933,115.54051398343967,38.513504661146555,-77.02700932229311,7.702700932229312,308.10803728917244,-38.513504661146555,192.56752330573278,57.77025699171983,96.28376165286639,-154.05401864458622,19.256752330573278,77.02700932229311
173.70000000000002,154.02290946653264,231.03436419979897,115.51718209989949,38.50572736663316,-77.01145473326632,7.7011454733266325,308.0458189330653,-38.50572736663316,192.5286368331658,57.75859104994974,96.2643184165829,-154.02290946653264,19.25286368331658,77.01145473326632
173.8,153.99480484627514,230.99220726941272,115.49610363470636,38.498701211568786,-76.99740242313757,7.699740242313758,307.9896096925503,-38.498701211568786,192.49350605784394,57.74805181735318,96.24675302892197,-153.99480484627514,19.249350605784393,76.99740242313757
173.9,153.96970661119562,230.95455991679341,115.47727995839671,38.492426652798905,-76.98485330559781,7.698485330559781,307.93941322239124,-38.492426652798905,192.46213326399453,57.738639979198354,96.23106663199727,-153.96970661119562,19.246213326399452,76.98485330559781
174.0,153.94762780047108,230.92144170070662,115.46072085035331,38.48690695011777,-76.97381390023554,7.697381390023555,307.89525560094216,-38.48690695011777,192.43453475058885,57.730360425176656,96.21726737529443,-153.94762780047108,19.243453475058885,76.97381390023554
174.10000000000002,153.92863947397146,230.8929592109572,115.4464796054786,38.482159868492865,-76.96431973698573,7.696431973698573,307.8572789479429,-38.482159868492865,192.41079934246432,57.7232398027393,96.20539967123216,-153.92863947397146,19.241079934246432,76.96431973698573
174.20000000000002,153.91282867359848,230.86924301039772,115.43462150519886,38.47820716839962,-76.95641433679924,7.695641433679924,307.82565734719697,-38.47820716839962,192.3910358419981,57.71731075259943,96.19551792099905,-153.91282867359848,19.23910358419981,76.95641433679924
174.3,153.9003486056307,230.85052290844607,115.42526145422303,38.47508715140768,-76.95017430281536,7.695017430281536,307.8006972112614,-38.47508715140768,192.3754357570384,57.71263072711152,96.1877178785192,-153.9003486056307,19.23754357570384,76.95017430281536
174.4,153.89139557991592,230.83709336987388,115.41854668493694,38.47284889497898,-76.94569778995796,7.694569778995796,307.78279115983185,-38.47284889497898,192.36424447489492,57.70927334246847,96.18212223744746,-153.89139557991592,19.23642444748949,76.94569778995796
174.5,153.88607910210933,230.82911865316402,115.41455932658201,38.471519775527334,-76.94303955105467,7.694303955105467,307.77215820421867,-38.471519775527334,192.35759887763666,57.707279663291004,96.17879943881833,-153.88607910210933,19.235759887763667,76.94303955105467
174.60000000000002,153.88445745223274,230.82668617834912,115.41334308917456,38.471114363058184,-76.94222872611637,7.694222872611637,307.7689149044655,-38.471114363058184,192.35557181529092,57.70667154458728,96.17778590764546,-153.88445745223274,19.235557181529092,76.94222872611637
174.70000000000002,153.88664251752166,230.8299637762825,115.41498188814126,38.471660629380416,-76.94332125876083,7.694332125876084,307.77328503504333,-38.471660629380416,192.35830314690207,57.70749094407063,96.17915157345104,-153.88664251752166,19.235830314690208,76.94332125876083
174.8,153.89273582698019,230.83910374047028,115.41955187023514,38.473183956745046,-76.94636791349009,7.6946367913490095,307.78547165396037,-38.473183956745046,192.36591978372525,57.70977593511757,96.18295989186262,-153.89273582698019,19.236591978372523,76.94636791349009
174.9,153.9028241774723,230.85423626620843,115.42711813310422,38.475706044368074,-76.95141208873615,7.695141208873615,307.8056483549446,-38.475706044368074,192.37853022184038,57.71355906655211,96.18926511092019,-153.9028241774723,19.237853022184037,76.95141208873615
175.0,153.91702335624856,230.87553503437283,115.43776751718642,38.47925583906214,-76.95851167812428,7.695851167812428,307.8340467124971,-38.47925583906214,192.3962791953107,57.71888375859321,96.19813959765536,-153.91702335624856,19.23962791953107,76.95851167812428
175.10000000000002,153.93542324599073,230.90313486898611,115.45156743449306,38.48385581149768,-76.96771162299537,7.696771162299537,307.87084649198147,-38.48385581149768,192.4192790574884,57.72578371724653,96.2096395287442,-153.93542324599073,19.24192790574884,76.96771162299537
175.20000000000002,153.9580461534546,230.93706923018192,115.46853461509096,38.48951153836365,-76.9790230767273,7.697902307672731,307.9160923069092,-38.48951153836365,192.44755769181825,57.73426730754548,96.22377884590912,-153.9580461534546,19.244755769181825,76.9790230767273
175.3,153.98492028873585,230.97738043310378,115.48869021655189,38.49623007218396,-76.99246014436793,7.699246014436793,307.9698405774717,-38.49623007218396,192.4811503609198,57.744345108275944,96.2405751804599,-153.98492028873585,19.24811503609198,76.99246014436793
175.4,154.01603059214642,231.02404588821963,115.51202294410982,38.504007648036605,-77.00801529607321,7.700801529607322,308.03206118429284,-38.504007648036605,192.52003824018303,57.75601147205491,96.26001912009151,-154.01603059214642,19.252003824018303,77.00801529607321
175.5,154.05127692865918,231.07691539298878,115.53845769649439,38.512819232164794,-77.02563846432959,7.702563846432959,308.10255385731836,-38.512819232164794,192.56409616082396,57.769228848247195,96.28204808041198,-154.05127692865918,19.256409616082397,77.02563846432959
175.60000000000002,154.09052908313132,231.135793624697,115.5678968123485,38.52263227078283,-77.04526454156566,7.704526454156566,308.18105816626263,-38.52263227078283,192.61316135391414,57.78394840617425,96.30658067695707,-154.09052908313132,19.261316135391414,77.04526454156566
175.70000000000002,154.13369391924348,231.20054087886524,115.60027043943262,38.53342347981087,-77.06684695962174,7.706684695962174,308.26738783848697,-38.53342347981087,192.66711739905435,57.80013521971631,96.33355869952717,-154.13369391924348,19.266711739905436,77.06684695962174
175.8,154.1807345306512,231.2711017959768,115.6355508979884,38.5451836326628,-77.0903672653256,7.70903672653256,308.3614690613024,-38.5451836326628,192.725918163314,57.8177754489942,96.362959081657,-154.1807345306512,19.2725918163314,77.0903672653256
175.9,154.23161241374675,231.34741862062012,115.67370931031006,38.557903103436686,-77.11580620687337,7.711580620687338,308.4632248274935,-38.557903103436686,192.78951551718342,57.83685465515503,96.39475775859171,-154.23161241374675,19.278951551718343,77.11580620687337
176.0,154.28621136985225,231.42931705477838,115.71465852738919,38.57155284246306,-77.14310568492613,7.714310568492613,308.5724227397045,-38.57155284246306,192.85776421231532,57.857329263694595,96.42888210615766,-154.28621136985225,19.28577642123153,77.14310568492613
176.10000000000002,154.34443445571128,231.51665168356692,115.75832584178346,38.58610861392782,-77.17221722785564,7.717221722785564,308.68886891142256,-38.58610861392782,192.9305430696391,57.87916292089173,96.46527153481955,-154.34443445571128,19.29305430696391,77.17221722785564
176.20000000000002,154.4061945709643,231.60929185644642,115.80464592822321,38.60154864274107,-77.20309728548214,7.720309728548215,308.8123891419286,-38.60154864274107,193.00774321370537,57.902322964111605,96.50387160685268,-154.4061945709643,19.300774321370536,77.20309728548214
176.3,154.47138671737895,231.70708007606842,115.85354003803421,38.61784667934474,-77.23569335868947,7.723569335868948,308.9427734347579,-38.61784667934474,193.08923339672367,57.926770019017106,96.54461669836184,-154.47138671737895,19.30892333967237,77.23569335868947
176.4,154.53985334168902,231.80978001253354,115.90489000626677,38.634963335422256,-77.26992667084451,7.726992667084452,309.07970668337805,-38.634963335422256,193.17481667711127,57.952445003133384,96.58740833855563,-154.53985334168902,19.317481667711128,77.26992667084451
176.5,154.61143910425227,231.9171586563784,115.9585793281892,38.65285977606307,-77.30571955212613,7.730571955212614,309.22287820850454,-38.65285977606307,193.26429888031532,57.9792896640946,96.63214944015766,-154.61143910425227,19.326429888031534,77.30571955212613
176.60000000000002,154.68596040616183,232.02894060924274,116.01447030462137,38.671490101540456,-77.34298020308091,7.734298020308092,309.37192081232365,-38.671490101540456,193.35745050770228,58.007235152310685,96.67872525385114,-154.68596040616183,19.335745050770228,77.34298020308091
176.70000000000002,154.76309939216168,232.14464908824252,116.07232454412126,38.69077484804042,-77.38154969608084,7.738154969608084,309.52619878432336,-38.69077484804042,193.45387424020208,58.03616227206063,96.72693712010104,-154.76309939216168,19.34538742402021,77.38154969608084
176.8,154.84252197110732,232.26378295666098,116.13189147833049,38.71063049277683,-77.42126098555366,7.742126098555366,309.68504394221463,-38.71063049277683,193.55315246388415,58.065945739165244,96.77657623194207,-154.84252197110732,19.355315246388415,77.42126098555366
176.9,154.92394804009234,232.3859220601385,116.19296103006926,38.730987010023085,-77.46197402004617,7.746197402004618,309.8478960801847,-38.730987010023085,193.65493505011543,58.09648051503463,96.82746752505771,-154.92394804009234,19.365493505011543,77.46197402004617
177.0,155.0070670551408,232.5106005827112,116.2553002913556,38.7517667637852,-77.5035335275704,7.75035335275704,310.0141341102816,-38.7517667637852,193.758833818926,58.1276501456778,96.879416909463,-155.0070670551408,19.3758833818926,77.5035335275704
177.10000000000002,155.09159058548943,232.63738587823414,116.31869293911707,38.77289764637236,-77.54579529274471,7.754579529274472,310.18318117097886,-38.77289764637236,193.8644882318618,58.159346469558535,96.9322441159309,-155.09159058548943,19.38644882318618,77.54579529274471
177.20000000000002,155.17723804632246,232.76585706948367,116.38292853474184,38.794309511580614,-77.58861902316123,7.758861902316124,310.3544760926449,-38.794309511580614,193.97154755790308,58.19146426737092,96.98577377895154,-155.17723804632246,19.397154755790307,77.58861902316123
177.3,155.2637514062112,232.89562710931682,116.44781355465841,38.8159378515528,-77.6318757031056,7.763187570310561,310.5275028124224,-38.8159378515528,194.07968925776402,58.223906777329205,97.03984462888201,-155.2637514062112,19.4079689257764,77.6318757031056
177.4,155.35090496474353,233.0263574471153,116.51317872355764,38.837726241185884,-77.67545248237177,7.767545248237177,310.70180992948707,-38.837726241185884,194.18863120592943,58.25658936177882,97.09431560296471,-155.35090496474353,19.418863120592942,77.67545248237177
177.5,155.4385459895496,233.1578189843244,116.5789094921622,38.8596364973874,-77.7192729947748,7.77192729947748,310.8770919790992,-38.8596364973874,194.29818248693698,58.2894547460811,97.14909124346849,-155.4385459895496,19.4298182486937,77.7192729947748
177.60000000000002,155.5265495526378,233.28982432895668,116.64491216447834,38.88163738815945,-77.7632747763189,7.77632747763189,311.0530991052756,-38.88163738815945,194.40818694079724,58.32245608223917,97.20409347039862,-155.5265495526378,19.440818694079724,77.7632747763189
177.70000000000002,155.61479651855566,233.4221947778335,116.71109738891676,38.903699129638916,-77.80739825927783,7.780739825927784,311.22959303711133,-38.903699129638916,194.51849564819457,58.35554869445838,97.25924782409729,-155.61479651855566,19.451849564819458,77.80739825927783
177.8,155.70315853607488,233.55473780411234,116.77736890205617,38.92578963401872,-77.85157926803744,7.785157926803745,311.40631707214976,-38.92578963401872,194.6289481700936,58.388684451028084,97.3144740850468,-155.70315853607488,19.46289481700936,77.85157926803744
177.9,155.79151169054404,233.68726753581606,116.84363376790803,38.94787792263601,-77.89575584527202,7.789575584527203,311.5830233810881,-38.94787792263601,194.73938961318004,58.421816883954016,97.36969480659002,-155.79151169054404,19.473938961318005,77.89575584527202
178.0,155.87980041189746,233.8197006178462,116.9098503089231,38.969950102974366,-77.93990020594873,7.793990020594873,311.7596008237949,-38.969950102974366,194.84975051487183,58.45492515446155,97.42487525743591,-155.87980041189746,19.484975051487183,77.93990020594873
178.10000000000002,155.96802266939733,233.952034004096,116.976017002048,38.99200566734933,-77.98401133469866,7.798401133469866,311.93604533879466,-38.99200566734933,194.96002833674666,58.488008501024,97.48001416837333,-155.96802266939733,19.496002833674666,77.98401133469866
178.20000000000002,156.05623105047317,234.08434657570976,117.04217328785488,39.01405776261829,-78.02811552523659,7.802811552523659,312.11246210094635,-39.01405776261829,195.07028881309145,58.52108664392744,97.53514440654573,-156.05623105047317,19.507028881309147,78.02811552523659
178.3,156.14451414324265,234.21677121486397,117.10838560743198,39.03612853581066,-78.07225707162132,7.807225707162132,312.2890282864853,-39.03612853581066,195.1806426790533,58.55419280371599,97.59032133952665,-156.14451414324265,19.51806426790533,78.07225707162132
178.4,156.23297145900742,234.3494571885111,117.17472859425555,39.058242864751854,-78.11648572950371,7.8116485729503715,312.46594291801483,-39.058242864751854,195.29121432375928,58.58736429712778,97.64560716187964,-156.23297145900742,19.529121432375927,78.11648572950371
178.5,156.32166811430523,234.48250217145784,117.24125108572892,39.080417028576306,-78.16083405715261,7.816083405715261,312.64333622861045,-39.080417028576306,195.40208514288153,58.62062554286446,97.70104257144077,-156.32166811430523,19.540208514288153,78.16083405715261
178.60000000000002,156.41058966155381,234.61588449233074,117.30794224616537,39.102647415388454,-78.20529483077691,7.820529483077691,312.82117932310763,-39.102647415388454,195.51323707694226,58.653971123082684,97.75661853847113,-156.41058966155381,19.551323707694227,78.20529483077691
178.70000000000002,156.499747154186,234.74962073127898,117.37481036563949,39.1249367885465,-78.249873577093,7.8249873577093005,312.999494308372,-39.1249367885465,195.6246839427325,58.687405182819745,97.81234197136625,-156.499747154186,19.56246839427325,78.249873577093
178.8,156.58911948524073,234.88367922786108,117.44183961393054,39.14727987131018,-78.29455974262036,7.829455974262037,313.17823897048146,-39.14727987131018,195.73639935655092,58.72091980696527,97.86819967827546,-156.58911948524073,19.57363993565509,78.29455974262036
178.9,156.678610213297,235.01791531994547,117.50895765997274,39.16965255332425,-78.3393051066485,7.83393051066485,313.357220426594,-39.16965255332425,195.84826276662125,58.75447882998637,97.92413138331062,-156.678610213297,19.584826276662124,78.3393051066485
179.0,156.76814013411197,235.15221020116797,117.57610510058399,39.19203503352799,-78.38407006705599,7.838407006705599,313.53628026822395,-39.19203503352799,195.96017516763996,58.788052550291994,97.98008758381998,-156.76814013411197,19.596017516763997,78.38407006705599
179.10000000000002,156.8575727769407,235.28635916541106,117.64317958270553,39.21439319423518,-78.42878638847036,7.842878638847036,313.7151455538814,-39.21439319423518,196.0719659711759,58.821589791352764,98.03598298558795,-156.8575727769407,19.60719659711759,78.42878638847036
179.20000000000002,156.94676558229372,235.42014837344058,117.71007418672029,39.23669139557343,-78.47338279114686,7.847338279114687,313.89353116458744,-39.23669139557343,196.18345697786714,58.855037093360146,98.09172848893357,-156.94676558229372,19.618345697786715,78.47338279114686
179.3,157.03559258371575,235.55338887557363,117.77669443778682,39.25889814592894,-78.51779629185788,7.851779629185788,314.0711851674315,-39.25889814592894,196.29449072964468,58.88834721889341,98.14724536482234,-157.03559258371575,19.62944907296447,78.51779629185788
179.4,157.1239311146706,235.6858966720059,117.84294833600295,39.28098277866765,-78.5619655573353,7.85619655573353,314.2478622293412,-39.28098277866765,196.40491389333823,58.921474168001474,98.20245694666912,-157.1239311146706,19.640491389333825,78.5619655573353
179.5,157.21173091066834,235.8175963660025,117.90879818300125,39.302932727667084,-78.60586545533417,7.860586545533417,314.4234618213367,-39.302932727667084,196.51466363833543,58.954399091500626,98.25733181916772,-157.21173091066834,19.651466363833542,78.60586545533417
179.60000000000002,157.29898195244246,235.9484729286637,117.97423646433185,39.324745488110615,-78.64949097622123,7.864949097622123,314.5979639048849,-39.324745488110615,196.62372744055307,58.987118232165926,98.31186372027653,-157.29898195244246,19.662372744055308,78.64949097622123
179.70000000000002,157.38568147926873,236.0785222189031,118.03926110945154,39.34642036981718,-78.69284073963436,7.869284073963437,314.77136295853745,-39.34642036981718,196.7321018490859,59.01963055472577,98.36605092454295,-157.38568147926873,19.67321018490859,78.69284073963436
179.8,157.47183146559252,236.20774719838877,118.10387359919439,39.36795786639813,-78.73591573279626,7.873591573279626,314.94366293118503,-39.36795786639813,196.83978933199063,59.05193679959719,98.41989466599532,-157.47183146559252,19.683978933199064,78.73591573279626
179.9,157.55743505791511,236.33615258687269,118.16807629343634,39.38935876447878,-78.77871752895756,7.877871752895756,315.11487011583023,-39.38935876447878,196.9467938223939,59.08403814671817,98.47339691119694,-157.55743505791511,19.69467938223939,78.77871752895756
180.0,157.6424716843428,236.4637075265142,118.2318537632571,39.4106179210857,-78.8212358421714,7.88212358421714,315.2849433686856,-39.4106179210857,197.0530896054285,59.11592688162855,98.52654480271426,-157.6424716843428,19.70530896054285,78.8212358421714
180.10000000000002,157.72691316236018,236.59036974354026,118.29518487177013,39.431728290590044,-78.86345658118009,7.886345658118009,315.45382632472035,-39.431728290590044,197.15864145295023,59.147592435885066,98.57932072647512,-157.72691316236018,19.715864145295022,78.86345658118009
180.20000000000002,157.8107422954311,236.71611344314667,118.35805672157333,39.45268557385778,-78.90537114771556,7.890537114771556,315.6214845908622,-39.45268557385778,197.26342786928888,59.17902836078667,98.63171393464444,-157.8107422954311,19.72634278692889,78.90537114771556
180.3,157.89401850700958,236.84102776051435,118.42051388025718,39.473504626752394,-78.94700925350479,7.894700925350479,315.78803701401915,-39.473504626752394,197.36752313376198,59.21025694012859,98.68376156688099,-157.89401850700958,19.736752313376197,78.94700925350479
180.4,157.97683901469486,236.9652585220423,118.48262926102115,39.494209753673715,-78.98841950734743,7.898841950734743,315.9536780293897,-39.494209753673715,197.47104876836858,59.24131463051057,98.73552438418429,-157.97683901469486,19.747104876836858,78.98841950734743
180.5,158.05932139461862,237.08898209192793,118.54449104596397,39.514830348654655,-79.02966069730931,7.902966069730931,316.11864278923724,-39.514830348654655,197.57415174327326,59.27224552298198,98.78707587163663,-158.05932139461862,19.757415174327328,79.02966069730931
180.60000000000002,158.14154512902184,237.21231769353275,118.60615884676638,39.53538628225546,-79.07077256451092,7.9070772564510925,316.28309025804367,-39.53538628225546,197.67693141127728,59.30307942338319,98.83846570563864,-158.14154512902184,19.76769314112773,79.07077256451092
180.70000000000002,158.22349120648158,237.33523680972237,118.66761840486119,39.555872801620396,-79.11174560324079,7.9111745603240795,316.44698241296317,-39.555872801620396,197.779364008102,59.333809202430594,98.889682004051,-158.22349120648158,19.777936400810198,79.11174560324079
180.8,158.30509296037002,237.45763944055503,118.72881972027751,39.576273240092505,-79.15254648018501,7.915254648018501,316.61018592074004,-39.576273240092505,197.88136620046254,59.36440986013876,98.94068310023127,-158.30509296037002,19.788136620046252,79.15254648018501
180.9,158.38633704129134,237.57950556193703,118.78975278096851,39.596584260322835,-79.19316852064567,7.919316852064568,316.7726740825827,-39.596584260322835,197.98292130161417,59.39487639048426,98.99146065080708,-158.38633704129134,19.798292130161418,79.19316852064567
181.0,158.46729424853595,237.70094137280392,118.85047068640196,39.61682356213399,-79.23364712426797,7.923364712426798,316.9345884970719,-39.61682356213399,198.08411781066994,59.42523534320098,99.04205890533497,-158.46729424853595,19.808411781066994,79.23364712426797
181.10000000000002,158.54808250081692,237.82212375122538,118.91106187561269,39.63702062520423,-79.27404125040846,7.927404125040846,317.09616500163384,-39.63702062520423,198.18510312602115,59.455530937806344,99.09255156301057,-158.54808250081692,19.818510312602115,79.27404125040846
181.20000000000002,158.62882479010815,237.94323718516222,118.97161859258111,39.65720619752704,-79.31441239505408,7.931441239505408,317.2576495802163,-39.65720619752704,198.2860309876352,59.485809296290554,99.1430154938176,-158.62882479010815,19.82860309876352,79.31441239505408
181.3,158.70963325996436,238.06444988994656,119.03222494497328,39.67740831499109,-79.35481662998218,7.935481662998218,317.4192665199287,-39.67740831499109,198.38704157495545,59.51611247248664,99.19352078747772,-158.70963325996436,19.838704157495545,79.35481662998218
181.4,158.79057306488212,238.1858595973232,119.0929297986616,39.69764326622053,-79.39528653244106,7.939528653244107,317.58114612976425,-39.69764326622053,198.48821633110265,59.5464648993308,99.24410816555132,-158.79057306488212,19.848821633110266,79.39528653244106
181.5,158.8716850227982,238.3075275341973,119.15376376709865,39.71792125569955,-79.4358425113991,7.94358425113991,317.7433700455964,-39.71792125569955,198.58960627849774,59.576881883549326,99.29480313924887,-158.8716850227982,19.858960627849775,79.4358425113991
181.60000000000002,158.9530877416781,238.42963161251714,119.21481580625857,39.738271935419526,-79.47654387083905,7.947654387083905,317.9061754833562,-39.738271935419526,198.69135967709764,59.607407903129285,99.34567983854882,-158.9530877416781,19.869135967709763,79.47654387083905
181.70000000000002,159.0348931394288,238.55233970914318,119.27616985457159,39.7587232848572,-79.5174465697144,7.95174465697144,318.0697862788576,-39.7587232848572,198.79361642428597,59.638084927285796,99.39680821214299,-159.0348931394288,19.8793616424286,79.5174465697144
181.8,159.1171851499493,238.67577772492396,119.33788886246198,39.77929628748733,-79.55859257497465,7.955859257497465,318.2343702998986,-39.77929628748733,198.89648143743665,59.66894443123099,99.44824071871832,-159.1171851499493,19.889648143743663,79.55859257497465
181.9,159.20002284031636,238.80003426047455,119.40001713023727,39.80000571007909,-79.60001142015818,7.960001142015819,318.40004568063273,-39.80000571007909,199.00002855039546,59.70000856511864,99.50001427519773,-159.20002284031636,19.900002855039546,79.60001142015818
182.0,159.2834181643478,238.9251272465217,119.46256362326085,39.82085454108695,-79.6417090821739,7.96417090821739,318.5668363286956,-39.82085454108695,199.10427270543477,59.731281811630424,99.55213635271738,-159.2834181643478,19.910427270543476,79.6417090821739
182.10000000000002,159.3673747966613,239.05106219499194,119.52553109749597,39.841843699165324,-79.68368739833065,7.968368739833065,318.7347495933226,-39.841843699165324,199.20921849582663,59.762765548747986,99.60460924791332,-159.3673747966613,19.920921849582662,79.68368739833065
182.20000000000002,159.4519674834659,239.17795122519885,119.58897561259943,39.86299187086647,-79.72598374173295,7.972598374173295,318.9039349669318,-39.86299187086647,199.31495935433236,59.79448780629971,99.65747967716618,-159.4519674834659,19.931495935433237,79.72598374173295
182.3,159.5372972457073,239.30594586856094,119.65297293428047,39.88432431142682,-79.76864862285365,7.976864862285365,319.0745944914146,-39.88432431142682,199.42162155713413,59.826486467140235,99.71081077856707,-159.5372972457073,19.94216215571341,79.76864862285365
182.4,159.62346254493036,239.43519381739554,119.71759690869777,39.90586563623259,-79.81173127246518,7.981173127246518,319.2469250898607,-39.90586563623259,199.52932818116295,59.858798454348886,99.76466409058148,-159.62346254493036,19.952932818116295,79.81173127246518
182.5,159.71053642758258,239.56580464137386,119.78290232068693,39.927634106895646,-79.85526821379129,7.985526821379129,319.42107285516516,-39.927634106895646,199.63817053447823,59.891451160343465,99.81908526723912,-159.71053642758258,19.963817053447823,79.85526821379129
182.60000000000002,159.79857078090748,239.69785617136122,119.84892808568061,39.94964269522687,-79.89928539045374,7.9899285390453745,319.59714156181496,-39.94964269522687,199.74821347613437,59.924464042840306,99.87410673806718,-159.79857078090748,19.974821347613435,79.89928539045374
182.70000000000002,159.88764414840443,239.83146622260665,119.91573311130333,39.97191103710111,-79.94382207420222,7.994382207420222,319.77528829680887,-39.97191103710111,199.85955518550554,59.95786655565166,99.92977759275277,-159.88764414840443,19.985955518550554,79.94382207420222
182.8,159.97782996547272,239.96674494820908,119.98337247410454,39.99445749136818,-79.98891498273636,7.998891498273636,319.95565993094544,-39.99445749136818,199.9722874568409,59.99168623705227,99.98614372842044,-159.97782996547272,19.99722874568409,79.98891498273636
182.9,160.0691806498537,240.10377097478056,120.05188548739028,40.01729516246343,-80.03459032492685,8.003459032492685,320.1383612997074,-40.01729516246343,200.08647581231713,60.02594274369514,100.04323790615857,-160.0691806498537,20.008647581231713,80.03459032492685
183.0,160.16174089510517,240.24261134265777,120.12130567132888,40.04043522377629,-80.08087044755258,8.008087044755259,320.32348179021034,-40.04043522377629,200.20217611888145,60.06065283566444,100.10108805944073,-160.16174089510517,20.020217611888146,80.08087044755258
183.10000000000002,160.25552665677094,240.3832899851564,120.1916449925782,40.063881664192735,-80.12776332838547,8.012776332838547,320.5110533135419,-40.063881664192735,200.31940832096367,60.0958224962891,100.15970416048184,-160.25552665677094,20.031940832096367,80.12776332838547
183.20000000000002,160.35051359782082,240.52577039673122,120.26288519836561,40.087628399455205,-80.17525679891041,8.017525679891042,320.70102719564164,-40.087628399455205,200.43814199727603,60.131442599182805,100.21907099863802,-160.35051359782082,20.043814199727603,80.17525679891041
183.3,160.4466079071916,240.6699118607874,120.3349559303937,40.1116519767979,-80.2233039535958,8.02233039535958,320.8932158143832,-40.1116519767979,200.5582598839895,60.16747796519685,100.27912994199475,-160.4466079071916,20.05582598839895,80.2233039535958
183.4,160.5436756828197,240.81551352422954,120.40775676211477,40.135918920704924,-80.27183784140985,8.027183784140986,321.0873513656394,-40.135918920704924,200.6795946035246,60.203878381057386,100.3397973017623,-160.5436756828197,20.067959460352462,80.27183784140985
183.5,160.64152897295105,240.96229345942658,120.48114672971329,40.16038224323776,-80.32076448647553,8.032076448647553,321.2830579459021,-40.16038224323776,200.8019112161888,60.240573364856644,100.4009556080944,-160.64152897295105,20.08019112161888,80.32076448647553
183.60000000000002,160.73998897211004,241.10998345816506,120.55499172908253,40.18499724302751,-80.36999448605502,8.036999448605503,321.4799779442201,-40.18499724302751,200.92498621513755,60.277495864541265,100.46249310756878,-160.73998897211004,20.092498621513755,80.36999448605502
183.70000000000002,160.8389640016839,241.25844600252586,120.62922300126293,40.209741000420976,-80.41948200084195,8.041948200084196,321.6779280033678,-40.209741000420976,201.0487050021049,60.314611500631464,100.52435250105245,-160.8389640016839,20.104870500210488,80.41948200084195
183.8,160.93845662146418,241.40768493219628,120.70384246609814,40.234614155366046,-80.46922831073209,8.046922831073209,321.87691324292837,-40.234614155366046,201.17307077683023,60.35192123304907,100.58653538841511,-160.93845662146418,20.117307077683023,80.46922831073209
183.9,161.0385129363532,241.55776940452978,120.77888470226489,40.2596282340883,-80.5192564681766,8.05192564681766,322.0770258727064,-40.2596282340883,201.29814117044148,60.389442351132445,100.64907058522074,-161.0385129363532,20.12981411704415,80.5192564681766
184.0,161.1392833567811,241.70892503517166,120.85446251758583,40.28482083919528,-80.56964167839055,8.056964167839055,322.2785667135622,-40.28482083919528,201.42410419597638,60.427231258792915,100.71205209798819,-161.1392833567811,20.14241041959764,80.56964167839055
184.10000000000002,161.24100133309167,241.8615019996375,120.93075099981876,40.31025033327292,-80.62050066654584,8.062050066654583,322.48200266618335,-40.31025033327292,201.55125166636458,60.46537549990938,100.77562583318229,-161.24100133309167,20.15512516663646,80.62050066654584
184.20000000000002,161.3438032836405,242.01570492546077,121.00785246273038,40.33595082091013,-80.67190164182026,8.067190164182026,322.687606567281,-40.33595082091013,201.67975410455063,60.50392623136519,100.83987705227531,-161.3438032836405,20.167975410455064,80.67190164182026
184.3,161.4478698457752,242.17180476866278,121.08590238433139,40.3619674614438,-80.7239349228876,8.072393492288759,322.8957396915504,-40.3619674614438,201.80983730721897,60.542951192165695,100.90491865360949,-161.4478698457752,20.1809837307219,80.7239349228876
184.4,161.55343883151258,242.33015824726886,121.16507912363443,40.388359707878145,-80.77671941575629,8.077671941575629,323.10687766302516,-40.388359707878145,201.94179853939073,60.582539561817214,100.97089926969537,-161.55343883151258,20.194179853939072,80.77671941575629
184.5,161.6607473183273,242.49112097749097,121.24556048874548,40.41518682958183,-80.83037365916366,8.083037365916367,323.3214946366546,-40.41518682958183,202.07593414790915,60.62278024437274,101.03796707395458,-161.6607473183273,20.207593414790914,80.83037365916366
184.60000000000002,161.76996072549042,242.65494108823563,121.32747054411782,40.442490181372605,-80.88498036274521,8.08849803627452,323.53992145098084,-40.442490181372605,202.212450906863,60.66373527205891,101.1062254534315,-161.76996072549042,20.221245090686303,80.88498036274521
184.70000000000002,161.8811551237967,242.82173268569505,121.41086634284753,40.470288780949176,-80.94057756189835,8.094057756189835,323.7623102475934,-40.470288780949176,202.35144390474588,60.70543317142376,101.17572195237294,-161.8811551237967,20.235144390474588,80.94057756189835
184.8,161.99434426513827,242.99151639770741,121.49575819885371,40.49858606628457,-80.99717213256913,8.099717213256914,323.98868853027653,-40.49858606628457,202.49293033142283,60.747879099426854,101.24646516571141,-161.99434426513827,20.249293033142283,80.99717213256913
184.9,162.10940565101396,243.16410847652094,121.58205423826047,40.52735141275349,-81.05470282550698,8.105470282550698,324.2188113020279,-40.52735141275349,202.63675706376745,60.791027119130234,101.31837853188372,-162.10940565101396,20.263675706376745,81.05470282550698
185.0,162.22619932358106,243.33929898537158,121.66964949268579,40.556549830895264,-81.11309966179053,8.111309966179054,324.4523986471621,-40.556549830895264,202.78274915447633,60.834824746342896,101.39137457723817,-162.22619932358106,20.278274915447632,81.11309966179053
185.10000000000002,162.34461520182506,243.5169228027376,121.7584614013688,40.586153800456266,-81.17230760091253,8.117230760091253,324.68923040365013,-40.586153800456266,202.93076900228132,60.8792307006844,101.46538450114066,-162.34461520182506,20.293076900228133,81.17230760091253
185.20000000000002,162.4645608368224,243.69684125523358,121.84842062761679,40.6161402092056,-81.2322804184112,8.12322804184112,324.9291216736448,-40.6161402092056,203.08070104602797,60.924210313808395,101.54035052301398,-162.4645608368224,20.3080701046028,81.2322804184112
185.3,162.5859786063739,243.87896790956086,121.93948395478043,40.64649465159348,-81.29298930318696,8.129298930318695,325.1719572127478,-40.64649465159348,203.2324732579674,60.969741977390214,101.6162366289837,-162.5859786063739,20.32324732579674,81.29298930318696
185.4,162.70882407535754,244.0632361130363,122.03161805651816,40.677206018839385,-81.35441203767877,8.135441203767877,325.4176481507151,-40.677206018839385,203.38603009419694,61.01580902825908,101.69301504709847,-162.70882407535754,20.338603009419693,81.35441203767877
185.5,162.83307283148696,244.24960924723044,122.12480462361522,40.70826820787174,-81.41653641574348,8.141653641574349,325.6661456629739,-40.70826820787174,203.5413410393587,61.06240231180761,101.77067051967936,-162.83307283148696,20.35413410393587,81.41653641574348
185.60000000000002,162.95864856671315,244.43797285006974,122.21898642503487,40.73966214167829,-81.47932428335658,8.147932428335658,325.9172971334263,-40.73966214167829,203.69831070839143,61.109493212517435,101.84915535419572,-162.95864856671315,20.369831070839144,81.47932428335658
185.70000000000002,163.08545848262375,244.62818772393564,122.31409386196782,40.77136462065594,-81.54272924131187,8.154272924131188,326.1709169652475,-40.77136462065594,203.85682310327968,61.15704693098391,101.92841155163984,-163.08545848262375,20.38568231032797,81.54272924131187
185.8,163.21341488393898,244.82012232590847,122.41006116295424,40.803353720984745,-81.60670744196949,8.160670744196949,326.42682976787796,-40.803353720984745,204.01676860492373,61.20503058147712,102.00838430246186,-163.21341488393898,20.401676860492373,81.60670744196949
185.9,163.34243184285816,245.01364776428724,122.50682388214362,40.83560796071454,-81.67121592142908,8.167121592142909,326.6848636857163,-40.83560796071454,204.1780398035727,61.25341194107181,102.08901990178634,-163.34243184285816,20.41780398035727,81.67121592142908
186.0,163.47248942922516,245.20873414383775,122.60436707191887,40.86812235730629,-81.73624471461258,8.173624471461258,326.9449788584503,-40.86812235730629,204.34061178653144,61.302183535959436,102.17030589326572,-163.47248942922516,20.434061178653145,81.73624471461258
186.10000000000002,163.60364636747497,245.40546955121243,122.70273477560622,40.90091159186874,-81.80182318373748,8.180182318373749,327.20729273494993,-40.90091159186874,204.5045579593437,61.35136738780311,102.25227897967186,-163.60364636747497,20.45045579593437,81.80182318373748
186.20000000000002,163.73598196891217,245.60397295336827,122.80198647668414,40.93399549222804,-81.86799098445609,8.18679909844561,327.47196393782434,-40.93399549222804,204.6699774611402,61.40099323834207,102.3349887305701,-163.73598196891217,20.46699774611402,81.86799098445609
186.3,163.86959003207272,245.80438504810908,122.90219252405454,40.96739750801818,-81.93479501603636,8.193479501603637,327.73918006414544,-40.96739750801818,204.8369875400909,61.45109626202727,102.41849377004544,-163.86959003207272,20.48369875400909,81.93479501603636
186.4,164.00453346597754,246.00680019896632,123.00340009948316,41.001133366494386,-82.00226673298877,8.200226673298877,328.0090669319551,-41.001133366494386,205.00566683247195,61.50170004974158,102.50283341623597,-164.00453346597754,20.500566683247193,82.00226673298877
186.5,164.1408176860456,246.21122652906843,123.10561326453421,41.0352044215114,-82.0704088430228,8.20704088430228,328.2816353720912,-41.0352044215114,205.176022107557,61.55280663226711,102.5880110537785,-164.1408176860456,20.5176022107557,82.0704088430228
186.60000000000002,164.27844605887947,246.4176690883192,123.2088345441596,41.06961151471987,-82.13922302943973,8.213922302943974,328.55689211775893,-41.06961151471987,205.34805757359933,61.6044172720798,102.67402878679967,-164.27844605887947,20.534805757359933,82.13922302943973
186.70000000000002,164.4174356951403,246.62615354271048,123.31307677135524,41.10435892378508,-82.20871784757016,8.220871784757016,328.8348713902806,-41.10435892378508,205.52179461892538,61.65653838567762,102.76089730946269,-164.4174356951403,20.55217946189254,82.20871784757016
186.8,164.55778034450304,246.83667051675457,123.41833525837728,41.13944508612576,-82.27889017225152,8.227889017225152,329.1155606890061,-41.13944508612576,205.6972254306288,61.70916762918864,102.8486127153144,-164.55778034450304,20.56972254306288,82.27889017225152
186.9,164.6993799049374,247.0490698574061,123.52453492870305,41.17484497623435,-82.3496899524687,8.23496899524687,329.3987598098748,-41.17484497623435,205.87422488117173,61.762267464351524,102.93711244058586,-164.6993799049374,20.587422488117173,82.3496899524687
187.0,164.8420826591284,247.2631239886926,123.6315619943463,41.2105206647821,-82.4210413295642,8.24210413295642,329.6841653182568,-41.2105206647821,206.05260332391052,61.81578099717315,103.02630166195526,-164.8420826591284,20.60526033239105,82.4210413295642
187.10000000000002,164.98578705555977,247.47868058333967,123.73934029166983,41.24644676388994,-82.49289352777988,8.24928935277799,329.97157411111954,-41.24644676388994,206.2322338194497,61.86967014583492,103.11611690972485,-164.98578705555977,20.62322338194497,82.49289352777988
187.20000000000002,165.13045769931153,247.6956865489673,123.84784327448365,41.282614424827884,-82.56522884965577,8.256522884965577,330.26091539862307,-41.282614424827884,206.41307212413943,61.923921637241826,103.20653606206972,-165.13045769931153,20.641307212413942,82.56522884965577
187.3,165.27607656857793,247.9141148528669,123.95705742643345,41.319019142144484,-82.63803828428897,8.263803828428896,330.55215313715587,-41.319019142144484,206.59509571072243,61.978528713216726,103.29754785536122,-165.27607656857793,20.659509571072242,82.63803828428897
187.4,165.42264528768936,248.13396793153404,124.06698396576702,41.35566132192234,-82.71132264384468,8.271132264384468,330.8452905753787,-41.35566132192234,206.77830660961172,62.03349198288351,103.38915330480586,-165.42264528768936,20.67783066096117,82.71132264384468
187.5,165.5701109391649,248.35516640874732,124.17758320437366,41.39252773479122,-82.78505546958245,8.278505546958245,331.1402218783298,-41.39252773479122,206.96263867395612,62.08879160218683,103.48131933697806,-165.5701109391649,20.69626386739561,82.78505546958245
187.60000000000002,165.71838087304914,248.57757130957373,124.28878565478686,41.429595218262286,-82.85919043652457,8.285919043652457,331.4367617460983,-41.429595218262286,207.14797609131142,62.14439282739343,103.57398804565571,-165.71838087304914,20.714797609131143,82.85919043652457
187.70000000000002,165.86729507642445,248.80094261463668,124.40047130731834,41.466823769106114,-82.93364753821223,8.293364753821223,331.7345901528489,-41.466823769106114,207.33411884553055,62.20023565365917,103.66705942276528,-165.86729507642445,20.733411884553057,82.93364753821223
187.8,166.01666349923477,249.02499524885215,124.51249762442608,41.50416587480869,-83.00833174961738,8.300833174961738,332.03332699846953,-41.50416587480869,207.52082937404344,62.25624881221304,103.76041468702172,-166.01666349923477,20.752082937404346,83.00833174961738
187.9,166.16626986348905,249.24940479523357,124.62470239761679,41.54156746587226,-83.08313493174452,8.308313493174452,332.3325397269781,-41.54156746587226,207.70783732936133,62.31235119880839,103.85391866468066,-166.16626986348905,20.77078373293613,83.08313493174452
188.0,166.31594031512506,249.47391047268758,124.73695523634379,41.578985078781265,-83.15797015756253,8.315797015756253,332.6318806302501,-41.578985078781265,207.89492539390633,62.368477618171895,103.94746269695317,-166.31594031512506,20.789492539390633,83.15797015756253
188.10000000000002,166.4655764012302,249.6983646018453,124.84918230092265,41.61639410030755,-83.2327882006151,8.32327882006151,332.9311528024604,-41.61639410030755,208.08197050153777,62.424591150461325,104.04098525076888,-166.4655764012302,20.808197050153776,83.2327882006151
188.20000000000002,166.6151043477065,249.92265652155976,124.96132826077988,41.65377608692663,-83.30755217385325,8.330755217385326,333.230208695413,-41.65377608692663,208.26888043463313,62.48066413038994,104.13444021731657,-166.6151043477065,20.826888043463313,83.30755217385325
188.3,166.76437102642717,250.14655653964076,125.07327826982038,41.69109275660679,-83.38218551321359,8.33821855132136,333.52874205285434,-41.69109275660679,208.45546378303396,62.53663913491019,104.22773189151698,-166.76437102642717,20.845546378303396,83.38218551321359
188.4,166.91318263259524,250.36977394889286,125.18488697444643,41.72829565814881,-83.45659131629762,8.345659131629763,333.8263652651905,-41.72829565814881,208.64147829074403,62.592443487223214,104.32073914537202,-166.91318263259524,20.864147829074405,83.45659131629762
188.5,167.061332836883,250.59199925532448,125.29599962766224,41.76533320922075,-83.5306664184415,8.35306664184415,334.122665673766,-41.76533320922075,208.82666604610375,62.64799981383112,104.41333302305188,-167.061332836883,20.882666604610375,83.5306664184415
188.60000000000002,167.20863259309118,250.81294888963677,125.40647444481839,41.802158148272795,-83.60431629654559,8.36043162965456,334.41726518618236,-41.802158148272795,209.01079074136396,62.70323722240919,104.50539537068198,-167.20863259309118,20.901079074136398,83.60431629654559
188.70000000000002,167.35489995651116,251.03234993476673,125.51617496738336,41.83872498912779,-83.67744997825558,8.36774499782556,334.7097999130223,-41.83872498912779,209.19362494563896,62.75808748369168,104.59681247281948,-167.35489995651116,20.919362494563895,83.67744997825558
188.8,167.49989724059466,251.24984586089198,125.62492293044599,41.874974310148666,-83.74994862029733,8.374994862029734,334.9997944811893,-41.874974310148666,209.37487155074334,62.812461465222995,104.68743577537167,-167.49989724059466,20.937487155074333,83.74994862029733
188.9,167.64341484526562,251.46512226789844,125.73256113394922,41.910853711316406,-83.82170742263281,8.382170742263282,335.28682969053125,-41.910853711316406,209.55426855658203,62.86628056697461,104.77713427829102,-167.64341484526562,20.955426855658203,83.82170742263281
189.0,167.78529964072902,251.67794946109353,125.83897473054677,41.946324910182256,-83.89264982036451,8.389264982036451,335.57059928145804,-41.946324910182256,209.73162455091128,62.91948736527338,104.86581227545564,-167.78529964072902,20.973162455091128,83.89264982036451
189.10000000000002,167.9254186511664,251.88812797674962,125.94406398837481,41.9813546627916,-83.9627093255832,8.396270932558322,335.8508373023328,-41.9813546627916,209.906773313958,62.972031994187404,104.953386656979,-167.9254186511664,20.9906773313958,83.9627093255832
189.20000000000002,168.06364250948687,252.09546376423032,126.04773188211516,42.01591062737172,-84.03182125474343,8.403182125474343,336.12728501897374,-42.01591062737172,210.07955313685858,63.02386594105758,105.03977656842929,-168.06364250948687,21.00795531368586,84.03182125474343
189.3,168.19983637860656,252.29975456790984,126.14987728395492,42.04995909465164,-84.09991818930328,8.409991818930328,336.3996727572131,-42.04995909465164,210.2497954732582,63.07493864197746,105.1248977366291,-168.19983637860656,21.02497954732582,84.09991818930328
189.4,168.3338639313074,252.5007958969611,126.25039794848055,42.08346598282685,-84.1669319656537,8.41669319656537,336.6677278626148,-42.08346598282685,210.41732991413426,63.12519897424028,105.20866495706713,-168.3338639313074,21.041732991413426,84.1669319656537
189.5,168.46554451359708,252.69831677039562,126.34915838519781,42.11638612839927,-84.23277225679854,8.423277225679854,336.93108902719416,-42.11638612839927,210.58193064199634,63.174579192598905,105.29096532099817,-168.46554451359708,21.058193064199635,84.23277225679854
189.60000000000002,168.59469011308312,252.89203516962468,126.44601758481234,42.14867252827078,-84.29734505654156,8.429734505654157,337.18938022616624,-42.14867252827078,210.74336264135388,63.22300879240617,105.37168132067694,-168.59469011308312,21.07433626413539,84.29734505654156
189.70000000000002,168.7210590225085,253.08158853376278,126.54079426688139,42.18026475562713,-84.36052951125426,8.436052951125426,337.442118045017,-42.18026475562713,210.90132377813563,63.270397133440696,105.45066188906782,-168.7210590225085,21.090132377813564,84.36052951125426
189.8,168.8443644041817,253.26654660627256,126.63327330313628,42.211091101045426,-84.42218220209085,8.442218220209085,337.6887288083634,-42.211091101045426,211.05545550522714,63.31663665156814,105.52772775261357,-168.8443644041817,21.105545550522713,84.42218220209085
189.9,168.9643277147402,253.4464915721103,126.72324578605514,42.24108192868505,-84.4821638573701,8.44821638573701,337.9286554294804,-42.24108192868505,211.20540964342524,63.36162289302757,105.60270482171262,-168.9643277147402,21.120540964342524,84.4821638573701
190.0,169.08077323967285,253.62115985950928,126.81057992975464,42.27019330991821,-84.54038661983643,8.454038661983644,338.1615464793457,-42.27019330991821,211.35096654959108,63.40528996487732,105.67548327479554,-169.08077323967285,21.135096654959106,84.54038661983643
190.10000000000002,169.19357270294614,253.7903590544192,126.8951795272096,42.298393175736535,-84.59678635147307,8.459678635147307,338.3871454058923,-42.298393175736535,211.49196587868266,63.4475897636048,105.74598293934133,-169.19357270294614,21.149196587868268,84.59678635147307
190.20000000000002,169.30267008403757,253.95400512605636,126.97700256302818,42.32566752100939,-84.65133504201879,8.465133504201878,338.60534016807514,-42.32566752100939,211.62833760504697,63.48850128151409,105.81416880252348,-169.30267008403757,21.162833760504697,84.65133504201879
190.3,169.40802086220663,254.11203129330994,127.05601564665497,42.35200521555166,-84.70401043110331,8.470401043110332,338.81604172441325,-42.35200521555166,211.76002607775828,63.528007823327485,105.88001303887914,-169.40802086220663,21.17600260777583,84.70401043110331
190.4,169.50958252409256,254.26437378613883,127.13218689306942,42.37739563102314,-84.75479126204628,8.475479126204629,339.01916504818513,-42.37739563102314,211.8869781551157,63.56609344653471,105.94348907755786,-169.50958252409256,21.18869781551157,84.75479126204628
190.5,169.60730438373454,254.4109565756018,127.2054782878009,42.401826095933636,-84.80365219186727,8.480365219186728,339.2146087674691,-42.401826095933636,212.0091304796682,63.60273914390045,106.0045652398341,-169.60730438373454,21.200913047966818,84.80365219186727
190.60000000000002,169.70114724862577,254.55172087293866,127.27586043646933,42.42528681215644,-84.85057362431289,8.48505736243129,339.40229449725155,-42.42528681215644,212.12643406078223,63.637930218234665,106.06321703039112,-169.70114724862577,21.21264340607822,84.85057362431289
190.70000000000002,169.79106081840996,254.68659122761494,127.34329561380747,42.44776520460249,-84.89553040920498,8.489553040920498,339.5821216368199,-42.44776520460249,212.23882602301245,63.671647806903735,106.11941301150623,-169.79106081840996,21.223882602301245,84.89553040920498
190.8,169.87705324058197,254.81557986087296,127.40778993043648,42.46926331014549,-84.93852662029099,8.493852662029099,339.75410648116394,-42.46926331014549,212.34631655072747,63.70389496521824,106.17315827536373,-169.87705324058197,21.234631655072747,84.93852662029099
190.9,169.95917540823166,254.9387631123475,127.46938155617374,42.489793852057915,-84.97958770411583,8.497958770411584,339.9183508164633,-42.489793852057915,212.44896926028957,63.73469077808687,106.22448463014479,-169.95917540823166,21.244896926028957,84.97958770411583
191.0,170.03749168618066,255.056237529271,127.5281187646355,42.509372921545165,-85.01874584309033,8.501874584309034,340.0749833723613,-42.509372921545165,212.5468646077258,63.76405938231775,106.2734323038629,-170.03749168618066,21.254686460772582,85.01874584309033
191.10000000000002,170.11209590118966,255.1681438517845,127.58407192589225,42.528023975297415,-85.05604795059483,8.505604795059483,340.2241918023793,-42.528023975297415,212.64011987648706,63.79203596294612,106.32005993824353,-170.11209590118966,21.264011987648708,85.05604795059483
191.20000000000002,170.18316254189352,255.27474381284028,127.63737190642014,42.54579063547338,-85.09158127094676,8.509158127094677,340.36632508378705,-42.54579063547338,212.72895317736692,63.81868595321007,106.36447658868346,-170.18316254189352,21.27289531773669,85.09158127094676
191.3,170.2508826555426,255.3763239833139,127.68816199165695,42.56272066388565,-85.1254413277713,8.51254413277713,340.5017653110852,-42.56272066388565,212.81360331942824,63.84408099582848,106.40680165971412,-170.2508826555426,21.281360331942825,85.1254413277713
191.4,170.31537380253172,255.4730607037976,127.7365303518988,42.57884345063293,-85.15768690126586,8.515768690126587,340.63074760506345,-42.57884345063293,212.89421725316464,63.8682651759494,106.44710862658232,-170.31537380253172,21.289421725316465,85.15768690126586
191.5,170.37674419010878,255.56511628516319,127.78255814258159,42.594186047527195,-85.18837209505439,8.51883720950544,340.75348838021756,-42.594186047527195,212.97093023763597,63.891279071290796,106.48546511881798,-170.37674419010878,21.297093023763598,85.18837209505439
191.60000000000002,170.4351891610105,255.65278374151575,127.82639187075787,42.608797290252625,-85.21759458050525,8.521759458050525,340.870378322021,-42.608797290252625,213.04398645126312,63.91319593537894,106.52199322563156,-170.4351891610105,21.304398645126312,85.21759458050525
191.70000000000002,170.49094936207047,255.7364240431057,127.86821202155285,42.62273734051762,-85.24547468103523,8.524547468103524,340.98189872414093,-42.62273734051762,213.1136867025881,63.934106010776425,106.55684335129405,-170.49094936207047,21.31136867025881,85.24547468103523
191.8,170.54424831055437,255.81637246583153,127.90818623291577,42.63606207763859,-85.27212415527718,8.52721241552772,341.08849662110873,-42.63606207763859,213.18031038819296,63.954093116457884,106.59015519409648,-170.54424831055437,21.318031038819296,85.27212415527718
191.9,170.59533899033073,255.8930084854961,127.94650424274805,42.64883474758268,-85.29766949516537,8.529766949516537,341.19067798066146,-42.64883474758268,213.2441737379134,63.973252121374024,106.6220868689567,-170.59533899033073,21.32441737379134,85.29766949516537
192.0,170.64448829663954,255.9667324449593,127.98336622247965,42.661122074159884,-85.32224414831977,8.532224414831978,341.2889765932791,-42.661122074159884,213.30561037079943,63.99168311123982,106.65280518539971,-170.64448829663954,21.330561037079942,85.32224414831977
192.10000000000002,170.69192309823134,256.037884647347,128.0189423236735,42.672980774557836,-85.34596154911567,8.534596154911567,341.3838461964627,-42.672980774557836,213.36490387278917,64.00947116183676,106.68245193639459,-170.69192309823134,21.336490387278918,85.34596154911567
192.20000000000002,170.7377841440515,256.10667621607723,128.05333810803862,42.68444603601287,-85.36889207202574,8.536889207202575,341.475568288103,-42.68444603601287,213.42223018006436,64.02666905401931,106.71111509003218,-170.7377841440515,21.342223018006436,85.36889207202574
192.3,170.78218667401217,256.1732800110183,128.08664000550914,42.69554666850304,-85.39109333700608,8.539109333700608,341.56437334802433,-42.69554666850304,213.4777333425152,64.04332000275457,106.7388666712576,-170.78218667401217,21.34777333425152,85.39109333700608
192.4,170.82523899012526,256.23785848518787,128.11892924259394,42.706309747531314,-85.41261949506263,8.541261949506262,341.6504779802505,-42.706309747531314,213.53154873765658,64.05946462129697,106.76577436882829,-170.82523899012526,21.353154873765657,85.41261949506263
192.5,170.86702796139895,256.30054194209845,128.15027097104922,42.71675699034974,-85.43351398069947,8.543351398069948,341.7340559227979,-42.71675699034974,213.58378495174867,64.07513548552461,106.79189247587433,-170.86702796139895,21.35837849517487,85.43351398069947
192.60000000000002,170.90758105434296,256.36137158151445,128.18068579075722,42.72689526358574,-85.45379052717148,8.545379052717148,341.8151621086859,-42.72689526358574,213.6344763179287,64.09034289537861,106.81723815896434,-170.90758105434296,21.36344763179287,85.45379052717148
192.70000000000002,170.94685145746558,256.4202771861984,128.2101385930992,42.736712864366396,-85.47342572873279,8.54734257287328,341.89370291493117,-42.736712864366396,213.68356432183197,64.1050692965496,106.84178216091598,-170.94685145746558,21.368356432183198,85.47342572873279
192.8,170.98469772991484,256.47704659487226,128.23852329743613,42.74617443247871,-85.49234886495742,8.549234886495743,341.9693954598297,-42.74617443247871,213.73087216239355,64.11926164871807,106.86543608119678,-170.98469772991484,21.373087216239355,85.49234886495742
192.9,171.02099694221806,256.5314954133271,128.26574770666355,42.755249235554516,-85.51049847110903,8.551049847110903,342.0419938844361,-42.755249235554516,213.77624617777258,64.13287385333177,106.88812308888629,-171.02099694221806,21.377624617777258,85.51049847110903
193.0,171.05568724461727,256.5835308669259,128.29176543346296,42.76392181115432,-85.52784362230864,8.552784362230865,342.11137448923455,-42.76392181115432,213.8196090557716,64.14588271673148,106.9098045278858,-171.05568724461727,21.38196090557716,85.52784362230864
193.10000000000002,171.0887388517649,256.63310827764735,128.31655413882368,42.772184712941225,-85.54436942588245,8.554436942588245,342.1774777035298,-42.772184712941225,213.86092356470613,64.15827706941184,106.93046178235306,-171.0887388517649,21.386092356470613,85.54436942588245
193.20000000000002,171.12013962483942,256.6802094372591,128.34010471862956,42.780034906209856,-85.56006981241971,8.556006981241971,342.24027924967885,-42.780034906209856,213.9001745310493,64.17005235931478,106.95008726552464,-171.12013962483942,21.390017453104928,85.56006981241971
193.3,171.1498657605839,256.72479864087586,128.36239932043793,42.78746644014598,-85.57493288029195,8.557493288029196,342.2997315211678,-42.78746644014598,213.93733220072988,64.18119966021897,106.96866610036494,-171.1498657605839,21.39373322007299,85.57493288029195
193.4,171.1778522653828,256.76677839807417,128.38338919903708,42.7944630663457,-85.5889261326914,8.55889261326914,342.3557045307656,-42.7944630663457,213.9723153317285,64.19169459951854,106.98615766586425,-171.1778522653828,21.39723153317285,85.5889261326914
193.5,171.2040136827212,256.8060205240818,128.4030102620409,42.8010034206803,-85.6020068413606,8.560200684136062,342.4080273654424,-42.8010034206803,214.0050171034015,64.20150513102045,107.00250855170076,-171.2040136827212,21.40050171034015,85.6020068413606
193.60000000000002,171.2283071925422,256.8424607888133,128.42123039440665,42.80707679813555,-85.6141535962711,8.56141535962711,342.4566143850844,-42.80707679813555,214.03538399067773,64.21061519720332,107.01769199533886,-171.2283071925422,21.403538399067774,85.6141535962711
193.70000000000002,171.25069909906762,256.87604864860145,128.43802432430073,42.812674774766904,-85.62534954953381,8.562534954953382,342.50139819813523,-42.812674774766904,214.0633738738345,64.21901216215036,107.03168693691725,-171.25069909906762,21.406337387383452,85.62534954953381
193.8,171.27113804448624,256.9067070667294,128.4533535333647,42.81778451112156,-85.63556902224312,8.563556902224311,342.54227608897247,-42.81778451112156,214.08892255560778,64.22667676668235,107.04446127780389,-171.27113804448624,21.40889225556078,85.63556902224312
193.9,171.28961823469805,256.93442735204707,128.46721367602353,42.82240455867451,-85.64480911734903,8.564480911734902,342.5792364693961,-42.82240455867451,214.11202279337257,64.23360683801177,107.05601139668629,-171.28961823469805,21.411202279337257,85.64480911734903
194.0,171.30617881642755,256.95926822464133,128.47963411232067,42.82654470410689,-85.65308940821377,8.565308940821378,342.6123576328551,-42.82654470410689,214.13272352053443,64.23981705616033,107.06636176026721,-171.30617881642755,21.413272352053443,85.65308940821377
194.10000000000002,171.32086569007419,256.98129853511125,128.49064926755563,42.830216422518546,-85.66043284503709,8.56604328450371,342.64173138014837,-42.830216422518546,214.15108211259275,64.24532463377781,107.07554105629637,-171.32086569007419,21.415108211259273,85.66043284503709
194.20000000000002,171.33371132575127,257.00056698862693,128.50028349431346,42.83342783143782,-85.66685566287563,8.566685566287564,342.66742265150253,-42.83342783143782,214.16713915718907,64.25014174715673,107.08356957859453,-171.33371132575127,21.41671391571891,85.66685566287563
194.3,171.34475042535226,257.0171256380284,128.5085628190142,42.836187606338065,-85.67237521267613,8.567237521267613,342.6895008507045,-42.836187606338065,214.18093803169032,64.2542814095071,107.09046901584516,-171.34475042535226,21.418093803169032,85.67237521267613
194.4,171.35397294211015,257.0309594131652,128.5154797065826,42.83849323552754,-85.67698647105507,8.567698647105507,342.7079458842203,-42.83849323552754,214.1924661776377,64.2577398532913,107.09623308881885,-171.35397294211015,21.41924661776377,85.67698647105507
194.5,171.36132876796864,257.04199315195297,128.52099657597648,42.84033219199216,-85.68066438398432,8.568066438398432,342.7226575359373,-42.84033219199216,214.2016609599608,64.26049828798824,107.1008304799804,-171.36132876796864,21.42016609599608,85.68066438398432
194.60000000000002,171.36678637649538,257.0501795647431,128.52508978237154,42.841696594123846,-85.68339318824769,8.56833931882477,342.73357275299077,-42.841696594123846,214.20848297061923,64.26254489118577,107.10424148530961,-171.36678637649538,21.420848297061923,85.68339318824769
194.70000000000002,171.37034072072004,257.05551108108006,128.52775554054003,42.84258518018001,-85.68517036036002,8.568517036036003,342.7406814414401,-42.84258518018001,214.21292590090005,64.26387777027001,107.10646295045002,-171.37034072072004,21.421292590090005,85.68517036036002
194.8,171.3720315916376,257.05804738745644,128.52902369372822,42.8430078979094,-85.6860157958188,8.56860157958188,342.7440631832752,-42.8430078979094,214.215039489547,64.26451184686411,107.1075197447735,-171.3720315916376,21.4215039489547,85.6860157958188
194.9,171.37192356097697,257.05788534146546,128.52894267073273,42.84298089024424,-85.68596178048848,8.568596178048848,342.74384712195393,-42.84298089024424,214.2149044512212,64.26447133536637,107.1074522256106,-171.37192356097697,21.42149044512212,85.68596178048848
195.0,171.37009971190096,257.05514956785146,128.52757478392573,42.84252492797524,-85.68504985595048,8.568504985595048,342.7401994238019,-42.84252492797524,214.2126246398762,64.26378739196286,107.1063123199381,-171.37009971190096,21.42126246398762,85.68504985595048
195.10000000000002,171.36656870063985,257.04985305095977,128.52492652547988,42.84164217515996,-85.68328435031992,8.568328435031992,342.7331374012797,-42.84164217515996,214.2082108757998,64.26246326273994,107.1041054378999,-171.36656870063985,21.42082108757998,85.68328435031992
195.20000000000002,171.36129855848353,257.0419478377253,128.52097391886264,42.84032463962088,-85.68064927924176,8.568064927924176,342.72259711696705,-42.84032463962088,214.20162319810441,64.26048695943132,107.10081159905221,-171.36129855848353,21.42016231981044,85.68064927924176
195.3,171.35432983900347,257.03149475850523,128.51574737925262,42.83858245975087,-85.67716491950173,8.567716491950174,342.70865967800694,-42.83858245975087,214.19291229875432,64.25787368962631,107.09645614937716,-171.35432983900347,21.419291229875434,85.67716491950173
195.4,171.34579668773114,257.01869503159674,128.50934751579837,42.836449171932784,-85.67289834386557,8.567289834386557,342.6915933754623,-42.836449171932784,214.1822458596639,64.25467375789918,107.09112292983195,-171.34579668773114,21.418224585966392,85.67289834386557
195.5,171.33587032754812,257.00380549132217,128.50190274566108,42.83396758188703,-85.66793516377406,8.566793516377407,342.67174065509624,-42.83396758188703,214.16983790943516,64.25095137283054,107.08491895471758,-171.33587032754812,21.416983790943515,85.66793516377406
195.60000000000002,171.32469055001548,256.9870358250232,128.4935179125116,42.83117263750387,-85.66234527500774,8.566234527500773,342.64938110003095,-42.83117263750387,214.15586318751934,64.2467589562558,107.07793159375967,-171.32469055001548,21.415586318751934,85.66234527500774
195.70000000000002,171.31235510165823,256.96853265248734,128.48426632624367,42.82808877541456,-85.65617755082911,8.565617755082911,342.62471020331645,-42.82808877541456,214.14044387707278,64.24213316312184,107.07022193853639,-171.31235510165823,21.41404438770728,85.65617755082911
195.8,171.29893030420288,256.9483954563043,128.47419772815215,42.82473257605072,-85.64946515210144,8.564946515210144,342.59786060840577,-42.82473257605072,214.12366288025362,64.23709886407607,107.06183144012681,-171.29893030420288,21.41236628802536,85.64946515210144
195.9,171.28448162286836,256.9267224343025,128.46336121715126,42.82112040571709,-85.64224081143418,8.564224081143418,342.5689632457367,-42.82112040571709,214.10560202858545,64.23168060857563,107.05280101429273,-171.28448162286836,21.410560202858544,85.64224081143418
196.0,171.26901790690385,256.9035268603558,128.4517634301779,42.817254476725964,-85.63450895345193,8.563450895345193,342.5380358138077,-42.817254476725964,214.08627238362982,64.22588171508895,107.04313619181491,-171.26901790690385,21.408627238362982,85.63450895345193
196.10000000000002,171.25247793753522,256.8787169063028,128.4393584531514,42.813119484383805,-85.62623896876761,8.562623896876762,342.50495587507044,-42.813119484383805,214.06559742191902,64.2196792265757,107.03279871095951,-171.25247793753522,21.406559742191902,85.62623896876761
196.20000000000002,171.2348223147772,256.85223347216584,128.42611673608292,42.8087055786943,-85.6174111573886,8.56174111573886,342.4696446295544,-42.8087055786943,214.0435278934715,64.21305836804146,107.02176394673575,-171.2348223147772,21.40435278934715,85.6174111573886
196.3,171.21612211860744,256.82418317791115,128.41209158895558,42.80403052965186,-85.60806105930372,8.560806105930373,342.4322442372149,-42.80403052965186,214.0201526482593,64.20604579447779,107.01007632412966,-171.21612211860744,21.40201526482593,85.60806105930372
196.4,171.19645059530797,256.79467589296195,128.39733794648097,42.79911264882699,-85.59822529765398,8.559822529765398,342.39290119061593,-42.79911264882699,213.99556324413496,64.19866897324049,106.99778162206748,-171.19645059530797,21.399556324413496,85.59822529765398
196.5,171.17579382995254,256.7636907449288,128.3818453724644,42.793948457488135,-85.58789691497627,8.558789691497628,342.3515876599051,-42.793948457488135,213.96974228744068,64.1909226862322,106.98487114372034,-171.17579382995254,21.396974228744067,85.58789691497627
196.60000000000002,171.15407666140786,256.73111499211177,128.36555749605589,42.788519165351964,-85.57703833070393,8.557703833070393,342.3081533228157,-42.788519165351964,213.94259582675983,64.18277874802794,106.97129791337991,-171.15407666140786,21.394259582675982,85.57703833070393
196.70000000000002,171.13122924369773,256.6968438655466,128.3484219327733,42.78280731092443,-85.56561462184887,8.556561462184886,342.26245848739546,-42.78280731092443,213.91403655462216,64.17421096638665,106.95701827731108,-171.13122924369773,21.391403655462216,85.56561462184887
196.8,171.10721926415732,256.660828896236,128.330414448118,42.77680481603933,-85.55360963207866,8.555360963207866,342.21443852831464,-42.77680481603933,213.88402408019664,64.165207224059,106.94201204009832,-171.10721926415732,21.388402408019665,85.55360963207866
196.9,171.08209519077715,256.6231427861657,128.31157139308286,42.77052379769429,-85.54104759538858,8.554104759538857,342.1641903815543,-42.77052379769429,213.85261898847145,64.15578569654143,106.92630949423572,-171.08209519077715,21.385261898847144,85.54104759538858
197.0,171.0559301734611,256.58389526019164,128.29194763009582,42.76398254336527,-85.52796508673055,8.552796508673055,342.1118603469222,-42.76398254336527,213.81991271682637,64.14597381504791,106.90995635841318,-171.0559301734611,21.381991271682637,85.52796508673055
197.10000000000002,171.0288047184369,256.5432070776553,128.27160353882766,42.757201179609226,-85.51440235921845,8.551440235921845,342.0576094368738,-42.757201179609226,213.78600589804614,64.13580176941383,106.89300294902307,-171.0288047184369,21.378600589804613,85.51440235921845
197.20000000000002,171.00082748144814,256.5012412221722,128.2506206110861,42.750206870362035,-85.50041374072407,8.550041374072407,342.0016549628963,-42.750206870362035,213.75103435181018,64.12531030554305,106.87551717590509,-171.00082748144814,21.375103435181018,85.50041374072407
197.3,170.97208939396342,256.4581340909451,128.22906704547256,42.743022348490854,-85.48604469698171,8.548604469698171,341.94417878792683,-42.743022348490854,213.71511174245427,64.11453352273628,106.85755587122713,-170.97208939396342,21.371511174245427,85.48604469698171
197.4,170.94264254651165,256.41396381976745,128.20698190988372,42.73566063662791,-85.47132127325582,8.547132127325582,341.8852850930233,-42.73566063662791,213.67830318313958,64.10349095494186,106.83915159156979,-170.94264254651165,21.367830318313956,85.47132127325582
197.5,170.91252842794475,256.36879264191714,128.18439632095857,42.72813210698619,-85.45626421397237,8.545626421397237,341.8250568558895,-42.72813210698619,213.64066053493093,64.09219816047928,106.82033026746547,-170.91252842794475,21.364066053493094,85.45626421397237
197.60000000000002,170.88176477453868,256.32264716180805,128.16132358090402,42.72044119363467,-85.44088238726934,8.544088238726934,341.76352954907736,-42.72044119363467,213.60220596817334,64.08066179045201,106.80110298408667,-170.88176477453868,21.360220596817335,85.44088238726934
197.70000000000002,170.85040706795434,256.2756106019315,128.13780530096574,42.712601766988584,-85.42520353397717,8.542520353397718,341.7008141359087,-42.712601766988584,213.56300883494293,64.06890265048287,106.78150441747147,-170.85040706795434,21.356300883494292,85.42520353397717
197.8,170.81849518488875,256.2277427773331,128.11387138866655,42.70462379622219,-85.40924759244437,8.540924759244438,341.6369903697775,-42.70462379622219,213.52311898111094,64.05693569433328,106.76155949055547,-170.81849518488875,21.352311898111093,85.40924759244437
197.9,170.78602694010297,256.17904041015447,128.08952020507724,42.69650673502574,-85.39301347005149,8.539301347005148,341.57205388020594,-42.69650673502574,213.4825336751287,64.04476010253862,106.74126683756435,-170.78602694010297,21.34825336751287,85.39301347005149
198.0,170.7530107443565,256.1295161165347,128.06475805826736,42.68825268608912,-85.37650537217824,8.537650537217825,341.506021488713,-42.68825268608912,213.44126343044562,64.03237902913368,106.72063171522281,-170.7530107443565,21.34412634304456,85.37650537217824
198.10000000000002,170.71945251436853,256.0791787715528,128.0395893857764,42.67986312859213,-85.35972625718426,8.535972625718427,341.43890502873705,-42.67986312859213,213.39931564296066,64.0197946928882,106.69965782148033,-170.71945251436853,21.339931564296066,85.35972625718426
198.20000000000002,170.68532409301673,256.02798613952507,128.01399306976253,42.67133102325418,-85.34266204650837,8.534266204650837,341.37064818603346,-42.67133102325418,213.35665511627093,64.00699653488127,106.67832755813546,-170.68532409301673,21.33566551162709,85.34266204650837
198.3,170.65058175609067,255.975872634136,127.987936317068,42.66264543902267,-85.32529087804534,8.532529087804534,341.30116351218135,-42.66264543902267,213.31322719511334,63.993968158534,106.65661359755667,-170.65058175609067,21.331322719511334,85.32529087804534
198.4,170.61520916673263,255.92281375009895,127.96140687504948,42.65380229168316,-85.30760458336631,8.530760458336632,341.23041833346525,-42.65380229168316,213.26901145841578,63.98070343752474,106.63450572920789,-170.61520916673263,21.32690114584158,85.30760458336631
198.5,170.57915142663956,255.86872713995933,127.93436356997967,42.64478785665989,-85.28957571331978,8.528957571331977,341.1583028532791,-42.64478785665989,213.22393928329944,63.96718178498983,106.61196964164972,-170.57915142663956,21.322393928329944,85.28957571331978
198.60000000000002,170.54232551681122,255.81348827521683,127.90674413760841,42.635581379202804,-85.27116275840561,8.52711627584056,341.08465103362244,-42.635581379202804,213.177906896014,63.95337206880421,106.588953448007,-170.54232551681122,21.317790689601402,85.27116275840561
198.70000000000002,170.50463167082958,255.7569475062444,127.8784737531222,42.626157917707395,-85.25231583541479,8.52523158354148,341.00926334165916,-42.626157917707395,213.13078958853697,63.9392368765611,106.56539479426849,-170.50463167082958,21.313078958853698,85.25231583541479
198.8,170.46601311146208,255.6990196671931,127.84950983359656,42.61650327786552,-85.23300655573104,8.523300655573104,340.93202622292415,-42.61650327786552,213.0825163893276,63.92475491679828,106.5412581946638,-170.46601311146208,21.30825163893276,85.23300655573104
198.9,170.42646209522235,255.63969314283352,127.81984657141676,42.60661552380559,-85.21323104761117,8.521323104761118,340.8529241904447,-42.60661552380559,213.03307761902795,63.90992328570838,106.51653880951397,-170.42646209522235,21.303307761902794,85.21323104761117
199.0,170.38598927799438,255.57898391699158,127.78949195849579,42.596497319498596,-85.19299463899719,8.519299463899719,340.77197855598877,-42.596497319498596,212.982486597493,63.894745979247894,106.4912432987465,-170.38598927799438,21.298248659749298,85.19299463899719
199.10000000000002,170.34462994625906,255.5169449193886,127.7584724596943,42.586157486564765,-85.17231497312953,8.517231497312954,340.6892598925181,-42.586157486564765,212.93078743282382,63.87923622984715,106.46539371641191,-170.34462994625906,21.293078743282383,85.17231497312953
199.20000000000002,170.30245301094425,255.45367951641637,127.72683975820819,42.57561325273606,-85.15122650547212,8.515122650547212,340.6049060218885,-42.57561325273606,212.8780662636803,63.86341987910409,106.43903313184015,-170.30245301094425,21.28780662636803,85.15122650547212
199.3,170.2595041567181,255.38925623507714,127.69462811753857,42.564876039179524,-85.12975207835905,8.512975207835906,340.5190083134362,-42.564876039179524,212.82438019589762,63.847314058769285,106.41219009794881,-170.2595041567181,21.282438019589762,85.12975207835905
199.4,170.21578804702887,255.3236820705433,127.66184103527165,42.55394701175722,-85.10789402351443,8.510789402351444,340.43157609405773,-42.55394701175722,212.76973505878607,63.830920517635825,106.38486752939303,-170.21578804702887,21.27697350587861,85.10789402351443
199.5,170.17123065067747,255.25684597601622,127.62842298800811,42.54280766266937,-85.08561532533874,8.508561532533873,340.34246130135494,-42.54280766266937,212.71403831334683,63.814211494004056,106.35701915667342,-170.17123065067747,21.271403831334684,85.08561532533874
199.60000000000002,170.12565204163843,255.18847806245765,127.59423903122882,42.53141301040961,-85.06282602081922,8.506282602081923,340.25130408327686,-42.53141301040961,212.65706505204804,63.79711951561441,106.32853252602402,-170.12565204163843,21.265706505204804,85.06282602081922
199.70000000000002,170.07885259570946,255.1182788935642,127.5591394467821,42.519713148927366,-85.03942629785473,8.503942629785474,340.1577051914189,-42.519713148927366,212.59856574463683,63.77956972339105,106.29928287231841,-170.07885259570946,21.259856574463683,85.03942629785473
199.8,170.03061802669416,255.04592704004125,127.52296352002062,42.50765450667354,-85.01530901334708,8.501530901334709,340.0612360533883,-42.50765450667354,212.5382725333677,63.76148176001031,106.26913626668384,-170.03061802669416,21.25382725333677,85.01530901334708
199.9,169.9807018107694,254.9710527161541,127.48552635807705,42.49517545269235,-84.9903509053847,8.49903509053847,339.9614036215388,-42.49517545269235,212.47587726346177,63.742763179038526,106.23793863173088,-169.9807018107694,21.247587726346175,84.9903509053847
200.0,169.9288264788613,254.89323971829197,127.44661985914598,42.48220661971533,-84.96441323943066,8.496441323943065,339.8576529577226,-42.48220661971533,212.41103309857664,63.72330992957299,106.20551654928832,-169.9288264788613,21.241103309857664,84.96441323943066
