t,TN2,Tm,Thp,Tf,c[1],c[2],c[3],c[4],c[5],c[6],n,rho_dollars,Q_to_steam,drumAngleDeg
0.0,90.0,135.0,67.5,22.5,-45.0,4.5,180.0,-22.5,112.5,33.75,56.25,-90.0,11.25,45.0
0.1,89.87110741338819,134.80666112008228,67.40333056004114,22.467776853347047,-44.935553706694094,4.49355537066941,179.74221482677638,-22.467776853347047,112.33888426673523,33.70166528002057,56.16944213336762,-89.87110741338819,11.233888426673523,44.935553706694094
0.2,89.74394576145595,134.6159186421839,67.30795932109196,22.435986440363987,-44.871972880727974,4.487197288072798,179.4878915229119,-22.435986440363987,112.17993220181994,33.65397966054598,56.08996610090997,-89.74394576145595,11.217993220181993,44.871972880727974
0.30000000000000004,89.61865150931787,134.4279772639768,67.2139886319884,22.404662877329468,-44.809325754658936,4.480932575465894,179.23730301863574,-22.404662877329468,112.02331438664734,33.6069943159942,56.01165719332367,-89.61865150931787,11.202331438664734,44.809325754658936
0.4,89.4952938528801,134.24294077932015,67.12147038966008,22.373823463220024,-44.74764692644005,4.474764692644005,178.9905877057602,-22.373823463220024,111.86911731610012,33.56073519483004,55.93455865805006,-89.4952938528801,11.186911731610012,44.74764692644005
0.5,89.37391457125835,134.06087185688753,67.03043592844377,22.34347864281459,-44.68695728562918,4.468695728562918,178.7478291425167,-22.34347864281459,111.71739321407294,33.51521796422188,55.85869660703647,-89.37391457125835,11.171739321407294,44.68695728562918
0.6000000000000001,89.25457688608593,133.88186532912889,66.94093266456444,22.313644221521482,-44.627288443042964,4.462728844304297,178.50915377217186,-22.313644221521482,111.56822110760741,33.47046633228222,55.78411055380371,-89.25457688608593,11.156822110760741,44.627288443042964
0.7000000000000001,89.1373677059645,133.70605155894674,66.85302577947337,22.284341926491123,-44.56868385298225,4.4568683852982245,178.274735411929,-22.284341926491123,111.42170963245562,33.426512889736685,55.71085481622781,-89.1373677059645,11.142170963245562,44.56868385298225
0.8,89.02236928449595,133.53355392674393,66.76677696337197,22.255592321123988,-44.511184642247976,4.451118464224797,178.0447385689919,-22.255592321123988,111.27796160561994,33.383388481685984,55.63898080280997,-89.02236928449595,11.127796160561994,44.511184642247976
0.9,88.90955998202661,133.3643399730399,66.68216998651995,22.227389995506652,-44.454779991013304,4.445477999101331,177.81911996405321,-22.227389995506652,111.13694997753326,33.341084993259976,55.56847498876663,-88.90955998202661,11.113694997753326,44.454779991013304
1.0,88.7989081697756,133.1983622546634,66.5991811273317,22.1997270424439,-44.3994540848878,4.43994540848878,177.5978163395512,-22.1997270424439,110.9986352122195,33.29959056366585,55.49931760610975,-88.7989081697756,11.09986352122195,44.3994540848878
1.1,88.69044345459285,133.03566518188927,66.51783259094464,22.172610863648213,-44.345221727296426,4.434522172729642,177.3808869091857,-22.172610863648213,110.86305431824107,33.25891629547232,55.431527159120535,-88.69044345459285,11.086305431824107,44.345221727296426
1.2000000000000002,88.58419627417095,132.87629441125642,66.43814720562821,22.146049068542737,-44.292098137085475,4.429209813708548,177.1683925483419,-22.146049068542737,110.73024534271369,33.219073602814106,55.36512267135684,-88.58419627417095,11.073024534271369,44.292098137085475
1.3,88.48017491444443,132.72026237166665,66.36013118583332,22.12004372861111,-44.24008745722222,4.4240087457222215,176.96034982888887,-22.12004372861111,110.60021864305554,33.18006559291666,55.30010932152777,-88.48017491444443,11.060021864305554,44.24008745722222
1.4000000000000001,88.37830728864445,132.56746093296667,66.28373046648333,22.094576822161113,-44.189153644322225,4.418915364432222,176.7566145772889,-22.094576822161113,110.47288411080557,33.14186523324167,55.23644205540278,-88.37830728864445,11.047288411080556,44.189153644322225
1.5,88.2785313333911,132.41779700008664,66.20889850004332,22.069632833347775,-44.13926566669555,4.413926566669555,176.5570626667822,-22.069632833347775,110.34816416673888,33.10444925002166,55.17408208336944,-88.2785313333911,11.034816416673888,44.13926566669555
1.6,88.18079290847035,132.2711893627055,66.13559468135276,22.045198227117588,-44.090396454235176,4.409039645423518,176.3615858169407,-22.045198227117588,110.22599113558795,33.06779734067638,55.11299556779397,-88.18079290847035,11.022599113558794,44.090396454235176
1.7000000000000002,88.0850568839876,132.1275853259814,66.0637926629907,22.0212642209969,-44.0425284419938,4.40425284419938,176.1701137679752,-22.0212642209969,110.1063211049845,33.03189633149535,55.05316055249225,-88.0850568839876,11.01063211049845,44.0425284419938
1.8,87.99127640329047,131.9869146049357,65.99345730246785,21.997819100822618,-43.995638201645235,4.3995638201645235,175.98255280658094,-21.997819100822618,109.9890955041131,32.99672865123392,54.99454775205655,-87.99127640329047,10.998909550411309,43.995638201645235
1.9000000000000001,87.89935193194668,131.84902789792002,65.92451394896001,21.97483798298667,-43.94967596597334,4.3949675965973345,175.79870386389337,-21.97483798298667,109.87418991493335,32.962256974480006,54.93709495746668,-87.89935193194668,10.987418991493335,43.94967596597334
2.0,87.80914650366944,131.71371975550414,65.85685987775207,21.95228662591736,-43.90457325183472,4.390457325183472,175.61829300733888,-21.95228662591736,109.7614331295868,32.928429938876036,54.8807165647934,-87.80914650366944,10.97614331295868,43.90457325183472
2.1,87.72056173341781,131.58084260012672,65.79042130006336,21.930140433354453,-43.860280866708905,4.3860280866708905,175.44112346683562,-21.930140433354453,109.65070216677226,32.89521065003168,54.82535108338613,-87.72056173341781,10.965070216677226,43.860280866708905
2.2,87.63347372626224,131.45021058939335,65.72510529469668,21.90836843156556,-43.81673686313112,4.381673686313112,175.26694745252448,-21.90836843156556,109.5418421578278,32.86255264734834,54.7709210789139,-87.63347372626224,10.95418421578278,43.81673686313112
2.3000000000000003,87.54770394130925,131.32155591196388,65.66077795598194,21.886925985327313,-43.773851970654626,4.377385197065463,175.0954078826185,-21.886925985327313,109.43462992663656,32.83038897799097,54.71731496331828,-87.54770394130925,10.943462992663656,43.773851970654626
2.4000000000000004,87.46313196095542,131.19469794143313,65.59734897071657,21.865782990238856,-43.73156598047771,4.373156598047771,174.92626392191085,-21.865782990238856,109.32891495119428,32.79867448535828,54.66445747559714,-87.46313196095542,10.932891495119428,43.73156598047771
2.5,87.3797056565662,131.0695584848493,65.53477924242465,21.84492641414155,-43.6898528282831,4.3689852828283104,174.7594113131324,-21.84492641414155,109.22463207070776,32.767389621212324,54.61231603535388,-87.3797056565662,10.922463207070775,43.6898528282831
2.6,87.29744703720418,130.94617055580628,65.47308527790314,21.824361759301045,-43.64872351860209,4.3648723518602095,174.59489407440836,-21.824361759301045,109.12180879650522,32.73654263895157,54.56090439825261,-87.29744703720418,10.912180879650522,43.64872351860209
2.7,87.2163731320011,130.82455969800165,65.41227984900083,21.804093283000274,-43.60818656600055,4.360818656600055,174.4327462640022,-21.804093283000274,109.02046641500137,32.70613992450041,54.51023320750068,-87.2163731320011,10.902046641500137,43.60818656600055
2.8000000000000003,87.13642107070628,130.70463160605942,65.35231580302971,21.78410526767657,-43.56821053535314,4.356821053535314,174.27284214141255,-21.78410526767657,108.92052633838284,32.676157901514856,54.46026316919142,-87.13642107070628,10.892052633838285,43.56821053535314
2.9000000000000004,87.05752670610525,130.58629005915788,65.29314502957894,21.764381676526313,-43.528763353052625,4.352876335305263,174.1150534122105,-21.764381676526313,108.82190838263156,32.64657251478947,54.41095419131578,-87.05752670610525,10.882190838263156,43.528763353052625
3.0,86.9796684469201,130.46950267038017,65.23475133519008,21.744917111730025,-43.48983422346005,4.348983422346005,173.9593368938402,-21.744917111730025,108.72458555865012,32.61737566759504,54.36229277932506,-86.9796684469201,10.872458555865013,43.48983422346005
3.1,86.90285315424694,130.3542797313704,65.1771398656852,21.725713288561735,-43.45142657712347,4.345142657712347,173.80570630849388,-21.725713288561735,108.62856644280868,32.5885699328426,54.31428322140434,-86.90285315424694,10.862856644280868,43.45142657712347
3.2,86.82708320333718,130.24062480500578,65.12031240250289,21.706770800834295,-43.41354160166859,4.341354160166859,173.65416640667436,-21.706770800834295,108.53385400417147,32.560156201251445,54.26692700208574,-86.82708320333718,10.853385400417148,43.41354160166859
3.3000000000000003,86.75240327007306,130.1286049051096,65.0643024525548,21.688100817518265,-43.37620163503653,4.3376201635036535,173.50480654014612,-21.688100817518265,108.44050408759132,32.5321512262774,54.22025204379566,-86.75240327007306,10.844050408759133,43.37620163503653
3.4000000000000004,86.67884571358843,130.01826857038265,65.00913428519132,21.669711428397108,-43.339422856794215,4.333942285679422,173.35769142717686,-21.669711428397108,108.34855714198554,32.50456714259566,54.17427857099277,-86.67884571358843,10.834855714198554,43.339422856794215
3.5,86.60644100963508,129.9096615144526,64.9548307572263,21.65161025240877,-43.30322050481754,4.330322050481754,173.21288201927015,-21.65161025240877,108.25805126204385,32.47741537861315,54.129025631021925,-86.60644100963508,10.825805126204385,43.30322050481754
3.6,86.53519464344988,129.80279196517483,64.90139598258742,21.63379866086247,-43.26759732172494,4.326759732172494,173.07038928689977,-21.63379866086247,108.16899330431235,32.45069799129371,54.084496652156176,-86.53519464344988,10.816899330431236,43.26759732172494
3.7,86.46512391945046,129.6976858791757,64.84884293958785,21.616280979862616,-43.23256195972523,4.323256195972523,172.93024783890093,-21.616280979862616,108.08140489931307,32.42442146979393,54.040702449656536,-86.46512391945046,10.808140489931308,43.23256195972523
3.8000000000000003,86.39621472625433,129.59432208938148,64.79716104469074,21.599053681563582,-43.198107363127164,4.319810736312717,172.79242945250866,-21.599053681563582,107.99526840781792,32.39858052234537,53.99763420390896,-86.39621472625433,10.799526840781791,43.198107363127164
3.9000000000000004,86.32840042456571,129.49260063684858,64.74630031842429,21.58210010614143,-43.16420021228286,4.316420021228286,172.65680084913143,-21.58210010614143,107.91050053070714,32.373150159212145,53.95525026535357,-86.32840042456571,10.791050053070714,43.16420021228286
4.0,86.26160826175136,129.39241239262705,64.69620619631353,21.56540206543784,-43.13080413087568,4.313080413087568,172.52321652350273,-21.56540206543784,107.8270103271892,32.34810309815676,53.9135051635946,-86.26160826175136,10.78270103271892,43.13080413087568
4.1000000000000005,86.19575666200733,129.29363499301098,64.64681749650549,21.54893916550183,-43.09787833100366,4.3097878331003665,172.39151332401465,-21.54893916550183,107.74469582750916,32.323408748252746,53.87234791375458,-86.19575666200733,10.774469582750916,43.09787833100366
4.2,86.1307487930875,129.19612318963127,64.59806159481563,21.532687198271876,-43.06537439654375,4.306537439654376,172.261497586175,-21.532687198271876,107.66343599135938,32.299030797407816,53.83171799567969,-86.1307487930875,10.766343599135938,43.06537439654375
4.3,86.06653001479272,129.09979502218908,64.54989751109454,21.51663250369818,-43.03326500739636,4.303326500739636,172.13306002958544,-21.51663250369818,107.5831625184909,32.27494875554727,53.79158125924545,-86.06653001479272,10.75831625184909,43.03326500739636
4.4,86.00306384601153,129.0045957690173,64.50229788450865,21.500765961502882,-43.001531923005764,4.300153192300576,172.00612769202306,-21.500765961502882,107.5038298075144,32.251148942254325,53.7519149037572,-86.00306384601153,10.750382980751441,43.001531923005764
4.5,85.94034865546405,128.91052298319607,64.45526149159804,21.485087163866012,-42.970174327732025,4.2970174327732025,171.8806973109281,-21.485087163866012,107.42543581933006,32.22763074579902,53.71271790966503,-85.94034865546405,10.742543581933006,42.970174327732025
4.6000000000000005,85.87833535845502,128.8175030376825,64.40875151884126,21.469583839613755,-42.93916767922751,4.2939167679227515,171.75667071691004,-21.469583839613755,107.34791919806878,32.20437575942063,53.67395959903439,-85.87833535845502,10.734791919806877,42.93916767922751
4.7,85.81690406556024,128.72535609834034,64.36267804917017,21.45422601639006,-42.90845203278012,4.290845203278012,171.63380813112047,-21.45422601639006,107.2711300819503,32.181339024585085,53.63556504097515,-85.81690406556024,10.72711300819503,42.90845203278012
4.800000000000001,85.75590684963588,128.6338602744538,64.3169301372269,21.43897671240897,-42.87795342481794,4.287795342481794,171.51181369927176,-21.43897671240897,107.19488356204485,32.15846506861345,53.597441781022425,-85.75590684963588,10.719488356204485,42.87795342481794
4.9,85.69526039303047,128.5428905895457,64.27144529477285,21.423815098257617,-42.84763019651523,4.284763019651524,171.39052078606093,-21.423815098257617,107.11907549128809,32.13572264738642,53.55953774564404,-85.69526039303047,10.711907549128808,42.84763019651523
5.0,85.63495079579599,128.45242619369398,64.22621309684699,21.408737698948997,-42.817475397897994,4.2817475397898,171.26990159159197,-21.408737698948997,107.04368849474498,32.113106548423495,53.52184424737249,-85.63495079579599,10.704368849474498,42.817475397897994
5.1000000000000005,85.57504011004194,128.36256016506292,64.18128008253146,21.393760027510485,-42.78752005502097,4.278752005502097,171.15008022008388,-21.393760027510485,106.96880013755242,32.09064004126573,53.48440006877621,-85.57504011004194,10.696880013755242,42.78752005502097
5.2,85.51562724210477,128.27344086315716,64.13672043157858,21.378906810526193,-42.757813621052385,4.2757813621052385,171.03125448420954,-21.378906810526193,106.89453405263096,32.06836021578929,53.44726702631548,-85.51562724210477,10.689453405263096,42.757813621052385
5.300000000000001,85.45683219120072,128.18524828680108,64.09262414340054,21.36420804780018,-42.72841609560036,4.272841609560036,170.91366438240144,-21.36420804780018,106.8210402390009,32.04631207170027,53.41052011950045,-85.45683219120072,10.68210402390009,42.72841609560036
5.4,85.39873775819672,128.09810663729507,64.04905331864754,21.34968443954918,-42.69936887909836,4.269936887909836,170.79747551639343,-21.34968443954918,106.7484221977459,32.02452665932377,53.37421109887295,-85.39873775819672,10.67484221977459,42.69936887909836
5.5,85.34142398373316,128.01213597559973,64.00606798779987,21.33535599593329,-42.67071199186658,4.267071199186659,170.68284796746633,-21.33535599593329,106.67677997966646,32.00303399389993,53.33838998983323,-85.34142398373316,10.667677997966646,42.67071199186658
5.6000000000000005,85.28504452070965,127.92756678106447,63.963783390532235,21.32126113017741,-42.64252226035482,4.264252226035483,170.5700890414193,-21.32126113017741,106.60630565088707,31.981891695266118,53.30315282544353,-85.28504452070965,10.660630565088706,42.64252226035482
5.7,85.22980305724649,127.84470458586972,63.92235229293486,21.30745076431162,-42.61490152862324,4.261490152862325,170.45960611449297,-21.30745076431162,106.53725382155811,31.96117614646743,53.268626910779055,-85.22980305724649,10.65372538215581,42.61490152862324
5.800000000000001,85.1758668661482,127.7638002992223,63.88190014961115,21.29396671653705,-42.5879334330741,4.25879334330741,170.3517337322964,-21.29396671653705,106.46983358268525,31.940950074805574,53.23491679134263,-85.1758668661482,10.646983358268525,42.5879334330741
5.9,85.12327154134202,127.68490731201302,63.84245365600651,21.280817885335505,-42.56163577067101,4.256163577067102,170.24654308268404,-21.280817885335505,106.40408942667753,31.921226828003256,53.202044713338765,-85.12327154134202,10.640408942667753,42.56163577067101
6.0,85.07198679983657,127.60798019975485,63.803990099877424,21.26799669995914,-42.53599339991828,4.253599339991829,170.14397359967313,-21.26799669995914,106.33998349979571,31.901995049938712,53.169991749897854,-85.07198679983657,10.63399834997957,42.53599339991828
6.1000000000000005,85.02202883760845,127.53304325641267,63.766521628206334,21.25550720940211,-42.51101441880422,4.251101441880422,170.0440576752169,-21.25550720940211,106.27753604701056,31.883260814103167,53.13876802350528,-85.02202883760845,10.627753604701056,42.51101441880422
6.2,84.97342589764637,127.46013884646955,63.730069423234774,21.24335647441159,-42.48671294882318,4.248671294882318,169.94685179529273,-21.24335647441159,106.21678237205796,31.865034711617387,53.10839118602898,-84.97342589764637,10.621678237205796,42.48671294882318
6.300000000000001,84.92623286281719,127.38934929422578,63.69467464711289,21.231558215704297,-42.463116431408594,4.246311643140859,169.85246572563437,-21.231558215704297,106.15779107852148,31.847337323556445,53.07889553926074,-84.92623286281719,10.615779107852148,42.463116431408594
6.4,84.88052499763776,127.32078749645665,63.66039374822832,21.22013124940944,-42.44026249881888,4.244026249881888,169.76104999527553,-21.22013124940944,106.1006562470472,31.83019687411416,53.0503281235236,-84.88052499763776,10.61006562470472,42.44026249881888
6.5,84.83641793109344,127.25462689664016,63.62731344832008,21.20910448277336,-42.41820896554672,4.241820896554672,169.67283586218687,-21.20910448277336,106.04552241386679,31.81365672416004,53.022761206933396,-84.83641793109344,10.60455224138668,42.41820896554672
6.6000000000000005,84.79406790210612,127.19110185315918,63.59555092657959,21.19851697552653,-42.39703395105306,4.239703395105306,169.58813580421224,-21.19851697552653,105.99258487763265,31.797775463289796,52.996292438816326,-84.79406790210612,10.599258487763265,42.39703395105306
6.7,84.75358985352742,127.13038478029112,63.56519239014556,21.188397463381854,-42.37679492676371,4.237679492676371,169.50717970705483,-21.188397463381854,105.94198731690926,31.78259619507278,52.97099365845463,-84.75358985352742,10.594198731690927,42.37679492676371
6.800000000000001,84.715068059507,127.0726020892605,63.53630104463025,21.17876701487675,-42.3575340297535,4.235753402975351,169.430136119014,-21.17876701487675,105.89383507438376,31.768150522315125,52.94691753719188,-84.715068059507,10.589383507438376,42.3575340297535
6.9,84.67863641802353,127.0179546270353,63.50897731351765,21.169659104505882,-42.339318209011765,4.2339318209011765,169.35727283604706,-21.169659104505882,105.84829552252941,31.754488656758824,52.924147761264706,-84.67863641802353,10.584829552252941,42.339318209011765
7.0,84.64442827076346,126.96664240614518,63.48332120307259,21.161107067690864,-42.32221413538173,4.232221413538173,169.2888565415269,-21.161107067690864,105.80553533845432,31.741660601536296,52.90276766922716,-84.64442827076346,10.580553533845432,42.32221413538173
7.1000000000000005,84.61256729671821,126.91885094507731,63.459425472538655,21.153141824179553,-42.306283648359106,4.230628364835911,169.22513459343642,-21.153141824179553,105.76570912089777,31.729712736269327,52.882854560448884,-84.61256729671821,10.576570912089776,42.306283648359106
7.2,84.58317328214606,126.8747599232191,63.43737996160955,21.145793320536516,-42.29158664107303,4.229158664107303,169.16634656429213,-21.145793320536516,105.72896660268258,31.718689980804776,52.86448330134129,-84.58317328214606,10.572896660268258,42.29158664107303
7.300000000000001,84.55634891527146,126.83452337290719,63.41726168645359,21.139087228817864,-42.27817445763573,4.227817445763573,169.1126978305429,-21.139087228817864,105.69543614408931,31.708630843226796,52.84771807204466,-84.55634891527146,10.569543614408932,42.27817445763573
7.4,84.53222497925329,126.79833746887994,63.39916873443997,21.13305624481332,-42.26611248962664,4.226611248962665,169.06444995850657,-21.13305624481332,105.6652812240666,31.699584367219984,52.8326406120333,-84.53222497925329,10.56652812240666,42.26611248962664
7.5,84.51094355165112,126.7664153274767,63.38320766373835,21.12773588791278,-42.25547177582556,4.225547177582556,169.02188710330225,-21.12773588791278,105.6386794395639,31.691603831869173,52.81933971978195,-84.51094355165112,10.56386794395639,42.25547177582556
7.6000000000000005,84.4926090084432,126.7389135126648,63.3694567563324,21.1231522521108,-42.2463045042216,4.22463045042216,168.9852180168864,-21.1231522521108,105.615761260554,31.6847283781662,52.807880630277,-84.4926090084432,10.5615761260554,42.2463045042216
7.7,84.47720528172115,126.71580792258173,63.357903961290866,21.11930132043029,-42.23860264086058,4.223860264086058,168.9544105634423,-21.11930132043029,105.59650660215144,31.678951980645433,52.79825330107572,-84.47720528172115,10.559650660215144,42.23860264086058
7.800000000000001,84.46467117748787,126.69700676623181,63.348503383115904,21.116167794371968,-42.232335588743936,4.2232335588743934,168.92934235497574,-21.116167794371968,105.58083897185983,31.674251691557952,52.79041948592992,-84.46467117748787,10.558083897185984,42.232335588743936
7.9,84.45493545437701,126.68240318156552,63.34120159078276,21.113733863594252,-42.227467727188504,4.222746772718851,168.90987090875402,-21.113733863594252,105.56866931797126,31.67060079539138,52.78433465898563,-84.45493545437701,10.556866931797126,42.227467727188504
8.0,84.4479222662903,126.67188339943546,63.33594169971773,21.111980566572576,-42.22396113314515,4.222396113314516,168.8958445325806,-21.111980566572576,105.55990283286289,31.667970849858865,52.779951416431444,-84.4479222662903,10.555990283286288,42.22396113314515
8.1,84.44356229676045,126.66534344514068,63.33267172257034,21.110890574190112,-42.221781148380224,4.222178114838022,168.8871245935209,-21.110890574190112,105.55445287095056,31.66633586128517,52.77722643547528,-84.44356229676045,10.555445287095056,42.221781148380224
8.200000000000001,84.4417462456242,126.66261936843631,63.331309684218155,21.11043656140605,-42.2208731228121,4.22208731228121,168.8834924912484,-21.11043656140605,105.55218280703025,31.665654842109078,52.776091403515125,-84.4417462456242,10.555218280703025,42.2208731228121
8.3,84.44235695215349,126.66353542823023,63.33176771411512,21.110589238038372,-42.221178476076744,4.222117847607675,168.88471390430698,-21.110589238038372,105.55294619019186,31.66588385705756,52.77647309509593,-84.44235695215349,10.555294619019186,42.221178476076744
8.4,84.44533363334338,126.66800045001507,63.334000225007536,21.111333408335845,-42.22266681667169,4.222266681667169,168.89066726668676,-21.111333408335845,105.55666704167922,31.667000112503768,52.77833352083961,-84.44533363334338,10.555666704167923,42.22266681667169
8.5,84.45064490914709,126.67596736372063,63.337983681860315,21.11266122728677,-42.22532245457354,4.222532245457354,168.90128981829417,-21.11266122728677,105.56330613643385,31.668991840930158,52.781653068216926,-84.45064490914709,10.556330613643386,42.22532245457354
8.6,84.4582561818375,126.68738427275625,63.343692136378124,21.114564045459375,-42.22912809091875,4.222912809091875,168.916512363675,-21.114564045459375,105.57282022729687,31.671846068189062,52.78641011364844,-84.4582561818375,10.557282022729687,42.22912809091875
8.700000000000001,84.46817719880084,126.70226579820127,63.351132899100634,21.11704429970021,-42.23408859940042,4.223408859940043,168.9363543976017,-21.11704429970021,105.58522149850106,31.675566449550317,52.79261074925053,-84.46817719880084,10.558522149850106,42.23408859940042
8.8,84.48043395133374,126.7206509270006,63.3603254635003,21.120108487833434,-42.24021697566687,4.224021697566687,168.96086790266747,-21.120108487833434,105.60054243916717,31.68016273175015,52.800271219583585,-84.48043395133374,10.560054243916717,42.24021697566687
8.9,84.49499629069766,126.74249443604648,63.37124721802324,21.123749072674414,-42.24749814534883,4.224749814534883,168.9899925813953,-21.123749072674414,105.61874536337207,31.68562360901162,52.809372681686035,-84.49499629069766,10.561874536337207,42.24749814534883
9.0,84.51189270955915,126.76783906433872,63.38391953216936,21.127973177389787,-42.255946354779574,4.225594635477957,169.0237854191183,-21.127973177389787,105.63986588694894,31.69195976608468,52.81993294347447,-84.51189270955915,10.563986588694894,42.255946354779574
9.1,84.53120590436906,126.79680885655358,63.39840442827679,21.132801476092265,-42.26560295218453,4.226560295218453,169.06241180873812,-21.132801476092265,105.66400738046133,31.699202214138396,52.832003690230664,-84.53120590436906,10.566400738046132,42.26560295218453
9.200000000000001,84.55306398076252,126.82959597114377,63.41479798557189,21.13826599519063,-42.27653199038126,4.227653199038126,169.10612796152503,-21.13826599519063,105.69132997595315,31.707398992785944,52.845664987976576,-84.55306398076252,10.569132997595315,42.27653199038126
9.3,84.57757857115543,126.86636785673315,63.433183928366574,21.144394642788857,-42.288789285577714,4.228878928557772,169.15515714231086,-21.144394642788857,105.72197321394428,31.716591964183287,52.86098660697214,-84.57757857115543,10.572197321394428,42.288789285577714
9.4,84.60478869461454,126.90718304192181,63.453591520960906,21.151197173653635,-42.30239434730727,4.230239434730727,169.20957738922908,-21.151197173653635,105.75598586826817,31.726795760480453,52.877992934134085,-84.60478869461454,10.575598586826818,42.30239434730727
9.5,84.63467329693421,126.95200994540131,63.47600497270066,21.158668324233552,-42.317336648467105,4.23173366484671,169.26934659386842,-21.158668324233552,105.79334162116777,31.73800248635033,52.896670810583885,-84.63467329693421,10.579334162116776,42.317336648467105
9.600000000000001,84.66719578388461,127.00079367582691,63.500396837913456,21.166798945971152,-42.333597891942304,4.233359789194231,169.33439156776922,-21.166798945971152,105.83399472985576,31.750198418956728,52.91699736492788,-84.66719578388461,10.583399472985576,42.333597891942304
9.700000000000001,84.70236054094912,127.05354081142367,63.52677040571184,21.17559013523728,-42.35118027047456,4.235118027047456,169.40472108189823,-21.17559013523728,105.8779506761864,31.76338520285592,52.9389753380932,-84.70236054094912,10.58779506761864,42.35118027047456
9.8,84.74016857556609,127.11025286334913,63.555126431674566,21.185042143891522,-42.370084287783044,4.237008428778305,169.48033715113218,-21.185042143891522,105.92521071945761,31.777563215837283,52.962605359728805,-84.74016857556609,10.592521071945761,42.370084287783044
9.9,84.78058527545967,127.17087791318951,63.58543895659476,21.195146318864918,-42.390292637729836,4.239029263772983,169.56117055091934,-21.195146318864918,105.97573159432459,31.79271947829738,52.98786579716229,-84.78058527545967,10.597573159432459,42.390292637729836
10.0,84.82357219622853,127.23535829434279,63.617679147171394,21.20589304905713,-42.41178609811426,4.241178609811427,169.64714439245705,-21.20589304905713,106.02946524528565,31.808839573585697,53.014732622642825,-84.82357219622853,10.602946524528566,42.41178609811426
10.100000000000001,84.86913820066366,127.30370730099548,63.65185365049774,21.217284550165914,-42.43456910033183,4.243456910033183,169.7382764013273,-21.217284550165914,106.08642275082957,31.82592682524887,53.043211375414785,-84.86913820066366,10.608642275082957,42.43456910033183
10.200000000000001,84.91729031244445,127.37593546866668,63.68796773433334,21.229322578111113,-42.458645156222225,4.245864515622222,169.8345806248889,-21.229322578111113,106.14661289055556,31.84398386716667,53.07330644527778,-84.91729031244445,10.614661289055556,42.458645156222225
10.3,84.96795968919335,127.45193953379002,63.72596976689501,21.241989922298337,-42.483979844596675,4.248397984459667,169.9359193783867,-21.241989922298337,106.20994961149168,31.862984883447506,53.10497480574584,-84.96795968919335,10.620994961149169,42.483979844596675
10.4,85.02100428360536,127.53150642540805,63.76575321270403,21.25525107090134,-42.51050214180268,4.251050214180268,170.04200856721073,-21.25525107090134,106.2762553545067,31.882876606352013,53.13812767725335,-85.02100428360536,10.62762553545067,42.51050214180268
10.5,85.07624750191275,127.61437125286912,63.80718562643456,21.269061875478187,-42.53812375095637,4.253812375095637,170.1524950038255,-21.269061875478187,106.34530937739093,31.90359281321728,53.17265468869547,-85.07624750191275,10.634530937739093,42.53812375095637
10.600000000000001,85.13344591671745,127.70016887507617,63.85008443753809,21.283361479179362,-42.566722958358724,4.256672295835872,170.2668918334349,-21.283361479179362,106.41680739589681,31.925042218769043,53.208403697948405,-85.13344591671745,10.641680739589681,42.566722958358724
10.700000000000001,85.19239444884943,127.78859167327414,63.89429583663707,21.298098612212357,-42.596197224424714,4.259619722442472,170.38478889769885,-21.298098612212357,106.49049306106178,31.947147918318535,53.24524653053089,-85.19239444884943,10.649049306106178,42.596197224424714
10.8,85.25289815270187,127.87934722905281,63.939673614526406,21.31322453817547,-42.62644907635094,4.262644907635094,170.50579630540375,-21.31322453817547,106.56612269087734,31.969836807263203,53.28306134543867,-85.25289815270187,10.656612269087734,42.62644907635094
10.9,85.31477709974945,127.97216564962417,63.98608282481209,21.328694274937362,-42.657388549874725,4.265738854987473,170.6295541994989,-21.328694274937362,106.64347137468681,31.993041412406043,53.321735687343406,-85.31477709974945,10.664347137468681,42.657388549874725
11.0,85.37784393256399,128.06676589884597,64.03338294942299,21.344460983140998,-42.688921966281995,4.2688921966282,170.75568786512798,-21.344460983140998,106.722304915705,32.01669147471149,53.3611524578525,-85.37784393256399,10.672230491570499,42.688921966281995
11.100000000000001,85.44191642331481,128.1628746349722,64.0814373174861,21.360479105828702,-42.720958211657404,4.272095821165741,170.88383284662962,-21.360479105828702,106.80239552914351,32.04071865874305,53.401197764571755,-85.44191642331481,10.680239552914351,42.720958211657404
11.200000000000001,85.50674897045316,128.26012345567975,64.13006172783987,21.37668724261329,-42.75337448522658,4.2753374485226585,171.01349794090632,-21.37668724261329,106.88343621306645,32.06503086391994,53.44171810653322,-85.50674897045316,10.688343621306645,42.75337448522658
11.3,85.5720894143166,128.3581341214749,64.17906706073745,21.39302235357915,-42.7860447071583,4.2786044707158295,171.1441788286332,-21.39302235357915,106.96511176789573,32.089533530368726,53.48255588394787,-85.5720894143166,10.696511176789574,42.7860447071583
11.4,85.63768557212009,128.45652835818015,64.22826417909008,21.409421393030023,-42.818842786060046,4.281884278606005,171.27537114424018,-21.409421393030023,107.0471069651501,32.11413208954504,53.52355348257505,-85.63768557212009,10.704710696515011,42.818842786060046
11.5,85.70332142293915,128.55498213440873,64.27749106720437,21.42583035573479,-42.85166071146958,4.285166071146958,171.4066428458783,-21.42583035573479,107.12915177867394,32.13874553360218,53.56457588933697,-85.70332142293915,10.712915177867394,42.85166071146958
11.600000000000001,85.76883937404946,128.6532590610742,64.3266295305371,21.442209843512366,-42.88441968702473,4.2884419687024735,171.53767874809893,-21.442209843512366,107.21104921756182,32.16331476526855,53.60552460878091,-85.76883937404946,10.721104921756183,42.88441968702473
11.700000000000001,85.8340828568263,128.75112428523946,64.37556214261973,21.458520714206575,-42.91704142841315,4.291704142841315,171.6681657136526,-21.458520714206575,107.29260357103287,32.187781071309864,53.646301785516435,-85.8340828568263,10.729260357103287,42.91704142841315
11.8,85.89890755550695,128.8483613332604,64.4241806666302,21.474726888876738,-42.949453777753476,4.294945377775348,171.7978151110139,-21.474726888876738,107.3736344443837,32.2120903333151,53.68681722219185,-85.89890755550695,10.737363444438369,42.949453777753476
11.9,85.96323727534592,128.94485591301887,64.47242795650943,21.49080931883648,-42.98161863767296,4.298161863767296,171.92647455069184,-21.49080931883648,107.4540465941824,32.23621397825472,53.7270232970912,-85.96323727534592,10.74540465941824,42.98161863767296
12.0,86.02701975591056,129.04052963386584,64.52026481693292,21.50675493897764,-43.01350987795528,4.301350987795528,172.05403951182112,-21.50675493897764,107.5337746948882,32.26013240846646,53.7668873474441,-86.02701975591056,10.75337746948882,43.01350987795528
12.100000000000001,86.09014482937809,129.13521724406712,64.56760862203356,21.522536207344523,-43.045072414689045,4.3045072414689045,172.18028965875618,-21.522536207344523,107.61268103672262,32.28380431101678,53.80634051836131,-86.09014482937809,10.761268103672261,43.045072414689045
12.200000000000001,86.15246024710746,129.22869037066118,64.61434518533059,21.538115061776864,-43.07623012355373,4.307623012355373,172.3049204942149,-21.538115061776864,107.69057530888432,32.307172592665296,53.84528765444216,-86.15246024710746,10.769057530888432,43.07623012355373
12.3,86.2138498975238,129.3207748462857,64.66038742314285,21.55346247438095,-43.1069249487619,4.31069249487619,172.4276997950476,-21.55346247438095,107.76731237190475,32.330193711571425,53.883656185952375,-86.2138498975238,10.776731237190475,43.1069249487619
12.4,86.27423588341846,129.4113538251277,64.70567691256385,21.568558970854614,-43.13711794170923,4.313711794170923,172.5484717668369,-21.568558970854614,107.84279485427307,32.35283845628192,53.92139742713653,-86.27423588341846,10.784279485427307,43.13711794170923
12.5,86.33356175025426,129.5003426253814,64.7501713126907,21.583390437563565,-43.16678087512713,4.316678087512713,172.66712350050852,-21.583390437563565,107.91695218781783,32.37508565634535,53.958476093908914,-86.33356175025426,10.791695218781783,43.16678087512713
12.600000000000001,86.3918711243254,129.5878066864881,64.79390334324405,21.59796778108135,-43.1959355621627,4.319593556216271,172.7837422486508,-21.59796778108135,107.98983890540676,32.39695167162203,53.99491945270338,-86.3918711243254,10.798983890540676,43.1959355621627
12.700000000000001,86.44924821061146,129.67387231591718,64.83693615795859,21.612312052652864,-43.22462410530573,4.322462410530573,172.89849642122292,-21.612312052652864,108.06156026326433,32.418468078979295,54.03078013163216,-86.44924821061146,10.806156026326432,43.22462410530573
12.8,86.50579170199586,129.7586875529938,64.8793437764969,21.626447925498965,-43.25289585099793,4.325289585099793,173.01158340399172,-21.626447925498965,108.13223962749483,32.43967188824845,54.06611981374741,-86.50579170199586,10.813223962749483,43.25289585099793
12.9,86.56155561113246,129.8423334166987,64.92116670834935,21.640388902783116,-43.28077780556623,4.328077780556623,173.12311122226492,-21.640388902783116,108.20194451391558,32.46058335417467,54.10097225695779,-86.56155561113246,10.820194451391558,43.28077780556623
13.0,86.61656724363701,129.9248508654555,64.96242543272776,21.654141810909252,-43.308283621818504,4.33082836218185,173.23313448727401,-21.654141810909252,108.27070905454626,32.48121271636388,54.13535452727313,-86.61656724363701,10.827070905454626,43.308283621818504
13.100000000000001,86.67083794596533,130.006256918948,65.003128459474,21.667709486491333,-43.335418972982666,4.333541897298267,173.34167589193066,-21.667709486491333,108.33854743245666,32.501564229737,54.16927371622833,-86.67083794596533,10.833854743245666,43.335418972982666
13.200000000000001,86.7243404460878,130.08651066913168,65.04325533456584,21.68108511152195,-43.3621702230439,4.33621702230439,173.4486808921756,-21.68108511152195,108.40542555760975,32.52162766728292,54.20271277880487,-86.7243404460878,10.840542555760974,43.3621702230439
13.3,86.77701621632919,130.1655243244938,65.0827621622469,21.694254054082297,-43.388508108164594,4.338850810816459,173.55403243265837,-21.694254054082297,108.47127027041148,32.54138108112345,54.23563513520574,-86.77701621632919,10.847127027041148,43.388508108164594
13.4,86.8287977473509,130.24319662102636,65.12159831051318,21.707199436837726,-43.41439887367545,4.341439887367545,173.6575954947018,-21.707199436837726,108.53599718418863,32.56079915525659,54.267998592094315,-86.8287977473509,10.853599718418863,43.41439887367545
13.5,86.87958039571227,130.3193705935684,65.1596852967842,21.719895098928067,-43.439790197856134,4.343979019785613,173.75916079142453,-21.719895098928067,108.59947549464033,32.5798426483921,54.299737747320165,-86.87958039571227,10.859947549464033,43.439790197856134
13.600000000000001,86.92924086107848,130.39386129161772,65.19693064580886,21.73231021526962,-43.46462043053924,4.346462043053925,173.85848172215697,-21.73231021526962,108.6615510763481,32.59846532290443,54.33077553817405,-86.92924086107848,10.86615510763481,43.46462043053924
13.700000000000001,86.97762975995232,130.46644463992848,65.23322231996424,21.74440743998808,-43.48881487997616,4.348881487997616,173.95525951990464,-21.74440743998808,108.7220371999404,32.61661115998212,54.3610185999702,-86.97762975995232,10.87220371999404,43.48881487997616
13.8,87.02460794112098,130.53691191168147,65.26845595584074,21.756151985280244,-43.51230397056049,4.351230397056049,174.04921588224195,-21.756151985280244,108.78075992640122,32.63422797792037,54.39037996320061,-87.02460794112098,10.878075992640122,43.51230397056049
13.9,87.07010228533159,130.60515342799738,65.30257671399869,21.767525571332897,-43.53505114266579,4.3535051142665795,174.14020457066317,-21.767525571332897,108.83762785666448,32.651288356999345,54.41881392833224,-87.07010228533159,10.883762785666448,43.53505114266579
14.0,87.11409120241228,130.67113680361842,65.33556840180921,21.77852280060307,-43.55704560120614,4.355704560120614,174.22818240482457,-21.77852280060307,108.89261400301535,32.667784200904606,54.44630700150768,-87.11409120241228,10.889261400301535,43.55704560120614
14.100000000000001,87.15654793039704,130.73482189559556,65.36741094779778,21.78913698259926,-43.57827396519852,4.357827396519852,174.31309586079408,-21.78913698259926,108.9456849129963,32.68370547389889,54.47284245649815,-87.15654793039704,10.89456849129963,43.57827396519852
14.200000000000001,87.19740896080653,130.7961134412098,65.3980567206049,21.79935224020163,-43.59870448040326,4.3598704480403265,174.39481792161305,-21.79935224020163,108.99676120100816,32.69902836030245,54.49838060050408,-87.19740896080653,10.899676120100816,43.59870448040326
14.3,87.23671016374564,130.85506524561845,65.42753262280922,21.80917754093641,-43.61835508187282,4.361835508187283,174.47342032749128,-21.80917754093641,109.04588770468206,32.71376631140461,54.52294385234103,-87.23671016374564,10.904588770468205,43.61835508187282
14.4,87.2745240667114,130.9117861000671,65.45589305003355,21.81863101667785,-43.6372620333557,4.3637262033355695,174.5490481334228,-21.81863101667785,109.09315508338923,32.727946525016776,54.54657754169462,-87.2745240667114,10.909315508338924,43.6372620333557
14.5,87.3109770298581,130.96646554478713,65.48323277239356,21.827744257464524,-43.65548851492905,4.365548851492905,174.6219540597162,-21.827744257464524,109.13872128732262,32.74161638619678,54.56936064366131,-87.3109770298581,10.913872128732262,43.65548851492905
14.600000000000001,87.34613603741366,131.0192040561205,65.50960202806024,21.836534009353414,-43.67306801870683,4.367306801870683,174.69227207482732,-21.836534009353414,109.18267004676707,32.75480101403012,54.591335023383536,-87.34613603741366,10.918267004676707,43.67306801870683
14.700000000000001,87.37999268793504,131.06998903190257,65.53499451595128,21.84499817198376,-43.68999634396752,4.3689996343967525,174.7599853758701,-21.84499817198376,109.2249908599188,32.76749725797564,54.6124954299594,-87.37999268793504,10.92249908599188,43.68999634396752
14.8,87.4125248352816,131.1187872529224,65.5593936264612,21.8531312088204,-43.7062624176408,4.37062624176408,174.8250496705632,-21.8531312088204,109.265656044102,32.7796968132306,54.632828022051,-87.4125248352816,10.9265656044102,43.7062624176408
14.9,87.44371373060626,131.1655705959094,65.5827852979547,21.860928432651566,-43.72185686530313,4.3721856865303135,174.88742746121252,-21.860928432651566,109.30464216325782,32.79139264897735,54.65232108162891,-87.44371373060626,10.930464216325783,43.72185686530313
15.0,87.47360549536174,131.2104082430426,65.6052041215213,21.868401373840435,-43.73680274768087,4.373680274768087,174.94721099072348,-21.868401373840435,109.34200686920218,32.80260206076065,54.67100343460109,-87.47360549536174,10.934200686920217,43.73680274768087
15.100000000000001,87.50228096199994,131.25342144299992,65.62671072149996,21.875570240499986,-43.75114048099997,4.375114048099998,175.0045619239999,-21.875570240499986,109.37785120249993,32.81335536074998,54.68892560124996,-87.50228096199994,10.937785120249993,43.75114048099997
15.200000000000001,87.5298681393414,131.29480220901212,65.64740110450606,21.88246703483535,-43.7649340696707,4.376493406967071,175.0597362786828,-21.88246703483535,109.41233517417675,32.82370055225303,54.70616758708837,-87.5298681393414,10.941233517417675,43.7649340696707
15.3,87.55650624233849,131.33475936350771,65.66737968175386,21.88912656058462,-43.77825312116924,4.377825312116925,175.11301248467697,-21.88912656058462,109.44563280292311,32.83368984087693,54.72281640146156,-87.55650624233849,10.94456328029231,43.77825312116924
15.4,87.58236256688177,131.37354385032265,65.68677192516132,21.895590641720442,-43.791181283440885,4.379118128344088,175.16472513376354,-21.895590641720442,109.47795320860222,32.84338596258066,54.73897660430111,-87.58236256688177,10.947795320860221,43.791181283440885
15.5,87.6075785819765,131.41136787296475,65.70568393648237,21.901894645494124,-43.80378929098825,4.380378929098825,175.215157163953,-21.901894645494124,109.50947322747062,32.85284196824119,54.75473661373531,-87.6075785819765,10.950947322747062,43.80378929098825
15.600000000000001,87.63229108955807,131.4484366343371,65.72421831716855,21.908072772389517,-43.81614554477903,4.3816145544779035,175.26458217911613,-21.908072772389517,109.54036386194758,32.862109158584275,54.77018193097379,-87.63229108955807,10.954036386194758,43.81614554477903
15.700000000000001,87.65664856452591,131.48497284678888,65.74248642339444,21.914162141131477,-43.828324282262955,4.382832428226296,175.31329712905182,-21.914162141131477,109.57081070565738,32.87124321169722,54.78540535282869,-87.65664856452591,10.957081070565739,43.828324282262955
15.8,87.68084559511497,131.52126839267245,65.76063419633623,21.920211398778743,-43.84042279755749,4.384042279755749,175.36169119022995,-21.920211398778743,109.60105699389372,32.88031709816811,54.80052849694686,-87.68084559511497,10.960105699389372,43.84042279755749
15.9,87.70506159635484,131.55759239453226,65.77879619726613,21.92626539908871,-43.85253079817742,4.385253079817742,175.41012319270968,-21.92626539908871,109.63132699544354,32.889398098633066,54.81566349772177,-87.70506159635484,10.963132699544355,43.85253079817742
16.0,87.72949294835091,131.59423942252636,65.79711971126318,21.932373237087727,-43.864746474175455,4.386474647417546,175.45898589670182,-21.932373237087727,109.66186618543864,32.89855985563159,54.83093309271932,-87.72949294835091,10.966186618543864,43.864746474175455
16.1,87.7543959521816,131.6315939282724,65.8157969641362,21.9385989880454,-43.8771979760908,4.38771979760908,175.5087919043632,-21.9385989880454,109.692994940227,32.9078984820681,54.8464974701135,-87.7543959521816,10.9692994940227,43.8771979760908
16.2,87.78004718594578,131.67007077891867,65.83503538945934,21.945011796486444,-43.89002359297289,4.389002359297289,175.56009437189155,-21.945011796486444,109.72505898243222,32.91751769472967,54.86252949121611,-87.78004718594578,10.972505898243222,43.89002359297289
16.3,87.80666964935979,131.7100044740397,65.85500223701985,21.951667412339948,-43.903334824679895,4.39033348246799,175.61333929871958,-21.951667412339948,109.75833706169973,32.92750111850992,54.87916853084987,-87.80666964935979,10.975833706169974,43.903334824679895
16.400000000000002,87.83452946648438,131.7517941997266,65.8758970998633,21.958632366621096,-43.91726473324219,4.391726473324219,175.66905893296877,-21.958632366621096,109.79316183310547,32.93794854993165,54.896580916552736,-87.83452946648438,10.979316183310548,43.91726473324219
16.5,87.86393121654905,131.79589682482356,65.89794841241178,21.965982804137262,-43.931965608274524,4.393196560827453,175.7278624330981,-21.965982804137262,109.82991402068632,32.94897420620589,54.91495701034316,-87.86393121654905,10.982991402068631,43.931965608274524
16.6,87.8951368079433,131.84270521191496,65.92135260595748,21.973784201985826,-43.94756840397165,4.394756840397165,175.7902736158866,-21.973784201985826,109.86892100992912,32.96067630297874,54.93446050496456,-87.8951368079433,10.986892100992913,43.94756840397165
16.7,87.92827116900123,131.89240675350186,65.94620337675093,21.98206779225031,-43.96413558450062,4.396413558450062,175.85654233800247,-21.98206779225031,109.91033896125154,32.973101688375465,54.95516948062577,-87.92827116900123,10.991033896125154,43.96413558450062
16.8,87.96342675134424,131.94514012701637,65.97257006350819,21.99085668783606,-43.98171337567212,4.398171337567212,175.9268535026885,-21.99085668783606,109.9542834391803,32.98628503175409,54.97714171959015,-87.96342675134424,10.99542834391803,43.98171337567212
16.900000000000002,88.00071565481068,132.00107348221601,66.00053674110801,22.00017891370267,-44.00035782740534,4.400035782740534,176.00143130962135,-22.00017891370267,110.00089456851335,33.000268370554004,55.00044728425667,-88.00071565481068,11.000089456851335,44.00035782740534
17.0,88.04026808232747,132.0604021234912,66.0302010617456,22.010067020581868,-44.020134041163736,4.402013404116373,176.08053616465494,-22.010067020581868,110.05033510290934,33.0151005308728,55.02516755145467,-88.04026808232747,11.005033510290934,44.020134041163736
17.1,88.08218231824634,132.1232734773695,66.06163673868475,22.020545579561585,-44.04109115912317,4.404109115912317,176.16436463649268,-22.020545579561585,110.10272789780792,33.03081836934238,55.05136394890396,-88.08218231824634,11.010272789780792,44.04109115912317
17.2,88.12653225332944,132.18979837999416,66.09489918999708,22.03163306333236,-44.06326612666472,4.406326612666472,176.2530645066589,-22.03163306333236,110.15816531666181,33.04744959499854,55.079082658330904,-88.12653225332944,11.01581653166618,44.06326612666472
17.3,88.17332181323783,132.25998271985674,66.12999135992837,22.04333045330946,-44.08666090661892,4.4086660906618915,176.34664362647567,-22.04333045330946,110.2166522665473,33.064995679964184,55.10832613327365,-88.17332181323783,11.02166522665473,44.08666090661892
17.400000000000002,88.22252060874516,132.33378091311772,66.16689045655886,22.05563015218629,-44.11126030437258,4.411126030437258,176.4450412174903,-22.05563015218629,110.27815076093145,33.08344522827943,55.13907538046573,-88.22252060874516,11.027815076093145,44.11126030437258
17.5,88.27402861498827,132.4110429224824,66.2055214612412,22.068507153747067,-44.137014307494134,4.413701430749414,176.54805722997654,-22.068507153747067,110.34253576873533,33.1027607306206,55.171267884367666,-88.27402861498827,11.034253576873533,44.137014307494134
17.6,88.32773207028467,132.491598105427,66.2457990527135,22.081933017571167,-44.163866035142334,4.416386603514233,176.65546414056934,-22.081933017571167,110.40966508785584,33.12289952635675,55.20483254392792,-88.32773207028467,11.040966508785583,44.163866035142334
17.7,88.38353518872866,132.57530278309298,66.28765139154649,22.095883797182164,-44.19176759436433,4.419176759436433,176.76707037745732,-22.095883797182164,110.47941898591083,33.143825695773245,55.23970949295541,-88.38353518872866,11.047941898591082,44.19176759436433
17.8,88.44133474852178,132.66200212278267,66.33100106139133,22.110333687130446,-44.22066737426089,4.422066737426089,176.88266949704357,-22.110333687130446,110.55166843565223,33.16550053069567,55.275834217826116,-88.44133474852178,11.055166843565223,44.22066737426089
17.900000000000002,88.50106318414448,132.75159477621673,66.37579738810837,22.12526579603612,-44.25053159207224,4.425053159207224,177.00212636828897,-22.12526579603612,110.6263289801806,33.187898694054184,55.3131644900903,-88.50106318414448,11.06263289801806,44.25053159207224
18.0,88.56269667274935,132.84404500912405,66.42202250456202,22.14067416818734,-44.28134833637468,4.4281348336374675,177.1253933454987,-22.14067416818734,110.70337084093669,33.21101125228101,55.35168542046834,-88.56269667274935,11.07033708409367,44.28134833637468
18.1,88.62616353348551,132.93924530022827,66.46962265011413,22.156540883371378,-44.313081766742755,4.431308176674276,177.25232706697102,-22.156540883371378,110.78270441685689,33.234811325057066,55.391352208428444,-88.62616353348551,11.078270441685689,44.313081766742755
18.2,88.69132044225584,133.03698066338376,66.51849033169188,22.17283011056396,-44.34566022112792,4.434566022112793,177.3826408845117,-22.17283011056396,110.86415055281981,33.25924516584594,55.432075276409904,-88.69132044225584,11.08641505528198,44.34566022112792
18.3,88.75801591677256,133.13702387515883,66.56851193757942,22.18950397919314,-44.37900795838628,4.437900795838629,177.51603183354513,-22.18950397919314,110.94751989596571,33.28425596878971,55.473759947982856,-88.75801591677256,11.09475198959657,44.37900795838628
18.400000000000002,88.8260801709563,133.23912025643446,66.61956012821723,22.206520042739076,-44.41304008547815,4.4413040085478155,177.6521603419126,-22.206520042739076,111.03260021369537,33.309780064108615,55.51630010684769,-88.8260801709563,11.103260021369538,44.41304008547815
18.5,88.89536486480412,133.34304729720617,66.67152364860308,22.22384121620103,-44.44768243240206,4.4447682432402065,177.79072972960824,-22.22384121620103,111.11920608100516,33.33576182430154,55.55960304050258,-88.89536486480412,11.111920608100515,44.44768243240206
18.6,88.96567814151747,133.44851721227622,66.72425860613811,22.241419535379368,-44.482839070758736,4.448283907075874,177.93135628303494,-22.241419535379368,111.20709767689684,33.362129303069054,55.60354883844842,-88.96567814151747,11.120709767689684,44.482839070758736
18.7,89.03676195718809,133.55514293578213,66.77757146789106,22.259190489297023,-44.518380978594045,4.4518380978594045,178.07352391437618,-22.259190489297023,111.29595244648512,33.38878573394553,55.64797622324256,-89.03676195718809,11.129595244648511,44.518380978594045
18.8,89.10833546836314,133.6625032025447,66.83125160127236,22.277083867090784,-44.55416773418157,4.455416773418157,178.21667093672627,-22.277083867090784,111.38541933545392,33.41562580063618,55.69270966772696,-89.10833546836314,11.138541933545392,44.55416773418157
18.900000000000002,89.18014302418304,133.77021453627455,66.88510726813728,22.29503575604576,-44.59007151209152,4.4590071512091525,178.36028604836608,-22.29503575604576,111.4751787802288,33.44255363406864,55.7375893901144,-89.18014302418304,11.14751787802288,44.59007151209152
19.0,89.25195111699173,133.8779266754876,66.9389633377438,22.312987779247933,-44.62597555849587,4.4625975558495865,178.50390223398347,-22.312987779247933,111.56493889623967,33.4694816688719,55.78246944811983,-89.25195111699173,11.156493889623967,44.62597555849587
19.1,89.32355958168115,133.98533937252174,66.99266968626087,22.330889895420288,-44.661779790840576,4.4661779790840574,178.6471191633623,-22.330889895420288,111.65444947710144,33.496334843130434,55.82722473855072,-89.32355958168115,11.165444947710144,44.661779790840576
19.200000000000003,89.39486019619319,134.0922902942898,67.0461451471449,22.348715049048298,-44.697430098096596,4.46974300980966,178.78972039238639,-22.348715049048298,111.74357524524149,33.52307257357245,55.871787622620744,-89.39486019619319,11.174357524524149,44.697430098096596
19.3,89.46580288144287,134.1987043221643,67.09935216108215,22.366450720360717,-44.732901440721434,4.473290144072144,178.93160576288574,-22.366450720360717,111.83225360180359,33.549676080541076,55.91612680090179,-89.46580288144287,11.183225360180359,44.732901440721434
19.400000000000002,89.53636435771958,134.30454653657938,67.15227326828969,22.384091089429894,-44.76818217885979,4.476818217885979,179.07272871543915,-22.384091089429894,111.92045544714946,33.576136634144845,55.96022772357473,-89.53636435771958,11.192045544714947,44.76818217885979
19.5,89.606511789068,134.40976768360198,67.20488384180099,22.401627947267,-44.803255894534,4.4803255894533995,179.213023578136,-22.401627947267,112.008139736335,33.602441920900496,56.0040698681675,-89.606511789068,11.2008139736335,44.803255894534
19.6,89.67622879180895,134.51434318771342,67.25717159385671,22.419057197952238,-44.838114395904476,4.483811439590448,179.3524575836179,-22.419057197952238,112.0952859897612,33.628585796928355,56.0476429948806,-89.67622879180895,11.209528598976119,44.838114395904476
19.700000000000003,89.74557491221083,134.61836236831624,67.30918118415812,22.436393728052707,-44.872787456105414,4.487278745610541,179.49114982442165,-22.436393728052707,112.18196864026353,33.65459059207906,56.09098432013177,-89.74557491221083,11.218196864026353,44.872787456105414
19.8,89.81461630678338,134.72192446017507,67.36096223008754,22.453654076695845,-44.90730815339169,4.490730815339169,179.62923261356676,-22.453654076695845,112.26827038347922,33.68048111504377,56.13413519173961,-89.81461630678338,11.226827038347922,44.90730815339169
19.900000000000002,89.8833889919193,134.82508348787894,67.41254174393947,22.470847247979826,-44.94169449595965,4.494169449595965,179.7667779838386,-22.470847247979826,112.35423623989914,33.706270871969735,56.17711811994957,-89.8833889919193,11.235423623989913,44.94169449595965
20.0,89.95193955109146,134.92790932663718,67.46395466331859,22.487984887772864,-44.97596977554573,4.497596977554573,179.9038791021829,-22.487984887772864,112.43992443886432,33.731977331659294,56.21996221943216,-89.95193955109146,11.243992443886432,44.97596977554573
20.1,90.0203726233644,135.0305589350466,67.5152794675233,22.5050931558411,-45.0101863116822,4.50101863116822,180.0407452467288,-22.5050931558411,112.52546577920549,33.75763973376165,56.262732889602745,-90.0203726233644,11.25254657792055,45.0101863116822
20.200000000000003,90.08884339082822,135.13326508624232,67.56663254312116,22.522210847707054,-45.04442169541411,4.504442169541411,180.17768678165643,-22.522210847707054,112.61105423853527,33.78331627156058,56.30552711926764,-90.08884339082822,11.261105423853527,45.04442169541411
20.3,90.15755094860863,135.23632642291295,67.61816321145648,22.539387737152158,-45.078775474304315,4.507877547430431,180.31510189721726,-22.539387737152158,112.69693868576078,33.80908160572824,56.34846934288039,-90.15755094860863,11.269693868576079,45.078775474304315
20.400000000000002,90.22667272052092,135.34000908078139,67.67000454039069,22.55666818013023,-45.11333636026046,4.5113336360260465,180.45334544104185,-22.55666818013023,112.78334090065115,33.835002270195346,56.39167045032558,-90.22667272052092,11.278334090065115,45.11333636026046
20.5,90.29631096066603,135.44446644099907,67.72223322049953,22.57407774016651,-45.14815548033302,4.514815548033302,180.59262192133207,-22.57407774016651,112.87038870083254,33.861116610249766,56.43519435041627,-90.29631096066603,11.287038870083254,45.14815548033302
20.6,90.36649512182484,135.54974268273725,67.77487134136862,22.59162378045621,-45.18324756091242,4.518324756091242,180.73299024364968,-22.59162378045621,112.95811890228106,33.88743567068431,56.47905945114053,-90.36649512182484,11.295811890228105,45.18324756091242
20.700000000000003,90.43723087505781,135.6558463125867,67.82792315629335,22.609307718764452,-45.218615437528904,4.52186154375289,180.87446175011561,-22.609307718764452,113.04653859382226,33.913961578146676,56.52326929691113,-90.43723087505781,11.304653859382226,45.218615437528904
20.8,90.50850831324014,135.7627624698602,67.8813812349301,22.627127078310036,-45.25425415662007,4.525425415662007,181.01701662648028,-22.627127078310036,113.13563539155018,33.94069061746505,56.56781769577509,-90.50850831324014,11.313563539155018,45.25425415662007
20.900000000000002,90.5802590045254,135.87038850678812,67.93519425339406,22.64506475113135,-45.2901295022627,4.52901295022627,181.1605180090508,-22.64506475113135,113.22532375565675,33.96759712669703,56.61266187782837,-90.5802590045254,11.322532375565675,45.2901295022627
21.0,90.65240648669442,135.97860973004163,67.98930486502081,22.663101621673604,-45.32620324334721,4.532620324334721,181.30481297338883,-22.663101621673604,113.31550810836802,33.99465243251041,56.65775405418401,-90.65240648669442,11.331550810836802,45.32620324334721
21.1,90.72487094353542,136.08730641530315,68.04365320765157,22.681217735883855,-45.36243547176771,4.536243547176771,181.44974188707084,-22.681217735883855,113.40608867941927,34.02182660382579,56.703044339709635,-90.72487094353542,11.340608867941928,45.36243547176771
21.200000000000003,90.79749072687248,136.19623609030873,68.09811804515437,22.69937268171812,-45.39874536343624,4.539874536343624,181.59498145374496,-22.69937268171812,113.4968634085906,34.04905902257718,56.7484317042953,-90.79749072687248,11.34968634085906,45.39874536343624
21.3,90.87005934741428,136.30508902112143,68.15254451056072,22.71751483685357,-45.43502967370714,4.543502967370714,181.74011869482857,-22.71751483685357,113.58757418426785,34.07627225528036,56.793787092133925,-90.87005934741428,11.358757418426785,45.43502967370714
21.400000000000002,90.94241388697421,136.4136208304613,68.20681041523065,22.735603471743552,-45.471206943487104,4.547120694348711,181.88482777394842,-22.735603471743552,113.67801735871777,34.103405207615324,56.839008679358884,-90.94241388697421,11.367801735871776,45.471206943487104
21.5,91.01447733551862,136.52171600327793,68.26085800163897,22.753619333879655,-45.50723866775931,4.5507238667759315,182.02895467103724,-22.753619333879655,113.76809666939828,34.13042900081948,56.88404833469914,-91.01447733551862,11.376809666939828,45.50723866775931
21.6,91.08622424421303,136.62933636631954,68.31466818315977,22.771556061053257,-45.543112122106514,4.554311212210652,182.17244848842606,-22.771556061053257,113.85778030526629,34.157334091579884,56.928890152633144,-91.08622424421303,11.385778030526629,45.543112122106514
21.700000000000003,91.15764523359366,136.73646785039048,68.36823392519524,22.789411308398414,-45.57882261679683,4.557882261679683,182.3152904671873,-22.789411308398414,113.94705654199207,34.18411696259762,56.973528270996034,-91.15764523359366,11.394705654199207,45.57882261679683
21.8,91.22869147303932,136.843037209559,68.4215186047795,22.80717286825983,-45.61434573651966,4.561434573651966,182.45738294607864,-22.80717286825983,114.03586434129915,34.21075930238975,57.01793217064957,-91.22869147303932,11.403586434129915,45.61434573651966
21.900000000000002,91.29932199029129,136.94898298543694,68.47449149271847,22.824830497572822,-45.649660995145645,4.564966099514565,182.59864398058258,-22.824830497572822,114.12415248786411,34.237245746359235,57.062076243932054,-91.29932199029129,11.412415248786411,45.649660995145645
22.0,91.36952045618843,137.05428068428265,68.52714034214132,22.842380114047106,-45.68476022809421,4.568476022809421,182.73904091237685,-22.842380114047106,114.21190057023553,34.26357017107066,57.105950285117764,-91.36952045618843,11.421190057023553,45.68476022809421
22.1,91.43927191496519,137.1589078724478,68.5794539362239,22.859817978741297,-45.719635957482595,4.57196359574826,182.87854382993038,-22.859817978741297,114.29908989370648,34.28972696811195,57.14954494685324,-91.43927191496519,11.429908989370649,45.719635957482595
22.200000000000003,91.50855971181296,137.26283956771945,68.63141978385973,22.87713992795324,-45.75427985590648,4.575427985590649,183.01711942362593,-22.87713992795324,114.3856996397662,34.31570989192986,57.1928498198831,-91.50855971181296,11.43856996397662,45.75427985590648
22.3,91.57737696401341,137.36606544602012,68.68303272301006,22.894344241003353,-45.788688482006705,4.5788688482006705,183.15475392802682,-22.894344241003353,114.47172120501676,34.34151636150503,57.23586060250838,-91.57737696401341,11.447172120501676,45.788688482006705
22.400000000000002,91.6456810977586,137.4685216466379,68.73426082331895,22.91142027443965,-45.8228405488793,4.58228405488793,183.2913621955172,-22.91142027443965,114.55710137219825,34.367130411659474,57.27855068609912,-91.6456810977586,11.455710137219825,45.8228405488793
22.5,91.7133317574273,137.56999763614095,68.78499881807048,22.928332939356824,-45.85666587871365,4.585666587871365,183.4266635148546,-22.928332939356824,114.64166469678412,34.39249940903524,57.32083234839206,-91.7133317574273,11.464166469678412,45.85666587871365
22.6,91.78014798766867,137.670221981503,68.8351109907515,22.945036996917167,-45.890073993834335,4.5890073993834335,183.56029597533734,-22.945036996917167,114.72518498458584,34.41755549537575,57.36259249229292,-91.78014798766867,11.472518498458584,45.890073993834335
22.700000000000003,91.8460972333237,137.76914584998556,68.88457292499278,22.961524308330926,-45.92304861666185,4.592304861666185,183.6921944666474,-22.961524308330926,114.80762154165463,34.44228646249639,57.40381077082731,-91.8460972333237,11.480762154165463,45.92304861666185
22.8,91.91121722481451,137.86682583722177,68.93341291861088,22.977804306203627,-45.955608612407254,4.595560861240726,183.82243444962901,-22.977804306203627,114.88902153101813,34.46670645930544,57.444510765509065,-91.91121722481451,11.488902153101813,45.955608612407254
22.900000000000002,91.97555791148626,137.9633368672294,68.9816684336147,22.993889477871566,-45.98777895574313,4.5987778955743135,183.95111582297253,-22.993889477871566,114.96944738935782,34.49083421680735,57.48472369467891,-91.97555791148626,11.496944738935783,45.98777895574313
23.0,92.0391734814644,138.0587602221966,69.0293801110983,23.0097933703661,-46.0195867407322,4.60195867407322,184.0783469629288,-23.0097933703661,115.0489668518305,34.51469005554915,57.52448342591525,-92.0391734814644,11.50489668518305,46.0195867407322
23.1,92.10209235046686,138.15313852570029,69.07656926285014,23.025523087616715,-46.05104617523343,4.605104617523343,184.20418470093372,-23.025523087616715,115.12761543808358,34.53828463142507,57.56380771904179,-92.10209235046686,11.512761543808358,46.05104617523343
23.200000000000003,92.16433882791863,138.24650824187793,69.12325412093897,23.041084706979657,-46.08216941395931,4.6082169413959315,184.32867765583725,-23.041084706979657,115.20542353489829,34.56162706046948,57.602711767449144,-92.16433882791863,11.520542353489828,46.08216941395931
23.3,92.22596867971423,138.33895301957133,69.16947650978567,23.056492169928557,-46.112984339857114,4.611298433985712,184.45193735942846,-23.056492169928557,115.28246084964279,34.584738254892834,57.641230424821394,-92.22596867971423,11.528246084964278,46.112984339857114
23.400000000000002,92.28709867133928,138.43064800700893,69.21532400350446,23.07177466783482,-46.14354933566964,4.614354933566964,184.57419734267856,-23.07177466783482,115.3588733391741,34.60766200175223,57.67943666958705,-92.28709867133928,11.53588733391741,46.14354933566964
23.5,92.34787789683767,138.52181684525652,69.26090842262826,23.08696947420942,-46.17393894841884,4.617393894841884,184.69575579367535,-23.08696947420942,115.43484737104708,34.63045421131413,57.71742368552354,-92.34787789683767,11.54348473710471,46.17393894841884
23.6,92.40849338335522,138.61274007503283,69.30637003751642,23.102123345838805,-46.20424669167761,4.620424669167761,184.81698676671044,-23.102123345838805,115.51061672919403,34.65318501875821,57.75530836459701,-92.40849338335522,11.551061672919403,46.20424669167761
23.700000000000003,92.46909130125424,138.70363695188135,69.35181847594068,23.11727282531356,-46.23454565062712,4.623454565062712,184.93818260250848,-23.11727282531356,115.5863641265678,34.67590923797034,57.7931820632839,-92.46909130125424,11.55863641265678,46.23454565062712
23.8,92.52974570754799,138.79461856132198,69.39730928066099,23.132436426886997,-46.264872853773994,4.6264872853774,185.05949141509598,-23.132436426886997,115.66218213443499,34.698654640330496,57.83109106721749,-92.52974570754799,11.566218213443499,46.264872853773994
23.900000000000002,92.59060000602864,138.88590000904296,69.44295000452148,23.14765000150716,-46.29530000301432,4.629530000301432,185.18120001205727,-23.14765000150716,115.7382500075358,34.72147500226074,57.8691250037679,-92.59060000602864,11.57382500075358,46.29530000301432
24.0,92.6518818380739,138.97782275711086,69.48891137855543,23.162970459518476,-46.32594091903695,4.632594091903695,185.3037636761478,-23.162970459518476,115.81485229759238,34.744455689277714,57.90742614879619,-92.6518818380739,11.581485229759238,46.32594091903695
24.1,92.71380952572672,139.07071428859007,69.53535714429503,23.17845238143168,-46.35690476286336,4.635690476286336,185.42761905145343,-23.17845238143168,115.8922619071584,34.76767857214752,57.9461309535792,-92.71380952572672,11.58922619071584,46.35690476286336
24.200000000000003,92.77658288691339,139.16487433037008,69.58243716518504,23.194145721728347,-46.388291443456694,4.63882914434567,185.55316577382678,-23.194145721728347,115.97072860864174,34.79121858259252,57.98536430432087,-92.77658288691339,11.597072860864174,46.388291443456694
24.3,92.84041938731319,139.26062908096978,69.63031454048489,23.210104846828298,-46.420209693656595,4.642020969365659,185.68083877462638,-23.210104846828298,116.05052423414149,34.815157270242445,58.025262117070746,-92.84041938731319,11.605052423414149,46.420209693656595
24.400000000000002,92.90546959630731,139.35820439446098,69.67910219723049,23.22636739907683,-46.45273479815366,4.645273479815366,185.81093919261463,-23.22636739907683,116.13183699538413,34.839551098615246,58.06591849769207,-92.90546959630731,11.613183699538414,46.45273479815366
24.5,92.97183149669662,139.45774724504494,69.72887362252247,23.242957874174156,-46.48591574834831,4.648591574834831,185.94366299339325,-23.242957874174156,116.21478937087078,34.864436811261236,58.10739468543539,-92.97183149669662,11.621478937087078,46.48591574834831
24.6,93.0395917564738,139.5593876347107,69.77969381735535,23.25989793911845,-46.5197958782369,4.65197958782369,186.0791835129476,-23.25989793911845,116.29948969559224,34.889846908677676,58.14974484779612,-93.0395917564738,11.629948969559225,46.5197958782369
24.700000000000003,93.10881893925739,139.66322840888608,69.83161420444304,23.277204734814347,-46.554409469628695,4.6554409469628695,186.21763787851478,-23.277204734814347,116.38602367407174,34.91580710222152,58.19301183703587,-93.10881893925739,11.638602367407174,46.554409469628695
24.8,93.1795556211987,139.76933343179806,69.88466671589903,23.294888905299675,-46.58977781059935,4.658977781059935,186.3591112423974,-23.294888905299675,116.47444452649837,34.942333357949515,58.23722226324919,-93.1795556211987,11.647444452649838,46.58977781059935
24.900000000000002,93.25178751436208,139.8776812715431,69.93884063577156,23.31294687859052,-46.62589375718104,4.662589375718104,186.50357502872416,-23.31294687859052,116.5647343929526,34.96942031788578,58.2823671964763,-93.25178751436208,11.65647343929526,46.62589375718104
25.0,93.32550660525364,139.98825990788046,69.99412995394023,23.33137665131341,-46.66275330262682,4.666275330262682,186.65101321050727,-23.33137665131341,116.65688325656704,34.997064976970115,58.32844162828352,-93.32550660525364,11.665688325656705,46.66275330262682
25.1,93.40072004703526,140.10108007055288,70.05054003527644,23.350180011758816,-46.70036002351763,4.670036002351764,186.80144009407053,-23.350180011758816,116.75090005879409,35.02527001763822,58.375450029397044,-93.40072004703526,11.675090005879408,46.70036002351763
25.200000000000003,93.47746290971864,140.21619436457797,70.10809718228899,23.36936572742966,-46.73873145485932,4.673873145485932,186.95492581943728,-23.36936572742966,116.84682863714829,35.05404859114449,58.423414318574146,-93.47746290971864,11.68468286371483,46.73873145485932
25.3,93.55575732933487,140.3336359940023,70.16681799700115,23.388939332333717,-46.77787866466743,4.677787866466743,187.11151465866973,-23.388939332333717,116.94469666166859,35.08340899850057,58.47234833083429,-93.55575732933487,11.694469666166858,46.77787866466743
25.400000000000002,93.63562662920047,140.4534399438007,70.22671997190035,23.40890665730012,-46.81781331460024,4.681781331460024,187.27125325840095,-23.40890665730012,117.0445332865006,35.113359985950176,58.5222666432503,-93.63562662920047,11.70445332865006,46.81781331460024
25.5,93.71709391467444,140.57564087201166,70.28782043600583,23.42927347866861,-46.85854695733722,4.685854695733722,187.43418782934887,-23.42927347866861,117.14636739334304,35.143910218002915,58.57318369667152,-93.71709391467444,11.714636739334304,46.85854695733722
25.6,93.8001363737662,140.7002045606493,70.35010228032465,23.45003409344155,-46.9000681868831,4.6900068186883095,187.6002727475324,-23.45003409344155,117.25017046720774,35.175051140162324,58.62508523360387,-93.8001363737662,11.725017046720774,46.9000681868831
25.700000000000003,93.88465456190154,140.82698184285232,70.41349092142616,23.471163640475385,-46.94232728095077,4.694232728095077,187.76930912380308,-23.471163640475385,117.35581820237692,35.20674546071308,58.67790910118846,-93.88465456190154,11.735581820237693,46.94232728095077
25.8,93.97052672610842,140.95579008916263,70.47789504458132,23.492631681527104,-46.98526336305421,4.698526336305421,187.94105345221683,-23.492631681527104,117.46315840763552,35.23894752229066,58.73157920381776,-93.97052672610842,11.746315840763552,46.98526336305421
25.900000000000002,94.05763812328237,141.08645718492357,70.54322859246179,23.514409530820593,-47.02881906164119,4.7028819061641185,188.11527624656475,-23.514409530820593,117.57204765410296,35.271614296230894,58.78602382705148,-94.05763812328237,11.757204765410297,47.02881906164119
26.0,94.14596959914826,141.2189543987224,70.6094771993612,23.536492399787065,-47.07298479957413,4.707298479957413,188.29193919829652,-23.536492399787065,117.68246199893532,35.3047385996806,58.84123099946766,-94.14596959914826,11.768246199893532,47.07298479957413
26.1,94.23554976260402,141.35332464390603,70.67666232195302,23.558887440651006,-47.11777488130201,4.711777488130202,188.47109952520805,-23.558887440651006,117.79443720325503,35.33833116097651,58.897218601627515,-94.23554976260402,11.779443720325503,47.11777488130201
26.200000000000003,94.3263757422953,141.48956361344295,70.74478180672148,23.581593935573824,-47.16318787114765,4.716318787114765,188.6527514845906,-23.581593935573824,117.90796967786912,35.37239090336074,58.95398483893456,-94.3263757422953,11.790796967786912,47.16318787114765
26.3,94.4183507320356,141.6275260980534,70.8137630490267,23.6045876830089,-47.2091753660178,4.720917536601781,188.8367014640712,-23.6045876830089,118.02293841504451,35.40688152451335,59.011469207522254,-94.4183507320356,11.80229384150445,47.2091753660178
26.400000000000002,94.51130636150731,141.76695954226096,70.88347977113048,23.627826590376827,-47.255653180753654,4.725565318075366,189.02261272301462,-23.627826590376827,118.13913295188414,35.44173988556524,59.06956647594207,-94.51130636150731,11.813913295188414,47.255653180753654
26.5,94.60508657044629,141.90762985566943,70.95381492783471,23.651271642611572,-47.302543285223145,4.730254328522315,189.21017314089258,-23.651271642611572,118.25635821305787,35.47690746391736,59.12817910652893,-94.60508657044629,11.825635821305786,47.302543285223145
26.6,94.69960124169287,142.0494018625393,71.02470093126965,23.67490031042322,-47.34980062084644,4.734980062084644,189.39920248338575,-23.67490031042322,118.3745015521161,35.512350465634825,59.18725077605805,-94.69960124169287,11.83745015521161,47.34980062084644
26.700000000000003,94.79472845813528,142.19209268720292,71.09604634360146,23.69868211453382,-47.39736422906764,4.7397364229067644,189.58945691627056,-23.69868211453382,118.4934105726691,35.54802317180073,59.24670528633455,-94.79472845813528,11.84934105726691,47.39736422906764
26.8,94.890389952898,142.33558492934702,71.16779246467351,23.7225974882245,-47.445194976449,4.744519497644901,189.780779905796,-23.7225974882245,118.6129874411225,35.583896232336755,59.30649372056125,-94.890389952898,11.86129874411225,47.445194976449
26.900000000000002,94.98651419215021,142.47977128822532,71.23988564411266,23.746628548037553,-47.493257096075105,4.74932570960751,189.97302838430042,-23.746628548037553,118.73314274018776,35.61994282205633,59.36657137009388,-94.98651419215021,11.873314274018776,47.493257096075105
27.0,95.0830082997386,142.6245124496079,71.31225622480395,23.77075207493465,-47.5415041498693,4.75415041498693,190.1660165994772,-23.77075207493465,118.85376037467324,35.65612811240197,59.42688018733662,-95.0830082997386,11.885376037467324,47.5415041498693
27.1,95.17977861055623,142.76966791583433,71.38483395791717,23.794944652639057,-47.58988930527811,4.758988930527812,190.35955722111245,-23.794944652639057,118.97472326319529,35.69241697895858,59.48736163159764,-95.17977861055623,11.897472326319528,47.58988930527811
27.200000000000003,95.27670459225335,142.91505688838004,71.45752844419002,23.819176148063338,-47.638352296126676,4.763835229612668,190.5534091845067,-23.819176148063338,119.09588074031669,35.72876422209501,59.547940370158344,-95.27670459225335,11.909588074031669,47.638352296126676
27.3,95.37364694476014,143.0604704171402,71.5302352085701,23.843411736190035,-47.68682347238007,4.768682347238007,190.74729388952028,-23.843411736190035,119.21705868095017,35.76511760428505,59.60852934047509,-95.37364694476014,11.921705868095017,47.68682347238007
27.400000000000002,95.47051247002995,143.20576870504493,71.60288435252247,23.867628117507486,-47.73525623501497,4.773525623501498,190.9410249400599,-23.867628117507486,119.33814058753742,35.80144217626123,59.66907029376871,-95.47051247002995,11.933814058753743,47.73525623501497
27.5,95.56724410662774,143.3508661599416,71.6754330799708,23.891811026656935,-47.78362205331387,4.778362205331387,191.13448821325548,-23.891811026656935,119.45905513328468,35.8377165399854,59.72952756664234,-95.56724410662774,11.945905513328468,47.78362205331387
27.6,95.66381765390427,143.4957264808564,71.7478632404282,23.91595441347607,-47.83190882695214,4.783190882695214,191.32763530780855,-23.91595441347607,119.57977206738035,35.8739316202141,59.78988603369017,-95.66381765390427,11.957977206738034,47.83190882695214
27.700000000000003,95.76020314277923,143.64030471416885,71.82015235708442,23.940050785694808,-47.880101571389616,4.788010157138962,191.52040628555847,-23.940050785694808,119.70025392847404,35.91007617854221,59.85012696423702,-95.76020314277923,11.970025392847404,47.880101571389616
27.8,95.85639294097183,143.78458941145774,71.89229470572887,23.964098235242957,-47.928196470485915,4.792819647048591,191.71278588194366,-23.964098235242957,119.82049117621479,35.946147352864436,59.910245588107394,-95.85639294097183,11.982049117621479,47.928196470485915
27.900000000000002,95.95235109873639,143.9285266481046,71.9642633240523,23.988087774684097,-47.97617554936819,4.79761755493682,191.90470219747277,-23.988087774684097,119.94043887342048,35.98213166202615,59.97021943671024,-95.95235109873639,11.994043887342048,47.97617554936819
28.0,96.04798036387693,144.0719705458154,72.0359852729077,24.011995090969233,-48.023990181938466,4.802399018193847,192.09596072775386,-24.011995090969233,120.05997545484617,36.01799263645385,60.029987727423084,-96.04798036387693,12.005997545484616,48.023990181938466
28.1,96.1432130875883,144.21481963138245,72.10740981569123,24.035803271897073,-48.07160654379415,4.807160654379415,192.2864261751766,-24.035803271897073,120.17901635948536,36.05370490784561,60.08950817974268,-96.1432130875883,12.017901635948537,48.07160654379415
28.200000000000003,96.23799181147119,144.35698771720678,72.17849385860339,24.059497952867797,-48.118995905735595,4.81189959057356,192.47598362294238,-24.059497952867797,120.29748976433899,36.089246929301694,60.148744882169495,-96.23799181147119,12.029748976433899,48.118995905735595
28.3,96.33227902179769,144.49841853269652,72.24920926634826,24.083069755449422,-48.166139510898844,4.816613951089884,192.66455804359538,-24.083069755449422,120.41534877724712,36.12460463317413,60.20767438862356,-96.33227902179769,12.041534877724711,48.166139510898844
28.400000000000002,96.42605096840477,144.63907645260716,72.31953822630358,24.10651274210119,-48.21302548420238,4.821302548420238,192.85210193680953,-24.10651274210119,120.53256371050595,36.15976911315179,60.26628185525298,-96.42605096840477,12.053256371050596,48.21302548420238
28.5,96.51932342873205,144.77898514309808,72.38949257154904,24.129830857183013,-48.259661714366025,4.825966171436603,193.0386468574641,-24.129830857183013,120.64915428591506,36.19474628577452,60.32457714295753,-96.51932342873205,12.064915428591506,48.259661714366025
28.6,96.61213120431873,144.91819680647808,72.45909840323904,24.153032801079682,-48.306065602159364,4.830606560215937,193.22426240863746,-24.153032801079682,120.76516400539842,36.22954920161952,60.38258200269921,-96.61213120431873,12.076516400539841,48.306065602159364
28.700000000000003,96.7045236319035,145.05678544785525,72.52839272392762,24.176130907975875,-48.35226181595175,4.835226181595175,193.409047263807,-24.176130907975875,120.88065453987937,36.26419636196381,60.44032726993969,-96.7045236319035,12.088065453987937,48.35226181595175
28.8,96.79651177645573,145.19476766468358,72.59738383234179,24.199127944113933,-48.398255888227865,4.839825588822787,193.59302355291146,-24.199127944113933,120.99563972056967,36.298691916170895,60.497819860284835,-96.79651177645573,12.099563972056966,48.398255888227865
28.900000000000002,96.88808169438451,145.33212254157678,72.66606127078839,24.222020423596128,-48.444040847192255,4.844404084719226,193.77616338876902,-24.222020423596128,121.11010211798063,36.333030635394195,60.555051058990315,-96.88808169438451,12.111010211798064,48.444040847192255
29.0,96.97924286829095,145.46886430243643,72.73443215121821,24.24481071707274,-48.48962143414548,4.848962143414548,193.9584857365819,-24.24481071707274,121.22405358536369,36.36721607560911,60.612026792681846,-96.97924286829095,12.12240535853637,48.48962143414548
29.1,97.07011960231998,145.60517940347995,72.80258970173998,24.267529900579994,-48.53505980115999,4.853505980115999,194.14023920463995,-24.267529900579994,121.33764950289998,36.40129485086999,60.66882475144999,-97.07011960231998,12.133764950289997,48.53505980115999
29.200000000000003,97.1609181908638,145.7413772862957,72.87068864314784,24.29022954771595,-48.5804590954319,4.85804590954319,194.3218363817276,-24.29022954771595,121.45114773857975,36.43534432157392,60.725573869289875,-97.1609181908638,12.145114773857975,48.5804590954319
29.3,97.25187840528974,145.87781760793462,72.93890880396731,24.312969601322436,-48.62593920264487,4.862593920264487,194.5037568105795,-24.312969601322436,121.56484800661218,36.469454401983654,60.78242400330609,-97.25187840528974,12.156484800661218,48.62593920264487
29.400000000000002,97.34325162001565,146.0148774300235,73.00743871501174,24.335812905003912,-48.671625810007825,4.867162581000783,194.6865032400313,-24.335812905003912,121.67906452501956,36.50371935750587,60.83953226250978,-97.34325162001565,12.167906452501956,48.671625810007825
29.5,97.43520875574163,146.15281313361243,73.07640656680621,24.358802188935407,-48.71760437787081,4.871760437787081,194.87041751148325,-24.358802188935407,121.79401094467704,36.53820328340311,60.89700547233852,-97.43520875574163,12.179401094467703,48.71760437787081
29.6,97.52789408674874,146.29184113012312,73.14592056506156,24.381973521687186,-48.76394704337437,4.876394704337438,195.0557881734975,-24.381973521687186,121.90986760843593,36.57296028253078,60.954933804217966,-97.52789408674874,12.190986760843593,48.76394704337437
29.700000000000003,97.62142248306084,146.43213372459127,73.21606686229563,24.40535562076521,-48.81071124153042,4.881071124153042,195.24284496612168,-24.40535562076521,122.02677810382605,36.60803343114782,61.01338905191302,-97.62142248306084,12.202677810382605,48.81071124153042
29.8,97.71586963002272,146.57380444503409,73.28690222251704,24.42896740750568,-48.85793481501136,4.885793481501136,195.43173926004545,-24.42896740750568,122.1448370375284,36.64345111125852,61.0724185187642,-97.71586963002272,12.21448370375284,48.85793481501136
29.900000000000002,97.81131793797591,146.71697690696388,73.35848845348194,24.45282948449398,-48.90565896898796,4.890565896898796,195.62263587595183,-24.45282948449398,122.26414742246989,36.67924422674097,61.132073711234945,-97.81131793797591,12.22641474224699,48.90565896898796
30.0,97.9078438385632,146.8617657578448,73.4308828789224,24.4769609596408,-48.9539219192816,4.89539219192816,195.8156876771264,-24.4769609596408,122.38480479820399,36.7154414394612,61.192402399101994,-97.9078438385632,12.2384804798204,48.9539219192816
30.1,98.00547188190407,147.0082078228561,73.50410391142805,24.501367970476018,-49.002735940952036,4.900273594095204,196.01094376380814,-24.501367970476018,122.5068398523801,36.75205195571402,61.25341992619005,-98.00547188190407,12.250683985238009,49.002735940952036
30.200000000000003,98.10420254125977,147.15630381188964,73.57815190594482,24.52605063531494,-49.05210127062988,4.905210127062989,196.20840508251953,-24.52605063531494,122.63025317657471,36.78907595297241,61.315126588287356,-98.10420254125977,12.26302531765747,49.05210127062988
30.3,98.20406256852029,147.30609385278044,73.65304692639022,24.55101564213007,-49.10203128426014,4.910203128426015,196.40812513704057,-24.55101564213007,122.75507821065035,36.82652346319511,61.37753910532518,-98.20406256852029,12.275507821065036,49.10203128426014
30.400000000000002,98.30510264138545,147.45765396207815,73.72882698103908,24.57627566034636,-49.15255132069272,4.915255132069273,196.6102052827709,-24.57627566034636,122.88137830173181,36.86441349051954,61.44068915086591,-98.30510264138545,12.28813783017318,49.15255132069272
30.5,98.4073145194222,147.6109717791333,73.80548588956665,24.60182862985555,-49.2036572597111,4.92036572597111,196.8146290388444,-24.60182862985555,123.00914314927775,36.90274294478333,61.504571574638874,-98.4073145194222,12.300914314927775,49.2036572597111
30.6,98.5105768372048,147.7658652558072,73.8829326279036,24.6276442093012,-49.2552884186024,4.92552884186024,197.0211536744096,-24.6276442093012,123.13822104650599,36.9414663139518,61.569110523252995,-98.5105768372048,12.3138221046506,49.2552884186024
30.700000000000003,98.61471770464615,147.92207655696922,73.96103827848461,24.65367942616154,-49.30735885232308,4.930735885232308,197.2294354092923,-24.65367942616154,123.2683971308077,36.980519139242304,61.63419856540385,-98.61471770464615,12.32683971308077,49.30735885232308
30.8,98.71952926953401,148.079293904301,74.0396469521505,24.679882317383502,-49.359764634767004,4.935976463476701,197.43905853906801,-24.679882317383502,123.39941158691751,37.01982347607525,61.699705793458754,-98.71952926953401,12.339941158691751,49.359764634767004
30.900000000000002,98.82479162231124,148.23718743346686,74.11859371673343,24.70619790557781,-49.41239581115562,4.941239581115562,197.64958324462248,-24.70619790557781,123.53098952788905,37.059296858366714,61.765494763944524,-98.82479162231124,12.353098952788905,49.41239581115562
31.0,98.93033907373102,148.39550861059652,74.19775430529826,24.732584768432755,-49.46516953686551,4.946516953686551,197.86067814746204,-24.732584768432755,123.66292384216378,37.09887715264913,61.83146192108189,-98.93033907373102,12.366292384216377,49.46516953686551
31.1,99.03596064228311,148.55394096342468,74.27697048171234,24.75899016057078,-49.51798032114156,4.951798032114156,198.07192128456623,-24.75899016057078,123.79495080285389,37.13848524085617,61.897475401426945,-99.03596064228311,12.37949508028539,49.51798032114156
31.200000000000003,99.14145208002394,148.7121781200359,74.35608906001795,24.785363020005985,-49.57072604001197,4.957072604001198,198.28290416004788,-24.785363020005985,123.92681510002993,37.178044530008975,61.96340755001496,-99.14145208002394,12.392681510002992,49.57072604001197
31.3,99.24664679617742,148.86997019426613,74.43498509713307,24.811661699044354,-49.62332339808871,4.962332339808871,198.49329359235483,-24.811661699044354,124.05830849522177,37.21749254856653,62.02915424761088,-99.24664679617742,12.405830849522177,49.62332339808871
31.400000000000002,99.35148227911611,149.02722341867417,74.51361170933708,24.837870569779028,-49.675741139558056,4.967574113955806,198.70296455823222,-24.837870569779028,124.18935284889514,37.25680585466854,62.09467642444757,-99.35148227911611,12.418935284889514,49.675741139558056
31.5,99.4559830319196,149.18397454787942,74.59198727393971,24.8639957579799,-49.7279915159598,4.97279915159598,198.9119660638392,-24.8639957579799,124.3199787898995,37.295993636969854,62.15998939494975,-99.4559830319196,12.43199787898995,49.7279915159598
31.6,99.56017179795768,149.34025769693653,74.67012884846827,24.89004294948942,-49.78008589897884,4.978008589897884,199.12034359591536,-24.89004294948942,124.45021474744709,37.33506442423413,62.225107373723546,-99.56017179795768,12.44502147474471,49.78008589897884
31.700000000000003,99.6640667294837,149.49610009422554,74.74805004711277,24.916016682370923,-49.83203336474185,4.983203336474185,199.3281334589674,-24.916016682370923,124.58008341185462,37.374025023556385,62.29004170592731,-99.6640667294837,12.458008341185462,49.83203336474185
31.8,99.76766323736527,149.65149485604792,74.82574742802396,24.941915809341317,-49.883831618682635,4.9883831618682635,199.53532647473054,-24.941915809341317,124.70957904670658,37.41287371401198,62.35478952335329,-99.76766323736527,12.470957904670659,49.883831618682635
31.900000000000002,99.87094521435624,149.80641782153435,74.90320891076718,24.96773630358906,-49.93547260717812,4.993547260717812,199.74189042871248,-24.96773630358906,124.8386815179453,37.45160445538359,62.41934075897265,-99.87094521435624,12.48386815179453,49.93547260717812
32.0,99.9738717188958,149.9608075783437,74.98040378917185,24.99346792972395,-49.9869358594479,4.99869358594479,199.9477434377916,-24.99346792972395,124.96733964861974,37.49020189458592,62.48366982430987,-99.9738717188958,12.496733964861974,49.9869358594479
32.1,100.07636955193675,150.11455432790513,75.05727716395256,25.019092387984188,-50.038184775968375,5.0038184775968375,200.1527391038735,-25.019092387984188,125.09546193992094,37.52863858197628,62.54773096996047,-100.07636955193675,12.509546193992094,50.038184775968375
32.2,100.17836726008386,150.2675508901258,75.1337754450629,25.044591815020965,-50.08918363004193,5.008918363004193,200.35673452016772,-25.044591815020965,125.22295907510482,37.56688772253145,62.61147953755241,-100.17836726008386,12.522295907510482,50.08918363004193
32.300000000000004,100.27971656329709,150.41957484494563,75.20978742247281,25.06992914082427,-50.13985828164854,5.013985828164855,200.55943312659417,-25.06992914082427,125.34964570412136,37.60489371123641,62.67482285206068,-100.27971656329709,12.534964570412136,50.13985828164854
32.4,100.38019874239681,150.57029811359521,75.28514905679761,25.095049685599204,-50.19009937119841,5.019009937119841,200.76039748479363,-25.095049685599204,125.47524842799602,37.642574528398804,62.73762421399801,-100.38019874239681,12.547524842799602,50.19009937119841
32.5,100.47952787370774,150.7192918105616,75.3596459052808,25.119881968426935,-50.23976393685387,5.023976393685388,200.95905574741548,-25.119881968426935,125.59940984213468,37.6798229526404,62.79970492106734,-100.47952787370774,12.559940984213467,50.23976393685387
32.6,100.57745106527614,150.8661765979142,75.4330882989571,25.144362766319034,-50.28872553263807,5.028872553263807,201.15490213055227,-25.144362766319034,125.72181383159517,37.71654414947855,62.860906915797585,-100.57745106527614,12.572181383159517,50.28872553263807
32.7,100.67375920773551,151.01063881160326,75.50531940580163,25.16843980193388,-50.33687960386776,5.033687960386776,201.34751841547103,-25.16843980193388,125.8421990096694,37.752659702900814,62.9210995048347,-100.67375920773551,12.58421990096694,50.33687960386776
32.800000000000004,100.76820600537461,151.1523090080619,75.57615450403095,25.192051501343652,-50.384103002687304,5.038410300268731,201.53641201074922,-25.192051501343652,125.96025750671826,37.788077252015476,62.98012875335913,-100.76820600537461,12.596025750671826,50.384103002687304
32.9,100.86054740746877,151.29082111120317,75.64541055560159,25.215136851867193,-50.430273703734386,5.043027370373439,201.72109481493754,-25.215136851867193,126.07568425933596,37.82270527780079,63.03784212966798,-100.86054740746877,12.607568425933597,50.430273703734386
33.0,100.95055301880546,151.4258295282082,75.7129147641041,25.237638254701366,-50.47527650940273,5.047527650940274,201.90110603761093,-25.237638254701366,126.18819127350683,37.85645738205205,63.094095636753416,-100.95055301880546,12.618819127350683,50.47527650940273
33.1,101.0380451044843,151.55706765672645,75.77853382836322,25.259511276121074,-50.51902255224215,5.051902255224215,202.0760902089686,-25.259511276121074,126.29755638060537,37.88926691418161,63.148778190302686,-101.0380451044843,12.629755638060537,50.51902255224215
33.2,101.12292976031294,151.6843946404694,75.8421973202347,25.280732440078236,-50.56146488015647,5.0561464880156475,202.24585952062588,-25.280732440078236,126.40366220039118,37.92109866011735,63.20183110019559,-101.12292976031294,12.640366220039118,50.56146488015647
33.300000000000004,101.20510037042172,151.80765055563256,75.90382527781628,25.30127509260543,-50.60255018521086,5.060255018521087,202.41020074084344,-25.30127509260543,126.50637546302715,37.95191263890814,63.25318773151358,-101.20510037042172,12.650637546302715,50.60255018521086
33.4,101.28443289087708,151.92664933631562,75.96332466815781,25.32110822271927,-50.64221644543854,5.064221644543855,202.56886578175417,-25.32110822271927,126.60554111359636,37.981662334078905,63.30277055679818,-101.28443289087708,12.660554111359636,50.64221644543854
33.5,101.36084720922298,152.04127081383447,76.02063540691724,25.340211802305745,-50.68042360461149,5.068042360461149,202.72169441844596,-25.340211802305745,126.70105901152873,38.01031770345862,63.350529505764364,-101.36084720922298,12.670105901152873,50.68042360461149
33.6,101.43424074241108,152.15136111361662,76.07568055680831,25.35856018560277,-50.71712037120554,5.071712037120554,202.86848148482215,-25.35856018560277,126.79280092801385,38.037840278404154,63.39640046400692,-101.43424074241108,12.679280092801385,50.71712037120554
33.7,101.50454765713152,152.2568214856973,76.12841074284864,25.37613691428288,-50.75227382856576,5.075227382856577,203.00909531426305,-25.37613691428288,126.8806845714144,38.06420537142432,63.4403422857072,-101.50454765713152,12.68806845714144,50.75227382856576
33.800000000000004,101.57174450003538,152.35761675005307,76.17880837502653,25.392936125008845,-50.78587225001769,5.078587225001769,203.14348900007076,-25.392936125008845,126.96468062504422,38.08940418751327,63.48234031252211,-101.57174450003538,12.696468062504422,50.78587225001769
33.9,101.63580386218344,152.45370579327516,76.22685289663758,25.40895096554586,-50.81790193109172,5.081790193109172,203.27160772436687,-25.40895096554586,127.04475482772929,38.11342644831879,63.522377413864646,-101.63580386218344,12.70447548277293,50.81790193109172
34.0,101.69669748344488,152.5450462251673,76.27252311258366,25.42417437086122,-50.84834874172244,5.084834874172245,203.39339496688976,-25.42417437086122,127.1208718543061,38.13626155629183,63.56043592715305,-101.69669748344488,12.71208718543061,50.84834874172244
34.1,101.75439841711565,152.63159762567346,76.31579881283673,25.438599604278913,-50.877199208557826,5.087719920855783,203.5087968342313,-25.438599604278913,127.19299802139457,38.157899406418366,63.596499010697286,-101.75439841711565,12.719299802139457,50.877199208557826
34.2,101.80886365184537,152.71329547776804,76.35664773888402,25.452215912961343,-50.904431825922686,5.090443182592269,203.61772730369074,-25.452215912961343,127.26107956480672,38.17832386944201,63.63053978240336,-101.80886365184537,12.726107956480671,50.904431825922686
34.300000000000004,101.8600858998916,152.7901288498374,76.3950644249187,25.4650214749729,-50.9300429499458,5.09300429499458,203.7201717997832,-25.4650214749729,127.3251073748645,38.19753221245935,63.66255368743225,-101.8600858998916,12.73251073748645,50.9300429499458
34.4,101.90806956200032,152.86210434300048,76.43105217150024,25.47701739050008,-50.95403478100016,5.095403478100017,203.81613912400064,-25.47701739050008,127.3850869525004,38.21552608575012,63.6925434762502,-101.90806956200032,12.73850869525004,50.95403478100016
34.5,101.95281972939307,152.9292295940896,76.4646147970448,25.488204932348268,-50.976409864696535,5.097640986469654,203.90563945878614,-25.488204932348268,127.44102466174134,38.2323073985224,63.72051233087067,-101.95281972939307,12.744102466174134,50.976409864696535
34.6,101.99437073080095,152.99155609620144,76.49577804810072,25.498592682700238,-50.997185365400476,5.099718536540048,203.9887414616019,-25.498592682700238,127.49296341350119,38.24788902405036,63.74648170675059,-101.99437073080095,12.749296341350119,50.997185365400476
34.7,102.03284304044135,153.04926456066204,76.52463228033102,25.508210760110337,-51.016421520220675,5.101642152022068,204.0656860808827,-25.508210760110337,127.54105380055168,38.26231614016551,63.77052690027584,-102.03284304044135,12.754105380055169,51.016421520220675
34.800000000000004,102.06840411595516,153.10260617393274,76.55130308696637,25.51710102898879,-51.03420205797758,5.103420205797758,204.13680823191032,-25.51710102898879,127.58550514494395,38.275651543483185,63.792752572471976,-102.06840411595516,12.758550514494395,51.03420205797758
34.9,102.10128313289314,153.1519246993397,76.57596234966985,25.525320783223286,-51.05064156644657,5.105064156644658,204.2025662657863,-25.525320783223286,127.62660391611644,38.287981174834925,63.81330195805822,-102.10128313289314,12.762660391611643,51.05064156644657
35.0,102.13169021637043,153.19753532455564,76.59876766227782,25.532922554092607,-51.065845108185215,5.1065845108185215,204.26338043274086,-25.532922554092607,127.66461277046304,38.29938383113891,63.83230638523152,-102.13169021637043,12.766461277046304,51.065845108185215
35.1,102.15981698828,153.23972548242,76.61986274121,25.53995424707,-51.07990849414,5.1079908494140005,204.31963397656,-25.53995424707,127.69977123535,38.309931370605,63.849885617675,-102.15981698828,12.769977123535,51.07990849414
35.2,102.18577661376267,153.27866492064402,76.63933246032201,25.546444153440667,-51.092888306881335,5.109288830688134,204.37155322752534,-25.546444153440667,127.73222076720333,38.319666230161005,63.866110383601665,-102.18577661376267,12.773222076720334,51.092888306881335
35.300000000000004,102.20963175317551,153.31444762976327,76.65722381488163,25.55240793829388,-51.10481587658776,5.110481587658776,204.41926350635103,-25.55240793829388,127.7620396914694,38.328611907440816,63.8810198457347,-102.20963175317551,12.77620396914694,51.10481587658776
35.4,102.23150453826189,153.34725680739282,76.67362840369641,25.557876134565472,-51.115752269130944,5.111575226913095,204.46300907652378,-25.557876134565472,127.78938067282736,38.336814201848206,63.89469033641368,-102.23150453826189,12.778938067282736,51.115752269130944
35.5,102.25155716704559,153.3773357505684,76.6886678752842,25.562889291761397,-51.125778583522795,5.11257785835228,204.50311433409118,-25.562889291761397,127.81444645880698,38.3443339376421,63.90722322940349,-102.25155716704559,12.781444645880699,51.125778583522795
35.6,102.26999410684019,153.4049911602603,76.70249558013015,25.567498526710047,-51.13499705342009,5.11349970534201,204.53998821368037,-25.567498526710047,127.83749263355023,38.351247790065074,63.91874631677511,-102.26999410684019,12.783749263355023,51.13499705342009
35.7,102.28705488084728,153.43058232127092,76.71529116063546,25.57176372021182,-51.14352744042364,5.114352744042364,204.57410976169456,-25.57176372021182,127.8588186010591,38.35764558031773,63.92940930052955,-102.28705488084728,12.78588186010591,51.14352744042364
35.800000000000004,102.30295968138566,153.45443952207847,76.72721976103924,25.575739920346415,-51.15147984069283,5.115147984069283,204.60591936277132,-25.575739920346415,127.87869960173208,38.36360988051962,63.93934980086604,-102.30295968138566,12.787869960173207,51.15147984069283
35.9,102.317910749336,153.476866124004,76.738433062002,25.579477687334,-51.158955374668,5.1158955374668,204.635821498672,-25.579477687334,127.89738843666998,38.369216531001,63.94869421833499,-102.317910749336,12.789738843667,51.158955374668
36.0,102.3321236762387,153.49818551435806,76.74909275717903,25.583030919059674,-51.16606183811935,5.116606183811935,204.6642473524774,-25.583030919059674,127.91515459529836,38.374546378589514,63.95757729764918,-102.3321236762387,12.791515459529837,51.16606183811935
36.1,102.34576182398652,153.51864273597977,76.75932136798988,25.58644045599663,-51.17288091199326,5.117288091199327,204.69152364797304,-25.58644045599663,127.93220227998316,38.37966068399494,63.96610113999158,-102.34576182398652,12.793220227998315,51.17288091199326
36.2,102.35896945144583,153.53845417716875,76.76922708858437,25.589742362861458,-51.179484725722915,5.117948472572292,204.71793890289166,-25.589742362861458,127.94871181430729,38.384613544292186,63.974355907153644,-102.35896945144583,12.794871181430729,51.179484725722915
36.300000000000004,102.37190878782815,153.55786318174222,76.77893159087111,25.592977196957037,-51.18595439391407,5.118595439391408,204.7438175756563,-25.592977196957037,127.96488598478518,38.389465795435555,63.98244299239259,-102.37190878782815,12.796488598478518,51.18595439391407
36.4,102.38477530208651,153.57716295312977,76.78858147656489,25.596193825521627,-51.192387651043255,5.119238765104326,204.76955060417302,-25.596193825521627,127.98096912760813,38.39429073828244,63.99048456380407,-102.38477530208651,12.798096912760814,51.192387651043255
36.5,102.39781057079308,153.59671585618963,76.79835792809482,25.59945264269827,-51.19890528539654,5.1198905285396545,204.79562114158617,-25.59945264269827,127.99726321349135,38.39917896404741,63.998631606745676,-102.39781057079308,12.799726321349135,51.19890528539654
36.6,102.41122325016495,153.61683487524743,76.80841743762372,25.602805812541238,-51.205611625082476,5.120561162508248,204.8224465003299,-25.602805812541238,128.0140290627062,38.40420871881186,64.0070145313531,-102.41122325016495,12.801402906270619,51.205611625082476
36.7,102.4251708311364,153.6377562467046,76.8188781233523,25.6062927077841,-51.2125854155682,5.12125854155682,204.8503416622728,-25.6062927077841,128.0314635389205,38.40943906167615,64.01573176946025,-102.4251708311364,12.80314635389205,51.2125854155682
36.800000000000004,102.43973341596099,153.6596001239415,76.82980006197074,25.609933353990247,-51.21986670798049,5.12198667079805,204.87946683192197,-25.609933353990247,128.04966676995124,38.41490003098537,64.02483338497562,-102.43973341596099,12.804966676995123,51.21986670798049
36.9,102.45495347386746,153.6824302108012,76.8412151054006,25.613738368466866,-51.22747673693373,5.1227476736933735,204.90990694773492,-25.613738368466866,128.06869184233432,38.4206075527003,64.03434592116716,-102.45495347386746,12.806869184233433,51.22747673693373
37.0,102.47090808870513,153.7063621330577,76.85318106652885,25.617727022176283,-51.235454044352565,5.123545404435257,204.94181617741026,-25.617727022176283,128.0886351108814,38.426590533264424,64.0443175554407,-102.47090808870513,12.808863511088141,51.235454044352565
37.1,102.48766927889972,153.73150391834957,76.86575195917479,25.62191731972493,-51.24383463944986,5.124383463944986,204.97533855779943,-25.62191731972493,128.10958659862465,38.43287597958739,64.05479329931232,-102.48766927889972,12.810958659862465,51.24383463944986
37.2,102.5052708452131,153.75790626781966,76.87895313390983,25.626317711303276,-51.25263542260655,5.125263542260655,205.0105416904262,-25.626317711303276,128.1315885565164,38.439476566954916,64.0657942782582,-102.5052708452131,12.813158855651638,51.25263542260655
37.300000000000004,102.5238133592771,153.78572003891566,76.89286001945783,25.630953339819275,-51.26190667963855,5.126190667963855,205.0476267185542,-25.630953339819275,128.15476669909637,38.446430009728914,64.07738334954819,-102.5238133592771,12.815476669909637,51.26190667963855
37.4,102.54340791803189,153.81511187704783,76.90755593852391,25.635851979507972,-51.271703959015944,5.127170395901595,205.08681583606378,-25.635851979507972,128.17925989753985,38.45377796926196,64.08962994876993,-102.54340791803189,12.817925989753986,51.271703959015944
37.5,102.56410537916025,153.84615806874038,76.92307903437019,25.641026344790063,-51.28205268958013,5.128205268958013,205.1282107583205,-25.641026344790063,128.20513172395033,38.461539517185095,64.10256586197517,-102.56410537916025,12.820513172395032,51.28205268958013
37.6,102.5858947322222,153.8788420983333,76.93942104916665,25.64647368305555,-51.2929473661111,5.129294736611111,205.1717894644444,-25.64647368305555,128.23236841527776,38.46971052458333,64.11618420763888,-102.5858947322222,12.823236841527775,51.2929473661111
37.7,102.60870984981844,153.91306477472767,76.95653238736384,25.65217746245461,-51.30435492490922,5.130435492490922,205.21741969963688,-25.65217746245461,128.26088731227304,38.47826619368192,64.13044365613652,-102.60870984981844,12.826088731227305,51.30435492490922
37.800000000000004,102.63247421995767,153.94871132993651,76.97435566496826,25.658118554989418,-51.316237109978836,5.131623710997884,205.26494843991534,-25.658118554989418,128.2905927749471,38.48717783248413,64.14529638747355,-102.63247421995767,12.829059277494709,51.316237109978836
37.9,102.65710687746031,153.98566031619046,76.99283015809523,25.664276719365077,-51.328553438730154,5.132855343873016,205.31421375492062,-25.664276719365077,128.3213835968254,38.496415079047615,64.1606917984127,-102.65710687746031,12.832138359682538,51.328553438730154
38.0,102.68251424986433,154.0237713747965,77.01188568739825,25.67062856246608,-51.34125712493216,5.1341257124932165,205.36502849972865,-25.67062856246608,128.35314281233042,38.505942843699124,64.17657140616521,-102.68251424986433,12.83531428123304,51.34125712493216
38.1,102.70866132620338,154.0629919893051,77.03149599465254,25.677165331550846,-51.35433066310169,5.13543306631017,205.41732265240677,-25.677165331550846,128.38582665775422,38.51574799732627,64.19291332887711,-102.70866132620338,12.838582665775423,51.35433066310169
38.2,102.73559453027974,154.1033917954196,77.0516958977098,25.683898632569935,-51.36779726513987,5.136779726513987,205.47118906055948,-25.683898632569935,128.41949316284968,38.5258479488549,64.20974658142484,-102.73559453027974,12.841949316284968,51.36779726513987
38.300000000000004,102.76340116713513,154.14510175070268,77.07255087535134,25.690850291783782,-51.381700583567564,5.138170058356756,205.52680233427026,-25.690850291783782,128.45425145891892,38.53627543767567,64.22712572945946,-102.76340116713513,12.845425145891891,51.381700583567564
38.400000000000006,102.79216800093397,154.18825200140094,77.09412600070047,25.698042000233492,-51.396084000466985,5.139608400046699,205.58433600186794,-25.698042000233492,128.49021000116747,38.547063000350235,64.24510500058373,-102.79216800093397,12.849021000116746,51.396084000466985
38.5,102.82200207984847,154.23300311977272,77.11650155988636,25.70550051996212,-51.41100103992424,5.141100103992424,205.64400415969695,-25.70550051996212,128.5275025998106,38.55825077994318,64.2637512999053,-102.82200207984847,12.85275025998106,51.41100103992424
38.6,102.85300970093925,154.27951455140888,77.13975727570444,25.713252425234813,-51.42650485046963,5.142650485046963,205.7060194018785,-25.713252425234813,128.56626212617408,38.56987863785222,64.28313106308704,-102.85300970093925,12.856626212617407,51.42650485046963
38.7,102.88525137353787,154.3278770603068,77.1639385301534,25.721312843384467,-51.442625686768935,5.1442625686768935,205.77050274707574,-25.721312843384467,128.60656421692232,38.5819692650767,64.30328210846116,-102.88525137353787,12.860656421692234,51.442625686768935
38.800000000000004,102.91870916761528,154.37806375142293,77.18903187571146,25.72967729190382,-51.45935458380764,5.145935458380764,205.83741833523055,-25.72967729190382,128.6483864595191,38.59451593785573,64.32419322975954,-102.91870916761528,12.86483864595191,51.45935458380764
38.900000000000006,102.95332156827244,154.42998235240867,77.21499117620434,25.73833039206811,-51.47666078413622,5.147666078413622,205.9066431365449,-25.73833039206811,128.69165196034055,38.60749558810217,64.34582598017028,-102.95332156827244,12.869165196034055,51.47666078413622
39.0,102.98903069557493,154.4835460433624,77.2417730216812,25.74725767389373,-51.49451534778746,5.149451534778747,205.97806139114985,-25.74725767389373,128.73628836946867,38.6208865108406,64.36814418473433,-102.98903069557493,12.873628836946866,51.49451534778746
39.1,103.02569414670221,154.5385412200533,77.26927061002665,25.756423536675552,-51.512847073351104,5.151284707335111,206.05138829340441,-25.756423536675552,128.78211768337775,38.634635305013326,64.39105884168887,-103.02569414670221,12.878211768337776,51.512847073351104
39.2,103.06307522442754,154.59461283664132,77.29730641832066,25.765768806106884,-51.53153761221377,5.153153761221377,206.12615044885507,-25.765768806106884,128.8288440305344,38.64865320916033,64.4144220152672,-103.06307522442754,12.882884403053442,51.53153761221377
39.300000000000004,103.10092075089813,154.6513811263472,77.3256905631736,25.77523018772453,-51.55046037544906,5.155046037544906,206.20184150179625,-25.77523018772453,128.87615093862266,38.6628452815868,64.43807546931133,-103.10092075089813,12.887615093862266,51.55046037544906
39.400000000000006,103.13901046792846,154.70851570189268,77.35425785094634,25.784752616982114,-51.56950523396423,5.156950523396423,206.27802093585692,-25.784752616982114,128.92376308491058,38.67712892547317,64.46188154245529,-103.13901046792846,12.892376308491057,51.56950523396423
39.5,103.17716057365725,154.76574086048586,77.38287043024293,25.79429014341431,-51.58858028682862,5.158858028682863,206.3543211473145,-25.79429014341431,128.97145071707155,38.691435215121466,64.48572535853577,-103.17716057365725,12.897145071707156,51.58858028682862
39.6,103.21522563273317,154.82283844909975,77.41141922454987,25.80380640818329,-51.60761281636658,5.160761281636659,206.43045126546633,-25.80380640818329,129.01903204091644,38.70570961227494,64.50951602045822,-103.21522563273317,12.901903204091646,51.60761281636658
39.7,103.25313157711365,154.87969736567047,77.43984868283523,25.813282894278412,-51.626565788556825,5.162656578855683,206.5062631542273,-25.813282894278412,129.06641447139205,38.71992434141762,64.53320723569603,-103.25313157711365,12.906641447139206,51.626565788556825
39.800000000000004,103.2907773815035,154.93616607225525,77.46808303612762,25.822694345375876,-51.64538869075175,5.164538869075176,206.581554763007,-25.822694345375876,129.11347172687937,38.73404151806381,64.55673586343968,-103.2907773815035,12.911347172687938,51.64538869075175
39.900000000000006,103.32795588728044,154.99193383092066,77.49596691546033,25.83198897182011,-51.66397794364022,5.1663977943640225,206.65591177456088,-25.83198897182011,129.15994485910056,38.747983457730165,64.57997242955028,-103.32795588728044,12.915994485910055,51.66397794364022
40.0,103.36444304538423,155.04666456807635,77.52333228403818,25.84111076134606,-51.68222152269212,5.168222152269212,206.72888609076847,-25.84111076134606,129.20555380673028,38.76166614201909,64.60277690336514,-103.36444304538423,12.92055538067303,51.68222152269212
40.1,103.4000630728509,155.10009460927634,77.55004730463817,25.850015768212725,-51.70003153642545,5.170003153642545,206.8001261457018,-25.850015768212725,129.2500788410636,38.775023652319085,64.6250394205318,-103.4000630728509,12.925007884106362,51.70003153642545
40.2,103.43471145862355,155.15206718793533,77.57603359396767,25.85867786465589,-51.71735572931178,5.171735572931178,206.8694229172471,-25.85867786465589,129.29338932327943,38.78801679698383,64.64669466163971,-103.43471145862355,12.929338932327944,51.71735572931178
40.300000000000004,103.46833082505358,155.20249623758036,77.60124811879018,25.867082706263396,-51.73416541252679,5.17341654125268,206.93666165010717,-25.867082706263396,129.335413531317,38.80062405939509,64.6677067656585,-103.46833082505358,12.933541353131698,51.73416541252679
40.400000000000006,103.50088836334115,155.25133254501173,77.62566627250587,25.875222090835287,-51.750444181670574,5.175044418167058,207.0017767266823,-25.875222090835287,129.37611045417643,38.812833136252934,64.68805522708821,-103.50088836334115,12.937611045417643,51.750444181670574
40.5,103.53231375902868,155.29847063854302,77.64923531927151,25.88307843975717,-51.76615687951434,5.1766156879514345,207.06462751805736,-25.88307843975717,129.41539219878587,38.824617659635756,64.70769609939293,-103.53231375902868,12.941539219878585,51.76615687951434
40.6,103.56257344644061,155.3438601696609,77.67193008483045,25.890643361610152,-51.781286723220305,5.178128672322031,207.12514689288122,-25.890643361610152,129.45321680805077,38.835965042415225,64.72660840402538,-103.56257344644061,12.945321680805076,51.781286723220305
40.7,103.59162227943055,155.38743341914582,77.69371670957291,25.897905569857638,-51.795811139715276,5.179581113971528,207.1832445588611,-25.897905569857638,129.48952784928818,38.846858354786455,64.74476392464409,-103.59162227943055,12.948952784928819,51.795811139715276
40.800000000000004,103.6193785776886,155.42906786653288,77.71453393326644,25.90484464442215,-51.8096892888443,5.18096892888443,207.2387571553772,-25.90484464442215,129.52422322211075,38.85726696663322,64.76211161105537,-103.6193785776886,12.952422322211074,51.8096892888443
40.900000000000006,103.64577223591891,155.46865835387837,77.73432917693918,25.911443058979728,-51.822886117959456,5.182288611795946,207.29154447183782,-25.911443058979728,129.55721529489864,38.86716458846959,64.77860764744932,-103.64577223591891,12.955721529489864,51.822886117959456
41.0,103.67073770846547,155.5061065626982,77.7530532813491,25.917684427116367,-51.83536885423273,5.1835368854232735,207.34147541693093,-25.917684427116367,129.58842213558182,38.87652664067455,64.79421106779091,-103.67073770846547,12.958842213558183,51.83536885423273
41.1,103.69421931348258,155.54132897022387,77.77066448511194,25.923554828370644,-51.84710965674129,5.184710965674129,207.38843862696515,-25.923554828370644,129.61777414185323,38.88533224255597,64.80888707092662,-103.69421931348258,12.961777414185322,51.84710965674129
41.2,103.71611119108387,155.5741667866258,77.7870833933129,25.929027797770967,-51.858055595541934,5.185805559554193,207.43222238216774,-25.929027797770967,129.64513898885482,38.89354169665645,64.82256949442741,-103.71611119108387,12.964513898885484,51.858055595541934
41.300000000000004,103.73631515326629,155.60447272989944,77.80223636494972,25.934078788316572,-51.868157576633145,5.1868157576633145,207.47263030653258,-25.934078788316572,129.67039394158286,38.90111818247486,64.83519697079143,-103.73631515326629,12.967039394158286,51.868157576633145
41.400000000000006,103.75471685537515,155.63207528306273,77.81603764153137,25.938679213843788,-51.877358427687575,5.187735842768758,207.5094337107503,-25.938679213843788,129.69339606921895,38.90801882076568,64.84669803460947,-103.75471685537515,12.969339606921894,51.877358427687575
41.5,103.7711995873986,155.6567993810979,77.82839969054895,25.94279989684965,-51.8855997936993,5.188559979369931,207.5423991747972,-25.94279989684965,129.71399948424823,38.914199845274474,64.85699974212412,-103.7711995873986,12.971399948424825,51.8855997936993
41.6,103.78563344225353,155.6784501633803,77.83922508169015,25.94640836056338,-51.89281672112676,5.189281672112677,207.57126688450705,-25.94640836056338,129.73204180281692,38.91961254084507,64.86602090140846,-103.78563344225353,12.97320418028169,51.89281672112676
41.7,103.79791475736482,155.69687213604723,77.84843606802362,25.949478689341205,-51.89895737868241,5.189895737868241,207.59582951472964,-25.949478689341205,129.74739344670604,38.92421803401181,64.87369672335302,-103.79791475736482,12.974739344670603,51.89895737868241
41.800000000000004,103.80799076827032,155.71198615240547,77.85599307620274,25.95199769206758,-51.90399538413516,5.190399538413516,207.61598153654063,-25.95199769206758,129.7599884603379,38.92799653810137,64.87999423016895,-103.80799076827032,12.97599884603379,51.90399538413516
41.900000000000006,103.81589891397235,155.72384837095854,77.86192418547927,25.953974728493087,-51.907949456986174,5.1907949456986175,207.6317978279447,-25.953974728493087,129.76987364246543,38.930962092739634,64.88493682123271,-103.81589891397235,12.976987364246543,51.907949456986174
42.0,103.82173275533455,155.73259913300183,77.86629956650091,25.955433188833638,-51.910866377667276,5.191086637766728,207.6434655106691,-25.955433188833638,129.7771659441682,38.93314978325046,64.8885829720841,-103.82173275533455,12.977716594416819,51.910866377667276
42.1,103.82561148294916,155.73841722442373,77.86920861221186,25.95640287073729,-51.91280574147458,5.191280574147458,207.6512229658983,-25.95640287073729,129.78201435368644,38.93460430610593,64.89100717684322,-103.82561148294916,12.978201435368645,51.91280574147458
42.2,103.82765904783457,155.74148857175186,77.87074428587593,25.956914761958643,-51.913829523917286,5.191382952391729,207.65531809566914,-25.956914761958643,129.78457380979322,38.935372142937965,64.89228690489661,-103.82765904783457,12.978457380979322,51.913829523917286
42.300000000000004,103.82800150809952,155.74200226214927,77.87100113107464,25.95700037702488,-51.91400075404976,5.191400075404976,207.65600301619904,-25.95700037702488,129.7850018851244,38.93550056553732,64.8925009425622,-103.82800150809952,12.97850018851244,51.91400075404976
42.400000000000006,103.8267703486495,155.74015552297425,77.87007776148712,25.956692587162376,-51.91338517432475,5.1913385174324755,207.653540697299,-25.956692587162376,129.78346293581188,38.93503888074356,64.89173146790594,-103.8267703486495,12.978346293581188,51.91338517432475
42.5,103.82409158999693,155.7361373849954,77.8680686924977,25.95602289749923,-51.91204579499846,5.191204579499846,207.64818317999385,-25.95602289749923,129.78011448749615,38.93403434624885,64.89005724374807,-103.82409158999693,12.978011448749616,51.91204579499846
42.6,103.82011783107512,155.7301767466127,77.86508837330635,25.95502945776878,-51.91005891553756,5.191005891553757,207.64023566215025,-25.95502945776878,129.7751472888439,38.932544186653175,64.88757364442195,-103.82011783107512,12.97751472888439,51.91005891553756
42.7,103.81502198576186,155.7225329786428,77.8612664893214,25.953755496440465,-51.90751099288093,5.190751099288093,207.63004397152372,-25.953755496440465,129.76877748220232,38.9306332446607,64.88438874110116,-103.81502198576186,12.976877748220232,51.90751099288093
42.800000000000004,103.80898446721096,155.71347670081644,77.85673835040822,25.95224611680274,-51.90449223360548,5.190449223360549,207.61796893442192,-25.95224611680274,129.7612305840137,38.92836917520411,64.88061529200685,-103.80898446721096,12.97612305840137,51.90449223360548
42.900000000000006,103.80216379697458,155.70324569546187,77.85162284773094,25.950540949243646,-51.90108189848729,5.190108189848729,207.60432759394917,-25.950540949243646,129.75270474621823,38.92581142386547,64.87635237310911,-103.80216379697458,12.975270474621823,51.90108189848729
43.0,103.79471455062611,155.69207182593917,77.84603591296958,25.948678637656528,-51.897357275313055,5.189735727531306,207.58942910125222,-25.948678637656528,129.74339318828265,38.92301795648479,64.87169659414133,-103.79471455062611,12.974339318828264,51.897357275313055
43.1,103.78676181349165,155.68014272023748,77.84007136011874,25.946690453372913,-51.893380906745826,5.189338090674583,207.5735236269833,-25.946690453372913,129.73345226686456,38.92003568005937,64.86672613343228,-103.78676181349165,12.973345226686456,51.893380906745826
43.2,103.77850979989998,155.66776469984995,77.83388234992498,25.944627449974995,-51.88925489994999,5.1889254899949995,207.55701959979996,-25.944627449974995,129.72313724987498,38.91694117496249,64.86156862493749,-103.77850979989998,12.972313724987497,51.88925489994999
43.300000000000004,103.77025447083865,155.65538170625797,77.82769085312898,25.942563617709663,-51.885127235419326,5.188512723541933,207.5405089416773,-25.942563617709663,129.71281808854832,38.91384542656449,64.85640904427416,-103.77025447083865,12.971281808854831,51.885127235419326
43.400000000000006,103.76228494866926,155.64342742300389,77.82171371150194,25.940571237167315,-51.88114247433463,5.188114247433464,207.52456989733852,-25.940571237167315,129.70285618583657,38.91085685575097,64.85142809291828,-103.76228494866926,12.970285618583658,51.88114247433463
43.5,103.75489490769635,155.63234236154454,77.81617118077227,25.93872372692409,-51.87744745384818,5.187744745384818,207.5097898153927,-25.93872372692409,129.69361863462044,38.908085590386136,64.84680931731022,-103.75489490769635,12.969361863462044,51.87744745384818
43.6,103.74836348652988,155.6225452297948,77.8112726148974,25.93709087163247,-51.87418174326494,5.187418174326495,207.49672697305976,-25.93709087163247,129.68545435816236,38.9056363074487,64.84272717908118,-103.74836348652988,12.968545435816235,51.87418174326494
43.7,103.74298504659131,155.61447756988696,77.80723878494348,25.93574626164783,-51.87149252329566,5.187149252329566,207.48597009318263,-25.93574626164783,129.67873130823915,38.90361939247174,64.83936565411958,-103.74298504659131,12.967873130823914,51.87149252329566
43.800000000000004,103.7390165061399,155.60852475920984,77.80426237960492,25.934754126534976,-51.86950825306995,5.186950825306996,207.4780330122798,-25.934754126534976,129.6737706326749,38.90213118980246,64.83688531633744,-103.7390165061399,12.967377063267488,51.86950825306995
43.900000000000006,103.73663744410082,155.60495616615123,77.80247808307561,25.934159361025205,-51.86831872205041,5.186831872205041,207.47327488820164,-25.934159361025205,129.67079680512603,38.901239041537806,64.83539840256302,-103.73663744410082,12.967079680512603,51.86831872205041
44.0,103.73605405803507,155.6040810870526,77.8020405435263,25.934013514508766,-51.86802702901753,5.186802702901754,207.47210811607013,-25.934013514508766,129.67006757254384,38.90102027176315,64.83503378627192,-103.73605405803507,12.967006757254383,51.86802702901753
44.1,103.73752660684646,155.60628991026968,77.80314495513484,25.934381651711615,-51.86876330342323,5.186876330342323,207.47505321369292,-25.934381651711615,129.67190825855806,38.90157247756742,64.83595412927903,-103.73752660684646,12.967190825855807,51.86876330342323
44.2,103.74131030302115,155.61196545453174,77.80598272726587,25.935327575755288,-51.870655151510576,5.187065515151058,207.4826206060423,-25.935327575755288,129.67663787877643,38.902991363632935,64.83831893938822,-103.74131030302115,12.967663787877644,51.870655151510576
44.300000000000004,103.74759750598035,155.62139625897052,77.81069812948526,25.936899376495088,-51.873798752990176,5.187379875299018,207.4951950119607,-25.936899376495088,129.68449688247543,38.90534906474263,64.84224844123771,-103.74759750598035,12.968449688247544,51.873798752990176
44.400000000000006,103.75656751017051,155.63485126525578,77.81742563262789,25.939141877542628,-51.878283755085256,5.187828375508526,207.51313502034102,-25.939141877542628,129.69570938771315,38.908712816313944,64.84785469385658,-103.75656751017051,12.969570938771314,51.878283755085256
44.5,103.76835059954897,155.65252589932345,77.82626294966173,25.94208764988724,-51.88417529977448,5.188417529977449,207.53670119909793,-25.94208764988724,129.7104382494362,38.91313147483086,64.8552191247181,-103.76835059954897,12.97104382494362,51.88417529977448
44.6,103.78309054251162,155.67463581376742,77.83731790688371,25.945772635627904,-51.89154527125581,5.189154527125581,207.56618108502323,-25.945772635627904,129.72886317813953,38.918658953441856,64.86443158906977,-103.78309054251162,12.972886317813952,51.89154527125581
44.7,103.80096513884075,155.70144770826113,77.85072385413056,25.950241284710188,-51.900482569420376,5.190048256942038,207.6019302776815,-25.950241284710188,129.75120642355094,38.92536192706528,64.87560321177547,-103.80096513884075,12.975120642355094,51.900482569420376
44.800000000000004,103.82207288858135,155.733109332872,77.866554666436,25.955518222145336,-51.91103644429067,5.1911036444290675,207.6441457771627,-25.955518222145336,129.7775911107267,38.933277333218,64.88879555536334,-103.82207288858135,12.977759111072668,51.91103644429067
44.900000000000006,103.84643069453641,155.7696460418046,77.8848230209023,25.961607673634102,-51.923215347268204,5.192321534726821,207.69286138907282,-25.961607673634102,129.80803836817051,38.94241151045115,64.90401918408526,-103.84643069453641,12.980803836817051,51.923215347268204
45.0,103.87406584546466,155.81109876819698,77.90554938409849,25.968516461366164,-51.93703292273233,5.193703292273233,207.7481316909293,-25.968516461366164,129.84258230683082,38.952774692049246,64.92129115341541,-103.87406584546466,12.984258230683082,51.93703292273233
45.1,103.90497525140145,155.8574628771022,77.9287314385511,25.976243812850363,-51.952487625700726,5.195248762570073,207.8099505028029,-25.976243812850363,129.8812190642518,38.96436571927555,64.9406095321259,-103.90497525140145,12.988121906425182,51.952487625700726
45.2,103.93914625661132,155.908719384917,77.9543596924585,25.98478656415283,-51.96957312830566,5.196957312830566,207.87829251322265,-25.98478656415283,129.92393282076415,38.97717984622925,64.96196641038208,-103.93914625661132,12.992393282076415,51.96957312830566
45.300000000000004,103.97657128821814,155.96485693232722,77.98242846616361,25.994142822054535,-51.98828564410907,5.198828564410907,207.95314257643628,-25.994142822054535,129.97071411027267,38.991214233081806,64.98535705513633,-103.97657128821814,12.997071411027267,51.98828564410907
45.400000000000006,104.01725729990969,156.02588594986452,78.01294297493226,26.004314324977422,-52.008628649954844,5.200862864995485,208.03451459981937,-26.004314324977422,130.02157162488712,39.00647148746613,65.01078581244356,-104.01725729990969,13.002157162488711,52.008628649954844
45.5,104.0611655529493,156.09174832942395,78.04587416471198,26.015291388237326,-52.03058277647465,5.203058277647465,208.1223311058986,-26.015291388237326,130.07645694118662,39.02293708235599,65.03822847059331,-104.0611655529493,13.007645694118663,52.03058277647465
45.6,104.1081473180213,156.16222097703195,78.08111048851598,26.027036829505324,-52.05407365901065,5.205407365901065,208.2162946360426,-26.027036829505324,130.13518414752662,39.04055524425799,65.06759207376331,-104.1081473180213,13.013518414752662,52.05407365901065
45.7,104.15802413294166,156.2370361994125,78.11851809970625,26.039506033235416,-52.07901206647083,5.207901206647083,208.31604826588332,-26.039506033235416,130.19753016617707,39.059259049853125,65.09876508308854,-104.15802413294166,13.019753016617708,52.07901206647083
45.800000000000004,104.21061318112999,156.31591977169498,78.15795988584749,26.052653295282497,-52.10530659056499,5.2105306590564995,208.42122636225997,-26.052653295282497,130.26326647641247,39.078979942923745,65.13163323820623,-104.21061318112999,13.026326647641248,52.10530659056499
45.900000000000006,104.26567075032476,156.39850612548713,78.19925306274357,26.06641768758119,-52.13283537516238,5.213283537516238,208.53134150064952,-26.06641768758119,130.33208843790595,39.09962653137178,65.16604421895298,-104.26567075032476,13.033208843790595,52.13283537516238
46.0,104.3229583482623,156.48443752239345,78.24221876119672,26.080739587065576,-52.16147917413115,5.216147917413116,208.6459166965246,-26.080739587065576,130.40369793532787,39.12110938059836,65.20184896766393,-104.3229583482623,13.040369793532788,52.16147917413115
46.1,104.3822655602349,156.57339834035236,78.28669917017618,26.095566390058725,-52.19113278011745,5.219113278011745,208.7645311204698,-26.095566390058725,130.47783195029362,39.14334958508809,65.23891597514681,-104.3822655602349,13.047783195029362,52.19113278011745
46.2,104.44334030702527,156.6650104605379,78.33250523026895,26.110835076756317,-52.22167015351263,5.222167015351264,208.88668061405053,-26.110835076756317,130.55417538378157,39.166252615134475,65.27708769189078,-104.44334030702527,13.055417538378158,52.22167015351263
46.300000000000004,104.50595096878183,156.75892645317276,78.37946322658638,26.126487742195458,-52.252975484390916,5.225297548439092,209.01190193756366,-26.126487742195458,130.63243871097728,39.18973161329319,65.31621935548864,-104.50595096878183,13.063243871097729,52.252975484390916
46.400000000000006,104.569907785687,156.85486167853048,78.42743083926524,26.14247694642175,-52.2849538928435,5.22849538928435,209.139815571374,-26.14247694642175,130.71238473210875,39.21371541963262,65.35619236605437,-104.569907785687,13.071238473210874,52.2849538928435
46.5,104.63506570174854,156.95259855262282,78.47629927631141,26.158766425437136,-52.31753285087427,5.231753285087428,209.2701314034971,-26.158766425437136,130.79383212718568,39.238149638155704,65.39691606359284,-104.63506570174854,13.079383212718568,52.31753285087427
46.6,104.70126982539914,157.0519047380987,78.52595236904935,26.175317456349784,-52.35063491269957,5.235063491269957,209.40253965079827,-26.175317456349784,130.87658728174893,39.262976184524675,65.43829364087446,-104.70126982539914,13.087658728174892,52.35063491269957
46.7,104.76836209981633,157.1525431497245,78.57627157486225,26.192090524954082,-52.384181049908165,5.238418104990817,209.53672419963266,-26.192090524954082,130.96045262477043,39.28813578743112,65.48022631238521,-104.76836209981633,13.096045262477041,52.384181049908165
46.800000000000004,104.83624484536841,157.25436726805262,78.62718363402631,26.209061211342103,-52.418122422684206,5.241812242268421,209.67248969073682,-26.209061211342103,131.0453060567105,39.313591817013155,65.52265302835525,-104.83624484536841,13.104530605671052,52.418122422684206
46.900000000000006,104.90485268254446,157.3572790238167,78.67863951190834,26.226213170636115,-52.45242634127223,5.245242634127223,209.80970536508892,-26.226213170636115,131.1310658531806,39.33931975595417,65.5655329265903,-104.90485268254446,13.113106585318057,52.45242634127223
47.0,104.97407800543633,157.46111700815447,78.73055850407724,26.24351950135908,-52.48703900271816,5.248703900271817,209.94815601087265,-26.24351950135908,131.2175975067954,39.36527925203862,65.6087987533977,-104.97407800543633,13.12175975067954,52.48703900271816
47.1,105.04374454947886,157.5656168242183,78.78280841210915,26.260936137369715,-52.52187227473943,5.252187227473943,210.08748909895772,-26.260936137369715,131.30468068684857,39.391404206054574,65.65234034342429,-105.04374454947886,13.130468068684857,52.52187227473943
47.2,105.11362674482581,157.6704401172387,78.83522005861936,26.278406686206452,-52.556813372412904,5.255681337241291,210.22725348965162,-26.278406686206452,131.39203343103225,39.41761002930968,65.69601671551612,-105.11362674482581,13.139203343103226,52.556813372412904
47.300000000000004,105.1835357278777,157.77530359181654,78.88765179590827,26.295883931969424,-52.59176786393885,5.259176786393885,210.3670714557554,-26.295883931969424,131.4794196598471,39.443825897954135,65.73970982992356,-105.1835357278777,13.147941965984712,52.59176786393885
47.400000000000006,105.25332613856298,157.87998920784446,78.93999460392223,26.313331534640746,-52.62666306928149,5.26266630692815,210.50665227712597,-26.313331534640746,131.56665767320374,39.469997301961115,65.78332883660187,-105.25332613856298,13.156665767320373,52.62666306928149
47.5,105.32289694614948,157.9843454192242,78.9921727096121,26.33072423653737,-52.66144847307474,5.266144847307475,210.64579389229897,-26.33072423653737,131.65362118268686,39.49608635480605,65.82681059134343,-105.32289694614948,13.165362118268686,52.66144847307474
47.6,105.39212008961164,158.08818013441746,79.04409006720873,26.34803002240291,-52.69606004480582,5.269606004480583,210.78424017922327,-26.34803002240291,131.74015011201453,39.522045033604364,65.87007505600727,-105.39212008961164,13.174015011201455,52.69606004480582
47.7,105.4608262922979,158.19123943844684,79.09561971922342,26.365206573074474,-52.73041314614895,5.273041314614895,210.9216525845958,-26.365206573074474,131.82603286537238,39.54780985961171,65.91301643268619,-105.4608262922979,13.182603286537237,52.73041314614895
47.800000000000004,105.52881093310927,158.2932163996639,79.14660819983195,26.382202733277317,-52.764405466554635,5.276440546655464,211.05762186621854,-26.382202733277317,131.9110136663866,39.57330409991597,65.9555068331933,-105.52881093310927,13.191101366638659,52.764405466554635
47.900000000000006,105.5959139872838,158.3938709809257,79.19693549046285,26.39897849682095,-52.7979569936419,5.27979569936419,211.1918279745676,-26.39897849682095,131.99489248410475,39.598467745231424,65.99744624205238,-105.5959139872838,13.199489248410474,52.7979569936419
48.0,105.6620218011354,158.4930327017031,79.24651635085155,26.41550545028385,-52.8310109005677,5.28310109005677,211.3240436022708,-26.41550545028385,132.07752725141924,39.623258175425775,66.03876362570962,-105.6620218011354,13.207752725141924,52.8310109005677
48.1,105.727066376543,158.59059956481448,79.29529978240724,26.43176659413575,-52.8635331882715,5.28635331882715,211.454132753086,-26.43176659413575,132.15883297067873,39.64764989120362,66.07941648533937,-105.727066376543,13.215883297067874,52.8635331882715
48.2,105.79096322692243,158.68644484038364,79.34322242019182,26.447740806730607,-52.895481613461214,5.289548161346122,211.58192645384486,-26.447740806730607,132.23870403365305,39.67161121009591,66.11935201682653,-105.79096322692243,13.223870403365304,52.895481613461214
48.300000000000004,105.85373872475994,158.7806080871399,79.39030404356996,26.463434681189984,-52.92686936237997,5.292686936237997,211.70747744951987,-26.463434681189984,132.31717340594992,39.69515202178498,66.15858670297496,-105.85373872475994,13.231717340594992,52.92686936237997
48.400000000000006,105.91538607918241,158.8730791187736,79.4365395593868,26.478846519795603,-52.957693039591206,5.295769303959121,211.83077215836482,-26.478846519795603,132.39423259897802,39.7182697796934,66.19711629948901,-105.91538607918241,13.239423259897801,52.957693039591206
48.5,105.97585124657178,158.96377686985767,79.48188843492883,26.493962811642945,-52.98792562328589,5.29879256232859,211.95170249314356,-26.493962811642945,132.46981405821472,39.74094421746442,66.23490702910736,-105.97585124657178,13.246981405821472,52.98792562328589
48.6,106.03510024179987,159.0526503626998,79.5263251813499,26.508775060449967,-53.017550120899934,5.301755012089994,212.07020048359973,-26.508775060449967,132.54387530224983,39.76316259067495,66.27193765112492,-106.03510024179987,13.254387530224983,53.017550120899934
48.7,106.09308636166043,159.13962954249064,79.56981477124532,26.523271590415106,-53.04654318083021,5.3046543180830215,212.18617272332085,-26.523271590415106,132.61635795207553,39.78490738562266,66.30817897603777,-106.09308636166043,13.261635795207553,53.04654318083021
48.800000000000004,106.1497235898068,159.2245853847102,79.6122926923551,26.5374308974517,-53.0748617949034,5.30748617949034,212.2994471796136,-26.5374308974517,132.6871544872585,39.80614634617755,66.34357724362926,-106.1497235898068,13.26871544872585,53.0748617949034
48.900000000000006,106.20492965363121,159.30739448044682,79.65369724022341,26.551232413407803,-53.102464826815606,5.310246482681561,212.40985930726242,-26.551232413407803,132.756162067039,39.826848620111704,66.3780810335195,-106.20492965363121,13.275616206703901,53.102464826815606
49.0,106.25866513808127,159.3879977071219,79.69399885356096,26.564666284520317,-53.129332569040635,5.3129332569040635,212.51733027616254,-26.564666284520317,132.8233314226016,39.84699942678048,66.4116657113008,-106.25866513808127,13.282333142260159,53.129332569040635
49.1,106.31094374439817,159.46641561659726,79.73320780829863,26.577735936099543,-53.15547187219909,5.315547187219909,212.62188748879635,-26.577735936099543,132.88867968049772,39.866603904149315,66.44433984024886,-106.31094374439817,13.288867968049772,53.15547187219909
49.2,106.36175169171571,159.54262753757357,79.77131376878678,26.590437922928928,-53.180875845857855,5.318087584585786,212.72350338343142,-26.590437922928928,132.95218961464462,39.88565688439339,66.47609480732231,-106.36175169171571,13.295218961464464,53.180875845857855
49.300000000000004,106.41108921583604,159.61663382375406,79.80831691187703,26.60277230395901,-53.20554460791802,5.3205544607918025,212.82217843167209,-26.60277230395901,133.01386151979506,39.904158455938514,66.50693075989753,-106.41108921583604,13.301386151979505,53.20554460791802
49.400000000000006,106.4589118145423,159.68836772181345,79.84418386090672,26.614727953635576,-53.22945590727115,5.322945590727116,212.9178236290846,-26.614727953635576,133.07363976817788,39.92209193045336,66.53681988408894,-106.4589118145423,13.307363976817788,53.22945590727115
49.5,106.50515017098532,159.75772525647798,79.87886262823899,26.62628754274633,-53.25257508549266,5.325257508549266,213.01030034197063,-26.62628754274633,133.13143771373166,39.939431314119496,66.56571885686583,-106.50515017098532,13.313143771373165,53.25257508549266
49.6,106.54975644910866,159.82463467366298,79.91231733683149,26.637439112277164,-53.27487822455433,5.327487822455433,213.0995128982173,-26.637439112277164,133.1871955613858,39.956158668415746,66.5935977806929,-106.54975644910866,13.318719556138582,53.27487822455433
49.7,106.59270432480695,159.8890564872104,79.9445282436052,26.648176081201736,-53.29635216240347,5.329635216240348,213.1854086496139,-26.648176081201736,133.24088040600867,39.9722641218026,66.62044020300434,-106.59270432480695,13.324088040600868,53.29635216240347
49.800000000000004,106.63391237062855,159.95086855594283,79.97543427797142,26.658478092657138,-53.316956185314275,5.331695618531428,213.2678247412571,-26.658478092657138,133.2923904632857,39.98771713898571,66.64619523164285,-106.63391237062855,13.329239046328569,53.316956185314275
49.900000000000006,106.67324133621602,160.00986200432402,80.00493100216201,26.668310334054006,-53.33662066810801,5.333662066810802,213.34648267243205,-26.668310334054006,133.34155167027004,40.002465501081005,66.67077583513502,-106.67324133621602,13.334155167027003,53.33662066810801
50.0,106.71053118941825,160.06579678412737,80.03289839206369,26.677632797354562,-53.355265594709124,5.335526559470913,213.4210623788365,-26.677632797354562,133.3881639867728,40.01644919603184,66.6940819933864,-106.71053118941825,13.338816398677281,53.355265594709124
50.1,106.74562500519136,160.11843750778704,80.05921875389352,26.68640625129784,-53.37281250259568,5.337281250259569,213.4912500103827,-26.68640625129784,133.4320312564892,40.02960937694676,66.7160156282446,-106.74562500519136,13.34320312564892,53.37281250259568
50.2,106.77844286155667,160.16766429233502,80.08383214616751,26.694610715389167,-53.389221430778335,5.338922143077834,213.55688572311334,-26.694610715389167,133.47305357694583,40.041916073083755,66.73652678847291,-106.77844286155667,13.347305357694584,53.389221430778335
50.300000000000004,106.80898061119917,160.21347091679877,80.10673545839938,26.702245152799794,-53.40449030559959,5.3404490305599595,213.61796122239835,-26.702245152799794,133.51122576399897,40.05336772919969,66.75561288199948,-106.80898061119917,13.351122576399897,53.40449030559959
50.400000000000006,106.8372311803999,160.25584677059985,80.12792338529992,26.709307795099974,-53.41861559019995,5.341861559019995,213.6744623607998,-26.709307795099974,133.54653897549986,40.06396169264996,66.77326948774993,-106.8372311803999,13.354653897549987,53.41861559019995
50.5,106.86314537531598,160.29471806297397,80.14735903148699,26.715786343828995,-53.43157268765799,5.3431572687657996,213.72629075063196,-26.715786343828995,133.57893171914498,40.07367951574349,66.78946585957249,-106.86314537531598,13.357893171914498,53.43157268765799
50.6,106.88668486855573,160.3300273028336,80.1650136514168,26.721671217138933,-53.44334243427787,5.344334243427787,213.77336973711147,-26.721671217138933,133.60835608569465,40.0825068257084,66.80417804284733,-106.88668486855573,13.360835608569467,53.44334243427787
50.7,106.90783174483572,160.36174761725357,80.18087380862679,26.72695793620893,-53.45391587241786,5.345391587241786,213.81566348967144,-26.72695793620893,133.63478968104465,40.09043690431339,66.81739484052233,-106.90783174483572,13.363478968104465,53.45391587241786
50.800000000000004,106.92657765012113,160.3898664751817,80.19493323759085,26.731644412530283,-53.463288825060566,5.346328882506057,213.85315530024226,-26.731644412530283,133.65822206265142,40.09746661879542,66.82911103132571,-106.92657765012113,13.365822206265142,53.463288825060566
50.900000000000006,106.9428631188029,160.41429467820436,80.20714733910218,26.735715779700726,-53.47143155940145,5.347143155940145,213.8857262376058,-26.735715779700726,133.67857889850364,40.10357366955109,66.83928944925182,-106.9428631188029,13.367857889850363,53.47143155940145
51.0,106.95660342516452,160.43490513774677,80.21745256887338,26.73915085629113,-53.47830171258226,5.347830171258226,213.91320685032903,-26.73915085629113,133.69575428145563,40.10872628443669,66.84787714072782,-106.95660342516452,13.369575428145565,53.47830171258226
51.1,106.96771955943015,160.4515793391452,80.2257896695726,26.741929889857538,-53.483859779715075,5.348385977971508,213.9354391188603,-26.741929889857538,133.7096494492877,40.1128948347863,66.85482472464385,-106.96771955943015,13.370964944928769,53.483859779715075
51.2,106.97614666038402,160.46421999057603,80.23210999528801,26.744036665096004,-53.48807333019201,5.348807333019201,213.95229332076804,-26.744036665096004,133.72018332548004,40.11605499764401,66.86009166274002,-106.97614666038402,13.372018332548002,53.48807333019201
51.300000000000004,106.98172992789057,160.47259489183585,80.23629744591793,26.745432481972642,-53.490864963945285,5.349086496394529,213.96345985578114,-26.745432481972642,133.7271624098632,40.11814872295896,66.8635812049316,-106.98172992789057,13.372716240986321,53.490864963945285
51.400000000000006,106.98433353449722,160.47650030174583,80.23825015087291,26.746083383624306,-53.49216676724861,5.349216676724861,213.96866706899445,-26.746083383624306,133.73041691812153,40.11912507543646,66.86520845906077,-106.98433353449722,13.373041691812153,53.49216676724861
51.5,106.98386177414305,160.47579266121457,80.23789633060728,26.745965443535763,-53.491930887071526,5.349193088707153,213.9677235482861,-26.745965443535763,133.7298272176788,40.11894816530364,66.8649136088394,-106.98386177414305,13.372982721767881,53.491930887071526
51.6,106.98028556659716,160.47042834989574,80.23521417494787,26.74507139164929,-53.49014278329858,5.349014278329858,213.96057113319432,-26.74507139164929,133.72535695824644,40.117607087473935,66.86267847912322,-106.98028556659716,13.372535695824645,53.49014278329858
51.7,106.9736004147115,160.46040062206725,80.23020031103363,26.743400103677875,-53.48680020735575,5.348680020735575,213.947200829423,-26.743400103677875,133.71700051838937,40.115100155516814,66.85850025919468,-106.9736004147115,13.371700051838937,53.48680020735575
51.800000000000004,106.96383396371382,160.44575094557075,80.22287547278538,26.740958490928456,-53.48191698185691,5.348191698185691,213.92766792742765,-26.740958490928456,133.70479245464227,40.11143773639269,66.85239622732114,-106.96383396371382,13.370479245464228,53.48191698185691
51.900000000000006,106.95111362601776,160.42667043902662,80.21333521951331,26.73777840650444,-53.47555681300888,5.347555681300888,213.90222725203552,-26.73777840650444,133.6888920325222,40.106667609756656,66.8444460162611,-106.95111362601776,13.36888920325222,53.47555681300888
52.0,106.93558798669885,160.40338198004827,80.20169099002413,26.733896996674712,-53.467793993349424,5.346779399334943,213.8711759733977,-26.733896996674712,133.66948498337356,40.10084549501207,66.83474249168678,-106.93558798669885,13.366948498337356,53.467793993349424
52.1,106.91738998980415,160.3760849847062,80.1880424923531,26.729347497451037,-53.458694994902075,5.345869499490208,213.8347799796083,-26.729347497451037,133.6467374872552,40.09402124617655,66.8233687436276,-106.91738998980415,13.364673748725519,53.458694994902075
52.2,106.89661046231245,160.3449156934687,80.17245784673435,26.724152615578113,-53.448305231156226,5.344830523115623,213.7932209246249,-26.724152615578113,133.62076307789056,40.08622892336717,66.81038153894528,-106.89661046231245,13.362076307789057,53.448305231156226
52.300000000000004,106.87321891460917,160.30982837191374,80.15491418595687,26.718304728652292,-53.436609457304584,5.343660945730459,213.74643782921834,-26.718304728652292,133.59152364326147,40.077457092978435,66.79576182163073,-106.87321891460917,13.359152364326146,53.436609457304584
52.400000000000006,106.84716567657361,160.27074851486043,80.13537425743021,26.711791419143402,-53.423582838286805,5.3423582838286805,213.69433135314722,-26.711791419143402,133.558957095717,40.06768712871511,66.7794785478585,-106.84716567657361,13.355895709571701,53.423582838286805
52.5,106.81838709420371,160.22758064130556,80.11379032065278,26.70459677355093,-53.40919354710186,5.340919354710186,213.63677418840743,-26.70459677355093,133.52298386775465,40.05689516032639,66.76149193387732,-106.81838709420371,13.352298386775464,53.40919354710186
52.6,106.78681051553886,160.1802157733083,80.09010788665415,26.696702628884715,-53.39340525776943,5.339340525776944,213.57362103107772,-26.696702628884715,133.48351314442357,40.045053943327076,66.74175657221178,-106.78681051553886,13.348351314442358,53.39340525776943
52.7,106.75240819447997,160.12861229171995,80.06430614585997,26.688102048619992,-53.376204097239984,5.337620409723999,213.50481638895994,-26.688102048619992,133.44051024309996,40.03215307292999,66.72025512154998,-106.75240819447997,13.344051024309996,53.376204097239984
52.800000000000004,106.71512749479383,160.07269124219076,80.03634562109538,26.67878187369846,-53.35756374739692,5.335756374739692,213.43025498958767,-26.67878187369846,133.3939093684923,40.01817281054769,66.69695468424615,-106.71512749479383,13.33939093684923,53.35756374739692
52.900000000000006,106.67491317198471,160.01236975797707,80.00618487898853,26.668728292996178,-53.337456585992356,5.333745658599236,213.34982634396943,-26.668728292996178,133.3436414649809,40.00309243949427,66.67182073249045,-106.67491317198471,13.334364146498089,53.337456585992356
53.0,106.63175820301134,159.947637304517,79.9738186522585,26.657939550752836,-53.31587910150567,5.331587910150567,213.2635164060227,-26.657939550752836,133.2896977537642,39.98690932612925,66.6448488768821,-106.63175820301134,13.328969775376418,53.31587910150567
53.1,106.5856836222323,159.87852543334844,79.93926271667422,26.646420905558074,-53.29284181111615,5.329284181111615,213.1713672444646,-26.646420905558074,133.23210452779037,39.96963135833711,66.61605226389518,-106.5856836222323,13.323210452779037,53.29284181111615
53.2,106.53675693763866,159.805135406458,79.902567703229,26.634189234409664,-53.26837846881933,5.326837846881933,213.0735138752773,-26.634189234409664,133.17094617204833,39.9512838516145,66.58547308602417,-106.53675693763866,13.317094617204832,53.26837846881933
53.300000000000004,106.4851067247539,159.72766008713086,79.86383004356543,26.621276681188476,-53.24255336237695,5.324255336237695,212.9702134495078,-26.621276681188476,133.10638340594238,39.931915021782714,66.55319170297119,-106.4851067247539,13.310638340594238,53.24255336237695
53.400000000000006,106.4307752075968,159.6461628113952,79.8230814056976,26.6076938018992,-53.2153876037984,5.32153876037984,212.8615504151936,-26.6076938018992,133.038469009496,39.9115407028488,66.519234504748,-106.4307752075968,13.3038469009496,53.2153876037984
53.5,106.37379510614363,159.56069265921545,79.78034632960772,26.593448776535908,-53.186897553071816,5.318689755307182,212.74759021228726,-26.593448776535908,132.96724388267955,39.89017316480386,66.48362194133978,-106.37379510614363,13.296724388267954,53.186897553071816
53.6,106.31417190021011,159.47125785031517,79.73562892515758,26.578542975052528,-53.157085950105056,5.315708595010506,212.62834380042023,-26.578542975052528,132.89271487526264,39.86781446257879,66.44635743763132,-106.31417190021011,13.289271487526264,53.157085950105056
53.7,106.25188803582505,159.37783205373756,79.68891602686878,26.56297200895626,-53.12594401791252,5.3125944017912525,212.5037760716501,-26.56297200895626,132.8148600447813,39.84445801343439,66.40743002239066,-106.25188803582505,13.28148600447813,53.12594401791252
53.800000000000004,106.18696778324616,159.28045167486925,79.64022583743463,26.54674194581154,-53.09348389162308,5.309348389162309,212.37393556649232,-26.54674194581154,132.7337097290577,39.820112918717314,66.36685486452885,-106.18696778324616,13.27337097290577,53.09348389162308
53.900000000000006,106.11949274823665,159.17923912235497,79.58961956117749,26.529873187059163,-53.059746374118326,5.305974637411833,212.2389854964733,-26.529873187059163,132.6493659352958,39.79480978058874,66.3246829676479,-106.11949274823665,13.264936593529582,53.059746374118326
54.0,106.04957267313229,159.07435900969844,79.53717950484922,26.512393168283072,-53.024786336566144,5.302478633656615,212.09914534626458,-26.512393168283072,132.56196584141537,39.76858975242461,66.28098292070769,-106.04957267313229,13.256196584141536,53.024786336566144
54.1,105.97735547002475,158.96603320503712,79.48301660251856,26.494338867506187,-52.988677735012374,5.298867773501238,211.9547109400495,-26.494338867506187,132.47169433753095,39.74150830125928,66.23584716876547,-105.97735547002475,13.247169433753093,52.988677735012374
54.2,105.90298198774579,158.8544729816187,79.42723649080935,26.475745496936447,-52.951490993872895,5.29514909938729,211.80596397549158,-26.475745496936447,132.37872748468223,39.713618245404675,66.18936374234111,-105.90298198774579,13.237872748468224,52.951490993872895
54.300000000000004,105.82658404171278,158.73987606256918,79.36993803128459,26.456646010428194,-52.91329202085639,5.291329202085639,211.65316808342556,-26.456646010428194,132.28323005214096,39.684969015642295,66.14161502607048,-105.82658404171278,13.228323005214097,52.91329202085639
54.400000000000006,105.74829818676886,158.6224472801533,79.31122364007665,26.437074546692216,-52.87414909338443,5.287414909338444,211.49659637353773,-26.437074546692216,132.18537273346107,39.655611820038324,66.09268636673053,-105.74829818676886,13.218537273346108,52.87414909338443
54.5,105.66824410213296,158.50236615319943,79.25118307659972,26.41706102553324,-52.83412205106648,5.283412205106648,211.33648820426592,-26.41706102553324,132.0853051276662,39.62559153829986,66.0426525638331,-105.66824410213296,13.20853051276662,52.83412205106648
54.6,105.58656845958649,158.37985268937973,79.18992634468987,26.396642114896622,-52.793284229793244,5.279328422979325,211.17313691917298,-26.396642114896622,131.9832105744831,39.59496317234493,65.99160528724155,-105.58656845958649,13.198321057448311,52.793284229793244
54.7,105.50352638503281,158.2552895775492,79.1276447887746,26.375881596258203,-52.75176319251641,5.275176319251641,211.00705277006563,-26.375881596258203,131.87940798129102,39.5638223943873,65.93970399064551,-105.50352638503281,13.187940798129102,52.75176319251641
54.800000000000004,105.41941033244503,158.12911549866755,79.06455774933377,26.354852583111256,-52.70970516622251,5.270970516622252,210.83882066489005,-26.354852583111256,131.77426291555628,39.532278874666886,65.88713145777814,-105.41941033244503,13.177426291555628,52.70970516622251
54.900000000000006,105.33450793003215,158.00176189504822,79.00088094752411,26.333626982508036,-52.66725396501607,5.266725396501608,210.6690158600643,-26.333626982508036,131.66813491254018,39.500440473762055,65.83406745627009,-105.33450793003215,13.166813491254018,52.66725396501607
55.0,105.24909726394624,157.87364589591937,78.93682294795968,26.31227431598656,-52.62454863197312,5.262454863197313,210.49819452789248,-26.31227431598656,131.5613715799328,39.46841147397984,65.7806857899664,-105.24909726394624,13.15613715799328,52.62454863197312
55.1,105.16344290065211,157.74516435097817,78.87258217548909,26.29086072516303,-52.58172145032606,5.258172145032606,210.32688580130423,-26.29086072516303,131.45430362581516,39.43629108774454,65.72715181290758,-105.16344290065211,13.145430362581514,52.58172145032606
55.2,105.07782432633012,157.61673648949517,78.80836824474758,26.26945608158253,-52.53891216316506,5.253891216316506,210.15564865266023,-26.26945608158253,131.34728040791265,39.40418412237379,65.67364020395632,-105.07782432633012,13.134728040791265,52.53891216316506
55.300000000000004,104.99248287462514,157.48872431193772,78.74436215596886,26.248120718656285,-52.49624143731257,5.249624143731257,209.98496574925028,-26.248120718656285,131.24060359328143,39.37218107798443,65.62030179664072,-104.99248287462514,13.124060359328142,52.49624143731257
55.400000000000006,104.90757839389366,157.36136759084047,78.68068379542024,26.226894598473415,-52.45378919694683,5.245378919694684,209.81515678778732,-26.226894598473415,131.13447299236708,39.34034189771012,65.56723649618354,-104.90757839389366,13.113447299236707,52.45378919694683
55.5,104.8232327111719,157.23484906675785,78.61742453337892,26.205808177792974,-52.41161635558595,5.241161635558595,209.6464654223438,-26.205808177792974,131.02904088896486,39.30871226668946,65.51452044448243,-104.8232327111719,13.102904088896487,52.41161635558595
55.6,104.7395558591097,157.10933378866454,78.55466689433227,26.184888964777425,-52.36977792955485,5.236977792955486,209.4791117182194,-26.184888964777425,130.92444482388711,39.277333447166136,65.46222241194356,-104.7395558591097,13.092444482388713,52.36977792955485
55.7,104.656682680316,156.985024020474,78.492512010237,26.164170670079,-52.328341340158,5.2328341340158,209.313365360632,-26.164170670079,130.820853350395,39.2462560051185,65.4104266751975,-104.656682680316,13.0820853350395,52.328341340158
55.800000000000004,104.57476131752917,156.86214197629374,78.43107098814687,26.14369032938229,-52.28738065876458,5.228738065876459,209.14952263505833,-26.14369032938229,130.71845164691146,39.215535494073436,65.35922582345573,-104.57476131752917,13.071845164691146,52.28738065876458
55.900000000000006,104.49401852123118,156.74102778184678,78.37051389092339,26.123504630307796,-52.24700926061559,5.224700926061559,208.98803704246237,-26.123504630307796,130.617523151539,39.185256945461695,65.3087615757695,-104.49401852123118,13.061752315153898,52.24700926061559
56.0,104.41476913817732,156.62215370726597,78.31107685363298,26.10369228454433,-52.20738456908866,5.220738456908866,208.82953827635464,-26.10369228454433,130.51846142272166,39.15553842681649,65.25923071136083,-104.41476913817732,13.051846142272165,52.20738456908866
56.1,104.3373309056472,156.5059963584708,78.2529981792354,26.0843327264118,-52.1686654528236,5.216866545282361,208.6746618112944,-26.0843327264118,130.421663632059,39.1264990896177,65.2108318160295,-104.3373309056472,13.0421663632059,52.1686654528236
56.2,104.2619394179687,156.39290912695304,78.19645456347652,26.065484854492176,-52.13096970898435,5.213096970898436,208.5238788359374,-26.065484854492176,130.3274242724609,39.09822728173826,65.16371213623044,-104.2619394179687,13.032742427246088,52.13096970898435
56.300000000000004,104.1887587790905,156.28313816863576,78.14156908431788,26.047189694772626,-52.09437938954525,5.209437938954526,208.377517558181,-26.047189694772626,130.23594847386312,39.07078454215894,65.11797423693156,-104.1887587790905,13.023594847386313,52.09437938954525
56.400000000000006,104.11794030357377,156.17691045536066,78.08845522768033,26.029485075893444,-52.05897015178689,5.205897015178689,208.23588060714755,-26.029485075893444,130.14742537946722,39.044227613840164,65.07371268973361,-104.11794030357377,13.014742537946722,52.05897015178689
56.5,104.04963930637123,156.07445895955686,78.03722947977843,26.01240982659281,-52.02481965318562,5.202481965318562,208.09927861274247,-26.01240982659281,130.06204913296403,39.018614739889216,65.03102456648202,-104.04963930637123,13.006204913296404,52.02481965318562
56.6,103.9840045256973,155.97600678854596,77.98800339427298,25.996001131424325,-51.99200226284865,5.199200226284866,207.9680090513946,-25.996001131424325,129.98000565712164,38.99400169713649,64.99000282856082,-103.9840045256973,12.998000565712163,51.99200226284865
56.7,103.92118575323249,155.88177862984872,77.94088931492436,25.980296438308123,-51.960592876616246,5.196059287661625,207.84237150646499,-25.980296438308123,129.90148219154062,38.97044465746218,64.95074109577031,-103.92118575323249,12.990148219154062,51.960592876616246
56.800000000000004,103.8613562054009,155.79203430810134,77.89601715405067,25.965339051350224,-51.93067810270045,5.193067810270045,207.7227124108018,-25.965339051350224,129.82669525675112,38.948008577025334,64.91334762837556,-103.8613562054009,12.982669525675112,51.93067810270045
56.900000000000006,103.80463892067795,155.70695838101693,77.85347919050847,25.951159730169486,-51.90231946033897,5.190231946033897,207.6092778413559,-25.951159730169486,129.75579865084742,38.92673959525423,64.87789932542371,-103.80463892067795,12.975579865084743,51.90231946033897
57.0,103.7511221220042,155.62668318300632,77.81334159150316,25.93778053050105,-51.8755610610021,5.18755610610021,207.5022442440084,-25.93778053050105,129.68890265250525,38.90667079575158,64.84445132625262,-103.7511221220042,12.968890265250526,51.8755610610021
57.1,103.70080393803732,155.551205907056,77.775602953528,25.92520098450933,-51.85040196901866,5.185040196901866,207.40160787607465,-25.92520098450933,129.62600492254666,38.887801476764,64.81300246127333,-103.70080393803732,12.962600492254666,51.85040196901866
57.2,103.65362722017817,155.48044083026724,77.74022041513362,25.91340680504454,-51.82681361008908,5.182681361008909,207.30725444035633,-25.91340680504454,129.5670340252227,38.87011020756681,64.78351701261136,-103.65362722017817,12.95670340252227,51.82681361008908
57.300000000000004,103.60947066997288,155.4142060049593,77.70710300247966,25.90236766749322,-51.80473533498644,5.1804735334986445,207.21894133994576,-25.90236766749322,129.5118383374661,38.85355150123983,64.75591916873304,-103.60947066997288,12.95118383374661,51.80473533498644
57.400000000000006,103.56820486382918,155.35230729574377,77.67615364787189,25.892051215957295,-51.78410243191459,5.178410243191459,207.13640972765836,-25.892051215957295,129.46025607978646,38.83807682393594,64.73012803989323,-103.56820486382918,12.946025607978648,51.78410243191459
57.5,103.52964967137383,155.29447450706076,77.64723725353038,25.882412417843458,-51.764824835686916,5.176482483568692,207.05929934274766,-25.882412417843458,129.4120620892173,38.82361862676519,64.70603104460865,-103.52964967137383,12.941206208921729,51.764824835686916
57.6,103.49361094919053,155.2404164237858,77.6202082118929,25.87340273729763,-51.74680547459526,5.174680547459527,206.98722189838105,-25.87340273729763,129.36701368648815,38.81010410594645,64.68350684324407,-103.49361094919053,12.936701368648816,51.74680547459526
57.7,103.45986040997327,155.18979061495992,77.59489530747996,25.86496510249332,-51.72993020498664,5.172993020498664,206.91972081994655,-25.86496510249332,129.3248255124666,38.79744765373998,64.6624127562333,-103.45986040997327,12.93248255124666,51.72993020498664
57.800000000000004,103.42816421253227,155.1422463187984,77.5711231593992,25.857041053133067,-51.71408210626613,5.1714082106266135,206.85632842506453,-25.857041053133067,129.28520526566533,38.7855615796996,64.64260263283266,-103.42816421253227,12.928520526566533,51.71408210626613
57.900000000000006,103.3983130737605,155.09746961064076,77.54873480532038,25.849578268440126,-51.69915653688025,5.169915653688026,206.796626147521,-25.849578268440126,129.24789134220063,38.77436740266019,64.62394567110032,-103.3983130737605,12.924789134220063,51.69915653688025
58.0,103.37013854116037,155.05520781174056,77.52760390587028,25.842534635290093,-51.685069270580186,5.168506927058019,206.74027708232074,-25.842534635290093,129.21267317645047,38.76380195293514,64.60633658822523,-103.37013854116037,12.921267317645047,51.685069270580186
58.1,103.3434891357688,155.01523370365322,77.50761685182661,25.8358722839422,-51.6717445678844,5.167174456788441,206.6869782715376,-25.8358722839422,129.179361419711,38.753808425913306,64.5896807098555,-103.3434891357688,12.9179361419711,51.6717445678844
58.2,103.31820636825954,154.9773095523893,77.48865477619465,25.829551592064885,-51.65910318412977,5.165910318412977,206.63641273651908,-25.829551592064885,129.1477579603244,38.744327388097325,64.5738789801622,-103.31820636825954,12.914775796032442,51.65910318412977
58.300000000000004,103.29414819200124,154.94122228800188,77.47061114400094,25.82353704800031,-51.64707409600062,5.164707409600062,206.5882963840025,-25.82353704800031,129.11768524000155,38.73530557200047,64.55884262000077,-103.29414819200124,12.911768524000156,51.64707409600062
58.400000000000006,103.27112044401275,154.90668066601913,77.45334033300956,25.817780111003188,-51.635560222006376,5.163556022200638,206.5422408880255,-25.817780111003188,129.08890055501593,38.72667016650478,64.54445027750796,-103.27112044401275,12.908890055501594,51.635560222006376
58.5,103.24896450206329,154.87344675309492,77.43672337654746,25.812241125515822,-51.624482251031644,5.162448225103165,206.49792900412658,-25.812241125515822,129.0612056275791,38.71836168827373,64.53060281378956,-103.24896450206329,12.906120562757911,51.624482251031644
58.6,103.22754302983309,154.84131454474962,77.42065727237481,25.80688575745827,-51.61377151491654,5.161377151491655,206.45508605966617,-25.80688575745827,129.03442878729135,38.710328636187405,64.51721439364567,-103.22754302983309,12.903442878729136,51.61377151491654
58.7,103.20679177265814,154.81018765898722,77.40509382949361,25.801697943164534,-51.60339588632907,5.160339588632907,206.41358354531627,-25.801697943164534,129.00848971582266,38.702546914746804,64.50424485791133,-103.20679177265814,12.900848971582267,51.60339588632907
58.800000000000004,103.18660465503912,154.77990698255869,77.38995349127934,25.79665116375978,-51.59330232751956,5.159330232751956,206.37320931007824,-25.79665116375978,128.9832558187989,38.69497674563967,64.49162790939945,-103.18660465503912,12.89832558187989,51.59330232751956
58.900000000000006,103.16686069501708,154.75029104252562,77.37514552126281,25.79171517375427,-51.58343034750854,5.158343034750854,206.33372139003416,-25.79171517375427,128.95857586877133,38.687572760631404,64.47928793438567,-103.16686069501708,12.895857586877135,51.58343034750854
59.0,103.14741512778386,154.7211226916758,77.3605613458379,25.786853781945965,-51.57370756389193,5.157370756389193,206.29483025556772,-25.786853781945965,128.93426890972984,38.68028067291895,64.46713445486492,-103.14741512778386,12.893426890972982,51.57370756389193
59.1,103.12814178672903,154.69221268009355,77.34610634004677,25.782035446682258,-51.564070893364516,5.156407089336452,206.25628357345806,-25.782035446682258,128.91017723341128,38.67305317002339,64.45508861670564,-103.12814178672903,12.891017723341129,51.564070893364516
59.2,103.10891883846891,154.66337825770336,77.33168912885168,25.777229709617227,-51.554459419234455,5.155445941923446,206.21783767693782,-25.777229709617227,128.88614854808614,38.66584456442584,64.44307427404307,-103.10891883846891,12.888614854808614,51.554459419234455
59.300000000000004,103.08963985632205,154.63445978448308,77.31722989224154,25.772409964080513,-51.544819928161026,5.154481992816103,206.1792797126441,-25.772409964080513,128.86204982040258,38.65861494612077,64.43102491020129,-103.08963985632205,12.886204982040256,51.544819928161026
59.400000000000006,103.07019005608248,154.60528508412372,77.30264254206186,25.76754751402062,-51.53509502804124,5.153509502804124,206.14038011216496,-25.76754751402062,128.83773757010312,38.65132127103093,64.41886878505156,-103.07019005608248,12.88377375701031,51.53509502804124
59.5,103.05052260598042,154.57578390897064,77.28789195448532,25.762630651495105,-51.52526130299021,5.152526130299021,206.10104521196084,-25.762630651495105,128.81315325747553,38.64394597724266,64.40657662873777,-103.05052260598042,12.881315325747552,51.52526130299021
59.6,103.03060189663731,154.54590284495595,77.27295142247797,25.757650474159327,-51.515300948318654,5.151530094831866,206.06120379327461,-25.757650474159327,128.78825237079664,38.63647571123899,64.39412618539832,-103.03060189663731,12.878825237079663,51.515300948318654
59.7,103.01036538938153,154.5155480840723,77.25777404203615,25.752591347345383,-51.50518269469077,5.150518269469077,206.02073077876307,-25.752591347345383,128.76295673672692,38.62888702101807,64.38147836836346,-103.01036538938153,12.876295673672692,51.50518269469077
59.800000000000004,102.98972093002664,154.48458139503995,77.24229069751998,25.74743023250666,-51.49486046501332,5.149486046501332,205.97944186005327,-25.74743023250666,128.73715116253328,38.62114534875999,64.36857558126664,-102.98972093002664,12.87371511625333,51.49486046501332
59.900000000000006,102.96851248903235,154.4527687335485,77.22638436677425,25.742128122258087,-51.484256244516175,5.148425624451618,205.9370249780647,-25.742128122258087,128.71064061129044,38.61319218338713,64.35532030564522,-102.96851248903235,12.871064061129044,51.484256244516175
60.0,102.9465633044197,154.41984495662956,77.20992247831478,25.736640826104924,-51.47328165220985,5.147328165220985,205.8931266088394,-25.736640826104924,128.68320413052462,38.60496123915739,64.34160206526231,-102.9465633044197,12.868320413052462,51.47328165220985
60.1,102.9237038878771,154.38555583181565,77.19277791590783,25.730925971969274,-51.46185194393855,5.146185194393855,205.8474077757542,-25.730925971969274,128.65462985984638,38.59638895795391,64.32731492992319,-102.9237038878771,12.865462985984637,51.46185194393855
60.2,102.89984848613544,154.34977272920315,77.17488636460158,25.72496212153386,-51.44992424306772,5.144992424306772,205.79969697227088,-25.72496212153386,128.6248106076693,38.58744318230079,64.31240530383465,-102.89984848613544,12.86248106076693,51.44992424306772
60.300000000000004,102.87493890729185,154.31240836093778,77.15620418046889,25.718734726822962,-51.437469453645924,5.143746945364593,205.7498778145837,-25.718734726822962,128.59367363411482,38.578102090234445,64.29683681705741,-102.87493890729185,12.859367363411481,51.437469453645924
60.400000000000006,102.8488764263036,154.2733146394554,77.1366573197277,25.7122191065759,-51.4244382131518,5.14244382131518,205.6977528526072,-25.7122191065759,128.5610955328795,38.56832865986385,64.28054776643975,-102.8488764263036,12.85610955328795,51.4244382131518
60.5,102.82160641435964,154.23240962153946,77.11620481076973,25.70540160358991,-51.41080320717982,5.1410803207179825,205.64321282871927,-25.70540160358991,128.52700801794956,38.558102405384865,64.26350400897478,-102.82160641435964,12.852700801794954,51.41080320717982
60.6,102.79306833076302,154.18960249614452,77.09480124807226,25.698267082690755,-51.39653416538151,5.1396534165381516,205.58613666152604,-25.698267082690755,128.49133541345378,38.54740062403613,64.24566770672689,-102.79306833076302,12.849133541345378,51.39653416538151
60.7,102.76319772369595,154.14479658554393,77.07239829277196,25.690799430923988,-51.381598861847976,5.138159886184798,205.5263954473919,-25.690799430923988,128.45399715461994,38.53619914638598,64.22699857730997,-102.76319772369595,12.845399715461994,51.381598861847976
60.800000000000004,102.7319489103289,154.09792336549333,77.04896168274666,25.682987227582224,-51.36597445516445,5.136597445516445,205.4638978206578,-25.682987227582224,128.41493613791113,38.52448084137333,64.20746806895556,-102.7319489103289,12.841493613791112,51.36597445516445
60.900000000000006,102.69930015056867,154.04895022585302,77.02447511292651,25.67482503764217,-51.34965007528434,5.134965007528434,205.39860030113735,-25.67482503764217,128.37412518821085,38.512237556463255,64.18706259410543,-102.69930015056867,12.837412518821084,51.34965007528434
61.0,102.66524531593667,153.99786797390502,76.99893398695251,25.66631132898417,-51.33262265796834,5.133262265796834,205.33049063187335,-25.66631132898417,128.33155664492085,38.499466993476254,64.16577832246043,-102.66524531593667,12.833155664492084,51.33262265796834
61.1,102.6298077807352,153.94471167110282,76.97235583555141,25.6574519451838,-51.3149038903676,5.1314903890367605,205.2596155614704,-25.6574519451838,128.287259725919,38.486177917775706,64.1436298629595,-102.6298077807352,12.8287259725919,51.3149038903676
61.2,102.59306015091882,153.88959022637823,76.94479511318912,25.648265037729704,-51.29653007545941,5.129653007545941,205.18612030183763,-25.648265037729704,128.24132518864852,38.47239755659456,64.12066259432426,-102.59306015091882,12.824132518864852,51.29653007545941
61.300000000000004,102.5551121987726,153.83266829815892,76.91633414907946,25.63877804969315,-51.2775560993863,5.127755609938631,205.1102243975452,-25.63877804969315,128.19389024846575,38.45816707453973,64.09694512423287,-102.5551121987726,12.819389024846576,51.2775560993863
61.400000000000006,102.51609299844529,153.77413949766793,76.88706974883397,25.629023249611322,-51.258046499222644,5.125804649922265,205.03218599689058,-25.629023249611322,128.1451162480566,38.44353487441698,64.0725581240283,-102.51609299844529,12.814511624805661,51.258046499222644
61.5,102.47605712663693,153.7140856899554,76.8570428449777,25.619014281659233,-51.238028563318466,5.123802856331847,204.95211425327386,-25.619014281659233,128.09507140829618,38.42852142248885,64.04753570414809,-102.47605712663693,12.809507140829616,51.238028563318466
61.6,102.4350256070387,153.65253841055804,76.82626920527902,25.608756401759674,-51.21751280351935,5.121751280351935,204.8700512140774,-25.608756401759674,128.04378200879836,38.41313460263951,64.02189100439918,-102.4350256070387,12.804378200879837,51.21751280351935
61.7,102.39291220807971,153.58936831211957,76.79468415605979,25.598228052019927,-51.196456104039854,5.119645610403985,204.78582441615941,-25.598228052019927,127.99114026009963,38.397342078029894,63.99557013004981,-102.39291220807971,12.799114026009963,51.196456104039854
61.800000000000004,102.34952342062505,153.52428513093759,76.76214256546879,25.587380855156262,-51.174761710312524,5.117476171031253,204.6990468412501,-25.587380855156262,127.9369042757813,38.381071282734396,63.96845213789065,-102.34952342062505,12.793690427578131,51.174761710312524
61.900000000000006,102.30469220021155,153.45703830031732,76.72851915015866,25.576173050052887,-51.152346100105774,5.115234610010578,204.6093844004231,-25.576173050052887,127.88086525026443,38.36425957507933,63.94043262513222,-102.30469220021155,12.788086525026443,51.152346100105774
62.0,102.25832882346731,153.38749323520096,76.69374661760048,25.564582205866827,-51.129164411733655,5.112916441173366,204.51665764693462,-25.564582205866827,127.82291102933414,38.34687330880024,63.91145551466707,-102.25832882346731,12.782291102933414,51.129164411733655
62.1,102.2103778774579,153.31556681618684,76.65778340809342,25.552594469364475,-51.10518893872895,5.110518893872896,204.4207557549158,-25.552594469364475,127.76297234682238,38.32889170404671,63.88148617341119,-102.2103778774579,12.776297234682238,51.10518893872895
62.2,102.16078151174571,153.24117226761857,76.62058613380928,25.540195377936428,-51.080390755872855,5.1080390755872855,204.32156302349142,-25.540195377936428,127.70097688968214,38.31029306690464,63.85048844484107,-102.16078151174571,12.770097688968214,51.080390755872855
62.300000000000004,102.10949870695504,153.16424806043256,76.58212403021628,25.52737467673876,-51.05474935347752,5.105474935347752,204.21899741391007,-25.52737467673876,127.6368733836938,38.29106201510814,63.8184366918469,-102.10949870695504,12.76368733836938,51.05474935347752
62.400000000000006,102.05651425717953,153.0847713857693,76.54238569288465,25.514128564294882,-51.028257128589765,5.1028257128589765,204.11302851435906,-25.514128564294882,127.57064282147441,38.271192846442325,63.785321410737204,-102.05651425717953,12.757064282147441,51.028257128589765
62.5,102.00186800006799,153.00280200010198,76.50140100005099,25.500467000016997,-51.00093400003399,5.1000934000033995,204.00373600013597,-25.500467000016997,127.50233500008498,38.250700500025495,63.75116750004249,-102.00186800006799,12.750233500008498,51.00093400003399
62.6,101.94565282476206,152.9184792371431,76.45923961857154,25.486413206190516,-50.97282641238103,5.097282641238103,203.89130564952413,-25.486413206190516,127.43206603095258,38.22961980928577,63.71603301547629,-101.94565282476206,12.743206603095258,50.97282641238103
62.7,101.88802396201893,152.83203594302842,76.41601797151421,25.472005990504734,-50.94401198100947,5.094401198100947,203.77604792403787,-25.472005990504734,127.36002995252366,38.208008985757104,63.68001497626183,-101.88802396201893,12.736002995252367,50.94401198100947
62.800000000000004,101.82910339586577,152.74365509379865,76.37182754689933,25.457275848966443,-50.914551697932886,5.091455169793289,203.65820679173154,-25.457275848966443,127.28637924483222,38.18591377344966,63.64318962241611,-101.82910339586577,12.728637924483222,50.914551697932886
62.900000000000006,101.76898937219035,152.65348405828553,76.32674202914276,25.442247343047587,-50.884494686095174,5.088449468609518,203.5379787443807,-25.442247343047587,127.21123671523793,38.16337101457138,63.605618357618965,-101.76898937219035,12.721123671523793,50.884494686095174
63.0,101.70782638581025,152.5617395787154,76.2808697893577,25.426956596452563,-50.853913192905125,5.085391319290513,203.4156527716205,-25.426956596452563,127.1347829822628,38.14043489467885,63.5673914911314,-101.70782638581025,12.713478298226281,50.853913192905125
63.1,101.64574704973631,152.46862057460447,76.23431028730224,25.41143676243408,-50.82287352486816,5.082287352486816,203.29149409947263,-25.41143676243408,127.0571838121704,38.11715514365112,63.5285919060852,-101.64574704973631,12.70571838121704,50.82287352486816
63.2,101.58284301431816,152.37426452147724,76.18713226073862,25.39571075357954,-50.79142150715908,5.079142150715908,203.16568602863632,-25.39571075357954,126.9785537678977,38.09356613036931,63.48927688394885,-101.58284301431816,12.69785537678977,50.79142150715908
63.300000000000004,101.51915794743658,152.27873692115486,76.13936846057743,25.379789486859146,-50.75957897371829,5.075957897371829,203.03831589487316,-25.379789486859146,126.89894743429574,38.069684230288715,63.44947371714787,-101.51915794743658,12.689894743429573,50.75957897371829
63.400000000000006,101.45475867519238,152.18213801278858,76.09106900639429,25.363689668798095,-50.72737933759619,5.072737933759619,202.90951735038476,-25.363689668798095,126.81844834399047,38.045534503197146,63.409224171995234,-101.45475867519238,12.681844834399048,50.72737933759619
63.5,101.38976074645961,152.08464111968942,76.04232055984471,25.347440186614904,-50.69488037322981,5.069488037322981,202.77952149291923,-25.347440186614904,126.73720093307452,38.021160279922356,63.36860046653726,-101.38976074645961,12.673720093307452,50.69488037322981
63.6,101.32430155824044,151.98645233736065,75.99322616868032,25.33107538956011,-50.66215077912022,5.066215077912022,202.64860311648087,-25.33107538956011,126.65537694780055,37.99661308434016,63.327688473900274,-101.32430155824044,12.665537694780054,50.66215077912022
63.7,101.25852252958914,151.88778379438372,75.94389189719186,25.314630632397286,-50.62926126479457,5.062926126479457,202.5170450591783,-25.314630632397286,126.57315316198643,37.97194594859593,63.28657658099321,-101.25852252958914,12.657315316198643,50.62926126479457
63.800000000000004,101.19248864681474,151.7887329702221,75.89436648511105,25.298122161703684,-50.59624432340737,5.059624432340737,202.38497729362948,-25.298122161703684,126.49061080851843,37.947183242555525,63.24530540425921,-101.19248864681474,12.649061080851842,50.59624432340737
63.900000000000006,101.12624292169325,151.68936438253988,75.84468219126994,25.281560730423312,-50.563121460846624,5.056312146084663,202.2524858433865,-25.281560730423312,126.40780365211656,37.92234109563497,63.20390182605828,-101.12624292169325,12.640780365211656,50.563121460846624
64.0,101.05983339569342,151.58975009354012,75.79487504677006,25.264958348923354,-50.52991669784671,5.052991669784671,202.11966679138683,-25.264958348923354,126.32479174461677,37.89743752338503,63.16239587230839,-101.05983339569342,12.632479174461677,50.52991669784671
64.10000000000001,100.99332055742201,151.48998083613301,75.74499041806651,25.248330139355502,-50.496660278711005,5.049666027871101,201.98664111484402,-25.248330139355502,126.24165069677751,37.872495209033254,63.120825348388756,-100.99332055742201,12.624165069677751,50.496660278711005
64.2,100.92681925190317,151.39022887785475,75.69511443892738,25.231704812975792,-50.463409625951584,5.046340962595159,201.85363850380634,-25.231704812975792,126.15852406487896,37.84755721946369,63.07926203243948,-100.92681925190317,12.615852406487896,50.463409625951584
64.3,100.86051464161949,151.29077196242923,75.64538598121462,25.215128660404872,-50.430257320809744,5.043025732080975,201.72102928323898,-25.215128660404872,126.07564330202436,37.82269299060731,63.03782165101218,-100.86051464161949,12.607564330202436,50.430257320809744
64.4,100.79454779057006,151.1918216858551,75.59591084292755,25.198636947642516,-50.39727389528503,5.039727389528504,201.58909558114013,-25.198636947642516,125.99318473821258,37.797955421463776,62.99659236910629,-100.79454779057006,12.599318473821258,50.39727389528503
64.5,100.7290239470937,151.09353592064053,75.54676796032027,25.182255986773423,-50.36451197354685,5.036451197354685,201.4580478941874,-25.182255986773423,125.91127993386712,37.77338398016013,62.95563996693356,-100.7290239470937,12.591127993386712,50.36451197354685
64.60000000000001,100.66404253393921,150.99606380090881,75.49803190045441,25.166010633484802,-50.332021266969605,5.033202126696961,201.32808506787842,-25.166010633484802,125.83005316742401,37.749015950227204,62.915026583712006,-100.66404253393921,12.583005316742401,50.332021266969605
64.7,100.59964235459556,150.89946353189333,75.44973176594667,25.14991058864889,-50.29982117729778,5.029982117729778,201.19928470919112,-25.14991058864889,125.74955294324445,37.72486588297333,62.874776471622226,-100.59964235459556,12.574955294324445,50.29982117729778
64.8,100.53595151709176,150.80392727563765,75.40196363781882,25.13398787927294,-50.26797575854588,5.026797575854588,201.07190303418352,-25.13398787927294,125.6699393963647,37.70098181890941,62.83496969818235,-100.53595151709176,12.56699393963647,50.26797575854588
64.9,100.4731792962633,150.70976894439494,75.35488447219747,25.118294824065824,-50.23658964813165,5.0236589648131655,200.9463585925266,-25.118294824065824,125.59147412032912,37.677442236098734,62.79573706016456,-100.4731792962633,12.559147412032912,50.23658964813165
65.0,100.41157856105895,150.61736784158842,75.30868392079421,25.102894640264736,-50.20578928052947,5.020578928052948,200.8231571221179,-25.102894640264736,125.51447320132368,37.654341960397105,62.75723660066184,-100.41157856105895,12.551447320132368,50.20578928052947
65.10000000000001,100.35139436827512,150.52709155241268,75.26354577620634,25.08784859206878,-50.17569718413756,5.017569718413757,200.70278873655025,-25.08784859206878,125.4392429603439,37.63177288810317,62.71962148017195,-100.35139436827512,12.54392429603439,50.17569718413756
65.2,100.2928567829077,150.43928517436154,75.21964258718077,25.073214195726926,-50.14642839145385,5.0146428391453854,200.5857135658154,-25.073214195726926,125.36607097863464,37.609821293590386,62.68303548931732,-100.2928567829077,12.536607097863463,50.14642839145385
65.3,100.23619340074632,150.3542901011195,75.17714505055974,25.05904835018658,-50.11809670037316,5.011809670037316,200.47238680149263,-25.05904835018658,125.29524175093289,37.58857252527987,62.647620875466444,-100.23619340074632,12.52952417509329,50.11809670037316
65.4,100.18156144302164,150.27234216453246,75.13617108226623,25.04539036075541,-50.09078072151082,5.009078072151082,200.36312288604327,-25.04539036075541,125.22695180377704,37.568085541133115,62.61347590188852,-100.18156144302164,12.522695180377704,50.09078072151082
65.5,100.12905501859774,150.1935825278966,75.0967912639483,25.032263754649435,-50.06452750929887,5.0064527509298875,200.25811003719548,-25.032263754649435,125.16131877324717,37.54839563197415,62.58065938662359,-100.12905501859774,12.516131877324717,50.06452750929887
65.60000000000001,100.07870722851881,150.11806084277822,75.05903042138911,25.019676807129702,-50.039353614259404,5.003935361425941,200.15741445703762,-25.019676807129702,125.09838403564851,37.529515210694555,62.549192017824254,-100.07870722851881,12.509838403564851,50.039353614259404
65.7,100.03061391416819,150.0459208712523,75.02296043562615,25.007653478542046,-50.01530695708409,5.00153069570841,200.06122782833637,-25.007653478542046,125.03826739271022,37.51148021781307,62.51913369635511,-100.03061391416819,12.503826739271023,50.01530695708409
65.8,99.9849176600695,149.97737649010423,74.98868824505212,24.996229415017375,-49.99245883003475,4.999245883003475,199.969835320139,-24.996229415017375,124.98114707508688,37.49434412252606,62.49057353754344,-99.9849176600695,12.498114707508687,49.99245883003475
65.9,99.94173258605149,149.91259887907722,74.95629943953861,24.98543314651287,-49.97086629302574,4.997086629302575,199.88346517210297,-24.98543314651287,124.92716573256436,37.478149719769306,62.46358286628218,-99.94173258605149,12.492716573256436,49.97086629302574
66.0,99.90119028558938,149.85178542838406,74.92589271419203,24.975297571397345,-49.95059514279469,4.995059514279469,199.80238057117876,-24.975297571397345,124.87648785698673,37.462946357096016,62.438243928493364,-99.90119028558938,12.487648785698672,49.95059514279469
66.10000000000001,99.86342811179915,149.7951421676987,74.89757108384936,24.965857027949788,-49.931714055899576,4.993171405589958,199.7268562235983,-24.965857027949788,124.82928513974895,37.44878554192468,62.414642569874474,-99.86342811179915,12.482928513974894,49.931714055899576
66.2,99.82854623266164,149.74281934899244,74.87140967449622,24.95713655816541,-49.91427311633082,4.991427311633082,199.65709246532327,-24.95713655816541,124.78568279082705,37.43570483724811,62.39284139541353,-99.82854623266164,12.478568279082705,49.91427311633082
66.3,99.79665494760971,149.69498242141458,74.84749121070729,24.949163736902428,-49.898327473804855,4.989832747380486,199.59330989521942,-24.949163736902428,124.74581868451213,37.423745605353645,62.372909342256065,-99.79665494760971,12.474581868451214,49.898327473804855
66.4,99.76781904707104,149.65172857060656,74.82586428530328,24.94195476176776,-49.88390952353552,4.988390952353552,199.5356380941421,-24.94195476176776,124.7097738088388,37.41293214265164,62.3548869044194,-99.76781904707104,12.47097738088388,49.88390952353552
66.5,99.74206490062957,149.61309735094437,74.80654867547219,24.935516225157393,-49.871032450314786,4.987103245031479,199.48412980125914,-24.935516225157393,124.67758112578696,37.40327433773609,62.33879056289348,-99.74206490062957,12.467758112578696,49.871032450314786
66.60000000000001,99.71942341308767,149.5791351196315,74.78956755981575,24.929855853271917,-49.859711706543834,4.985971170654384,199.43884682617534,-24.929855853271917,124.64927926635958,37.394783779907875,62.32463963317979,-99.71942341308767,12.464927926635958,49.859711706543834
66.7,99.69992722557623,149.54989083836435,74.77494541918217,24.924981806394058,-49.849963612788116,4.984996361278812,199.39985445115246,-24.924981806394058,124.62490903197029,37.38747270959109,62.312454515985145,-99.69992722557623,12.462490903197029,49.849963612788116
66.8,99.68357638325628,149.5253645748844,74.7626822874422,24.92089409581407,-49.84178819162814,4.984178819162814,199.36715276651256,-24.92089409581407,124.60447047907036,37.3813411437211,62.30223523953518,-99.68357638325628,12.460447047907035,49.84178819162814
66.9,99.67038556631269,149.50557834946903,74.75278917473452,24.917596391578172,-49.835192783156344,4.983519278315635,199.34077113262538,-24.917596391578172,124.58798195789086,37.37639458736726,62.29399097894543,-99.67038556631269,12.458798195789086,49.835192783156344
67.0,99.66026494821388,149.49039742232083,74.74519871116041,24.91506623705347,-49.83013247410694,4.983013247410694,199.32052989642776,-24.91506623705347,124.57533118526734,37.372599355580206,62.28766559263367,-99.66026494821388,12.457533118526735,49.83013247410694
67.10000000000001,99.65302954879161,149.4795443231874,74.7397721615937,24.913257387197902,-49.826514774395804,4.982651477439581,199.30605909758322,-24.913257387197902,124.56628693598951,37.36988608079685,62.283143467994755,-99.65302954879161,12.456628693598951,49.826514774395804
67.2,99.64853167067551,149.47279750601325,74.73639875300663,24.912132917668877,-49.824265835337755,4.982426583533776,199.29706334135102,-24.912132917668877,124.5606645883444,37.36819937650331,62.2803322941722,-99.64853167067551,12.456066458834439,49.824265835337755
67.3,99.64658300229145,149.46987450343718,74.73493725171859,24.911645750572863,-49.823291501145725,4.982329150114573,199.2931660045829,-24.911645750572863,124.55822875286431,37.367468625859296,62.279114376432155,-99.64658300229145,12.455822875286431,49.823291501145725
67.4,99.64695859493253,149.4704378923988,74.7352189461994,24.911739648733132,-49.823479297466264,4.982347929746627,199.29391718986506,-24.911739648733132,124.55869824366566,37.3676094730997,62.27934912183283,-99.64695859493253,12.455869824366566,49.823479297466264
67.5,99.64941534008679,149.4741230101302,74.7370615050651,24.912353835021698,-49.824707670043395,4.98247076700434,199.29883068017358,-24.912353835021698,124.56176917510848,37.36853075253255,62.28088458755424,-99.64941534008679,12.456176917510849,49.824707670043395
67.60000000000001,99.65377696332956,149.48066544499434,74.74033272249717,24.91344424083239,-49.82688848166478,4.982688848166479,199.30755392665912,-24.91344424083239,124.56722120416195,37.370166361248586,62.28361060208098,-99.65377696332956,12.456722120416195,49.82688848166478
67.7,99.6599062080011,149.48985931200167,74.74492965600083,24.914976552000276,-49.82995310400055,4.982995310400056,199.3198124160022,-24.914976552000276,124.57488276000137,37.37246482800042,62.287441380000686,-99.6599062080011,12.457488276000138,49.82995310400055
67.8,99.66762482482052,149.5014372372308,74.7507186186154,24.91690620620513,-49.83381241241026,4.983381241241027,199.33524964964104,-24.91690620620513,124.58453103102565,37.3753593093077,62.292265515512824,-99.66762482482052,12.458453103102565,49.83381241241026
67.9,99.67670056740617,149.51505085110927,74.75752542555463,24.919175141851543,-49.838350283703086,4.983835028370309,199.35340113481234,-24.919175141851543,124.59587570925771,37.378762712777316,62.297937854628856,-99.67670056740617,12.459587570925772,49.838350283703086
68.0,99.68691984777061,149.53037977165593,74.76518988582797,24.921729961942653,-49.843459923885305,4.984345992388531,199.37383969554122,-24.921729961942653,124.60864980971326,37.38259494291398,62.30432490485663,-99.68691984777061,12.460864980971326,49.843459923885305
68.10000000000001,99.69812805190222,149.5471920778533,74.77359603892666,24.924532012975554,-49.84906402595111,4.9849064025951115,199.39625610380443,-24.924532012975554,124.62266006487778,37.38679801946333,62.31133003243889,-99.69812805190222,12.462266006487777,49.84906402595111
68.2,99.71021519658322,149.56532279487482,74.78266139743741,24.927553799145805,-49.85510759829161,4.985510759829161,199.42043039316644,-24.927553799145805,124.63776899572903,37.391330698718704,62.31888449786452,-99.71021519658322,12.463776899572903,49.85510759829161
68.3,99.72310828018814,149.5846624202822,74.7923312101411,24.930777070047036,-49.86155414009407,4.986155414009407,199.44621656037629,-24.930777070047036,124.65388535023519,37.39616560507055,62.32694267511759,-99.72310828018814,12.465388535023518,49.86155414009407
68.4,99.73681167207286,149.6052175081093,74.80260875405465,24.934202918018215,-49.86840583603643,4.986840583603644,199.47362334414572,-24.934202918018215,124.67101459009108,37.40130437702732,62.33550729504554,-99.73681167207286,12.467101459009108,49.86840583603643
68.5,99.75138580616164,149.62707870924245,74.81353935462123,24.93784645154041,-49.87569290308082,4.987569290308082,199.50277161232327,-24.93784645154041,124.68923225770205,37.40676967731061,62.34461612885102,-99.75138580616164,12.468923225770205,49.87569290308082
68.60000000000001,99.76692638219754,149.6503895732963,74.82519478664815,24.941731595549385,-49.88346319109877,4.988346319109877,199.53385276439508,-24.941731595549385,124.70865797774692,37.41259739332408,62.35432898887346,-99.76692638219754,12.470865797774692,49.88346319109877
68.7,99.78351124495939,149.67526686743906,74.83763343371953,24.945877811239846,-49.89175562247969,4.989175562247969,199.56702248991877,-24.945877811239846,124.72938905619924,37.418816716859766,62.36469452809962,-99.78351124495939,12.472938905619923,49.89175562247969
68.8,99.80127701763583,149.70191552645375,74.85095776322687,24.950319254408956,-49.90063850881791,4.990063850881792,199.60255403527165,-24.950319254408956,124.75159627204478,37.42547888161344,62.37579813602239,-99.80127701763583,12.475159627204478,49.90063850881791
68.9,99.82042317378333,149.730634760675,74.8653173803375,24.95510579344583,-49.91021158689166,4.991021158689167,199.64084634756665,-24.95510579344583,124.77552896722915,37.43265869016875,62.387764483614575,-99.82042317378333,12.477552896722916,49.91021158689166
69.0,99.84112415609351,149.76168623414026,74.88084311707013,24.96028103902338,-49.92056207804676,4.992056207804676,199.68224831218703,-24.96028103902338,124.8014051951169,37.440421558535064,62.40070259755845,-99.84112415609351,12.48014051951169,49.92056207804676
69.10000000000001,99.86352979986086,149.79529469979127,74.89764734989564,24.965882449965214,-49.93176489993043,4.9931764899930435,199.7270595997217,-24.965882449965214,124.82941224982608,37.44882367494782,62.41470612491304,-99.86352979986086,12.482941224982607,49.93176489993043
69.2,99.88779540917695,149.83169311376543,74.91584655688271,24.971948852294236,-49.94389770458847,4.994389770458848,199.7755908183539,-24.971948852294236,124.85974426147118,37.457923278441356,62.42987213073559,-99.88779540917695,12.485974426147118,49.94389770458847
69.3,99.91403681602183,149.87105522403274,74.93552761201637,24.97850920400546,-49.95701840801092,4.995701840801092,199.82807363204367,-24.97850920400546,124.8925460200273,37.467763806008186,62.44627301001365,-99.91403681602183,12.48925460200273,49.95701840801092
69.4,99.94230395422927,149.91345593134392,74.95672796567196,24.98557598855732,-49.97115197711464,4.997115197711464,199.88460790845855,-24.98557598855732,124.92787994278659,37.47836398283598,62.463939971393295,-99.94230395422927,12.49278799427866,49.97115197711464
69.5,99.97258787007773,149.9588818051166,74.9794409025583,24.993146967519433,-49.986293935038866,4.998629393503887,199.94517574015546,-24.993146967519433,124.96573483759717,37.48972045127915,62.482867418798584,-99.97258787007773,12.496573483759716,49.986293935038866
69.60000000000001,100.00487334237229,150.00731001355842,75.00365500677921,25.001218335593073,-50.002436671186146,5.000243667118615,200.00974668474458,-25.001218335593073,125.00609167796537,37.501827503389606,62.503045838982686,-100.00487334237229,12.500609167796537,50.002436671186146
69.7,100.03910908727661,150.0586636309149,75.02933181545745,25.009777271819154,-50.01955454363831,5.001955454363831,200.07821817455323,-25.009777271819154,125.04888635909577,37.51466590772873,62.52444317954789,-100.03910908727661,12.504888635909577,50.01955454363831
69.8,100.07524119032021,150.11286178548033,75.05643089274017,25.018810297580053,-50.03762059516011,5.003762059516011,200.15048238064043,-25.018810297580053,125.09405148790026,37.52821544637008,62.54702574395013,-100.07524119032021,12.509405148790027,50.03762059516011
69.9,100.11320861391452,150.16981292087178,75.08490646043589,25.02830215347863,-50.05660430695726,5.005660430695727,200.22641722782905,-25.02830215347863,125.14151076739316,37.542453230217944,62.57075538369658,-100.11320861391452,12.514151076739315,50.05660430695726
70.0,100.15292215778642,150.22938323667964,75.11469161833982,25.038230539446605,-50.07646107889321,5.007646107889322,200.30584431557284,-25.038230539446605,125.19115269723302,37.55734580916991,62.59557634861651,-100.15292215778642,12.519115269723303,50.07646107889321
70.10000000000001,100.1942808140756,150.2914212211134,75.1457106105567,25.0485702035189,-50.0971404070378,5.009714040703781,200.3885616281512,-25.0485702035189,125.24285101759449,37.57285530527835,62.621425508797245,-100.1942808140756,12.52428510175945,50.0971404070378
70.2,100.23724357812408,150.3558653671861,75.17793268359306,25.05931089453102,-50.11862178906204,5.011862178906204,200.47448715624816,-25.05931089453102,125.2965544726551,37.58896634179653,62.64827723632755,-100.23724357812408,12.52965544726551,50.11862178906204
70.3,100.28172368304041,150.42258552456062,75.21129276228031,25.070430920760103,-50.140861841520206,5.014086184152021,200.56344736608082,-25.070430920760103,125.35215460380051,37.605646381140154,62.67607730190026,-100.28172368304041,12.535215460380051,50.140861841520206
70.4,100.32763348285863,150.49145022428795,75.24572511214397,25.081908370714658,-50.163816741429315,5.016381674142932,200.65526696571726,-25.081908370714658,125.40954185357329,37.622862556071986,62.704770926786644,-100.32763348285863,12.540954185357329,50.163816741429315
70.5,100.37494788311359,150.5624218246704,75.2812109123352,25.093736970778398,-50.187473941556796,5.01874739415568,200.74989576622718,-25.093736970778398,125.46868485389199,37.6406054561676,62.73434242694599,-100.37494788311359,12.546868485389199,50.187473941556796
70.60000000000001,100.42366813308715,150.6355021996307,75.31775109981535,25.105917033271787,-50.211834066543574,5.021183406654358,200.8473362661743,-25.105917033271787,125.52958516635894,37.65887554990768,62.76479258317947,-100.42366813308715,12.552958516635893,50.211834066543574
70.7,100.4737660761177,150.71064911417653,75.35532455708827,25.118441519029425,-50.23688303805885,5.023688303805885,200.9475321522354,-25.118441519029425,125.59220759514713,37.67766227854413,62.796103797573565,-100.4737660761177,12.559220759514712,50.23688303805885
70.8,100.52512738550632,150.78769107825948,75.39384553912974,25.13128184637658,-50.26256369275316,5.026256369275316,201.05025477101265,-25.13128184637658,125.6564092318829,37.69692276956487,62.82820461594145,-100.52512738550632,12.56564092318829,50.26256369275316
70.9,100.577601920144,150.86640288021601,75.43320144010801,25.144400480036,-50.288800960072,5.0288800960072,201.155203840288,-25.144400480036,125.72200240018,37.716600720054004,62.86100120009,-100.577601920144,12.572200240018,50.288800960072
71.0,100.6310189389679,150.94652840845185,75.47326420422593,25.157754734741975,-50.31550946948395,5.031550946948395,201.2620378779358,-25.157754734741975,125.78877367370987,37.736632102112964,62.894386836854935,-100.6310189389679,12.578877367370987,50.31550946948395
71.10000000000001,100.685209322376,151.027813983564,75.513906991782,25.171302330594,-50.342604661188,5.0342604661188,201.370418644752,-25.171302330594,125.85651165297,37.756953495891,62.928255826485,-100.685209322376,12.585651165297,50.342604661188
71.2,100.74008272118756,151.11012408178135,75.55506204089068,25.18502068029689,-50.37004136059378,5.0370041360593785,201.48016544237512,-25.18502068029689,125.92510340148445,37.77753102044534,62.962551700742225,-100.74008272118756,12.592510340148445,50.37004136059378
71.3,100.79558627895916,151.19337941843875,75.59668970921938,25.19889656973979,-50.39779313947958,5.0397793139479585,201.59117255791833,-25.19889656973979,125.99448284869895,37.79834485460969,62.997241424349475,-100.79558627895916,12.599448284869895,50.39779313947958
71.4,100.85168194183468,151.27752291275203,75.63876145637602,25.21292048545867,-50.42584097091734,5.042584097091734,201.70336388366937,-25.21292048545867,126.06460242729335,37.81938072818801,63.032301213646676,-100.85168194183468,12.606460242729336,50.42584097091734
71.5,100.90833875062832,151.36250812594247,75.68125406297123,25.22708468765708,-50.45416937531416,5.045416937531416,201.81667750125663,-25.22708468765708,126.1354234382854,37.84062703148562,63.0677117191427,-100.90833875062832,12.61354234382854,50.45416937531416
71.60000000000001,100.9654916660082,151.4482374990123,75.72411874950615,25.24137291650205,-50.4827458330041,5.048274583300411,201.9309833320164,-25.24137291650205,126.20686458251026,37.86205937475307,63.10343229125513,-100.9654916660082,12.620686458251026,50.4827458330041
71.7,101.02303981635409,151.53455972453114,75.76727986226557,25.25575995408852,-50.51151990817704,5.051151990817704,202.04607963270817,-25.25575995408852,126.2787997704426,37.883639931132784,63.1393998852213,-101.02303981635409,12.62787997704426,50.51151990817704
71.8,101.0809422165799,151.62141332486985,75.81070666243492,25.270235554144975,-50.54047110828995,5.0540471108289955,202.1618844331598,-25.270235554144975,126.35117777072487,37.90535333121746,63.17558888536244,-101.0809422165799,12.635117777072487,50.54047110828995
71.9,101.13916511357297,151.70874767035946,75.85437383517973,25.284791278393243,-50.569582556786486,5.056958255678649,202.27833022714594,-25.284791278393243,126.42395639196621,37.927186917589864,63.21197819598311,-101.13916511357297,12.642395639196621,50.569582556786486
72.0,101.1976354502518,151.79645317537768,75.89822658768884,25.29940886256295,-50.5988177251259,5.05988177251259,202.3952709005036,-25.29940886256295,126.49704431281475,37.94911329384442,63.248522156407375,-101.1976354502518,12.649704431281474,50.5988177251259
72.10000000000001,101.25626767331177,151.88440150996766,75.94220075498383,25.314066918327942,-50.628133836655884,5.062813383665588,202.51253534662354,-25.314066918327942,126.5703345916397,37.971100377491915,63.28516729581985,-101.25626767331177,12.657033459163971,50.628133836655884
72.2,101.31495517998452,151.9724327699768,75.9862163849884,25.32873879499613,-50.65747758999226,5.065747758999226,202.62991035996905,-25.32873879499613,126.64369397498065,37.9931081924942,63.321846987490325,-101.31495517998452,12.664369397498065,50.65747758999226
72.3,101.37356658211056,152.06034987316582,76.03017493658291,25.34339164552764,-50.68678329105528,5.068678329105528,202.7471331642211,-25.34339164552764,126.7169582276382,38.015087468291455,63.3584791138191,-101.37356658211056,12.67169582276382,50.68678329105528
72.4,101.43195235148447,152.1479285272267,76.07396426361335,25.357988087871117,-50.715976175742234,5.0715976175742234,202.86390470296894,-25.357988087871117,126.78994043935559,38.036982131806674,63.394970219677795,-101.43195235148447,12.678994043935559,50.715976175742234
72.5,101.49004317891308,152.23506476836963,76.11753238418481,25.37251079472827,-50.74502158945654,5.074502158945655,202.98008635782617,-25.37251079472827,126.86255397364135,38.058766192092406,63.43127698682068,-101.49004317891308,12.686255397364135,50.74502158945654
72.60000000000001,101.54780152239698,152.32170228359547,76.16085114179774,25.386950380599245,-50.77390076119849,5.077390076119849,203.09560304479396,-25.386950380599245,126.93475190299623,38.08042557089887,63.46737595149811,-101.54780152239698,12.693475190299623,50.77390076119849
72.7,101.6051466100532,152.40771991507978,76.20385995753989,25.4012866525133,-50.8025733050266,5.08025733050266,203.2102932201064,-25.4012866525133,127.0064332625665,38.101929978769945,63.50321663128325,-101.6051466100532,12.70064332625665,50.8025733050266
72.8,101.66195889559708,152.49293834339562,76.24646917169781,25.41548972389927,-50.83097944779854,5.083097944779855,203.32391779119416,-25.41548972389927,127.07744861949635,38.123234585848905,63.538724309748176,-101.66195889559708,12.707744861949635,50.83097944779854
72.9,101.71809258888644,152.57713888332967,76.28856944166483,25.42952314722161,-50.85904629444322,5.085904629444322,203.43618517777287,-25.42952314722161,127.14761573610804,38.14428472083242,63.57380786805402,-101.71809258888644,12.714761573610804,50.85904629444322
73.0,101.77333380036998,152.66000070055497,76.33000035027749,25.443333450092496,-50.88666690018499,5.088666690018499,203.54666760073997,-25.443333450092496,127.21666725046248,38.16500017513874,63.60833362523124,-101.77333380036998,12.721666725046248,50.88666690018499
73.10000000000001,101.82745233810252,152.7411785071538,76.3705892535769,25.45686308452563,-50.91372616905126,5.091372616905126,203.65490467620504,-25.45686308452563,127.28431542262814,38.18529462678845,63.64215771131407,-101.82745233810252,12.728431542262815,50.91372616905126
73.2,101.8802313912578,152.8203470868867,76.41017354344335,25.47005784781445,-50.9401156956289,5.09401156956289,203.7604627825156,-25.47005784781445,127.35028923907224,38.205086771721675,63.67514461953612,-101.8802313912578,12.735028923907224,50.9401156956289
73.3,101.9314653899994,152.8971980849991,76.44859904249955,25.48286634749985,-50.9657326949997,5.09657326949997,203.8629307799988,-25.48286634749985,127.41433173749925,38.224299521249776,63.70716586874963,-101.9314653899994,12.741433173749925,50.9657326949997
73.4,101.98095391882032,152.97143087823048,76.48571543911524,25.49523847970508,-50.99047695941016,5.0990476959410165,203.96190783764064,-25.49523847970508,127.4761923985254,38.24285771955762,63.7380961992627,-101.98095391882032,12.74761923985254,50.99047695941016
73.5,102.02855710474937,153.04283565712404,76.52141782856202,25.507139276187342,-51.014278552374684,5.101427855237469,204.05711420949874,-25.507139276187342,127.53569638093671,38.26070891428101,63.76784819046836,-102.02855710474937,12.753569638093671,51.014278552374684
73.60000000000001,102.07414691209243,153.11122036813865,76.55561018406932,25.518536728023108,-51.037073456046215,5.103707345604622,204.14829382418486,-25.518536728023108,127.59268364011554,38.27780509203466,63.79634182005777,-102.07414691209243,12.759268364011554,51.037073456046215
73.7,102.11765727793158,153.17648591689738,76.58824295844869,25.529414319482896,-51.05882863896579,5.105882863896579,204.23531455586317,-25.529414319482896,127.64707159741448,38.294121479224344,63.82353579870724,-102.11765727793158,12.764707159741448,51.05882863896579
73.8,102.15905133833888,153.23857700750833,76.61928850375416,25.53976283458472,-51.07952566916944,5.1079525669169445,204.31810267667777,-25.53976283458472,127.6988141729236,38.30964425187708,63.8494070864618,-102.15905133833888,12.76988141729236,51.07952566916944
73.9,102.19832033702984,153.29748050554477,76.64874025277238,25.54958008425746,-51.09916016851492,5.109916016851493,204.39664067405968,-25.54958008425746,127.7479004212873,38.32437012638619,63.87395021064365,-102.19832033702984,12.77479004212873,51.09916016851492
74.0,102.2355525557073,153.35332883356097,76.67666441678048,25.558888138926825,-51.11777627785365,5.111777627785365,204.4711051114146,-25.558888138926825,127.79444069463412,38.33833220839024,63.89722034731706,-102.2355525557073,12.779444069463413,51.11777627785365
74.10000000000001,102.2709242940673,153.40638644110095,76.70319322055047,25.567731073516825,-51.13546214703365,5.113546214703366,204.5418485881346,-25.567731073516825,127.83865536758412,38.35159661027524,63.91932768379206,-102.2709242940673,12.783865536758412,51.13546214703365
74.2,102.30459893193719,153.45689839790577,76.72844919895289,25.576149732984298,-51.152299465968596,5.11522994659686,204.60919786387439,-25.576149732984298,127.8807486649215,38.364224599476444,63.94037433246075,-102.30459893193719,12.788074866492149,51.152299465968596
74.3,102.33670382708965,153.50505574063448,76.75252787031724,25.584175956772413,-51.168351913544825,5.1168351913544825,204.6734076541793,-25.584175956772413,127.92087978386206,38.37626393515862,63.96043989193103,-102.33670382708965,12.792087978386206,51.168351913544825
74.4,102.36735342530102,153.55103013795153,76.77551506897576,25.591838356325255,-51.18367671265051,5.118367671265052,204.73470685060204,-25.591838356325255,127.95919178162627,38.38775753448788,63.97959589081314,-102.36735342530102,12.795919178162627,51.18367671265051
74.5,102.39667703907965,153.59501555861948,76.79750777930974,25.599169259769912,-51.198338519539824,5.119833851953983,204.7933540781593,-25.599169259769912,127.99584629884956,38.39875388965487,63.99792314942478,-102.39667703907965,12.799584629884956,51.198338519539824
74.60000000000001,102.42478944933205,153.6371841739981,76.81859208699905,25.606197362333013,-51.21239472466603,5.121239472466603,204.8495788986641,-25.606197362333013,128.03098681166506,38.40929604349952,64.01549340583253,-102.42478944933205,12.803098681166507,51.21239472466603
74.7,102.45182216041997,153.67773324062995,76.83886662031497,25.61295554010499,-51.22591108020998,5.122591108020998,204.90364432083993,-25.61295554010499,128.06477770052496,38.41943331015749,64.03238885026248,-102.45182216041997,12.806477770052496,51.22591108020998
74.8,102.4779413279459,153.71691199191883,76.85845599595942,25.619485331986475,-51.23897066397295,5.123897066397295,204.9558826558918,-25.619485331986475,128.09742665993238,38.42922799797971,64.04871332996619,-102.4779413279459,12.809742665993237,51.23897066397295
74.9,102.50329787215479,153.75494680823218,76.87747340411609,25.625824468038697,-51.251648936077395,5.12516489360774,205.00659574430958,-25.625824468038697,128.12912234019348,38.438736702058044,64.06456117009674,-102.50329787215479,12.812912234019349,51.251648936077395
75.0,102.52795196614919,153.79192794922378,76.89596397461189,25.631987991537297,-51.263975983074594,5.1263975983074594,205.05590393229838,-25.631987991537297,128.15993995768648,38.447981987305944,64.07996997884324,-102.52795196614919,12.815993995768649,51.263975983074594
75.10000000000001,102.55190744492874,153.8278611673931,76.91393058369655,25.637976861232186,-51.27595372246437,5.127595372246438,205.1038148898575,-25.637976861232186,128.18988430616093,38.45696529184828,64.09494215308047,-102.55190744492874,12.818988430616093,51.27595372246437
75.2,102.57521207988705,153.8628181198306,76.9314090599153,25.643803019971763,-51.287606039943526,5.128760603994353,205.1504241597741,-25.643803019971763,128.2190150998588,38.46570452995765,64.1095075499294,-102.57521207988705,12.821901509985882,51.287606039943526
75.3,102.59787807407982,153.89681711111973,76.94840855555987,25.649469518519954,-51.29893903703991,5.129893903703991,205.19575614815963,-25.649469518519954,128.24734759259977,38.47420427777993,64.12367379629988,-102.59787807407982,12.824734759259977,51.29893903703991
75.4,102.61990766387898,153.92986149581847,76.96493074790924,25.654976915969744,-51.30995383193949,5.130995383193949,205.23981532775795,-25.654976915969744,128.27488457984873,38.48246537395462,64.13744228992437,-102.61990766387898,12.827488457984872,51.30995383193949
75.5,102.64130266857751,153.96195400286626,76.98097700143313,25.660325667144377,-51.320651334288755,5.132065133428876,205.28260533715502,-25.660325667144377,128.3016283357219,38.490488500716566,64.15081416786094,-102.64130266857751,12.830162833572189,51.320651334288755
75.60000000000001,102.66208116690015,153.9931217503502,76.9965608751751,25.665520291725038,-51.331040583450076,5.133104058345008,205.3241623338003,-25.665520291725038,128.3276014586252,38.49828043758755,64.1638007293126,-102.66208116690015,12.832760145862519,51.331040583450076
75.7,102.6823029051183,154.02345435767745,77.01172717883873,25.670575726279576,-51.34115145255915,5.134115145255915,205.3646058102366,-25.670575726279576,128.35287863139789,38.50586358941936,64.17643931569894,-102.6823029051183,12.835287863139788,51.34115145255915
75.8,102.70208898864634,154.0531334829695,77.02656674148476,25.675522247161584,-51.35104449432317,5.135104449432317,205.40417797729268,-25.675522247161584,128.37761123580793,38.51328337074238,64.18880561790397,-102.70208898864634,12.837761123580792,51.35104449432317
75.9,102.72154879665709,154.08232319498563,77.04116159749282,25.680387199164272,-51.360774398328545,5.136077439832855,205.44309759331418,-25.680387199164272,128.40193599582136,38.52058079874641,64.20096799791068,-102.72154879665709,12.840193599582136,51.360774398328545
76.0,102.74082880873252,154.11124321309876,77.05562160654938,25.68520720218313,-51.37041440436626,5.137041440436626,205.48165761746503,-25.68520720218313,128.42603601091565,38.52781080327469,64.21301800545783,-102.74082880873252,12.842603601091565,51.37041440436626
76.10000000000001,102.76009250528423,154.14013875792637,77.07006937896318,25.69002312632106,-51.38004625264212,5.138004625264212,205.52018501056847,-25.69002312632106,128.45011563160529,38.53503468948159,64.22505781580264,-102.76009250528423,12.84501156316053,51.38004625264212
76.2,102.77948226379222,154.16922339568833,77.08461169784417,25.694870565948055,-51.38974113189611,5.138974113189612,205.55896452758444,-25.694870565948055,128.47435282974027,38.542305848922084,64.23717641487013,-102.77948226379222,12.847435282974027,51.38974113189611
76.3,102.79907728899423,154.19861593349134,77.09930796674567,25.699769322248557,-51.39953864449711,5.139953864449712,205.59815457798845,-25.699769322248557,128.49884661124278,38.549653983372835,64.24942330562139,-102.79907728899423,12.849884661124278,51.39953864449711
76.4,102.81891174053598,154.22836761080396,77.11418380540198,25.704727935133995,-51.40945587026799,5.140945587026799,205.63782348107196,-25.704727935133995,128.52363967566998,38.55709190270099,64.26181983783499,-102.81891174053598,12.852363967566998,51.40945587026799
76.5,102.8389921338773,154.25848820081595,77.12924410040797,25.709748033469324,-51.41949606693865,5.141949606693865,205.6779842677546,-25.709748033469324,128.54874016734664,38.56462205020399,64.27437008367332,-102.8389921338773,12.854874016734662,51.41949606693865
76.60000000000001,102.85935742294106,154.2890361344116,77.1445180672058,25.714839355735265,-51.42967871147053,5.142967871147054,205.71871484588212,-25.714839355735265,128.5741967786763,38.5722590336029,64.28709838933815,-102.85935742294106,12.857419677867632,51.42967871147053
76.7,102.88004156870879,154.32006235306318,77.16003117653159,25.720010392177198,-51.440020784354395,5.14400207843544,205.76008313741758,-25.720010392177198,128.600051960886,38.580015588265795,64.300025980443,-102.88004156870879,12.860005196088599,51.440020784354395
76.80000000000001,102.90105629778309,154.35158444667462,77.17579222333731,25.72526407444577,-51.45052814889154,5.145052814889155,205.80211259556617,-25.72526407444577,128.62632037222886,38.587896111668655,64.31316018611443,-102.90105629778309,12.862632037222886,51.45052814889154
76.9,102.92239123325542,154.38358684988313,77.19179342494157,25.730597808313856,-51.46119561662771,5.146119561662772,205.84478246651085,-25.730597808313856,128.65298904156927,38.59589671247078,64.32649452078464,-102.92239123325542,12.865298904156928,51.46119561662771
77.0,102.94396137795016,154.41594206692525,77.20797103346263,25.73599034448754,-51.47198068897508,5.1471980688975085,205.88792275590032,-25.73599034448754,128.6799517224377,38.60398551673131,64.33997586121885,-102.94396137795016,12.86799517224377,51.47198068897508
77.10000000000001,102.96562049787718,154.44843074681577,77.22421537340789,25.741405124469296,-51.48281024893859,5.148281024893859,205.93124099575437,-25.741405124469296,128.70702562234646,38.61210768670394,64.35351281117323,-102.96562049787718,12.870702562234648,51.48281024893859
77.2,102.98729016130066,154.480935241951,77.2404676209755,25.746822540325166,-51.49364508065033,5.149364508065034,205.97458032260133,-25.746822540325166,128.73411270162583,38.62023381048775,64.36705635081292,-102.98729016130066,12.873411270162583,51.49364508065033
77.30000000000001,103.00892871240715,154.51339306861072,77.25669653430536,25.75223217810179,-51.50446435620358,5.150446435620358,206.0178574248143,-25.75223217810179,128.76116089050893,38.62834826715268,64.38058044525447,-103.00892871240715,12.876116089050894,51.50446435620358
77.4,103.0304906798518,154.54573601977768,77.27286800988884,25.75762266996295,-51.5152453399259,5.15152453399259,206.0609813597036,-25.75762266996295,128.78811334981475,38.63643400494442,64.39405667490738,-103.0304906798518,12.878811334981474,51.5152453399259
77.5,103.05192531272377,154.57788796908565,77.28894398454283,25.762981328180942,-51.525962656361884,5.1525962656361886,206.10385062544754,-25.762981328180942,128.81490664090472,38.64447199227141,64.40745332045236,-103.05192531272377,12.881490664090471,51.525962656361884
77.60000000000001,103.07312113282613,154.6096816992392,77.3048408496196,25.768280283206533,-51.536560566413065,5.1536560566413065,206.14624226565226,-25.768280283206533,128.84140141603265,38.6524204248098,64.42070070801633,-103.07312113282613,12.884140141603266,51.536560566413065
77.7,103.09398195350965,154.64097293026447,77.32048646513223,25.773495488377414,-51.54699097675483,5.154699097675483,206.1879639070193,-25.773495488377414,128.86747744188708,38.66024323256612,64.43373872094354,-103.09398195350965,12.886747744188707,51.54699097675483
77.80000000000001,103.11439612186017,154.67159418279024,77.33579709139512,25.778599030465042,-51.557198060930084,5.155719806093009,206.22879224372033,-25.778599030465042,128.8929951523252,38.66789854569756,64.4464975761626,-103.11439612186017,12.889299515232521,51.557198060930084
77.9,103.13423902420686,154.7013585363103,77.35067926815515,25.783559756051716,-51.56711951210343,5.156711951210344,206.26847804841373,-25.783559756051716,128.91779878025858,38.675339634077574,64.45889939012929,-103.13423902420686,12.891779878025858,51.56711951210343
78.0,103.15343554300375,154.73015331450563,77.36507665725281,25.788358885750938,-51.576717771501876,5.157671777150188,206.3068710860075,-25.788358885750938,128.9417944287547,38.68253832862641,64.47089721437735,-103.15343554300375,12.894179442875469,51.576717771501876
78.10000000000001,103.17194992666671,154.75792489000008,77.37896244500004,25.792987481666678,-51.585974963333356,5.158597496333336,206.34389985333343,-25.792987481666678,128.96493740833338,38.68948122250002,64.48246870416669,-103.17194992666671,12.896493740833339,51.585974963333356
78.2,103.18975102828547,154.7846265424282,77.3923132712141,25.797437757071368,-51.594875514142736,5.159487551414274,206.37950205657094,-25.797437757071368,128.98718878535684,38.69615663560705,64.49359439267842,-103.18975102828547,12.898718878535684,51.594875514142736
78.30000000000001,103.20672684324393,154.8100902648659,77.40504513243295,25.801681710810982,-51.603363421621964,5.160336342162196,206.41345368648786,-25.801681710810982,129.0084085540549,38.70252256621647,64.50420427702745,-103.20672684324393,12.900840855405491,51.603363421621964
78.4,103.22271679758768,154.83407519638152,77.41703759819076,25.80567919939692,-51.61135839879384,5.1611358398793845,206.44543359517536,-25.80567919939692,129.0283959969846,38.70851879909538,64.5141979984923,-103.22271679758768,12.90283959969846,51.61135839879384
78.5,103.23767383858291,154.85651075787436,77.42825537893718,25.809418459645727,-51.618836919291454,5.1618836919291455,206.47534767716581,-25.809418459645727,129.04709229822862,38.71412768946859,64.52354614911431,-103.23767383858291,12.904709229822863,51.618836919291454
78.60000000000001,103.25164943555829,154.87747415333743,77.43873707666872,25.812912358889573,-51.625824717779146,5.162582471777915,206.50329887111658,-25.812912358889573,129.06456179444785,38.71936853833436,64.53228089722393,-103.25164943555829,12.906456179444787,51.625824717779146
78.7,103.2646800041834,154.8970200062751,77.44851000313756,25.81617000104585,-51.6323400020917,5.163234000209171,206.5293600083668,-25.81617000104585,129.08085000522925,38.72425500156878,64.54042500261463,-103.2646800041834,12.908085000522926,51.6323400020917
78.80000000000001,103.27679228520648,154.9151884278097,77.45759421390485,25.81919807130162,-51.63839614260324,5.163839614260325,206.55358457041297,-25.81919807130162,129.0959903565081,38.72879710695243,64.54799517825406,-103.27679228520648,12.90959903565081,51.63839614260324
78.9,103.28794579010854,154.9319186851628,77.4659593425814,25.821986447527134,-51.64397289505427,5.164397289505427,206.57589158021707,-25.821986447527134,129.10993223763566,38.7329796712907,64.55496611881783,-103.28794579010854,12.910993223763567,51.64397289505427
79.0,103.29808345131471,154.94712517697207,77.47356258848603,25.824520862828678,-51.649041725657355,5.164904172565736,206.59616690262942,-25.824520862828678,129.1226043141434,38.736781294243016,64.5613021570717,-103.29808345131471,12.912260431414339,51.649041725657355
79.10000000000001,103.307239484412,154.960859226618,77.480429613309,25.826809871103,-51.653619742206,5.1653619742206,206.614478968824,-25.826809871103,129.134049355515,38.7402148066545,64.5670246777575,-103.307239484412,12.9134049355515,51.653619742206
79.2,103.31547155113913,154.9732073267087,77.48660366335434,25.82886788778478,-51.65773577556956,5.165773577556957,206.63094310227825,-25.82886788778478,129.1443394389239,38.74330183167717,64.57216971946195,-103.31547155113913,12.91443394389239,51.65773577556956
79.30000000000001,103.32283813250967,154.9842571987645,77.49212859938226,25.83070953312742,-51.66141906625484,5.166141906625484,206.64567626501935,-25.83070953312742,129.1535476656371,38.74606429969113,64.57677383281855,-103.32283813250967,12.91535476656371,51.66141906625484
79.4,103.32935945848378,154.99403918772566,77.49701959386283,25.832339864620945,-51.66467972924189,5.166467972924189,206.65871891696756,-25.832339864620945,129.16169932310473,38.748509796931415,64.58084966155236,-103.32935945848378,12.916169932310472,51.66467972924189
79.5,103.3350534833027,155.00258022495404,77.50129011247702,25.833763370825675,-51.66752674165135,5.166752674165135,206.6701069666054,-25.833763370825675,129.16881685412838,38.75064505623851,64.58440842706419,-103.3350534833027,12.916881685412838,51.66752674165135
79.60000000000001,103.33995865112175,155.00993797668264,77.50496898834132,25.834989662780437,-51.669979325560874,5.166997932556088,206.6799173022435,-25.834989662780437,129.17494831390218,38.75248449417066,64.58747415695109,-103.33995865112175,12.917494831390218,51.669979325560874
79.7,103.34415781110259,155.01623671665388,77.50811835832694,25.836039452775648,-51.672078905551295,5.1672078905551295,206.68831562220518,-25.836039452775648,129.18019726387823,38.75405917916347,64.59009863193911,-103.34415781110259,12.918019726387824,51.672078905551295
79.80000000000001,103.34771119096636,155.02156678644954,77.51078339322477,25.83692779774159,-51.67385559548318,5.167385559548318,206.69542238193273,-25.83692779774159,129.18463898870795,38.755391696612385,64.59231949435397,-103.34771119096636,12.918463898870796,51.67385559548318
79.9,103.35064076587915,155.02596114881874,77.51298057440937,25.837660191469787,-51.675320382939574,5.167532038293958,206.7012815317583,-25.837660191469787,129.18830095734893,38.756490287204684,64.59415047867446,-103.35064076587915,12.918830095734894,51.675320382939574
80.0,103.35299347249607,155.0294902087441,77.51474510437205,25.838248368124017,-51.67649673624803,5.167649673624804,206.70598694499213,-25.838248368124017,129.19124184062008,38.75737255218603,64.59562092031004,-103.35299347249607,12.919124184062008,51.67649673624803
80.10000000000001,103.35482194137178,155.03223291205768,77.51611645602884,25.838705485342945,-51.67741097068589,5.167741097068589,206.70964388274356,-25.838705485342945,129.19352742671472,38.75805822801442,64.59676371335736,-103.35482194137178,12.919352742671473,51.67741097068589
80.2,103.35612730783994,155.03419096175992,77.51709548087996,25.839031826959985,-51.67806365391997,5.167806365391997,206.71225461567988,-25.839031826959985,129.19515913479992,38.75854774043998,64.59757956739996,-103.35612730783994,12.919515913479993,51.67806365391997
80.30000000000001,103.35687666750744,155.03531500126115,77.51765750063058,25.83921916687686,-51.67843833375372,5.167843833375372,206.71375333501487,-25.83921916687686,129.1960958343843,38.75882875031529,64.59804791719215,-103.35687666750744,12.91960958343843,51.67843833375372
80.4,103.35702020383556,155.03553030575335,77.51776515287668,25.83925505095889,-51.67851010191778,5.167851010191779,206.71404040767112,-25.83925505095889,129.19627525479444,38.75888257643834,64.59813762739722,-103.35702020383556,12.919627525479445,51.67851010191778
80.5,103.35649845211454,155.0347476781718,77.5173738390859,25.839124613028634,-51.67824922605727,5.167824922605727,206.71299690422907,-25.839124613028634,129.19562306514317,38.75868691954295,64.59781153257158,-103.35649845211454,12.919562306514317,51.67824922605727
80.60000000000001,103.35532061046442,155.0329809156966,77.5164904578483,25.838830152616104,-51.67766030523221,5.167766030523222,206.71064122092884,-25.838830152616104,129.19415076308053,38.75824522892415,64.59707538154026,-103.35532061046442,12.919415076308052,51.67766030523221
80.7,103.35358598462128,155.0303789769319,77.51518948846595,25.83839649615532,-51.67679299231064,5.1676792992310645,206.70717196924255,-25.83839649615532,129.1919824807766,38.757594744232975,64.5959912403883,-103.35358598462128,12.91919824807766,51.67679299231064
80.80000000000001,103.35147959327276,155.02721938990913,77.51360969495457,25.83786989831819,-51.67573979663638,5.167573979663638,206.7029591865455,-25.83786989831819,129.18934949159095,38.756804847477284,64.59467474579547,-103.35147959327276,12.918934949159095,51.67573979663638
80.9,103.34923199128623,155.02384798692935,77.51192399346468,25.837307997821558,-51.674615995643116,5.167461599564312,206.69846398257246,-25.837307997821558,129.18653998910779,38.75596199673234,64.59326999455389,-103.34923199128623,12.918653998910779,51.674615995643116
81.0,103.34708162186536,155.02062243279804,77.51031121639902,25.83677040546634,-51.67354081093268,5.1673540810932685,206.6941632437307,-25.83677040546634,129.18385202733168,38.75515560819951,64.59192601366584,-103.34708162186536,12.91838520273317,51.67354081093268
81.10000000000001,103.34530941483993,155.0179641222599,77.50898206112996,25.836327353709983,-51.672654707419966,5.167265470741997,206.69061882967986,-25.836327353709983,129.1816367685499,38.75449103056498,64.59081838427495,-103.34530941483993,12.918163676854991,51.672654707419966
81.2,103.34421111291488,155.01631666937232,77.50815833468616,25.83605277822872,-51.67210555645744,5.167210555645744,206.68842222582975,-25.83605277822872,129.1802638911436,38.75407916734308,64.5901319455718,-103.34421111291488,12.91802638911436,51.67210555645744
81.30000000000001,103.34407135009934,155.016107025149,77.5080535125745,25.836017837524835,-51.67203567504967,5.167203567504967,206.68814270019868,-25.836017837524835,129.18008918762416,38.75402675628725,64.59004459381208,-103.34407135009934,12.918008918762418,51.67203567504967
81.4,103.34513654750634,155.0177048212595,77.50885241062976,25.836284136876586,-51.67256827375317,5.167256827375318,206.69027309501269,-25.836284136876586,129.18142068438294,38.75442620531488,64.59071034219147,-103.34513654750634,12.918142068438293,51.67256827375317
81.5,103.34768882217968,155.0215332332695,77.51076661663475,25.83692220554492,-51.67384441108984,5.167384441108984,206.69537764435935,-25.83692220554492,129.1846110277246,38.75538330831738,64.5923055138623,-103.34768882217968,12.91846110277246,51.67384441108984
81.60000000000001,103.35201512650104,155.02802268975157,77.51401134487578,25.83800378162526,-51.67600756325052,5.167600756325053,206.7040302530021,-25.83800378162526,129.19001890812632,38.75700567243789,64.59500945406316,-103.35201512650104,12.91900189081263,51.67600756325052
81.7,103.35833608489929,155.03750412734894,77.51875206367447,25.839584021224823,-51.679168042449646,5.167916804244965,206.71667216979858,-25.839584021224823,129.19792010612412,38.759376031837235,64.59896005306206,-103.35833608489929,12.919792010612412,51.679168042449646
81.80000000000001,103.36684011802714,155.0502601770407,77.52513008852036,25.841710029506785,-51.68342005901357,5.168342005901358,206.73368023605428,-25.841710029506785,129.2085501475339,38.76256504426018,64.60427507376696,-103.36684011802714,12.920855014753393,51.68342005901357
81.9,103.37767123489273,155.0665068523391,77.53325342616955,25.844417808723183,-51.688835617446365,5.168883561744637,206.75534246978546,-25.844417808723183,129.2220890436159,38.766626713084776,64.61104452180795,-103.37767123489273,12.922208904361591,51.688835617446365
82.0,103.39091812371504,155.08637718557256,77.54318859278628,25.84772953092876,-51.69545906185752,5.1695459061857525,206.78183624743008,-25.84772953092876,129.23864765464378,38.77159429639314,64.61932382732189,-103.39091812371504,12.92386476546438,51.69545906185752
82.10000000000001,103.40662221564712,155.10993332347067,77.55496666173534,25.85165555391178,-51.70331110782356,5.170331110782357,206.81324443129424,-25.85165555391178,129.2582777695589,38.77748333086767,64.62913888477945,-103.40662221564712,12.92582777695589,51.70331110782356
82.2,103.42479052923525,155.1371857938529,77.56859289692645,25.856197632308813,-51.712395264617626,5.171239526461763,206.8495810584705,-25.856197632308813,129.28098816154406,38.78429644846322,64.64049408077203,-103.42479052923525,12.928098816154407,51.712395264617626
82.30000000000001,103.44539600297527,155.16809400446292,77.58404700223146,25.861349000743818,-51.722698001487636,5.172269800148764,206.89079200595054,-25.861349000743818,129.3067450037191,38.79202350111573,64.65337250185955,-103.44539600297527,12.930674500371909,51.722698001487636
82.4,103.46843656404783,155.20265484607177,77.60132742303588,25.86710914101196,-51.73421828202392,5.173421828202392,206.93687312809567,-25.86710914101196,129.3355457050598,38.80066371151794,64.6677728525299,-103.46843656404783,12.93355457050598,51.73421828202392
82.5,103.4938704161962,155.2408056242943,77.62040281214715,25.87346760404905,-51.7469352080981,5.174693520809811,206.9877408323924,-25.87346760404905,129.36733802024526,38.810201406073574,64.68366901012263,-103.4938704161962,12.936733802024525,51.7469352080981
82.60000000000001,103.52157751830157,155.28236627745235,77.64118313872618,25.880394379575392,-51.760788759150785,5.176078875915079,207.04315503660314,-25.880394379575392,129.40197189787696,38.82059156936309,64.70098594893848,-103.52157751830157,12.940197189787696,51.760788759150785
82.7,103.5514796714283,155.32721950714244,77.66360975357122,25.887869917857074,-51.77573983571415,5.177573983571415,207.1029593428566,-25.887869917857074,129.43934958928537,38.83180487678561,64.71967479464269,-103.5514796714283,12.943934958928537,51.77573983571415
82.80000000000001,103.5835039578013,155.37525593670193,77.68762796835097,25.895875989450325,-51.79175197890065,5.179175197890065,207.1670079156026,-25.895875989450325,129.47937994725163,38.84381398417548,64.73968997362581,-103.5835039578013,12.947937994725162,51.79175197890065
82.9,103.61757884532963,155.42636826799446,77.71318413399723,25.904394711332408,-51.808789422664816,5.180878942266482,207.23515769065926,-25.904394711332408,129.52197355666203,38.856592066998616,64.76098677833102,-103.61757884532963,12.952197355666204,51.808789422664816
83.0,103.65361481443307,155.4804222216496,77.7402111108248,25.913403703608267,-51.826807407216535,5.182680740721654,207.30722962886614,-25.913403703608267,129.56701851804132,38.8701055554124,64.78350925902066,-103.65361481443307,12.956701851804134,51.826807407216535
83.10000000000001,103.69155654396721,155.53733481595083,77.76866740797541,25.922889135991802,-51.845778271983605,5.1845778271983605,207.38311308793442,-25.922889135991802,129.614445679959,38.88433370398771,64.8072228399795,-103.69155654396721,12.961444567995901,51.845778271983605
83.2,103.73134534087824,155.59701801131735,77.79850900565867,25.93283633521956,-51.86567267043912,5.1865672670439125,207.46269068175647,-25.93283633521956,129.6641816760978,38.899254502829336,64.8320908380489,-103.73134534087824,12.96641816760978,51.86567267043912
83.30000000000001,103.77289905034213,155.6593485755132,77.8296742877566,25.943224762585533,-51.88644952517107,5.188644952517107,207.54579810068427,-25.943224762585533,129.71612381292766,38.9148371438783,64.85806190646383,-103.77289905034213,12.971612381292767,51.88644952517107
83.4,103.81612840352828,155.72419260529242,77.86209630264621,25.95403210088207,-51.90806420176414,5.190806420176415,207.63225680705656,-25.95403210088207,129.77016050441034,38.931048151323104,64.88508025220517,-103.81612840352828,12.977016050441035,51.90806420176414
83.5,103.86094255544243,155.79141383316366,77.89570691658183,25.96523563886061,-51.93047127772122,5.193047127772122,207.72188511088487,-25.96523563886061,129.82617819430305,38.947853458290915,64.91308909715153,-103.86094255544243,12.982617819430304,51.93047127772122
83.60000000000001,103.90724363236136,155.86086544854203,77.93043272427101,25.97681090809034,-51.95362181618068,5.195362181618068,207.81448726472271,-25.97681090809034,129.8840545404517,38.96521636213551,64.94202727022585,-103.90724363236136,12.98840545404517,51.95362181618068
83.7,103.95491516707148,155.93237275060721,77.96618637530361,25.98872879176787,-51.97745758353574,5.197745758353574,207.90983033414295,-25.98872879176787,129.94364395883935,38.983093187651804,64.97182197941967,-103.95491516707148,12.994364395883935,51.97745758353574
83.80000000000001,104.00382927394979,156.00574391092468,78.00287195546234,26.000957318487448,-52.001914636974895,5.2001914636974895,208.00765854789958,-26.000957318487448,130.00478659243723,39.00143597773117,65.00239329621861,-104.00382927394979,13.000478659243724,52.001914636974895
83.9,104.05385128157948,156.08077692236924,78.04038846118462,26.01346282039487,-52.02692564078974,5.2026925640789745,208.10770256315897,-26.01346282039487,130.06731410197435,39.02019423059231,65.03365705098717,-104.05385128157948,13.006731410197435,52.02692564078974
84.0,104.10479370431277,156.15719055646915,78.07859527823457,26.026198426078192,-52.052396852156384,5.205239685215639,208.20958740862554,-26.026198426078192,130.13099213039095,39.03929763911729,65.06549606519548,-104.10479370431277,13.013099213039096,52.052396852156384
84.10000000000001,104.15648372404969,156.23472558607455,78.11736279303727,26.039120931012423,-52.078241862024846,5.207824186202485,208.31296744809939,-26.039120931012423,130.1956046550621,39.05868139651864,65.09780232753106,-104.15648372404969,13.019560465506212,52.078241862024846
84.2,104.2088399929769,156.31325998946537,78.15662999473268,26.052209998244226,-52.10441999648845,5.210441999648846,208.4176799859538,-26.052209998244226,130.26104999122114,39.07831499736634,65.13052499561057,-104.2088399929769,13.026104999122113,52.10441999648845
84.30000000000001,104.26181941478715,156.39272912218073,78.19636456109036,26.06545485369679,-52.13090970739358,5.2130909707393585,208.5236388295743,-26.06545485369679,130.32727426848393,39.09818228054518,65.16363713424197,-104.26181941478715,13.032727426848394,52.13090970739358
84.4,104.31534621685829,156.47301932528742,78.23650966264371,26.078836554214572,-52.157673108429144,5.215767310842915,208.63069243371658,-26.078836554214572,130.39418277107285,39.118254831321856,65.19709138553642,-104.31534621685829,13.039418277107286,52.157673108429144
84.5,104.36931779184835,156.55397668777252,78.27698834388626,26.092329447962086,-52.18465889592417,5.218465889592418,208.7386355836967,-26.092329447962086,130.46164723981042,39.13849417194313,65.23082361990521,-104.36931779184835,13.046164723981043,52.18465889592417
84.60000000000001,104.42358777487519,156.6353816623128,78.3176908311564,26.105896943718797,-52.211793887437594,5.22117938874376,208.84717554975038,-26.105896943718797,130.52948471859398,39.1588454155782,65.26474235929699,-104.42358777487519,13.052948471859398,52.211793887437594
84.7,104.47795974930418,156.71693962395625,78.35846981197813,26.119489937326044,-52.23897987465209,5.223897987465209,208.95591949860835,-26.119489937326044,130.59744968663023,39.17923490598906,65.29872484331511,-104.47795974930418,13.059744968663022,52.23897987465209
84.80000000000001,104.53223678709945,156.79835518064917,78.39917759032458,26.133059196774862,-52.266118393549725,5.226611839354973,209.0644735741989,-26.133059196774862,130.6652959838743,39.19958879516229,65.33264799193715,-104.53223678709945,13.066529598387431,52.266118393549725
84.9,104.58620127165628,156.87930190748443,78.43965095374222,26.14655031791407,-52.29310063582814,5.2293100635828145,209.17240254331256,-26.14655031791407,130.73275158957034,39.21982547687111,65.36637579478517,-104.58620127165628,13.073275158957035,52.29310063582814
85.0,104.63957764078725,156.95936646118088,78.47968323059044,26.159894410196813,-52.319788820393626,5.231978882039363,209.2791552815745,-26.159894410196813,130.79947205098406,39.23984161529522,65.39973602549203,-104.63957764078725,13.079947205098406,52.319788820393626
85.10000000000001,104.69205131206365,157.03807696809548,78.51903848404774,26.173012828015914,-52.34602565603183,5.234602565603183,209.3841026241273,-26.173012828015914,130.86506414007957,39.25951924202387,65.43253207003978,-104.69205131206365,13.086506414007957,52.34602565603183
85.2,104.74335825066373,157.1150373759956,78.5575186879978,26.185839562665933,-52.371679125331866,5.237167912533187,209.48671650132746,-26.185839562665933,130.92919781332967,39.2787593439989,65.46459890666483,-104.74335825066373,13.092919781332967,52.371679125331866
85.30000000000001,104.79319411454307,157.1897911718146,78.5948955859073,26.198298528635767,-52.396597057271535,5.239659705727154,209.58638822908614,-26.198298528635767,130.99149264317884,39.29744779295365,65.49574632158942,-104.79319411454307,13.099149264317884,52.396597057271535
85.4,104.84127538551085,157.26191307826628,78.63095653913314,26.210318846377714,-52.42063769275543,5.242063769275543,209.6825507710217,-26.210318846377714,131.05159423188857,39.31547826956657,65.52579711594429,-104.84127538551085,13.105159423188857,52.42063769275543
85.5,104.88732418868207,157.3309862830231,78.66549314151155,26.221831047170518,-52.443662094341036,5.244366209434104,209.77464837736414,-26.221831047170518,131.1091552358526,39.33274657075577,65.5545776179263,-104.88732418868207,13.110915523585259,52.443662094341036
85.60000000000001,104.93108898176683,157.39663347265025,78.69831673632513,26.23277224544171,-52.46554449088342,5.246554449088342,209.86217796353367,-26.23277224544171,131.16386122720854,39.34915836816256,65.58193061360427,-104.93108898176683,13.116386122720854,52.46554449088342
85.7,104.9723683190017,157.45855247850255,78.72927623925128,26.243092079750426,-52.48618415950085,5.2486184159500855,209.9447366380034,-26.243092079750426,131.21546039875213,39.36463811962564,65.60773019937606,-104.9723683190017,13.121546039875213,52.48618415950085
85.80000000000001,105.01096953769182,157.51645430653772,78.75822715326886,26.252742384422955,-52.50548476884591,5.250548476884592,210.02193907538364,-26.252742384422955,131.26371192211477,39.37911357663443,65.63185596105738,-105.01096953769182,13.126371192211478,52.50548476884591
85.9,105.04668799966187,157.5700319994928,78.7850159997464,26.261671999915468,-52.523343999830935,5.252334399983094,210.09337599932374,-26.261671999915468,131.30835999957733,39.3925079998732,65.65417999978867,-105.04668799966187,13.130835999957734,52.523343999830935
86.0,105.07933506249005,157.61900259373508,78.80950129686754,26.26983376562251,-52.53966753124502,5.2539667531245025,210.1586701249801,-26.26983376562251,131.34916882811257,39.40475064843377,65.67458441405628,-105.07933506249005,13.134916882811256,52.53966753124502
86.10000000000001,105.10874719756092,157.6631207963414,78.8315603981707,26.27718679939023,-52.55437359878046,5.255437359878046,210.21749439512183,-26.27718679939023,131.38593399695114,39.41578019908535,65.69296699847557,-105.10874719756092,13.138593399695115,52.55437359878046
86.2,105.13478474600403,157.70217711900605,78.85108855950303,26.283696186501007,-52.567392373002015,5.256739237300202,210.26956949200806,-26.283696186501007,131.41848093250505,39.42554427975151,65.70924046625252,-105.13478474600403,13.141848093250504,52.567392373002015
86.30000000000001,105.15729458288331,157.73594187432496,78.86797093716248,26.289323645720827,-52.578647291441655,5.257864729144166,210.31458916576662,-26.289323645720827,131.44661822860414,39.43398546858124,65.72330911430207,-105.15729458288331,13.144661822860414,52.578647291441655
86.4,105.17613814385649,157.76420721578472,78.88210360789236,26.294034535964123,-52.588069071928246,5.258806907192825,210.35227628771298,-26.294034535964123,131.47017267982062,39.44105180394618,65.73508633991031,-105.17613814385649,13.147017267982061,52.588069071928246
86.5,105.19122071610902,157.78683107416353,78.89341553708176,26.297805179027254,-52.59561035805451,5.259561035805451,210.38244143221803,-26.297805179027254,131.48902589513628,39.44670776854088,65.74451294756814,-105.19122071610902,13.148902589513627,52.59561035805451
86.60000000000001,105.20246335575173,157.8036950336276,78.9018475168138,26.300615838937933,-52.601231677875866,5.260123167787587,210.40492671150346,-26.300615838937933,131.50307919468966,39.4509237584069,65.75153959734483,-105.20246335575173,13.150307919468966,52.601231677875866
86.7,105.2098583560125,157.81478753401876,78.90739376700938,26.302464589003126,-52.60492917800625,5.260492917800626,210.419716712025,-26.302464589003126,131.51232294501563,39.45369688350469,65.75616147250781,-105.2098583560125,13.151232294501563,52.60492917800625
86.80000000000001,105.21340240136283,157.82010360204424,78.91005180102212,26.303350600340707,-52.606701200681414,5.260670120068141,210.42680480272566,-26.303350600340707,131.51675300170353,39.45502590051106,65.75837650085177,-105.21340240136283,13.151675300170353,52.606701200681414
86.9,105.21304273032234,157.8195640954835,78.90978204774176,26.303260682580586,-52.60652136516117,5.260652136516118,210.42608546064469,-26.303260682580586,131.51630341290291,39.45489102387088,65.75815170645146,-105.21304273032234,13.151630341290293,52.60652136516117
87.0,105.20873546802602,157.81310320203903,78.90655160101952,26.302183867006505,-52.60436773401301,5.260436773401302,210.41747093605204,-26.302183867006505,131.51091933503253,39.45327580050976,65.75545966751626,-105.20873546802602,13.151091933503253,52.60436773401301
87.10000000000001,105.20050706251484,157.80076059377228,78.90038029688614,26.30012676562871,-52.60025353125742,5.260025353125743,210.4010141250297,-26.30012676562871,131.50063382814355,39.45019014844307,65.75031691407177,-105.20050706251484,13.150063382814356,52.60025353125742
87.2,105.18842774661186,157.7826416199178,78.8913208099589,26.297106936652966,-52.59421387330593,5.259421387330594,210.37685549322373,-26.297106936652966,131.48553468326483,39.44566040497945,65.74276734163242,-105.18842774661186,13.148553468326483,52.59421387330593
87.30000000000001,105.17266261219832,157.75899391829748,78.87949695914874,26.29316565304958,-52.58633130609916,5.258633130609916,210.34532522439665,-26.29316565304958,131.4658282652479,39.43974847957437,65.73291413262395,-105.17266261219832,13.14658282652479,52.58633130609916
87.4,105.15339752737663,157.73009629106494,78.86504814553247,26.288349381844156,-52.57669876368831,5.257669876368832,210.30679505475325,-26.288349381844156,131.4417469092208,39.432524072766235,65.7208734546104,-105.15339752737663,13.144174690922078,52.57669876368831
87.5,105.13074771374224,157.69612157061334,78.84806078530667,26.28268692843556,-52.56537385687112,5.256537385687112,210.26149542748448,-26.28268692843556,131.4134346421778,39.424030392653336,65.7067173210889,-105.13074771374224,13.14134346421778,52.56537385687112
87.60000000000001,105.1047673968629,157.65715109529435,78.82857554764718,26.276191849215724,-52.55238369843145,5.255238369843145,210.2095347937258,-26.276191849215724,131.38095924607862,39.41428777382359,65.69047962303931,-105.1047673968629,13.138095924607862,52.55238369843145
87.7,105.07553302536122,157.61329953804184,78.80664976902092,26.268883256340306,-52.53776651268061,5.253776651268062,210.15106605072245,-26.268883256340306,131.34441628170154,39.40332488451046,65.67220814085077,-105.07553302536122,13.134441628170153,52.53776651268061
87.80000000000001,105.04314641552607,157.5647196232891,78.78235981164455,26.260786603881517,-52.52157320776303,5.252157320776304,210.08629283105213,-26.260786603881517,131.3039330194076,39.39117990582228,65.6519665097038,-105.04314641552607,13.130393301940758,52.52157320776303
87.9,105.00769754214807,157.51154631322208,78.75577315661104,26.251924385537016,-52.50384877107403,5.250384877107404,210.01539508429613,-26.251924385537016,131.2596219276851,39.37788657830552,65.62981096384254,-105.00769754214807,13.125962192768508,52.50384877107403
88.0,104.96923461401704,157.45385192102555,78.72692596051277,26.24230865350426,-52.48461730700852,5.2484617307008525,209.93846922803408,-26.24230865350426,131.2115432675213,39.36346298025639,65.60577163376065,-104.96923461401704,13.12115432675213,52.48461730700852
88.10000000000001,104.92781802956031,157.39172704434048,78.69586352217024,26.23195450739008,-52.46390901478016,5.246390901478016,209.85563605912063,-26.23195450739008,131.15977253695038,39.34793176108512,65.57988626847519,-104.92781802956031,13.11597725369504,52.46390901478016
88.2,104.88355218636133,157.325328279542,78.662664139771,26.220888046590332,-52.441776093180664,5.244177609318067,209.76710437272266,-26.220888046590332,131.10444023295167,39.3313320698855,65.55222011647584,-104.88355218636133,13.110444023295166,52.441776093180664
88.30000000000001,104.83654332659528,157.2548149898929,78.62740749494645,26.20913583164882,-52.41827166329764,5.241827166329764,209.67308665319055,-26.20913583164882,131.0456791582441,39.31370374747323,65.52283957912205,-104.83654332659528,13.10456791582441,52.41827166329764
88.4,104.78694207806637,157.18041311709956,78.59020655854978,26.196735519516594,-52.39347103903319,5.239347103903319,209.57388415613275,-26.196735519516594,130.98367759758298,39.29510327927489,65.49183879879149,-104.78694207806637,13.098367759758297,52.39347103903319
88.5,104.73495379526105,157.10243069289157,78.55121534644579,26.183738448815262,-52.367476897630524,5.236747689763053,209.4699075905221,-26.183738448815262,130.9186922440763,39.27560767322289,65.45934612203816,-104.73495379526105,13.091869224407631,52.367476897630524
88.60000000000001,104.68077799656353,157.02116699484532,78.51058349742266,26.170194499140884,-52.34038899828177,5.234038899828177,209.36155599312707,-26.170194499140884,130.8509724957044,39.25529174871133,65.4254862478522,-104.68077799656353,13.085097249570442,52.34038899828177
88.7,104.62465365183414,156.9369804777512,78.4684902388756,26.156163412958534,-52.31232682591707,5.231232682591707,209.24930730366827,-26.156163412958534,130.78081706479267,39.2342451194378,65.39040853239634,-104.62465365183414,13.078081706479267,52.31232682591707
88.80000000000001,104.56677899699318,156.85016849548975,78.42508424774488,26.141694749248295,-52.28338949849659,5.228338949849659,209.13355799398636,-26.141694749248295,130.70847374624148,39.21254212387244,65.35423687312074,-104.56677899699318,13.070847374624147,52.28338949849659
88.9,104.50722937787344,156.76084406681017,78.38042203340508,26.12680734446836,-52.25361468893672,5.225361468893673,209.0144587557469,-26.12680734446836,130.63403672234182,39.19021101670254,65.31701836117091,-104.50722937787344,13.06340367223418,52.25361468893672
89.0,104.44607117157588,156.6691067573638,78.3345533786819,26.11151779289397,-52.22303558578794,5.222303558578794,208.89214234315176,-26.11151779289397,130.55758896446986,39.16727668934095,65.27879448223493,-104.44607117157588,13.055758896446985,52.22303558578794
89.10000000000001,104.38339790977814,156.57509686466722,78.28754843233361,26.095849477444535,-52.19169895488907,5.219169895488907,208.76679581955628,-26.095849477444535,130.47924738722267,39.143774216166804,65.23962369361134,-104.38339790977814,13.047924738722267,52.19169895488907
89.2,104.31927037196171,156.47890555794257,78.23945277897128,26.079817592990427,-52.159635185980854,5.215963518598086,208.63854074392341,-26.079817592990427,130.39908796495214,39.11972638948564,65.19954398247607,-104.31927037196171,13.039908796495213,52.159635185980854
89.30000000000001,104.25375230536008,156.38062845804012,78.19031422902006,26.06343807634002,-52.12687615268004,5.212687615268004,208.50750461072016,-26.06343807634002,130.3171903817001,39.09515711451003,65.15859519085005,-104.25375230536008,13.03171903817001,52.12687615268004
89.4,104.18693914867336,156.28040872301005,78.14020436150503,26.04673478716834,-52.09346957433668,5.209346957433668,208.37387829734672,-26.04673478716834,130.2336739358417,39.070102180752514,65.11683696792085,-104.18693914867336,13.02336739358417,52.09346957433668
89.5,104.11893883957907,156.1784082593686,78.0892041296843,26.02973470989477,-52.05946941978954,5.205946941978954,208.23787767915815,-26.02973470989477,130.14867354947384,39.04460206484215,65.07433677473692,-104.11893883957907,13.014867354947384,52.05946941978954
89.60000000000001,104.04981398896562,156.07472098344843,78.03736049172421,26.012453497241406,-52.02490699448281,5.202490699448282,208.09962797793125,-26.012453497241406,130.06226748620702,39.01868024586211,65.03113374310351,-104.04981398896562,13.006226748620703,52.02490699448281
89.7,103.97958625788527,155.9693793868279,77.98468969341396,25.99489656447132,-51.98979312894264,5.198979312894264,207.95917251577055,-25.99489656447132,129.9744828223566,38.99234484670698,64.9872414111783,-103.97958625788527,12.99744828223566,51.98979312894264
89.80000000000001,103.90829148140634,155.86243722210952,77.93121861105476,25.977072870351584,-51.95414574070317,5.195414574070317,207.81658296281267,-25.977072870351584,129.88536435175791,38.96560930552738,64.94268217587896,-103.90829148140634,12.988536435175792,51.95414574070317
89.9,103.83597973015071,155.75396959522607,77.87698479761303,25.958994932537678,-51.917989865075356,5.191798986507536,207.67195946030142,-25.958994932537678,129.7949746626884,38.93849239880652,64.8974873313442,-103.83597973015071,12.979497466268839,51.917989865075356
90.0,103.76272342415298,155.64408513622948,77.82204256811474,25.940680856038245,-51.88136171207649,5.188136171207649,207.52544684830596,-25.940680856038245,129.70340428019122,38.91102128405737,64.85170214009561,-103.76272342415298,12.970340428019123,51.88136171207649
90.10000000000001,103.68859890893707,155.5328983634056,77.7664491817028,25.922149727234267,-51.84429945446853,5.184429945446854,207.37719781787413,-25.922149727234267,129.61074863617134,38.8832245908514,64.80537431808567,-103.68859890893707,12.961074863617133,51.84429945446853
90.2,103.61372891936105,155.42059337904158,77.71029668952079,25.903432229840263,-51.806864459680526,5.180686445968053,207.2274578387221,-25.903432229840263,129.5171611492013,38.855148344760394,64.75858057460066,-103.61372891936105,12.951716114920131,51.806864459680526
90.30000000000001,103.5382447032759,155.30736705491384,77.65368352745692,25.884561175818973,-51.76912235163795,5.176912235163795,207.0764894065518,-25.884561175818973,129.42280587909488,38.82684176372846,64.71140293954744,-103.5382447032759,12.942280587909487,51.76912235163795
90.4,103.46230235186172,155.1934535277926,77.5967267638963,25.86557558796543,-51.73115117593086,5.1731151175930865,206.92460470372345,-25.86557558796543,129.32787793982715,38.79836338194815,64.66393896991357,-103.46230235186172,12.932787793982715,51.73115117593086
90.5,103.38609548341111,155.07914322511667,77.53957161255833,25.846523870852778,-51.693047741705556,5.169304774170556,206.77219096682222,-25.846523870852778,129.23261935426387,38.76978580627917,64.61630967713194,-103.38609548341111,12.923261935426389,51.693047741705556
90.60000000000001,103.30982043565456,154.96473065348184,77.48236532674092,25.82745510891364,-51.65491021782728,5.165491021782728,206.61964087130912,-25.82745510891364,129.13727554456818,38.74118266337046,64.56863777228409,-103.30982043565456,12.91372755445682,51.65491021782728
90.7,103.23370251087981,154.8505537663197,77.42527688315985,25.808425627719952,-51.616851255439904,5.161685125543991,206.46740502175962,-25.808425627719952,129.04212813859976,38.71263844157993,64.52106406929988,-103.23370251087981,12.904212813859976,51.616851255439904
90.80000000000001,103.15802232963229,154.73703349444844,77.36851674722422,25.789505582408072,-51.579011164816144,5.157901116481614,206.31604465926458,-25.789505582408072,128.94752791204036,38.68425837361211,64.47376395602018,-103.15802232963229,12.894752791204036,51.579011164816144
90.9,103.08301950532609,154.62452925798914,77.31226462899457,25.770754876331523,-51.541509752663046,5.154150975266305,206.16603901065218,-25.770754876331523,128.85377438165762,38.656132314497285,64.42688719082881,-103.08301950532609,12.885377438165762,51.541509752663046
91.0,103.00890780505017,154.51336170757526,77.25668085378763,25.752226951262543,-51.504453902525086,5.150445390252509,206.01781561010034,-25.752226951262543,128.7611347563127,38.628340426893814,64.38056737815636,-103.00890780505017,12.876113475631271,51.504453902525086
91.10000000000001,102.93596467165612,154.4039470074842,77.2019735037421,25.73399116791403,-51.46798233582806,5.146798233582807,205.87192934331225,-25.73399116791403,128.66995583957015,38.60098675187105,64.33497791978508,-102.93596467165612,12.866995583957015,51.46798233582806
91.2,102.86443303923313,154.2966495588497,77.14832477942485,25.716108259808284,-51.43221651961657,5.143221651961657,205.72886607846627,-25.716108259808284,128.5805412990414,38.57416238971243,64.2902706495207,-102.86443303923313,12.858054129904142,51.43221651961657
91.30000000000001,102.7945231620105,154.19178474301577,77.09589237150789,25.698630790502627,-51.39726158100525,5.139726158100526,205.589046324021,-25.698630790502627,128.49315395251313,38.54794618575394,64.24657697625656,-102.7945231620105,12.849315395251313,51.39726158100525
91.4,102.72648505581712,154.08972758372568,77.04486379186284,25.68162126395428,-51.36324252790856,5.136324252790857,205.45297011163424,-25.68162126395428,128.4081063197714,38.52243189593142,64.2040531598857,-102.72648505581712,12.84081063197714,51.36324252790856
91.5,102.6605544981445,153.99083174721676,76.99541587360838,25.665138624536127,-51.33027724907225,5.133027724907226,205.321108996289,-25.665138624536127,128.32569312268063,38.49770793680419,64.16284656134032,-102.6605544981445,12.832569312268063,51.33027724907225
91.60000000000001,102.59694955869016,153.89542433803524,76.94771216901762,25.64923738967254,-51.29847477934508,5.129847477934508,205.1938991173803,-25.64923738967254,128.2461869483627,38.47385608450881,64.12309347418135,-102.59694955869016,12.82461869483627,51.29847477934508
91.7,102.53591650554445,153.80387475831668,76.90193737915834,25.633979126386112,-51.267958252772225,5.126795825277223,205.0718330110889,-25.633979126386112,128.16989563193056,38.45096868957917,64.08494781596528,-102.53591650554445,12.816989563193056,51.267958252772225
91.80000000000001,102.47779883164044,153.71669824746067,76.85834912373033,25.61944970791011,-51.23889941582022,5.123889941582022,204.95559766328088,-25.61944970791011,128.09724853955055,38.42917456186517,64.04862426977527,-102.47779883164044,12.809724853955055,51.23889941582022
91.9,102.4229222786858,153.6343834180287,76.81719170901435,25.60573056967145,-51.2114611393429,5.121146113934291,204.8458445573716,-25.60573056967145,128.02865284835724,38.408595854507176,64.01432642417862,-102.4229222786858,12.802865284835725,51.2114611393429
92.0,102.37160438404909,153.55740657607365,76.77870328803682,25.592901096012273,-51.185802192024546,5.118580219202455,204.74320876809819,-25.592901096012273,127.96450548006136,38.38935164401841,63.98225274003068,-102.37160438404909,12.796450548006137,51.185802192024546
92.10000000000001,102.32412103116252,153.48618154674378,76.74309077337189,25.58103025779063,-51.16206051558126,5.116206051558127,204.64824206232504,-25.58103025779063,127.90515128895315,38.371545386685945,63.952575644476575,-102.32412103116252,12.790515128895315,51.16206051558126
92.2,102.28062656018493,153.42093984027738,76.71046992013869,25.570156640046232,-51.140313280092464,5.114031328009247,204.56125312036986,-25.570156640046232,127.85078320023116,38.355234960069346,63.92539160011558,-102.28062656018493,12.785078320023116,51.140313280092464
92.30000000000001,102.24119850383974,153.3617977557596,76.6808988778798,25.560299625959935,-51.12059925191987,5.112059925191987,204.48239700767948,-25.560299625959935,127.80149812979968,38.3404494389399,63.90074906489984,-102.24119850383974,12.780149812979968,51.12059925191987
92.4,102.20588881447547,153.3088332217132,76.6544166108566,25.551472203618868,-51.102944407237736,5.110294440723774,204.41177762895094,-25.551472203618868,127.75736101809434,38.3272083054283,63.87868050904717,-102.20588881447547,12.775736101809434,51.102944407237736
92.5,102.174726334357,153.2620895015355,76.63104475076776,25.54368158358925,-51.0873631671785,5.108736316717851,204.349452668714,-25.54368158358925,127.71840791794625,38.31552237538388,63.859203958973126,-102.174726334357,12.771840791794626,51.0873631671785
92.60000000000001,102.1477747951854,153.2216621927781,76.61083109638905,25.53694369879635,-51.0738873975927,5.10738873975927,204.2955495903708,-25.53694369879635,127.68471849398175,38.305415548194524,63.842359246990874,-102.1477747951854,12.768471849398175,51.0738873975927
92.7,102.1250295542952,153.18754433144278,76.59377216572139,25.5312573885738,-51.0625147771476,5.1062514777147605,204.2500591085904,-25.5312573885738,127.656286942869,38.296886082860695,63.8281434714345,-102.1250295542952,12.7656286942869,51.0625147771476
92.80000000000001,102.10647438126836,153.15971157190253,76.57985578595127,25.52661859531709,-51.05323719063418,5.105323719063418,204.2129487625367,-25.52661859531709,127.63309297658544,38.28992789297563,63.81654648829272,-102.10647438126836,12.763309297658544,51.05323719063418
92.9,102.09207672477663,153.13811508716495,76.56905754358247,25.523019181194158,-51.046038362388316,5.104603836238832,204.18415344955326,-25.523019181194158,127.61509590597079,38.28452877179124,63.807547952985395,-102.09207672477663,12.761509590597079,51.046038362388316
93.0,102.08176628971992,153.1226494345799,76.56132471728995,25.52044157242998,-51.04088314485996,5.104088314485996,204.16353257943985,-25.52044157242998,127.6022078621499,38.280662358644975,63.80110393107495,-102.08176628971992,12.76022078621499,51.04088314485996
93.10000000000001,102.07546894486617,153.11320341729925,76.55660170864962,25.518867236216543,-51.03773447243309,5.103773447243309,204.15093788973235,-25.518867236216543,127.59433618108272,38.27830085432481,63.79716809054136,-102.07546894486617,12.759433618108272,51.03773447243309
93.2,102.07309948993102,153.10964923489655,76.55482461744828,25.518274872482756,-51.03654974496551,5.103654974496552,204.14619897986205,-25.518274872482756,127.59137436241377,38.27741230872414,63.79568718120689,-102.07309948993102,12.759137436241378,51.03654974496551
93.30000000000001,102.0745217877249,153.11178268158736,76.55589134079368,25.518630446931226,-51.03726089386245,5.103726089386246,204.1490435754498,-25.518630446931226,127.59315223465613,38.27794567039684,63.796576117328065,-102.0745217877249,12.759315223465613,51.03726089386245
93.4,102.07956684875522,153.11935027313282,76.55967513656641,25.519891712188805,-51.03978342437761,5.103978342437761,204.15913369751044,-25.519891712188805,127.59945856094403,38.279837568283206,63.799729280472015,-102.07956684875522,12.759945856094403,51.03978342437761
93.5,102.0880079021053,153.13201185315796,76.56600592657898,25.522001975526326,-51.04400395105265,5.104400395105266,204.1760158042106,-25.522001975526326,127.61000987763163,38.28300296328949,63.80500493881581,-102.0880079021053,12.761000987763163,51.04400395105265
93.60000000000001,102.09956946944479,153.1493542041672,76.5746771020836,25.524892367361197,-51.049784734722394,5.10497847347224,204.19913893888958,-25.524892367361197,127.62446183680598,38.2873385510418,63.81223091840299,-102.09956946944479,12.762446183680598,51.049784734722394
93.7,102.1139708405072,153.17095626076082,76.58547813038041,25.5284927101268,-51.0569854202536,5.105698542025361,204.2279416810144,-25.5284927101268,127.642463550634,38.292739065190204,63.821231775317,-102.1139708405072,12.7642463550634,51.0569854202536
93.80000000000001,102.13093187073595,153.19639780610393,76.59819890305197,25.532732967683987,-51.065465935367975,5.106546593536798,204.2618637414719,-25.532732967683987,127.66366483841993,38.29909945152598,63.83183241920997,-102.13093187073595,12.766366483841994,51.065465935367975
93.9,102.15021828103106,153.22532742154658,76.61266371077329,25.537554570257765,-51.07510914051553,5.107510914051553,204.30043656206212,-25.537554570257765,127.68777285128883,38.306331855386645,63.84388642564441,-102.15021828103106,12.768777285128882,51.07510914051553
94.0,102.17169984094083,153.25754976141124,76.62877488070562,25.542924960235208,-51.085849920470416,5.108584992047042,204.34339968188166,-25.542924960235208,127.71462480117604,38.31438744035281,63.85731240058802,-102.17169984094083,12.771462480117604,51.085849920470416
94.10000000000001,102.19528690506753,153.2929303576013,76.64646517880065,25.548821726266883,-51.09764345253377,5.109764345253377,204.39057381013507,-25.548821726266883,127.74410863133441,38.32323258940033,63.87205431566721,-102.19528690506753,12.774410863133442,51.09764345253377
94.2,102.22092592514772,153.33138888772157,76.66569444386079,25.55523148128693,-51.11046296257386,5.111046296257387,204.44185185029545,-25.55523148128693,127.77615740643466,38.33284722193039,63.88807870321733,-102.22092592514772,12.777615740643466,51.11046296257386
94.30000000000001,102.24858241614393,153.3728736242159,76.68643681210796,25.562145604035983,-51.124291208071966,5.112429120807197,204.49716483228787,-25.562145604035983,127.81072802017991,38.34321840605398,63.905364010089954,-102.24858241614393,12.781072802017992,51.124291208071966
94.4,102.27825408834308,153.4173811325146,76.7086905662573,25.56956352208577,-51.13912704417154,5.113912704417154,204.55650817668615,-25.56956352208577,127.84781761042885,38.35434528312865,63.923908805214424,-102.27825408834308,12.784781761042884,51.13912704417154
94.5,102.309881655139,153.46482248270848,76.73241124135424,25.57747041378475,-51.1549408275695,5.11549408275695,204.619763310278,-25.57747041378475,127.88735206892375,38.36620562067712,63.94367603446187,-102.309881655139,12.788735206892374,51.1549408275695
94.60000000000001,102.34335943654493,153.5150391548174,76.7575195774087,25.585839859136232,-51.171679718272465,5.1171679718272465,204.68671887308986,-25.585839859136232,127.92919929568116,38.37875978870435,63.96459964784058,-102.34335943654493,12.792919929568116,51.171679718272465
94.7,102.3786041046179,153.56790615692685,76.78395307846343,25.594651026154477,-51.18930205230895,5.118930205230896,204.7572082092358,-25.594651026154477,127.97325513077239,38.39197653923171,63.98662756538619,-102.3786041046179,12.797325513077238,51.18930205230895
94.80000000000001,102.41562335728548,153.62343503592822,76.81171751796411,25.60390583932137,-51.20781167864274,5.1207811678642745,204.83124671457097,-25.60390583932137,128.01952919660687,38.405858758982056,64.00976459830343,-102.41562335728548,12.801952919660685,51.20781167864274
94.9,102.45441198512125,153.68161797768187,76.84080898884093,25.613602996280314,-51.22720599256063,5.122720599256063,204.9088239702425,-25.613602996280314,128.06801498140157,38.42040449442047,64.03400749070079,-102.45441198512125,12.806801498140157,51.22720599256063
95.0,102.49497707124064,153.74246560686095,76.87123280343047,25.62374426781016,-51.24748853562032,5.124748853562032,204.98995414248128,-25.62374426781016,128.1187213390508,38.43561640171524,64.0593606695254,-102.49497707124064,12.81187213390508,51.24748853562032
95.10000000000001,102.53734371348433,153.8060155702265,76.90300778511325,25.634335928371083,-51.268671856742166,5.126867185674217,205.07468742696867,-25.634335928371083,128.1716796418554,38.45150389255662,64.0858398209277,-102.53734371348433,12.817167964185542,51.268671856742166
95.2,102.58156223342819,153.87234335014227,76.93617167507114,25.645390558357047,-51.29078111671409,5.12907811167141,205.16312446685637,-25.645390558357047,128.22695279178524,38.46808583753557,64.11347639589262,-102.58156223342819,12.822695279178523,51.29078111671409
95.30000000000001,102.62767923033466,153.941518845502,76.970759422751,25.656919807583666,-51.31383961516733,5.131383961516733,205.25535846066933,-25.656919807583666,128.28459903791833,38.4853797113755,64.14229951895916,-102.62767923033466,12.828459903791833,51.31383961516733
95.4,102.67567932819385,154.01351899229078,77.00675949614539,25.668919832048463,-51.337839664096926,5.133783966409693,205.3513586563877,-25.668919832048463,128.34459916024232,38.503379748072696,64.17229958012116,-102.67567932819385,12.834459916024231,51.337839664096926
95.5,102.72550173000818,154.08825259501225,77.04412629750612,25.681375432502044,-51.36275086500409,5.136275086500409,205.45100346001635,-25.681375432502044,128.40687716251023,38.52206314875306,64.20343858125511,-102.72550173000818,12.840687716251022,51.36275086500409
95.60000000000001,102.7770804184705,154.16562062770575,77.08281031385287,25.694270104617626,-51.38854020923525,5.138854020923525,205.554160836941,-25.694270104617626,128.47135052308812,38.54140515692644,64.23567526154406,-102.7770804184705,12.847135052308813,51.38854020923525
95.7,102.83027317558943,154.24540976338415,77.12270488169207,25.707568293897356,-51.41513658779471,5.141513658779472,205.66054635117885,-25.707568293897356,128.53784146948678,38.561352440846036,64.26892073474339,-102.83027317558943,12.853784146948678,51.41513658779471
95.80000000000001,102.88491264243848,154.3273689636577,77.16368448182885,25.72122816060962,-51.44245632121924,5.144245632121924,205.76982528487696,-25.72122816060962,128.6061408030481,38.581842240914426,64.30307040152405,-102.88491264243848,12.86061408030481,51.44245632121924
95.9,102.94081453654675,154.41122180482012,77.20561090241006,25.73520363413669,-51.47040726827338,5.147040726827338,205.8816290730935,-25.73520363413669,128.67601817068345,38.60280545120503,64.33800908534172,-102.94081453654675,12.867601817068344,51.47040726827338
96.0,102.9978459832502,154.4967689748753,77.24838448743765,25.74946149581255,-51.4989229916251,5.14989229916251,205.9956919665004,-25.74946149581255,128.74730747906275,38.624192243718824,64.37365373953138,-102.9978459832502,12.874730747906275,51.4989229916251
96.10000000000001,103.05585580395946,154.5837837059392,77.2918918529696,25.763963950989865,-51.52792790197973,5.1527927901979735,206.11171160791892,-25.763963950989865,128.81981975494932,38.6459459264848,64.40990987747466,-103.05585580395946,12.881981975494933,51.52792790197973
96.2,103.1147263124759,154.67208946871384,77.33604473435692,25.778681578118974,-51.55736315623795,5.155736315623795,206.2294526249518,-25.778681578118974,128.89340789059486,38.66802236717846,64.44670394529743,-103.1147263124759,12.889340789059487,51.55736315623795
96.30000000000001,103.1743853771314,154.7615780656971,77.38078903284855,25.79359634428285,-51.5871926885657,5.15871926885657,206.3487707542628,-25.79359634428285,128.96798172141425,38.69039451642428,64.48399086070712,-103.1743853771314,12.896798172141425,51.5871926885657
96.4,103.23473353757521,154.85210030636281,77.42605015318141,25.808683384393802,-51.617366768787605,5.1617366768787605,206.46946707515042,-25.808683384393802,129.04341692196903,38.713025076590704,64.52170846098451,-103.23473353757521,12.904341692196901,51.617366768787605
96.5,103.29575678249184,154.94363517373776,77.47181758686888,25.82393919562296,-51.64787839124592,5.1647878391245925,206.59151356498367,-25.82393919562296,129.1196959781148,38.73590879343444,64.5598479890574,-103.29575678249184,12.91196959781148,51.64787839124592
96.60000000000001,103.35742824308409,155.03614236462613,77.51807118231307,25.83935706077102,-51.67871412154204,5.167871412154205,206.71485648616817,-25.83935706077102,129.1967853038551,38.75903559115653,64.59839265192755,-103.35742824308409,12.91967853038551,51.67871412154204
96.7,103.41964680686529,155.12947021029794,77.56473510514897,25.854911701716322,-51.709823403432644,5.170982340343265,206.83929361373058,-25.854911701716322,129.2745585085816,38.782367552574485,64.6372792542908,-103.41964680686529,12.927455850858161,51.709823403432644
96.80000000000001,103.48231644747133,155.223474671207,77.6117373356035,25.870579111867833,-51.74115822373567,5.174115822373567,206.96463289494267,-25.870579111867833,129.35289555933917,38.80586866780175,64.67644777966959,-103.48231644747133,12.935289555933917,51.74115822373567
96.9,103.54535229040137,155.31802843560206,77.65901421780103,25.886338072600342,-51.772676145200684,5.177267614520069,207.09070458080274,-25.886338072600342,129.4316903630017,38.829507108900515,64.71584518150085,-103.54535229040137,12.943169036300171,51.772676145200684
97.0,103.60871112486859,155.4130666873029,77.70653334365144,25.902177781217148,-51.804355562434296,5.18043555624343,207.21742224973718,-25.902177781217148,129.51088890608574,38.85326667182572,64.75544445304287,-103.60871112486859,12.951088890608574,51.804355562434296
97.10000000000001,103.67232391368397,155.50848587052596,77.75424293526298,25.918080978420992,-51.836161956841984,5.183616195684198,207.34464782736794,-25.918080978420992,129.59040489210497,38.87712146763149,64.79520244605249,-103.67232391368397,12.959040489210496,51.836161956841984
97.2,103.7361251461339,155.60418771920087,77.80209385960043,25.934031286533475,-51.86806257306695,5.186806257306696,207.4722502922678,-25.934031286533475,129.67015643266737,38.901046929800216,64.83507821633368,-103.7361251461339,12.967015643266738,51.86806257306695
97.30000000000001,103.80004777242706,155.70007165864058,77.85003582932029,25.950011943106766,-51.90002388621353,5.1900023886213535,207.60009554485413,-25.950011943106766,129.75005971553384,38.925017914660145,64.87502985776692,-103.80004777242706,12.975005971553383,51.90002388621353
97.4,103.8639753995079,155.79596309926183,77.89798154963091,25.965993849876973,-51.93198769975395,5.193198769975395,207.7279507990158,-25.965993849876973,129.82996924938487,38.94899077481546,64.91498462469244,-103.8639753995079,12.982996924938487,51.93198769975395
97.5,103.92770467423125,155.8915570113469,77.94577850567345,25.981926168557813,-51.963852337115625,5.196385233711563,207.8554093484625,-25.981926168557813,129.90963084278906,38.97288925283672,64.95481542139453,-103.92770467423125,12.990963084278906,51.963852337115625
97.60000000000001,103.99100411759522,155.98650617639282,77.99325308819641,25.997751029398806,-51.99550205879761,5.199550205879762,207.98200823519045,-25.997751029398806,129.98875514699404,38.996626544098206,64.99437757349702,-103.99100411759522,12.998875514699403,51.99550205879761
97.7,104.05360432839718,156.08040649259578,78.04020324629789,26.013401082099296,-52.02680216419859,5.20268021641986,208.10720865679437,-26.013401082099296,130.06700541049648,39.020101623148946,65.03350270524824,-104.05360432839718,13.006700541049648,52.02680216419859
97.80000000000001,104.1152402828833,156.17286042432497,78.08643021216248,26.028810070720827,-52.05762014144165,5.205762014144166,208.2304805657666,-26.028810070720827,130.14405035360414,39.04321510608124,65.07202517680207,-104.1152402828833,13.014405035360413,52.05762014144165
97.9,104.17565241473673,156.26347862210508,78.13173931105254,26.043913103684183,-52.087826207368366,5.208782620736837,208.35130482947346,-26.043913103684183,130.21956551842092,39.06586965552627,65.10978275921046,-104.17565241473673,13.021956551842091,52.087826207368366
98.0,104.23467179326467,156.352007689897,78.1760038449485,26.058667948316167,-52.11733589663233,5.2117335896632335,208.46934358652933,-26.058667948316167,130.29333974158084,39.08800192247425,65.14666987079042,-104.23467179326467,13.029333974158083,52.11733589663233
98.10000000000001,104.29210063219269,156.43815094828904,78.21907547414452,26.07302515804817,-52.14605031609634,5.214605031609635,208.58420126438537,-26.07302515804817,130.36512579024085,39.10953773707226,65.18256289512043,-104.29210063219269,13.036512579024086,52.14605031609634
98.2,104.34766186309004,156.52149279463507,78.26074639731753,26.08691546577251,-52.17383093154502,5.217383093154503,208.69532372618008,-26.08691546577251,130.43457732886256,39.130373198658766,65.21728866443128,-104.34766186309004,13.043457732886255,52.17383093154502
98.30000000000001,104.401101586262,156.601652379393,78.3008261896965,26.1002753965655,-52.200550793131,5.2200550793131,208.802203172524,-26.1002753965655,130.5013769828275,39.15041309484825,65.25068849141375,-104.401101586262,13.05013769828275,52.200550793131
98.4,104.45224896514576,156.67837344771863,78.33918672385931,26.11306224128644,-52.22612448257288,5.222612448257288,208.9044979302915,-26.11306224128644,130.5653112064322,39.16959336192966,65.2826556032161,-104.45224896514576,13.05653112064322,52.22612448257288
98.5,104.5009001577474,156.75135023662108,78.37567511831054,26.12522503943685,-52.2504500788737,5.2250450078873705,209.0018003154948,-26.12522503943685,130.62612519718425,39.18783755915527,65.31306259859213,-104.5009001577474,13.062612519718424,52.2504500788737
98.60000000000001,104.54685649817225,156.82028474725837,78.41014237362918,26.13671412454306,-52.27342824908612,5.227342824908613,209.0937129963445,-26.13671412454306,130.6835706227153,39.20507118681459,65.34178531135765,-104.54685649817225,13.06835706227153,52.27342824908612
98.7,104.5899557468736,156.8849336203104,78.4424668101552,26.1474889367184,-52.2949778734368,5.22949778734368,209.1799114937472,-26.1474889367184,130.737444683592,39.2212334050776,65.368722341796,-104.5899557468736,13.0737444683592,52.2949778734368
98.80000000000001,104.63004991255463,156.94507486883194,78.47253743441597,26.157512478138656,-52.31502495627731,5.231502495627732,209.26009982510925,-26.157512478138656,130.78756239069327,39.236268717207984,65.39378119534663,-104.63004991255463,13.078756239069328,52.31502495627731
98.9,104.66701804765054,157.0005270714758,78.5002635357379,26.166754511912636,-52.33350902382527,5.2333509023825275,209.3340360953011,-26.166754511912636,130.8337725595632,39.25013176786895,65.4168862797816,-104.66701804765054,13.083377255956318,52.33350902382527
99.0,104.70076534528937,157.05114801793405,78.52557400896703,26.175191336322342,-52.350382672644685,5.235038267264469,209.40153069057874,-26.175191336322342,130.8759566816117,39.26278700448351,65.43797834080586,-104.70076534528937,13.087595668161171,52.350382672644685
99.10000000000001,104.73119066043853,157.0967859906578,78.5483929953289,26.182797665109632,-52.365595330219264,5.236559533021927,209.46238132087706,-26.182797665109632,130.91398832554816,39.27419649766445,65.45699416277408,-104.73119066043853,13.091398832554816,52.365595330219264
99.2,104.75822533709027,157.1373380056354,78.5686690028177,26.189556334272567,-52.37911266854513,5.237911266854514,209.51645067418053,-26.189556334272567,130.94778167136283,39.28433450140885,65.47389083568142,-104.75822533709027,13.094778167136283,52.37911266854513
99.30000000000001,104.78185593282838,157.17278389924257,78.58639194962129,26.195463983207095,-52.39092796641419,5.239092796641419,209.56371186565676,-26.195463983207095,130.97731991603547,39.293195974810644,65.48865995801773,-104.78185593282838,13.097731991603547,52.39092796641419
99.4,104.80207687978435,157.20311531967653,78.60155765983826,26.200519219946088,-52.401038439892176,5.240103843989218,209.6041537595687,-26.200519219946088,131.00259609973045,39.30077882991913,65.50129804986523,-104.80207687978435,13.100259609973044,52.401038439892176
99.5,104.81890808153811,157.22836212230717,78.61418106115359,26.204727020384528,-52.409454040769056,5.240945404076906,209.63781616307622,-26.204727020384528,131.02363510192265,39.307090530576794,65.51181755096133,-104.81890808153811,13.102363510192264,52.409454040769056
99.60000000000001,104.83243085414625,157.24864628121938,78.62432314060969,26.208107713536563,-52.416215427073126,5.241621542707313,209.6648617082925,-26.208107713536563,131.0405385676828,39.312161570304845,65.5202692838414,-104.83243085414625,13.104053856768282,52.416215427073126
99.7,104.84266987268859,157.26400480903288,78.63200240451644,26.210667468172147,-52.421334936344294,5.24213349363443,209.68533974537718,-26.210667468172147,131.05333734086074,39.31600120225822,65.52666867043037,-104.84266987268859,13.105333734086074,52.421334936344294
99.80000000000001,104.8497057624918,157.2745586437377,78.63727932186885,26.21242644062295,-52.4248528812459,5.24248528812459,209.6994115249836,-26.21242644062295,131.06213220311474,39.31863966093442,65.53106610155737,-104.8497057624918,13.106213220311474,52.4248528812459
99.9,104.85365262973917,157.28047894460877,78.64023947230439,26.213413157434793,-52.42682631486959,5.242682631486959,209.70730525947835,-26.213413157434793,131.06706578717396,39.32011973615219,65.53353289358698,-104.85365262973917,13.106706578717397,52.42682631486959
100.0,104.85463295850383,157.28194943775574,78.64097471887787,26.213658239625957,-52.427316479251914,5.242731647925192,209.70926591700766,-26.213658239625957,131.06829119812977,39.320487359438935,65.53414559906489,-104.85463295850383,13.106829119812978,52.427316479251914
100.10000000000001,104.85275510440435,157.27913265660652,78.63956632830326,26.213188776101088,-52.426377552202176,5.242637755220218,209.7055102088087,-26.213188776101088,131.06594388050544,39.31978316415163,65.53297194025272,-104.85275510440435,13.106594388050544,52.426377552202176
100.2,104.84815826085793,157.2722373912869,78.63611869564345,26.212039565214482,-52.424079130428964,5.242407913042896,209.69631652171586,-26.212039565214482,131.0601978260724,39.31805934782172,65.5300989130362,-104.84815826085793,13.106019782607241,52.424079130428964
100.30000000000001,104.84107410016804,157.26161115025207,78.63080557512603,26.21026852504201,-52.42053705008402,5.242053705008402,209.6821482003361,-26.21026852504201,131.05134262521005,39.315402787563016,65.52567131260503,-104.84107410016804,13.105134262521005,52.42053705008402
100.4,104.8317774545138,157.24766618177068,78.62383309088534,26.20794436362845,-52.4158887272569,5.24158887272569,209.6635549090276,-26.20794436362845,131.03972181814225,39.31191654544267,65.51986090907113,-104.8317774545138,13.103972181814225,52.4158887272569
100.5,104.82049686881885,157.23074530322828,78.61537265161414,26.205124217204713,-52.410248434409425,5.241024843440943,209.6409937376377,-26.205124217204713,131.02562108602356,39.30768632580707,65.51281054301178,-104.82049686881885,13.102562108602356,52.410248434409425
100.60000000000001,104.80745085141444,157.21117627712167,78.60558813856083,26.20186271285361,-52.40372542570722,5.240372542570722,209.6149017028289,-26.20186271285361,131.00931356426804,39.30279406928042,65.50465678213402,-104.80745085141444,13.100931356426806,52.40372542570722
100.7,104.79281393690754,157.1892209053613,78.59461045268066,26.198203484226884,-52.39640696845377,5.2396406968453775,209.58562787381507,-26.198203484226884,130.99101742113442,39.29730522634033,65.49550871056721,-104.79281393690754,13.099101742113442,52.39640696845377
100.80000000000001,104.77676036605904,157.16514054908856,78.58257027454428,26.19419009151476,-52.38838018302952,5.238838018302952,209.55352073211807,-26.19419009151476,130.9709504575738,39.29128513727214,65.4854752287869,-104.77676036605904,13.09709504575738,52.38838018302952
100.9,104.75943657362583,157.13915486043874,78.56957743021937,26.18985914340646,-52.37971828681292,5.237971828681292,209.51887314725167,-26.18985914340646,130.9492957170323,39.284788715109684,65.47464785851615,-104.75943657362583,13.09492957170323,52.37971828681292
101.0,104.74096313117441,157.11144469676162,78.55572234838081,26.185240782793603,-52.370481565587205,5.237048156558721,209.48192626234882,-26.185240782793603,130.926203913968,39.277861174190406,65.463101956984,-104.74096313117441,13.092620391396801,52.370481565587205
101.10000000000001,104.72147355228233,157.0822103284235,78.54110516421176,26.180368388070583,-52.36073677614117,5.236073677614117,209.44294710456467,-26.180368388070583,130.9018419403529,39.27055258210588,65.45092097017645,-104.72147355228233,13.090184194035292,52.36073677614117
101.2,104.70108104388859,157.05162156583287,78.52581078291644,26.175270260972148,-52.350540521944296,5.23505405219443,209.40216208777719,-26.175270260972148,130.87635130486075,39.26290539145822,65.43817565243037,-104.70108104388859,13.087635130486074,52.350540521944296
101.30000000000001,104.67992346879285,157.0198852031893,78.50994260159464,26.169980867198213,-52.339961734396425,5.2339961734396425,209.3598469375857,-26.169980867198213,130.84990433599106,39.25497130079732,65.42495216799553,-104.67992346879285,13.084990433599106,52.339961734396425
101.4,104.65815381362324,156.98723072043487,78.49361536021743,26.16453845340581,-52.32907690681162,5.232907690681163,209.3163076272465,-26.16453845340581,130.82269226702905,39.24680768010872,65.41134613351453,-104.65815381362324,13.082269226702905,52.32907690681162
101.5,104.63592226476825,156.95388339715237,78.47694169857618,26.158980566192064,-52.31796113238413,5.231796113238413,209.2718445295365,-26.158980566192064,130.79490283096032,39.23847084928809,65.39745141548016,-104.63592226476825,13.079490283096032,52.31796113238413
101.60000000000001,104.61338122824176,156.92007184236263,78.46003592118132,26.15334530706044,-52.30669061412088,5.2306690614120885,209.22676245648353,-26.15334530706044,130.7667265353022,39.23001796059066,65.3833632676511,-104.61338122824176,13.07667265353022,52.30669061412088
101.7,104.59061630521083,156.88592445781626,78.44296222890813,26.147654076302707,-52.295308152605415,5.229530815260542,209.18123261042166,-26.147654076302707,130.73827038151353,39.221481114454065,65.36913519075677,-104.59061630521083,13.073827038151354,52.295308152605415
101.80000000000001,104.56773546534737,156.85160319802105,78.42580159901053,26.141933866336842,-52.283867732673684,5.228386773267369,209.13547093069474,-26.141933866336842,130.7096693316842,39.21290079950526,65.3548346658421,-104.56773546534737,13.070966933168421,52.283867732673684
101.9,104.54485695996796,156.81728543995195,78.40864271997597,26.13621423999199,-52.27242847998398,5.227242847998398,209.08971391993592,-26.13621423999199,130.68107119995994,39.204321359987986,65.34053559997997,-104.54485695996796,13.068107119995995,52.27242847998398
102.0,104.52209757546967,156.7831463632045,78.39157318160225,26.130524393867418,-52.261048787734836,5.226104878773484,209.04419515093934,-26.130524393867418,130.65262196933708,39.19578659080113,65.32631098466854,-104.52209757546967,13.065262196933709,52.261048787734836
102.10000000000001,104.49954489059222,156.74931733588832,78.37465866794416,26.124886222648055,-52.24977244529611,5.224977244529612,208.99908978118444,-26.124886222648055,130.62443111324026,39.18732933397208,65.31221555662013,-104.49954489059222,13.062443111324027,52.24977244529611
102.2,104.47725685604611,156.71588528406917,78.35794264203459,26.119314214011528,-52.238628428023056,5.223862842802306,208.95451371209222,-26.119314214011528,130.59657107005765,39.17897132101729,65.29828553502882,-104.47725685604611,13.059657107005764,52.238628428023056
102.30000000000001,104.45530437142246,156.68295655713368,78.34147827856684,26.113826092855614,-52.22765218571123,5.222765218571123,208.91060874284491,-26.113826092855614,130.56913046427806,39.17073913928342,65.28456523213903,-104.45530437142246,13.056913046427807,52.22765218571123
102.4,104.43379404777373,156.6506910716606,78.3253455358303,26.108448511943433,-52.216897023886865,5.221689702388687,208.86758809554746,-26.108448511943433,130.54224255971715,39.16267276791515,65.27112127985858,-104.43379404777373,13.054224255971716,52.216897023886865
102.5,104.41282678680936,156.61924018021404,78.30962009010702,26.10320669670234,-52.20641339340468,5.220641339340468,208.82565357361872,-26.10320669670234,130.5160334835117,39.15481004505351,65.25801674175585,-104.41282678680936,13.05160334835117,52.20641339340468
102.60000000000001,104.3925359387306,156.5888039080959,78.29440195404796,26.09813398468265,-52.1962679693653,5.219626796936531,208.7850718774612,-26.09813398468265,130.49066992341326,39.14720097702398,65.24533496170663,-104.3925359387306,13.049066992341325,52.1962679693653
102.7,104.37308219739914,156.55962329609872,78.27981164804936,26.093270549349786,-52.18654109869957,5.2186541098699575,208.74616439479829,-26.093270549349786,130.46635274674892,39.13990582402468,65.23317637337446,-104.37308219739914,13.046635274674893,52.18654109869957
102.80000000000001,104.35467507388455,156.53201261082683,78.26600630541341,26.088668768471138,-52.177337536942275,5.217733753694228,208.7093501477691,-26.088668768471138,130.4433438423557,39.133003152706706,65.22167192117784,-104.35467507388455,13.044334384235569,52.177337536942275
102.9,104.33755616043209,156.50633424064813,78.25316712032406,26.08438904010802,-52.16877808021604,5.2168778080216045,208.67511232086417,-26.08438904010802,130.4219452005401,39.12658356016203,65.21097260027005,-104.33755616043209,13.04219452005401,52.16877808021604
103.0,104.3219032566378,156.48285488495668,78.24142744247834,26.08047581415945,-52.1609516283189,5.21609516283189,208.6438065132756,-26.08047581415945,130.40237907079725,39.12071372123917,65.20118953539863,-104.3219032566378,13.040237907079725,52.1609516283189
103.10000000000001,104.30786620146452,156.46179930219677,78.23089965109838,26.07696655036613,-52.15393310073226,5.215393310073226,208.61573240292904,-26.07696655036613,130.38483275183066,39.11544982554919,65.19241637591533,-104.30786620146452,13.038483275183065,52.15393310073226
103.2,104.29556137285822,156.44334205928732,78.22167102964366,26.073890343214554,-52.14778068642911,5.214778068642911,208.59112274571643,-26.073890343214554,130.36945171607277,39.11083551482183,65.18472585803639,-104.29556137285822,13.036945171607277,52.14778068642911
103.30000000000001,104.28511406310645,156.42767109465967,78.21383554732984,26.071278515776612,-52.142557031553224,5.214255703155323,208.5702281262129,-26.071278515776612,130.35639257888306,39.10691777366492,65.17819628944153,-104.28511406310645,13.035639257888306,52.142557031553224
103.4,104.27663806994673,156.4149571049201,78.20747855246005,26.069159517486682,-52.138319034973364,5.213831903497336,208.55327613989346,-26.069159517486682,130.34579758743342,39.10373927623002,65.17289879371671,-104.27663806994673,13.034579758743341,52.138319034973364
103.5,104.2701766679905,156.40526500198575,78.20263250099288,26.067544166997624,-52.13508833399525,5.213508833399525,208.540353335981,-26.067544166997624,130.33772083498812,39.10131625049644,65.16886041749406,-104.2701766679905,13.033772083498812,52.13508833399525
103.60000000000001,104.26578468627976,156.39867702941964,78.19933851470982,26.06644617156994,-52.13289234313988,5.213289234313988,208.53156937255952,-26.06644617156994,130.3322308578497,39.09966925735491,65.16611542892485,-104.26578468627976,13.03322308578497,52.13289234313988
103.7,104.26346949449908,156.39520424174862,78.19760212087431,26.06586737362477,-52.13173474724954,5.213173474724954,208.52693898899815,-26.06586737362477,130.32933686812385,39.098801060437154,65.16466843406192,-104.26346949449908,13.032933686812385,52.13173474724954
103.80000000000001,104.26321147158524,156.39481720737786,78.19740860368893,26.06580286789631,-52.13160573579262,5.2131605735792625,208.52642294317047,-26.06580286789631,130.32901433948155,39.098704301844464,65.16450716974077,-104.26321147158524,13.032901433948155,52.13160573579262
103.9,104.26494431919599,156.39741647879399,78.19870823939699,26.066236079798998,-52.132472159597995,5.2132472159598,208.52988863839198,-26.066236079798998,130.331180398995,39.099354119698496,65.1655901994975,-104.26494431919599,13.033118039899499,52.132472159597995
104.0,104.26859490025717,156.40289235038574,78.20144617519287,26.067148725064293,-52.134297450128585,5.213429745012859,208.53718980051434,-26.067148725064293,130.33574362532147,39.100723087596435,65.16787181266074,-104.26859490025717,13.033574362532146,52.134297450128585
104.10000000000001,104.2740890574776,156.4111335862164,78.2055667931082,26.0685222643694,-52.1370445287388,5.2137044528738805,208.5481781149552,-26.0685222643694,130.342611321847,39.1027833965541,65.1713056609235,-104.2740890574776,13.0342611321847,52.1370445287388
104.2,104.28140908099152,156.42211362148728,78.21105681074364,26.07035227024788,-52.14070454049576,5.214070454049576,208.56281816198305,-26.07035227024788,130.35176135123942,39.10552840537182,65.17588067561971,-104.28140908099152,13.03517613512394,52.14070454049576
104.30000000000001,104.2906014381609,156.43590215724134,78.21795107862067,26.072650359540226,-52.14530071908045,5.214530071908046,208.5812028763218,-26.072650359540226,130.36325179770114,39.108975539310336,65.18162589885057,-104.2906014381609,13.036325179770113,52.14530071908045
104.4,104.30170536731929,156.45255805097892,78.22627902548946,26.07542634182982,-52.15085268365964,5.215085268365964,208.60341073463857,-26.07542634182982,130.3771317091491,39.11313951274473,65.18856585457455,-104.30170536731929,13.03771317091491,52.15085268365964
104.5,104.314724308212,156.472086462318,78.236043231159,26.078681077053,-52.157362154106,5.215736215410601,208.629448616424,-26.078681077053,130.393405385265,39.1180216155795,65.1967026926325,-104.314724308212,13.0393405385265,52.157362154106
104.60000000000001,104.32957597828859,156.4943639674329,78.24718198371644,26.082393994572147,-52.164787989144294,5.21647879891443,208.65915195657718,-26.082393994572147,130.41196997286073,39.12359099185822,65.20598498643037,-104.32957597828859,13.041196997286074,52.164787989144294
104.7,104.34618993759393,156.5192849063909,78.25964245319545,26.086547484398483,-52.17309496879697,5.217309496879697,208.69237987518787,-26.086547484398483,130.4327374219924,39.12982122659773,65.2163687109962,-104.34618993759393,13.043273742199242,52.17309496879697
104.80000000000001,104.36452004641603,156.54678006962405,78.27339003481202,26.091130011604008,-52.182260023208016,5.218226002320802,208.72904009283207,-26.091130011604008,130.45565005802004,39.13669501740601,65.22782502901002,-104.36452004641603,13.045565005802004,52.182260023208016
104.9,104.38450215766272,156.57675323649408,78.28837661824704,26.09612553941568,-52.19225107883136,5.219225107883137,208.76900431532545,-26.09612553941568,130.4806276970784,39.14418830912352,65.2403138485392,-104.38450215766272,13.04806276970784,52.19225107883136
105.0,104.4060855078055,156.60912826170824,78.30456413085412,26.101521376951375,-52.20304275390275,5.2203042753902755,208.812171015611,-26.101521376951375,130.50760688475688,39.15228206542706,65.25380344237844,-104.4060855078055,13.050760688475687,52.20304275390275
105.10000000000001,104.42923101760103,156.64384652640155,78.32192326320077,26.107307754400257,-52.21461550880051,5.2214615508800515,208.85846203520205,-26.107307754400257,130.53653877200128,39.16096163160039,65.26826938600064,-104.42923101760103,13.053653877200128,52.21461550880051
105.2,104.45380381357282,156.68070572035924,78.34035286017962,26.113450953393205,-52.22690190678641,5.222690190678641,208.90760762714564,-26.113450953393205,130.56725476696602,39.17017643008981,65.28362738348301,-104.45380381357282,13.056725476696602,52.22690190678641
105.30000000000001,104.47963346701789,156.71945020052684,78.35972510026342,26.119908366754473,-52.239816733508945,5.223981673350895,208.95926693403578,-26.119908366754473,130.59954183377238,39.17986255013171,65.29977091688619,-104.47963346701789,13.059954183377236,52.239816733508945
105.4,104.50652419960845,156.75978629941267,78.37989314970633,26.126631049902112,-52.253262099804225,5.225326209980423,209.0130483992169,-26.126631049902112,130.63315524951057,39.18994657485317,65.31657762475528,-104.50652419960845,13.063315524951056,52.253262099804225
105.5,104.53423254065821,156.80134881098732,78.40067440549366,26.133558135164552,-52.267116270329105,5.226711627032911,209.06846508131642,-26.133558135164552,130.66779067582277,39.20033720274683,65.33389533791139,-104.53423254065821,13.066779067582276,52.267116270329105
105.60000000000001,104.56248446609993,156.8437266991499,78.42186334957495,26.140621116524983,-52.281242233049966,5.228124223304997,209.12496893219986,-26.140621116524983,130.70310558262491,39.210931674787474,65.35155279131246,-104.56248446609993,13.070310558262491,52.281242233049966
105.7,104.59104148940173,156.8865622341026,78.4432811170513,26.147760372350433,-52.295520744700866,5.229552074470087,209.18208297880346,-26.147760372350433,130.73880186175217,39.22164055852565,65.36940093087608,-104.59104148940173,13.073880186175217,52.295520744700866
105.80000000000001,104.61969813484313,156.9295472022647,78.46477360113235,26.154924533710783,-52.30984906742157,5.230984906742157,209.23939626968627,-26.154924533710783,130.77462266855392,39.232386800566175,65.38731133427696,-104.61969813484313,13.077462266855392,52.30984906742157
105.9,104.64825915326324,156.97238872989487,78.48619436494744,26.16206478831581,-52.32412957663162,5.232412957663162,209.29651830652648,-26.16206478831581,130.81032394157904,39.24309718247372,65.40516197078952,-104.64825915326324,13.081032394157905,52.32412957663162
106.0,104.6765673089421,157.01485096341315,78.50742548170658,26.169141827235524,-52.33828365447105,5.233828365447105,209.3531346178842,-26.169141827235524,130.84570913617762,39.25371274085329,65.42285456808881,-104.6765673089421,13.084570913617762,52.33828365447105
106.10000000000001,104.70449474693129,157.05674212039693,78.52837106019847,26.176123686732822,-52.352247373465644,5.235224737346565,209.40898949386258,-26.176123686732822,130.8806184336641,39.26418553009923,65.44030921683205,-104.70449474693129,13.088061843366411,52.352247373465644
106.2,104.73192334483379,157.0978850172507,78.54894250862534,26.182980836208447,-52.365961672416894,5.236596167241689,209.46384668966758,-26.182980836208447,130.91490418104223,39.27447125431267,65.45745209052112,-104.73192334483379,13.091490418104224,52.365961672416894
106.30000000000001,104.75874413783447,157.1381162067517,78.56905810337585,26.189686034458617,-52.379372068917235,5.237937206891724,209.51748827566894,-26.189686034458617,130.9484301722931,39.284529051687926,65.47421508614654,-104.75874413783447,13.094843017229309,52.379372068917235
106.4,104.78484983895684,157.17727475843526,78.58863737921763,26.19621245973921,-52.39242491947842,5.239242491947842,209.5696996779137,-26.19621245973921,130.98106229869606,39.294318689608815,65.49053114934803,-104.78484983895684,13.098106229869606,52.39242491947842
106.5,104.81015804104699,157.2152370615705,78.60761853078525,26.202539510261747,-52.405079020523495,5.24050790205235,209.62031608209398,-26.202539510261747,131.01269755130875,39.30380926539262,65.50634877565437,-104.81015804104699,13.101269755130874,52.405079020523495
106.60000000000001,104.83453627827193,157.2518044174079,78.62590220870395,26.20863406956798,-52.41726813913596,5.241726813913597,209.66907255654385,-26.20863406956798,131.04317034783992,39.312951104351974,65.52158517391996,-104.83453627827193,13.10431703478399,52.41726813913596
106.7,104.85782387301282,157.28673580951923,78.64336790475961,26.214455968253205,-52.42891193650641,5.2428911936506415,209.71564774602564,-26.214455968253205,131.07227984126604,39.32168395237981,65.53613992063302,-104.85782387301282,13.107227984126602,52.42891193650641
106.80000000000001,104.87991007169425,157.31986510754137,78.65993255377069,26.219977517923564,-52.43995503584713,5.2439955035847134,209.7598201433885,-26.219977517923564,131.09988758961782,39.329966276885344,65.54994379480891,-104.87991007169425,13.109988758961782,52.43995503584713
106.9,104.90067104444577,157.35100656666867,78.67550328333434,26.225167761111443,-52.450335522222886,5.245033552222289,209.80134208889154,-26.225167761111443,131.1258388055572,39.33775164166717,65.5629194027786,-104.90067104444577,13.112583880555722,52.450335522222886
107.0,104.91992780970381,157.3798917145557,78.68994585727785,26.229981952425952,-52.459963904851904,5.245996390485191,209.83985561940761,-26.229981952425952,131.14990976212977,39.344972928638924,65.57495488106488,-104.91992780970381,13.114990976212976,52.459963904851904
107.10000000000001,104.93745680954295,157.40618521431443,78.70309260715722,26.234364202385738,-52.468728404771475,5.246872840477148,209.8749136190859,-26.234364202385738,131.1718210119287,39.35154630357861,65.58591050596435,-104.93745680954295,13.117182101192869,52.468728404771475
107.2,104.9530794038799,157.42961910581985,78.71480955290993,26.238269850969974,-52.47653970193995,5.247653970193995,209.9061588077598,-26.238269850969974,131.19134925484988,39.35740477645496,65.59567462742494,-104.9530794038799,13.119134925484987,52.47653970193995
107.30000000000001,104.96664711501859,157.44997067252788,78.72498533626394,26.241661778754647,-52.483323557509294,5.24833235575093,209.93329423003718,-26.241661778754647,131.20830889377322,39.36249266813197,65.60415444688661,-104.96664711501859,13.120830889377324,52.483323557509294
107.4,104.97806760343867,157.46710140515802,78.73355070257901,26.24451690085967,-52.48903380171934,5.248903380171934,209.95613520687735,-26.24451690085967,131.22258450429834,39.366775351289505,65.61129225214917,-104.97806760343867,13.122258450429834,52.48903380171934
107.5,104.98729476283314,157.48094214424972,78.74047107212486,26.246823690708286,-52.49364738141657,5.249364738141658,209.9745895256663,-26.246823690708286,131.23411845354144,39.37023553606243,65.61705922677072,-104.98729476283314,13.123411845354143,52.49364738141657
107.60000000000001,104.99436187944453,157.4915428191668,78.7457714095834,26.24859046986113,-52.49718093972226,5.249718093972227,209.98872375888905,-26.24859046986113,131.24295234930565,39.3728857047917,65.62147617465283,-104.99436187944453,13.124295234930566,52.49718093972226
107.7,104.99930126340325,157.49895189510488,78.74947594755244,26.249825315850813,-52.49965063170163,5.249965063170163,209.9986025268065,-26.249825315850813,131.24912657925407,39.37473797377622,65.62456328962703,-104.99930126340325,13.124912657925407,52.49965063170163
107.80000000000001,105.00215307615703,157.50322961423555,78.75161480711778,26.250538269039257,-52.501076538078514,5.250107653807852,210.00430615231406,-26.250538269039257,131.2526913451963,39.37580740355889,65.62634567259815,-105.00215307615703,13.125269134519629,52.501076538078514
107.9,105.00299985349749,157.50449978024622,78.75224989012311,26.25074996337437,-52.50149992674874,5.250149992674874,210.00599970699497,-26.25074996337437,131.25374981687185,39.376124945061555,65.62687490843592,-105.00299985349749,13.125374981687186,52.50149992674874
108.0,105.00195662602064,157.50293493903098,78.75146746951549,26.25048915650516,-52.50097831301032,5.250097831301033,210.0039132520413,-26.25048915650516,131.2524457825258,39.375733734757745,65.6262228912629,-105.00195662602064,13.12524457825258,52.50097831301032
108.10000000000001,104.99910912274342,157.49866368411512,78.74933184205756,26.249777280685855,-52.49955456137171,5.2499554561371715,209.99821824548684,-26.249777280685855,131.24888640342928,39.37466592102878,65.62444320171464,-104.99910912274342,13.124888640342927,52.49955456137171
108.2,104.99456159135156,157.49184238702733,78.74592119351367,26.24864039783789,-52.49728079567578,5.2497280795675785,209.9891231827031,-26.24864039783789,131.24320198918946,39.37296059675683,65.62160099459473,-104.99456159135156,13.124320198918944,52.49728079567578
108.30000000000001,104.98835052942857,157.48252579414287,78.74126289707144,26.247087632357143,-52.494175264714286,5.249417526471429,209.97670105885715,-26.247087632357143,131.2354381617857,39.37063144853572,65.61771908089285,-104.98835052942857,13.123543816178572,52.494175264714286
108.4,104.98048804989384,157.47073207484075,78.73536603742038,26.24512201247346,-52.49024402494692,5.249024402494692,209.96097609978767,-26.24512201247346,131.2256100623673,39.36768301871019,65.61280503118365,-104.98048804989384,13.12256100623673,52.49024402494692
108.5,104.97101010044652,157.4565151506698,78.7282575753349,26.24275252511163,-52.48550505022326,5.248550505022326,209.94202020089304,-26.24275252511163,131.21376262555816,39.36412878766745,65.60688131277908,-104.97101010044652,13.121376262555815,52.48550505022326
108.60000000000001,104.95992930152384,157.43989395228576,78.71994697614288,26.23998232538096,-52.47996465076192,5.247996465076192,209.9198586030477,-26.23998232538096,131.1999116269048,39.35997348807144,65.5999558134524,-104.95992930152384,13.11999116269048,52.47996465076192
108.7,104.94733416366402,157.42100124549603,78.71050062274801,26.236833540916006,-52.47366708183201,5.247366708183201,209.89466832732805,-26.236833540916006,131.18416770458003,39.35525031137401,65.59208385229002,-104.94733416366402,13.118416770458003,52.47366708183201
108.80000000000001,104.93330446268922,157.39995669403385,78.69997834701692,26.233326115672305,-52.46665223134461,5.246665223134461,209.86660892537844,-26.233326115672305,131.16663057836152,39.34998917350846,65.58331528918076,-104.93330446268922,13.116663057836153,52.46665223134461
108.9,104.91792491286571,157.37688736929857,78.68844368464929,26.22948122821643,-52.45896245643286,5.245896245643286,209.83584982573143,-26.22948122821643,131.14740614108214,39.34422184232464,65.57370307054107,-104.91792491286571,13.114740614108214,52.45896245643286
109.0,104.90130976204352,157.3519646430653,78.67598232153264,26.22532744051088,-52.45065488102176,5.245065488102177,209.80261952408705,-26.22532744051088,131.1266372025544,39.33799116076632,65.5633186012772,-104.90130976204352,13.11266372025544,52.45065488102176
109.10000000000001,104.88359777352,157.32539666027998,78.66269833013999,26.22089944338,-52.44179888676,5.244179888676,209.76719554704,-26.22089944338,131.1044972169,39.331349165069994,65.55224860845,-104.88359777352,13.11044972169,52.44179888676
109.2,104.86497500760736,157.29746251141103,78.64873125570551,26.21624375190184,-52.43248750380368,5.243248750380368,209.7299500152147,-26.21624375190184,131.0812187595092,39.32436562785276,65.5406093797546,-104.86497500760736,13.10812187595092,52.43248750380368
109.30000000000001,104.84560599334435,157.26840899001652,78.63420449500826,26.211401498336087,-52.422802996672175,5.242280299667218,209.6912119866887,-26.211401498336087,131.05700749168045,39.31710224750413,65.52850374584023,-104.84560599334435,13.105700749168044,52.422802996672175
109.4,104.82561734274196,157.23842601411295,78.61921300705647,26.20640433568549,-52.41280867137098,5.241280867137099,209.65123468548393,-26.20640433568549,131.03202167842744,39.30960650352824,65.51601083921372,-104.82561734274196,13.103202167842745,52.41280867137098
109.5,104.80511996509532,157.207679947643,78.6038399738215,26.20127999127383,-52.40255998254766,5.240255998254766,209.61023993019063,-26.20127999127383,131.00639995636914,39.30191998691075,65.50319997818457,-104.80511996509532,13.100639995636914,52.40255998254766
109.60000000000001,104.78423280763596,157.17634921145395,78.58817460572698,26.19605820190899,-52.39211640381798,5.239211640381798,209.56846561527192,-26.19605820190899,130.98029100954494,39.29408730286349,65.49014550477247,-104.78423280763596,13.098029100954495,52.39211640381798
109.7,104.7630434143125,157.14456512146876,78.57228256073438,26.190760853578126,-52.38152170715625,5.238152170715626,209.526086828625,-26.190760853578126,130.95380426789063,39.28614128036719,65.47690213394532,-104.7630434143125,13.095380426789063,52.38152170715625
109.80000000000001,104.74163477705976,157.11245216558964,78.55622608279482,26.18540869426494,-52.37081738852988,5.237081738852988,209.48326955411952,-26.18540869426494,130.9270434713247,39.27811304139741,65.46352173566235,-104.74163477705976,13.09270434713247,52.37081738852988
109.9,104.72003767374484,157.08005651061725,78.54002825530863,26.18000941843621,-52.36001883687242,5.236001883687242,209.44007534748968,-26.18000941843621,130.90004709218104,39.27001412765431,65.45002354609052,-104.72003767374484,13.090004709218105,52.36001883687242
110.0,104.69825072532394,157.04737608798592,78.52368804399296,26.174562681330986,-52.34912536266197,5.234912536266197,209.3965014506479,-26.174562681330986,130.87281340665493,39.26184402199648,65.43640670332746,-104.69825072532394,13.087281340665493,52.34912536266197
110.10000000000001,104.67625436698842,157.01438155048263,78.50719077524131,26.169063591747104,-52.33812718349421,5.233812718349421,209.35250873397683,-26.169063591747104,130.8453179587355,39.253595387620656,65.42265897936775,-104.67625436698842,13.084531795873552,52.33812718349421
110.2,104.65405121233816,156.98107681850723,78.49053840925362,26.16351280308454,-52.32702560616908,5.232702560616908,209.30810242467632,-26.16351280308454,130.8175640154227,39.24526920462681,65.40878200771135,-104.65405121233816,13.08175640154227,52.32702560616908
110.30000000000001,104.63162726920721,156.94744090381081,78.47372045190541,26.157906817301804,-52.31581363460361,5.231581363460361,209.26325453841443,-26.157906817301804,130.789534086509,39.236860225952704,65.3947670432545,-104.63162726920721,13.078953408650902,52.31581363460361
110.4,104.60900451637121,156.91350677455682,78.45675338727841,26.152251129092804,-52.30450225818561,5.2304502258185614,209.21800903274243,-26.152251129092804,130.76125564546402,39.228376693639206,65.38062782273201,-104.60900451637121,13.076125564546402,52.30450225818561
110.5,104.58625906923149,156.87938860384725,78.43969430192362,26.146564767307872,-52.293129534615744,5.229312953461575,209.17251813846298,-26.146564767307872,130.73282383653935,39.21984715096181,65.36641191826968,-104.58625906923149,13.073282383653936,52.293129534615744
110.60000000000001,104.56345149389358,156.84517724084037,78.42258862042019,26.140862873473395,-52.28172574694679,5.228172574694679,209.12690298778716,-26.140862873473395,130.70431436736698,39.21129431021009,65.35215718368349,-104.56345149389358,13.070431436736698,52.28172574694679
110.7,104.54064109450952,156.8109616417643,78.40548082088215,26.13516027362738,-52.27032054725476,5.227032054725477,209.08128218901905,-26.13516027362738,130.67580136813692,39.20274041044107,65.33790068406846,-104.54064109450952,13.06758013681369,52.27032054725476
110.80000000000001,104.51789589287694,156.7768438393154,78.3884219196577,26.129473973219234,-52.25894794643847,5.225894794643847,209.03579178575387,-26.129473973219234,130.64736986609617,39.19421095982885,65.32368493304809,-104.51789589287694,13.064736986609617,52.25894794643847
110.9,104.4953145660289,156.74297184904333,78.37148592452166,26.123828641507224,-52.24765728301445,5.2247657283014455,208.9906291320578,-26.123828641507224,130.61914320753613,39.18574296226083,65.30957160376806,-104.4953145660289,13.061914320753612,52.24765728301445
111.0,104.47299930029666,156.70949895044498,78.35474947522249,26.118249825074166,-52.23649965014833,5.223649965014833,208.94599860059333,-26.118249825074166,130.59124912537084,39.177374737611245,65.29562456268542,-104.47299930029666,13.059124912537083,52.23649965014833
111.10000000000001,104.45099390662253,156.67649085993378,78.33824542996689,26.112748476655632,-52.225496953311264,5.222549695331127,208.90198781324506,-26.112748476655632,130.56374238327817,39.169122714983445,65.28187119163908,-104.45099390662253,13.056374238327816,52.225496953311264
111.2,104.42932575077958,156.64398862616937,78.32199431308469,26.107331437694896,-52.21466287538979,5.22146628753898,208.85865150155917,-26.107331437694896,130.53665718847446,39.160997156542344,65.26832859423723,-104.42932575077958,13.053665718847448,52.21466287538979
111.30000000000001,104.40804407607297,156.61206611410944,78.30603305705472,26.102011019018242,-52.204022038036484,5.220402203803649,208.81608815214594,-26.102011019018242,130.51005509509122,39.15301652852736,65.25502754754561,-104.40804407607297,13.051005509509121,52.204022038036484
111.4,104.3872416526135,156.58086247892024,78.29043123946012,26.096810413153374,-52.19362082630675,5.219362082630675,208.774483305227,-26.096810413153374,130.48405206576686,39.14521561973006,65.24202603288343,-104.3872416526135,13.048405206576687,52.19362082630675
111.5,104.36706179763027,156.5505926964454,78.2752963482227,26.091765449407568,-52.183530898815135,5.218353089881514,208.73412359526054,-26.091765449407568,130.45882724703785,39.13764817411135,65.22941362351892,-104.36706179763027,13.045882724703784,52.183530898815135
111.60000000000001,104.34757748238555,156.52136622357833,78.26068311178916,26.086894370596386,-52.17378874119277,5.2173788741192775,208.6951549647711,-26.086894370596386,130.43447185298194,39.13034155589458,65.21723592649097,-104.34757748238555,13.043447185298193,52.17378874119277
111.7,104.32876063318933,156.493140949784,78.246570474892,26.082190158297333,-52.16438031659467,5.216438031659467,208.65752126637867,-26.082190158297333,130.41095079148667,39.123285237446,65.20547539574333,-104.32876063318933,13.041095079148667,52.16438031659467
111.80000000000001,104.31055516065103,156.46583274097657,78.23291637048828,26.07763879016276,-52.15527758032552,5.215527758032552,208.62111032130207,-26.07763879016276,130.3881939508138,39.11645818524414,65.1940969754069,-104.31055516065103,13.03881939508138,52.15527758032552
111.9,104.29289941962183,156.43934912943274,78.21967456471637,26.073224854905458,-52.146449709810916,5.214644970981092,208.58579883924367,-26.073224854905458,130.3661242745273,39.109837282358185,65.18306213726365,-104.29289941962183,13.036612427452729,52.146449709810916
112.0,104.27569511335774,156.4135426700366,78.2067713350183,26.068923778339435,-52.13784755667887,5.213784755667888,208.55139022671548,-26.068923778339435,130.34461889169717,39.10338566750915,65.17230944584858,-104.27569511335774,13.034461889169718,52.13784755667887
112.10000000000001,104.25881451895104,156.38822177842655,78.19411088921328,26.06470362973776,-52.12940725947552,5.212940725947552,208.51762903790208,-26.06470362973776,130.3235181486888,39.09705544460664,65.1617590743444,-104.25881451895104,13.03235181486888,52.12940725947552
112.2,104.24213020121321,156.36319530181981,78.18159765090991,26.060532550303304,-52.12106510060661,5.212106510060661,208.48426040242643,-26.060532550303304,130.30266275151652,39.090798825454954,65.15133137575826,-104.24213020121321,13.030266275151652,52.12106510060661
112.30000000000001,104.22554765054052,156.33832147581077,78.16916073790539,26.05638691263513,-52.11277382527026,5.211277382527026,208.45109530108104,-26.05638691263513,130.28193456317564,39.08458036895269,65.14096728158782,-104.22554765054052,13.028193456317565,52.11277382527026
112.4,104.20901832707398,156.31352749061097,78.15676374530548,26.052254581768494,-52.10450916353699,5.210450916353699,208.41803665414795,-26.052254581768494,130.26127290884247,39.07838187265274,65.13063645442124,-104.20901832707398,13.026127290884247,52.10450916353699
112.5,104.19248584639917,156.28872876959875,78.14436438479937,26.04812146159979,-52.09624292319958,5.209624292319958,208.38497169279833,-26.04812146159979,130.24060730799897,39.07218219239969,65.12030365399949,-104.19248584639917,13.024060730799896,52.09624292319958
112.60000000000001,104.17590647987278,156.26385971980918,78.13192985990459,26.043976619968195,-52.08795323993639,5.208795323993639,208.35181295974556,-26.043976619968195,130.21988309984098,39.065964929952294,65.10994154992049,-104.17590647987278,13.021988309984097,52.08795323993639
112.7,104.15929392946035,156.23894089419053,78.11947044709527,26.039823482365087,-52.07964696473017,5.2079646964730175,208.3185878589207,-26.039823482365087,130.19911741182543,39.059735223547634,65.09955870591271,-104.15929392946035,13.019911741182543,52.07964696473017
112.80000000000001,104.14270037208968,156.21405055813452,78.10702527906726,26.03567509302242,-52.07135018604484,5.207135018604484,208.28540074417936,-26.03567509302242,130.17837546511208,39.05351263953363,65.08918773255604,-104.14270037208968,13.01783754651121,52.07135018604484
112.9,104.12614954076662,156.18922431114993,78.09461215557496,26.031537385191655,-52.06307477038331,5.206307477038331,208.25229908153324,-26.031537385191655,130.15768692595827,39.04730607778748,65.07884346297914,-104.12614954076662,13.015768692595827,52.06307477038331
113.0,104.1096282731986,156.16444240979789,78.08222120489894,26.02740706829965,-52.0548141365993,5.20548141365993,208.2192565463972,-26.02740706829965,130.13703534149823,39.04111060244947,65.06851767074912,-104.1096282731986,13.013703534149824,52.0548141365993
113.10000000000001,104.09315293232699,156.1397293984905,78.06986469924524,26.023288233081747,-52.04657646616349,5.20465764661635,208.18630586465397,-26.023288233081747,130.11644116540873,39.03493234962262,65.05822058270437,-104.09315293232699,13.011644116540873,52.04657646616349
113.2,104.07675090733923,156.11512636100883,78.05756318050442,26.019187726834808,-52.038375453669616,5.203837545366962,208.15350181467846,-26.019187726834808,130.09593863417405,39.02878159025221,65.04796931708702,-104.07675090733923,13.009593863417404,52.038375453669616
113.30000000000001,104.06041468266834,156.0906220240025,78.04531101200125,26.015103670667084,-52.03020734133417,5.203020734133418,208.12082936533668,-26.015103670667084,130.0755183533354,39.022655506000625,65.0377591766677,-104.06041468266834,13.007551835333542,52.03020734133417
113.4,104.04416374370031,156.06624561555046,78.03312280777523,26.011040935925077,-52.022081871850155,5.202208187185016,208.08832748740062,-26.011040935925077,130.05520467962538,39.016561403887614,65.02760233981269,-104.04416374370031,13.005520467962539,52.022081871850155
113.5,104.02800990675377,156.04201486013065,78.02100743006532,26.00700247668844,-52.01400495337688,5.201400495337689,208.05601981350753,-26.00700247668844,130.03501238344222,39.01050371503266,65.01750619172111,-104.02800990675377,13.00350123834422,52.01400495337688
113.60000000000001,104.01189435795527,156.0178415369329,78.00892076846645,26.002973589488818,-52.005947178977635,5.200594717897764,208.02378871591054,-26.002973589488818,130.0148679474441,39.00446038423323,65.00743397372204,-104.01189435795527,13.001486794744409,52.005947178977635
113.7,103.99574994038068,155.99362491057101,77.99681245528551,25.99893748509517,-51.99787497019034,5.1997874970190345,207.99149988076135,-25.99893748509517,129.99468742547583,38.998406227642754,64.99734371273792,-103.99574994038068,12.999468742547585,51.99787497019034
113.80000000000001,103.97955304324584,155.96932956486876,77.98466478243438,25.99488826081146,-51.98977652162292,5.198977652162292,207.9591060864917,-25.99488826081146,129.9744413040573,38.99233239121719,64.98722065202865,-103.97955304324584,12.99744413040573,51.98977652162292
113.9,103.96326042526326,155.9448906378949,77.97244531894745,25.990815106315814,-51.98163021263163,5.198163021263163,207.92652085052652,-25.990815106315814,129.95407553157906,38.986222659473725,64.97703776578953,-103.96326042526326,12.995407553157907,51.98163021263163
114.0,103.94688610938846,155.9203291640827,77.96016458204134,25.986721527347115,-51.97344305469423,5.197344305469423,207.89377221877692,-25.986721527347115,129.9336076367356,38.98008229102067,64.9668038183678,-103.94688610938846,12.993360763673557,51.97344305469423
114.10000000000001,103.93051888924002,155.89577833386002,77.94788916693001,25.982629722310005,-51.96525944462001,5.196525944462001,207.86103777848004,-25.982629722310005,129.91314861155,38.973944583465006,64.956574305775,-103.93051888924002,12.991314861155002,51.96525944462001
114.2,103.914310237759,155.8714653566385,77.93573267831925,25.97857755943975,-51.9571551188795,5.1957155118879506,207.828620475518,-25.97857755943975,129.89288779719874,38.96786633915963,64.94644389859937,-103.914310237759,12.989288779719875,51.9571551188795
114.30000000000001,103.89846111461814,155.8476916719272,77.9238458359636,25.974615278654536,-51.94923055730907,5.194923055730907,207.7969222292363,-25.974615278654536,129.87307639327267,38.9619229179818,64.93653819663633,-103.89846111461814,12.987307639327268,51.94923055730907
114.4,103.88317521638717,155.82476282458077,77.91238141229039,25.970793804096793,-51.941587608193586,5.194158760819359,207.76635043277435,-25.970793804096793,129.85396902048396,38.95619070614519,64.92698451024198,-103.88317521638717,12.985396902048397,51.941587608193586
114.5,103.86865013950313,155.8029752092547,77.90148760462735,25.967162534875783,-51.934325069751566,5.193432506975157,207.73730027900626,-25.967162534875783,129.83581267437893,38.950743802313674,64.91790633718946,-103.86865013950313,12.983581267437891,51.934325069751566
114.60000000000001,103.8550248946685,155.78253734200274,77.89126867100137,25.963756223667126,-51.92751244733425,5.192751244733426,207.710049789337,-25.963756223667126,129.81878111833564,38.945634335500685,64.90939055916782,-103.8550248946685,12.981878111833563,51.92751244733425
114.7,103.84239003874235,155.76358505811353,77.88179252905677,25.960597509685588,-51.921195019371176,5.192119501937118,207.6847800774847,-25.960597509685588,129.80298754842795,38.940896264528384,64.90149377421398,-103.84239003874235,12.980298754842794,51.921195019371176
114.80000000000001,103.83084122855288,155.7462618428293,77.87313092141466,25.95771030713822,-51.91542061427644,5.191542061427644,207.66168245710577,-25.95771030713822,129.7885515356911,38.93656546070733,64.89427576784556,-103.83084122855288,12.97885515356911,51.91542061427644
114.9,103.82048266643767,155.7307239996565,77.86536199982825,25.955120666609417,-51.910241333218835,5.191024133321884,207.64096533287534,-25.955120666609417,129.7756033330471,38.932680999914126,64.88780166652354,-103.82048266643767,12.977560333304709,51.910241333218835
115.0,103.81145731545097,155.71718597317644,77.85859298658822,25.95286432886274,-51.90572865772548,5.190572865772548,207.62291463090193,-25.95286432886274,129.7643216443137,38.92929649329411,64.88216082215685,-103.81145731545097,12.97643216443137,51.90572865772548
115.10000000000001,103.8039088815756,155.7058633223634,77.8529316611817,25.9509772203939,-51.9019544407878,5.19019544407878,207.6078177631512,-25.9509772203939,129.7548861019695,38.92646583059085,64.87744305098475,-103.8039088815756,12.97548861019695,51.9019544407878
115.2,103.79794432327151,155.69691648490726,77.84845824245363,25.949486080817877,-51.898972161635754,5.189897216163576,207.59588864654302,-25.949486080817877,129.74743040408939,38.924229121226816,64.87371520204469,-103.79794432327151,12.974743040408939,51.898972161635754
115.30000000000001,103.79367732792134,155.69051599188202,77.84525799594101,25.948419331980336,-51.89683866396067,5.189683866396067,207.5873546558427,-25.948419331980336,129.74209665990168,38.922628997970506,64.87104832995084,-103.79367732792134,12.974209665990168,51.89683866396067
115.4,103.79115802115271,155.68673703172908,77.84336851586454,25.947789505288178,-51.895579010576355,5.189557901057636,207.58231604230542,-25.947789505288178,129.73894752644088,38.92168425793227,64.86947376322044,-103.79115802115271,12.973894752644089,51.895579010576355
115.5,103.79032320178709,155.68548480268063,77.84274240134032,25.947580800446772,-51.895161600893545,5.1895161600893545,207.58064640357418,-25.947580800446772,129.73790400223385,38.92137120067016,64.86895200111692,-103.79032320178709,12.973790400223386,51.895161600893545
115.60000000000001,103.79112834536853,155.6866925180528,77.8433462590264,25.947782086342134,-51.89556417268427,5.189556417268427,207.58225669073707,-25.947782086342134,129.73891043171068,38.9216731295132,64.86945521585534,-103.79112834536853,12.973891043171067,51.89556417268427
115.7,103.79343693848536,155.69015540772804,77.84507770386402,25.94835923462134,-51.89671846924268,5.189671846924268,207.5868738769707,-25.94835923462134,129.7417961731067,38.92253885193201,64.87089808655335,-103.79343693848536,12.97417961731067,51.89671846924268
115.80000000000001,103.797100480707,155.6956507210605,77.84782536053025,25.94927512017675,-51.8985502403535,5.18985502403535,207.594200961414,-25.94927512017675,129.74637560088377,38.923912680265126,64.87318780044188,-103.797100480707,12.974637560088375,51.8985502403535
115.9,103.80200288904155,155.70300433356232,77.85150216678116,25.950500722260387,-51.90100144452077,5.190100144452078,207.6040057780831,-25.950500722260387,129.75250361130193,38.92575108339058,64.87625180565097,-103.80200288904155,12.975250361130193,51.90100144452077
116.0,103.80805599197978,155.71208398796966,77.85604199398483,25.952013997994946,-51.90402799598989,5.190402799598989,207.61611198395957,-25.952013997994946,129.76006998997474,38.928020996992416,64.88003499498737,-103.80805599197978,12.976006998997473,51.90402799598989
116.10000000000001,103.81519358872112,155.72279038308167,77.86139519154084,25.95379839718028,-51.90759679436056,5.190759679436056,207.63038717744223,-25.95379839718028,129.76899198590138,38.93069759577042,64.88449599295069,-103.81519358872112,12.97689919859014,51.90759679436056
116.2,103.82343325882833,155.7351498882425,77.86757494412124,25.955858314707083,-51.911716629414165,5.191171662941417,207.64686651765666,-25.955858314707083,129.7792915735354,38.93378747206062,64.8896457867677,-103.82343325882833,12.977929157353541,51.911716629414165
116.30000000000001,103.83285446297451,155.74928169446176,77.87464084723088,25.958213615743627,-51.916427231487255,5.191642723148726,207.66570892594902,-25.958213615743627,129.79106807871813,38.93732042361544,64.89553403935906,-103.83285446297451,12.979106807871814,51.916427231487255
116.4,103.84350113844667,155.76525170767002,77.88262585383501,25.960875284611667,-51.921750569223335,5.192175056922334,207.68700227689334,-25.960875284611667,129.80437642305833,38.941312926917504,64.90218821152916,-103.84350113844667,12.980437642305834,51.921750569223335
116.5,103.8553842868281,155.78307643024215,77.89153821512107,25.963846071707025,-51.92769214341405,5.192769214341405,207.7107685736562,-25.963846071707025,129.81923035853512,38.94576910756054,64.90961517926756,-103.8553842868281,12.981923035853512,51.92769214341405
116.60000000000001,103.86856755866282,155.80285133799424,77.90142566899712,25.967141889665704,-51.93428377933141,5.193428377933142,207.73713511732564,-25.967141889665704,129.83570944832852,38.95071283449856,64.91785472416426,-103.86856755866282,12.983570944832852,51.93428377933141
116.7,103.88309522547624,155.82464283821434,77.91232141910717,25.97077380636906,-51.94154761273812,5.194154761273812,207.76619045095248,-25.97077380636906,129.8538690318453,38.956160709553586,64.92693451592265,-103.88309522547624,12.98538690318453,51.94154761273812
116.80000000000001,103.89903493683094,155.8485524052464,77.9242762026232,25.974758734207736,-51.94951746841547,5.194951746841547,207.7980698736619,-25.974758734207736,129.87379367103867,38.9621381013116,64.93689683551933,-103.89903493683094,12.987379367103868,51.94951746841547
116.9,103.91655096632248,155.87482644948372,77.93741322474186,25.97913774158062,-51.95827548316124,5.1958275483161245,207.83310193264495,-25.97913774158062,129.8956887079031,38.96870661237093,64.94784435395155,-103.91655096632248,12.98956887079031,51.95827548316124
117.0,103.93584885626763,155.90377328440144,77.95188664220072,25.983962214066906,-51.96792442813381,5.196792442813382,207.87169771253525,-25.983962214066906,129.91981107033453,38.97594332110036,64.95990553516727,-103.93584885626763,12.991981107033453,51.96792442813381
117.10000000000001,103.95717335957545,155.93576003936317,77.96788001968159,25.989293339893862,-51.978586679787725,5.197858667978773,207.9143467191509,-25.989293339893862,129.9464666994693,38.98394000984079,64.97323334973466,-103.95717335957545,12.994646669946931,51.978586679787725
117.2,103.98076122117986,155.97114183176978,77.98557091588489,25.995190305294965,-51.99038061058993,5.199038061058993,207.96152244235972,-25.995190305294965,129.97595152647483,38.992785457942446,64.98797576323742,-103.98076122117986,12.997595152647483,51.99038061058993
117.30000000000001,104.00680444904529,156.01020667356795,78.00510333678398,26.001701112261323,-52.003402224522645,5.200340222452265,208.01360889809058,-26.001701112261323,130.0085055613066,39.00255166839199,65.0042527806533,-104.00680444904529,13.000850556130661,52.003402224522645
117.4,104.03543234985366,156.0531485247805,78.02657426239026,26.008858087463416,-52.01771617492683,5.201771617492684,208.07086469970733,-26.008858087463416,130.04429043731707,39.01328713119513,65.02214521865854,-104.03543234985366,13.004429043731708,52.01771617492683
117.5,104.06677605776486,156.10016408664728,78.05008204332364,26.016694014441214,-52.03338802888243,5.2033388028882435,208.1335521155297,-26.016694014441214,130.08347007220607,39.02504102166182,65.04173503610303,-104.06677605776486,13.008347007220607,52.03338802888243
117.60000000000001,104.10092427940903,156.15138641911355,78.07569320955677,26.025231069852257,-52.050462139704514,5.205046213970451,208.20184855881806,-26.025231069852257,130.1261553492613,39.03784660477839,65.06307767463065,-104.10092427940903,13.012615534926129,52.050462139704514
117.7,104.13796802551632,156.20695203827447,78.10347601913723,26.03449200637908,-52.06898401275816,5.206898401275816,208.27593605103263,-26.03449200637908,130.17246003189538,39.051738009568616,65.08623001594769,-104.13796802551632,13.01724600318954,52.06898401275816
117.80000000000001,104.17796768049166,156.2669515207375,78.13347576036875,26.044491920122915,-52.08898384024583,5.208898384024583,208.35593536098332,-26.044491920122915,130.22245960061457,39.06673788018438,65.11122980030729,-104.17796768049166,13.022245960061458,52.08898384024583
117.9,104.22096320650346,156.33144480975517,78.16572240487758,26.055240801625864,-52.11048160325173,5.2110481603251735,208.4419264130069,-26.055240801625864,130.27620400812933,39.08286120243879,65.13810200406466,-104.22096320650346,13.027620400812932,52.11048160325173
118.0,104.26697419389474,156.40046129084212,78.20023064542106,26.066743548473685,-52.13348709694737,5.2133487096947375,208.53394838778948,-26.066743548473685,130.33371774236844,39.10011532271053,65.16685887118422,-104.26697419389474,13.033371774236842,52.13348709694737
118.10000000000001,104.31603430330776,156.47405145496163,78.23702572748081,26.07900857582694,-52.15801715165388,5.215801715165388,208.63206860661552,-26.07900857582694,130.3950428791347,39.118512863740406,65.19752143956735,-104.31603430330776,13.03950428791347,52.15801715165388
118.2,104.36815649511709,156.55223474267564,78.27611737133782,26.092039123779273,-52.184078247558546,5.218407824755855,208.73631299023418,-26.092039123779273,130.46019561889636,39.13805868566891,65.23009780944818,-104.36815649511709,13.046019561889636,52.184078247558546
118.30000000000001,104.42323923938147,156.6348588590722,78.3174294295361,26.10580980984537,-52.21161961969074,5.221161961969074,208.84647847876295,-26.10580980984537,130.52904904922684,39.15871471476805,65.26452452461342,-104.42323923938147,13.052904904922684,52.21161961969074
118.4,104.48115378752091,156.72173068128137,78.36086534064069,26.120288446880227,-52.240576893760455,5.224057689376046,208.96230757504182,-26.120288446880227,130.60144223440113,39.18043267032034,65.30072111720057,-104.48115378752091,13.060144223440114,52.240576893760455
118.5,104.54177952688953,156.8126692903343,78.40633464516715,26.135444881722382,-52.270889763444764,5.227088976344477,209.08355905377906,-26.135444881722382,130.67722440861192,39.203167322583575,65.33861220430596,-104.54177952688953,13.067722440861191,52.270889763444764
118.60000000000001,104.60496744607916,156.90745116911873,78.45372558455936,26.15124186151979,-52.30248372303958,5.230248372303958,209.20993489215832,-26.15124186151979,130.75620930759894,39.22686279227968,65.37810465379947,-104.60496744607916,13.075620930759895,52.30248372303958
118.7,104.67056182643547,157.00584273965322,78.50292136982661,26.16764045660887,-52.33528091321774,5.233528091321774,209.34112365287095,-26.16764045660887,130.83820228304435,39.251460684913305,65.41910114152218,-104.67056182643547,13.083820228304434,52.33528091321774
118.80000000000001,104.73840675076389,157.10761012614583,78.55380506307291,26.18460168769097,-52.36920337538194,5.236920337538194,209.47681350152777,-26.18460168769097,130.92300843845487,39.27690253153646,65.46150421922744,-104.73840675076389,13.092300843845486,52.36920337538194
118.9,104.8083923721743,157.21258855826144,78.60629427913072,26.202098093043574,-52.40419618608715,5.2404196186087155,209.6167847443486,-26.202098093043574,131.01049046521786,39.30314713956536,65.50524523260893,-104.8083923721743,13.101049046521787,52.40419618608715
119.0,104.88036954212762,157.32055431319145,78.66027715659573,26.220092385531906,-52.44018477106381,5.244018477106382,209.76073908425525,-26.220092385531906,131.10046192765952,39.33013857829786,65.55023096382976,-104.88036954212762,13.110046192765953,52.44018477106381
119.10000000000001,104.95414531070088,157.43121796605132,78.71560898302566,26.23853632767522,-52.47707265535044,5.247707265535045,209.90829062140176,-26.23853632767522,131.1926816383761,39.35780449151283,65.59634081918804,-104.95414531070088,13.11926816383761,52.47707265535044
119.2,105.029579599553,157.5443693993295,78.77218469966475,26.25739489988825,-52.5147897997765,5.251478979977651,210.059159199106,-26.25739489988825,131.28697449944124,39.386092349832374,65.64348724972062,-105.029579599553,13.128697449944125,52.5147897997765
119.30000000000001,105.10655297527745,157.65982946291618,78.82991473145809,26.276638243819363,-52.553276487638726,5.255327648763873,210.2131059505549,-26.276638243819363,131.38319121909683,39.414957365729045,65.69159560954841,-105.10655297527745,13.138319121909682,52.553276487638726
119.4,105.18495028158817,157.77742542238227,78.88871271119113,26.296237570397043,-52.592475140794086,5.259247514079409,210.36990056317634,-26.296237570397043,131.48118785198523,39.444356355595566,65.74059392599261,-105.18495028158817,13.148118785198522,52.592475140794086
119.5,105.2646438434332,157.89696576514982,78.94848288257491,26.3161609608583,-52.6323219217166,5.26323219217166,210.5292876868664,-26.3161609608583,131.58080480429152,39.474241441287454,65.79040240214576,-105.2646438434332,13.15808048042915,52.6323219217166
119.60000000000001,105.34550302308675,158.01825453463013,79.00912726731507,26.336375755771687,-52.672751511543375,5.267275151154338,210.6910060461735,-26.336375755771687,131.68187877885845,39.50456363365753,65.84093938942922,-105.34550302308675,13.168187877885844,52.672751511543375
119.7,105.42738964876503,158.14108447314754,79.07054223657377,26.356847412191257,-52.713694824382515,5.271369482438252,210.85477929753006,-26.356847412191257,131.7842370609563,39.535271118286886,65.89211853047814,-105.42738964876503,13.178423706095629,52.713694824382515
119.80000000000001,105.51011197122338,158.26516795683506,79.13258397841753,26.377527992805845,-52.75505598561169,5.275505598561169,211.02022394244676,-26.377527992805845,131.88763996402923,39.566291989208764,65.94381998201462,-105.51011197122338,13.188763996402923,52.75505598561169
119.9,105.5935231343298,158.3902847014947,79.19514235074735,26.39838078358245,-52.7967615671649,5.279676156716491,211.1870462686596,-26.39838078358245,131.99190391791225,39.59757117537367,65.99595195895613,-105.5935231343298,13.199190391791225,52.7967615671649
120.0,105.67749778995234,158.51624668492852,79.25812334246426,26.419374447488085,-52.83874889497617,5.283874889497618,211.35499557990468,-26.419374447488085,132.09687223744044,39.62906167123213,66.04843611872022,-105.67749778995234,13.209687223744043,52.83874889497617
120.10000000000001,105.76190851286002,158.64286276929002,79.32143138464501,26.440477128215004,-52.88095425643001,5.288095425643001,211.52381702572004,-26.440477128215004,132.202385641075,39.660715692322505,66.1011928205375,-105.76190851286002,13.220238564107502,52.88095425643001
120.2,105.84666693702226,158.77000040553338,79.38500020276669,26.461666734255566,-52.92333346851113,5.292333346851113,211.69333387404453,-26.461666734255566,132.30833367127784,39.692500101383345,66.15416683563892,-105.84666693702226,13.230833367127783,52.92333346851113
120.30000000000001,105.9316850143438,158.8975275215157,79.44876376075786,26.48292125358595,-52.9658425071719,5.29658425071719,211.8633700286876,-26.48292125358595,132.41460626792974,39.72438188037893,66.20730313396487,-105.9316850143438,13.241460626792975,52.9658425071719
120.4,106.01687457952885,159.02531186929326,79.51265593464663,26.50421864488221,-53.00843728976442,5.300843728976442,212.0337491590577,-26.50421864488221,132.52109322441106,39.756327967323315,66.26054661220553,-106.01687457952885,13.252109322441106,53.00843728976442
120.5,106.10215822961669,159.15323734442504,79.57661867221252,26.525539557404173,-53.051079114808346,5.305107911480835,212.20431645923338,-26.525539557404173,132.62769778702085,39.78830933610626,66.31384889351042,-106.10215822961669,13.262769778702086,53.051079114808346
120.60000000000001,106.1873990729044,159.2810986093566,79.6405493046783,26.5468497682261,-53.0936995364522,5.30936995364522,212.3747981458088,-26.5468497682261,132.7342488411305,39.82027465233915,66.36712442056525,-106.1873990729044,13.27342488411305,53.0936995364522
120.7,106.27244361069523,159.40866541604285,79.70433270802143,26.56811090267381,-53.13622180534762,5.313622180534762,212.54488722139047,-26.56811090267381,132.84055451336906,39.85216635401071,66.42027725668453,-106.27244361069523,13.284055451336904,53.13622180534762
120.80000000000001,106.35713705712206,159.5357055856831,79.76785279284155,26.589284264280515,-53.17856852856103,5.317856852856103,212.71427411424412,-26.589284264280515,132.94642132140257,39.883926396420776,66.47321066070128,-106.35713705712206,13.294642132140257,53.17856852856103
120.9,106.44137422806314,159.66206134209472,79.83103067104736,26.610343557015785,-53.22068711403157,5.3220687114031575,212.88274845612628,-26.610343557015785,133.05171778507892,39.91551533552368,66.52585889253946,-106.44137422806314,13.305171778507892,53.22068711403157
121.0,106.5250368156753,159.78755522351295,79.89377761175648,26.631259203918827,-53.26251840783765,5.326251840783765,213.0500736313506,-26.631259203918827,133.15629601959412,39.94688880587824,66.57814800979706,-106.5250368156753,13.315629601959413,53.26251840783765
121.10000000000001,106.60795747696295,159.91193621544443,79.95596810772221,26.651989369240738,-53.303978738481476,5.330397873848148,213.2159149539259,-26.651989369240738,133.2599468462037,39.97798405386111,66.62997342310184,-106.60795747696295,13.325994684620369,53.303978738481476
121.2,106.68996531252716,160.03494796879073,80.01747398439537,26.67249132813179,-53.34498265626358,5.334498265626358,213.37993062505433,-26.67249132813179,133.36245664065896,40.00873699219768,66.68122832032948,-106.68996531252716,13.336245664065896,53.34498265626358
121.30000000000001,106.77092540956657,160.15638811434985,80.07819405717493,26.692731352391643,-53.385462704783286,5.338546270478329,213.54185081913315,-26.692731352391643,133.46365676195822,40.03909702858746,66.73182838097911,-106.77092540956657,13.346365676195822,53.385462704783286
121.4,106.85070034253579,160.27605051380368,80.13802525690184,26.712675085633947,-53.425350171267894,5.34253501712679,213.70140068507158,-26.712675085633947,133.56337542816973,40.06901262845092,66.78168771408487,-106.85070034253579,13.356337542816973,53.425350171267894
121.5,106.92913894990991,160.39370842486488,80.19685421243244,26.732284737477478,-53.464569474954956,5.346456947495496,213.85827789981983,-26.732284737477478,133.66142368738738,40.09842710621622,66.83071184369369,-106.92913894990991,13.366142368738739,53.464569474954956
121.60000000000001,107.00605099945516,160.50907649918273,80.25453824959136,26.75151274986379,-53.50302549972758,5.350302549972758,214.0121019989103,-26.75151274986379,133.75756374931893,40.12726912479568,66.87878187465947,-107.00605099945516,13.375756374931894,53.50302549972758
121.7,107.08128768219817,160.62193152329723,80.31096576164862,26.77032192054954,-53.54064384109908,5.3540643841099085,214.16257536439633,-26.77032192054954,133.85160960274771,40.15548288082431,66.92580480137386,-107.08128768219817,13.38516096027477,53.54064384109908
121.80000000000001,107.15484621300382,160.73226931950575,80.36613465975287,26.788711553250955,-53.57742310650191,5.357742310650192,214.30969242600764,-26.788711553250955,133.94355776625477,40.18306732987644,66.97177888312739,-107.15484621300382,13.394355776625478,53.57742310650191
121.9,107.2267897756651,160.84018466349764,80.42009233174882,26.806697443916274,-53.61339488783255,5.361339488783255,214.4535795513302,-26.806697443916274,134.03348721958136,40.21004616587441,67.01674360979068,-107.2267897756651,13.403348721958137,53.61339488783255
122.0,107.2972090949314,160.9458136423971,80.47290682119855,26.82430227373285,-53.6486045474657,5.36486045474657,214.5944181898628,-26.82430227373285,134.12151136866424,40.236453410599275,67.06075568433212,-107.2972090949314,13.412151136866425,53.6486045474657
122.10000000000001,107.36620907594653,161.0493136139198,80.5246568069599,26.841552268986632,-53.683104537973264,5.368310453797327,214.73241815189306,-26.841552268986632,134.20776134493315,40.26232840347995,67.10388067246657,-107.36620907594653,13.420776134493316,53.683104537973264
122.2,107.43392006855473,161.1508801028321,80.57544005141605,26.85848001713868,-53.71696003427736,5.371696003427736,214.86784013710945,-26.85848001713868,134.2924000856934,40.287720025708026,67.1462000428467,-107.43392006855473,13.42924000856934,53.71696003427736
122.30000000000001,107.50052863154937,161.25079294732404,80.62539647366202,26.875132157887343,-53.750264315774686,5.375026431577469,215.00105726309874,-26.875132157887343,134.37566078943672,40.31269823683101,67.18783039471836,-107.50052863154937,13.437566078943671,53.750264315774686
122.4,107.56624370711543,161.34936556067316,80.67468278033658,26.89156092677886,-53.78312185355772,5.378312185355772,215.13248741423087,-26.89156092677886,134.45780463389428,40.33734139016829,67.22890231694714,-107.56624370711543,13.44578046338943,53.78312185355772
122.5,107.63124127664568,161.4468619149685,80.72343095748425,26.90781031916142,-53.81562063832284,5.381562063832284,215.26248255329136,-26.90781031916142,134.5390515958071,40.36171547874213,67.26952579790355,-107.63124127664568,13.45390515958071,53.81562063832284
122.60000000000001,107.69564750744811,161.54347126117216,80.77173563058608,26.92391187686203,-53.84782375372406,5.3847823753724064,215.39129501489623,-26.92391187686203,134.61955938431015,40.38586781529304,67.30977969215508,-107.69564750744811,13.461955938431014,53.84782375372406
122.7,107.75953068533805,161.63929602800707,80.81964801400353,26.939882671334512,-53.879765342669025,5.387976534266903,215.5190613706761,-26.939882671334512,134.69941335667255,40.40982400700177,67.34970667833628,-107.75953068533805,13.469941335667256,53.879765342669025
122.80000000000001,107.82294170124847,161.7344125518727,80.86720627593635,26.955735425312117,-53.911470850624234,5.391147085062424,215.64588340249693,-26.955735425312117,134.77867712656058,40.43360313796818,67.38933856328029,-107.82294170124847,13.477867712656058,53.911470850624234
122.9,107.88591536142414,161.8288730421362,80.9144365210681,26.971478840356035,-53.94295768071207,5.394295768071207,215.77183072284828,-26.971478840356035,134.85739420178018,40.45721826053405,67.42869710089009,-107.88591536142414,13.485739420178017,53.94295768071207
123.0,107.94850475770748,161.92275713656122,80.96137856828061,26.98712618942687,-53.97425237885374,5.397425237885375,215.89700951541496,-26.98712618942687,134.93563094713434,40.480689284140304,67.46781547356717,-107.94850475770748,13.493563094713435,53.97425237885374
123.10000000000001,108.01077939813885,162.01616909720826,81.00808454860413,27.002694849534713,-54.005389699069426,5.400538969906943,216.0215587962777,-27.002694849534713,135.01347424767357,40.504042274302066,67.50673712383679,-108.01077939813885,13.501347424767356,54.005389699069426
123.2,108.07271382655634,162.10907073983452,81.05453536991726,27.018178456639085,-54.03635691327817,5.403635691327818,216.14542765311268,-27.018178456639085,135.09089228319542,40.52726768495863,67.54544614159771,-108.07271382655634,13.509089228319542,54.03635691327817
123.30000000000001,108.13423308880135,162.20134963320203,81.10067481660101,27.033558272200338,-54.067116544400676,5.406711654440068,216.2684661776027,-27.033558272200338,135.1677913610017,40.55033740830051,67.58389568050085,-108.13423308880135,13.516779136100169,54.067116544400676
123.4,108.19529820305948,162.29294730458923,81.14647365229462,27.04882455076487,-54.09764910152974,5.409764910152974,216.39059640611896,-27.04882455076487,135.24412275382434,40.57323682614731,67.62206137691217,-108.19529820305948,13.524412275382435,54.09764910152974
123.5,108.25588478034942,162.3838271705241,81.19191358526206,27.063971195087355,-54.12794239017471,5.4127942390174715,216.51176956069884,-27.063971195087355,135.31985597543678,40.59595679263103,67.65992798771839,-108.25588478034942,13.531985597543677,54.12794239017471
123.60000000000001,108.31600094854947,162.47400142282422,81.23700071141211,27.079000237137368,-54.158000474274736,5.415800047427474,216.63200189709895,-27.079000237137368,135.39500118568685,40.618500355706054,67.69750059284343,-108.31600094854947,13.539500118568684,54.158000474274736
123.7,108.37575610121907,162.5636341518286,81.2818170759143,27.093939025304767,-54.187878050609534,5.418787805060954,216.75151220243814,-27.093939025304767,135.46969512652385,40.64090853795715,67.73484756326192,-108.37575610121907,13.546969512652383,54.187878050609534
123.80000000000001,108.4353379509005,162.65300692635077,81.32650346317538,27.108834487725126,-54.21766897545025,5.421766897545026,216.870675901801,-27.108834487725126,135.54417243862562,40.66325173158769,67.77208621931281,-108.4353379509005,13.554417243862563,54.21766897545025
123.9,108.4948693576689,162.74230403650336,81.37115201825168,27.123717339417226,-54.24743467883445,5.424743467883445,216.9897387153378,-27.123717339417226,135.61858669708613,40.68557600912584,67.80929334854306,-108.4948693576689,13.561858669708613,54.24743467883445
124.0,108.55437561301993,162.83156341952989,81.41578170976494,27.138593903254982,-54.277187806509964,5.427718780650997,217.10875122603986,-27.138593903254982,135.6929695162749,40.70789085488247,67.84648475813745,-108.55437561301993,13.569296951627491,54.277187806509964
124.10000000000001,108.6137882708606,162.9206824062909,81.46034120314545,27.15344706771515,-54.3068941354303,5.43068941354303,217.2275765417212,-27.15344706771515,135.76723533857574,40.73017060157272,67.88361766928787,-108.6137882708606,13.576723533857574,54.3068941354303
124.2,108.67302557977158,163.00953836965738,81.50476918482869,27.168256394942894,-54.33651278988579,5.433651278988579,217.34605115954315,-27.168256394942894,135.84128197471446,40.752384592414344,67.92064098735723,-108.67302557977158,13.584128197471447,54.33651278988579
124.30000000000001,108.73204761059448,163.09807141589172,81.54903570794586,27.18301190264862,-54.36602380529724,5.436602380529724,217.46409522118896,-27.18301190264862,135.9150595132431,40.77451785397293,67.95752975662155,-108.73204761059448,13.59150595132431,54.36602380529724
124.4,108.79080763045562,163.18621144568343,81.59310572284171,27.197701907613904,-54.39540381522781,5.439540381522781,217.58161526091124,-27.197701907613904,135.98850953806954,40.79655286142086,67.99425476903477,-108.79080763045562,13.598850953806952,54.39540381522781
124.5,108.84932669761562,163.27399004642342,81.63699502321171,27.212331674403906,-54.42466334880781,5.442466334880781,217.69865339523125,-27.212331674403906,136.06165837201954,40.818497511605855,68.03082918600977,-108.84932669761562,13.606165837201953,54.42466334880781
124.60000000000001,108.90770526251532,163.36155789377298,81.68077894688649,27.22692631562883,-54.45385263125766,5.445385263125766,217.81541052503064,-27.22692631562883,136.13463157814414,40.840389473443246,68.06731578907207,-108.90770526251532,13.613463157814415,54.45385263125766
124.7,108.96602263018309,163.44903394527464,81.72451697263732,27.241505657545773,-54.483011315091545,5.4483011315091545,217.93204526036618,-27.241505657545773,136.20752828772885,40.86225848631866,68.10376414386442,-108.96602263018309,13.620752828772886,54.483011315091545
124.80000000000001,109.02426059999009,163.53639089998512,81.76819544999256,27.25606514999752,-54.51213029999504,5.451213029999504,218.04852119998017,-27.25606514999752,136.2803257499876,40.88409772499628,68.1401628749938,-109.02426059999009,13.62803257499876,54.51213029999504
124.9,109.08239706644842,163.62359559967263,81.81179779983631,27.270599266612106,-54.54119853322421,5.454119853322421,218.16479413289684,-27.270599266612106,136.35299633306053,40.90589889991816,68.17649816653027,-109.08239706644842,13.635299633306053,54.54119853322421
125.0,109.14040618487212,163.71060927730818,81.85530463865409,27.28510154621803,-54.57020309243606,5.457020309243607,218.28081236974424,-27.28510154621803,136.42550773109014,40.927652319327045,68.21275386554507,-109.14040618487212,13.642550773109015,54.57020309243606
125.10000000000001,109.1983092374295,163.79746385614425,81.89873192807212,27.299577309357375,-54.59915461871475,5.459915461871475,218.396618474859,-27.299577309357375,136.49788654678687,40.94936596403606,68.24894327339344,-109.1983092374295,13.649788654678687,54.59915461871475
125.2,109.25611866744106,163.8841780011616,81.9420890005808,27.314029666860264,-54.62805933372053,5.462805933372053,218.51223733488212,-27.314029666860264,136.57014833430134,40.9710445002904,68.28507416715067,-109.25611866744106,13.657014833430132,54.62805933372053
125.30000000000001,109.3138253742872,163.9707380614308,81.9853690307154,27.3284563435718,-54.6569126871436,5.465691268714361,218.6276507485744,-27.3284563435718,136.64228171785902,40.9926845153577,68.32114085892951,-109.3138253742872,13.6642281717859,54.6569126871436
125.4,109.37139574742707,164.0570936211406,82.0285468105703,27.342848936856768,-54.685697873713536,5.468569787371354,218.74279149485415,-27.342848936856768,136.71424468428384,41.01427340528515,68.35712234214192,-109.37139574742707,13.671424468428384,54.685697873713536
125.5,109.42880194515166,164.14320291772748,82.07160145886374,27.357200486287915,-54.71440097257583,5.471440097257584,218.85760389030332,-27.357200486287915,136.78600243143958,41.03580072943187,68.39300121571979,-109.42880194515166,13.678600243143958,54.71440097257583
125.60000000000001,109.48601134123675,164.22901701185512,82.11450850592756,27.371502835309187,-54.74300567061837,5.474300567061838,218.9720226824735,-27.371502835309187,136.85751417654592,41.05725425296378,68.42875708827296,-109.48601134123675,13.685751417654593,54.74300567061837
125.7,109.54303357054191,164.31455035581286,82.15727517790643,27.385758392635477,-54.771516785270954,5.477151678527096,219.08606714108382,-27.385758392635477,136.9287919631774,41.078637588953214,68.4643959815887,-109.54303357054191,13.692879196317739,54.771516785270954
125.80000000000001,109.59987352685012,164.39981029027518,82.19990514513759,27.39996838171253,-54.79993676342506,5.479993676342506,219.19974705370024,-27.39996838171253,136.99984190856264,41.099952572568796,68.49992095428132,-109.59987352685012,13.699984190856265,54.79993676342506
125.9,109.6565239910122,164.4847859865183,82.24239299325914,27.41413099775305,-54.8282619955061,5.48282619955061,219.3130479820244,-27.41413099775305,137.07065498876523,41.12119649662957,68.53532749438261,-109.6565239910122,13.707065498876524,54.8282619955061
126.0,109.71300579869379,164.5695086980407,82.28475434902035,27.428251449673446,-54.85650289934689,5.485650289934689,219.42601159738757,-27.428251449673446,137.14125724836722,41.14237717451017,68.57062862418361,-109.71300579869379,13.714125724836723,54.85650289934689
126.10000000000001,109.76929322729623,164.65393984094436,82.32696992047218,27.442323306824058,-54.884646613648115,5.488464661364812,219.53858645459246,-27.442323306824058,137.21161653412028,41.16348496023609,68.60580826706014,-109.76929322729623,13.721161653412029,54.884646613648115
126.2,109.82530077727647,164.7379511659147,82.36897558295735,27.456325194319117,-54.912650388638234,5.4912650388638236,219.65060155455294,-27.456325194319117,137.2816259715956,41.184487791478674,68.6408129857978,-109.82530077727647,13.728162597159558,54.912650388638234
126.30000000000001,109.88093697154807,164.8214054573221,82.41070272866105,27.470234242887017,-54.94046848577403,5.494046848577404,219.76187394309613,-27.470234242887017,137.35117121443508,41.205351364330525,68.67558560721754,-109.88093697154807,13.735117121443508,54.94046848577403
126.4,109.93613995981596,164.90420993972396,82.45210496986198,27.48403498995399,-54.96806997990798,5.496806997990799,219.87227991963192,-27.48403498995399,137.42017494976994,41.22605248493099,68.71008747488497,-109.93613995981596,13.742017494976995,54.96806997990798
126.5,109.99090983196837,164.98636474795256,82.49318237397628,27.49772745799209,-54.99545491598418,5.499545491598418,219.98181966393673,-27.49772745799209,137.48863728996045,41.24659118698814,68.74431864498023,-109.99090983196837,13.748863728996046,54.99545491598418
126.60000000000001,110.04522014705069,165.067830220576,82.533915110288,27.51130503676267,-55.02261007352534,5.502261007352534,220.09044029410137,-27.51130503676267,137.55652518381336,41.266957555144,68.77826259190668,-110.04522014705069,13.755652518381336,55.02261007352534
126.7,110.09909032090495,165.14863548135742,82.57431774067871,27.524772580226237,-55.049545160452475,5.504954516045248,220.1981806418099,-27.524772580226237,137.6238629011312,41.287158870339354,68.8119314505656,-110.09909032090495,13.762386290113119,55.049545160452475
126.80000000000001,110.15253866339349,165.22880799509022,82.61440399754511,27.53813466584837,-55.07626933169674,5.507626933169675,220.30507732678697,-27.53813466584837,137.69067332924186,41.307201998772555,68.84533666462093,-110.15253866339349,13.769067332924186,55.07626933169674
126.9,110.20563478287805,165.30845217431707,82.65422608715853,27.551408695719513,-55.102817391439025,5.5102817391439025,220.4112695657561,-27.551408695719513,137.75704347859755,41.32711304357927,68.87852173929878,-110.20563478287805,13.775704347859756,55.102817391439025
127.0,110.25836999511871,165.38755499267808,82.69377749633904,27.564592498779678,-55.129184997559356,5.512918499755936,220.51673999023743,-27.564592498779678,137.8229624938984,41.34688874816952,68.9114812469492,-110.25836999511871,13.782296249389839,55.129184997559356
127.10000000000001,110.31063257388999,165.465948860835,82.7329744304175,27.577658143472497,-55.155316286944995,5.5155316286945,220.62126514777998,-27.577658143472497,137.88829071736248,41.36648721520875,68.94414535868124,-110.31063257388999,13.788829071736249,55.155316286944995
127.2,110.36227225669765,165.54340838504646,82.77170419252323,27.590568064174413,-55.181136128348825,5.518113612834883,220.7245445133953,-27.590568064174413,137.95284032087207,41.385852096261615,68.97642016043604,-110.36227225669765,13.795284032087206,55.181136128348825
127.30000000000001,110.41303605779252,165.6195540866888,82.8097770433444,27.60325901444813,-55.20651802889626,5.520651802889627,220.82607211558505,-27.60325901444813,138.01629507224067,41.4048885216722,69.00814753612033,-110.41303605779252,13.801629507224066,55.20651802889626
127.4,110.46264817644145,165.69397226466216,82.84698613233108,27.615662044110362,-55.231324088220724,5.523132408822073,220.9252963528829,-27.615662044110362,138.0783102205518,41.42349306616554,69.0391551102759,-110.46264817644145,13.807831022055181,55.231324088220724
127.5,110.51081170897992,165.76621756346987,82.88310878173493,27.62770292724498,-55.25540585448996,5.525540585448996,221.02162341795983,-27.62770292724498,138.1385146362249,41.441554390867466,69.06925731811245,-110.51081170897992,13.81385146362249,55.25540585448996
127.60000000000001,110.55716221432026,165.83574332148038,82.91787166074019,27.639290553580064,-55.27858110716013,5.527858110716013,221.11432442864051,-27.639290553580064,138.19645276790033,41.458935830370095,69.09822638395016,-110.55716221432026,13.819645276790032,55.27858110716013
127.7,110.60138591079561,165.90207886619342,82.95103943309671,27.650346477698903,-55.30069295539781,5.530069295539781,221.20277182159123,-27.650346477698903,138.25173238849453,41.475519716548355,69.12586619424727,-110.60138591079561,13.825173238849452,55.30069295539781
127.80000000000001,110.64321511944559,165.96482267916838,82.98241133958419,27.660803779861396,-55.32160755972279,5.53216075597228,221.28643023889117,-27.660803779861396,138.30401889930698,41.491205669792095,69.15200944965349,-110.64321511944559,13.830401889930698,55.32160755972279
127.9,110.68245715087217,166.02368572630826,83.01184286315413,27.670614287718042,-55.341228575436084,5.5341228575436086,221.36491430174434,-27.670614287718042,138.3530714385902,41.505921431577065,69.1765357192951,-110.68245715087217,13.835307143859021,55.341228575436084
128.0,110.71898165242561,166.07847247863842,83.03923623931921,27.679745413106403,-55.359490826212806,5.535949082621281,221.43796330485122,-27.679745413106403,138.398727065532,41.519618119659604,69.199363532766,-110.71898165242561,13.839872706553201,55.359490826212806
128.1,110.75268974932499,166.12903462398748,83.06451731199374,27.688172437331247,-55.37634487466249,5.537634487466249,221.50537949864997,-27.688172437331247,138.44086218665623,41.53225865599687,69.22043109332812,-110.75268974932499,13.844086218665623,55.37634487466249
128.20000000000002,110.78364069224457,166.17546103836685,83.08773051918342,27.695910173061144,-55.39182034612229,5.539182034612229,221.56728138448915,-27.695910173061144,138.47955086530573,41.54386525959171,69.23977543265286,-110.78364069224457,13.847955086530572,55.39182034612229
128.3,110.81191787213284,166.21787680819926,83.10893840409963,27.70297946803321,-55.40595893606642,5.540595893606643,221.62383574426568,-27.70297946803321,138.51489734016604,41.554469202049816,69.25744867008302,-110.81191787213284,13.851489734016605,55.40595893606642
128.4,110.83756188278721,166.25634282418082,83.12817141209041,27.709390470696803,-55.41878094139361,5.541878094139361,221.67512376557443,-27.709390470696803,138.54695235348402,41.564085706045205,69.27347617674201,-110.83756188278721,13.854695235348402,55.41878094139361
128.5,110.86058609946542,166.29087914919813,83.14543957459907,27.715146524866356,-55.43029304973271,5.543029304973271,221.72117219893084,-27.715146524866356,138.57573262433178,41.57271978729953,69.28786631216589,-110.86058609946542,13.857573262433178,55.43029304973271
128.6,110.88097021773899,166.3214553266085,83.16072766330424,27.720242554434748,-55.440485108869495,5.54404851088695,221.76194043547798,-27.720242554434748,138.60121277217374,41.58036383165212,69.30060638608687,-110.88097021773899,13.860121277217374,55.440485108869495
128.70000000000002,110.8986663973842,166.3479995960763,83.17399979803815,27.72466659934605,-55.4493331986921,5.544933319869211,221.7973327947684,-27.72466659934605,138.62333299673026,41.58699989901908,69.31166649836513,-110.8986663973842,13.862333299673026,55.4493331986921
128.8,110.91367657827706,166.37051486741558,83.18525743370779,27.728419144569266,-55.45683828913853,5.5456838289138535,221.82735315655412,-27.728419144569266,138.64209572284634,41.592628716853895,69.32104786142317,-110.91367657827706,13.864209572284633,55.45683828913853
128.9,110.92607955831457,166.38911933747187,83.19455966873593,27.731519889578642,-55.463039779157285,5.546303977915729,221.85215911662914,-27.731519889578642,138.6575994478932,41.59727983436797,69.3287997239466,-110.92607955831457,13.865759944789321,55.463039779157285
129.0,110.93594426742771,166.40391640114157,83.20195820057079,27.73398606685693,-55.46797213371386,5.546797213371386,221.87188853485543,-27.73398606685693,138.66993033428463,41.60097910028539,69.33496516714231,-110.93594426742771,13.866993033428464,55.46797213371386
129.1,110.9433703805718,166.4150555708577,83.20752778542885,27.73584259514295,-55.4716851902859,5.547168519028591,221.8867407611436,-27.73584259514295,138.67921297571476,41.603763892714426,69.33960648785738,-110.9433703805718,13.867921297571476,55.4716851902859
129.20000000000002,110.94855905240524,166.42283857860787,83.21141928930393,27.73713976310131,-55.47427952620262,5.547427952620263,221.8971181048105,-27.73713976310131,138.68569881550656,41.60570964465197,69.34284940775328,-110.94855905240524,13.868569881550656,55.47427952620262
129.3,110.95166613434061,166.42749920151093,83.21374960075546,27.737916533585153,-55.475833067170306,5.547583306717031,221.90333226868123,-27.737916533585153,138.68958266792578,41.60687480037773,69.34479133396289,-110.95166613434061,13.868958266792577,55.475833067170306
129.4,110.95282805197895,166.42924207796844,83.21462103898422,27.73820701299474,-55.47641402598948,5.5476414025989484,221.9056561039579,-27.73820701299474,138.6910350649737,41.60731051949211,69.34551753248685,-110.95282805197895,13.86910350649737,55.47641402598948
129.5,110.9522492879758,166.4283739319637,83.21418696598185,27.73806232199395,-55.4761246439879,5.5476124643987905,221.9044985759516,-27.73806232199395,138.69031160996974,41.607093482990926,69.34515580498487,-110.9522492879758,13.869031160996975,55.4761246439879
129.6,110.950237453683,166.4253561805245,83.21267809026224,27.73755936342075,-55.4751187268415,5.547511872684151,221.900474907366,-27.73755936342075,138.68779681710376,41.60633904513112,69.34389840855188,-110.950237453683,13.868779681710375,55.4751187268415
129.70000000000002,110.9471455160005,166.42071827400076,83.21035913700038,27.736786379000126,-55.47357275800025,5.547357275800025,221.894291032001,-27.736786379000126,138.68393189500063,41.60517956850019,69.34196594750031,-110.9471455160005,13.868393189500063,55.47357275800025
129.8,110.94335226550808,166.4150283982621,83.20751419913105,27.73583806637702,-55.47167613275404,5.547167613275405,221.88670453101616,-27.73583806637702,138.6791903318851,41.60375709956553,69.33959516594255,-110.94335226550808,13.86791903318851,55.47167613275404
129.9,110.9392099179613,166.40881487694196,83.20440743847098,27.734802479490327,-55.46960495898065,5.546960495898066,221.8784198359226,-27.734802479490327,138.67401239745163,41.60220371923549,69.33700619872582,-110.9392099179613,13.867401239745163,55.46960495898065
130.0,110.93502143946559,166.4025321591984,83.2012660795992,27.733755359866397,-55.46751071973279,5.546751071973279,221.87004287893117,-27.733755359866397,138.668776799332,41.6006330397996,69.334388399666,-110.93502143946559,13.866877679933198,55.46751071973279
130.1,110.9310550000043,166.39658250000645,83.19829125000322,27.732763750001077,-55.46552750000215,5.546552750000216,221.8621100000086,-27.732763750001077,138.6638187500054,41.59914562500161,69.3319093750027,-110.9310550000043,13.866381875000538,55.46552750000215
130.20000000000002,110.92756686305529,166.39135029458294,83.19567514729147,27.731891715763823,-55.463783431527645,5.546378343152765,221.85513372611058,-27.731891715763823,138.6594585788191,41.597837573645734,69.32972928940956,-110.92756686305529,13.865945857881911,55.463783431527645
130.3,110.92472512514416,166.38708768771625,83.19354384385812,27.73118128128604,-55.46236256257208,5.546236256257209,221.84945025028833,-27.73118128128604,138.6559064064302,41.59677192192906,69.3279532032151,-110.92472512514416,13.86559064064302,55.46236256257208
130.4,110.92262483957423,166.38393725936135,83.19196862968067,27.730656209893557,-55.46131241978711,5.546131241978712,221.84524967914845,-27.730656209893557,138.65328104946778,41.59598431484034,69.32664052473389,-110.92262483957423,13.865328104946778,55.46131241978711
130.5,110.92125628851753,166.3818844327763,83.19094221638815,27.73031407212938,-55.46062814425876,5.546062814425877,221.84251257703505,-27.73031407212938,138.6515703606469,41.595471108194076,69.32578518032345,-110.92125628851753,13.86515703606469,55.46062814425876
130.6,110.92053806600265,166.38080709900396,83.19040354950198,27.730134516500662,-55.460269033001325,5.546026903300133,221.8410761320053,-27.730134516500662,138.65067258250332,41.59520177475099,69.32533629125166,-110.92053806600265,13.865067258250331,55.460269033001325
130.70000000000002,110.92034840302787,166.3805226045418,83.1902613022709,27.73008710075697,-55.46017420151394,5.546017420151394,221.84069680605575,-27.73008710075697,138.65043550378485,41.59513065113545,69.32521775189242,-110.92034840302787,13.865043550378484,55.46017420151394
130.8,110.92056651393901,166.38084977090853,83.19042488545426,27.730141628484752,-55.460283256969504,5.546028325696951,221.84113302787802,-27.730141628484752,138.65070814242375,41.59521244272713,69.32535407121188,-110.92056651393901,13.865070814242376,55.460283256969504
130.9,110.9210121208795,166.38151818131925,83.19075909065963,27.730253030219874,-55.46050606043975,5.546050606043975,221.842024241759,-27.730253030219874,138.65126515109938,41.59537954532981,69.32563257554969,-110.9210121208795,13.865126515109937,55.46050606043975
131.0,110.92149932152495,166.38224898228742,83.19112449114371,27.730374830381237,-55.460749660762474,5.546074966076247,221.8429986430499,-27.730374830381237,138.65187415190618,41.595562245571855,69.32593707595309,-110.92149932152495,13.865187415190618,55.460749660762474
131.1,110.92188541537796,166.38282812306693,83.19141406153346,27.73047135384449,-55.46094270768898,5.546094270768898,221.84377083075591,-27.73047135384449,138.65235676922245,41.59570703076673,69.32617838461123,-110.92188541537796,13.865235676922245,55.46094270768898
131.20000000000002,110.92199432585019,166.3829914887753,83.19149574438765,27.730498581462548,-55.460997162925096,5.54609971629251,221.84398865170039,-27.730498581462548,138.65249290731273,41.595747872193826,69.32624645365637,-110.92199432585019,13.865249290731274,55.460997162925096
131.3,110.92161347766468,166.38242021649702,83.19121010824851,27.73040336941617,-55.46080673883234,5.5460806738832344,221.84322695532936,-27.73040336941617,138.65201684708086,41.595605054124256,69.32600842354043,-110.92161347766468,13.865201684708085,55.46080673883234
131.4,110.92056303529228,166.3808445529384,83.1904222764692,27.73014075882307,-55.46028151764614,5.546028151764614,221.84112607058455,-27.73014075882307,138.65070379411534,41.5952111382346,69.32535189705767,-110.92056303529228,13.865070379411534,55.46028151764614
131.5,110.91867903055099,166.37801854582648,83.18900927291324,27.729669757637748,-55.459339515275495,5.54593395152755,221.83735806110198,-27.729669757637748,138.64834878818874,41.59450463645662,69.32417439409437,-110.91867903055099,13.864834878818874,55.459339515275495
131.6,110.91584008057666,166.37376012086497,83.18688006043249,27.728960020144164,-55.45792004028833,5.545792004028833,221.83168016115332,-27.728960020144164,138.64480010072083,41.59344003021624,69.32240005036041,-110.91584008057666,13.864480010072082,55.45792004028833
131.70000000000002,110.91197981603469,166.36796972405205,83.18398486202602,27.727994954008672,-55.455989908017344,5.545598990801735,221.82395963206937,-27.727994954008672,138.63997477004335,41.59199243101301,69.31998738502168,-110.91197981603469,13.863997477004336,55.455989908017344
131.8,110.90703431664434,166.3605514749665,83.18027573748326,27.726758579161086,-55.45351715832217,5.545351715832218,221.81406863328868,-27.726758579161086,138.6337928958054,41.59013786874163,69.3168964479027,-110.90703431664434,13.863379289580543,55.45351715832217
131.9,110.90098283349522,166.35147425024283,83.17573712512142,27.725245708373805,-55.45049141674761,5.545049141674761,221.80196566699044,-27.725245708373805,138.626228541869,41.58786856256071,69.3131142709345,-110.90098283349522,13.862622854186903,55.45049141674761
132.0,110.89385331141067,166.340779967116,83.170389983558,27.723463327852667,-55.44692665570533,5.544692665570533,221.78770662282133,-27.723463327852667,138.61731663926332,41.585194991779,69.30865831963166,-110.89385331141067,13.861731663926333,55.44692665570533
132.1,110.88577261950266,166.328658929254,83.164329464627,27.721443154875665,-55.44288630975133,5.544288630975133,221.77154523900532,-27.721443154875665,138.60721577437832,41.5821647323135,69.30360788718916,-110.88577261950266,13.860721577437833,55.44288630975133
132.20000000000002,110.87692358257794,166.31538537386692,83.15769268693346,27.719230895644486,-55.43846179128897,5.543846179128898,221.7538471651559,-27.719230895644486,138.59615447822245,41.57884634346673,69.29807723911122,-110.87692358257794,13.859615447822243,55.43846179128897
132.3,110.86752208134233,166.3012831220135,83.15064156100675,27.716880520335582,-55.433761040671165,5.543376104067117,221.73504416268466,-27.716880520335582,138.5844026016779,41.575320780503375,69.29220130083895,-110.86752208134233,13.858440260167791,55.433761040671165
132.4,110.85773191673007,166.2865978750951,83.14329893754756,27.71443297918252,-55.42886595836504,5.542886595836504,221.71546383346015,-27.71443297918252,138.57216489591258,41.57164946877378,69.28608244795629,-110.85773191673007,13.85721648959126,55.42886595836504
132.5,110.84769726846216,166.27154590269322,83.13577295134661,27.71192431711554,-55.42384863423108,5.542384863423108,221.6953945369243,-27.71192431711554,138.5596215855777,41.567886475673305,69.27981079278885,-110.84769726846216,13.85596215855777,55.42384863423108
132.6,110.8375974892205,166.25639623383074,83.12819811691537,27.709399372305125,-55.41879874461025,5.541879874461025,221.675194978441,-27.709399372305125,138.54699686152563,41.564099058457685,69.27349843076281,-110.8375974892205,13.854699686152562,55.41879874461025
132.70000000000002,110.82760431088253,166.2414064663238,83.1207032331619,27.706901077720634,-55.41380215544127,5.541380215544127,221.65520862176507,-27.706901077720634,138.53450538860318,41.56035161658095,69.26725269430159,-110.82760431088253,13.853450538860317,55.41380215544127
132.8,110.81786461666927,166.2267969250039,83.11339846250195,27.704466154167317,-55.408932308334634,5.540893230833464,221.63572923333854,-27.704466154167317,138.5223307708366,41.556699231250974,69.2611653854183,-110.81786461666927,13.852233077083659,55.408932308334634
132.9,110.80848278130188,166.2127241719528,83.1063620859764,27.70212069532547,-55.40424139065094,5.540424139065094,221.61696556260375,-27.70212069532547,138.51060347662735,41.5531810429882,69.25530173831368,-110.80848278130188,13.851060347662735,55.40424139065094
133.0,110.7995081711847,166.19926225677705,83.09963112838852,27.699877042796174,-55.39975408559235,5.539975408559235,221.5990163423694,-27.699877042796174,138.49938521398087,41.54981556419426,69.24969260699044,-110.7995081711847,13.849938521398087,55.39975408559235
133.1,110.79100989620846,166.18651484431268,83.09325742215634,27.697752474052116,-55.39550494810423,5.539550494810424,221.58201979241693,-27.697752474052116,138.4887623702606,41.54662871107817,69.2443811851303,-110.79100989620846,13.848876237026058,55.39550494810423
133.20000000000002,110.78306776887884,166.17460165331826,83.08730082665913,27.69576694221971,-55.39153388443942,5.539153388443943,221.56613553775767,-27.69576694221971,138.47883471109856,41.543650413329566,69.23941735554928,-110.78306776887884,13.847883471109855,55.39153388443942
133.3,110.77578989400784,166.16368484101176,83.08184242050588,27.69394747350196,-55.38789494700392,5.538789494700392,221.5515797880157,-27.69394747350196,138.4697373675098,41.54092121025294,69.2348686837549,-110.77578989400784,13.84697373675098,55.38789494700392
133.4,110.76926375538807,166.1538956330821,83.07694781654105,27.692315938847017,-55.384631877694034,5.538463187769404,221.53852751077613,-27.692315938847017,138.46157969423507,41.538473908270525,69.23078984711753,-110.76926375538807,13.846157969423508,55.384631877694034
133.5,110.76354176971249,166.14531265456873,83.07265632728436,27.690885442428122,-55.381770884856245,5.538177088485625,221.52708353942498,-27.690885442428122,138.45442721214062,41.53632816364218,69.22721360607031,-110.76354176971249,13.845442721214061,55.381770884856245
133.6,110.75857578141121,166.13786367211682,83.06893183605841,27.689643945352802,-55.379287890705605,5.537928789070561,221.51715156282242,-27.689643945352802,138.44821972676402,41.534465918029206,69.22410986338201,-110.75857578141121,13.844821972676401,55.379287890705605
133.70000000000002,110.75427519388803,166.13141279083206,83.06570639541603,27.68856879847201,-55.37713759694402,5.537713759694402,221.50855038777607,-27.68856879847201,138.44284399236005,41.532853197708015,69.22142199618003,-110.75427519388803,13.844284399236004,55.37713759694402
133.8,110.7505573004182,166.12583595062728,83.06291797531364,27.68763932510455,-55.3752786502091,5.53752786502091,221.5011146008364,-27.68763932510455,138.43819662552275,41.53145898765682,69.21909831276137,-110.7505573004182,13.843819662552274,55.3752786502091
133.9,110.74740850196712,166.12111275295067,83.06055637647533,27.68685212549178,-55.37370425098356,5.537370425098356,221.49481700393423,-27.68685212549178,138.43426062745888,41.530278188237666,69.21713031372944,-110.74740850196712,13.84342606274589,55.37370425098356
134.0,110.7448321449541,166.11724821743115,83.05862410871558,27.686208036238526,-55.37241607247705,5.537241607247705,221.4896642899082,-27.686208036238526,138.43104018119263,41.52931205435779,69.21552009059631,-110.7448321449541,13.843104018119263,55.37241607247705
134.1,110.7427854022656,166.1141781033984,83.0570890516992,27.6856963505664,-55.3713927011328,5.53713927011328,221.4855708045312,-27.6856963505664,138.428481752832,41.5285445258496,69.214240876416,-110.7427854022656,13.8428481752832,55.3713927011328
134.20000000000002,110.7412054480923,166.11180817213847,83.05590408606923,27.685301362023075,-55.37060272404615,5.537060272404616,221.4824108961846,-27.685301362023075,138.42650681011537,41.52795204303462,69.21325340505769,-110.7412054480923,13.842650681011538,55.37060272404615
134.3,110.73998572302645,166.10997858453968,83.05498929226984,27.684996430756613,-55.369992861513225,5.536999286151323,221.4799714460529,-27.684996430756613,138.42498215378305,41.52749464613492,69.21249107689152,-110.73998572302645,13.842498215378306,55.369992861513225
134.4,110.73905875126532,166.10858812689798,83.05429406344899,27.68476468781633,-55.36952937563266,5.5369529375632665,221.47811750253064,-27.68476468781633,138.42382343908164,41.527147031724496,69.21191171954082,-110.73905875126532,13.842382343908165,55.36952937563266
134.5,110.7383722954684,166.1075584432026,83.0537792216013,27.6845930738671,-55.3691861477342,5.53691861477342,221.4767445909368,-27.6845930738671,138.4229653693355,41.52688961080065,69.21148268466774,-110.7383722954684,13.84229653693355,55.3691861477342
134.6,110.73784038301058,166.10676057451587,83.05338028725794,27.684460095752645,-55.36892019150529,5.536892019150529,221.47568076602116,-27.684460095752645,138.42230047876322,41.52669014362897,69.21115023938161,-110.73784038301058,13.842230047876322,55.36892019150529
134.70000000000002,110.73745666477808,166.10618499716713,83.05309249858357,27.68436416619452,-55.36872833238904,5.536872833238904,221.47491332955616,-27.68436416619452,138.4218208309726,41.52654624929178,69.2109104154863,-110.73745666477808,13.84218208309726,55.36872833238904
134.8,110.73720733165564,166.10581099748345,83.05290549874172,27.68430183291391,-55.36860366582782,5.536860366582783,221.47441466331128,-27.68430183291391,138.42150916456956,41.52645274937086,69.21075458228478,-110.73720733165564,13.842150916456955,55.36860366582782
134.9,110.73705127959832,166.1055769193975,83.05278845969875,27.68426281989958,-55.36852563979916,5.536852563979917,221.47410255919664,-27.68426281989958,138.4213140994979,41.52639422984937,69.21065704974895,-110.73705127959832,13.84213140994979,55.36852563979916
135.0,110.73694015730429,166.10541023595644,83.05270511797822,27.684235039326072,-55.368470078652145,5.536847007865215,221.47388031460858,-27.684235039326072,138.42117519663037,41.52635255898911,69.21058759831519,-110.73694015730429,13.842117519663036,55.368470078652145
135.1,110.73677890623941,166.1051683593591,83.05258417967956,27.684194726559852,-55.368389453119704,5.53683894531197,221.47355781247882,-27.684194726559852,138.42097363279925,41.52629208983978,69.21048681639962,-110.73677890623941,13.842097363279926,55.368389453119704
135.20000000000002,110.7365158671551,166.10477380073266,83.05238690036633,27.684128966788776,-55.36825793357755,5.536825793357756,221.4730317343102,-27.684128966788776,138.42064483394387,41.526193450183165,69.21032241697193,-110.7365158671551,13.842064483394388,55.36825793357755
135.3,110.73614147527856,166.10421221291784,83.05210610645892,27.68403536881964,-55.36807073763928,5.536807073763928,221.47228295055712,-27.68403536881964,138.4201768440982,41.52605305322946,69.2100884220491,-110.73614147527856,13.84201768440982,55.36807073763928
135.4,110.73564582885253,166.1034687432788,83.0517343716394,27.68391145721313,-55.36782291442626,5.536782291442627,221.47129165770505,-27.68391145721313,138.41955728606567,41.5258671858197,69.20977864303283,-110.73564582885253,13.841955728606566,55.36782291442626
135.5,110.73497092979235,166.10245639468855,83.05122819734427,27.68374273244809,-55.36748546489618,5.536748546489618,221.4699418595847,-27.68374273244809,138.41871366224044,41.525614098672136,69.20935683112022,-110.73497092979235,13.841871366224044,55.36748546489618
135.6,110.73400866452279,166.1010129967842,83.0505064983921,27.683502166130697,-55.367004332261395,5.53670043322614,221.46801732904558,-27.683502166130697,138.4175108306535,41.52525324919605,69.20875541532675,-110.73400866452279,13.841751083065349,55.367004332261395
135.70000000000002,110.73260801982069,166.09891202973103,83.04945601486551,27.683152004955172,-55.366304009910344,5.536630400991035,221.46521603964138,-27.683152004955172,138.41576002477586,41.524728007432756,69.20788001238793,-110.73260801982069,13.841576002477586,55.366304009910344
135.8,110.73065167610923,166.09597751416385,83.04798875708192,27.682662919027308,-55.365325838054616,5.536532583805462,221.46130335221847,-27.682662919027308,138.41331459513654,41.52399437854096,69.20665729756827,-110.73065167610923,13.841331459513654,55.365325838054616
135.9,110.72802621760954,166.0920393264143,83.04601966320715,27.682006554402385,-55.36401310880477,5.5364013108804775,221.45605243521908,-27.682006554402385,138.41003277201193,41.523009831603574,69.20501638600597,-110.72802621760954,13.841003277201192,55.36401310880477
136.0,110.72461692426675,166.08692538640014,83.04346269320007,27.68115423106669,-55.36230846213338,5.536230846213338,221.4492338485335,-27.68115423106669,138.40577115533344,41.521731346600035,69.20288557766672,-110.72461692426675,13.840577115533344,55.36230846213338
136.1,110.72033387607883,166.08050081411824,83.04025040705912,27.680083469019706,-55.36016693803941,5.5360166938039415,221.44066775215765,-27.680083469019706,138.40041734509853,41.52012520352956,69.20020867254927,-110.72033387607883,13.840041734509853,55.36016693803941
136.20000000000002,110.71510724204649,166.07266086306973,83.03633043153486,27.67877681051162,-55.35755362102324,5.535755362102325,221.43021448409297,-27.67877681051162,138.39388405255812,41.51816521576743,69.19694202627906,-110.71510724204649,13.83938840525581,55.35755362102324
136.3,110.70882896615629,166.06324344923445,83.03162172461722,27.677207241539072,-55.354414483078145,5.5354414483078145,221.41765793231258,-27.677207241539072,138.38603620769535,41.51581086230861,69.19301810384768,-110.70882896615629,13.838603620769536,55.354414483078145
136.4,110.70132650693037,166.05198976039554,83.02599488019777,27.675331626732593,-55.350663253465186,5.535066325346519,221.40265301386074,-27.675331626732593,138.37665813366297,41.512997440098886,69.18832906683149,-110.70132650693037,13.837665813366296,55.350663253465186
136.5,110.69247174843024,166.03870762264535,83.01935381132267,27.67311793710756,-55.34623587421512,5.534623587421512,221.38494349686047,-27.67311793710756,138.3655896855378,41.50967690566134,69.1827948427689,-110.69247174843024,13.83655896855378,55.34623587421512
136.6,110.6822634069598,166.0233951104397,83.01169755521985,27.67056585173995,-55.3411317034799,5.53411317034799,221.3645268139196,-27.67056585173995,138.35282925869976,41.50584877760993,69.17641462934988,-110.6822634069598,13.835282925869976,55.3411317034799
136.70000000000002,110.67070874405485,166.00606311608226,83.00303155804113,27.667677186013712,-55.335354372027425,5.533535437202743,221.3414174881097,-27.667677186013712,138.33838593006857,41.501515779020565,69.16919296503428,-110.67070874405485,13.833838593006856,55.335354372027425
136.8,110.65783710103207,165.9867556515481,82.99337782577405,27.664459275258018,-55.328918550516036,5.532891855051604,221.31567420206414,-27.664459275258018,138.3222963762901,41.49668891288702,69.16114818814505,-110.65783710103207,13.832229637629009,55.328918550516036
136.9,110.64362699521968,165.96544049282952,82.98272024641476,27.66090674880492,-55.32181349760984,5.532181349760984,221.28725399043935,-27.66090674880492,138.30453374402458,41.49136012320738,69.15226687201229,-110.64362699521968,13.83045337440246,55.32181349760984
137.0,110.62803982224179,165.94205973336267,82.97102986668133,27.657009955560447,-55.314019911120894,5.53140199111209,221.25607964448358,-27.657009955560447,138.28504977780224,41.48551493334067,69.14252488890112,-110.62803982224179,13.828504977780224,55.314019911120894
137.1,110.61106810396002,165.91660215594004,82.95830107797002,27.652767025990006,-55.30553405198001,5.530553405198002,221.22213620792004,-27.652767025990006,138.26383512995002,41.47915053898501,69.13191756497501,-110.61106810396002,13.826383512995003,55.30553405198001
137.20000000000002,110.5927107629183,165.88906614437747,82.94453307218873,27.648177690729575,-55.29635538145915,5.529635538145915,221.1854215258366,-27.648177690729575,138.24088845364787,41.47226653609437,69.12044422682393,-110.5927107629183,13.824088845364788,55.29635538145915
137.3,110.57292837545933,165.85939256318898,82.92969628159449,27.64323209386483,-55.28646418772966,5.528646418772967,221.14585675091865,-27.64323209386483,138.21616046932417,41.464848140797244,69.10808023466208,-110.57292837545933,13.821616046932416,55.28646418772966
137.4,110.55163975845934,165.827459637689,82.9137298188445,27.637909939614836,-55.27581987922967,5.527581987922968,221.1032795169187,-27.637909939614836,138.1895496980742,41.45686490942225,69.0947748490371,-110.55163975845934,13.818954969807418,55.27581987922967
137.5,110.52873738410824,165.79310607616236,82.89655303808118,27.63218434602706,-55.26436869205412,5.526436869205412,221.05747476821648,-27.63218434602706,138.1609217301353,41.44827651904059,69.08046086506765,-110.52873738410824,13.81609217301353,55.26436869205412
137.6,110.504151651011,165.7562274765165,82.87811373825825,27.62603791275275,-55.2520758255055,5.52520758255055,221.008303302022,-27.62603791275275,138.13018956376374,41.439056869129125,69.06509478188187,-110.504151651011,13.813018956376375,55.2520758255055
137.70000000000002,110.47779729014553,165.7166959352183,82.85834796760915,27.619449322536383,-55.238898645072766,5.523889864507277,220.95559458029106,-27.619449322536383,138.09724661268191,41.429173983804574,69.04862330634096,-110.47779729014553,13.809724661268191,55.238898645072766
137.8,110.44963965023015,165.67445947534523,82.83722973767262,27.61240991255754,-55.22481982511508,5.522481982511508,220.8992793004603,-27.61240991255754,138.0620495627877,41.41861486883631,69.03102478139385,-110.44963965023015,13.80620495627877,55.22481982511508
137.9,110.41967388713249,165.62951083069873,82.81475541534937,27.604918471783122,-55.209836943566245,5.520983694356625,220.83934777426498,-27.604918471783122,138.0245923589156,41.407377707674684,69.0122961794578,-110.41967388713249,13.802459235891561,55.209836943566245
138.0,110.38788476321831,165.58182714482746,82.79091357241373,27.596971190804577,-55.193942381609155,5.519394238160916,220.77576952643662,-27.596971190804577,137.9848559540229,41.395456786206864,68.99242797701145,-110.38788476321831,13.798485595402289,55.193942381609155
138.1,110.35427782062679,165.53141673094018,82.76570836547009,27.588569455156698,-55.177138910313396,5.51771389103134,220.70855564125358,-27.588569455156698,137.9428472757835,41.382854182735045,68.97142363789175,-110.35427782062679,13.794284727578349,55.177138910313396
138.20000000000002,110.31893717213217,165.47840575819825,82.73920287909912,27.57973429303304,-55.15946858606608,5.5159468586066085,220.63787434426433,-27.57973429303304,137.8986714651652,41.36960143954956,68.9493357325826,-110.31893717213217,13.78986714651652,55.15946858606608
138.3,110.28199284372856,165.42298926559283,82.71149463279642,27.57049821093214,-55.14099642186428,5.514099642186428,220.56398568745712,-27.57049821093214,137.8524910546607,41.35574731639821,68.92624552733035,-110.28199284372856,13.78524910546607,55.14099642186428
138.4,110.24361152090756,165.36541728136135,82.68270864068067,27.56090288022689,-55.12180576045378,5.512180576045378,220.48722304181513,-27.56090288022689,137.80451440113444,41.341354320340336,68.90225720056722,-110.24361152090756,13.780451440113445,55.12180576045378
138.5,110.20398162567352,165.30597243851028,82.65298621925514,27.55099540641838,-55.10199081283676,5.510199081283677,220.40796325134704,-27.55099540641838,137.75497703209192,41.32649310962757,68.87748851604596,-110.20398162567352,13.77549770320919,55.10199081283676
138.6,110.1633223304957,165.24498349574355,82.62249174787178,27.540830582623926,-55.08166116524785,5.5081661165247855,220.3266446609914,-27.540830582623926,137.70415291311963,41.31124587393589,68.85207645655981,-110.1633223304957,13.770415291311963,55.08166116524785
138.70000000000002,110.12186185628627,165.1827927844294,82.5913963922147,27.53046546407157,-55.06093092814314,5.506093092814314,220.24372371257255,-27.53046546407157,137.65232732035784,41.29569819610735,68.82616366017892,-110.12186185628627,13.765232732035784,55.06093092814314
138.8,110.07982782378858,165.11974173568285,82.55987086784143,27.519956955947144,-55.03991391189429,5.503991391189429,220.15965564757715,-27.519956955947144,137.59978477973573,41.27993543392071,68.79989238986786,-110.07982782378858,13.759978477973572,55.03991391189429
138.9,110.03745924818351,165.05618887227527,82.52809443613764,27.509364812045877,-55.018729624091755,5.501872962409176,220.07491849636702,-27.509364812045877,137.5468240602294,41.26404721806882,68.7734120301147,-110.03745924818351,13.754682406022939,55.018729624091755
139.0,109.99500050724548,164.9925007608682,82.4962503804341,27.49875012681137,-54.99750025362274,5.499750025362275,219.99000101449096,-27.49875012681137,137.49375063405685,41.24812519021705,68.74687531702843,-109.99500050724548,13.749375063405685,54.99750025362274
139.1,109.95270539295731,164.92905808943596,82.46452904471798,27.488176348239328,-54.976352696478656,5.497635269647866,219.90541078591463,-27.488176348239328,137.44088174119665,41.23226452235899,68.72044087059832,-109.95270539295731,13.744088174119664,54.976352696478656
139.20000000000002,109.91082173272711,164.86623259909067,82.43311629954533,27.47770543318178,-54.95541086636356,5.495541086636356,219.82164346545423,-27.47770543318178,137.3885271659089,41.216558149772666,68.69426358295445,-109.91082173272711,13.73885271659089,54.95541086636356
139.3,109.86957468685239,164.80436203027858,82.40218101513929,27.467393671713097,-54.934787343426194,5.49347873434262,219.73914937370478,-27.467393671713097,137.33696835856549,41.201090507569646,68.66848417928274,-109.86957468685239,13.733696835856549,54.934787343426194
139.4,109.82908117947308,164.74362176920962,82.37181088460481,27.45727029486827,-54.91454058973654,5.4914540589736545,219.65816235894616,-27.45727029486827,137.28635147434136,41.185905442302406,68.64317573717068,-109.82908117947308,13.728635147434135,54.91454058973654
139.5,109.78936313108403,164.68404469662605,82.34202234831302,27.447340782771008,-54.894681565542015,5.489468156554202,219.57872626216806,-27.447340782771008,137.23670391385502,41.17101117415651,68.61835195692751,-109.78936313108403,13.723670391385504,54.894681565542015
139.6,109.75037325948938,164.62555988923407,82.31277994461703,27.437593314872345,-54.87518662974469,5.48751866297447,219.50074651897876,-27.437593314872345,137.18796657436172,41.15638997230852,68.59398328718086,-109.75037325948938,13.718796657436172,54.87518662974469
139.70000000000002,109.7120632040467,164.56809480607006,82.28404740303503,27.428015801011675,-54.85603160202335,5.485603160202335,219.4241264080934,-27.428015801011675,137.14007900505837,41.142023701517516,68.57003950252918,-109.7120632040467,13.714007900505838,54.85603160202335
139.8,109.67442848513326,164.5116427276999,82.25582136384995,27.418607121283316,-54.83721424256663,5.483721424256664,219.34885697026652,-27.418607121283316,137.09303560641658,41.12791068192497,68.54651780320829,-109.67442848513326,13.709303560641658,54.83721424256663
139.9,109.63747841853788,164.45621762780684,82.22810881390342,27.40936960463447,-54.81873920926894,5.481873920926894,219.27495683707576,-27.40936960463447,137.04684802317234,41.11405440695171,68.52342401158617,-109.63747841853788,13.704684802317235,54.81873920926894
140.0,109.60121063471824,164.40181595207736,82.20090797603868,27.40030265867956,-54.80060531735912,5.480060531735912,219.20242126943648,-27.40030265867956,137.0015132933978,41.10045398801934,68.5007566466989,-109.60121063471824,13.70015132933978,54.80060531735912
140.1,109.56564901380969,164.34847352071455,82.17423676035727,27.391412253452422,-54.782824506904845,5.478282450690485,219.13129802761938,-27.391412253452422,136.9570612672621,41.08711838017864,68.47853063363105,-109.56564901380969,13.695706126726211,54.782824506904845
140.20000000000002,109.53084614869996,164.29626922304993,82.14813461152497,27.38271153717499,-54.76542307434998,5.476542307434999,219.06169229739993,-27.38271153717499,136.91355768587496,41.07406730576248,68.45677884293748,-109.53084614869996,13.691355768587496,54.76542307434998
140.3,109.49694485882051,164.24541728823078,82.12270864411539,27.374236214705128,-54.748472429410256,5.474847242941026,218.99388971764103,-27.374236214705128,136.87118107352563,41.061354322057696,68.43559053676282,-109.49694485882051,13.687118107352564,54.748472429410256
140.4,109.46409590579168,164.19614385868752,82.09807192934376,27.36602397644792,-54.73204795289584,5.473204795289584,218.92819181158336,-27.36602397644792,136.83011988223961,41.04903596467188,68.41505994111981,-109.46409590579168,13.68301198822396,54.73204795289584
140.5,109.43244550577089,164.14866825865633,82.07433412932816,27.35811137644272,-54.71622275288544,5.471622275288545,218.86489101154177,-27.35811137644272,136.7905568822136,41.03716706466408,68.3952784411068,-109.43244550577089,13.67905568822136,54.71622275288544
140.6,109.40216672748483,164.10325009122724,82.05162504561362,27.350541681871206,-54.70108336374241,5.470108336374242,218.80433345496965,-27.350541681871206,136.75270840935605,41.02581252280681,68.37635420467802,-109.40216672748483,13.675270840935603,54.70108336374241
140.70000000000002,109.37339106360267,164.06008659540402,82.03004329770201,27.343347765900667,-54.686695531801334,5.468669553180134,218.74678212720534,-27.343347765900667,136.71673882950333,41.015021648851004,68.35836941475166,-109.37339106360267,13.671673882950333,54.686695531801334
140.8,109.34615783967105,164.01923675950658,82.00961837975329,27.336539459917763,-54.673078919835525,5.467307891983553,218.6923156793421,-27.336539459917763,136.68269729958882,41.004809189876646,68.34134864979441,-109.34615783967105,13.668269729958881,54.673078919835525
140.9,109.32052080454564,163.98078120681845,81.99039060340922,27.33013020113641,-54.66026040227282,5.466026040227282,218.64104160909127,-27.33013020113641,136.65065100568205,40.99519530170461,68.32532550284103,-109.32052080454564,13.665065100568205,54.66026040227282
141.0,109.29659518713109,163.94489278069665,81.97244639034832,27.324148796782772,-54.648297593565545,5.4648297593565545,218.59319037426218,-27.324148796782772,136.62074398391385,40.98622319517416,68.31037199195693,-109.29659518713109,13.662074398391386,54.648297593565545
141.1,109.27450364093914,163.91175546140872,81.95587773070436,27.318625910234786,-54.63725182046957,5.463725182046957,218.5490072818783,-27.318625910234786,136.59312955117394,40.97793886535218,68.29656477558697,-109.27450364093914,13.659312955117393,54.63725182046957
141.20000000000002,109.25428984400206,163.88143476600308,81.94071738300154,27.313572461000515,-54.62714492200103,5.462714492200103,218.50857968800412,-27.313572461000515,136.56786230500256,40.97035869150077,68.28393115250128,-109.25428984400206,13.656786230500257,54.62714492200103
141.3,109.23592602978457,163.85388904467686,81.92694452233843,27.30898150744614,-54.61796301489228,5.461796301489229,218.47185205956913,-27.30898150744614,136.5449075372307,40.963472261169215,68.27245376861535,-109.23592602978457,13.65449075372307,54.61796301489228
141.4,109.21934314040476,163.82901471060714,81.91450735530357,27.30483578510119,-54.60967157020238,5.460967157020239,218.43868628080952,-27.30483578510119,136.52417892550596,40.957253677651785,68.26208946275298,-109.21934314040476,13.652417892550595,54.60967157020238
141.5,109.20443880878263,163.80665821317393,81.90332910658697,27.301109702195657,-54.60221940439131,5.460221940439132,218.40887761756525,-27.301109702195657,136.5055485109783,40.95166455329348,68.25277425548914,-109.20443880878263,13.650554851097828,54.60221940439131
141.6,109.19106215237,163.78659322855498,81.89329661427749,27.2977655380925,-54.595531076185,5.4595531076185,218.38212430474,-27.2977655380925,136.4888276904625,40.946648307138744,68.24441384523125,-109.19106215237,13.64888276904625,54.595531076185
141.70000000000002,109.1790310334548,163.7685465501822,81.8842732750911,27.2947577583637,-54.5895155167274,5.45895155167274,218.3580620669096,-27.2947577583637,136.4737887918185,40.94213663754555,68.23689439590925,-109.1790310334548,13.64737887918185,54.5895155167274
141.8,109.1681993112527,163.75229896687907,81.87614948343953,27.292049827813177,-54.58409965562635,5.458409965562636,218.3363986225054,-27.292049827813177,136.4602491390659,40.93807474171977,68.23012456953295,-109.1681993112527,13.646024913906588,54.58409965562635
141.9,109.15846122543661,163.73769183815492,81.86884591907746,27.289615306359153,-54.579230612718305,5.457923061271831,218.31692245087322,-27.289615306359153,136.44807653179578,40.93442295953873,68.22403826589789,-109.15846122543661,13.644807653179576,54.579230612718305
142.0,109.14970647798748,163.72455971698122,81.86227985849061,27.28742661949687,-54.57485323899374,5.457485323899374,218.29941295597496,-27.28742661949687,136.43713309748435,40.931139929245305,68.21856654874217,-109.14970647798748,13.643713309748435,54.57485323899374
142.1,109.14182340496998,163.712735107455,81.8563675537275,27.285455851242496,-54.57091170248499,5.4570911702485,218.28364680993997,-27.285455851242496,136.42727925621247,40.92818377686375,68.21363962810624,-109.14182340496998,13.642727925621248,54.57091170248499
142.20000000000002,109.13461220940843,163.70191831411265,81.85095915705632,27.283653052352108,-54.567306104704215,5.456730610470422,218.26922441881686,-27.283653052352108,136.41826526176055,40.92547957852816,68.20913263088028,-109.13461220940843,13.641826526176054,54.567306104704215
142.3,109.12785606233169,163.69178409349752,81.84589204674876,27.281964015582922,-54.563928031165844,5.456392803116585,218.25571212466338,-27.281964015582922,136.40982007791462,40.92294602337438,68.20491003895731,-109.12785606233169,13.640982007791461,54.563928031165844
142.4,109.12134304631476,163.68201456947213,81.84100728473607,27.28033576157869,-54.56067152315738,5.456067152315739,218.24268609262953,-27.28033576157869,136.40167880789346,40.92050364236803,68.20083940394673,-109.12134304631476,13.640167880789345,54.56067152315738
142.5,109.11487398930757,163.67231098396135,81.83615549198068,27.278718497326892,-54.557436994653784,5.455743699465379,218.22974797861514,-27.278718497326892,136.39359248663447,40.91807774599034,68.19679624331724,-109.11487398930757,13.639359248663446,54.557436994653784
142.6,109.10830967493524,163.66246451240286,81.83123225620143,27.27707741873381,-54.55415483746762,5.455415483746762,218.21661934987048,-27.27707741873381,136.38538709366907,40.915616128100716,68.19269354683453,-109.10830967493524,13.638538709366905,54.55415483746762
142.70000000000002,109.10157148583444,163.65235722875167,81.82617861437583,27.27539287145861,-54.55078574291722,5.455078574291722,218.20314297166888,-27.27539287145861,136.37696435729305,40.91308930718792,68.18848217864652,-109.10157148583444,13.637696435729305,54.55078574291722
142.8,109.09464009977259,163.64196014965887,81.82098007482944,27.273660024943148,-54.547320049886295,5.45473200498863,218.18928019954518,-27.273660024943148,136.36830012471574,40.91049003741472,68.18415006235787,-109.09464009977259,13.636830012471574,54.547320049886295
142.9,109.08746991499709,163.63120487249563,81.81560243624781,27.27186747874927,-54.54373495749854,5.454373495749855,218.17493982999417,-27.27186747874927,136.35933739374636,40.90780121812391,68.17966869687318,-109.08746991499709,13.635933739374636,54.54373495749854
143.0,109.079998440378,163.619997660567,81.8099988302835,27.2699996100945,-54.539999220189,5.453999922018901,218.159996880756,-27.2699996100945,136.3499980504725,40.90499941514175,68.17499902523625,-109.079998440378,13.63499980504725,54.539999220189
143.1,109.072177020959,163.60826553143852,81.80413276571926,27.26804425523975,-54.5360885104795,5.45360885104795,218.144354041918,-27.26804425523975,136.34022127619875,40.90206638285963,68.17011063809937,-109.072177020959,13.634022127619875,54.5360885104795
143.20000000000002,109.0639963890388,163.5959945835582,81.7979972917791,27.2659990972597,-54.5319981945194,5.453199819451941,218.1279927780776,-27.2659990972597,136.32999548629851,40.89899864588955,68.16499774314926,-109.0639963890388,13.63299954862985,54.5319981945194
143.3,109.05550527163837,163.58325790745755,81.79162895372878,27.26387631790959,-54.52775263581918,5.452775263581919,218.11101054327673,-27.26387631790959,136.31938158954796,40.89581447686439,68.15969079477398,-109.05550527163837,13.631938158954796,54.52775263581918
143.4,109.04678716608387,163.57018074912583,81.78509037456291,27.26169679152097,-54.52339358304194,5.452339358304194,218.09357433216775,-27.26169679152097,136.30848395760484,40.892545187281456,68.15424197880242,-109.04678716608387,13.630848395760484,54.52339358304194
143.5,109.0379730092403,163.55695951386045,81.77847975693022,27.259493252310076,-54.51898650462015,5.451898650462016,218.0759460184806,-27.259493252310076,136.29746626155037,40.88923987846511,68.14873313077518,-109.0379730092403,13.629746626155038,54.51898650462015
143.6,109.02923102855803,163.54384654283706,81.77192327141853,27.257307757139507,-54.514615514279015,5.451461551427902,218.05846205711606,-27.257307757139507,136.28653878569753,40.885961635709265,68.14326939284877,-109.02923102855803,13.628653878569754,54.514615514279015
143.70000000000002,109.02079909032605,163.5311986354891,81.76559931774455,27.255199772581513,-54.510399545163025,5.451039954516303,218.0415981806521,-27.255199772581513,136.27599886290756,40.88279965887227,68.13799943145378,-109.02079909032605,13.627599886290756,54.510399545163025
143.8,109.01296367037398,163.51944550556095,81.75972275278048,27.253240917593494,-54.50648183518699,5.450648183518699,218.02592734074796,-27.253240917593494,136.26620458796748,40.87986137639024,68.13310229398374,-109.01296367037398,13.626620458796747,54.50648183518699
143.9,109.00598981209373,163.5089847181406,81.7544923590703,27.251497453023433,-54.502994906046865,5.450299490604687,218.01197962418746,-27.251497453023433,136.25748726511716,40.87724617953515,68.12874363255858,-109.00598981209373,13.625748726511716,54.502994906046865
144.0,109.00008665510228,163.50012998265342,81.75006499132671,27.25002166377557,-54.50004332755114,5.450004332755114,218.00017331020456,-27.25002166377557,136.25010831887784,40.875032495663355,68.12505415943892,-109.00008665510228,13.625010831887785,54.50004332755114
144.1,108.99546283251175,163.49319424876762,81.74659712438381,27.248865708127937,-54.497731416255874,5.449773141625588,217.9909256650235,-27.248865708127937,136.24432854063969,40.873298562191906,68.12216427031984,-108.99546283251175,13.624432854063969,54.497731416255874
144.20000000000002,108.99234262631934,163.48851393947902,81.74425696973951,27.248085656579836,-54.49617131315967,5.449617131315968,217.98468525263868,-27.248085656579836,136.2404282828992,40.872128484869755,68.1202141414496,-108.99234262631934,13.624042828289918,54.49617131315967
144.3,108.99095167363741,163.4864275104561,81.74321375522806,27.247737918409353,-54.495475836818706,5.449547583681871,217.98190334727482,-27.247737918409353,136.23868959204677,40.87160687761403,68.11934479602338,-108.99095167363741,13.623868959204676,54.495475836818706
144.4,108.99150791124634,163.48726186686952,81.74363093343476,27.247876977811586,-54.49575395562317,5.449575395562317,217.9830158224927,-27.247876977811586,136.23938488905793,40.87181546671738,68.11969244452897,-108.99150791124634,13.623938488905793,54.49575395562317
144.5,108.99422148663761,163.4913322299564,81.7456661149782,27.248555371659403,-54.49711074331881,5.449711074331881,217.98844297327523,-27.248555371659403,136.24277685829702,40.8728330574891,68.12138842914851,-108.99422148663761,13.624277685829702,54.49711074331881
144.6,108.9992366045607,163.49885490684107,81.74942745342054,27.249809151140177,-54.49961830228035,5.449961830228036,217.9984732091214,-27.249809151140177,136.24904575570088,40.87471372671027,68.12452287785044,-108.9992366045607,13.624904575570088,54.49961830228035
144.70000000000002,109.00665221444552,163.50997832166829,81.75498916083414,27.25166305361138,-54.50332610722276,5.450332610722277,218.01330442889105,-27.25166305361138,136.2583152680569,40.87749458041707,68.12915763402845,-109.00665221444552,13.62583152680569,54.50332610722276
144.8,109.01649329055724,163.52473993583584,81.76236996791792,27.25412332263931,-54.50824664527862,5.450824664527862,218.03298658111447,-27.25412332263931,136.27061661319655,40.88118498395896,68.13530830659828,-109.01649329055724,13.627061661319654,54.50824664527862
144.9,109.02875087821411,163.54312631732117,81.77156315866058,27.257187719553528,-54.514375439107056,5.451437543910706,218.05750175642822,-27.257187719553528,136.28593859776765,40.88578157933029,68.14296929888383,-109.02875087821411,13.628593859776764,54.514375439107056
145.0,109.04343685917023,163.56515528875534,81.78257764437767,27.260859214792557,-54.521718429585114,5.452171842958512,218.08687371834046,-27.260859214792557,136.30429607396277,40.891288822188834,68.15214803698139,-109.04343685917023,13.630429607396279,54.521718429585114
145.1,109.06053712629625,163.59080568944438,81.79540284472219,27.265134281574063,-54.53026856314813,5.453026856314813,218.1210742525925,-27.265134281574063,136.32567140787032,40.897701422361095,68.16283570393516,-109.06053712629625,13.632567140787032,54.53026856314813
145.20000000000002,109.08000566019217,163.62000849028826,81.81000424514413,27.270001415048043,-54.540002830096086,5.454000283009609,218.16001132038434,-27.270001415048043,136.35000707524023,40.905002122572064,68.17500353762011,-109.08000566019217,13.635000707524021,54.540002830096086
145.3,109.1017658050727,163.65264870760905,81.82632435380452,27.275441451268176,-54.55088290253635,5.455088290253635,218.2035316101454,-27.275441451268176,136.37720725634088,40.91316217690226,68.18860362817044,-109.1017658050727,13.637720725634088,54.55088290253635
145.4,109.12569318637844,163.68853977956766,81.84426988978383,27.28142329659461,-54.56284659318922,5.456284659318922,218.25138637275688,-27.28142329659461,136.40711648297304,40.922134944891916,68.20355824148652,-109.12569318637844,13.640711648297305,54.56284659318922
145.5,109.15169133560556,163.72753700340834,81.86376850170417,27.28792283390139,-54.57584566780278,5.4575845667802785,218.30338267121112,-27.28792283390139,136.43961416950697,40.931884250852086,68.21980708475348,-109.15169133560556,13.643961416950695,54.57584566780278
145.6,109.17968063908444,163.76952095862666,81.88476047931333,27.29492015977111,-54.58984031954222,5.458984031954222,218.35936127816888,-27.29492015977111,136.47460079885553,40.942380239656664,68.23730039942777,-109.17968063908444,13.647460079885555,54.58984031954222
145.70000000000002,109.20949941348547,163.81424912022823,81.90712456011411,27.30237485337137,-54.60474970674274,5.460474970674274,218.41899882697095,-27.30237485337137,136.51187426685684,40.95356228005706,68.25593713342842,-109.20949941348547,13.651187426685684,54.60474970674274
145.8,109.24089813010568,163.86134719515852,81.93067359757926,27.31022453252642,-54.62044906505284,5.462044906505284,218.48179626021135,-27.31022453252642,136.5511226626321,40.96533679878963,68.27556133131606,-109.24089813010568,13.65511226626321,54.62044906505284
145.9,109.27356807410399,163.910352111156,81.955176055578,27.318392018525998,-54.636784037051996,5.4636784037052,218.54713614820798,-27.318392018525998,136.59196009263,40.977588027789,68.295980046315,-109.27356807410399,13.659196009262999,54.636784037051996
146.0,109.30723688827695,163.9608553324154,81.9804276662077,27.326809222069237,-54.65361844413847,5.465361844413848,218.6144737765539,-27.326809222069237,136.6340461103462,40.99021383310385,68.3170230551731,-109.30723688827695,13.663404611034618,54.65361844413847
146.1,109.34167443127168,164.0125116469075,82.00625582345376,27.33541860781792,-54.67083721563584,5.467083721563585,218.68334886254337,-27.33541860781792,136.6770930390896,41.00312791172688,68.3385465195448,-109.34167443127168,13.66770930390896,54.67083721563584
146.20000000000002,109.37663930238921,164.0649589535838,82.0324794767919,27.344159825597302,-54.688319651194604,5.468831965119461,218.75327860477842,-27.344159825597302,136.7207991279865,41.01623973839595,68.36039956399325,-109.37663930238921,13.672079912798651,54.688319651194604
146.3,109.41190614863433,164.1178592229515,82.05892961147575,27.352976537158582,-54.705953074317165,5.470595307431717,218.82381229726866,-27.352976537158582,136.7648826857929,41.029464805737874,68.38244134289646,-109.41190614863433,13.676488268579291,54.705953074317165
146.4,109.44721614818066,164.170824222271,82.0854121111355,27.361804037045165,-54.72360807409033,5.472360807409033,218.89443229636132,-27.361804037045165,136.80902018522582,41.04270605556775,68.40451009261291,-109.44721614818066,13.680902018522582,54.72360807409033
146.5,109.48235202285998,164.22352803428998,82.11176401714499,27.370588005714996,-54.74117601142999,5.474117601143,218.96470404571997,-27.370588005714996,136.85294002857498,41.055882008572496,68.42647001428749,-109.48235202285998,13.685294002857498,54.74117601142999
146.6,109.51713963111573,164.2757094466736,82.1378547233368,27.37928490777893,-54.75856981555786,5.475856981555786,219.03427926223145,-27.37928490777893,136.89642453889465,41.0689273616684,68.44821226944732,-109.51713963111573,13.689642453889466,54.75856981555786
146.70000000000002,109.55141304592924,164.32711956889386,82.16355978444693,27.38785326148231,-54.77570652296462,5.477570652296462,219.10282609185847,-27.38785326148231,136.93926630741154,41.081779892223466,68.46963315370577,-109.55141304592924,13.693926630741155,54.77570652296462
146.8,109.58505562467633,164.3775834370145,82.18879171850725,27.396263906169082,-54.792527812338164,5.479252781233817,219.17011124935266,-27.396263906169082,136.9813195308454,41.09439585925362,68.4906597654227,-109.58505562467633,13.698131953084541,54.792527812338164
146.9,109.61792090138289,164.42688135207433,82.21344067603717,27.404480225345722,-54.808960450691444,5.480896045069144,219.23584180276578,-27.404480225345722,137.0224011267286,41.10672033801858,68.5112005633643,-109.61792090138289,13.702240112672861,54.808960450691444
147.0,109.64991788090711,164.47487682136068,82.23743841068034,27.412479470226778,-54.824958940453556,5.482495894045356,219.29983576181422,-27.412479470226778,137.06239735113388,41.11871920534017,68.53119867556694,-109.64991788090711,13.706239735113389,54.824958940453556
147.1,109.6809809850582,164.52147147758728,82.26073573879364,27.42024524626455,-54.8404904925291,5.48404904925291,219.3619619701164,-27.42024524626455,137.10122623132276,41.13036786939682,68.55061311566138,-109.6809809850582,13.710122623132275,54.8404904925291
147.20000000000002,109.71105432942943,164.56658149414415,82.28329074707207,27.427763582357358,-54.855527164714715,5.485552716471472,219.42210865885886,-27.427763582357358,137.1388179117868,41.141645373536036,68.5694089558934,-109.71105432942943,13.713881791178679,54.855527164714715
147.3,109.74008507468898,164.61012761203347,82.30506380601673,27.435021268672244,-54.87004253734449,5.487004253734449,219.48017014937795,-27.435021268672244,137.17510634336122,41.15253190300837,68.58755317168061,-109.74008507468898,13.717510634336122,54.87004253734449
147.4,109.76805496875787,164.6520824531368,82.3260412265684,27.442013742189467,-54.88402748437893,5.488402748437894,219.53610993751573,-27.442013742189467,137.21006871094733,41.1630206132842,68.60503435547366,-109.76805496875787,13.721006871094733,54.88402748437893
147.5,109.79493709597921,164.6924056439688,82.3462028219844,27.448734273994802,-54.897468547989604,5.489746854798961,219.58987419195842,-27.448734273994802,137.243671369974,41.1731014109922,68.621835684987,-109.79493709597921,13.724367136997401,54.897468547989604
147.6,109.8206956727444,164.7310435091166,82.3655217545583,27.4551739181861,-54.9103478363722,5.491034783637221,219.6413913454888,-27.4551739181861,137.2758695909305,41.18276087727915,68.63793479546526,-109.8206956727444,13.72758695909305,54.9103478363722
147.70000000000002,109.84531770963254,164.76797656444882,82.38398828222441,27.461329427408135,-54.92265885481627,5.492265885481627,219.69063541926508,-27.461329427408135,137.30664713704067,41.191994141112204,68.65332356852034,-109.84531770963254,13.730664713704067,54.92265885481627
147.8,109.86877894467642,164.80316841701463,82.40158420850732,27.467194736169105,-54.93438947233821,5.493438947233821,219.73755788935284,-27.467194736169105,137.33597368084554,41.20079210425366,68.66798684042277,-109.86877894467642,13.733597368084553,54.93438947233821
147.9,109.89106495727556,164.83659743591335,82.41829871795667,27.47276623931889,-54.94553247863778,5.494553247863778,219.78212991455112,-27.47276623931889,137.36383119659445,41.20914935897834,68.68191559829722,-109.89106495727556,13.736383119659445,54.94553247863778
148.0,109.91217435691189,164.86826153536782,82.43413076768391,27.478043589227973,-54.956087178455945,5.495608717845595,219.82434871382378,-27.478043589227973,137.39021794613987,41.217065383841955,68.69510897306994,-109.91217435691189,13.739021794613986,54.956087178455945
148.1,109.93208023895048,164.89812035842573,82.44906017921286,27.48302005973762,-54.96604011947524,5.496604011947524,219.86416047790095,-27.48302005973762,137.4151002986881,41.22453008960643,68.70755014934404,-109.93208023895048,13.74151002986881,54.96604011947524
148.20000000000002,109.95079888037188,164.92619832055783,82.46309916027892,27.48769972009297,-54.97539944018594,5.497539944018595,219.90159776074375,-27.48769972009297,137.43849860046484,41.23154958013946,68.71924930023242,-109.95079888037188,13.743849860046485,54.97539944018594
148.3,109.9683141575404,164.9524712363106,82.4762356181553,27.4920785393851,-54.9841570787702,5.498415707877021,219.9366283150808,-27.4920785393851,137.4603926969255,41.23811780907765,68.73019634846275,-109.9683141575404,13.74603926969255,54.9841570787702
148.4,109.98457861661896,164.97686792492846,82.48843396246423,27.49614465415474,-54.99228930830948,5.499228930830949,219.96915723323792,-27.49614465415474,137.4807232707737,41.244216981232114,68.74036163538685,-109.98457861661896,13.74807232707737,54.99228930830948
148.5,109.9995298752542,164.9992948128813,82.49964740644064,27.49988246881355,-54.9997649376271,5.49997649376271,219.9990597505084,-27.49988246881355,137.49941234406774,41.24982370322032,68.74970617203387,-109.9995298752542,13.749941234406775,54.9997649376271
148.6,110.01308665108915,165.01962997663372,82.50981498831686,27.50327166277229,-55.00654332554458,5.500654332554458,220.0261733021783,-27.50327166277229,137.51635831386145,41.25490749415843,68.75817915693072,-110.01308665108915,13.751635831386144,55.00654332554458
148.70000000000002,110.02516162759379,165.0377424413907,82.51887122069535,27.506290406898447,-55.012580813796895,5.50125808137969,220.05032325518758,-27.506290406898447,137.53145203449225,41.25943561034767,68.76572601724612,-110.02516162759379,13.753145203449224,55.012580813796895
148.8,110.03572596637844,165.05358894956765,82.52679447478383,27.50893149159461,-55.01786298318922,5.5017862983189225,220.07145193275687,-27.50893149159461,137.54465745797305,41.263397237391914,68.77232872898652,-110.03572596637844,13.754465745797305,55.01786298318922
148.9,110.04480801937183,165.06721202905774,82.53360601452887,27.511202004842957,-55.022404009685914,5.502240400968592,220.08961603874366,-27.511202004842957,137.5560100242148,41.266803007264436,68.7780050121074,-110.04480801937183,13.755601002421479,55.022404009685914
149.0,110.05243284535906,165.0786492680386,82.5393246340193,27.513108211339766,-55.02621642267953,5.502621642267954,220.10486569071813,-27.513108211339766,137.56554105669883,41.26966231700965,68.78277052834942,-110.05243284535906,13.756554105669883,55.02621642267953
149.1,110.05864531579448,165.08796797369172,82.54398398684586,27.51466132894862,-55.02932265789724,5.502932265789724,220.11729063158896,-27.51466132894862,137.5733066447431,41.27199199342293,68.78665332237155,-110.05864531579448,13.75733066447431,55.02932265789724
149.20000000000002,110.0635705646916,165.0953558470374,82.5476779235187,27.5158926411729,-55.0317852823458,5.503178528234581,220.1271411293832,-27.5158926411729,137.5794632058645,41.27383896175935,68.78973160293225,-110.0635705646916,13.75794632058645,55.0317852823458
149.3,110.06726441604222,165.10089662406332,82.55044831203166,27.516816104010555,-55.03363220802111,5.503363220802111,220.13452883208444,-27.516816104010555,137.58408052005277,41.27522415601583,68.79204026002638,-110.06726441604222,13.758408052005278,55.03363220802111
149.4,110.06971429134933,165.104571437024,82.552285718512,27.517428572837332,-55.034857145674664,5.503485714567467,220.13942858269866,-27.517428572837332,137.58714286418666,41.276142859256,68.79357143209333,-110.06971429134933,13.758714286418666,55.034857145674664
149.5,110.07090442845538,165.10635664268307,82.55317832134153,27.517726107113845,-55.03545221422769,5.503545221422769,220.14180885691076,-27.517726107113845,137.58863053556922,41.27658916067077,68.79431526778461,-110.07090442845538,13.758863053556922,55.03545221422769
149.6,110.07086567187349,165.10629850781024,82.55314925390512,27.517716417968373,-55.035432835936746,5.503543283593675,220.14173134374698,-27.517716417968373,137.58858208984185,41.27657462695256,68.79429104492093,-110.07086567187349,13.758858208984186,55.035432835936746
149.70000000000002,110.06964692294318,165.10447038441475,82.55223519220738,27.517411730735795,-55.03482346147159,5.503482346147159,220.13929384588636,-27.517411730735795,137.58705865367898,41.27611759610369,68.79352932683949,-110.06964692294318,13.758705865367897,55.03482346147159
149.8,110.06727421271478,165.10091131907217,82.55045565953608,27.516818553178695,-55.03363710635739,5.503363710635739,220.13454842542956,-27.516818553178695,137.58409276589347,41.27522782976804,68.79204638294674,-110.06727421271478,13.758409276589347,55.03363710635739
149.9,110.06375275719674,165.0956291357951,82.54781456789755,27.515938189299185,-55.03187637859837,5.5031876378598374,220.12750551439348,-27.515938189299185,137.57969094649593,41.27390728394877,68.78984547324796,-110.06375275719674,13.757969094649592,55.03187637859837
150.0,110.05910034357609,165.08865051536412,82.54432525768206,27.514775085894023,-55.029550171788046,5.502955017178805,220.11820068715218,-27.514775085894023,137.57387542947012,41.27216262884103,68.78693771473506,-110.05910034357609,13.757387542947011,55.029550171788046
150.1,110.05330362065733,165.079955430986,82.539977715493,27.513325905164333,-55.026651810328666,5.502665181032867,220.10660724131466,-27.513325905164333,137.56662952582167,41.2699888577465,68.78331476291083,-110.05330362065733,13.756662952582166,55.026651810328666
150.20000000000002,110.04634113090333,165.069511696355,82.5347558481775,27.511585282725832,-55.023170565451665,5.5023170565451665,220.09268226180666,-27.511585282725832,137.55792641362916,41.26737792408875,68.77896320681458,-110.04634113090333,13.755792641362916,55.023170565451665
150.3,110.03824140655729,165.05736210983594,82.52868105491797,27.509560351639323,-55.019120703278645,5.501912070327865,220.07648281311458,-27.509560351639323,137.5478017581966,41.264340527458984,68.7739008790983,-110.03824140655729,13.754780175819661,55.019120703278645
150.4,110.02909295710833,165.0436394356625,82.52181971783125,27.507273239277083,-55.014546478554166,5.501454647855417,220.05818591421666,-27.507273239277083,137.53636619638542,41.260909858915625,68.76818309819271,-110.02909295710833,13.753636619638542,55.014546478554166
150.5,110.01905460485645,165.02858190728466,82.51429095364233,27.504763651214112,-55.009527302428225,5.5009527302428225,220.0381092097129,-27.504763651214112,137.52381825607057,41.257145476821165,68.76190912803528,-110.01905460485645,13.752381825607056,55.009527302428225
150.6,110.00831798337813,165.01247697506722,82.50623848753361,27.502079495844534,-55.00415899168907,5.500415899168907,220.01663596675627,-27.502079495844534,137.51039747922266,41.253119243766804,68.75519873961133,-110.00831798337813,13.751039747922267,55.00415899168907
150.70000000000002,109.99711278686902,164.99566918030354,82.49783459015177,27.499278196717256,-54.99855639343451,5.499855639343451,219.99422557373805,-27.499278196717256,137.49639098358628,41.248917295075884,68.74819549179314,-109.99711278686902,13.749639098358628,54.99855639343451
150.8,109.98566940484059,164.9785041072609,82.48925205363045,27.496417351210148,-54.992834702420296,5.49928347024203,219.97133880968119,-27.496417351210148,137.48208675605073,41.244626026815226,68.74104337802537,-109.98566940484059,13.748208675605074,54.992834702420296
150.9,109.97413246913331,164.96119870369995,82.48059935184997,27.493533117283327,-54.987066234566655,5.498706623456666,219.94826493826662,-27.493533117283327,137.46766558641664,41.24029967592499,68.73383279320832,-109.97413246913331,13.746766558641664,54.987066234566655
151.0,109.96259979578532,164.943899693678,82.471949846839,27.49064994894633,-54.98129989789266,5.498129989789266,219.92519959157065,-27.49064994894633,137.45324974473166,41.2359749234195,68.72662487236583,-109.96259979578532,13.745324974473165,54.98129989789266
151.1,109.95113991690675,164.92670987536013,82.46335493768007,27.48778497922669,-54.97556995845338,5.497556995845338,219.9022798338135,-27.48778497922669,137.43892489613344,41.23167746884003,68.71946244806672,-109.95113991690675,13.743892489613344,54.97556995845338
151.20000000000002,109.93982780551582,164.9097417082737,82.45487085413686,27.484956951378955,-54.96991390275791,5.496991390275792,219.87965561103164,-27.484956951378955,137.42478475689478,41.22743542706843,68.71239237844739,-109.93982780551582,13.742478475689477,54.96991390275791
151.3,109.9287385520918,164.89310782813772,82.44655391406886,27.48218463802295,-54.9643692760459,5.496436927604591,219.8574771041836,-27.48218463802295,137.41092319011474,41.22327695703443,68.70546159505737,-109.9287385520918,13.741092319011475,54.9643692760459
151.4,109.91796463588196,164.87694695382294,82.43847347691147,27.47949115897049,-54.95898231794098,5.495898231794098,219.83592927176392,-27.47949115897049,137.39745579485245,41.219236738455734,68.69872789742622,-109.91796463588196,13.739745579485245,54.95898231794098
151.5,109.90754092275245,164.86131138412867,82.43065569206433,27.47688523068811,-54.95377046137622,5.495377046137623,219.8150818455049,-27.47688523068811,137.38442615344056,41.21532784603217,68.69221307672028,-109.90754092275245,13.738442615344056,54.95377046137622
151.6,109.89753225258585,164.84629837887877,82.42314918943939,27.474383063146462,-54.948766126292924,5.494876612629293,219.7950645051717,-27.474383063146462,137.3719153157323,41.21157459471969,68.68595765786615,-109.89753225258585,13.737191531573231,54.948766126292924
151.70000000000002,109.88797666371576,164.83196499557363,82.41598249778681,27.47199416592894,-54.94398833185788,5.494398833185788,219.77595332743152,-27.47199416592894,137.3599708296447,41.20799124889341,68.67998541482235,-109.88797666371576,13.73599708296447,54.94398833185788
151.8,109.87888565515841,164.81832848273763,82.40916424136881,27.469721413789603,-54.93944282757921,5.493944282757921,219.75777131031683,-27.469721413789603,137.348607068948,41.20458212068441,68.674303534474,-109.87888565515841,13.734860706894802,54.93944282757921
151.9,109.87023177859442,164.80534766789162,82.40267383394581,27.467557944648604,-54.93511588929721,5.493511588929721,219.74046355718883,-27.467557944648604,137.33778972324302,41.201336916972906,68.66889486162151,-109.87023177859442,13.733778972324302,54.93511588929721
152.0,109.86195642915621,164.79293464373433,82.39646732186716,27.465489107289052,-54.930978214578104,5.493097821457811,219.72391285831242,-27.465489107289052,137.32744553644525,41.19823366093358,68.66372276822263,-109.86195642915621,13.732744553644526,54.930978214578104
152.1,109.85400735025323,164.78101102537983,82.39050551268991,27.463501837563307,-54.92700367512661,5.492700367512661,219.70801470050645,-27.463501837563307,137.31750918781654,41.195252756344956,68.65875459390827,-109.85400735025323,13.731750918781653,54.92700367512661
152.20000000000002,109.84635206538506,164.7695280980776,82.3847640490388,27.461588016346266,-54.92317603269253,5.492317603269253,219.69270413077012,-27.461588016346266,137.30794008173132,41.1923820245194,68.65397004086566,-109.84635206538506,13.730794008173133,54.92317603269253
152.3,109.83892613147003,164.75838919720505,82.37919459860252,27.459731532867508,-54.919463065735016,5.491946306573502,219.67785226294006,-27.459731532867508,137.29865766433755,41.18959729930126,68.64932883216878,-109.83892613147003,13.729865766433754,54.919463065735016
152.4,109.83163309255522,164.74744963883285,82.37372481941642,27.457908273138806,-54.91581654627761,5.491581654627762,219.66326618511044,-27.457908273138806,137.28954136569402,41.18686240970821,68.64477068284701,-109.83163309255522,13.728954136569403,54.91581654627761
152.5,109.82437373509026,164.7365606026354,82.3682803013177,27.456093433772566,-54.91218686754513,5.491218686754514,219.64874747018052,-27.456093433772566,137.28046716886283,41.18414015065885,68.64023358443141,-109.82437373509026,13.728046716886283,54.91218686754513
152.6,109.81709861138287,164.7256479170743,82.36282395853715,27.45427465284572,-54.90854930569144,5.490854930569144,219.63419722276575,-27.45427465284572,137.2713732642286,41.181411979268574,68.6356866321143,-109.81709861138287,13.72713732642286,54.90854930569144
152.70000000000002,109.8097331446025,164.71459971690376,82.35729985845188,27.452433286150626,-54.90486657230125,5.490486657230125,219.619466289205,-27.452433286150626,137.26216643075313,41.17864992922594,68.63108321537656,-109.8097331446025,13.726216643075313,54.90486657230125
152.8,109.80222718658686,164.7033407798803,82.35167038994015,27.450556796646715,-54.90111359329343,5.490111359329344,219.60445437317372,-27.450556796646715,137.25278398323357,41.17583519497008,68.62639199161679,-109.80222718658686,13.725278398323358,54.90111359329343
152.9,109.79455587470466,164.69183381205698,82.34591690602849,27.448638968676164,-54.89727793735233,5.489727793735233,219.5891117494093,-27.448638968676164,137.24319484338082,41.172958453014246,68.62159742169041,-109.79455587470466,13.724319484338082,54.89727793735233
153.0,109.78675116699205,164.68012675048806,82.34006337524403,27.446687791748012,-54.893375583496024,5.489337558349603,219.5735023339841,-27.446687791748012,137.23343895874007,41.170031687622014,68.61671947937003,-109.78675116699205,13.723343895874006,54.893375583496024
153.1,109.77891101089931,164.66836651634895,82.33418325817448,27.444727752724827,-54.889455505449654,5.488945550544965,219.55782202179861,-27.444727752724827,137.22363876362414,41.16709162908724,68.61181938181207,-109.77891101089931,13.722363876362413,54.889455505449654
153.20000000000002,109.77114230194371,164.65671345291557,82.32835672645778,27.442785575485928,-54.885571150971856,5.488557115097186,219.54228460388742,-27.442785575485928,137.21392787742963,41.16417836322889,68.60696393871481,-109.77114230194371,13.721392787742964,54.885571150971856
153.3,109.76356245258555,164.6453436788783,82.32267183943915,27.440890613146387,-54.88178122629277,5.488178122629278,219.5271249051711,-27.440890613146387,137.20445306573194,41.161335919719576,68.60222653286597,-109.76356245258555,13.720445306573193,54.88178122629277
153.4,109.75632720734828,164.63449081102243,82.31724540551122,27.43908180183707,-54.87816360367414,5.487816360367415,219.51265441469656,-27.43908180183707,137.19540900918534,41.15862270275561,68.59770450459267,-109.75632720734828,13.719540900918535,54.87816360367414
153.5,109.74961240990966,164.62441861486448,82.31220930743224,27.437403102477415,-54.87480620495483,5.487480620495483,219.49922481981932,-27.437403102477415,137.18701551238706,41.15610465371612,68.59350775619353,-109.74961240990966,13.718701551238707,54.87480620495483
153.60000000000002,109.74356502785471,164.61534754178206,82.30767377089103,27.43589125696368,-54.87178251392736,5.487178251392736,219.48713005570943,-27.43589125696368,137.1794562848184,41.153836885445514,68.5897281424092,-109.74356502785471,13.71794562848184,54.87178251392736
153.70000000000002,109.7383838419806,164.6075757629709,82.30378788148545,27.43459596049515,-54.8691919209903,5.48691919209903,219.4767676839612,-27.43459596049515,137.17297980247577,41.151893940742724,68.58648990123788,-109.7383838419806,13.717297980247576,54.8691919209903
153.8,109.73431089487431,164.60146634231148,82.30073317115574,27.433577723718578,-54.867155447437156,5.486715544743716,219.46862178974862,-27.433577723718578,137.16788861859288,41.15036658557787,68.58394430929644,-109.73431089487431,13.716788861859289,54.867155447437156
153.9,109.73159039931116,164.59738559896675,82.29869279948338,27.43289759982779,-54.86579519965558,5.4865795199655585,219.46318079862232,-27.43289759982779,137.16448799913894,41.14934639974169,68.58224399956947,-109.73159039931116,13.716448799913895,54.86579519965558
154.0,109.73042126846892,164.59563190270336,82.29781595135168,27.43260531711723,-54.86521063423446,5.486521063423446,219.46084253693783,-27.43260531711723,137.16302658558615,41.14890797567584,68.58151329279308,-109.73042126846892,13.716302658558615,54.86521063423446
154.10000000000002,109.73096885318961,164.5964532797844,82.2982266398922,27.432742213297402,-54.865484426594804,5.486548442659481,219.46193770637922,-27.432742213297402,137.163711066487,41.1491133199461,68.5818555332435,-109.73096885318961,13.716371106648701,54.865484426594804
154.20000000000002,109.7333865437544,164.6000798156316,82.3000399078158,27.4333466359386,-54.8666932718772,5.4866693271877205,219.4667730875088,-27.4333466359386,137.166733179693,41.1500199539079,68.5833665898465,-109.7333865437544,13.7166733179693,54.8666932718772
154.3,109.73777374616334,164.60666061924502,82.30333030962251,27.434443436540835,-54.86888687308167,5.486888687308167,219.47554749232668,-27.434443436540835,137.17221718270417,41.151665154811255,68.58610859135209,-109.73777374616334,13.717221718270418,54.86888687308167
154.4,109.74419519088102,164.61629278632154,82.30814639316077,27.436048797720254,-54.87209759544051,5.487209759544051,219.48839038176203,-27.436048797720254,137.18024398860126,41.154073196580384,68.59012199430063,-109.74419519088102,13.718024398860127,54.87209759544051
154.5,109.75266522084334,164.628997831265,82.3144989156325,27.438166305210835,-54.87633261042167,5.487633261042167,219.50533044168668,-27.438166305210835,137.19083152605418,41.15724945781625,68.59541576302709,-109.75266522084334,13.719083152605418,54.87633261042167
154.60000000000002,109.76309925479838,164.64464888219757,82.32232444109879,27.440774813699594,-54.88154962739919,5.4881549627399195,219.52619850959675,-27.440774813699594,137.20387406849798,41.16116222054939,68.60193703424899,-109.76309925479838,13.720387406849797,54.88154962739919
154.70000000000002,109.77540936437498,164.66311404656247,82.33155702328123,27.443852341093745,-54.88770468218749,5.48877046821875,219.55081872874996,-27.443852341093745,137.21926170546874,41.16577851164062,68.60963085273437,-109.77540936437498,13.721926170546872,54.88770468218749
154.8,109.78951192440451,164.68426788660676,82.34213394330338,27.447377981101127,-54.894755962202254,5.489475596220226,219.57902384880902,-27.447377981101127,137.23688990550562,41.17106697165169,68.61844495275281,-109.78951192440451,13.723688990550563,54.894755962202254
154.9,109.80526552848994,164.7078982927349,82.35394914636746,27.451316382122485,-54.90263276424497,5.490263276424497,219.61053105697988,-27.451316382122485,137.25658191061243,41.17697457318373,68.62829095530621,-109.80526552848994,13.725658191061243,54.90263276424497
155.0,109.82247207281078,164.73370810921617,82.36685405460808,27.455618018202696,-54.91123603640539,5.491123603640539,219.64494414562157,-27.455618018202696,137.27809009101347,41.18342702730404,68.63904504550673,-109.82247207281078,13.727809009101348,54.91123603640539
155.10000000000002,109.84096307346144,164.76144461019214,82.38072230509607,27.46024076836536,-54.92048153673072,5.492048153673072,219.68192614692288,-27.46024076836536,137.3012038418268,41.190361152548036,68.6506019209134,-109.84096307346144,13.73012038418268,54.92048153673072
155.20000000000002,109.86059957785824,164.79089936678736,82.39544968339368,27.46514989446456,-54.93029978892912,5.4930299788929124,219.72119915571648,-27.46514989446456,137.3257494723228,41.19772484169684,68.6628747361614,-109.86059957785824,13.73257494723228,54.93029978892912
155.3,109.88123348200989,164.82185022301485,82.41092511150742,27.470308370502472,-54.940616741004945,5.494061674100495,219.76246696401978,-27.470308370502472,137.35154185251236,41.20546255575371,68.67577092625618,-109.88123348200989,13.735154185251236,54.940616741004945
155.4,109.90269876453328,164.85404814679993,82.42702407339996,27.47567469113332,-54.95134938226664,5.4951349382266645,219.80539752906657,-27.47567469113332,137.3783734556666,41.21351203669998,68.6891867278333,-109.90269876453328,13.73783734556666,54.95134938226664
155.5,109.92483526866738,164.88725290300107,82.44362645150053,27.481208817166845,-54.96241763433369,5.496241763433369,219.84967053733476,-27.481208817166845,137.40604408583422,41.22181322575027,68.70302204291711,-109.92483526866738,13.740604408583422,54.96241763433369
155.60000000000002,109.94742932415134,164.921143986227,82.4605719931135,27.486857331037836,-54.97371466207567,5.497371466207568,219.8948586483027,-27.486857331037836,137.43428665518917,41.23028599655675,68.71714332759458,-109.94742932415134,13.743428665518918,54.97371466207567
155.70000000000002,109.97020505474524,164.95530758211785,82.47765379105893,27.49255126368631,-54.98510252737262,5.498510252737262,219.94041010949047,-27.49255126368631,137.46275631843156,41.23882689552946,68.73137815921578,-109.97020505474524,13.746275631843154,54.98510252737262
155.8,109.99287675081312,164.98931512621968,82.49465756310984,27.49821918770328,-54.99643837540656,5.499643837540656,219.98575350162625,-27.49821918770328,137.4910959385164,41.24732878155492,68.7455479692582,-109.99287675081312,13.74910959385164,54.99643837540656
155.9,110.0152493325387,165.02287399880805,82.51143699940403,27.503812333134675,-55.00762466626935,5.500762466626935,220.0304986650774,-27.503812333134675,137.51906166567338,41.25571849970201,68.75953083283669,-110.0152493325387,13.751906166567338,55.00762466626935
156.0,110.03715261100072,165.0557289165011,82.52786445825055,27.50928815275018,-55.01857630550036,5.501857630550036,220.07430522200144,-27.50928815275018,137.5464407637509,41.263932229125274,68.77322038187545,-110.03715261100072,13.75464407637509,55.01857630550036
156.10000000000002,110.05847686704172,165.0877153005626,82.5438576502813,27.51461921676043,-55.02923843352086,5.502923843352086,220.11695373408344,-27.51461921676043,137.57309608380214,41.27192882514065,68.78654804190107,-110.05847686704172,13.757309608380215,55.02923843352086
156.20000000000002,110.07912255966399,165.118683839496,82.559341919748,27.519780639915997,-55.03956127983199,5.5039561279832,220.15824511932797,-27.519780639915997,137.59890319957998,41.279670959874,68.79945159978999,-110.07912255966399,13.759890319957998,55.03956127983199
156.3,110.09906545043543,165.14859817565315,82.57429908782657,27.524766362608858,-55.049532725217716,5.504953272521772,220.19813090087086,-27.524766362608858,137.6238318130443,41.28714954391329,68.81191590652215,-110.09906545043543,13.762383181304429,55.049532725217716
156.4,110.11829429536436,165.17744144304655,82.58872072152327,27.52957357384109,-55.05914714768218,5.505914714768219,220.23658859072873,-27.52957357384109,137.64786786920547,41.29436036076164,68.82393393460274,-110.11829429536436,13.764786786920546,55.05914714768218
156.5,110.13669212769295,165.20503819153942,82.60251909576971,27.53417303192324,-55.06834606384648,5.506834606384648,220.2733842553859,-27.53417303192324,137.6708651596162,41.301259547884854,68.8354325798081,-110.13669212769295,13.76708651596162,55.06834606384648
156.60000000000002,110.1540957366315,165.23114360494725,82.61557180247362,27.538523934157876,-55.07704786831575,5.507704786831575,220.308191473263,-27.538523934157876,137.69261967078938,41.30778590123681,68.84630983539469,-110.1540957366315,13.769261967078938,55.07704786831575
156.70000000000002,110.1704203232306,165.2556304848459,82.62781524242295,27.54260508080765,-55.0852101616153,5.508521016161531,220.3408406464612,-27.54260508080765,137.71302540403826,41.31390762121148,68.85651270201913,-110.1704203232306,13.771302540403825,55.0852101616153
156.8,110.18566258241358,165.2784938736204,82.6392469368102,27.546415645603396,-55.09283129120679,5.509283129120679,220.37132516482717,-27.546415645603396,137.73207822801697,41.3196234684051,68.86603911400849,-110.18566258241358,13.773207822801698,55.09283129120679
156.9,110.19985458036768,165.29978187055153,82.64989093527576,27.54996364509192,-55.09992729018384,5.509992729018385,220.39970916073537,-27.54996364509192,137.7498182254596,41.32494546763788,68.8749091127298,-110.19985458036768,13.77498182254596,55.09992729018384
157.0,110.21309268072083,165.31963902108126,82.65981951054063,27.55327317018021,-55.10654634036042,5.510654634036042,220.42618536144167,-27.55327317018021,137.76636585090105,41.329909755270315,68.88318292545053,-110.21309268072083,13.776636585090104,55.10654634036042
157.10000000000002,110.2254562489916,165.33818437348742,82.66909218674371,27.5563640622479,-55.1127281244958,5.5112728124495804,220.4509124979832,-27.5563640622479,137.7818203112395,41.334546093371856,68.89091015561975,-110.2254562489916,13.77818203112395,55.1127281244958
157.20000000000002,110.23696350924419,165.35544526386627,82.67772263193314,27.559240877311048,-55.118481754622096,5.51184817546221,220.47392701848838,-27.559240877311048,137.79620438655525,41.33886131596657,68.89810219327762,-110.23696350924419,13.779620438655524,55.118481754622096
157.3,110.24759795006261,165.3713969250939,82.68569846254695,27.561899487515653,-55.123798975031306,5.512379897503131,220.49519590012522,-27.561899487515653,137.80949743757827,41.342849231273476,68.90474871878914,-110.24759795006261,13.780949743757827,55.123798975031306
157.4,110.25728594883066,165.38592892324598,82.69296446162299,27.564321487207664,-55.12864297441533,5.512864297441533,220.5145718976613,-27.564321487207664,137.82160743603833,41.346482230811496,68.91080371801917,-110.25728594883066,13.782160743603832,55.12864297441533
157.5,110.26593657913173,165.3989048686976,82.6994524343488,27.566484144782933,-55.132968289565866,5.513296828956587,220.53187315826347,-27.566484144782933,137.83242072391465,41.3497262171744,68.91621036195733,-110.26593657913173,13.783242072391467,55.132968289565866
157.60000000000002,110.27349782470344,165.41024673705516,82.70512336852758,27.56837445617586,-55.13674891235172,5.513674891235173,220.54699564940688,-27.56837445617586,137.8418722808793,41.35256168426379,68.92093614043965,-110.27349782470344,13.78418722808793,55.13674891235172
157.70000000000002,110.27994917034843,165.41992375552263,82.70996187776132,27.569987292587108,-55.139974585174215,5.513997458517422,220.55989834069686,-27.569987292587108,137.84993646293555,41.35498093888066,68.92496823146777,-110.27994917034843,13.784993646293554,55.139974585174215
157.8,110.28526899922713,165.4279034988407,82.71395174942035,27.571317249806782,-55.142634499613564,5.514263449961357,220.57053799845426,-27.571317249806782,137.8565862490339,41.35697587471017,68.92829312451696,-110.28526899922713,13.785658624903391,55.142634499613564
157.9,110.28941344478253,165.43412016717377,82.71706008358689,27.57235336119563,-55.14470672239126,5.514470672239127,220.57882688956505,-27.57235336119563,137.86176680597816,41.35853004179344,68.93088340298908,-110.28941344478253,13.786176680597816,55.14470672239126
158.0,110.29232576224928,165.43848864337392,82.71924432168696,27.57308144056232,-55.14616288112464,5.514616288112464,220.58465152449855,-27.57308144056232,137.86540720281158,41.35962216084348,68.93270360140579,-110.29232576224928,13.78654072028116,55.14616288112464
158.10000000000002,110.29398580637178,165.44097870955767,82.72048935477883,27.573496451592945,-55.14699290318589,5.514699290318589,220.58797161274356,-27.573496451592945,137.86748225796472,41.36024467738942,68.93374112898236,-110.29398580637178,13.786748225796472,55.14699290318589
158.20000000000002,110.2943119336529,165.44146790047935,82.72073395023968,27.573577983413227,-55.14715596682645,5.514715596682645,220.5886238673058,-27.573577983413227,137.86788991706612,41.36036697511984,68.93394495853306,-110.2943119336529,13.786788991706613,55.14715596682645
158.3,110.29319347854201,165.43979021781303,82.71989510890651,27.573298369635502,-55.146596739271004,5.514659673927101,220.58638695708402,-27.573298369635502,137.8664918481775,41.35994755445326,68.93324592408875,-110.29319347854201,13.786649184817751,55.146596739271004
158.4,110.29056894475201,165.43585341712802,82.71792670856401,27.572642236188003,-55.145284472376005,5.514528447237601,220.58113788950402,-27.572642236188003,137.86321118094003,41.358963354282004,68.93160559047001,-110.29056894475201,13.786321118094001,55.145284472376005
158.5,110.28650116759536,165.42975175139304,82.71487587569652,27.57162529189884,-55.14325058379768,5.514325058379768,220.57300233519072,-27.57162529189884,137.8581264594942,41.35743793784826,68.9290632297471,-110.28650116759536,13.78581264594942,55.14325058379768
158.60000000000002,110.28108246421536,165.42162369632302,82.71081184816151,27.57027061605384,-55.14054123210768,5.5140541232107685,220.56216492843072,-27.57027061605384,137.8513530802692,41.355405924080756,68.9256765401346,-110.28108246421536,13.78513530802692,55.14054123210768
158.70000000000002,110.27439621929138,165.41159432893707,82.70579716446854,27.568599054822844,-55.13719810964569,5.513719810964569,220.54879243858275,-27.568599054822844,137.84299527411423,41.35289858223427,68.92149763705712,-110.27439621929138,13.784299527411422,55.13719810964569
158.8,110.26655247520065,165.39982871280097,82.69991435640048,27.566638118800164,-55.13327623760033,5.513327623760033,220.5331049504013,-27.566638118800164,137.83319059400083,41.34995717820024,68.91659529700041,-110.26655247520065,13.783319059400082,55.13327623760033
158.9,110.25770408057785,165.38655612086677,82.69327806043339,27.564426020144463,-55.128852040288926,5.512885204028893,220.5154081611557,-27.564426020144463,137.82213010072232,41.34663903021669,68.91106505036116,-110.25770408057785,13.782213010072232,55.128852040288926
159.0,110.24805162650576,165.37207743975864,82.68603871987932,27.56201290662644,-55.12402581325288,5.512402581325288,220.4961032530115,-27.56201290662644,137.8100645331322,41.34301935993966,68.9050322665661,-110.24805162650576,13.78100645331322,55.12402581325288
159.10000000000002,110.23788786480539,165.3568317972081,82.67841589860404,27.559471966201347,-55.11894393240269,5.5118943932402695,220.47577572961077,-27.559471966201347,137.79735983100673,41.33920794930202,68.89867991550337,-110.23788786480539,13.779735983100673,55.11894393240269
159.20000000000002,110.2275468021178,165.3413202031767,82.67066010158835,27.55688670052945,-55.1137734010589,5.5113773401058905,220.4550936042356,-27.55688670052945,137.78443350264726,41.33533005079418,68.89221675132363,-110.2275468021178,13.778443350264725,55.1137734010589
159.3,110.21735466174215,165.32603199261322,82.66301599630661,27.554338665435537,-55.108677330871075,5.510867733087108,220.4347093234843,-27.554338665435537,137.77169332717767,41.331507998153306,68.88584666358884,-110.21735466174215,13.777169332717769,55.108677330871075
159.4,110.20758180958933,165.311372714384,82.655686357192,27.551895452397332,-55.103790904794664,5.510379090479467,220.41516361917866,-27.551895452397332,137.75947726198666,41.327843178596,68.87973863099333,-110.20758180958933,13.775947726198666,55.103790904794664
159.5,110.19848035760808,165.2977205364121,82.64886026820605,27.54962008940202,-55.09924017880404,5.5099240178804045,220.39696071521615,-27.54962008940202,137.7481004470101,41.324430134103025,68.87405022350505,-110.19848035760808,13.77481004470101,55.09924017880404
159.60000000000002,110.19032531512431,165.28548797268647,82.64274398634323,27.547581328781078,-55.095162657562156,5.509516265756216,220.38065063024862,-27.547581328781078,137.73790664390538,41.32137199317162,68.86895332195269,-110.19032531512431,13.773790664390539,55.095162657562156
159.70000000000002,110.1834082019972,165.2751123029958,82.6375561514979,27.5458520504993,-55.0917041009986,5.50917041009986,220.3668164039944,-27.5458520504993,137.7292602524965,41.31877807574895,68.86463012624824,-110.1834082019972,13.77292602524965,55.0917041009986
159.8,110.1779145998659,165.26687189979884,82.63343594989942,27.544478649966475,-55.08895729993295,5.508895729993295,220.3558291997318,-27.544478649966475,137.72239324983238,41.31671797494971,68.86119662491619,-110.1779145998659,13.772239324983238,55.08895729993295
159.9,110.17389945078963,165.26084917618445,82.63042458809223,27.54347486269741,-55.08694972539482,5.508694972539482,220.34779890157927,-27.54347486269741,137.71737431348703,41.31521229404611,68.85868715674351,-110.17389945078963,13.771737431348704,55.08694972539482
160.0,110.17140065560679,165.25710098341017,82.62855049170508,27.542850163901697,-55.085700327803394,5.50857003278034,220.34280131121358,-27.542850163901697,137.7142508195085,41.31427524585254,68.85712540975425,-110.17140065560679,13.771425081950849,55.085700327803394
160.10000000000002,110.17046387901945,165.25569581852918,82.62784790926459,27.542615969754863,-55.085231939509725,5.508523193950973,220.3409277580389,-27.542615969754863,137.71307984877433,41.313923954632294,68.85653992438716,-110.17046387901945,13.771307984877431,55.085231939509725
160.20000000000002,110.17111120479507,165.2566668071926,82.6283334035963,27.542777801198767,-55.085555602397534,5.508555560239754,220.34222240959014,-27.542777801198767,137.71388900599385,41.31416670179815,68.85694450299692,-110.17111120479507,13.771388900599383,55.085555602397534
160.3,110.17334312352168,165.2600146852825,82.63000734264125,27.54333578088042,-55.08667156176084,5.5086671561760845,220.34668624704335,-27.54333578088042,137.7166789044021,41.315003671320625,68.85833945220105,-110.17334312352168,13.77166789044021,55.08667156176084
160.4,110.17721987356282,165.26582981034423,82.63291490517211,27.544304968390705,-55.08860993678141,5.508860993678141,220.35443974712564,-27.544304968390705,137.7215248419535,41.31645745258606,68.86076242097676,-110.17721987356282,13.772152484195352,55.08860993678141
160.5,110.18289355278316,165.27434032917472,82.63717016458736,27.54572338819579,-55.09144677639158,5.509144677639158,220.3657871055663,-27.54572338819579,137.72861694097895,41.31858508229368,68.86430847048948,-110.18289355278316,13.772861694097895,55.09144677639158
160.60000000000002,110.19049738452614,165.28574607678922,82.64287303839461,27.547624346131535,-55.09524869226307,5.509524869226308,220.38099476905228,-27.547624346131535,137.73812173065767,41.321436519197306,68.86906086532883,-110.19049738452614,13.773812173065767,55.09524869226307
160.70000000000002,110.20007980963658,165.30011971445487,82.65005985722743,27.550019952409144,-55.10003990481829,5.510003990481829,220.40015961927315,-27.550019952409144,137.75009976204572,41.325029928613716,68.87504988102286,-110.20007980963658,13.775009976204572,55.10003990481829
160.8,110.21158365900207,165.3173754885031,82.65868774425155,27.55289591475052,-55.10579182950104,5.510579182950104,220.42316731800415,-27.55289591475052,137.7644795737526,41.329343872125776,68.8822397868763,-110.21158365900207,13.77644795737526,55.10579182950104
160.9,110.22493308686546,165.3373996302982,82.6686998151491,27.556233271716366,-55.11246654343273,5.511246654343274,220.44986617373092,-27.556233271716366,137.78116635858183,41.33434990757455,68.89058317929091,-110.22493308686546,13.778116635858183,55.11246654343273
161.0,110.24010778081626,165.36016167122438,82.68008083561219,27.560026945204065,-55.12005389040813,5.512005389040813,220.48021556163252,-27.560026945204065,137.80013472602033,41.340040417806094,68.90006736301017,-110.24010778081626,13.780013472602032,55.12005389040813
161.10000000000002,110.25713220848704,165.38569831273054,82.69284915636527,27.56428305212176,-55.12856610424352,5.512856610424352,220.51426441697407,-27.56428305212176,137.8214152606088,41.346424578182635,68.9107076303044,-110.25713220848704,13.78214152606088,55.12856610424352
161.20000000000002,110.27604483395035,165.41406725092554,82.70703362546277,27.569011208487588,-55.138022416975176,5.513802241697518,220.5520896679007,-27.569011208487588,137.84505604243793,41.353516812731385,68.92252802121897,-110.27604483395035,13.784505604243794,55.138022416975176
161.3,110.29690930921258,165.44536396381886,82.72268198190943,27.574227327303145,-55.14845465460629,5.514845465460629,220.59381861842516,-27.574227327303145,137.87113663651573,41.361340990954716,68.93556831825786,-110.29690930921258,13.787113663651573,55.14845465460629
161.4,110.31971767016924,165.47957650525387,82.73978825262694,27.57992941754231,-55.15985883508462,5.5159858835084625,220.63943534033848,-27.57992941754231,137.89964708771154,41.36989412631347,68.94982354385577,-110.31971767016924,13.789964708771155,55.15985883508462
161.5,110.3445124203891,165.51676863058364,82.75838431529182,27.586128105097274,-55.17225621019455,5.517225621019455,220.6890248407782,-27.586128105097274,137.93064052548635,41.37919215764591,68.96532026274318,-110.3445124203891,13.793064052548637,55.17225621019455
161.60000000000002,110.37136866915827,165.5570530037374,82.7785265018687,27.592842167289568,-55.185684334579136,5.518568433457914,220.74273733831654,-27.592842167289568,137.96421083644785,41.38926325093435,68.98210541822392,-110.37136866915827,13.796421083644784,55.185684334579136
161.70000000000002,110.40029622714104,165.60044434071156,82.80022217035578,27.60007405678526,-55.20014811357052,5.520014811357052,220.80059245428208,-27.60007405678526,138.00037028392632,41.40011108517789,69.00018514196316,-110.40029622714104,13.80003702839263,55.20014811357052
161.8,110.4312791251224,165.6469186876836,82.8234593438418,27.6078197812806,-55.2156395625612,5.52156395625612,220.8625582502448,-27.6078197812806,138.039098906403,41.4117296719209,69.0195494532015,-110.4312791251224,13.8039098906403,55.2156395625612
161.9,110.46428963312763,165.69643444969145,82.84821722484573,27.61607240828191,-55.23214481656382,5.523214481656382,220.92857926625527,-27.61607240828191,138.08036204140956,41.42410861242286,69.04018102070478,-110.46428963312763,13.808036204140954,55.23214481656382
162.0,110.49927701716106,165.7489155257416,82.8744577628708,27.624819254290266,-55.24963850858053,5.524963850858054,220.99855403432213,-27.624819254290266,138.12409627145132,41.4372288814354,69.06204813572566,-110.49927701716106,13.812409627145133,55.24963850858053
162.10000000000002,110.53615206057847,165.8042280908677,82.90211404543385,27.63403801514462,-55.26807603028924,5.526807603028924,221.07230412115695,-27.63403801514462,138.1701900757231,41.451057022716924,69.08509503786155,-110.53615206057847,13.81701900757231,55.26807603028924
162.20000000000002,110.57484779042093,165.8622716856314,82.9311358428157,27.643711947605233,-55.287423895210466,5.528742389521047,221.14969558084186,-27.643711947605233,138.21855973802616,41.46556792140785,69.10927986901308,-110.57484779042093,13.821855973802617,55.287423895210466
162.3,110.61532071786155,165.92298107679233,82.96149053839616,27.653830179465388,-55.307660358930775,5.530766035893078,221.2306414357231,-27.653830179465388,138.26915089732694,41.48074526919808,69.13457544866347,-110.61532071786155,13.826915089732694,55.307660358930775
162.4,110.6575717355395,165.98635760330927,82.99317880165464,27.664392933884876,-55.32878586776975,5.532878586776976,221.315143471079,-27.664392933884876,138.32196466942437,41.49658940082732,69.16098233471219,-110.6575717355395,13.832196466942438,55.32878586776975
162.5,110.7015277145309,166.05229157179633,83.02614578589817,27.675381928632724,-55.35076385726545,5.535076385726545,221.4030554290618,-27.675381928632724,138.37690964316363,41.51307289294908,69.18845482158181,-110.7015277145309,13.837690964316362,55.35076385726545
162.60000000000002,110.74711673527244,166.12067510290865,83.06033755145432,27.68677918381811,-55.37355836763622,5.537355836763623,221.49423347054488,-27.68677918381811,138.43389591909056,41.53016877572716,69.21694795954528,-110.74711673527244,13.843389591909055,55.37355836763622
162.70000000000002,110.79428474510141,166.1914271176521,83.09571355882605,27.698571186275352,-55.397142372550704,5.539714237255071,221.58856949020281,-27.698571186275352,138.49285593137677,41.547856779413024,69.24642796568838,-110.79428474510141,13.849285593137676,55.397142372550704
162.8,110.84296841627373,166.2644526244106,83.1322263122053,27.710742104068434,-55.42148420813687,5.542148420813687,221.68593683254747,-27.710742104068434,138.55371052034218,41.56611315610265,69.27685526017109,-110.84296841627373,13.855371052034217,55.42148420813687
162.9,110.89307303769687,166.3396095565453,83.16980477827265,27.723268259424216,-55.44653651884843,5.544653651884843,221.78614607539373,-27.723268259424216,138.6163412971211,41.584902389136325,69.30817064856055,-110.89307303769687,13.861634129712108,55.44653651884843
163.0,110.94450278027213,166.41675417040818,83.20837708520409,27.736125695068033,-55.472251390136066,5.547225139013607,221.88900556054426,-27.736125695068033,138.68062847534017,41.604188542602046,69.34031423767009,-110.94450278027213,13.868062847534016,55.472251390136066
163.10000000000002,110.9972367061591,166.49585505923864,83.24792752961932,27.749309176539775,-55.49861835307955,5.549861835307955,221.9944734123182,-27.749309176539775,138.74654588269888,41.62396376480966,69.37327294134944,-110.9972367061591,13.874654588269888,55.49861835307955
163.20000000000002,111.05133483796499,166.57700225694748,83.28850112847374,27.762833709491247,-55.52566741898249,5.55256674189825,222.10266967592997,-27.762833709491247,138.81416854745623,41.64425056423687,69.40708427372812,-111.05133483796499,13.881416854745623,55.52566741898249
163.3,111.10686263452551,166.66029395178828,83.33014697589414,27.776715658631378,-55.553431317262756,5.555343131726276,222.21372526905103,-27.776715658631378,138.8835782931569,41.66507348794707,69.44178914657844,-111.10686263452551,13.888357829315689,55.553431317262756
163.4,111.16383164234134,166.745747463512,83.372873731756,27.790957910585334,-55.58191582117067,5.558191582117067,222.32766328468267,-27.790957910585334,138.95478955292668,41.686436865878,69.47739477646334,-111.16383164234134,13.895478955292667,55.58191582117067
163.5,111.22221927028315,166.8333289054247,83.41666445271235,27.805554817570787,-55.611109635141574,5.561110963514158,222.4444385405663,-27.805554817570787,139.02777408785394,41.70833222635618,69.51388704392697,-111.22221927028315,13.902777408785393,55.611109635141574
163.60000000000002,111.28188628250355,166.92282942375533,83.46141471187767,27.820471570625887,-55.640943141251775,5.564094314125178,222.5637725650071,-27.820471570625887,139.10235785312943,41.73070735593883,69.55117892656472,-111.28188628250355,13.910235785312944,55.640943141251775
163.70000000000002,111.34265619041241,167.01398428561862,83.50699214280931,27.835664047603103,-55.671328095206206,5.567132809520621,222.68531238082483,-27.835664047603103,139.17832023801552,41.753496071404655,69.58916011900776,-111.34265619041241,13.917832023801552,55.671328095206206
163.8,111.4044133576207,167.10662003643105,83.55331001821553,27.851103339405174,-55.70220667881035,5.570220667881035,222.8088267152414,-27.851103339405174,139.25551669702588,41.77665500910776,69.62775834851294,-111.4044133576207,13.925551669702587,55.70220667881035
163.9,111.46708370971994,167.20062556457992,83.60031278228996,27.866770927429986,-55.73354185485997,5.573354185485997,222.9341674194399,-27.866770927429986,139.33385463714993,41.80015639114498,69.66692731857496,-111.46708370971994,13.933385463714993,55.73354185485997
164.0,111.53063291846024,167.29594937769036,83.64797468884518,27.88265822961506,-55.76531645923012,5.576531645923012,223.06126583692048,-27.88265822961506,139.4132911480753,41.82398734442259,69.70664557403765,-111.53063291846024,13.94132911480753,55.76531645923012
164.10000000000002,111.59502072946078,167.39253109419118,83.69626554709559,27.898755182365196,-55.79751036473039,5.57975103647304,223.19004145892157,-27.898755182365196,139.493775911826,41.848132773547796,69.746887955913,-111.59502072946078,13.949377591182598,55.79751036473039
164.20000000000002,111.66025799152243,167.49038698728364,83.74519349364182,27.915064497880607,-55.830128995761214,5.583012899576122,223.32051598304486,-27.915064497880607,139.57532248940305,41.87259674682091,69.78766124470152,-111.66025799152243,13.957532248940304,55.830128995761214
164.3,111.72643281591326,167.58964922386988,83.79482461193494,27.931608203978314,-55.86321640795663,5.5863216407956635,223.4528656318265,-27.931608203978314,139.65804101989158,41.89741230596747,69.82902050994579,-111.72643281591326,13.965804101989157,55.86321640795663
164.4,111.7936662507327,167.69049937609904,83.84524968804952,27.948416562683175,-55.89683312536635,5.589683312536636,223.5873325014654,-27.948416562683175,139.74208281341586,41.92262484402476,69.87104140670793,-111.7936662507327,13.974208281341587,55.89683312536635
164.5,111.86210214550431,167.79315321825646,83.89657660912823,27.965525536376077,-55.931051072752155,5.593105107275216,223.72420429100862,-27.965525536376077,139.8276276818804,41.948288304564116,69.9138138409402,-111.86210214550431,13.982762768188039,55.931051072752155
164.60000000000002,111.93188210644249,167.89782315966374,83.94891157983187,27.98297052661062,-55.96594105322124,5.596594105322125,223.86376421288497,-27.98297052661062,139.9148526330531,41.974455789915936,69.95742631652655,-111.93188210644249,13.99148526330531,55.96594105322124
164.70000000000002,112.00313921664338,168.00470882496506,84.00235441248253,28.000784804160844,-56.00156960832169,5.6001569608321695,224.00627843328675,-28.000784804160844,140.00392402080422,42.001177206241266,70.00196201040211,-112.00313921664338,14.000392402080422,56.00156960832169
164.8,112.0759716892284,168.1139575338426,84.0569787669213,28.0189929223071,-56.0379858446142,5.60379858446142,224.1519433784568,-28.0189929223071,140.0949646115355,42.02848938346065,70.04748230576774,-112.0759716892284,14.00949646115355,56.0379858446142
164.9,112.15044341692358,168.22566512538538,84.11283256269269,28.037610854230895,-56.07522170846179,5.607522170846179,224.30088683384716,-28.037610854230895,140.18805427115447,42.056416281346344,70.09402713557724,-112.15044341692358,14.018805427115447,56.07522170846179
165.0,112.22661937245017,168.33992905867527,84.16996452933763,28.056654843112543,-56.11330968622509,5.611330968622509,224.45323874490035,-28.056654843112543,140.28327421556273,42.08498226466882,70.14163710778136,-112.22661937245017,14.028327421556272,56.11330968622509
165.10000000000002,112.30456251445182,168.4568437716777,84.22842188583886,28.076140628612954,-56.15228125722591,5.615228125722592,224.60912502890363,-28.076140628612954,140.38070314306478,42.11421094291943,70.19035157153239,-112.30456251445182,14.038070314306477,56.15228125722591
165.20000000000002,112.38430291653,168.576454374795,84.2882271873975,28.0960757291325,-56.192151458265,5.619215145826501,224.76860583306,-28.0960757291325,140.4803786456625,42.14411359369875,70.24018932283126,-112.38430291653,14.04803786456625,56.192151458265
165.3,112.4658088851634,168.6987133277451,84.34935666387256,28.11645222129085,-56.2329044425817,5.623290444258171,224.9316177703268,-28.11645222129085,140.58226110645424,42.17467833193628,70.29113055322712,-112.4658088851634,14.058226110645425,56.2329044425817
165.4,112.54902898597517,168.82354347896276,84.41177173948138,28.137257246493792,-56.274514492987585,5.627451449298759,225.09805797195034,-28.137257246493792,140.68628623246897,42.20588586974069,70.34314311623449,-112.54902898597517,14.068628623246896,56.274514492987585
165.5,112.63391269611814,168.9508690441772,84.4754345220886,28.158478174029536,-56.31695634805907,5.631695634805908,225.2678253922363,-28.158478174029536,140.79239087014767,42.2377172610443,70.39619543507384,-112.63391269611814,14.079239087014768,56.31695634805907
165.60000000000002,112.72038387710461,169.0805758156569,84.54028790782846,28.180095969276152,-56.360191938552305,5.636019193855231,225.44076775420922,-28.180095969276152,140.90047984638076,42.27014395391423,70.45023992319038,-112.72038387710461,14.090047984638076,56.360191938552305
165.70000000000002,112.80833400185222,169.2125010027783,84.60625050138916,28.202083500463054,-56.40416700092611,5.6404167000926115,225.61666800370443,-28.202083500463054,141.01041750231528,42.30312525069458,70.50520875115764,-112.80833400185222,14.101041750231527,56.40416700092611
165.8,112.89758512240833,169.3463776836125,84.67318884180625,28.224396280602082,-56.448792561204165,5.644879256120417,225.79517024481666,-28.224396280602082,141.1219814030104,42.336594420903126,70.5609907015052,-112.89758512240833,14.112198140301041,56.448792561204165
165.9,112.98795550408039,169.48193325612058,84.74096662806029,28.246988876020097,-56.493977752040195,5.64939777520402,225.97591100816078,-28.246988876020097,141.2349443801005,42.370483314030146,70.61747219005025,-112.98795550408039,14.123494438010049,56.493977752040195
166.0,113.07925538762301,169.61888308143452,84.80944154071726,28.269813846905752,-56.539627693811504,5.653962769381151,226.15851077524601,-28.269813846905752,141.34906923452877,42.40472077035863,70.67453461726438,-113.07925538762301,14.134906923452876,56.539627693811504
166.10000000000002,113.17129977830984,169.75694966746477,84.87847483373238,28.29282494457746,-56.58564988915492,5.658564988915493,226.3425995566197,-28.29282494457746,141.4641247228873,42.43923741686619,70.73206236144365,-113.17129977830984,14.14641247228873,56.58564988915492
166.20000000000002,113.26389490640533,169.895842359608,84.947921179804,28.31597372660133,-56.63194745320266,5.663194745320267,226.52778981281065,-28.31597372660133,141.57986863300667,42.473960589902,70.78993431650333,-113.26389490640533,14.157986863300666,56.63194745320266
166.3,113.35685878710395,170.03528818065593,85.01764409032796,28.339214696775986,-56.67842939355197,5.6678429393551975,226.7137175742079,-28.339214696775986,141.69607348387993,42.50882204516398,70.84803674193996,-113.35685878710395,14.169607348387993,56.67842939355197
166.4,113.45006639148522,170.17509958722783,85.08754979361392,28.362516597871306,-56.72503319574261,5.672503319574261,226.90013278297045,-28.362516597871306,141.81258298935654,42.54377489680696,70.90629149467827,-113.45006639148522,14.181258298935653,56.72503319574261
166.5,113.54340249544387,170.31510374316582,85.15755187158291,28.385850623860968,-56.771701247721936,5.677170124772194,227.08680499088774,-28.385850623860968,141.92925311930483,42.578775935791455,70.96462655965242,-113.54340249544387,14.192925311930484,56.771701247721936
166.60000000000002,113.63677710376228,170.45516565564344,85.22758282782172,28.40919427594057,-56.81838855188114,5.681838855188115,227.27355420752457,-28.40919427594057,142.04597137970285,42.61379141391086,71.02298568985142,-113.63677710376228,14.204597137970286,56.81838855188114
166.70000000000002,113.73015789770263,170.59523684655395,85.29761842327697,28.432539474425656,-56.86507894885131,5.686507894885132,227.46031579540525,-28.432539474425656,142.1626973721283,42.648809211638486,71.08134868606415,-113.73015789770263,14.216269737212828,56.86507894885131
166.8,113.82349364567864,170.73524046851796,85.36762023425898,28.45587341141966,-56.91174682283932,5.691174682283933,227.64698729135728,-28.45587341141966,142.27936705709828,42.68381011712949,71.13968352854914,-113.82349364567864,14.22793670570983,56.91174682283932
166.9,113.91674171308632,170.8751125696295,85.43755628481475,28.47918542827158,-56.95837085654316,5.695837085654317,227.83348342617265,-28.47918542827158,142.3959271413579,42.71877814240737,71.19796357067895,-113.91674171308632,14.23959271413579,56.95837085654316
167.0,114.0098896648031,171.01483449720465,85.50741724860232,28.502472416200774,-57.00494483240155,5.700494483240155,228.0197793296062,-28.502472416200774,142.51236208100386,42.75370862430116,71.25618104050193,-114.0098896648031,14.251236208100387,57.00494483240155
167.10000000000002,114.10295351943121,171.15443027914682,85.57721513957341,28.525738379857803,-57.051476759715605,5.705147675971561,228.20590703886242,-28.525738379857803,142.628691899289,42.788607569786706,71.3143459496445,-114.10295351943121,14.262869189928901,57.051476759715605
167.20000000000002,114.19591450624762,171.29387175937143,85.64693587968571,28.548978626561905,-57.09795725312381,5.709795725312381,228.39182901249524,-28.548978626561905,142.74489313280952,42.82346793984286,71.37244656640476,-114.19591450624762,14.274489313280952,57.09795725312381
167.3,114.28876706108089,171.43315059162134,85.71657529581067,28.572191765270222,-57.144383530540445,5.714438353054045,228.57753412216178,-28.572191765270222,142.86095882635112,42.858287647905335,71.43047941317556,-114.28876706108089,14.286095882635111,57.144383530540445
167.4,114.38149897222891,171.57224845834338,85.78612422917169,28.595374743057228,-57.190749486114456,5.719074948611446,228.76299794445782,-28.595374743057228,142.97687371528613,42.893062114585845,71.48843685764307,-114.38149897222891,14.297687371528614,57.190749486114456
167.5,114.47415627944046,171.7112344191607,85.85561720958034,28.618539069860116,-57.23707813972023,5.723707813972023,228.94831255888093,-28.618539069860116,143.09269534930058,42.92780860479017,71.54634767465029,-114.47415627944046,14.309269534930058,57.23707813972023
167.60000000000002,114.56681853872837,171.85022780809254,85.92511390404627,28.641704634682092,-57.283409269364185,5.7283409269364185,229.13363707745674,-28.641704634682092,143.20852317341047,42.962556952023135,71.60426158670523,-114.56681853872837,14.320852317341046,57.283409269364185
167.70000000000002,114.6595964758514,171.9893947137771,85.99469735688855,28.66489911896285,-57.3297982379257,5.73297982379257,229.3191929517028,-28.66489911896285,143.32449559481427,42.997348678444276,71.66224779740713,-114.6595964758514,14.332449559481425,57.3297982379257
167.8,114.7525618258126,172.1288427387189,86.06442136935945,28.68814045645315,-57.3762809129063,5.737628091290631,229.5051236516252,-28.68814045645315,143.44070228226576,43.032210684679725,71.72035114113288,-114.7525618258126,14.344070228226576,57.3762809129063
167.9,114.8457702560363,172.26865538405445,86.13432769202723,28.711442564009076,-57.42288512801815,5.7422885128018155,229.6915405120726,-28.711442564009076,143.55721282004538,43.067163846013614,71.77860641002269,-114.8457702560363,14.355721282004538,57.42288512801815
168.0,114.93928831704565,172.40893247556846,86.20446623778423,28.734822079261413,-57.469644158522826,5.746964415852283,229.8785766340913,-28.734822079261413,143.67411039630707,43.102233118892116,71.83705519815354,-114.93928831704565,14.367411039630706,57.469644158522826
168.10000000000002,115.03317813155454,172.5497671973318,86.2748835986659,28.758294532888634,-57.51658906577727,5.7516589065777275,230.06635626310907,-28.758294532888634,143.79147266444318,43.13744179933295,71.89573633222159,-115.03317813155454,14.379147266444317,57.51658906577727
168.20000000000002,115.12755346089692,172.69133019134537,86.34566509567269,28.78188836522423,-57.56377673044846,5.756377673044846,230.25510692179384,-28.78188836522423,143.90944182612114,43.17283254783634,71.95472091306057,-115.12755346089692,14.390944182612115,57.56377673044846
168.3,115.22259025148657,172.83388537722985,86.41694268861492,28.80564756287164,-57.61129512574328,5.761129512574328,230.44518050297313,-28.80564756287164,144.0282378143582,43.20847134430746,72.0141189071791,-115.22259025148657,14.40282378143582,57.61129512574328
168.4,115.3184537364528,172.9776806046792,86.4888403023396,28.8296134341132,-57.6592268682264,5.76592268682264,230.6369074729056,-28.8296134341132,144.14806717056598,43.2444201511698,72.07403358528299,-115.3184537364528,14.4148067170566,57.6592268682264
168.5,115.41527746328384,173.12291619492578,86.56145809746289,28.85381936582096,-57.70763873164192,5.770763873164192,230.8305549265677,-28.85381936582096,144.2690968291048,43.280729048731445,72.1345484145524,-115.41527746328384,14.42690968291048,57.70763873164192
168.60000000000002,115.51322598728495,173.26983898092743,86.63491949046372,28.87830649682124,-57.75661299364248,5.775661299364248,231.0264519745699,-28.87830649682124,144.3915324841062,43.31745974523186,72.1957662420531,-115.51322598728495,14.43915324841062,57.75661299364248
168.70000000000002,115.61241769865899,173.41862654798848,86.70931327399424,28.903104424664747,-57.806208849329494,5.78062088493295,231.22483539731797,-28.903104424664747,144.51552212332373,43.35465663699712,72.25776106166187,-115.61241769865899,14.451552212332373,57.806208849329494
168.8,115.71296646005266,173.56944969007898,86.78472484503949,28.928241615013164,-57.85648323002633,5.785648323002633,231.4259329201053,-28.928241615013164,144.64120807506583,43.392362422519746,72.32060403753292,-115.71296646005266,14.464120807506582,57.85648323002633
168.9,115.8149666349234,173.7224499523851,86.86122497619255,28.95374165873085,-57.9074833174617,5.79074833174617,231.6299332698468,-28.95374165873085,144.76870829365424,43.43061248809627,72.38435414682712,-115.8149666349234,14.476870829365424,57.9074833174617
169.0,115.91847320576706,173.8777098086506,86.9388549043253,28.979618301441764,-57.95923660288353,5.795923660288353,231.83694641153411,-28.979618301441764,144.89809150720882,43.46942745216265,72.44904575360441,-115.91847320576706,14.489809150720882,57.95923660288353
169.10000000000002,116.02353836382922,174.03530754574382,87.01765377287191,29.005884590957304,-58.01176918191461,5.801176918191461,232.04707672765844,-29.005884590957304,145.02942295478653,43.508826886435955,72.51471147739326,-116.02353836382922,14.502942295478652,58.01176918191461
169.20000000000002,116.13024968483377,174.19537452725066,87.09768726362533,29.032562421208443,-58.065124842416886,5.806512484241689,232.26049936966754,-29.032562421208443,145.16281210604222,43.548843631812666,72.58140605302111,-116.13024968483377,14.516281210604221,58.065124842416886
169.3,116.23874582921651,174.35811874382478,87.17905937191239,29.059686457304128,-58.119372914608256,5.811937291460826,232.47749165843302,-29.059686457304128,145.29843228652064,43.589529685956194,72.64921614326032,-116.23874582921651,14.529843228652064,58.119372914608256
169.4,116.34911852912192,174.52367779368288,87.26183889684144,29.08727963228048,-58.17455926456096,5.8174559264560965,232.69823705824385,-29.08727963228048,145.4363981614024,43.63091944842072,72.7181990807012,-116.34911852912192,14.54363981614024,58.17455926456096
169.5,116.46141543616508,174.6921231542476,87.3460615771238,29.11535385904127,-58.23070771808254,5.823070771808254,232.92283087233017,-29.11535385904127,145.57676929520636,43.6730307885619,72.78838464760318,-116.46141543616508,14.557676929520635,58.23070771808254
169.60000000000002,116.57561304973488,174.86341957460232,87.43170978730116,29.14390326243372,-58.28780652486744,5.828780652486745,233.15122609946977,-29.14390326243372,145.7195163121686,43.71585489365058,72.8597581560843,-116.57561304973488,14.57195163121686,58.28780652486744
169.70000000000002,116.69163624426035,175.03745436639053,87.51872718319527,29.172909061065088,-58.345818122130176,5.834581812213018,233.3832724885207,-29.172909061065088,145.86454530532544,43.759363591597634,72.93227265266272,-116.69163624426035,14.586454530532544,58.345818122130176
169.8,116.80940013517908,175.2141002027686,87.6070501013843,29.20235003379477,-58.40470006758954,5.840470006758954,233.61880027035815,-29.20235003379477,146.01175016897383,43.80352505069215,73.00587508448692,-116.80940013517908,14.601175016897384,58.40470006758954
169.9,116.92887474215007,175.3933121132251,87.69665605661255,29.232218685537518,-58.464437371075036,5.846443737107504,233.85774948430014,-29.232218685537518,146.1610934276876,43.84832802830628,73.0805467138438,-116.92887474215007,14.616109342768759,58.464437371075036
170.0,117.05005009841175,175.5750751476176,87.7875375738088,29.262512524602936,-58.52502504920587,5.852502504920587,234.1001001968235,-29.262512524602936,146.31256262301468,43.8937687869044,73.15628131150734,-117.05005009841175,14.631256262301468,58.52502504920587
170.10000000000002,117.1729376715326,175.75940650729888,87.87970325364944,29.29323441788315,-58.5864688357663,5.85864688357663,234.3458753430652,-29.29323441788315,146.46617208941575,43.93985162682472,73.23308604470787,-117.1729376715326,14.646617208941574,58.5864688357663
170.20000000000002,117.29756110815408,175.94634166223113,87.97317083111557,29.32439027703852,-58.64878055407704,5.864878055407704,234.59512221630817,-29.32439027703852,146.6219513851926,43.986585415557784,73.3109756925963,-117.29756110815408,14.66219513851926,58.64878055407704
170.3,117.42392941362272,176.13589412043407,88.06794706021704,29.35598235340568,-58.71196470681136,5.871196470681136,234.84785882724543,-29.35598235340568,146.7799117670284,44.03397353010852,73.3899558835142,-117.42392941362272,14.67799117670284,58.71196470681136
170.4,117.55199209031794,176.32798813547691,88.16399406773846,29.387998022579485,-58.77599604515897,5.877599604515897,235.10398418063588,-29.387998022579485,146.93999011289742,44.08199703386923,73.46999505644871,-117.55199209031794,14.693999011289742,58.77599604515897
170.5,117.68171470806968,176.52257206210453,88.26128603105226,29.42042867701742,-58.84085735403484,5.884085735403485,235.36342941613935,-29.42042867701742,147.1021433850871,44.13064301552613,73.55107169254354,-117.68171470806968,14.71021433850871,58.84085735403484
170.60000000000002,117.81305727716096,176.71958591574145,88.35979295787072,29.45326431929024,-58.90652863858048,5.890652863858048,235.62611455432193,-29.45326431929024,147.2663215964512,44.17989647893536,73.6331607982256,-117.81305727716096,14.72663215964512,58.90652863858048
170.70000000000002,117.94601802800452,176.91902704200677,88.45951352100339,29.48650450700113,-58.97300901400226,5.897300901400226,235.89203605600903,-29.48650450700113,147.43252253500566,44.229756760501694,73.71626126750283,-117.94601802800452,14.743252253500565,58.97300901400226
170.8,118.08059556261281,177.12089334391922,88.56044667195961,29.520148890653203,-59.04029778130641,5.904029778130641,236.16119112522563,-29.520148890653203,147.60074445326603,44.280223335979805,73.80037222663302,-118.08059556261281,14.760074445326602,59.04029778130641
170.9,118.21683455692508,177.32525183538763,88.66262591769382,29.55420863923127,-59.10841727846254,5.910841727846254,236.43366911385016,-29.55420863923127,147.77104319615634,44.33131295884691,73.88552159807817,-118.21683455692508,14.777104319615635,59.10841727846254
171.0,118.35475972282228,177.53213958423342,88.76606979211671,29.58868993070557,-59.17737986141114,5.917737986141114,236.70951944564456,-29.58868993070557,147.94344965352786,44.383034896058355,73.97172482676393,-118.35475972282228,14.794344965352785,59.17737986141114
171.10000000000002,118.4943220300753,177.74148304511294,88.87074152255647,29.623580507518824,-59.24716101503765,5.9247161015037655,236.9886440601506,-29.623580507518824,148.11790253759412,44.435370761278236,74.05895126879706,-118.4943220300753,14.811790253759412,59.24716101503765
171.20000000000002,118.63537764232414,177.9530664634862,88.9765332317431,29.658844410581036,-59.31768882116207,5.931768882116208,237.2707552846483,-29.658844410581036,148.29422205290518,44.48826661587155,74.14711102645259,-118.63537764232414,14.829422205290518,59.31768882116207
171.3,118.77775220760424,178.16662831140636,89.08331415570318,29.69443805190106,-59.38887610380212,5.938887610380212,237.55550441520847,-29.69443805190106,148.47219025950528,44.54165707785159,74.23609512975264,-118.77775220760424,14.84721902595053,59.38887610380212
171.4,118.9212504781198,178.3818757171797,89.19093785858985,29.73031261952995,-59.4606252390599,5.94606252390599,237.8425009562396,-29.73031261952995,148.65156309764976,44.595468929294924,74.32578154882488,-118.9212504781198,14.865156309764975,59.4606252390599
171.5,119.06568480517005,178.59852720775507,89.29926360387753,29.766421201292513,-59.532842402585025,5.953284240258503,238.1313696103401,-29.766421201292513,148.83210600646257,44.64963180193877,74.41605300323128,-119.06568480517005,14.883210600646256,59.532842402585025
171.60000000000002,119.21089404516795,178.81634106775192,89.40817053387596,29.802723511291987,-59.605447022583974,5.960544702258398,238.4217880903359,-29.802723511291987,149.01361755645993,44.70408526693798,74.50680877822997,-119.21089404516795,14.901361755645993,59.605447022583974
171.70000000000002,119.35675245101172,179.03512867651756,89.51756433825878,29.83918811275293,-59.67837622550586,5.9678376225505865,238.71350490202343,-29.83918811275293,149.19594056376465,44.75878216912939,74.59797028188233,-119.35675245101172,14.919594056376464,59.67837622550586
171.8,119.50308708403831,179.25463062605746,89.62731531302873,29.87577177100958,-59.75154354201916,5.975154354201916,239.00617416807663,-29.87577177100958,149.3788588550479,44.813657656514366,74.68942942752395,-119.50308708403831,14.93788588550479,59.75154354201916
171.9,119.64966402462753,179.47449603694128,89.73724801847064,29.91241600615688,-59.82483201231376,5.982483201231377,239.29932804925505,-29.91241600615688,149.56208003078441,44.86862400923532,74.78104001539221,-119.64966402462753,14.95620800307844,59.82483201231376
172.0,119.79631019167968,179.6944652875195,89.84723264375975,29.94907754791992,-59.89815509583984,5.989815509583984,239.59262038335936,-29.94907754791992,149.7453877395996,44.92361632187988,74.8726938697998,-119.79631019167968,14.97453877395996,59.89815509583984
172.10000000000002,119.94286914108264,179.91430371162397,89.95715185581199,29.98571728527066,-59.97143457054132,5.997143457054133,239.88573828216528,-29.98571728527066,149.9285864263533,44.97857592790599,74.96429321317665,-119.94286914108264,14.99285864263533,59.97143457054132
172.20000000000002,120.08920993793961,180.13381490690944,90.06690745345472,30.022302484484904,-60.04460496896981,6.004460496896981,240.17841987587923,-30.022302484484904,150.1115124224245,45.03345372672736,75.05575621121226,-120.08920993793961,15.011151242242452,60.04460496896981
172.3,120.23520531284862,180.35280796927293,90.17640398463647,30.058801328212155,-60.11760265642431,6.011760265642431,240.47041062569724,-30.058801328212155,150.29400664106078,45.08820199231823,75.14700332053039,-120.23520531284862,15.029400664106078,60.11760265642431
172.4,120.38074214490977,180.57111321736465,90.28555660868233,30.095185536227444,-60.19037107245489,6.019037107245489,240.76148428981955,-30.095185536227444,150.47592768113722,45.142778304341164,75.23796384056861,-120.38074214490977,15.047592768113722,60.19037107245489
172.5,120.52564174893263,180.78846262339894,90.39423131169947,30.131410437233157,-60.262820874466314,6.026282087446631,241.05128349786526,-30.131410437233157,150.6570521861658,45.197115655849736,75.3285260930829,-120.52564174893263,15.065705218616579,60.262820874466314
172.60000000000002,120.66972675208875,181.00459012813312,90.50229506406656,30.167431688022187,-60.334863376044375,6.033486337604438,241.3394535041775,-30.167431688022187,150.83715844011093,45.25114753203328,75.41857922005546,-120.66972675208875,15.083715844011094,60.334863376044375
172.70000000000002,120.81289721321954,181.2193458198293,90.60967290991465,30.203224303304886,-60.40644860660977,6.0406448606609775,241.62579442643909,-30.203224303304886,151.01612151652444,45.304836454957325,75.50806075826222,-120.81289721321954,15.101612151652443,60.40644860660977
172.8,120.95505122486846,181.4325768373027,90.71628841865135,30.238762806217114,-60.47752561243423,6.047752561243423,241.9101024497369,-30.238762806217114,151.19381403108557,45.35814420932567,75.59690701554278,-120.95505122486846,15.119381403108557,60.47752561243423
172.9,121.09615189847766,181.64422784771648,90.82211392385824,30.274037974619414,-60.54807594923883,6.054807594923883,242.19230379695531,-30.274037974619414,151.37018987309708,45.41105696192912,75.68509493654854,-121.09615189847766,15.137018987309707,60.54807594923883
173.0,121.23614964647562,181.85422446971344,90.92711223485672,30.309037411618906,-60.61807482323781,6.061807482323782,242.47229929295125,-30.309037411618906,151.54518705809454,45.46355611742836,75.77259352904727,-121.23614964647562,15.154518705809453,60.61807482323781
173.10000000000002,121.3749942341164,182.0624913511746,91.0312456755873,30.3437485585291,-60.6874971170582,6.06874971170582,242.7499884682328,-30.3437485585291,151.71874279264551,45.51562283779365,75.85937139632276,-121.3749942341164,15.17187427926455,60.6874971170582
173.20000000000002,121.5126268061068,182.26894020916018,91.13447010458009,30.3781567015267,-60.7563134030534,6.07563134030534,243.0252536122136,-30.3781567015267,151.8907835076335,45.567235052290044,75.94539175381675,-121.5126268061068,15.18907835076335,60.7563134030534
173.3,121.64901999265062,182.47352998897594,91.23676499448797,30.412254998162656,-60.82450999632531,6.082450999632531,243.29803998530124,-30.412254998162656,152.06127499081327,45.618382497243985,76.03063749540664,-121.64901999265062,15.206127499081328,60.82450999632531
173.4,121.78415243592048,182.6762286538807,91.33811432694036,30.44603810898012,-60.89207621796024,6.0892076217960245,243.56830487184095,-30.44603810898012,152.2301905449006,45.66905716347018,76.1150952724503,-121.78415243592048,15.22301905449006,60.89207621796024
173.5,121.91798624223506,182.87697936335258,91.43848968167629,30.479496560558765,-60.95899312111753,6.0958993121117535,243.83597248447012,-30.479496560558765,152.39748280279383,45.719244840838144,76.19874140139692,-121.91798624223506,15.239748280279382,60.95899312111753
173.60000000000002,122.05047412884056,183.07571119326084,91.53785559663042,30.51261853221014,-61.02523706442028,6.102523706442028,244.10094825768113,-30.51261853221014,152.5630926610507,45.76892779831521,76.28154633052534,-122.05047412884056,15.25630926610507,61.02523706442028
173.70000000000002,122.18155841583442,183.27233762375164,91.63616881187582,30.545389603958604,-61.09077920791721,6.109077920791721,244.36311683166883,-30.545389603958604,152.726948019793,45.81808440593791,76.3634740098965,-122.18155841583442,15.272694801979302,61.09077920791721
173.8,122.31117111320442,183.46675666980664,91.73337833490332,30.577792778301106,-61.15558555660221,6.115558555660222,244.62234222640885,-30.577792778301106,152.88896389150554,45.86668916745166,76.44448194575277,-122.31117111320442,15.288896389150553,61.15558555660221
173.9,122.43927657990754,183.65891486986132,91.82945743493066,30.609819144976885,-61.21963828995377,6.121963828995377,244.87855315981508,-30.609819144976885,153.04909572488444,45.91472871746533,76.52454786244222,-122.43927657990754,15.304909572488443,61.21963828995377
174.0,122.5658160274734,183.84872404121012,91.92436202060506,30.64145400686835,-61.2829080137367,6.12829080137367,245.1316320549468,-30.64145400686835,153.20727003434175,45.96218101030253,76.60363501717087,-122.5658160274734,15.320727003434175,61.2829080137367
174.10000000000002,122.6907078115232,184.03606171728478,92.01803085864239,30.6726769528808,-61.3453539057616,6.13453539057616,245.3814156230464,-30.6726769528808,153.363384764404,46.009015429321195,76.681692382202,-122.6907078115232,15.3363384764404,61.3453539057616
174.20000000000002,122.81391807322609,184.22087710983914,92.11043855491957,30.703479518306523,-61.406959036613046,6.140695903661305,245.62783614645218,-30.703479518306523,153.5173975915326,46.055219277459784,76.7586987957663,-122.81391807322609,15.351739759153261,61.406959036613046
174.3,122.9354147588048,184.4031221382072,92.2015610691036,30.7338536897012,-61.4677073794024,6.1467707379402405,245.8708295176096,-30.7338536897012,153.669268448506,46.1007805345518,76.834634224253,-122.9354147588048,15.3669268448506,61.4677073794024
174.4,123.05509673960186,184.5826451094028,92.2913225547014,30.763774184900466,-61.52754836980093,6.152754836980094,246.11019347920373,-30.763774184900466,153.81887092450233,46.1456612773507,76.90943546225117,-123.05509673960186,15.381887092450233,61.52754836980093
174.5,123.17282564413543,184.75923846620316,92.37961923310158,30.793206411033857,-61.586412822067715,6.158641282206772,246.34565128827086,-30.793206411033857,153.96603205516928,46.18980961655079,76.98301602758464,-123.17282564413543,15.396603205516929,61.586412822067715
174.60000000000002,123.28844832236017,184.93267248354024,92.46633624177012,30.822112080590042,-61.644224161180084,6.164422416118009,246.57689664472034,-30.822112080590042,154.1105604029502,46.23316812088506,77.0552802014751,-123.28844832236017,15.411056040295021,61.644224161180084
174.70000000000002,123.40182470173644,185.10273705260465,92.55136852630233,30.85045617543411,-61.70091235086822,6.170091235086822,246.8036494034729,-30.85045617543411,154.25228087717056,46.27568426315116,77.12614043858528,-123.40182470173644,15.425228087717056,61.70091235086822
174.8,123.51279457308037,185.26919185962055,92.63459592981027,30.878198643270093,-61.756397286540185,6.175639728654019,247.02558914616074,-30.878198643270093,154.39099321635047,46.31729796490514,77.19549660817523,-123.51279457308037,15.439099321635046,61.756397286540185
174.9,123.62125147688616,185.43187721532922,92.71593860766461,30.90531286922154,-61.81062573844308,6.181062573844308,247.24250295377232,-30.90531286922154,154.5265643461077,46.357969303832306,77.26328217305385,-123.62125147688616,15.45265643461077,61.81062573844308
175.0,123.7271383495222,185.59070752428332,92.79535376214166,30.93178458738055,-61.8635691747611,6.186356917476111,247.4542766990444,-30.93178458738055,154.65892293690277,46.39767688107083,77.32946146845138,-123.7271383495222,15.465892293690276,61.8635691747611
175.10000000000002,123.83042538591468,185.74563807887202,92.87281903943601,30.95760634647867,-61.91521269295734,6.191521269295734,247.66085077182936,-30.95760634647867,154.78803173239334,46.436409519718005,77.39401586619667,-123.83042538591468,15.478803173239335,61.91521269295734
175.20000000000002,123.93105118819142,185.89657678228713,92.94828839114356,30.982762797047855,-61.96552559409571,6.196552559409572,247.86210237638284,-30.982762797047855,154.91381398523927,46.47414419557178,77.45690699261964,-123.93105118819142,15.491381398523927,61.96552559409571
175.3,124.02896152607173,186.0434422891076,93.0217211445538,31.00724038151793,-62.01448076303586,6.201448076303587,248.05792305214345,-31.00724038151793,155.03620190758966,46.5108605722769,77.51810095379483,-124.02896152607173,15.503620190758966,62.01448076303586
175.4,124.12409415339434,186.1861412300915,93.09307061504575,31.031023538348585,-62.06204707669717,6.206204707669717,248.24818830678868,-31.031023538348585,155.15511769174293,46.54653530752287,77.57755884587147,-124.12409415339434,15.515511769174292,62.06204707669717
175.5,124.21647448360632,186.3247117254095,93.16235586270474,31.05411862090158,-62.10823724180316,6.210823724180316,248.43294896721264,-31.05411862090158,155.2705931045079,46.58117793135237,77.63529655225395,-124.21647448360632,15.52705931045079,62.10823724180316
175.60000000000002,124.30618601887488,186.45927902831232,93.22963951415616,31.07654650471872,-62.15309300943744,6.215309300943744,248.61237203774976,-31.07654650471872,155.3827325235936,46.61481975707808,77.6913662617968,-124.30618601887488,15.53827325235936,62.15309300943744
175.70000000000002,124.39327366798379,186.58991050197568,93.29495525098784,31.098318416995948,-62.196636833991896,6.21966368339919,248.78654733596758,-31.098318416995948,155.49159208497974,46.64747762549392,77.74579604248987,-124.39327366798379,15.549159208497974,62.196636833991896
175.8,124.47772181708991,186.71658272563488,93.35829136281744,31.11943045427248,-62.23886090854496,6.223886090854496,248.95544363417983,-31.11943045427248,155.5971522713624,46.67914568140872,77.7985761356812,-124.47772181708991,15.55971522713624,62.23886090854496
175.9,124.55958721576576,186.83938082364864,93.41969041182432,31.13989680394144,-62.27979360788288,6.2279793607882885,249.11917443153152,-31.13989680394144,155.6994840197072,46.70984520591216,77.8497420098536,-124.55958721576576,15.56994840197072,62.27979360788288
176.0,124.63897709108386,186.9584656366258,93.4792328183129,31.159744272770965,-62.31948854554193,6.231948854554194,249.27795418216772,-31.159744272770965,155.79872136385484,46.73961640915645,77.89936068192742,-124.63897709108386,15.579872136385482,62.31948854554193
176.10000000000002,124.71598759238846,187.0739813885827,93.53699069429135,31.178996898097115,-62.35799379619423,6.235799379619423,249.43197518477692,-31.178996898097115,155.89498449048557,46.768495347145674,77.94749224524278,-124.71598759238846,15.589498449048557,62.35799379619423
176.20000000000002,124.7906214243399,187.18593213650985,93.59296606825492,31.197655356084976,-62.39531071216995,6.239531071216995,249.5812428486798,-31.197655356084976,155.98827678042488,46.79648303412746,77.99413839021244,-124.7906214243399,15.598827678042488,62.39531071216995
176.3,124.86287281898562,187.29430922847843,93.64715461423921,31.215718204746405,-62.43143640949281,6.243143640949281,249.72574563797124,-31.215718204746405,156.07859102373203,46.823577307119606,78.03929551186602,-124.86287281898562,15.607859102373203,62.43143640949281
176.4,124.93266762480079,187.39900143720118,93.69950071860059,31.233166906200196,-62.46633381240039,6.24663338124004,249.86533524960157,-31.233166906200196,156.165834531001,46.849750359300295,78.0829172655005,-124.93266762480079,15.616583453100098,62.46633381240039
176.5,124.99989803626693,187.4998470544004,93.7499235272002,31.249974509066732,-62.499949018133464,6.249994901813347,249.99979607253385,-31.249974509066732,156.24987254533366,46.8749617636001,78.12493627266683,-124.99989803626693,15.624987254533366,62.499949018133464
176.60000000000002,125.06448671536351,187.59673007304528,93.79836503652264,31.26612167884088,-62.53224335768176,6.253224335768176,250.12897343072703,-31.26612167884088,156.3306083942044,46.89918251826132,78.1653041971022,-125.06448671536351,15.63306083942044,62.53224335768176
176.70000000000002,125.1264066038666,187.6896099057999,93.84480495289995,31.28160165096665,-62.5632033019333,6.25632033019333,250.2528132077332,-31.28160165096665,156.40800825483325,46.922402476449975,78.20400412741662,-125.1264066038666,15.640800825483325,62.5632033019333
176.8,125.185597556909,187.7783963353635,93.88919816768176,31.29639938922725,-62.5927987784545,6.259279877845451,250.371195113818,-31.29639938922725,156.48199694613626,46.94459908384088,78.24099847306813,-125.185597556909,15.648199694613625,62.5927987784545
176.9,125.24204431694199,187.86306647541298,93.93153323770649,31.310511079235496,-62.62102215847099,6.2621022158471,250.48408863388397,-31.310511079235496,156.55255539617747,46.965766618853245,78.27627769808873,-125.24204431694199,15.655255539617748,62.62102215847099
177.0,125.29573546929666,187.94360320394497,93.97180160197249,31.323933867324165,-62.64786773464833,6.2647867734648335,250.59147093859332,-31.323933867324165,156.61966933662083,46.985900800986244,78.30983466831042,-125.29573546929666,15.661966933662082,62.64786773464833
177.10000000000002,125.3466196474061,188.01992947110915,94.00996473555458,31.336654911851525,-62.67330982370305,6.267330982370305,250.6932392948122,-31.336654911851525,156.68327455925763,47.00498236777729,78.34163727962881,-125.3466196474061,15.668327455925763,62.67330982370305
177.20000000000002,125.39465304007567,188.0919795601135,94.04598978005674,31.348663260018917,-62.697326520037834,6.269732652003784,250.78930608015133,-31.348663260018917,156.7433163000946,47.02299489002837,78.3716581500473,-125.39465304007567,15.674331630009458,62.697326520037834
177.3,125.43987927809476,188.15981891714216,94.07990945857108,31.35996981952369,-62.71993963904738,6.271993963904738,250.87975855618953,-31.35996981952369,156.79984909761845,47.03995472928554,78.39992454880922,-125.43987927809476,15.679984909761846,62.71993963904738
177.4,125.48241230777106,188.2236184616566,94.1118092308283,31.370603076942764,-62.74120615388553,6.274120615388553,250.9648246155421,-31.370603076942764,156.8530153847138,47.05590461541415,78.4265076923569,-125.48241230777106,15.685301538471382,62.74120615388553
177.5,125.52243197090088,188.28364795635133,94.14182397817567,31.38060799272522,-62.76121598545044,6.2761215985450445,251.04486394180176,-31.38060799272522,156.9030399636261,47.07091198908783,78.45151998181305,-125.52243197090088,15.69030399636261,62.76121598545044
177.60000000000002,125.56010900398081,188.34016350597122,94.17008175298561,31.390027250995203,-62.780054501990406,6.278005450199041,251.12021800796163,-31.390027250995203,156.95013625497603,47.085040876492805,78.47506812748802,-125.56010900398081,15.695013625497602,62.780054501990406
177.70000000000002,125.59553532601625,188.39330298902436,94.19665149451218,31.39888383150406,-62.79776766300812,6.279776766300813,251.1910706520325,-31.39888383150406,156.9944191575203,47.09832574725609,78.49720957876015,-125.59553532601625,15.69944191575203,62.79776766300812
177.8,125.62873962082813,188.4431094312422,94.2215547156211,31.407184905207032,-62.814369810414064,6.281436981041407,251.25747924165626,-31.407184905207032,157.03592452603516,47.11077735781055,78.51796226301758,-125.62873962082813,15.703592452603516,62.814369810414064
177.9,125.65971915800327,188.4895787370049,94.24478936850245,31.414929789500817,-62.829859579001635,6.282985957900164,251.31943831600654,-31.414929789500817,157.0746489475041,47.122394684251226,78.53732447375205,-125.65971915800327,15.707464894750409,62.829859579001635
178.0,125.68850586772136,188.53275880158205,94.26637940079102,31.42212646693034,-62.84425293386068,6.284425293386068,251.37701173544272,-31.42212646693034,157.1106323346517,47.13318970039551,78.55531616732586,-125.68850586772136,15.71106323346517,62.84425293386068
178.10000000000002,125.71522429253763,188.57283643880643,94.28641821940322,31.428806073134407,-62.85761214626881,6.2857612146268815,251.43044858507525,-31.428806073134407,157.14403036567202,47.14320910970161,78.57201518283601,-125.71522429253763,15.714403036567203,62.85761214626881
178.20000000000002,125.7400012801537,188.61000192023056,94.30500096011528,31.435000320038426,-62.87000064007685,6.287000064007685,251.4800025603074,-31.435000320038426,157.17500160019213,47.15250048005764,78.58750080009607,-125.7400012801537,15.717500160019213,62.87000064007685
178.3,125.76301070739171,188.6445160610876,94.3222580305438,31.44075267684793,-62.88150535369586,6.288150535369586,251.52602141478343,-31.44075267684793,157.20376338423964,47.1611290152719,78.60188169211982,-125.76301070739171,15.720376338423964,62.88150535369586
178.4,125.78446316291232,188.6766947443685,94.33834737218424,31.44611579072808,-62.89223158145616,6.289223158145616,251.56892632582463,-31.44611579072808,157.2305789536404,47.16917368609212,78.6152894768202,-125.78446316291232,15.72305789536404,62.89223158145616
178.5,125.80460167569123,188.70690251353685,94.35345125676842,31.451150418922808,-62.902300837845615,6.290230083784562,251.60920335138246,-31.451150418922808,157.25575209461402,47.17672562838421,78.62787604730701,-125.80460167569123,15.725575209461404,62.902300837845615
178.60000000000002,125.82365977531086,188.7354896629663,94.36774483148315,31.455914943827715,-62.91182988765543,6.291182988765543,251.64731955062172,-31.455914943827715,157.27957471913857,47.183872415741575,78.63978735956928,-125.82365977531086,15.727957471913857,62.91182988765543
178.70000000000002,125.84184433876133,188.762766508142,94.381383254071,31.460461084690333,-62.92092216938067,6.292092216938067,251.68368867752267,-31.460461084690333,157.30230542345166,47.1906916270355,78.65115271172583,-125.84184433876133,15.730230542345167,62.92092216938067
178.8,125.85935122057306,188.7890268308596,94.3945134154298,31.464837805143265,-62.92967561028653,6.292967561028654,251.71870244114612,-31.464837805143265,157.32418902571632,47.1972567077149,78.66209451285816,-125.85935122057306,15.732418902571633,62.92967561028653
178.9,125.87634274046391,188.81451411069588,94.40725705534794,31.469085685115978,-62.938171370231956,6.293817137023196,251.75268548092782,-31.469085685115978,157.34542842557988,47.20362852767397,78.67271421278994,-125.87634274046391,15.734542842557989,62.938171370231956
179.0,125.89301677193238,188.83952515789858,94.41976257894929,31.473254192983095,-62.94650838596619,6.29465083859662,251.78603354386476,-31.473254192983095,157.3662709649155,47.209881289474644,78.68313548245774,-125.89301677193238,15.736627096491548,62.94650838596619
179.10000000000002,125.90957309884438,188.86435964826657,94.43217982413329,31.477393274711094,-62.95478654942219,6.295478654942219,251.81914619768875,-31.477393274711094,157.38696637355548,47.21608991206664,78.69348318677774,-125.90957309884438,15.738696637355547,62.95478654942219
179.20000000000002,125.92613866031775,188.88920799047662,94.44460399523831,31.481534665079437,-62.96306933015887,6.296306933015888,251.8522773206355,-31.481534665079437,157.40767332539718,47.222301997619155,78.70383666269859,-125.92613866031775,15.740767332539718,62.96306933015887
179.3,125.94282672742685,188.91424009114027,94.45712004557014,31.485706681856712,-62.971413363713424,6.297141336371343,251.8856534548537,-31.485706681856712,157.42853340928355,47.22856002278507,78.71426670464177,-125.94282672742685,15.742853340928356,62.971413363713424
179.4,125.95974528447928,188.93961792671894,94.46980896335947,31.48993632111982,-62.97987264223964,6.2979872642239645,251.91949056895857,-31.48993632111982,157.4496816055991,47.234904481679735,78.72484080279955,-125.95974528447928,15.74496816055991,62.97987264223964
179.5,125.97700702602637,188.96551053903954,94.48275526951977,31.494251756506593,-62.988503513013185,6.2988503513013185,251.95401405205274,-31.494251756506593,157.47125878253297,47.241377634759885,78.73562939126649,-125.97700702602637,15.747125878253296,62.988503513013185
179.60000000000002,125.99464741953774,188.99197112930662,94.49598556465331,31.498661854884435,-62.99732370976887,6.299732370976887,251.98929483907548,-31.498661854884435,157.4933092744222,47.247992782326655,78.7466546372111,-125.99464741953774,15.749330927442218,62.99732370976887
179.70000000000002,126.01260561618814,189.01890842428222,94.50945421214111,31.503151404047035,-63.00630280809407,6.300630280809408,252.02521123237628,-31.503151404047035,157.51575702023518,47.254727106070554,78.75787851011759,-126.01260561618814,15.751575702023517,63.00630280809407
179.8,126.03072500266211,189.04608750399316,94.52304375199658,31.507681250665527,-63.015362501331055,6.301536250133106,252.06145000532422,-31.507681250665527,157.53840625332765,47.26152187599829,78.76920312666383,-126.03072500266211,15.753840625332764,63.015362501331055
179.9,126.04880667336703,189.07321001005053,94.53660500502527,31.512201668341756,-63.02440333668351,6.302440333668351,252.09761334673405,-31.512201668341756,157.56100834170877,47.26830250251263,78.78050417085439,-126.04880667336703,15.756100834170878,63.02440333668351
180.0,126.06673129452852,189.1000969417928,94.5500484708964,31.51668282363213,-63.03336564726426,6.303336564726426,252.13346258905705,-31.51668282363213,157.58341411816065,47.2750242354482,78.79170705908032,-126.06673129452852,15.758341411816065,63.03336564726426
180.10000000000002,126.08442447778918,189.12663671668378,94.56331835834189,31.521106119447296,-63.04221223889459,6.30422122388946,252.16884895557837,-31.521106119447296,157.60553059723648,47.281659179170944,78.80276529861824,-126.08442447778918,15.760553059723648,63.04221223889459
180.20000000000002,126.10175672540035,189.1526350881005,94.57631754405026,31.525439181350087,-63.050878362700175,6.305087836270018,252.2035134508007,-31.525439181350087,157.62719590675044,47.28815877202513,78.81359795337522,-126.10175672540035,15.762719590675044,63.050878362700175
180.3,126.11859309681034,189.17788964521552,94.58894482260776,31.529648274202586,-63.05929654840517,6.305929654840518,252.2371861936207,-31.529648274202586,157.64824137101294,47.29447241130388,78.82412068550647,-126.11859309681034,15.764824137101293,63.05929654840517
180.4,126.13477278642775,189.20215917964163,94.60107958982081,31.533693196606936,-63.06738639321387,6.306738639321388,252.2695455728555,-31.533693196606936,157.66846598303468,47.30053979491041,78.83423299151734,-126.13477278642775,15.766846598303468,63.06738639321387
180.5,126.15019644943379,189.2252946741507,94.61264733707534,31.537549112358448,-63.075098224716896,6.30750982247169,252.30039289886759,-31.537549112358448,157.68774556179224,47.30632366853767,78.84387278089612,-126.15019644943379,15.768774556179224,63.075098224716896
180.60000000000002,126.16477628296575,189.2471644244486,94.6235822122243,31.541194070741437,-63.08238814148287,6.308238814148288,252.3295525659315,-31.541194070741437,157.7059703537072,47.31179110611215,78.8529851768536,-126.16477628296575,15.770597035370718,63.08238814148287
180.70000000000002,126.17844792078951,189.26767188118427,94.63383594059214,31.544611980197377,-63.089223960394754,6.308922396039476,252.35689584157902,-31.544611980197377,157.7230599009869,47.31691797029607,78.86152995049345,-126.17844792078951,15.772305990098689,63.089223960394754
180.8,126.19118374351967,189.2867756152795,94.64338780763975,31.54779593587992,-63.09559187175984,6.309559187175984,252.38236748703935,-31.54779593587992,157.7389796793996,47.32169390381988,78.8694898396998,-126.19118374351967,15.77389796793996,63.09559187175984
180.9,126.2029595356872,189.30443930353078,94.65221965176539,31.5507398839218,-63.1014797678436,6.310147976784361,252.4059190713744,-31.5507398839218,157.753699419609,47.326109825882696,78.8768497098045,-126.2029595356872,15.7753699419609,63.1014797678436
181.0,126.21379265461168,189.32068898191753,94.66034449095876,31.55344816365292,-63.10689632730584,6.310689632730584,252.42758530922336,-31.55344816365292,157.7672408182646,47.33017224547938,78.8836204091323,-126.21379265461168,15.77672408182646,63.10689632730584
181.10000000000002,126.22372342075428,189.33558513113144,94.66779256556572,31.55593085518857,-63.11186171037714,6.311186171037715,252.44744684150857,-31.55593085518857,157.77965427594285,47.33389628278286,78.88982713797142,-126.22372342075428,15.777965427594285,63.11186171037714
181.20000000000002,126.23276684962335,189.34915027443503,94.67457513721752,31.558191712405836,-63.11638342481167,6.311638342481167,252.4655336992467,-31.558191712405836,157.79095856202918,47.33728756860876,78.89547928101459,-126.23276684962335,15.779095856202918,63.11638342481167
181.3,126.24088118466685,189.36132177700028,94.68066088850014,31.56022029616671,-63.12044059233342,6.312044059233343,252.4817623693337,-31.56022029616671,157.80110148083355,47.34033044425007,78.90055074041678,-126.24088118466685,15.780110148083356,63.12044059233342
181.4,126.24805656385104,189.37208484577656,94.68604242288828,31.56201414096276,-63.12402828192552,6.312402828192552,252.49611312770207,-31.56201414096276,157.8100707048138,47.34302121144414,78.9050353524069,-126.24805656385104,15.78100707048138,63.12402828192552
181.5,126.25434418329817,189.38151627494727,94.69075813747364,31.563586045824543,-63.127172091649086,6.312717209164909,252.50868836659635,-31.563586045824543,157.8179302291227,47.34537906873682,78.90896511456135,-126.25434418329817,15.781793022912272,63.127172091649086
181.60000000000002,126.25976277146711,189.38964415720068,94.69482207860034,31.564940692866777,-63.129881385733555,6.312988138573356,252.51952554293422,-31.564940692866777,157.82470346433388,47.34741103930017,78.91235173216694,-126.25976277146711,15.782470346433389,63.129881385733555
181.70000000000002,126.26438729942224,189.39658094913335,94.69829047456668,31.56609682485556,-63.13219364971112,6.313219364971112,252.52877459884448,-31.56609682485556,157.8304841242778,47.34914523728334,78.9152420621389,-126.26438729942224,15.78304841242778,63.13219364971112
181.8,126.26830694066359,189.4024604109954,94.7012302054977,31.567076735165898,-63.134153470331796,6.31341534703318,252.53661388132718,-31.567076735165898,157.8353836758295,47.35061510274885,78.91769183791475,-126.26830694066359,15.783538367582949,63.134153470331796
181.9,126.27158966328214,189.4073844949232,94.7036922474616,31.567897415820536,-63.13579483164107,6.313579483164108,252.54317932656429,-31.567897415820536,157.83948707910267,47.3518461237308,78.91974353955133,-126.27158966328214,15.783948707910268,63.13579483164107
182.0,126.27428395379468,189.41142593069202,94.70571296534601,31.56857098844867,-63.13714197689734,6.313714197689734,252.54856790758936,-31.56857098844867,157.84285494224335,47.352856482673005,78.92142747112167,-126.27428395379468,15.784285494224335,63.13714197689734
182.10000000000002,126.27644187454018,189.41466281181027,94.70733140590514,31.569110468635046,-63.13822093727009,6.313822093727009,252.55288374908037,-31.569110468635046,157.84555234317523,47.35366570295257,78.92277617158761,-126.27644187454018,15.784555234317523,63.13822093727009
182.20000000000002,126.27807920486629,189.41711880729943,94.70855940364972,31.569519801216572,-63.139039602433144,6.313903960243315,252.55615840973257,-31.569519801216572,157.84759900608287,47.35427970182486,78.92379950304144,-126.27807920486629,15.784759900608286,63.139039602433144
182.3,126.27920670342021,189.41881005513034,94.70940502756517,31.569801675855054,-63.13960335171011,6.313960335171011,252.55841340684043,-31.569801675855054,157.84900837927526,47.354702513782584,78.92450418963763,-126.27920670342021,15.784900837927527,63.13960335171011
182.4,126.27988141564737,189.41982212347105,94.70991106173553,31.56997035391184,-63.13994070782368,6.3139940707823685,252.55976283129473,-31.56997035391184,157.84985176955922,47.35495553086776,78.92492588477961,-126.27988141564737,15.78498517695592,63.13994070782368
182.5,126.28009976103436,189.42014964155155,94.71007482077577,31.57002494025859,-63.14004988051718,6.314004988051718,252.56019952206873,-31.57002494025859,157.85012470129294,47.35503741038789,78.92506235064647,-126.28009976103436,15.785012470129296,63.14004988051718
182.60000000000002,126.27987082200093,189.4198062330014,94.7099031165007,31.569967705500233,-63.139935411000465,6.3139935411000465,252.55974164400186,-31.569967705500233,157.84983852750116,47.35495155825035,78.92491926375058,-126.27987082200093,15.784983852750116,63.139935411000465
182.70000000000002,126.27916086557602,189.418741298364,94.709370649182,31.569790216394004,-63.13958043278801,6.313958043278801,252.55832173115203,-31.569790216394004,157.84895108197003,47.354685324591,78.92447554098501,-126.27916086557602,15.784895108197002,63.13958043278801
182.8,126.2779218940869,189.41688284113036,94.70844142056518,31.569480473521725,-63.13896094704345,6.313896094704345,252.5558437881738,-31.569480473521725,157.84740236760862,47.35422071028259,78.92370118380431,-126.2779218940869,15.784740236760863,63.13896094704345
182.9,126.27608008173148,189.4141201225972,94.7070600612986,31.56902002043287,-63.13804004086574,6.313804004086574,252.55216016346296,-31.56902002043287,157.84510010216434,47.3535300306493,78.92255005108217,-126.27608008173148,15.784510010216435,63.13804004086574
183.0,126.27358719565811,189.41038079348715,94.70519039674357,31.568396798914527,-63.136793597829055,6.313679359782906,252.54717439131622,-31.568396798914527,157.84198399457264,47.35259519837179,78.92099199728632,-126.27358719565811,15.784198399457264,63.136793597829055
183.10000000000002,126.27042597636932,189.405638964554,94.702819482277,31.56760649409233,-63.13521298818466,6.313521298818467,252.54085195273865,-31.56760649409233,157.83803247046166,47.3514097411385,78.91901623523083,-126.27042597636932,15.783803247046166,63.13521298818466
183.20000000000002,126.26655637459265,189.39983456188898,94.69991728094449,31.566639093648163,-63.13327818729633,6.313327818729633,252.5331127491853,-31.566639093648163,157.83319546824083,47.349958640472245,78.91659773412042,-126.26655637459265,15.783319546824082,63.13327818729633
183.3,126.26197586522495,189.39296379783744,94.69648189891872,31.56549396630624,-63.13098793261248,6.313098793261248,252.5239517304499,-31.56549396630624,157.8274698315312,47.34824094945936,78.9137349157656,-126.26197586522495,15.78274698315312,63.13098793261248
183.4,126.25671728676447,189.3850759301467,94.69253796507336,31.564179321691118,-63.128358643382235,6.312835864338224,252.51343457352894,-31.564179321691118,157.8208966084556,47.34626898253668,78.9104483042278,-126.25671728676447,15.782089660845559,63.128358643382235
183.5,126.25079658064784,189.37619487097177,94.68809743548589,31.56269914516196,-63.12539829032392,6.312539829032392,252.5015931612957,-31.56269914516196,157.81349572580982,47.34404871774294,78.90674786290491,-126.25079658064784,15.78134957258098,63.12539829032392
183.60000000000002,126.24426626255175,189.36639939382763,94.68319969691382,31.561066565637937,-63.12213313127587,6.312213313127588,252.4885325251035,-31.561066565637937,157.80533282818968,47.34159984845691,78.90266641409484,-126.24426626255175,15.780533282818968,63.12213313127587
183.70000000000002,126.23720945029719,189.35581417544577,94.67790708772289,31.559302362574297,-63.11860472514859,6.3118604725148595,252.47441890059437,-31.559302362574297,157.79651181287147,47.33895354386144,78.89825590643574,-126.23720945029719,15.779651181287148,63.11860472514859
183.8,126.22961245495168,189.34441868242752,94.67220934121376,31.55740311373792,-63.11480622747584,6.311480622747585,252.45922490990336,-31.55740311373792,157.78701556868958,47.33610467060688,78.89350778434479,-126.22961245495168,15.77870155686896,63.11480622747584
183.9,126.22146484268,189.33219726402,94.66609863201,31.55536621067,-63.11073242134,6.311073242134,252.44292968536,-31.55536621067,157.77683105335,47.333049316005,78.888415526675,-126.22146484268,15.777683105335,63.11073242134
184.0,126.21281104033726,189.31921656050588,94.65960828025294,31.553202760084314,-63.10640552016863,6.310640552016864,252.42562208067451,-31.553202760084314,157.76601380042158,47.32980414012647,78.88300690021079,-126.21281104033726,15.776601380042157,63.10640552016863
184.10000000000002,126.20370185902505,189.30555278853757,94.65277639426878,31.55092546475626,-63.10185092951252,6.310185092951253,252.4074037180501,-31.55092546475626,157.7546273237813,47.32638819713439,78.87731366189065,-126.20370185902505,15.77546273237813,63.10185092951252
184.20000000000002,126.1942235865909,189.29133537988633,94.64566768994317,31.548555896647724,-63.09711179329545,6.309711179329545,252.3884471731818,-31.548555896647724,157.74277948323862,47.32283384497158,78.87138974161931,-126.1942235865909,15.774277948323862,63.09711179329545
184.3,126.18448158939233,189.2767223840885,94.63836119204424,31.546120397348083,-63.09224079469617,6.309224079469617,252.36896317878467,-31.546120397348083,157.73060198674042,47.31918059602212,78.86530099337021,-126.18448158939233,15.773060198674042,63.09224079469617
184.4,126.17466144581188,189.26199216871782,94.63099608435891,31.54366536145297,-63.08733072290594,6.308733072290594,252.34932289162376,-31.54366536145297,157.71832680726484,47.315498042179456,78.85916340363242,-126.17466144581188,15.771832680726485,63.08733072290594
184.5,126.16494803021742,189.24742204532612,94.62371102266306,31.541237007554354,-63.08247401510871,6.308247401510871,252.32989606043483,-31.541237007554354,157.70618503777177,47.31185551133153,78.85309251888589,-126.16494803021742,15.770618503777177,63.08247401510871
184.60000000000002,126.15551608050566,189.2332741207585,94.61663706037925,31.538879020126416,-63.07775804025283,6.307775804025283,252.31103216101133,-31.538879020126416,157.69439510063208,47.308318530189624,78.84719755031604,-126.15551608050566,15.769439510063208,63.07775804025283
184.70000000000002,126.1465336719091,189.21980050786365,94.60990025393183,31.536633417977274,-63.07326683595455,6.307326683595456,252.2930673438182,-31.536633417977274,157.68316708988638,47.30495012696591,78.84158354494319,-126.1465336719091,15.768316708988637,63.07326683595455
184.8,126.13814889961547,189.2072233494232,94.6036116747116,31.53453722490387,-63.06907444980774,6.306907444980774,252.27629779923095,-31.53453722490387,157.67268612451934,47.3018058373558,78.83634306225967,-126.13814889961547,15.767268612451934,63.06907444980774
184.9,126.13044113716902,189.19566170575354,94.59783085287677,31.532610284292254,-63.06522056858451,6.3065220568584515,252.26088227433803,-31.532610284292254,157.66305142146126,47.298915426438384,78.83152571073063,-126.13044113716902,15.766305142146127,63.06522056858451
185.0,126.12343925612309,189.18515888418463,94.59257944209232,31.530859814030773,-63.061719628061546,6.306171962806155,252.24687851224618,-31.530859814030773,157.65429907015385,47.29628972104616,78.82714953507693,-126.12343925612309,15.765429907015386,63.061719628061546
185.10000000000002,126.11708784790152,189.17563177185227,94.58781588592613,31.52927196197538,-63.05854392395076,6.3058543923950765,252.23417569580303,-31.52927196197538,157.64635980987688,47.29390794296307,78.82317990493844,-126.11708784790152,15.76463598098769,63.05854392395076
185.20000000000002,126.11129912572574,189.1669486885886,94.5834743442943,31.527824781431434,-63.05564956286287,6.305564956286287,252.22259825145147,-31.527824781431434,157.63912390715717,47.29173717214715,78.81956195357859,-126.11129912572574,15.763912390715717,63.05564956286287
185.3,126.10604034921404,189.15906052382107,94.57953026191053,31.52651008730351,-63.05302017460702,6.305302017460702,252.21208069842808,-31.52651008730351,157.63255043651756,47.28976513095527,78.81627521825878,-126.10604034921404,15.763255043651755,63.05302017460702
185.4,126.10125948918936,189.15188923378403,94.57594461689202,31.52531487229734,-63.05062974459468,6.305062974459468,252.20251897837872,-31.52531487229734,157.6265743614867,47.28797230844601,78.81328718074334,-126.10125948918936,15.76265743614867,63.05062974459468
185.5,126.09691863668914,189.14537795503372,94.57268897751686,31.524229659172285,-63.04845931834457,6.304845931834457,252.19383727337828,-31.524229659172285,157.62114829586142,47.28634448875843,78.81057414793071,-126.09691863668914,15.762114829586142,63.04845931834457
185.60000000000002,126.09304015987561,189.13956023981342,94.56978011990671,31.523260039968903,-63.04652007993781,6.304652007993781,252.18608031975123,-31.523260039968903,157.61630019984452,47.284890059953355,78.80815009992226,-126.09304015987561,15.761630019984452,63.04652007993781
185.70000000000002,126.08961612042805,189.13442418064207,94.56721209032104,31.522404030107012,-63.044808060214024,6.304480806021402,252.1792322408561,-31.522404030107012,157.61202015053505,47.28360604516052,78.80601007526752,-126.08961612042805,15.761202015053506,63.044808060214024
185.8,126.08658788190994,189.1298818228649,94.56494091143244,31.521646970477484,-63.04329394095497,6.304329394095497,252.17317576381987,-31.521646970477484,157.60823485238743,47.28247045571622,78.80411742619371,-126.08658788190994,15.760823485238742,63.04329394095497
185.9,126.08388895341257,189.12583343011886,94.56291671505943,31.520972238353142,-63.041944476706284,6.304194447670628,252.16777790682514,-31.520972238353142,157.6048611917657,47.281458357529715,78.80243059588285,-126.08388895341257,15.760486119176571,63.041944476706284
186.0,126.0815263515313,189.12228952729694,94.56114476364847,31.520381587882824,-63.04076317576565,6.304076317576565,252.1630527030626,-31.520381587882824,157.6019079394141,47.280572381824236,78.80095396970705,-126.0815263515313,15.760190793941412,63.04076317576565
186.10000000000002,126.07955215009838,189.11932822514757,94.55966411257378,31.519888037524595,-63.03977607504919,6.303977607504919,252.15910430019676,-31.519888037524595,157.59944018762297,47.27983205628689,78.79972009381149,-126.07955215009838,15.759944018762297,63.03977607504919
186.20000000000002,126.07804098213022,189.11706147319532,94.55853073659766,31.519510245532555,-63.03902049106511,6.303902049106512,252.15608196426044,-31.519510245532555,157.59755122766276,47.27926536829883,78.79877561383138,-126.07804098213022,15.759755122766277,63.03902049106511
186.3,126.07703707565722,189.1155556134858,94.5577778067429,31.519259268914304,-63.03851853782861,6.303851853782861,252.15407415131443,-31.519259268914304,157.59629634457153,47.27888890337145,78.79814817228576,-126.07703707565722,15.759629634457152,63.03851853782861
186.4,126.07665190146429,189.11497785219643,94.55748892609822,31.519162975366072,-63.038325950732144,6.303832595073215,252.15330380292858,-31.519162975366072,157.59581487683036,47.27874446304911,78.79790743841518,-126.07665190146429,15.759581487683036,63.038325950732144
186.5,126.0770396762542,189.1155595143813,94.55777975719064,31.51925991906355,-63.0385198381271,6.30385198381271,252.1540793525084,-31.51925991906355,157.59629959531776,47.27888987859532,78.79814979765888,-126.0770396762542,15.759629959531775,63.0385198381271
186.60000000000002,126.07832782798475,189.11749174197712,94.55874587098856,31.519581956996188,-63.039163913992375,6.3039163913992375,252.1566556559695,-31.519581956996188,157.59790978498094,47.27937293549428,78.79895489249047,-126.07832782798475,15.759790978498094,63.039163913992375
186.70000000000002,126.08051839975286,189.1207775996293,94.56038879981465,31.520129599938215,-63.04025919987643,6.304025919987644,252.16103679950572,-31.520129599938215,157.6006479996911,47.28019439990732,78.80032399984555,-126.08051839975286,15.760064799969108,63.04025919987643
186.8,126.08355611760228,189.12533417640344,94.56266708820172,31.52088902940057,-63.04177805880114,6.304177805880115,252.16711223520457,-31.52088902940057,157.60444514700285,47.28133354410086,78.80222257350142,-126.08355611760228,15.760444514700286,63.04177805880114
186.9,126.08734718289635,189.13102077434453,94.56551038717227,31.521836795724088,-63.043673591448176,6.304367359144818,252.1746943657927,-31.521836795724088,157.60918397862045,47.282755193586134,78.80459198931023,-126.08734718289635,15.760918397862044,63.043673591448176
187.0,126.09179938030465,189.13769907045696,94.56884953522848,31.522949845076162,-63.045899690152325,6.3045899690152325,252.1835987606093,-31.522949845076162,157.61474922538082,47.28442476761424,78.80737461269041,-126.09179938030465,15.761474922538081,63.045899690152325
187.10000000000002,126.0968535992591,189.14528039888864,94.57264019944432,31.524213399814776,-63.04842679962955,6.304842679962956,252.1937071985182,-31.524213399814776,157.6210669990739,47.28632009972216,78.81053349953694,-126.0968535992591,15.762106699907388,63.04842679962955
187.20000000000002,126.10243016748207,189.1536452512231,94.57682262561156,31.525607541870517,-63.051215083741035,6.3051215083741035,252.20486033496414,-31.525607541870517,157.62803770935258,47.28841131280578,78.81401885467629,-126.10243016748207,15.762803770935259,63.051215083741035
187.3,126.10844515081604,189.16266772622407,94.58133386311204,31.52711128770401,-63.05422257540802,6.305422257540802,252.21689030163208,-31.52711128770401,157.63555643852004,47.29066693155602,78.81777821926002,-126.10844515081604,15.763555643852005,63.05422257540802
187.4,126.11473517526662,189.17210276289993,94.58605138144996,31.528683793816654,-63.05736758763331,6.305736758763331,252.22947035053323,-31.528683793816654,157.64341896908326,47.29302569072498,78.82170948454163,-126.11473517526662,15.764341896908327,63.05736758763331
187.5,126.12115265567857,189.18172898351787,94.59086449175894,31.530288163919643,-63.060576327839286,6.306057632783929,252.24230531135714,-31.530288163919643,157.6514408195982,47.29543224587947,78.8257204097991,-126.12115265567857,15.765144081959821,63.060576327839286
187.60000000000002,126.12759760568028,189.1913964085204,94.5956982042602,31.53189940142007,-63.06379880284014,6.306379880284014,252.25519521136056,-31.53189940142007,157.65949700710036,47.2978491021301,78.82974850355018,-126.12759760568028,15.765949700710035,63.06379880284014
187.70000000000002,126.13397151627086,189.20095727440628,94.60047863720314,31.533492879067715,-63.06698575813543,6.306698575813543,252.26794303254172,-31.533492879067715,157.66746439533858,47.30023931860157,78.83373219766929,-126.13397151627086,15.766746439533858,63.06698575813543
187.8,126.14017056444776,189.21025584667163,94.60512792333581,31.53504264111194,-63.07008528222388,6.307008528222388,252.28034112889551,-31.53504264111194,157.6752132055597,47.30256396166791,78.83760660277984,-126.14017056444776,15.76752132055597,63.07008528222388
187.9,126.14607535101241,189.2191130265186,94.6095565132593,31.536518837753103,-63.07303767550621,6.307303767550621,252.29215070202483,-31.536518837753103,157.6825941887655,47.30477825662965,78.84129709438275,-126.14607535101241,15.768259418876552,63.07303767550621
188.0,126.15160928088424,189.22741392132636,94.61370696066318,31.53790232022106,-63.07580464044212,6.307580464044213,252.3032185617685,-31.53790232022106,157.6895116011053,47.30685348033159,78.84475580055265,-126.15160928088424,15.76895116011053,63.07580464044212
188.10000000000002,126.15669699549866,189.23504549324798,94.61752274662399,31.539174248874666,-63.07834849774933,6.307834849774934,252.31339399099733,-31.539174248874666,157.69587124437334,47.308761373311995,78.84793562218667,-126.15669699549866,15.769587124437333,63.07834849774933
188.20000000000002,126.16130494551444,189.24195741827168,94.62097870913584,31.54032623637861,-63.08065247275722,6.308065247275723,252.3226098910289,-31.54032623637861,157.70163118189305,47.31048935456792,78.85081559094652,-126.16130494551444,15.770163118189306,63.08065247275722
188.3,126.16542424954099,189.24813637431149,94.62406818715574,31.541356062385248,-63.082712124770495,6.30827121247705,252.33084849908198,-31.541356062385248,157.70678031192625,47.31203409357787,78.85339015596313,-126.16542424954099,15.770678031192624,63.082712124770495
188.4,126.16907627758604,189.25361441637907,94.62680720818953,31.54226906939651,-63.08453813879302,6.308453813879303,252.3381525551721,-31.54226906939651,157.71134534698257,47.313403604094766,78.85567267349128,-126.16907627758604,15.771134534698255,63.08453813879302
188.5,126.17223250168234,189.25834875252352,94.62917437626176,31.543058125420586,-63.08611625084117,6.308611625084118,252.3444650033647,-31.543058125420586,157.71529062710295,47.31458718813088,78.85764531355147,-126.17223250168234,15.771529062710293,63.08611625084117
188.60000000000002,126.17475281594172,189.26212922391258,94.63106461195629,31.54368820398543,-63.08737640797086,6.308737640797086,252.34950563188343,-31.54368820398543,157.71844101992716,47.315532305978145,78.85922050996358,-126.17475281594172,15.771844101992714,63.08737640797086
188.70000000000002,126.1765258120756,189.26478871811338,94.63239435905669,31.5441314530189,-63.0882629060378,6.30882629060378,252.3530516241512,-31.5441314530189,157.7206572650945,47.316197179528345,78.86032863254725,-126.1765258120756,15.77206572650945,63.0882629060378
188.8,126.17743914925725,189.2661587238859,94.63307936194295,31.544359787314313,-63.08871957462863,6.308871957462863,252.3548782985145,-31.544359787314313,157.72179893657156,47.316539680971474,78.86089946828578,-126.17743914925725,15.772179893657157,63.08871957462863
188.9,126.17732732892884,189.26599099339325,94.63299549669662,31.54433183223221,-63.08866366446442,6.308866366446442,252.35465465785768,-31.54433183223221,157.72165916116106,47.31649774834831,78.86082958058053,-126.17732732892884,15.772165916116105,63.08866366446442
189.0,126.1759944130324,189.2639916195486,94.6319958097743,31.5439986032581,-63.0879972065162,6.308799720651621,252.3519888260648,-31.5439986032581,157.7199930162905,47.31599790488715,78.85999650814524,-126.1759944130324,15.77199930162905,63.0879972065162
189.10000000000002,126.173276129626,189.259914194439,94.6299570972195,31.5433190324065,-63.086638064813,6.3086638064813005,252.346552259252,-31.5433190324065,157.7165951620325,47.31497854860975,78.85829758101625,-126.173276129626,15.77165951620325,63.086638064813
189.20000000000002,126.16900864173823,189.25351296260735,94.62675648130367,31.542252160434558,-63.084504320869115,6.308450432086912,252.33801728347646,-31.542252160434558,157.71126080217277,47.313378240651836,78.85563040108639,-126.16900864173823,15.771126080217279,63.084504320869115
189.3,126.16300370403408,189.24450555605114,94.62225277802557,31.54075092600852,-63.08150185201704,6.308150185201704,252.32600740806816,-31.54075092600852,157.7037546300426,47.311126389012784,78.8518773150213,-126.16300370403408,15.77037546300426,63.08150185201704
189.4,126.15497729789689,189.23246594684534,94.61623297342267,31.538744324474223,-63.077488648948446,6.307748864894845,252.30995459579378,-31.538744324474223,157.69372162237113,47.308116486711334,78.84686081118556,-126.15497729789689,15.769372162237111,63.077488648948446
189.5,126.14466673815343,189.21700010723015,94.60850005361507,31.536166684538358,-63.072333369076716,6.307233336907672,252.28933347630687,-31.536166684538358,157.6808334226918,47.30425002680754,78.8404167113459,-126.14466673815343,15.768083342269179,63.072333369076716
189.60000000000002,126.13184810566685,189.19777215850027,94.59888607925014,31.532962026416712,-63.065924052833424,6.306592405283343,252.2636962113337,-31.532962026416712,157.66481013208357,47.29944303962507,78.83240506604179,-126.13184810566685,15.766481013208356,63.065924052833424
189.70000000000002,126.11632415895345,189.17448623843018,94.58724311921509,31.52908103973836,-63.05816207947672,6.3058162079476725,252.2326483179069,-31.52908103973836,157.6454051986918,47.293621559607544,78.8227025993459,-126.11632415895345,15.76454051986918,63.05816207947672
189.8,126.09796182158084,189.14694273237126,94.57347136618563,31.52449045539521,-63.04898091079042,6.304898091079043,252.19592364316168,-31.52449045539521,157.62245227697605,47.286735683092814,78.81122613848802,-126.09796182158084,15.762245227697605,63.04898091079042
189.9,126.0766827486738,189.1150241230107,94.55751206150535,31.51917068716845,-63.0383413743369,6.30383413743369,252.1533654973476,-31.51917068716845,157.59585343584226,47.278756030752675,78.79792671792113,-126.0766827486738,15.759585343584225,63.0383413743369
190.0,126.05238569134997,189.07857853702495,94.53928926851248,31.513096422837492,-63.026192845674984,6.302619284567498,252.10477138269994,-31.513096422837492,157.56548211418746,47.26964463425624,78.78274105709373,-126.05238569134997,15.756548211418746,63.026192845674984
190.10000000000002,126.02492091281259,189.03738136921888,94.51869068460944,31.506230228203147,-63.012460456406295,6.30124604564063,252.04984182562518,-31.506230228203147,157.53115114101573,47.25934534230472,78.76557557050786,-126.02492091281259,15.753115114101574,63.012460456406295
190.20000000000002,125.99413867737445,188.99120801606168,94.49560400803084,31.498534669343613,-62.997069338687226,6.299706933868723,251.9882773547489,-31.498534669343613,157.49267334671805,47.24780200401542,78.74633667335902,-125.99413867737445,15.749267334671806,62.997069338687226
190.3,125.9598921354787,188.93983820321805,94.46991910160902,31.489973033869674,-62.97994606773935,6.297994606773935,251.9197842709574,-31.489973033869674,157.44986516934836,47.23495955080451,78.72493258467418,-125.9598921354787,15.744986516934837,62.97994606773935
190.4,125.9220288882434,188.8830433323651,94.44152166618255,31.48050722206085,-62.9610144441217,6.29610144441217,251.8440577764868,-31.48050722206085,157.40253611030425,47.220760833091276,78.70126805515213,-125.9220288882434,15.740253611030425,62.9610144441217
190.5,125.88039587720328,188.82059381580493,94.41029690790246,31.47009896930082,-62.94019793860164,6.294019793860165,251.76079175440657,-31.47009896930082,157.3504948465041,47.20514845395123,78.67524742325205,-125.88039587720328,15.73504948465041,62.94019793860164
190.60000000000002,125.83487064708345,188.75230597062517,94.37615298531259,31.458717661770862,-62.917435323541724,6.291743532354173,251.6697412941669,-31.458717661770862,157.2935883088543,47.18807649265629,78.64679415442716,-125.83487064708345,15.729358830885431,62.917435323541724
190.70000000000002,125.78538072892925,188.6780710933939,94.33903554669695,31.446345182232314,-62.89269036446463,6.289269036446463,251.5707614578585,-31.446345182232314,157.23172591116156,47.169517773348474,78.61586295558078,-125.78538072892925,15.723172591116157,62.89269036446463
190.8,125.73189205841004,188.59783808761506,94.29891904380753,31.43297301460251,-62.86594602920502,6.286594602920502,251.46378411682008,-31.43297301460251,157.16486507301255,47.149459521903765,78.58243253650627,-125.73189205841004,15.716486507301255,62.86594602920502
190.9,125.6743431670366,188.5115147505549,94.25575737527745,31.41858579175915,-62.8371715835183,6.2837171583518305,251.3486863340732,-31.41858579175915,157.09292895879574,47.12787868763873,78.54646447939787,-125.6743431670366,15.709292895879575,62.8371715835183
191.0,125.61271255265487,188.4190688289823,94.20953441449115,31.403178138163717,-62.806356276327435,6.280635627632744,251.22542510530974,-31.403178138163717,157.0158906908186,47.10476720724557,78.5079453454093,-125.61271255265487,15.701589069081859,62.806356276327435
191.10000000000002,125.54705222391675,188.32057833587513,94.16028916793756,31.386763055979188,-62.773526111958375,6.2773526111958375,251.0941044478335,-31.386763055979188,156.93381527989595,47.08014458396878,78.46690763994798,-125.54705222391675,15.693381527989594,62.773526111958375
191.20000000000002,125.47743865195807,188.2161579779371,94.10807898896854,31.369359662989517,-62.738719325979034,6.2738719325979035,250.95487730391613,-31.369359662989517,156.8467983149476,47.05403949448427,78.4233991574738,-125.47743865195807,15.684679831494758,62.738719325979034
191.3,125.4039625172905,188.10594377593574,94.05297188796787,31.350990629322624,-62.70198125864525,6.270198125864525,250.807925034581,-31.350990629322624,156.7549531466131,47.026485943983936,78.37747657330655,-125.4039625172905,15.675495314661312,62.70198125864525
191.4,125.32675022314734,187.99012533472103,93.99506266736051,31.331687555786836,-62.66337511157367,6.266337511157367,250.6535004462947,-31.331687555786836,156.65843777893417,46.99753133368026,78.32921888946709,-125.32675022314734,15.665843777893418,62.66337511157367
191.5,125.24599971632493,187.8689995744874,93.9344997872437,31.311499929081233,-62.622999858162466,6.262299985816247,250.49199943264986,-31.311499929081233,156.55749964540615,46.96724989362185,78.27874982270308,-125.24599971632493,15.655749964540616,62.622999858162466
191.60000000000002,125.16195253726946,187.74292880590417,93.87146440295209,31.290488134317364,-62.58097626863473,6.258097626863473,250.3239050745389,-31.290488134317364,156.45244067158683,46.93573220147604,78.22622033579341,-125.16195253726946,15.645244067158682,62.58097626863473
191.70000000000002,125.07487651437035,187.61231477155553,93.80615738577777,31.268719128592586,-62.53743825718517,6.253743825718518,250.1497530287407,-31.268719128592586,156.34359564296292,46.90307869288888,78.17179782148146,-125.07487651437035,15.634359564296293,62.53743825718517
191.8,124.98497868386981,187.4774680258047,93.73873401290236,31.246244670967453,-62.492489341934906,6.249248934193491,249.96995736773962,-31.246244670967453,156.23122335483725,46.86936700645118,78.11561167741863,-124.98497868386981,15.623122335483727,62.492489341934906
191.9,124.89240232192549,187.33860348288823,93.66930174144412,31.223100580481372,-62.446201160962744,6.244620116096275,249.78480464385098,-31.223100580481372,156.11550290240686,46.83465087072206,78.05775145120343,-124.89240232192549,15.611550290240686,62.446201160962744
192.0,124.79732783490796,187.19599175236195,93.59799587618097,31.19933195872699,-62.39866391745398,6.239866391745398,249.59465566981592,-31.19933195872699,155.99665979363496,46.79899793809049,77.99832989681748,-124.79732783490796,15.599665979363495,62.39866391745398
192.10000000000002,124.69992219085185,187.04988328627778,93.52494164313889,31.174980547712963,-62.349961095425925,6.2349961095425925,249.3998443817037,-31.174980547712963,155.8749027385648,46.762470821569444,77.9374513692824,-124.69992219085185,15.587490273856481,62.349961095425925
192.20000000000002,124.60037980883679,186.90056971325518,93.45028485662759,31.150094952209198,-62.300189904418396,6.23001899044184,249.20075961767358,-31.150094952209198,155.75047476104598,46.725142428313795,77.87523738052299,-124.60037980883679,15.575047476104599,62.300189904418396
192.3,124.49895092288371,186.74842638432557,93.37421319216278,31.124737730720927,-62.249475461441854,6.224947546144186,248.99790184576742,-31.124737730720927,155.62368865360463,46.68710659608139,77.81184432680232,-124.49895092288371,15.562368865360463,62.249475461441854
192.4,124.39591882698711,186.59387824048068,93.29693912024034,31.09897970674678,-62.19795941349356,6.219795941349356,248.79183765397423,-31.09897970674678,155.4948985337339,46.64846956012017,77.74744926686695,-124.39591882698711,15.54948985337339,62.19795941349356
192.5,124.29160447238831,186.43740670858247,93.21870335429124,31.07290111809708,-62.14580223619416,6.214580223619416,248.58320894477663,-31.07290111809708,155.3645055904854,46.60935167714562,77.6822527952427,-124.29160447238831,15.53645055904854,62.14580223619416
192.60000000000002,124.18632176174461,186.27948264261693,93.13974132130846,31.046580440436152,-62.093160880872304,6.209316088087231,248.37264352348922,-31.046580440436152,155.23290220218075,46.56987066065423,77.61645110109038,-124.18632176174461,15.523290220218076,62.093160880872304
192.70000000000002,124.08037746126533,186.12056619189798,93.06028309594899,31.020094365316332,-62.040188730632664,6.204018873063267,248.16075492253066,-31.020094365316332,155.10047182658167,46.530141547974495,77.55023591329083,-124.08037746126533,15.510047182658166,62.040188730632664
192.8,123.97407225856944,185.96110838785415,92.98055419392708,30.99351806464236,-61.98703612928472,6.1987036129284725,247.94814451713887,-30.99351806464236,154.9675903232118,46.49027709696354,77.4837951616059,-123.97407225856944,15.49675903232118,61.98703612928472
192.9,123.86769056573641,185.8015358486046,92.9007679243023,30.966922641434103,-61.933845282868205,6.1933845282868205,247.73538113147282,-30.966922641434103,154.83461320717052,46.45038396215115,77.41730660358526,-123.86769056573641,15.483461320717051,61.933845282868205
193.0,123.76147949640533,185.642219244608,92.821109622304,30.940369874101332,-61.880739748202664,6.188073974820266,247.52295899281066,-30.940369874101332,154.70184937050666,46.410554811152,77.35092468525333,-123.76147949640533,15.470184937050666,61.880739748202664
193.10000000000002,123.65561885777123,185.48342828665685,92.74171414332842,30.913904714442808,-61.827809428885615,6.182780942888562,247.31123771554246,-30.913904714442808,154.56952357221405,46.37085707166421,77.28476178610703,-123.65561885777123,15.456952357221404,61.827809428885615
193.20000000000002,123.55021868012,185.32532802018,92.66266401009,30.88755467003,-61.77510934006,6.177510934006,247.10043736024,-30.88755467003,154.43777335015,46.331332005045,77.218886675075,-123.55021868012,15.443777335015,61.77510934006
193.3,123.44544256889834,185.16816385334752,92.58408192667376,30.861360642224586,-61.72272128444917,6.172272128444917,246.8908851377967,-30.861360642224586,154.30680321112294,46.29204096333688,77.15340160556147,-123.44544256889834,15.430680321112293,61.72272128444917
193.4,123.34142126480961,185.01213189721443,92.50606594860722,30.835355316202403,-61.670710632404806,6.167071063240481,246.68284252961922,-30.835355316202403,154.176776581012,46.25303297430361,77.088388290506,-123.34142126480961,15.417677658101201,61.670710632404806
193.5,123.23830758871873,184.8574613830781,92.42873069153904,30.80957689717968,-61.61915379435936,6.1619153794359365,246.47661517743745,-30.80957689717968,154.0478844858984,46.21436534576952,77.0239422429492,-123.23830758871873,15.40478844858984,61.61915379435936
193.60000000000002,123.13630212238357,184.70445318357537,92.35222659178768,30.784075530595892,-61.568151061191784,6.156815106119179,246.27260424476714,-30.784075530595892,153.92037765297945,46.17611329589384,76.96018882648973,-123.13630212238357,15.392037765297946,61.568151061191784
193.70000000000002,123.03561043934451,184.55341565901676,92.27670782950838,30.758902609836127,-61.517805219672255,6.1517805219672255,246.07122087868902,-30.758902609836127,153.79451304918064,46.13835391475419,76.89725652459032,-123.03561043934451,15.379451304918064,61.517805219672255
193.8,122.9364245744493,184.40463686167396,92.20231843083698,30.734106143612326,-61.46821228722465,6.146821228722466,245.8728491488986,-30.734106143612326,153.67053071806163,46.10115921541849,76.83526535903081,-122.9364245744493,15.367053071806163,61.46821228722465
193.9,122.8389111660304,184.2583667490456,92.1291833745228,30.7097277915076,-61.4194555830152,6.14194555830152,245.6778223320608,-30.7097277915076,153.548638957538,46.0645916872614,76.774319478769,-122.8389111660304,15.3548638957538,61.4194555830152
194.0,122.74317678051194,184.11476517076792,92.05738258538396,30.685794195127986,-61.37158839025597,6.137158839025598,245.4863535610239,-30.685794195127986,153.42897097563994,46.02869129269198,76.71448548781997,-122.74317678051194,15.342897097563993,61.37158839025597
194.10000000000002,122.64932718445341,183.97399077668013,91.98699538834006,30.662331796113353,-61.324663592226706,6.132466359222671,245.29865436890682,-30.662331796113353,153.31165898056676,45.99349769417003,76.65582949028338,-122.64932718445341,15.331165898056677,61.324663592226706
194.20000000000002,122.55753088564494,183.8362963284674,91.9181481642337,30.639382721411234,-61.27876544282247,6.127876544282247,245.11506177128987,-30.639382721411234,153.19691360705616,45.95907408211685,76.59845680352808,-122.55753088564494,15.319691360705617,61.27876544282247
194.3,122.46793014559104,183.70189521838657,91.85094760919328,30.61698253639776,-61.23396507279552,6.123396507279552,244.93586029118208,-30.61698253639776,153.0849126819888,45.92547380459664,76.5424563409944,-122.46793014559104,15.30849126819888,61.23396507279552
194.4,122.38060188634228,183.57090282951341,91.78545141475671,30.59515047158557,-61.19030094317114,6.1190300943171145,244.76120377268455,-30.59515047158557,152.97575235792783,45.892725707378354,76.48787617896392,-122.38060188634228,15.297575235792785,61.19030094317114
194.5,122.29567965001237,183.44351947501855,91.72175973750927,30.573919912503094,-61.14783982500619,6.114783982500619,244.59135930002475,-30.573919912503094,152.86959956251548,45.86087986875464,76.43479978125774,-122.29567965001237,15.286959956251547,61.14783982500619
194.60000000000002,122.2132780379217,183.31991705688256,91.65995852844128,30.553319509480424,-61.10663901896085,6.1106639018960855,244.4265560758434,-30.553319509480424,152.7665975474021,45.82997926422064,76.38329877370106,-122.2132780379217,15.276659754740212,61.10663901896085
194.70000000000002,122.13343186081596,183.20014779122394,91.60007389561197,30.53335796520399,-61.06671593040798,6.106671593040798,244.26686372163192,-30.53335796520399,152.66678982601996,45.800036947805985,76.33339491300998,-122.13343186081596,15.266678982601995,61.06671593040798
194.8,122.0561477500051,183.08422162500764,91.54211081250382,30.514036937501274,-61.02807387500255,6.102807387500255,244.1122955000102,-30.514036937501274,152.57018468750636,45.77105540625191,76.28509234375318,-122.0561477500051,15.257018468750637,61.02807387500255
194.9,121.9814214237276,182.97213213559138,91.48606606779569,30.4953553559319,-60.9907107118638,6.09907107118638,243.9628428474552,-30.4953553559319,152.4767767796595,45.743033033897845,76.23838838982975,-121.9814214237276,15.24767767796595,60.9907107118638
195.0,121.90921936522307,182.8638290478346,91.4319145239173,30.477304841305767,-60.95460968261153,6.095460968261154,243.81843873044613,-30.477304841305767,152.38652420652883,45.71595726195865,76.19326210326442,-121.90921936522307,15.238652420652883,60.95460968261153
195.10000000000002,121.83944812615306,182.7591721892296,91.3795860946148,30.459862031538265,-60.91972406307653,6.0919724063076535,243.67889625230612,-30.459862031538265,152.2993101576913,45.6897930473074,76.14965507884565,-121.83944812615306,15.229931015769132,60.91972406307653
195.20000000000002,121.77194845737978,182.65792268606967,91.32896134303483,30.442987114344945,-60.88597422868989,6.08859742286899,243.54389691475956,-30.442987114344945,152.2149355717247,45.66448067151742,76.10746778586235,-121.77194845737978,15.221493557172472,60.88597422868989
195.3,121.70665830969492,182.55998746454236,91.27999373227118,30.42666457742373,-60.85332915484746,6.085332915484746,243.41331661938983,-30.42666457742373,152.13332288711865,45.63999686613559,76.06666144355933,-121.70665830969492,15.213332288711864,60.85332915484746
195.4,121.64354125013728,182.4653118752059,91.23265593760296,30.41088531253432,-60.82177062506864,6.082177062506864,243.28708250027455,-30.41088531253432,152.0544265626716,45.61632796880148,76.0272132813358,-121.64354125013728,15.20544265626716,60.82177062506864
195.5,121.58261766519978,182.37392649779966,91.18696324889983,30.395654416299944,-60.79130883259989,6.079130883259989,243.16523533039955,-30.395654416299944,151.9782720814997,45.593481624449915,75.98913604074986,-121.58261766519978,15.197827208149972,60.79130883259989
195.60000000000002,121.52397537139474,182.28596305709212,91.14298152854606,30.380993842848685,-60.76198768569737,6.076198768569737,243.04795074278948,-30.380993842848685,151.90496921424344,45.57149076427303,75.95248460712172,-121.52397537139474,15.190496921424343,60.76198768569737
195.70000000000002,121.46771077486919,182.20156616230378,91.10078308115189,30.366927693717297,-60.733855387434595,6.07338553874346,242.93542154973838,-30.366927693717297,151.8346384685865,45.550391540575944,75.91731923429325,-121.46771077486919,15.183463846858649,60.733855387434595
195.8,121.41390421341504,182.12085632012256,91.06042816006128,30.35347605335376,-60.70695210670752,6.070695210670753,242.82780842683007,-30.35347605335376,151.76738026676878,45.53021408003064,75.88369013338439,-121.41390421341504,15.17673802667688,60.70695210670752
195.9,121.3625880987442,182.0438821481163,91.02194107405815,30.34064702468605,-60.6812940493721,6.06812940493721,242.7251761974884,-30.34064702468605,151.70323512343026,45.510970537029074,75.85161756171513,-121.3625880987442,15.170323512343025,60.6812940493721
196.0,121.31375068639986,181.97062602959977,90.98531301479989,30.328437671599964,-60.65687534319993,6.065687534319993,242.6275013727997,-30.328437671599964,151.64218835799983,45.49265650739994,75.82109417899991,-121.31375068639986,15.164218835799982,60.65687534319993
196.10000000000002,121.26744296331242,181.90116444496863,90.95058222248431,30.316860740828105,-60.63372148165621,6.063372148165621,242.53488592662484,-30.316860740828105,151.58430370414052,45.47529111124216,75.79215185207026,-121.26744296331242,15.158430370414052,60.63372148165621
196.20000000000002,121.22369015106838,181.8355352266026,90.9177676133013,30.305922537767096,-60.61184507553419,6.06118450755342,242.44738030213676,-30.305922537767096,151.52961268883547,45.45888380665065,75.76480634441774,-121.22369015106838,15.152961268883548,60.61184507553419
196.3,121.18246455668259,181.77369683502388,90.88684841751194,30.295616139170647,-60.591232278341295,6.05912322783413,242.36492911336518,-30.295616139170647,151.47808069585324,45.44342420875597,75.73904034792662,-121.18246455668259,15.147808069585324,60.591232278341295
196.4,121.14372661160348,181.71558991740523,90.85779495870261,30.28593165290087,-60.57186330580174,6.0571863305801745,242.28745322320697,-30.28593165290087,151.42965826450435,45.428897479351306,75.71482913225218,-121.14372661160348,15.142965826450435,60.57186330580174
196.5,121.1075126173447,181.66126892601704,90.83063446300852,30.276878154336174,-60.55375630867235,6.0553756308672355,242.2150252346894,-30.276878154336174,151.38439077168087,45.41531723150426,75.69219538584044,-121.1075126173447,15.138439077168087,60.55375630867235
196.60000000000002,121.07387343329154,181.61081014993732,90.80540507496866,30.268468358322885,-60.53693671664577,6.053693671664577,242.14774686658308,-30.268468358322885,151.34234179161442,45.40270253748433,75.67117089580721,-121.07387343329154,15.134234179161442,60.53693671664577
196.70000000000002,121.04284982648373,181.5642747397256,90.7821373698628,30.260712456620933,-60.521424913241866,6.052142491324187,242.08569965296746,-30.260712456620933,151.30356228310467,45.3910686849314,75.65178114155233,-121.04284982648373,15.130356228310466,60.521424913241866
196.8,121.01450545798099,181.52175818697148,90.76087909348574,30.253626364495247,-60.507252728990494,6.05072527289905,242.02901091596198,-30.253626364495247,151.26813182247622,45.38043954674287,75.63406591123811,-121.01450545798099,15.126813182247624,60.507252728990494
196.9,120.9889381775396,181.4834072663094,90.7417036331547,30.2472345443849,-60.4944690887698,6.0494469088769804,241.9778763550792,-30.2472345443849,151.2361727219245,45.37085181657735,75.61808636096225,-120.9889381775396,15.12361727219245,60.4944690887698
197.0,120.96619783299721,181.44929674949583,90.72464837474791,30.241549458249303,-60.483098916498605,6.048309891649861,241.93239566599442,-30.241549458249303,151.2077472912465,45.36232418737396,75.60387364562325,-120.96619783299721,15.120774729124651,60.483098916498605
197.10000000000002,120.946203061037,181.4193045915555,90.70965229577774,30.23655076525925,-60.4731015305185,6.04731015305185,241.892406122074,-30.23655076525925,151.18275382629625,45.35482614788887,75.59137691314812,-120.946203061037,15.118275382629625,60.4731015305185
197.20000000000002,120.92886955013593,181.3933043252039,90.69665216260195,30.232217387533982,-60.464434775067964,6.046443477506797,241.85773910027186,-30.232217387533982,151.16108693766992,45.348326081300975,75.58054346883496,-120.92886955013593,15.116108693766991,60.464434775067964
197.3,120.91409188853869,181.37113783280805,90.68556891640402,30.228522972134673,-60.457045944269346,6.045704594426935,241.82818377707738,-30.228522972134673,151.14261486067338,45.34278445820201,75.57130743033669,-120.91409188853869,15.114261486067337,60.457045944269346
197.4,120.90176938028631,181.35265407042948,90.67632703521474,30.225442345071578,-60.450884690143155,6.045088469014316,241.80353876057262,-30.225442345071578,151.12721172535788,45.33816351760737,75.56360586267894,-120.90176938028631,15.112721172535789,60.450884690143155
197.5,120.8917572210552,181.33763583158282,90.66881791579141,30.2229393052638,-60.4458786105276,6.044587861052761,241.7835144421104,-30.2229393052638,151.114696526319,45.334408957895704,75.5573482631595,-120.8917572210552,15.1114696526319,60.4458786105276
197.60000000000002,120.88393096861277,181.32589645291915,90.66294822645958,30.220982742153193,-60.44196548430639,6.044196548430639,241.76786193722555,-30.220982742153193,151.10491371076597,45.33147411322979,75.55245685538299,-120.88393096861277,15.110491371076597,60.44196548430639
197.70000000000002,120.87822822738129,181.31734234107194,90.65867117053597,30.21955705684532,-60.43911411369064,6.043911411369065,241.75645645476257,-30.21955705684532,151.0977852842266,45.329335585267984,75.5488926421133,-120.87822822738129,15.10977852842266,60.43911411369064
197.8,120.87459942618437,181.31189913927656,90.65594956963828,30.218649856546094,-60.43729971309219,6.043729971309219,241.74919885236875,-30.218649856546094,151.09324928273048,45.32797478481914,75.54662464136524,-120.87459942618437,15.109324928273047,60.43729971309219
197.9,120.8730054379894,181.30950815698412,90.65475407849206,30.21825135949735,-60.4365027189947,6.0436502718994705,241.7460108759788,-30.21825135949735,151.09125679748675,45.32737703924603,75.54562839874337,-120.8730054379894,15.109125679748676,60.4365027189947
198.0,120.87341386449233,181.3101207967385,90.65506039836924,30.218353466123084,-60.43670693224617,6.043670693224617,241.74682772898467,-30.218353466123084,151.09176733061543,45.32753019918462,75.54588366530771,-120.87341386449233,15.109176733061542,60.43670693224617
198.10000000000002,120.87580571825154,181.31370857737733,90.65685428868866,30.218951429562885,-60.43790285912577,6.043790285912578,241.75161143650308,-30.218951429562885,151.09475714781442,45.32842714434433,75.54737857390721,-120.87580571825154,15.109475714781443,60.43790285912577
198.20000000000002,120.8801898362944,181.32028475444162,90.66014237722081,30.2200474590736,-60.4400949181472,6.0440094918147205,241.7603796725888,-30.2200474590736,151.100237295368,45.330071188610404,75.550118647684,-120.8801898362944,15.1100237295368,60.4400949181472
198.3,120.88662059704076,181.32993089556115,90.66496544778057,30.22165514926019,-60.44331029852038,6.044331029852039,241.77324119408152,-30.22165514926019,151.10827574630096,45.33248272389029,75.55413787315048,-120.88662059704076,15.110827574630095,60.44331029852038
198.4,120.89518492510251,181.34277738765377,90.67138869382688,30.223796231275628,-60.447592462551256,6.044759246255126,241.79036985020502,-30.223796231275628,151.11898115637814,45.33569434691344,75.55949057818907,-120.89518492510251,15.111898115637814,60.447592462551256
198.5,120.9059873692583,181.35898105388745,90.67949052694372,30.226496842314575,-60.45299368462915,6.045299368462915,241.8119747385166,-30.226496842314575,151.1324842115729,45.33974526347186,75.56624210578644,-120.9059873692583,15.113248421157287,60.45299368462915
198.60000000000002,120.91914890139077,181.37872335208615,90.68936167604308,30.229787225347692,-60.459574450695385,6.045957445069539,241.83829780278154,-30.229787225347692,151.14893612673848,45.34468083802154,75.57446806336924,-120.91914890139077,15.114893612673846,60.459574450695385
198.70000000000002,120.93473813559804,181.40210720339707,90.70105360169853,30.23368453389951,-60.46736906779902,6.046736906779902,241.86947627119608,-30.23368453389951,151.16842266949755,45.350526800849266,75.58421133474877,-120.93473813559804,15.116842266949755,60.46736906779902
198.8,120.95286117391788,181.42929176087682,90.71464588043841,30.23821529347947,-60.47643058695894,6.047643058695894,241.90572234783576,-30.23821529347947,151.19107646739735,45.357322940219206,75.59553823369868,-120.95286117391788,15.119107646739735,60.47643058695894
198.9,120.97366508688701,181.4604976303305,90.73024881516525,30.243416271721753,-60.486832543443505,6.0486832543443505,241.94733017377402,-30.243416271721753,151.21708135860877,45.36512440758263,75.60854067930438,-120.97366508688701,15.121708135860876,60.486832543443505
199.0,120.99725532531404,181.49588298797107,90.74794149398554,30.24931383132851,-60.49862766265702,6.0498627662657025,241.9945106506281,-30.24931383132851,151.24656915664255,45.37397074699277,75.62328457832128,-120.99725532531404,15.124656915664255,60.49862766265702
199.10000000000002,121.02367807502371,181.53551711253556,90.76775855626778,30.255919518755928,-60.511839037511855,6.051183903751186,242.04735615004742,-30.255919518755928,151.27959759377964,45.38387927813389,75.63979879688982,-121.02367807502371,15.127959759377964,60.511839037511855
199.20000000000002,121.05296708044231,181.57945062066347,90.78972531033173,30.26324177011058,-60.52648354022116,6.052648354022116,242.10593416088463,-30.26324177011058,151.3162088505529,45.394862655165866,75.65810442527645,-121.05296708044231,15.13162088505529,60.52648354022116
199.3,121.08512886820625,181.62769330230938,90.81384665115469,30.271282217051564,-60.54256443410313,6.054256443410313,242.1702577364125,-30.271282217051564,151.35641108525783,45.406923325577345,75.67820554262892,-121.08512886820625,15.135641108525782,60.54256443410313
199.4,121.12012959266255,181.6801943889938,90.8400971944969,30.280032398165638,-60.560064796331275,6.056006479633128,242.2402591853251,-30.280032398165638,151.4001619908282,45.42004859724845,75.7000809954141,-121.12012959266255,15.140016199082819,60.560064796331275
199.5,121.15789682193692,181.73684523290538,90.86842261645269,30.28947420548423,-60.57894841096846,6.0578948410968465,242.31579364387383,-30.28947420548423,151.44737102742116,45.434211308226345,75.72368551371058,-121.15789682193692,15.144737102742114,60.57894841096846
199.60000000000002,121.1983291347495,181.79749370212426,90.89874685106213,30.299582283687375,-60.59916456737475,6.059916456737476,242.396658269499,-30.299582283687375,151.49791141843687,45.449373425531064,75.74895570921844,-121.1983291347495,15.149791141843687,60.59916456737475
199.70000000000002,121.24132125073619,181.8619818761043,90.93099093805215,30.310330312684048,-60.620660625368096,6.06206606253681,242.48264250147238,-30.310330312684048,151.55165156342025,45.465495469026074,75.77582578171013,-121.24132125073619,15.155165156342024,60.620660625368096
199.8,121.28678977328727,181.9301846599309,90.96509232996544,30.321697443321817,-60.643394886643634,6.064339488664364,242.57357954657454,-30.321697443321817,151.6084872166091,45.48254616498272,75.80424360830455,-121.28678977328727,15.160848721660908,60.643394886643634
199.9,121.33461993211468,182.00192989817202,91.00096494908601,30.33365498302867,-60.66730996605734,6.066730996605735,242.66923986422935,-30.33365498302867,151.66827491514334,45.500482474543006,75.83413745757167,-121.33461993211468,15.166827491514335,60.66730996605734
200.0,121.38469159105045,182.07703738657568,91.03851869328784,30.346172897762614,-60.69234579552523,6.069234579552523,242.7693831821009,-30.346172897762614,151.73086448881307,45.51925934664392,75.86543224440653,-121.38469159105045,15.173086448881307,60.69234579552523
