t,TN2,Tm,Thp,Tf,c[1],c[2],c[3],c[4],c[5],c[6],n,rho_dollars,Q_to_steam,drumAngleDeg
0.0,90.0,135.0,67.5,22.5,-45.0,4.5,180.0,-22.5,112.5,33.75,56.25,-90.0,11.25,45.0
0.1,90.0107996333855,135.01619945007826,67.50809972503913,22.502699908346376,-45.00539981669275,4.5005399816692755,180.021599266771,-22.502699908346376,112.51349954173187,33.754049862519565,56.25674977086594,-90.0107996333855,11.251349954173188,45.00539981669275
0.2,90.02038387189927,135.0305758078489,67.51528790392445,22.505095967974817,-45.010191935949635,4.5010191935949635,180.04076774379854,-22.505095967974817,112.5254798398741,33.75764395196222,56.26273991993705,-90.02038387189927,11.252547983987409,45.010191935949635
0.30000000000000004,90.02867480884514,135.0430122132677,67.52150610663385,22.507168702211285,-45.01433740442257,4.501433740442257,180.05734961769028,-22.507168702211285,112.53584351105643,33.760753053316925,56.267921755528214,-90.02867480884514,11.253584351105642,45.01433740442257
0.4,90.03560083396913,135.0534012509537,67.52670062547685,22.508900208492282,-45.017800416984564,4.501780041698456,180.07120166793825,-22.508900208492282,112.5445010424614,33.763350312738424,56.2722505212307,-90.03560083396913,11.254450104246141,45.017800416984564
0.5,90.04112172839034,135.0616825925855,67.53084129629275,22.510280432097584,-45.02056086419517,4.502056086419517,180.08224345678067,-22.510280432097584,112.55140216048792,33.765420648146375,56.27570108024396,-90.04112172839034,11.255140216048792,45.02056086419517
0.6000000000000001,90.04517457982372,135.0677618697356,67.5338809348678,22.51129364495593,-45.02258728991186,4.502258728991186,180.09034915964745,-22.51129364495593,112.55646822477965,33.7669404674339,56.278234112389825,-90.04517457982372,11.255646822477965,45.02258728991186
0.7000000000000001,90.04774414859581,135.0716162228937,67.53580811144685,22.511936037148953,-45.023872074297905,4.50238720742979,180.09548829719162,-22.511936037148953,112.55968018574477,33.76790405572343,56.279840092872384,-90.04774414859581,11.255968018574476,45.023872074297905
0.8,90.04889097975118,135.07333646962678,67.53666823481339,22.512222744937795,-45.02444548987559,4.502444548987559,180.09778195950236,-22.512222744937795,112.56111372468897,33.768334117406695,56.28055686234448,-90.04889097975118,11.256111372468897,45.02444548987559
0.9,90.04871061569244,135.07306592353865,67.53653296176932,22.51217765392311,-45.02435530784622,4.502435530784623,180.09742123138489,-22.51217765392311,112.56088826961556,33.76826648088466,56.28044413480778,-90.04871061569244,11.256088826961555,45.02435530784622
1.0,90.04733623749944,135.07100435624915,67.53550217812457,22.51183405937486,-45.02366811874972,4.502366811874972,180.09467247499887,-22.51183405937486,112.5591702968743,33.76775108906229,56.27958514843715,-90.04733623749944,11.25591702968743,45.02366811874972
1.1,90.04488817907651,135.06733226861476,67.53366613430738,22.511222044769127,-45.022444089538254,4.502244408953826,180.08977635815302,-22.511222044769127,112.55611022384564,33.76683306715369,56.27805511192282,-90.04488817907651,11.255611022384564,45.022444089538254
1.2000000000000002,90.0414558726309,135.06218380894637,67.53109190447319,22.510363968157726,-45.02072793631545,4.5020727936315454,180.0829117452618,-22.510363968157726,112.55181984078862,33.76554595223659,56.27590992039431,-90.0414558726309,11.255181984078863,45.02072793631545
1.3,90.03707172014039,135.0556075802106,67.5278037901053,22.509267930035097,-45.018535860070195,4.5018535860070195,180.07414344028078,-22.509267930035097,112.54633965017548,33.76390189505265,56.27316982508774,-90.03707172014039,11.254633965017549,45.018535860070195
1.4000000000000001,90.03180317743295,135.04770476614942,67.52385238307471,22.507950794358237,-45.015901588716474,4.501590158871648,180.0636063548659,-22.507950794358237,112.53975397179119,33.761926191537356,56.26987698589559,-90.03180317743295,11.253975397179119,45.015901588716474
1.5,90.02564324689962,135.03846487034943,67.51923243517471,22.506410811724905,-45.01282162344981,4.501282162344981,180.05128649379924,-22.506410811724905,112.53205405862452,33.75961621758736,56.26602702931226,-90.02564324689962,11.253205405862452,45.01282162344981
1.6,90.01855175517859,135.0278276327679,67.51391381638395,22.504637938794648,-45.009275877589296,4.500927587758929,180.03710351035718,-22.504637938794648,112.52318969397324,33.756956908191974,56.26159484698662,-90.01855175517859,11.252318969397324,45.009275877589296
1.7000000000000002,90.01041009602348,135.01561514403522,67.50780757201761,22.50260252400587,-45.00520504801174,4.500520504801174,180.02082019204695,-22.50260252400587,112.51301262002934,33.753903786008806,56.25650631001467,-90.01041009602348,11.251301262002935,45.00520504801174
1.8,90.00107501196509,135.00161251794762,67.50080625897381,22.50026875299127,-45.00053750598254,4.500053750598254,180.00215002393017,-22.50026875299127,112.50134376495636,33.750403129486905,56.25067188247818,-90.00107501196509,11.250134376495636,45.00053750598254
1.9000000000000001,89.9904065246797,134.98560978701954,67.49280489350977,22.497601631169925,-44.99520326233985,4.499520326233985,179.9808130493594,-22.497601631169925,112.48800815584963,33.746402446754885,56.244004077924814,-89.9904065246797,11.248800815584962,44.99520326233985
2.0,89.97823092515004,134.96734638772506,67.48367319386253,22.49455773128751,-44.98911546257502,4.498911546257502,179.9564618503001,-22.49455773128751,112.47278865643756,33.741836596931265,56.23639432821878,-89.97823092515004,11.247278865643755,44.98911546257502
2.1,89.96437791877243,134.94656687815865,67.47328343907932,22.491094479693107,-44.982188959386214,4.498218895938622,179.92875583754486,-22.491094479693107,112.45547239846553,33.73664171953966,56.227736199232766,-89.96437791877243,11.245547239846553,44.982188959386214
2.2,89.9486770599857,134.92301558997855,67.46150779498927,22.487169264996425,-44.97433852999285,4.497433852999285,179.8973541199714,-22.487169264996425,112.43584632498212,33.73075389749464,56.21792316249106,-89.9486770599857,11.243584632498212,44.97433852999285
2.3000000000000003,89.93095680882452,134.89643521323677,67.44821760661839,22.48273920220613,-44.96547840441226,4.4965478404412265,179.86191361764904,-22.48273920220613,112.41369601103065,33.72410880330919,56.206848005515326,-89.93095680882452,11.241369601103065,44.96547840441226
2.4000000000000004,89.91112854086579,134.8666928112987,67.43334640564935,22.477782135216447,-44.955564270432895,4.495556427043289,179.82225708173158,-22.477782135216447,112.38891067608223,33.71667320282467,56.19445533804112,-89.91112854086579,11.238891067608224,44.955564270432895
2.5,89.88915318817462,134.8337297822619,67.41686489113096,22.472288297043654,-44.94457659408731,4.494457659408731,179.77830637634924,-22.472288297043654,112.36144148521828,33.70843244556548,56.18072074260914,-89.88915318817462,11.236144148521827,44.94457659408731
2.6,89.86500433886582,134.79750650829874,67.39875325414937,22.466251084716454,-44.93250216943291,4.493250216943291,179.73000867773163,-22.466251084716454,112.33125542358226,33.699376627074685,56.16562771179113,-89.86500433886582,11.233125542358227,44.93250216943291
2.7,89.83867521186413,134.75801281779619,67.37900640889809,22.459668802966032,-44.919337605932064,4.491933760593207,179.67735042372826,-22.459668802966032,112.29834401483016,33.689503204449046,56.14917200741508,-89.83867521186413,11.229834401483016,44.919337605932064
2.8000000000000003,89.8101853278214,134.7152779917321,67.35763899586605,22.45254633195535,-44.9050926639107,4.49050926639107,179.6203706556428,-22.45254633195535,112.26273165977675,33.67881949793303,56.131365829888374,-89.8101853278214,11.226273165977675,44.9050926639107
2.9000000000000004,89.77952026192466,134.669280392887,67.3346401964435,22.444880065481165,-44.88976013096233,4.4889760130962335,179.55904052384932,-22.444880065481165,112.22440032740582,33.66732009822175,56.11220016370291,-89.77952026192466,11.222440032740582,44.88976013096233
3.0,89.74666801502696,134.62000202254043,67.31000101127022,22.43666700375674,-44.87333400751348,4.487333400751348,179.4933360300539,-22.43666700375674,112.1833350187837,33.65500050563511,56.09166750939185,-89.74666801502696,11.21833350187837,44.87333400751348
3.1,89.7115855485401,134.56737832281016,67.28368916140508,22.427896387135025,-44.85579277427005,4.485579277427005,179.4231710970802,-22.427896387135025,112.13948193567512,33.64184458070254,56.06974096783756,-89.7115855485401,11.213948193567512,44.85579277427005
3.2,89.6742439721635,134.51136595824525,67.25568297912262,22.418560993040874,-44.83712198608175,4.483712198608175,179.348487944327,-22.418560993040874,112.09280496520437,33.62784148956131,56.04640248260218,-89.6742439721635,11.209280496520437,44.83712198608175
3.3000000000000003,89.63457762539606,134.4518664380941,67.22593321904705,22.408644406349016,-44.81728881269803,4.481728881269803,179.26915525079212,-22.408644406349016,112.04322203174507,33.612966609523525,56.02161101587254,-89.63457762539606,11.204322203174508,44.81728881269803
3.4000000000000004,89.59258929865449,134.38888394798172,67.19444197399086,22.398147324663622,-44.796294649327244,4.479629464932724,179.18517859730898,-22.398147324663622,111.99073662331811,33.59722098699543,55.99536831165906,-89.59258929865449,11.199073662331811,44.796294649327244
3.5,89.5483525770209,134.32252886553135,67.16126443276568,22.387088144255227,-44.77417628851045,4.477417628851046,179.0967051540418,-22.387088144255227,111.93544072127614,33.58063221638284,55.96772036063807,-89.5483525770209,11.193544072127613,44.77417628851045
3.6,89.50195664290885,134.25293496436328,67.12646748218164,22.375489160727213,-44.750978321454426,4.475097832145443,179.0039132858177,-22.375489160727213,111.87744580363606,33.56323374109082,55.93872290181803,-89.50195664290885,11.187744580363606,44.750978321454426
3.7,89.45344248928703,134.18016373393056,67.09008186696528,22.363360622321757,-44.726721244643514,4.472672124464352,178.90688497857406,-22.363360622321757,111.81680311160878,33.54504093348264,55.90840155580439,-89.45344248928703,11.181680311160878,44.726721244643514
3.8000000000000003,89.40286306896829,134.10429460345244,67.05214730172622,22.35071576724207,-44.70143153448414,4.470143153448414,178.80572613793657,-22.35071576724207,111.75357883621035,33.52607365086311,55.876789418105176,-89.40286306896829,11.175357883621036,44.70143153448414
3.9000000000000004,89.35028528855088,134.02542793282632,67.01271396641316,22.33757132213772,-44.67514264427544,4.467514264427544,178.70057057710176,-22.33757132213772,111.6878566106886,33.50635698320658,55.8439283053443,-89.35028528855088,11.16878566106886,44.67514264427544
4.0,89.29584569369872,133.9437685405481,66.97188427027405,22.32396142342468,-44.64792284684936,4.464792284684936,178.59169138739745,-22.32396142342468,111.6198071171234,33.48594213513702,55.8099035585617,-89.29584569369872,11.16198071171234,44.64792284684936
4.1000000000000005,89.23957978331624,133.85936967497437,66.92968483748719,22.30989494582906,-44.61978989165812,4.461978989165813,178.4791595666325,-22.30989494582906,111.5494747291453,33.464842418743594,55.77473736457265,-89.23957978331624,11.15494747291453,44.61978989165812
4.2,89.1815096518183,133.77226447772745,66.88613223886372,22.295377412954576,-44.59075482590915,4.459075482590915,178.3630193036366,-22.295377412954576,111.47688706477288,33.44306611943186,55.73844353238644,-89.1815096518183,11.147688706477288,44.59075482590915
4.3,89.12174727867327,133.6826209180099,66.84131045900494,22.280436819668317,-44.560873639336634,4.456087363933664,178.24349455734654,-22.280436819668317,111.40218409834159,33.42065522950247,55.701092049170796,-89.12174727867327,11.140218409834159,44.560873639336634
4.4,89.06041422192116,133.59062133288174,66.79531066644087,22.26510355548029,-44.53020711096058,4.453020711096058,178.12082844384233,-22.26510355548029,111.32551777740146,33.397655333220435,55.66275888870073,-89.06041422192116,11.132551777740145,44.53020711096058
4.5,88.99762057609988,133.49643086414983,66.74821543207491,22.24940514402497,-44.49881028804994,4.449881028804994,177.99524115219975,-22.24940514402497,111.24702572012484,33.37410771603746,55.62351286006242,-88.99762057609988,11.124702572012485,44.49881028804994
4.6000000000000005,88.933482322204,133.400223483306,66.700111741653,22.233370580551,-44.466741161102,4.4466741161102,177.866964644408,-22.233370580551,111.166852902755,33.3500558708265,55.5834264513775,-88.933482322204,11.1166852902755,44.466741161102
4.7,88.86815410141436,133.30223115212155,66.65111557606077,22.21703852535359,-44.43407705070718,4.443407705070718,177.73630820282872,-22.21703852535359,111.08519262676795,33.32555778803039,55.542596313383974,-88.86815410141436,11.108519262676795,44.43407705070718
4.800000000000001,88.80186880571233,133.2028032085685,66.60140160428425,22.200467201428083,-44.400934402856166,4.440093440285617,177.60373761142466,-22.200467201428083,111.00233600714041,33.300700802142124,55.50116800357021,-88.80186880571233,11.100233600714041,44.400934402856166
4.9,88.73495956567169,133.10243934850752,66.55121967425376,22.183739891417922,-44.367479782835844,4.436747978283584,177.46991913134337,-22.183739891417922,110.91869945708962,33.27560983712688,55.45934972854481,-88.73495956567169,11.091869945708961,44.367479782835844
5.0,88.66778708912933,133.001680633694,66.500840316847,22.166946772282333,-44.33389354456467,4.433389354456467,177.33557417825867,-22.166946772282333,110.83473386141166,33.2504201584235,55.41736693070583,-88.66778708912933,11.083473386141167,44.33389354456467
5.1000000000000005,88.60072995984297,132.90109493976445,66.45054746988222,22.15018248996074,-44.30036497992148,4.430036497992148,177.20145991968593,-22.15018248996074,110.7509124498037,33.22527373494111,55.37545622490185,-88.60072995984297,11.07509124498037,44.30036497992148
5.2,88.53415403449647,132.8012310517447,66.40061552587235,22.133538508624117,-44.26707701724823,4.4267077017248235,177.06830806899293,-22.133538508624117,110.66769254312058,33.20030776293618,55.33384627156029,-88.53415403449647,11.066769254312058,44.26707701724823
5.300000000000001,88.4684094758337,132.70261421375054,66.35130710687527,22.117102368958424,-44.23420473791685,4.423420473791685,176.9368189516674,-22.117102368958424,110.58551184479212,33.175653553437634,55.29275592239606,-88.4684094758337,11.058551184479212,44.23420473791685
5.4,88.40383122428229,132.60574683642344,66.30287341821172,22.10095780607057,-44.20191561214114,4.420191561214114,176.80766244856457,-22.10095780607057,110.50478903035285,33.15143670910586,55.25239451517643,-88.40383122428229,11.050478903035286,44.20191561214114
5.5,88.34073292429937,132.51109938644908,66.25554969322454,22.085183231074843,-44.17036646214969,4.417036646214969,176.68146584859875,-22.085183231074843,110.42591615537421,33.12777484661227,55.212958077687105,-88.34073292429937,11.042591615537422,44.17036646214969
5.6000000000000005,88.27940955677997,132.41911433516995,66.20955716758498,22.069852389194992,-44.139704778389984,4.4139704778389985,176.55881911355993,-22.069852389194992,110.34926194597496,33.10477858379249,55.17463097298748,-88.27940955677997,11.034926194597496,44.139704778389984
5.7,88.22016682200291,132.33025023300436,66.16512511650218,22.055041705500727,-44.110083411001455,4.411008341100145,176.44033364400582,-22.055041705500727,110.27520852750364,33.08256255825109,55.13760426375182,-88.22016682200291,11.027520852750364,44.110083411001455
5.800000000000001,88.16324662614612,132.24486993921917,66.12243496960959,22.04081165653653,-44.08162331307306,4.408162331307306,176.32649325229224,-22.04081165653653,110.20405828268265,33.06121748480479,55.102029141341326,-88.16324662614612,11.020405828268265,44.08162331307306
5.9,88.10883309300512,132.16324963950768,66.08162481975384,22.02720827325128,-44.05441654650256,4.405441654650256,176.21766618601023,-22.02720827325128,110.13604136625639,33.04081240987692,55.068020683128196,-88.10883309300512,11.01360413662564,44.05441654650256
6.0,88.0570888622592,132.0856332933888,66.0428166466944,22.0142722155648,-44.0285444311296,4.40285444311296,176.1141777245184,-22.0142722155648,110.07136107782401,33.0214083233472,55.035680538912004,-88.0570888622592,11.0071361077824,44.0285444311296
6.1000000000000005,88.0081401013109,132.01221015196634,66.00610507598317,22.002035025327725,-44.00407005065545,4.400407005065545,176.0162802026218,-22.002035025327725,110.01017512663863,33.003052537991586,55.005087563319314,-88.0081401013109,11.001017512663863,44.00407005065545
6.2,87.96209657882531,131.94314486823797,65.97157243411898,21.990524144706328,-43.981048289412655,4.398104828941266,175.92419315765062,-21.990524144706328,109.95262072353164,32.98578621705949,54.97631036176582,-87.96209657882531,10.995262072353164,43.981048289412655
6.300000000000001,87.91901596614909,131.87852394922362,65.93926197461181,21.979753991537272,-43.959507983074545,4.395950798307455,175.83803193229818,-21.979753991537272,109.89876995768637,32.969630987305905,54.949384978843185,-87.91901596614909,10.989876995768636,43.959507983074545
6.4,87.87894179746263,131.81841269619395,65.90920634809697,21.969735449365658,-43.939470898731315,4.393947089873132,175.75788359492526,-21.969735449365658,109.84867724682829,32.954603174048486,54.924338623414144,-87.87894179746263,10.984867724682829,43.939470898731315
6.5,87.84191708726081,131.76287563089122,65.88143781544561,21.960479271815203,-43.920958543630405,4.392095854363041,175.68383417452162,-21.960479271815203,109.80239635907601,32.940718907722804,54.90119817953801,-87.84191708726081,10.980239635907601,43.920958543630405
6.6000000000000005,87.80805907205891,131.71208860808838,65.85604430404419,21.952014768014728,-43.904029536029455,4.390402953602946,175.61611814411782,-21.952014768014728,109.76007384007363,32.928022152022095,54.880036920036815,-87.80805907205891,10.976007384007364,43.904029536029455
6.7,87.7774435640828,131.66616534612422,65.83308267306211,21.9443608910207,-43.8887217820414,4.38887217820414,175.5548871281656,-21.9443608910207,109.7218044551035,32.916541336531054,54.86090222755175,-87.7774435640828,10.97218044551035,43.8887217820414
6.800000000000001,87.75010788332823,131.62516182499235,65.81258091249617,21.937526970832057,-43.87505394166411,4.3875053941664115,175.50021576665645,-21.937526970832057,109.68763485416028,32.90629045624809,54.84381742708014,-87.75010788332823,10.968763485416028,43.87505394166411
6.9,87.7259588995177,131.58893834927656,65.79446917463828,21.931489724879427,-43.86297944975885,4.386297944975886,175.4519177990354,-21.931489724879427,109.65744862439713,32.89723458731914,54.82872431219857,-87.7259588995177,10.965744862439713,43.86297944975885
7.0,87.7048925356384,131.55733880345758,65.77866940172879,21.9262231339096,-43.8524462678192,4.38524462678192,175.4097850712768,-21.9262231339096,109.631115669548,32.889334700864396,54.815557834774,-87.7048925356384,10.9631115669548,43.8524462678192
7.1000000000000005,87.68688856592651,131.53033284888977,65.76516642444489,21.921722141481627,-43.843444282963254,4.384344428296326,175.37377713185302,-21.921722141481627,109.60861070740813,32.88258321222244,54.804305353704066,-87.68688856592651,10.960861070740814,43.843444282963254
7.2,87.67192530486098,131.50788795729147,65.75394397864574,21.917981326215244,-43.83596265243049,4.383596265243049,175.34385060972195,-21.917981326215244,109.58990663107622,32.87697198932287,54.79495331553811,-87.67192530486098,10.958990663107622,43.83596265243049
7.300000000000001,87.65994102419025,131.48991153628538,65.74495576814269,21.91498525604756,-43.82997051209512,4.382997051209513,175.3198820483805,-21.91498525604756,109.5749262802378,32.872477884071344,54.7874631401189,-87.65994102419025,10.95749262802378,43.82997051209512
7.4,87.6508560855859,131.47628412837884,65.73814206418942,21.912714021396475,-43.82542804279295,4.3825428042792955,175.3017121711718,-21.912714021396475,109.56357010698238,32.86907103209471,54.78178505349119,-87.6508560855859,10.956357010698238,43.82542804279295
7.5,87.64457094584867,131.466856418773,65.7334282093865,21.911142736462168,-43.822285472924335,4.382228547292434,175.28914189169734,-21.911142736462168,109.55571368231084,32.86671410469325,54.77785684115542,-87.64457094584867,10.955571368231084,43.822285472924335
7.6000000000000005,87.64101404459733,131.46152106689598,65.73076053344799,21.91025351114933,-43.82050702229866,4.382050702229867,175.28202808919465,-21.91025351114933,109.55126755574666,32.865380266723996,54.77563377787333,-87.64101404459733,10.955126755574666,43.82050702229866
7.7,87.6401863262365,131.46027948935475,65.73013974467737,21.910046581559126,-43.82009316311825,4.382009316311826,175.280372652473,-21.910046581559126,109.55023290779563,32.86506987233869,54.775116453897816,-87.6401863262365,10.955023290779563,43.82009316311825
7.800000000000001,87.64216627708271,131.46324941562406,65.73162470781203,21.910541569270677,-43.821083138541354,4.382108313854135,175.28433255416542,-21.910541569270677,109.55270784635339,32.865812353906016,54.77635392317669,-87.64216627708271,10.955270784635339,43.821083138541354
7.9,87.64702873563562,131.47054310345342,65.73527155172671,21.911757183908904,-43.82351436781781,4.382351436781781,175.29405747127123,-21.911757183908904,109.55878591954452,32.867635775863356,54.77939295977226,-87.64702873563562,10.955878591954452,43.82351436781781
8.0,87.65483847717474,131.4822577157621,65.74112885788105,21.913709619293684,-43.82741923858737,4.382741923858737,175.30967695434947,-21.913709619293684,109.56854809646842,32.870564428940526,54.78427404823421,-87.65483847717474,10.956854809646842,43.82741923858737
8.1,87.6657045505713,131.49855682585695,65.74927841292848,21.916426137642826,-43.83285227528565,4.383285227528566,175.3314091011426,-21.916426137642826,109.58213068821414,32.87463920646424,54.79106534410707,-87.6657045505713,10.958213068821413,43.83285227528565
8.200000000000001,87.67975742147273,131.5196361322091,65.75981806610454,21.919939355368182,-43.839878710736365,4.383987871073637,175.35951484294546,-21.919939355368182,109.59969677684091,32.87990903305227,54.79984838842046,-87.67975742147273,10.959969677684091,43.839878710736365
8.3,87.69710172791943,131.54565259187916,65.77282629593958,21.924275431979858,-43.848550863959716,4.384855086395972,175.39420345583886,-21.924275431979858,109.62137715989928,32.88641314796979,54.81068857994964,-87.69710172791943,10.962137715989929,43.848550863959716
8.4,87.71777466845481,131.5766620026822,65.7883310013411,21.929443667113702,-43.858887334227404,4.385888733422741,175.43554933690962,-21.929443667113702,109.64721833556851,32.89416550067055,54.823609167784255,-87.71777466845481,10.964721833556851,43.858887334227404
8.5,87.74174602648924,131.61261903973386,65.80630951986693,21.93543650662231,-43.87087301324462,4.3870873013244625,175.48349205297848,-21.93543650662231,109.67718253311155,32.903154759933464,54.838591266555774,-87.74174602648924,10.967718253311155,43.87087301324462
8.6,87.76891786664343,131.65337679996514,65.82668839998257,21.94222946666086,-43.88445893332172,4.388445893332172,175.53783573328687,-21.94222946666086,109.7111473333043,32.913344199991286,54.85557366665215,-87.76891786664343,10.97111473333043,43.88445893332172
8.700000000000001,87.79921770305643,131.69882655458463,65.84941327729231,21.949804425764107,-43.899608851528214,4.389960885152822,175.59843540611286,-21.949804425764107,109.74902212882054,32.92470663864616,54.87451106441027,-87.79921770305643,10.974902212882053,43.899608851528214
8.8,87.83259148820153,131.7488872323023,65.87444361615115,21.958147872050382,-43.916295744100765,4.391629574410077,175.66518297640306,-21.958147872050382,109.7907393602519,32.93722180807558,54.89536968012595,-87.83259148820153,10.979073936025191,43.916295744100765
8.9,87.86895758399959,131.80343637599938,65.90171818799969,21.967239395999897,-43.934478791999794,4.39344787919998,175.73791516799918,-21.967239395999897,109.83619697999949,32.950859093999846,54.91809848999974,-87.86895758399959,10.983619697999949,43.934478791999794
9.0,87.9081908100874,131.86228621513112,65.93114310756556,21.97704770252185,-43.9540954050437,4.39540954050437,175.8163816201748,-21.97704770252185,109.88523851260925,32.96557155378278,54.942619256304624,-87.9081908100874,10.988523851260926,43.9540954050437
9.1,87.95013065673416,131.92519598510125,65.96259799255063,21.98753266418354,-43.97506532836708,4.397506532836708,175.90026131346832,-21.98753266418354,109.9376633209177,32.981298996275314,54.96883166045885,-87.95013065673416,10.99376633209177,43.97506532836708
9.200000000000001,87.99469316440785,131.99203974661177,65.99601987330588,21.998673291101962,-43.997346582203924,4.3997346582203924,175.9893863288157,-21.998673291101962,109.99336645550981,32.99800993665294,54.99668322775491,-87.99469316440785,10.999336645550981,43.997346582203924
9.3,88.04181567843806,132.06272351765708,66.03136175882854,22.010453919609514,-44.02090783921903,4.402090783921903,176.0836313568761,-22.010453919609514,110.05226959804757,33.01568087941427,55.02613479902379,-88.04181567843806,11.005226959804757,44.02090783921903
9.4,88.0914036447001,132.13710546705013,66.06855273352507,22.022850911175023,-44.04570182235005,4.4045701822350045,176.1828072894002,-22.022850911175023,110.11425455587512,33.03427636676253,55.05712727793756,-88.0914036447001,11.011425455587512,44.04570182235005
9.5,88.14336601453113,132.2150490217967,66.10752451089834,22.03584150363278,-44.07168300726556,4.407168300726556,176.28673202906225,-22.03584150363278,110.1792075181639,33.05376225544917,55.08960375908195,-88.14336601453113,11.01792075181639,44.07168300726556
9.600000000000001,88.19761634921255,132.2964245238188,66.1482122619094,22.049404087303138,-44.098808174606276,4.409880817460627,176.3952326984251,-22.049404087303138,110.2470204365157,33.0741061309547,55.12351021825785,-88.19761634921255,11.024702043651569,44.098808174606276
9.700000000000001,88.25404248563802,132.38106372845704,66.19053186422852,22.063510621409506,-44.12702124281901,4.412702124281902,176.50808497127605,-22.063510621409506,110.31755310704753,33.09526593211426,55.158776553523765,-88.25404248563802,11.031755310704753,44.12702124281901
9.8,88.31254570047624,132.46881855071436,66.23440927535718,22.07813642511906,-44.15627285023812,4.415627285023812,176.62509140095247,-22.07813642511906,110.39068212559529,33.11720463767859,55.195341062797645,-88.31254570047624,11.03906821255953,44.15627285023812
9.9,88.3730882571362,132.5596323857043,66.27981619285215,22.09327206428405,-44.1865441285681,4.41865441285681,176.7461765142724,-22.09327206428405,110.46636032142025,33.139908096426076,55.23318016071013,-88.3730882571362,11.046636032142025,44.1865441285681
10.0,88.43561114449011,132.65341671673517,66.32670835836758,22.108902786122528,-44.217805572245055,4.421780557224506,176.87122228898022,-22.108902786122528,110.54451393061264,33.16335417918379,55.27225696530632,-88.43561114449011,11.054451393061264,44.217805572245055
10.100000000000001,88.50004944548651,132.75007416822976,66.37503708411488,22.125012361371628,-44.250024722743255,4.4250024722743255,177.00009889097302,-22.125012361371628,110.62506180685814,33.18751854205744,55.31253090342907,-88.50004944548651,11.062506180685814,44.250024722743255
10.200000000000001,88.56633061964254,132.8494959294638,66.4247479647319,22.141582654910636,-44.28316530982127,4.428316530982127,177.13266123928508,-22.141582654910636,110.70791327455318,33.21237398236595,55.35395663727659,-88.56633061964254,11.070791327455318,44.28316530982127
10.3,88.63435328542018,132.95152992813027,66.47576496406514,22.158588321355044,-44.31717664271009,4.431717664271009,177.26870657084035,-22.158588321355044,110.79294160677522,33.23788248203257,55.39647080338761,-88.63435328542018,11.079294160677522,44.31717664271009
10.4,88.70401072010202,133.05601608015303,66.52800804007651,22.176002680025505,-44.35200536005101,4.435200536005101,177.40802144020404,-22.176002680025505,110.88001340012752,33.26400402003826,55.44000670006376,-88.70401072010202,11.088001340012752,44.35200536005101
10.5,88.77522297067657,133.16283445601485,66.58141722800742,22.19380574266914,-44.38761148533828,4.438761148533828,177.55044594135313,-22.19380574266914,110.96902871334571,33.29070861400371,55.484514356672854,-88.77522297067657,11.09690287133457,44.38761148533828
10.600000000000001,88.84789142445294,133.2718371366794,66.6359185683397,22.211972856113235,-44.42394571222647,4.442394571222647,177.69578284890588,-22.211972856113235,111.05986428056617,33.31795928416985,55.52993214028309,-88.84789142445294,11.105986428056617,44.42394571222647
10.700000000000001,88.92190056682308,133.38285085023463,66.69142542511732,22.23047514170577,-44.46095028341154,4.446095028341154,177.84380113364617,-22.23047514170577,111.15237570852885,33.34571271255866,55.576187854264425,-88.92190056682308,11.115237570852885,44.46095028341154
10.8,88.99711814644941,133.49567721967412,66.74783860983706,22.249279536612352,-44.498559073224705,4.449855907322471,177.99423629289882,-22.249279536612352,111.24639768306176,33.37391930491853,55.62319884153088,-88.99711814644941,11.124639768306176,44.498559073224705
10.9,89.07338170995689,133.61007256493534,66.80503628246767,22.268345427489223,-44.536690854978445,4.453669085497845,178.14676341991378,-22.268345427489223,111.34172713744611,33.402518141233834,55.67086356872306,-89.07338170995689,11.134172713744611,44.536690854978445
11.0,89.15052145528149,133.72578218292225,66.86289109146112,22.287630363820373,-44.575260727640746,4.457526072764074,178.30104291056298,-22.287630363820373,111.43815181910186,33.43144554573056,55.71907590955093,-89.15052145528149,11.143815181910186,44.575260727640746
11.100000000000001,89.22836329294317,133.84254493941475,66.92127246970738,22.307090823235793,-44.614181646471586,4.461418164647159,178.45672658588634,-22.307090823235793,111.53545411617897,33.46063623485369,55.767727058089484,-89.22836329294317,11.153545411617896,44.614181646471586
11.200000000000001,89.30677440905257,133.96016161357886,66.98008080678943,22.32669360226314,-44.65338720452628,4.465338720452628,178.61354881810513,-22.32669360226314,111.6334680113157,33.490040403394715,55.81673400565785,-89.30677440905257,11.16334680113157,44.65338720452628
11.3,89.3856825418719,134.07852381280784,67.03926190640392,22.346420635467975,-44.69284127093595,4.469284127093595,178.7713650837438,-22.346420635467975,111.73210317733988,33.51963095320196,55.86605158866994,-89.3856825418719,11.173210317733988,44.69284127093595
11.4,89.46500736068313,134.1975110410247,67.09875552051236,22.366251840170783,-44.732503680341566,4.473250368034157,178.93001472136626,-22.366251840170783,111.8312592008539,33.54937776025618,55.91562960042695,-89.46500736068313,11.183125920085391,44.732503680341566
11.5,89.54461600430896,134.31692400646344,67.15846200323172,22.38615400107724,-44.77230800215448,4.477230800215448,179.08923200861793,-22.38615400107724,111.93077000538621,33.57923100161586,55.965385002693104,-89.54461600430896,11.19307700053862,44.77230800215448
11.600000000000001,89.62429060587908,134.43643590881862,67.21821795440931,22.40607265146977,-44.81214530293954,4.481214530293954,179.24858121175816,-22.40607265146977,112.03036325734885,33.609108977204656,56.015181628674426,-89.62429060587908,11.203036325734885,44.81214530293954
11.700000000000001,89.70388357679772,134.5558253651966,67.2779126825983,22.42597089419943,-44.85194178839886,4.485194178839886,179.40776715359544,-22.42597089419943,112.12985447099715,33.63895634129915,56.06492723549857,-89.70388357679772,11.212985447099715,44.85194178839886
11.8,89.78327523402733,134.674912851041,67.3374564255205,22.445818808506832,-44.891637617013664,4.489163761701366,179.56655046805466,-22.445818808506832,112.22909404253416,33.66872821276025,56.11454702126708,-89.78327523402733,11.222909404253416,44.891637617013664
11.9,89.86234695693764,134.79352043540646,67.39676021770323,22.46558673923441,-44.93117347846882,4.493117347846883,179.72469391387529,-22.46558673923441,112.32793369617205,33.698380108851616,56.16396684808603,-89.86234695693764,11.232793369617205,44.93117347846882
12.0,89.94099276046155,134.91148914069234,67.45574457034617,22.48524819011539,-44.97049638023078,4.4970496380230776,179.8819855209231,-22.48524819011539,112.42624095057694,33.727872285173085,56.21312047528847,-89.94099276046155,11.242624095057694,44.97049638023078
12.100000000000001,90.01908404668252,135.0286260700238,67.5143130350119,22.50477101167063,-45.00954202334126,4.5009542023341265,180.03816809336504,-22.50477101167063,112.52385505835315,33.75715651750595,56.261927529176575,-90.01908404668252,11.252385505835315,45.00954202334126
12.200000000000001,90.09652258593691,135.14478387890537,67.57239193945269,22.524130646484227,-45.048261292968455,4.504826129296846,180.19304517187382,-22.524130646484227,112.62065323242113,33.78619596972634,56.31032661621057,-90.09652258593691,11.262065323242114,45.048261292968455
12.3,90.17321000655625,135.25981500983437,67.62990750491718,22.54330250163906,-45.08660500327812,4.508660500327813,180.3464200131125,-22.54330250163906,112.71651250819531,33.81495375245859,56.358256254097654,-90.17321000655625,11.27165125081953,45.08660500327812
12.4,90.24900315319154,135.3735047297873,67.68675236489365,22.562250788297884,-45.12450157659577,4.512450157659577,180.49800630638308,-22.562250788297884,112.81125394148943,33.843376182446825,56.40562697074471,-90.24900315319154,11.281125394148942,45.12450157659577
12.5,90.32381429734184,135.48572144601275,67.74286072300637,22.58095357433546,-45.16190714867092,4.516190714867093,180.64762859468368,-22.58095357433546,112.90476787167731,33.87143036150319,56.452383935838654,-90.32381429734184,11.29047678716773,45.16190714867092
12.600000000000001,90.3976623600666,135.5964935400999,67.79824677004996,22.59941559001665,-45.1988311800333,4.519883118003331,180.7953247201332,-22.59941559001665,112.99707795008325,33.89912338502498,56.498538975041626,-90.3976623600666,11.299707795008326,45.1988311800333
12.700000000000001,90.47050577661453,135.7057586649218,67.8528793324609,22.617626444153633,-45.235252888307265,4.523525288830727,180.94101155322906,-22.617626444153633,113.08813222076816,33.92643966623045,56.54406611038408,-90.47050577661453,11.308813222076816,45.235252888307265
12.8,90.5422084035489,135.81331260532335,67.90665630266167,22.635552100887224,-45.27110420177445,4.527110420177445,181.0844168070978,-22.635552100887224,113.17776050443612,33.95332815133084,56.58888025221806,-90.5422084035489,11.317776050443612,45.27110420177445
12.9,90.612653321467,135.91897998220048,67.95948999110024,22.65316333036675,-45.3063266607335,4.53063266607335,181.225306642934,-22.65316333036675,113.26581665183375,33.97974499555012,56.63290832591687,-90.612653321467,11.326581665183374,45.3063266607335
13.0,90.68171388059122,136.0225708208868,68.0112854104434,22.670428470147804,-45.34085694029561,4.534085694029561,181.36342776118244,-22.670428470147804,113.35214235073903,34.0056427052217,56.676071175369515,-90.68171388059122,11.335214235073902,45.34085694029561
13.100000000000001,90.74927897623773,136.1239184643566,68.0619592321783,22.687319744059433,-45.374639488118866,4.537463948811887,181.49855795247547,-22.687319744059433,113.43659872029717,34.03097961608915,56.718299360148585,-90.74927897623773,11.343659872029717,45.374639488118866
13.200000000000001,90.81531834409662,136.22297751614494,68.11148875807247,22.703829586024156,-45.40765917204831,4.540765917204832,181.63063668819325,-22.703829586024156,113.51914793012078,34.055744379036234,56.75957396506039,-90.81531834409662,11.351914793012078,45.40765917204831
13.3,90.87992271747491,136.31988407621236,68.15994203810618,22.719980679368728,-45.439961358737456,4.543996135873746,181.75984543494982,-22.719980679368728,113.59990339684364,34.07997101905309,56.79995169842182,-90.87992271747491,11.359990339684364,45.439961358737456
13.4,90.9431870024792,136.41478050371882,68.20739025185941,22.7357967506198,-45.4715935012396,4.547159350123961,181.8863740049584,-22.7357967506198,113.678983753099,34.103695125929704,56.8394918765495,-90.9431870024792,11.3678983753099,45.4715935012396
13.5,91.00521745429265,136.507826181439,68.2539130907195,22.751304363573162,-45.502608727146324,4.550260872714633,182.0104349085853,-22.751304363573162,113.7565218178658,34.12695654535975,56.8782609089329,-91.00521745429265,11.375652181786581,45.502608727146324
13.600000000000001,91.06597754029315,136.59896631043972,68.29948315521986,22.766494385073287,-45.532988770146574,4.553298877014657,182.1319550805863,-22.766494385073287,113.83247192536643,34.14974157760993,56.91623596268322,-91.06597754029315,11.383247192536643,45.532988770146574
13.700000000000001,91.12531457405038,136.68797186107557,68.34398593053778,22.781328643512595,-45.56265728702519,4.5562657287025194,182.25062914810076,-22.781328643512595,113.90664321756297,34.17199296526889,56.953321608781486,-91.12531457405038,11.390664321756297,45.56265728702519
13.8,91.18307863332791,136.77461794999186,68.38730897499593,22.795769658331977,-45.591539316663955,4.559153931666396,182.36615726665582,-22.795769658331977,113.97884829165989,34.193654487497966,56.98942414582994,-91.18307863332791,11.397884829165989,45.591539316663955
13.9,91.23914278011095,136.85871417016642,68.42935708508321,22.80978569502774,-45.61957139005548,4.561957139005548,182.4782855602219,-22.80978569502774,114.0489284751387,34.214678542541606,57.02446423756935,-91.23914278011095,11.40489284751387,45.61957139005548
14.0,91.29335531842383,136.94003297763575,68.47001648881788,22.82333882960596,-45.64667765921192,4.564667765921192,182.58671063684767,-22.82333882960596,114.1166941480298,34.23500824440894,57.0583470740149,-91.29335531842383,11.41166941480298,45.64667765921192
14.100000000000001,91.34550415316122,137.01825622974184,68.50912811487092,22.836376038290304,-45.67275207658061,4.567275207658061,182.69100830632243,-22.836376038290304,114.18188019145151,34.25456405743546,57.090940095725756,-91.34550415316122,11.418188019145152,45.67275207658061
14.200000000000001,91.39546288451216,137.09319432676824,68.54659716338412,22.84886572112804,-45.69773144225608,4.569773144225608,182.7909257690243,-22.84886572112804,114.24432860564019,34.27329858169206,57.122164302820096,-91.39546288451216,11.42443286056402,45.69773144225608
14.3,91.44317355410392,137.1647603311559,68.58238016557794,22.86079338852598,-45.72158677705196,4.572158677705196,182.88634710820784,-22.86079338852598,114.3039669426299,34.29119008278897,57.15198347131495,-91.44317355410392,11.43039669426299,45.72158677705196
14.4,91.48864124890142,137.2329618733521,68.61648093667606,22.872160312225354,-45.74432062445071,4.574432062445071,182.97728249780283,-22.872160312225354,114.36080156112678,34.30824046833803,57.18040078056339,-91.48864124890142,11.436080156112677,45.74432062445071
14.5,91.53191854753724,137.29787782130586,68.64893891065293,22.88297963688431,-45.76595927376862,4.576595927376863,183.0638370950745,-22.88297963688431,114.41489818442156,34.324469455326465,57.20744909221078,-91.53191854753724,11.441489818442156,45.76595927376862
14.600000000000001,91.57300331539935,137.35950497309904,68.67975248654952,22.893250828849837,-45.786501657699674,4.578650165769967,183.1460066307987,-22.893250828849837,114.46625414424918,34.33987624327476,57.23312707212459,-91.57300331539935,11.446625414424918,45.786501657699674
14.700000000000001,91.61187469066223,137.41781203599334,68.70890601799667,22.90296867266556,-45.80593734533112,4.580593734533112,183.22374938132447,-22.90296867266556,114.5148433633278,34.354453008998334,57.2574216816639,-91.61187469066223,11.45148433633278,45.80593734533112
14.8,91.64854093827603,137.47281140741404,68.73640570370702,22.912135234569007,-45.824270469138014,4.582427046913802,183.29708187655206,-22.912135234569007,114.56067617284504,34.36820285185351,57.28033808642252,-91.64854093827603,11.456067617284504,45.824270469138014
14.9,91.68300229119976,137.52450343679965,68.76225171839982,22.92075057279994,-45.84150114559988,4.584150114559988,183.3660045823995,-22.92075057279994,114.60375286399969,34.38112585919991,57.301876431999844,-91.68300229119976,11.46037528639997,45.84150114559988
15.0,91.71520635280164,137.57280952920246,68.78640476460123,22.92880158820041,-45.85760317640082,4.585760317640083,183.4304127056033,-22.92880158820041,114.64400794100206,34.393202382300615,57.32200397050103,-91.71520635280164,11.464400794100206,45.85760317640082
15.100000000000001,91.74513724060023,137.61770586090034,68.80885293045017,22.936284310150057,-45.872568620300115,4.587256862030012,183.49027448120046,-22.936284310150057,114.68142155075029,34.404426465225086,57.34071077537514,-91.74513724060023,11.468142155075029,45.872568620300115
15.200000000000001,91.77281651670945,137.6592247750642,68.8296123875321,22.943204129177364,-45.88640825835473,4.588640825835473,183.5456330334189,-22.943204129177364,114.71602064588681,34.41480619376605,57.35801032294341,-91.77281651670945,11.471602064588682,45.88640825835473
15.3,91.79825437611952,137.69738156417927,68.84869078208963,22.94956359402988,-45.89912718805976,4.589912718805976,183.59650875223903,-22.94956359402988,114.7478179701494,34.42434539104482,57.3739089850747,-91.79825437611952,11.47478179701494,45.89912718805976
15.4,91.82141820468027,137.7321273070204,68.8660636535102,22.955354551170068,-45.910709102340135,4.591070910234014,183.64283640936054,-22.955354551170068,114.77677275585035,34.4330318267551,57.38838637792517,-91.82141820468027,11.477677275585034,45.910709102340135
15.5,91.84223162290765,137.76334743436146,68.88167371718073,22.960557905726912,-45.921115811453824,4.5921115811453825,183.6844632458153,-22.960557905726912,114.80278952863456,34.440836858590366,57.40139476431728,-91.84223162290765,11.480278952863456,45.921115811453824
15.600000000000001,91.86062518247111,137.79093777370667,68.89546888685334,22.965156295617778,-45.930312591235555,4.593031259123555,183.72125036494222,-22.965156295617778,114.82578147808889,34.44773444342667,57.41289073904444,-91.86062518247111,11.482578147808889,45.930312591235555
15.700000000000001,91.87656116304788,137.81484174457182,68.90742087228591,22.96914029076197,-45.93828058152394,4.593828058152394,183.75312232609576,-22.96914029076197,114.84570145380985,34.453710436142956,57.422850726904926,-91.87656116304788,11.484570145380985,45.93828058152394
15.8,91.88994941741933,137.834924126129,68.9174620630645,22.972487354354833,-45.944974708709665,4.594497470870967,183.77989883483866,-22.972487354354833,114.86243677177416,34.45873103153225,57.43121838588708,-91.88994941741933,11.486243677177416,45.944974708709665
15.9,91.90064175108171,137.85096262662256,68.92548131331128,22.975160437770427,-45.950320875540854,4.5950320875540855,183.80128350216341,-22.975160437770427,114.87580218885213,34.46274065665564,57.43790109442607,-91.90064175108171,11.487580218885213,45.950320875540854
16.0,91.90856128335807,137.86284192503712,68.93142096251856,22.977140320839517,-45.954280641679034,4.595428064167904,183.81712256671614,-22.977140320839517,114.88570160419758,34.46571048125928,57.44285080209879,-91.90856128335807,11.488570160419759,45.954280641679034
16.1,91.91371890027538,137.87057835041307,68.93528917520653,22.978429725068846,-45.95685945013769,4.595685945013769,183.82743780055077,-22.978429725068846,114.89214862534423,34.46764458760327,57.44607431267212,-91.91371890027538,11.489214862534423,45.95685945013769
16.2,91.91615799239432,137.87423698859146,68.93711849429573,22.97903949809858,-45.95807899619716,4.595807899619716,183.83231598478864,-22.97903949809858,114.8951974904929,34.468559247147866,57.44759874524645,-91.91615799239432,11.48951974904929,45.95807899619716
16.3,91.91591158491603,137.87386737737404,68.93693368868702,22.978977896229008,-45.957955792458016,4.595795579245801,183.83182316983206,-22.978977896229008,114.89488948114504,34.46846684434351,57.44744474057252,-91.91591158491603,11.489488948114504,45.957955792458016
16.400000000000002,91.91304614304038,137.86956921456056,68.93478460728028,22.978261535760094,-45.95652307152019,4.595652307152019,183.82609228608075,-22.978261535760094,114.89130767880047,34.46739230364014,57.44565383940024,-91.91304614304038,11.489130767880047,45.95652307152019
16.5,91.90764433917946,137.86146650876918,68.93073325438459,22.976911084794864,-45.95382216958973,4.595382216958973,183.8152886783589,-22.976911084794864,114.88455542397432,34.465366627192296,57.44227771198716,-91.90764433917946,11.488455542397432,45.95382216958973
16.6,91.89979972346171,137.84969958519258,68.92484979259629,22.974949930865428,-45.949899861730856,4.594989986173085,183.79959944692342,-22.974949930865428,114.87474965432713,34.462424896298145,57.437374827163566,-91.89979972346171,11.487474965432714,45.949899861730856
16.7,91.88964444519627,137.8344666677944,68.9172333338972,22.972411111299067,-45.944822222598134,4.594482222259813,183.77928889039254,-22.972411111299067,114.86205555649533,34.4586166669486,57.43102777824767,-91.88964444519627,11.486205555649533,45.944822222598134
16.8,91.87732046168925,137.81598069253388,68.90799034626694,22.969330115422313,-45.938660230844626,4.593866023084463,183.7546409233785,-22.969330115422313,114.84665057711156,34.45399517313347,57.42332528855578,-91.87732046168925,11.484665057711156,45.938660230844626
16.900000000000002,91.86290339265557,137.79435508898337,68.89717754449168,22.965725848163892,-45.931451696327784,4.593145169632779,183.72580678531114,-22.965725848163892,114.82862924081945,34.44858877224584,57.414314620409726,-91.86290339265557,11.482862924081946,45.931451696327784
17.0,91.84642495767585,137.7696374365138,68.8848187182569,22.961606239418963,-45.923212478837925,4.592321247883793,183.6928499153517,-22.961606239418963,114.8080311970948,34.44240935912845,57.4040155985474,-91.84642495767585,11.480803119709481,45.923212478837925
17.1,91.82791501553098,137.74187252329648,68.87093626164824,22.956978753882744,-45.91395750776549,4.591395750776549,183.65583003106195,-22.956978753882744,114.78489376941371,34.43546813082412,57.39244688470686,-91.82791501553098,11.478489376941372,45.91395750776549
17.2,91.80743745997196,137.71115618995793,68.85557809497897,22.95185936499299,-45.90371872998598,4.590371872998598,183.61487491994393,-22.95185936499299,114.75929682496496,34.42778904748948,57.37964841248248,-91.80743745997196,11.475929682496496,45.90371872998598
17.3,91.78500088632673,137.6775013294901,68.83875066474505,22.946250221581682,-45.892500443163364,4.589250044316336,183.57000177265346,-22.946250221581682,114.7312511079084,34.419375332372525,57.3656255539542,-91.78500088632673,11.473125110790841,45.892500443163364
17.400000000000002,91.76060431986964,137.64090647980447,68.82045323990224,22.94015107996741,-45.88030215993482,4.5880302159934825,183.52120863973929,-22.94015107996741,114.70075539983705,34.41022661995112,57.350377699918525,-91.76060431986964,11.470075539983705,45.88030215993482
17.5,91.73427990745719,137.60141986118578,68.80070993059289,22.933569976864298,-45.867139953728596,4.58671399537286,183.46855981491439,-22.933569976864298,114.6678498843215,34.400354965296444,57.33392494216075,-91.73427990745719,11.466784988432149,45.867139953728596
17.6,91.70606658821659,137.5590998823249,68.77954994116244,22.926516647054147,-45.85303329410829,4.58530332941083,183.41213317643317,-22.926516647054147,114.63258323527073,34.38977497058122,57.316291617635365,-91.70606658821659,11.463258323527073,45.85303329410829
17.7,91.6759810331116,137.5139715496674,68.7569857748337,22.9189952582779,-45.8379905165558,4.58379905165558,183.3519620662232,-22.9189952582779,114.5949762913895,34.37849288741685,57.29748814569475,-91.6759810331116,11.45949762913895,45.8379905165558
17.8,91.64402036516455,137.4660305477468,68.7330152738734,22.911005091291138,-45.822010182582275,4.582201018258227,183.2880407303291,-22.911005091291138,114.5550254564557,34.3665076369367,57.27751272822785,-91.64402036516455,11.455502545645569,45.822010182582275
17.900000000000002,91.6101485229322,137.4152227843983,68.70761139219915,22.90253713073305,-45.8050742614661,4.58050742614661,183.2202970458644,-22.90253713073305,114.51268565366526,34.35380569609958,57.25634282683263,-91.6101485229322,11.451268565366526,45.8050742614661
18.0,91.57442086612998,137.36163129919498,68.68081564959749,22.893605216532496,-45.78721043306499,4.5787210433064995,183.14884173225997,-22.893605216532496,114.46802608266248,34.340407824798746,57.23401304133124,-91.57442086612998,11.446802608266248,45.78721043306499
18.1,91.53685935087303,137.30528902630954,68.65264451315477,22.884214837718257,-45.768429675436515,4.5768429675436515,183.07371870174606,-22.884214837718257,114.42107418859129,34.326322256577384,57.210537094295645,-91.53685935087303,11.442107418859129,45.768429675436515
18.2,91.497464546821,137.24619682023152,68.62309841011576,22.87436613670525,-45.7487322734105,4.57487322734105,182.994929093642,-22.87436613670525,114.37183068352626,34.31154920505788,57.18591534176313,-91.497464546821,11.437183068352626,45.7487322734105
18.3,91.45623391094377,137.18435086641566,68.59217543320783,22.86405847773594,-45.72811695547188,4.5728116955471885,182.91246782188753,-22.86405847773594,114.3202923886797,34.296087716603914,57.16014619433985,-91.45623391094377,11.43202923886797,45.72811695547188
18.400000000000002,91.41318555103763,137.11977832655646,68.55988916327823,22.853296387759407,-45.706592775518814,4.570659277551882,182.82637110207526,-22.853296387759407,114.26648193879703,34.279944581639114,57.133240969398514,-91.41318555103763,11.426648193879704,45.706592775518814
18.5,91.36834923525426,137.0525238528814,68.5262619264407,22.842087308813564,-45.68417461762713,4.568417461762713,182.73669847050851,-22.842087308813564,114.21043654406782,34.26313096322035,57.10521827203391,-91.36834923525426,11.421043654406782,45.68417461762713
18.6,91.32175754216019,136.98263631324028,68.49131815662014,22.830439385540046,-45.66087877108009,4.56608787710801,182.64351508432037,-22.830439385540046,114.15219692770023,34.24565907831007,57.076098463850116,-91.32175754216019,11.415219692770023,45.66087877108009
18.7,91.27346530578241,136.91019795867362,68.45509897933681,22.818366326445602,-45.636732652891205,4.563673265289121,182.54693061156482,-22.818366326445602,114.09183163222801,34.227549489668405,57.045915816114004,-91.27346530578241,11.409183163222801,45.636732652891205
18.8,91.22358311661931,136.83537467492897,68.41768733746449,22.805895779154827,-45.611791558309655,4.561179155830966,182.44716623323862,-22.805895779154827,114.02947889577413,34.20884366873224,57.01473944788707,-91.22358311661931,11.402947889577414,45.611791558309655
18.900000000000002,91.17228023235378,136.75842034853068,68.37921017426534,22.793070058088446,-45.58614011617689,4.558614011617689,182.34456046470757,-22.793070058088446,113.96535029044223,34.18960508713267,56.982675145221116,-91.17228023235378,11.396535029044223,45.58614011617689
19.0,91.11975210604582,136.67962815906873,68.33981407953436,22.779938026511456,-45.55987605302291,4.555987605302291,182.23950421209165,-22.779938026511456,113.89969013255728,34.16990703976718,56.94984506627864,-91.11975210604582,11.389969013255728,45.55987605302291
19.1,91.06612029826118,136.59918044739177,68.29959022369589,22.766530074565296,-45.53306014913059,4.553306014913059,182.13224059652237,-22.766530074565296,113.83265037282648,34.14979511184794,56.91632518641324,-91.06612029826118,11.383265037282648,45.53306014913059
19.200000000000003,91.01147018033096,136.51720527049645,68.25860263524822,22.75286754508274,-45.50573509016548,4.550573509016548,182.02294036066192,-22.75286754508274,113.7643377254137,34.12930131762411,56.88216886270685,-91.01147018033096,11.37643377254137,45.50573509016548
19.3,90.95582140501118,136.43373210751676,68.21686605375838,22.738955351252795,-45.47791070250559,4.547791070250559,181.91164281002236,-22.738955351252795,113.69477675626398,34.10843302687919,56.84738837813199,-90.95582140501118,11.369477675626397,45.47791070250559
19.400000000000002,90.89921844160098,136.34882766240148,68.17441383120074,22.724804610400245,-45.44960922080049,4.544960922080049,181.79843688320196,-22.724804610400245,113.62402305200122,34.08720691560037,56.81201152600061,-90.89921844160098,11.362402305200122,45.44960922080049
19.5,90.84170284990329,136.26255427485492,68.13127713742746,22.71042571247582,-45.42085142495164,4.542085142495164,181.68340569980657,-22.71042571247582,113.55212856237911,34.06563856871373,56.776064281189555,-90.84170284990329,11.35521285623791,45.42085142495164
19.6,90.78332541876046,136.17498812814068,68.08749406407034,22.695831354690114,-45.39166270938023,4.539166270938023,181.5666508375209,-22.695831354690114,113.47915677345057,34.04374703203517,56.739578386725285,-90.78332541876046,11.347915677345057,45.39166270938023
19.700000000000003,90.72411657533057,136.08617486299585,68.04308743149792,22.681029143832642,-45.362058287665285,4.536205828766529,181.44823315066114,-22.681029143832642,113.40514571916322,34.02154371574896,56.70257285958161,-90.72411657533057,11.340514571916321,45.362058287665285
19.8,90.66412662492624,135.99618993738937,67.99809496869469,22.66603165623156,-45.33206331246312,4.533206331246312,181.32825324985248,-22.66603165623156,113.3301582811578,33.999047484347344,56.6650791405789,-90.66412662492624,11.33301582811578,45.33206331246312
19.900000000000002,90.603410111187,135.9051151667805,67.95255758339025,22.65085252779675,-45.3017050555935,4.53017050555935,181.206820222374,-22.65085252779675,113.25426263898376,33.97627879169512,56.62713131949188,-90.603410111187,11.325426263898375,45.3017050555935
20.0,90.5420111963216,135.8130167944824,67.9065083972412,22.6355027990804,-45.2710055981608,4.52710055981608,181.0840223926432,-22.6355027990804,113.177513995402,33.9532541986206,56.588756997701,-90.5420111963216,11.3177513995402,45.2710055981608
20.1,90.4799447781244,135.71991716718662,67.85995858359331,22.6199861945311,-45.2399723890622,4.523997238906221,180.9598895562488,-22.6199861945311,113.0999309726555,33.929979291796656,56.54996548632775,-90.4799447781244,11.30999309726555,45.2399723890622
20.200000000000003,90.41723300849893,135.6258495127484,67.8129247563742,22.60430825212473,-45.20861650424946,4.520861650424947,180.83446601699785,-22.60430825212473,113.02154126062365,33.9064623781871,56.510770630311825,-90.41723300849893,11.302154126062366,45.20861650424946
20.3,90.35389856072247,135.5308478410837,67.76542392054185,22.588474640180618,-45.176949280361235,4.517694928036124,180.70779712144494,-22.588474640180618,112.94237320090309,33.882711960270925,56.471186600451546,-90.35389856072247,11.294237320090309,45.176949280361235
20.400000000000002,90.28995239196715,135.4349285879507,67.71746429397535,22.572488097991787,-45.144976195983574,4.514497619598358,180.5799047839343,-22.572488097991787,112.86244048995894,33.85873214698768,56.43122024497947,-90.28995239196715,11.286244048995894,45.144976195983574
20.5,90.22541692290926,135.33812538436388,67.66906269218194,22.556354230727315,-45.11270846145463,4.511270846145464,180.45083384581852,-22.556354230727315,112.78177115363658,33.83453134609097,56.39088557681829,-90.22541692290926,11.278177115363658,45.11270846145463
20.6,90.16029913763394,135.2404487064509,67.62022435322545,22.540074784408485,-45.08014956881697,4.508014956881698,180.32059827526788,-22.540074784408485,112.70037392204243,33.810112176612726,56.350186961021215,-90.16029913763394,11.270037392204243,45.08014956881697
20.700000000000003,90.09457491115938,135.14186236673908,67.57093118336954,22.523643727789846,-45.04728745557969,4.504728745557969,180.18914982231877,-22.523643727789846,112.61821863894923,33.78546559168477,56.309109319474615,-90.09457491115938,11.261821863894923,45.04728745557969
20.8,90.02822165430183,135.04233248145275,67.52116624072637,22.507055413575458,-45.014110827150915,4.501411082715092,180.05644330860366,-22.507055413575458,112.53527706787729,33.76058312036319,56.267638533938644,-90.02822165430183,11.253527706787729,45.014110827150915
20.900000000000002,89.9612278452355,134.94184176785325,67.47092088392662,22.490306961308875,-44.98061392261775,4.498061392261775,179.922455690471,-22.490306961308875,112.45153480654437,33.73546044196331,56.22576740327219,-89.9612278452355,11.245153480654437,44.98061392261775
21.0,89.89355220924901,134.8403283138735,67.42016415693675,22.473388052312252,-44.946776104624504,4.494677610462451,179.78710441849802,-22.473388052312252,112.36694026156127,33.710082078468375,56.183470130780634,-89.89355220924901,11.236694026156126,44.946776104624504
21.1,89.82515375240844,134.73773062861267,67.36886531430633,22.45628843810211,-44.91257687620422,4.491257687620422,179.65030750481688,-22.45628843810211,112.28144219051055,33.68443265715317,56.14072109525527,-89.82515375240844,11.228144219051055,44.91257687620422
21.200000000000003,89.7560508343908,134.6340762515862,67.3170381257931,22.4390127085977,-44.8780254171954,4.487802541719541,179.5121016687816,-22.4390127085977,112.1950635429885,33.65851906289655,56.09753177149425,-89.7560508343908,11.21950635429885,44.8780254171954
21.3,89.68628408474866,134.529426127123,67.2647130635615,22.421571021187166,-44.84314204237433,4.4843142042374335,179.37256816949733,-22.421571021187166,112.10785510593583,33.63235653178075,56.05392755296791,-89.68628408474866,11.210785510593583,44.84314204237433
21.400000000000002,89.6159218604497,134.42388279067455,67.21194139533728,22.403980465112426,-44.80796093022485,4.4807960930224855,179.2318437208994,-22.403980465112426,112.01990232556213,33.60597069766864,56.009951162781064,-89.6159218604497,11.201990232556213,44.80796093022485
21.5,89.54505385775413,134.3175807866312,67.1587903933156,22.38626346443853,-44.77252692887706,4.477252692887706,179.09010771550825,-22.38626346443853,111.93131732219265,33.5793951966578,55.96565866109633,-89.54505385775413,11.193131732219266,44.77252692887706
21.6,89.4737636493986,134.2106454740979,67.10532273704895,22.36844091234965,-44.7368818246993,4.473688182469931,178.9475272987972,-22.36844091234965,111.84220456174826,33.552661368524475,55.92110228087413,-89.4737636493986,11.184220456174826,44.7368818246993
21.700000000000003,89.40209915520806,134.1031487328121,67.05157436640604,22.350524788802016,-44.70104957760403,4.4701049577604035,178.80419831041613,-22.350524788802016,111.75262394401008,33.52578718320302,55.87631197200504,-89.40209915520806,11.175262394401008,44.70104957760403
21.8,89.33011214704247,133.9951682205637,66.99758411028185,22.332528036760618,-44.665056073521235,4.466505607352124,178.66022429408494,-22.332528036760618,111.66264018380309,33.498792055140925,55.831320091901546,-89.33011214704247,11.166264018380309,44.665056073521235
21.900000000000002,89.25789514011899,133.88684271017848,66.94342135508924,22.314473785029747,-44.628947570059495,4.46289475700595,178.51579028023798,-22.314473785029747,111.57236892514874,33.47171067754462,55.78618446257437,-89.25789514011899,11.157236892514874,44.628947570059495
22.0,89.18552548760924,133.77828823141385,66.88914411570693,22.29638137190231,-44.59276274380462,4.459276274380462,178.37105097521848,-22.29638137190231,111.48190685951155,33.44457205785346,55.74095342975578,-89.18552548760924,11.148190685951155,44.59276274380462
22.1,89.11309611371554,133.66964417057332,66.83482208528666,22.278274028428886,-44.55654805685777,4.455654805685778,178.22619222743108,-22.278274028428886,111.39137014214442,33.41741104264333,55.69568507107221,-89.11309611371554,11.139137014214443,44.55654805685777
22.200000000000003,89.04081801053921,133.5612270158088,66.7806135079044,22.260204502634803,-44.520409005269606,4.452040900526961,178.08163602107842,-22.260204502634803,111.30102251317402,33.3903067539522,55.65051125658701,-89.04081801053921,11.130102251317401,44.520409005269606
22.3,88.9689445988187,133.45341689822806,66.72670844911403,22.242236149704674,-44.48447229940935,4.4484472299409346,177.9378891976374,-22.242236149704674,111.21118074852336,33.363354224557014,55.60559037426168,-88.9689445988187,11.121118074852337,44.48447229940935
22.400000000000002,88.89764763240508,133.34647144860762,66.67323572430381,22.22441190810127,-44.44882381620254,4.444882381620254,177.79529526481016,-22.22441190810127,111.12205954050636,33.336617862151904,55.56102977025318,-88.89764763240508,11.112205954050635,44.44882381620254
22.5,88.82705167883628,133.24057751825444,66.62028875912722,22.20676291970907,-44.41352583941814,4.441352583941814,177.65410335767257,-22.20676291970907,111.03381459854535,33.31014437956361,55.516907299272674,-88.82705167883628,11.103381459854536,44.41352583941814
22.6,88.75723332354451,133.13584998531678,66.56792499265839,22.189308330886128,-44.378616661772256,4.437861666177226,177.51446664708902,-22.189308330886128,110.94654165443063,33.283962496329195,55.473270827215316,-88.75723332354451,11.094654165443064,44.378616661772256
22.700000000000003,88.68826073366176,133.03239110049265,66.51619555024632,22.17206518341544,-44.34413036683088,4.434413036683089,177.37652146732353,-22.17206518341544,110.8603259170772,33.25809777512316,55.4301629585386,-88.68826073366176,11.08603259170772,44.34413036683088
22.8,88.62017376761132,132.93026065141697,66.46513032570849,22.15504344190283,-44.31008688380566,4.431008688380566,177.24034753522264,-22.15504344190283,110.77521720951415,33.23256516285424,55.38760860475708,-88.62017376761132,11.077521720951415,44.31008688380566
22.900000000000002,88.55299289054547,132.8294893358182,66.4147446679091,22.138248222636367,-44.276496445272734,4.427649644527274,177.10598578109094,-22.138248222636367,110.69124111318183,33.20737233395455,55.345620556590916,-88.55299289054547,11.069124111318184,44.276496445272734
23.0,88.4867202938315,132.73008044074726,66.36504022037363,22.121680073457874,-44.24336014691575,4.424336014691575,176.973440587663,-22.121680073457874,110.60840036728936,33.182520110186815,55.30420018364468,-88.4867202938315,11.060840036728937,44.24336014691575
23.1,88.4214137703677,132.63212065555155,66.31606032777577,22.105353442591927,-44.21070688518385,4.421070688518386,176.8428275407354,-22.105353442591927,110.52676721295964,33.15803016388789,55.26338360647982,-88.4214137703677,11.052676721295963,44.21070688518385
23.200000000000003,88.35716508835594,132.5357476325339,66.26787381626696,22.089291272088985,-44.17858254417797,4.417858254417797,176.71433017671188,-22.089291272088985,110.44645636044493,33.13393690813348,55.22322818022246,-88.35716508835594,11.044645636044493,44.17858254417797
23.3,88.29414911873216,132.44122367809825,66.22061183904913,22.07353727968304,-44.14707455936608,4.414707455936608,176.58829823746433,-22.07353727968304,110.3676863984152,33.11030591952456,55.1838431992076,-88.29414911873216,11.03676863984152,44.14707455936608
23.400000000000002,88.23252050915139,132.34878076372706,66.17439038186353,22.058130127287846,-44.11626025457569,4.411626025457569,176.46504101830277,-22.058130127287846,110.29065063643924,33.087195190931766,55.14532531821962,-88.23252050915139,11.029065063643923,44.11626025457569
23.5,88.17240832669255,132.25861249003881,66.12930624501941,22.043102081673137,-44.086204163346274,4.408620416334627,176.3448166533851,-22.043102081673137,110.21551040836569,33.064653122509704,55.107755204182844,-88.17240832669255,11.021551040836568,44.086204163346274
23.6,88.11390386409101,132.17085579613652,66.08542789806826,22.028475966022754,-44.05695193204551,4.405695193204551,176.22780772818203,-22.028475966022754,110.14237983011377,33.04271394903413,55.071189915056884,-88.11390386409101,11.014237983011377,44.05695193204551
23.700000000000003,88.05698814677312,132.0854822201597,66.04274111007985,22.01424703669328,-44.02849407338656,4.402849407338656,176.11397629354624,-22.01424703669328,110.0712351834664,33.02137055503992,55.0356175917332,-88.05698814677312,11.00712351834664,44.02849407338656
23.8,88.00159008992131,132.00238513488196,66.00119256744098,22.000397522480327,-44.000795044960654,4.400079504496065,176.00318017984262,-22.000397522480327,110.00198761240163,33.00059628372049,55.00099380620082,-88.00159008992131,11.000198761240163,44.000795044960654
23.900000000000002,87.94763481798138,131.92145222697206,65.96072611348603,21.986908704495345,-43.97381740899069,4.397381740899069,175.89526963596276,-21.986908704495345,109.93454352247673,32.980363056743016,54.967271761238365,-87.94763481798138,10.993454352247673,43.97381740899069
24.0,87.89501217663985,131.84251826495978,65.92125913247989,21.973753044159963,-43.947506088319926,4.394750608831993,175.7900243532797,-21.973753044159963,109.86876522079982,32.960629566239945,54.93438261039991,-87.89501217663985,10.986876522079982,43.947506088319926
24.1,87.84364047253884,131.76546070880826,65.88273035440413,21.96091011813471,-43.92182023626942,4.392182023626942,175.68728094507767,-21.96091011813471,109.80455059067354,32.941365177202066,54.90227529533677,-87.84364047253884,10.980455059067355,43.92182023626942
24.200000000000003,87.79344275137888,131.69016412706833,65.84508206353416,21.94836068784472,-43.89672137568944,4.389672137568944,175.58688550275775,-21.94836068784472,109.74180343922359,32.92254103176708,54.870901719611794,-87.79344275137888,10.97418034392236,43.89672137568944
24.3,87.74437355899514,131.61656033849272,65.80828016924636,21.936093389748784,-43.87218677949757,4.387218677949757,175.48874711799027,-21.936093389748784,109.68046694874391,32.90414008462318,54.840233474371956,-87.74437355899514,10.968046694874392,43.87218677949757
24.400000000000002,87.69631639876916,131.54447459815373,65.77223729907686,21.92407909969229,-43.84815819938458,4.384815819938458,175.3926327975383,-21.92407909969229,109.62039549846145,32.88611864953843,54.810197749230724,-87.69631639876916,10.962039549846144,43.84815819938458
24.5,87.64906326959195,131.47359490438794,65.73679745219397,21.912265817397987,-43.824531634795974,4.382453163479598,175.2981265391839,-21.912265817397987,109.56132908698993,32.868398726096984,54.780664543494964,-87.64906326959195,10.956132908698994,43.824531634795974
24.6,87.60246741719084,131.40370112578626,65.70185056289313,21.90061685429771,-43.80123370859542,4.380123370859542,175.20493483438167,-21.90061685429771,109.50308427148855,32.850925281446564,54.75154213574427,-87.60246741719084,10.950308427148855,43.80123370859542
24.700000000000003,87.55640832041418,131.33461248062127,65.66730624031064,21.889102080103545,-43.77820416020709,4.377820416020709,175.11281664082836,-21.889102080103545,109.44551040051772,32.83365312015532,54.72275520025886,-87.55640832041418,10.944551040051772,43.77820416020709
24.8,87.51077673573492,131.2661651036024,65.6330825518012,21.87769418393373,-43.75538836786746,4.375538836786746,175.02155347146984,-21.87769418393373,109.38847091966865,32.8165412759006,54.694235459834324,-87.51077673573492,10.938847091966865,43.75538836786746
24.900000000000002,87.46547170481703,131.19820755722554,65.59910377861277,21.86636792620426,-43.73273585240852,4.3732735852408515,174.93094340963407,-21.86636792620426,109.3318396310213,32.799551889306386,54.66591981551065,-87.46547170481703,10.93318396310213,43.73273585240852
25.0,87.42044691964523,131.13067037946786,65.56533518973393,21.855111729911307,-43.710223459822615,4.3710223459822615,174.84089383929046,-21.855111729911307,109.27555864955653,32.782667594866965,54.637779324778265,-87.42044691964523,10.927555864955654,43.710223459822615
25.1,87.37567707350145,131.06351561025218,65.53175780512609,21.843919268375362,-43.687838536750725,4.3687838536750725,174.7513541470029,-21.843919268375362,109.21959634187681,32.765878902563045,54.609798170938404,-87.37567707350145,10.921959634187681,43.687838536750725
25.200000000000003,87.33112522739961,130.9966878410994,65.4983439205497,21.832781306849903,-43.665562613699805,4.366556261369981,174.66225045479922,-21.832781306849903,109.16390653424952,32.74917196027485,54.58195326712476,-87.33112522739961,10.916390653424951,43.665562613699805
25.3,87.28674064696229,130.93011097044342,65.46505548522171,21.82168516174057,-43.64337032348114,4.364337032348114,174.57348129392457,-21.82168516174057,109.10842580870286,32.732527742610856,54.55421290435143,-87.28674064696229,10.910842580870286,43.64337032348114
25.400000000000002,87.24247308651248,130.86370962976872,65.43185481488436,21.81061827162812,-43.62123654325624,4.362123654325624,174.48494617302495,-21.81061827162812,109.05309135814059,32.71592740744218,54.526545679070296,-87.24247308651248,10.90530913581406,43.62123654325624
25.5,87.19832508488246,130.79748762732368,65.39874381366184,21.799581271220614,-43.59916254244123,4.359916254244123,174.3966501697649,-21.799581271220614,108.99790635610307,32.69937190683092,54.498953178051536,-87.19832508488246,10.899790635610307,43.59916254244123
25.6,87.1543287001713,130.73149305025697,65.36574652512849,21.788582175042826,-43.57716435008565,4.357716435008565,174.3086574003426,-21.788582175042826,108.94291087521412,32.68287326256424,54.47145543760706,-87.1543287001713,10.894291087521413,43.57716435008565
25.700000000000003,87.11051472786532,130.66577209179798,65.33288604589899,21.77762868196633,-43.55525736393266,4.3555257363932665,174.22102945573064,-21.77762868196633,108.88814340983166,32.666443022949494,54.44407170491583,-87.11051472786532,10.888814340983165,43.55525736393266
25.8,87.06685924303989,130.60028886455984,65.30014443227992,21.76671481075997,-43.53342962151994,4.353342962151994,174.13371848607977,-21.76671481075997,108.83357405379985,32.65007221613996,54.416787026899925,-87.06685924303989,10.883357405379986,43.53342962151994
25.900000000000002,87.02331478735313,130.5349721810297,65.26748609051485,21.755828696838282,-43.511657393676565,4.351165739367657,174.04662957470626,-21.755828696838282,108.77914348419141,32.633743045257425,54.389571742095704,-87.02331478735313,10.877914348419141,43.511657393676565
26.0,86.97977258668153,130.4696588800223,65.23482944001115,21.744943146670384,-43.48988629334077,4.348988629334077,173.95954517336307,-21.744943146670384,108.72471573335191,32.61741472000558,54.36235786667596,-86.97977258668153,10.872471573335192,43.48988629334077
26.1,86.9360277487228,130.4040416230842,65.2020208115421,21.7340069371807,-43.4680138743614,4.34680138743614,173.8720554974456,-21.7340069371807,108.67003468590349,32.60101040577105,54.335017342951744,-86.9360277487228,10.86700346859035,43.4680138743614
26.200000000000003,86.89183674295799,130.337755114437,65.1688775572185,21.722959185739498,-43.445918371478996,4.3445918371479,173.78367348591598,-21.722959185739498,108.61479592869749,32.58443877860925,54.307397964348745,-86.89183674295799,10.861479592869749,43.445918371478996
26.3,86.84695847514966,130.2704377127245,65.13521885636224,21.711739618787416,-43.42347923757483,4.342347923757483,173.69391695029933,-21.711739618787416,108.55869809393708,32.56760942818112,54.27934904696854,-86.84695847514966,10.855869809393708,43.42347923757483
26.400000000000002,86.80116765991721,130.20175148987582,65.10087574493791,21.700291914979303,-43.400583829958606,4.340058382995861,173.60233531983442,-21.700291914979303,108.50145957489651,32.550437872468954,54.25072978744826,-86.80116765991721,10.850145957489651,43.400583829958606
26.5,86.75428579187604,130.13142868781406,65.06571434390703,21.68857144796901,-43.37714289593802,4.337714289593802,173.5085715837521,-21.68857144796901,108.44285723984505,32.532857171953516,54.22142861992253,-86.75428579187604,10.844285723984505,43.37714289593802
26.6,86.70616007837653,130.0592401175648,65.0296200587824,21.676540019594132,-43.353080039188264,4.3353080039188265,173.41232015675305,-21.676540019594132,108.38270009797066,32.5148100293912,54.19135004898533,-86.70616007837653,10.838270009797066,43.353080039188264
26.700000000000003,86.65666707295918,129.98500060943877,64.99250030471939,21.664166768239795,-43.32833353647959,4.332833353647959,173.31333414591836,-21.664166768239795,108.32083384119898,32.49625015235969,54.16041692059949,-86.65666707295918,10.832083384119898,43.32833353647959
26.8,86.60572926596622,129.90859389894933,64.95429694947467,21.651432316491555,-43.30286463298311,4.330286463298311,173.21145853193244,-21.651432316491555,108.25716158245777,32.477148474737334,54.128580791228885,-86.60572926596622,10.825716158245777,43.30286463298311
26.900000000000002,86.55329204724298,129.82993807086447,64.91496903543224,21.638323011810744,-43.27664602362149,4.327664602362149,173.10658409448595,-21.638323011810744,108.19161505905372,32.45748451771612,54.09580752952686,-86.55329204724298,10.819161505905372,43.27664602362149
27.0,86.49935504459411,129.74903256689117,64.87451628344559,21.624838761148528,-43.249677522297056,4.324967752229706,172.99871008918822,-21.624838761148528,108.12419380574264,32.43725814172279,54.06209690287132,-86.49935504459411,10.812419380574264,43.249677522297056
27.1,86.44397207119795,129.66595810679692,64.83297905339846,21.610993017799487,-43.221986035598974,4.322198603559897,172.8879441423959,-21.610993017799487,108.05496508899743,32.41648952669923,54.02748254449872,-86.44397207119795,10.805496508899743,43.221986035598974
27.200000000000003,86.38728205038261,129.5809230755739,64.79046153778695,21.596820512595652,-43.193641025191305,4.31936410251913,172.77456410076522,-21.596820512595652,107.98410256297826,32.39523076889348,53.99205128148913,-86.38728205038261,10.798410256297826,43.193641025191305
27.3,86.32944920528217,129.49417380792326,64.74708690396163,21.582362301320543,-43.16472460264109,4.316472460264109,172.65889841056435,-21.582362301320543,107.91181150660272,32.373543451980815,53.95590575330136,-86.32944920528217,10.791181150660272,43.16472460264109
27.400000000000002,86.27064453734401,129.405966806016,64.702983403008,21.567661134336003,-43.135322268672006,4.313532226867201,172.54128907468802,-21.567661134336003,107.83830567168002,32.351491701504,53.91915283584001,-86.27064453734401,10.783830567168001,43.135322268672006
27.5,86.21101334830004,129.31652002245005,64.65826001122502,21.55275333707501,-43.10550667415002,4.3105506674150025,172.42202669660008,-21.55275333707501,107.76376668537506,32.32913000561251,53.88188334268753,-86.21101334830004,10.776376668537505,43.10550667415002
27.6,86.15067815763844,129.22601723645766,64.61300861822883,21.53766953940961,-43.07533907881922,4.307533907881922,172.30135631527688,-21.53766953940961,107.68834769704804,32.306504309114416,53.84417384852402,-86.15067815763844,10.768834769704805,43.07533907881922
27.700000000000003,86.08980384483392,129.1347057672509,64.56735288362545,21.52245096120848,-43.04490192241696,4.304490192241697,172.17960768966785,-21.52245096120848,107.6122548060424,32.28367644181272,53.8061274030212,-86.08980384483392,10.76122548060424,43.04490192241696
27.8,86.02860718010626,129.04291077015938,64.52145538507969,21.507151795026566,-43.01430359005313,4.301430359005313,172.05721436021253,-21.507151795026566,107.53575897513284,32.260727692539845,53.76787948756642,-86.02860718010626,10.753575897513283,43.01430359005313
27.900000000000002,85.96731947073283,128.95097920609925,64.47548960304962,21.491829867683208,-42.983659735366416,4.298365973536642,171.93463894146566,-21.491829867683208,107.45914933841604,32.23774480152481,53.72957466920802,-85.96731947073283,10.745914933841604,42.983659735366416
28.0,85.90615706987018,128.85923560480526,64.42961780240263,21.476539267467544,-42.95307853493509,4.295307853493509,171.81231413974035,-21.476539267467544,107.38269633733772,32.214808901201316,53.69134816866886,-85.90615706987018,10.738269633733772,42.95307853493509
28.1,85.84530308348776,128.76795462523165,64.38397731261583,21.46132577087194,-42.92265154174388,4.292265154174388,171.69060616697553,-21.46132577087194,107.3066288543597,32.19198865630791,53.65331442717985,-85.84530308348776,10.73066288543597,42.92265154174388
28.200000000000003,85.78491994561871,128.67737991842807,64.33868995921404,21.446229986404678,-42.892459972809355,4.289245997280935,171.56983989123742,-21.446229986404678,107.23114993202338,32.16934497960702,53.61557496601169,-85.78491994561871,10.723114993202339,42.892459972809355
28.3,85.72512856487945,128.58769284731918,64.29384642365959,21.431282141219864,-42.86256428243973,4.286256428243973,171.4502571297589,-21.431282141219864,107.15641070609932,32.146923211829794,53.57820535304966,-85.72512856487945,10.715641070609932,42.86256428243973
28.400000000000002,85.66603163745384,128.49904745618076,64.24952372809038,21.41650790936346,-42.83301581872692,4.283301581872692,171.33206327490768,-21.41650790936346,107.0825395468173,32.12476186404519,53.54126977340865,-85.66603163745384,10.70825395468173,42.83301581872692
28.5,85.60773126957642,128.41159690436461,64.20579845218231,21.401932817394105,-42.80386563478821,4.280386563478821,171.21546253915284,-21.401932817394105,107.00966408697053,32.102899226091154,53.504832043485266,-85.60773126957642,10.700966408697052,42.80386563478821
28.6,85.55038445844673,128.3255766876701,64.16278834383505,21.387596114611682,-42.775192229223364,4.277519222922336,171.10076891689346,-21.387596114611682,106.93798057305841,32.08139417191752,53.468990286529205,-85.55038445844673,10.693798057305841,42.775192229223364
28.700000000000003,85.49415979360997,128.24123969041494,64.12061984520747,21.37353994840249,-42.74707989680498,4.274707989680499,170.98831958721993,-21.37353994840249,106.86769974201246,32.060309922603736,53.43384987100623,-85.49415979360997,10.686769974201246,42.74707989680498
28.8,85.43927136280834,128.15890704421253,64.07945352210626,21.359817840702085,-42.71963568140417,4.271963568140417,170.87854272561668,-21.359817840702085,106.79908920351042,32.03972676105313,53.39954460175521,-85.43927136280834,10.679908920351043,42.71963568140417
28.900000000000002,85.38595573626029,128.07893360439044,64.03946680219522,21.34648893406507,-42.69297786813014,4.269297786813015,170.77191147252057,-21.34648893406507,106.73244467032535,32.01973340109761,53.366222335162675,-85.38595573626029,10.673244467032536,42.69297786813014
29.0,85.33436661776518,128.00154992664778,64.00077496332389,21.333591654441296,-42.66718330888259,4.266718330888259,170.66873323553037,-21.333591654441296,106.66795827220648,32.000387481661946,53.33397913610324,-85.33436661776518,10.666795827220648,42.66718330888259
29.1,85.28454482637082,127.92681723955623,63.963408619778114,21.321136206592705,-42.64227241318541,4.264227241318541,170.56908965274164,-21.321136206592705,106.60568103296353,31.981704309889057,53.302840516481766,-85.28454482637082,10.660568103296352,42.64227241318541
29.200000000000003,85.23643499510541,127.85465249265812,63.92732624632906,21.309108748776353,-42.618217497552706,4.261821749755271,170.47286999021082,-21.309108748776353,106.54554374388177,31.96366312316453,53.27277187194088,-85.23643499510541,10.654554374388177,42.618217497552706
29.3,85.18988323286415,127.78482484929623,63.892412424648114,21.297470808216037,-42.594941616432074,4.259494161643207,170.3797664657283,-21.297470808216037,106.48735404108018,31.946206212324057,53.24367702054009,-85.18988323286415,10.648735404108018,42.594941616432074
29.400000000000002,85.14474892046614,127.7171233806992,63.8585616903496,21.286187230116536,-42.57237446023307,4.257237446023307,170.28949784093228,-21.286187230116536,106.43093615058268,31.9292808451748,53.21546807529134,-85.14474892046614,10.643093615058268,42.57237446023307
29.5,85.10091512096038,127.65137268144056,63.82568634072028,21.275228780240095,-42.55045756048019,4.255045756048019,170.20183024192076,-21.275228780240095,106.37614390120048,31.91284317036014,53.18807195060024,-85.10091512096038,10.637614390120048,42.55045756048019
29.6,85.05830914348921,127.58746371523381,63.793731857616905,21.264577285872303,-42.529154571744606,4.252915457174461,170.11661828697842,-21.264577285872303,106.32288642936152,31.896865928808452,53.16144321468076,-85.05830914348921,10.632288642936151,42.529154571744606
29.700000000000003,85.01689861709593,127.5253479256439,63.76267396282195,21.254224654273983,-42.508449308547966,4.250844930854797,170.03379723419187,-21.254224654273983,106.27112327136992,31.881336981410975,53.13556163568496,-85.01689861709593,10.627112327136992,42.508449308547966
29.8,84.9767060020186,127.4650590030279,63.73252950151395,21.24417650050465,-42.4883530010093,4.2488353001009305,169.9534120040372,-21.24417650050465,106.22088250252325,31.866264750756976,53.110441251261626,-84.9767060020186,10.622088250252325,42.4883530010093
29.900000000000002,84.93780108992344,127.40670163488517,63.70335081744258,21.23445027248086,-42.46890054496172,4.2468900544961725,169.87560217984688,-21.23445027248086,106.1722513624043,31.85167540872129,53.08612568120215,-84.93780108992344,10.61722513624043,42.46890054496172
30.0,84.90027202352157,127.35040803528236,63.67520401764118,21.22506800588039,-42.45013601176078,4.245013601176079,169.80054404704313,-21.22506800588039,106.12534002940195,31.83760200882059,53.06267001470098,-84.90027202352157,10.612534002940196,42.45013601176078
30.1,84.86423868836631,127.29635803254948,63.64817901627474,21.21605967209158,-42.43211934418316,4.243211934418316,169.72847737673263,-21.21605967209158,106.08029836045789,31.82408950813737,53.040149180228944,-84.86423868836631,10.60802983604579,42.43211934418316
30.200000000000003,84.82978664169791,127.24467996254685,63.62233998127343,21.207446660424477,-42.414893320848954,4.241489332084895,169.65957328339582,-21.207446660424477,106.03723330212239,31.811169990636714,53.018616651061194,-84.82978664169791,10.603723330212238,42.414893320848954
30.3,84.79705918842151,127.19558878263227,63.597794391316135,21.19926479710538,-42.39852959421076,4.239852959421076,169.59411837684303,-21.19926479710538,105.99632398552689,31.798897195658068,52.99816199276344,-84.79705918842151,10.59963239855269,42.39852959421076
30.400000000000002,84.76615560457101,127.14923340685652,63.57461670342826,21.191538901142753,-42.383077802285506,4.238307780228551,169.53231120914202,-21.191538901142753,105.95769450571376,31.78730835171413,52.97884725285688,-84.76615560457101,10.595769450571376,42.383077802285506
30.5,84.73709880441369,127.10564820662054,63.55282410331027,21.184274701103423,-42.368549402206845,4.2368549402206845,169.47419760882738,-21.184274701103423,105.92137350551711,31.776412051655136,52.960686752758555,-84.73709880441369,10.592137350551711,42.368549402206845
30.6,84.70989669976841,127.0648450496526,63.5324225248263,21.177474174942102,-42.354948349884204,4.235494834988421,169.41979339953681,-21.177474174942102,105.88737087471051,31.76621126241315,52.943685437355256,-84.70989669976841,10.588737087471051,42.354948349884204
30.700000000000003,84.68454555984334,127.02681833976501,63.51340916988251,21.171136389960836,-42.34227277992167,4.234227277992168,169.3690911196867,-21.171136389960836,105.85568194980418,31.756704584941254,52.92784097490209,-84.68454555984334,10.585568194980418,42.34227277992167
30.8,84.66100831193248,126.99151246789872,63.49575623394936,21.16525207798312,-42.33050415596624,4.233050415596624,169.32201662386495,-21.16525207798312,105.8262603899156,31.74787811697468,52.9131301949578,-84.66100831193248,10.58262603899156,42.33050415596624
30.900000000000002,84.63922675641899,126.95884013462849,63.479420067314244,21.159806689104748,-42.319613378209496,4.23196133782095,169.27845351283798,-21.159806689104748,105.79903344552375,31.739710033657122,52.899516722761874,-84.63922675641899,10.579903344552374,42.319613378209496
31.0,84.61913652376438,126.92870478564657,63.46435239282329,21.154784130941096,-42.30956826188219,4.230956826188219,169.23827304752876,-21.154784130941096,105.77392065470548,31.732176196411643,52.88696032735274,-84.61913652376438,10.577392065470548,42.30956826188219
31.1,84.60063807331046,126.9009571099657,63.45047855498285,21.150159518327616,-42.30031903665523,4.230031903665523,169.20127614662093,-21.150159518327616,105.75079759163808,31.725239277491426,52.87539879581904,-84.60063807331046,10.575079759163808,42.30031903665523
31.200000000000003,84.58355768622178,126.87533652933267,63.437668264666335,21.145889421555445,-42.29177884311089,4.229177884311089,169.16711537244356,-21.145889421555445,105.72944710777722,31.718834132333168,52.86472355388861,-84.58355768622178,10.572944710777723,42.29177884311089
31.3,84.56769329020368,126.85153993530551,63.425769967652755,21.14192332255092,-42.28384664510184,4.228384664510184,169.13538658040736,-21.14192332255092,105.7096166127546,31.712884983826378,52.8548083063773,-84.56769329020368,10.57096166127546,42.28384664510184
31.400000000000002,84.55286531364212,126.82929797046317,63.41464898523159,21.13821632841053,-42.27643265682106,4.227643265682106,169.10573062728423,-21.13821632841053,105.69108164205264,31.707324492615793,52.84554082102632,-84.55286531364212,10.569108164205264,42.27643265682106
31.5,84.53892139835983,126.80838209753975,63.404191048769874,21.134730349589958,-42.269460699179916,4.226946069917992,169.07784279671966,-21.134730349589958,105.67365174794979,31.702095524384937,52.836825873974895,-84.53892139835983,10.567365174794979,42.269460699179916
31.6,84.52573974151514,126.78860961227271,63.394304806136354,21.131434935378785,-42.26286987075757,4.226286987075757,169.05147948303028,-21.131434935378785,105.65717467689393,31.697152403068177,52.828587338446965,-84.52573974151514,10.565717467689392,42.26286987075757
31.700000000000003,84.51317654158795,126.76976481238194,63.38488240619097,21.128294135396988,-42.256588270793976,4.225658827079398,169.0263530831759,-21.128294135396988,105.64147067698494,31.692441203095484,52.82073533849247,-84.51317654158795,10.564147067698494,42.256588270793976
31.8,84.50105623016191,126.75158434524286,63.37579217262143,21.125264057540477,-42.250528115080954,4.225052811508095,169.00211246032381,-21.125264057540477,105.62632028770238,31.687896086310715,52.81316014385119,-84.50105623016191,10.562632028770238,42.250528115080954
31.900000000000002,84.48924041852634,126.73386062778951,63.366930313894755,21.122310104631584,-42.24462020926317,4.224462020926317,168.97848083705267,-21.122310104631584,105.61155052315792,31.683465156947378,52.80577526157896,-84.48924041852634,10.561155052315792,42.24462020926317
32.0,84.47764370012476,126.71646555018714,63.35823277509357,21.11941092503119,-42.23882185006238,4.2238821850062385,168.95528740024952,-21.11941092503119,105.59705462515595,31.679116387546784,52.798527312577974,-84.47764370012476,10.559705462515595,42.23882185006238
32.1,84.46620078789117,126.69930118183674,63.34965059091837,21.116550196972792,-42.233100393945584,4.223310039394558,168.93240157578234,-21.116550196972792,105.58275098486396,31.674825295459186,52.79137549243198,-84.46620078789117,10.558275098486396,42.233100393945584
32.2,84.45484127799847,126.6822619169977,63.34113095849885,21.113710319499617,-42.227420638999234,4.222742063899924,168.90968255599694,-21.113710319499617,105.56855159749809,31.670565479249426,52.78427579874904,-84.45484127799847,10.556855159749809,42.227420638999234
32.300000000000004,84.44357445718488,126.66536168577733,63.332680842888664,21.11089361429622,-42.22178722859244,4.222178722859244,168.88714891436976,-21.11089361429622,105.5544680714811,31.666340421444332,52.77723403574055,-84.44357445718488,10.55544680714811,42.22178722859244
32.4,84.43242604275413,126.6486390641312,63.3243195320656,21.108106510688533,-42.216213021377065,4.221621302137707,168.86485208550826,-21.108106510688533,105.54053255344266,31.6621597660328,52.77026627672133,-84.43242604275413,10.554053255344266,42.216213021377065
32.5,84.4213985921425,126.63209788821374,63.31604894410687,21.105349648035624,-42.21069929607125,4.221069929607125,168.842797184285,-21.105349648035624,105.52674824017812,31.658024472053434,52.76337412008906,-84.4213985921425,10.552674824017812,42.21069929607125
32.6,84.41050344266063,126.61575516399094,63.30787758199547,21.102625860665157,-42.20525172133031,4.220525172133032,168.82100688532125,-21.102625860665157,105.51312930332578,31.653938790997735,52.75656465166289,-84.41050344266063,10.551312930332578,42.20525172133031
32.7,84.39975711428102,126.59963567142152,63.29981783571076,21.099939278570254,-42.19987855714051,4.219987855714051,168.79951422856203,-21.099939278570254,105.49969639285126,31.64990891785538,52.74984819642563,-84.39975711428102,10.549969639285127,42.19987855714051
32.800000000000004,84.38923424733743,126.58385137100615,63.291925685503074,21.097308561834357,-42.19461712366871,4.219461712366871,168.77846849467485,-21.097308561834357,105.48654280917178,31.645962842751537,52.74327140458589,-84.38923424733743,10.548654280917178,42.19461712366871
32.9,84.37904561316806,126.5685684197521,63.28428420987605,21.094761403292015,-42.18952280658403,4.218952280658403,168.75809122633612,-21.094761403292015,105.47380701646007,31.642142104938024,52.736903508230036,-84.37904561316806,10.547380701646007,42.18952280658403
33.0,84.36920534632732,126.55380801949099,63.27690400974549,21.09230133658183,-42.18460267316366,4.218460267316366,168.73841069265464,-21.09230133658183,105.46150668290915,31.638452004872747,52.73075334145457,-84.36920534632732,10.546150668290915,42.18460267316366
33.1,84.35975932181879,126.53963898272818,63.26981949136409,21.089939830454696,-42.17987966090939,4.21798796609094,168.71951864363757,-21.089939830454696,105.44969915227348,31.634909745682045,52.72484957613674,-84.35975932181879,10.544969915227348,42.17987966090939
33.2,84.35078053740293,126.52617080610439,63.263085403052195,21.08769513435073,-42.17539026870146,4.2175390268701465,168.70156107480585,-21.08769513435073,105.43847567175365,31.631542701526097,52.719237835876825,-84.35078053740293,10.543847567175366,42.17539026870146
33.300000000000004,84.34226141605221,126.51339212407831,63.256696062039154,21.085565354013053,-42.171130708026105,4.21711307080261,168.68452283210442,-21.085565354013053,105.42782677006527,31.628348031019577,52.71391338503263,-84.34226141605221,10.542782677006526,42.171130708026105
33.4,84.33424093375206,126.50136140062808,63.25068070031404,21.083560233438014,-42.16712046687603,4.216712046687603,168.6684818675041,-21.083560233438014,105.41780116719008,31.62534035015702,52.70890058359504,-84.33424093375206,10.541780116719007,42.16712046687603
33.5,84.32682520509847,126.4902378076477,63.24511890382385,21.081706301274618,-42.163412602549236,4.216341260254924,168.65365041019695,-21.081706301274618,105.4085315063731,31.622559451911926,52.70426575318655,-84.32682520509847,10.540853150637309,42.163412602549236
33.6,84.32012145502543,126.48018218253814,63.24009109126907,21.080030363756357,-42.160060727512715,4.216006072751272,168.64024291005086,-21.080030363756357,105.40015181878178,31.620045545634536,52.70007590939089,-84.32012145502543,10.540015181878179,42.160060727512715
33.7,84.31411807814052,126.47117711721079,63.23558855860539,21.07852951953513,-42.15705903907026,4.215705903907026,168.62823615628105,-21.07852951953513,105.39264759767565,31.617794279302696,52.696323798837824,-84.31411807814052,10.539264759767565,42.15705903907026
33.800000000000004,84.30869023064761,126.46303534597142,63.23151767298571,21.077172557661903,-42.15434511532381,4.215434511532381,168.61738046129523,-21.077172557661903,105.38586278830951,31.615758836492855,52.692931394154755,-84.30869023064761,10.538586278830952,42.15434511532381
33.9,84.30372607003251,126.45558910504877,63.22779455252439,21.075931517508128,-42.151863035016255,4.215186303501626,168.60745214006502,-21.075931517508128,105.37965758754063,31.613897276262193,52.68982879377032,-84.30372607003251,10.537965758754064,42.151863035016255
34.0,84.29912121852281,126.44868182778421,63.22434091389211,21.074780304630703,-42.14956060926141,4.2149560609261405,168.59824243704563,-21.074780304630703,105.37390152315352,31.612170456946053,52.68695076157676,-84.29912121852281,10.537390152315352,42.14956060926141
34.1,84.29478232615604,126.44217348923405,63.221086744617025,21.07369558153901,-42.14739116307802,4.214739116307802,168.58956465231208,-21.07369558153901,105.36847790769505,31.610543372308513,52.684238953847526,-84.29478232615604,10.536847790769505,42.14739116307802
34.2,84.29062581032707,126.43593871549061,63.217969357745304,21.072656452581768,-42.145312905163536,4.214531290516354,168.58125162065414,-21.072656452581768,105.36328226290884,31.608984678872652,52.68164113145442,-84.29062581032707,10.536328226290884,42.145312905163536
34.300000000000004,84.28655542439022,126.42983313658533,63.214916568292665,21.071638856097554,-42.14327771219511,4.214327771219511,168.57311084878043,-21.071638856097554,105.35819428048777,31.607458284146333,52.67909714024388,-84.28655542439022,10.535819428048777,42.14327771219511
34.4,84.2824926603308,126.4237389904962,63.2118694952481,21.0706231650827,-42.1412463301654,4.2141246330165405,168.5649853206616,-21.0706231650827,105.35311582541351,31.60593474762405,52.676557912706755,-84.2824926603308,10.53531158254135,42.1412463301654
34.5,84.27842603261776,126.41763904892665,63.20881952446332,21.06960650815444,-42.13921301630888,4.213921301630888,168.55685206523552,-21.06960650815444,105.3480325407722,31.60440976223166,52.6740162703861,-84.27842603261776,10.53480325407722,42.13921301630888
34.6,84.27437349444165,126.41156024166247,63.205780120831236,21.068593373610412,-42.137186747220824,4.213718674722083,168.5487469888833,-21.068593373610412,105.34296686805206,31.602890060415618,52.67148343402603,-84.27437349444165,10.534296686805206,42.137186747220824
34.7,84.27043317306251,126.40564975959377,63.202824879796886,21.06760829326563,-42.13521658653126,4.213521658653126,168.54086634612503,-21.06760829326563,105.33804146632815,31.601412439898443,52.669020733164075,-84.27043317306251,10.533804146632814,42.13521658653126
34.800000000000004,84.26679579927749,126.40019369891624,63.20009684945812,21.066698949819372,-42.133397899638744,4.213339789963874,168.53359159855498,-21.066698949819372,105.33349474909686,31.60004842472906,52.66674737454843,-84.26679579927749,10.533349474909686,42.133397899638744
34.9,84.26364159070717,126.39546238606076,63.19773119303038,21.06591039767679,-42.13182079535358,4.2131820795353585,168.52728318141433,-21.06591039767679,105.32955198838395,31.59886559651519,52.66477599419198,-84.26364159070717,10.532955198838396,42.13182079535358
35.0,84.26122009882197,126.39183014823294,63.19591507411647,21.06530502470549,-42.13061004941098,4.213061004941099,168.52244019764393,-21.06530502470549,105.32652512352746,31.597957537058235,52.66326256176373,-84.26122009882197,10.532652512352746,42.13061004941098
35.1,84.25985141995864,126.38977712993795,63.19488856496898,21.06496285498966,-42.12992570997932,4.212992570997932,168.51970283991727,-21.06496285498966,105.3248142749483,31.59744428248449,52.66240713747415,-84.25985141995864,10.53248142749483,42.12992570997932
35.2,84.25980748041167,126.3897112206175,63.19485561030875,21.064951870102917,-42.12990374020583,4.212990374020584,168.51961496082333,-21.064951870102917,105.32475935051458,31.597427805154375,52.66237967525729,-84.25980748041167,10.532475935051458,42.12990374020583
35.300000000000004,84.26134243840289,126.39201365760434,63.19600682880217,21.065335609600723,-42.130671219201446,4.213067121920145,168.52268487680578,-21.065335609600723,105.32667804800361,31.598003414401084,52.66333902400181,-84.26134243840289,10.532667804800361,42.130671219201446
35.4,84.2646496197929,126.39697442968935,63.198487214844675,21.066162404948226,-42.13232480989645,4.213232480989645,168.5292992395858,-21.066162404948226,105.33081202474114,31.599243607422338,52.66540601237057,-84.2646496197929,10.533081202474113,42.13232480989645
35.5,84.26988461584624,126.40482692376935,63.202413461884674,21.06747115396156,-42.13494230792312,4.213494230792312,168.53976923169247,-21.06747115396156,105.3373557698078,31.601206730942337,52.6686778849039,-84.26988461584624,10.53373557698078,42.13494230792312
35.6,84.27716202733238,126.41574304099856,63.20787152049928,21.069290506833095,-42.13858101366619,4.213858101366619,168.55432405466476,-21.069290506833095,105.34645253416548,31.60393576024964,52.67322626708274,-84.27716202733238,10.534645253416548,42.13858101366619
35.7,84.28651413166033,126.42977119749048,63.21488559874524,21.07162853291508,-42.14325706583016,4.214325706583017,168.57302826332065,-21.07162853291508,105.35814266457541,31.60744279937262,52.679071332287705,-84.28651413166033,10.53581426645754,42.14325706583016
35.800000000000004,84.29792054621635,126.44688081932452,63.22344040966226,21.074480136554087,-42.14896027310817,4.214896027310817,168.5958410924327,-21.074480136554087,105.37240068277043,31.61172020483113,52.68620034138522,-84.29792054621635,10.537240068277043,42.14896027310817
35.9,84.31133245730851,126.46699868596276,63.23349934298138,21.077833114327127,-42.155666228654255,4.215566622865426,168.62266491461702,-21.077833114327127,105.38916557163563,31.61674967149069,52.694582785817815,-84.31133245730851,10.538916557163564,42.155666228654255
36.0,84.32665858490797,126.48998787736195,63.24499393868098,21.081664646226994,-42.16332929245399,4.216332929245399,168.65331716981595,-21.081664646226994,105.40832323113497,31.62249696934049,52.704161615567486,-84.32665858490797,10.540832323113497,42.16332929245399
36.1,84.3438991625976,126.51584874389638,63.25792437194819,21.0859747906494,-42.1719495812988,4.2171949581298795,168.6877983251952,-21.0859747906494,105.429873953247,31.628962185974096,52.7149369766235,-84.3438991625976,10.5429873953247,42.1719495812988
36.2,84.36307043591029,126.54460565386543,63.272302826932716,21.090767608977572,-42.181535217955144,4.218153521795514,168.72614087182058,-21.090767608977572,105.45383804488786,31.636151413466358,52.72691902244393,-84.36307043591029,10.545383804488786,42.181535217955144
36.300000000000004,84.38412982588527,126.5761947388279,63.28809736941395,21.096032456471317,-42.192064912942634,4.219206491294264,168.76825965177053,-21.096032456471317,105.48016228235659,31.644048684706974,52.740081141178294,-84.38412982588527,10.548016228235658,42.192064912942634
36.4,84.40699316098593,126.6104897414789,63.30524487073945,21.101748290246483,-42.20349658049297,4.2203496580492965,168.81398632197187,-21.101748290246483,105.50874145123242,31.652622435369725,52.75437072561621,-84.40699316098593,10.550874145123242,42.20349658049297
36.5,84.43153425131284,126.64730137696927,63.32365068848463,21.10788356282821,-42.21576712565642,4.221576712565642,168.86306850262568,-21.10788356282821,105.53941781414105,31.661825344242317,52.76970890707052,-84.43153425131284,10.553941781414105,42.21576712565642
36.6,84.45760115483624,126.68640173225435,63.34320086612718,21.11440028870906,-42.22880057741812,4.222880057741812,168.91520230967248,-21.11440028870906,105.5720014435453,31.67160043306359,52.78600072177265,-84.45760115483624,10.55720014435453,42.22880057741812
36.7,84.48504547025055,126.72756820537583,63.363784102687916,21.12126136756264,-42.24252273512528,4.224252273512528,168.9700909405011,-21.12126136756264,105.6063068378132,31.681892051343958,52.8031534189066,-84.48504547025055,10.56063068378132,42.24252273512528
36.800000000000004,84.51372103106748,126.77058154660122,63.38529077330061,21.12843025776687,-42.25686051553374,4.225686051553374,169.02744206213495,-21.12843025776687,105.64215128883434,31.692645386650305,52.82107564441717,-84.51372103106748,10.564215128883435,42.25686051553374
36.9,84.54356897182184,126.81535345773275,63.40767672886638,21.13589224295546,-42.27178448591092,4.227178448591093,169.08713794364368,-21.13589224295546,105.6794612147773,31.70383836443319,52.83973060738865,-84.54356897182184,10.56794612147773,42.27178448591092
37.0,84.57458330005417,126.86187495008126,63.43093747504063,21.143645825013543,-42.287291650027086,4.228729165002709,169.14916660010834,-21.143645825013543,105.71822912506772,31.715468737520315,52.85911456253386,-84.57458330005417,10.571822912506772,42.287291650027086
37.1,84.60679432928902,126.91019149393352,63.45509574696676,21.151698582322254,-42.30339716464451,4.230339716464451,169.21358865857803,-21.151698582322254,105.75849291161127,31.72754787348338,52.879246455805635,-84.60679432928902,10.575849291161127,42.30339716464451
37.2,84.64019748775308,126.96029623162963,63.48014811581481,21.16004937193827,-42.32009874387654,4.232009874387654,169.28039497550617,-21.16004937193827,105.80024685969136,31.740074057907407,52.90012342984568,-84.64019748775308,10.580024685969136,42.32009874387654
37.300000000000004,84.67473508079904,127.01210262119855,63.506051310599275,21.16868377019976,-42.33736754039952,4.233736754039952,169.34947016159808,-21.16868377019976,105.8434188509988,31.753025655299638,52.9217094254994,-84.67473508079904,10.58434188509988,42.33736754039952
37.4,84.71030455919588,127.0654568387938,63.5327284193969,21.17757613979897,-42.35515227959794,4.235515227959794,169.42060911839175,-21.17757613979897,105.88788069899485,31.76636420969845,52.943940349497424,-84.71030455919588,10.588788069899485,42.35515227959794
37.5,84.74685116539474,127.12027674809212,63.56013837404606,21.186712791348686,-42.37342558269737,4.237342558269737,169.4937023307895,-21.186712791348686,105.93356395674343,31.78006918702303,52.96678197837171,-84.74685116539474,10.593356395674343,42.37342558269737
37.6,84.78439006645523,127.17658509968285,63.58829254984143,21.196097516613808,-42.392195033227615,4.2392195033227615,169.56878013291046,-21.196097516613808,105.98048758306903,31.794146274920713,52.99024379153452,-84.78439006645523,10.598048758306904,42.392195033227615
37.7,84.82295598760712,127.23443398141067,63.61721699070534,21.20573899690178,-42.41147799380356,4.241147799380356,169.64591197521423,-21.20573899690178,106.02869498450889,31.80860849535267,53.014347492254444,-84.82295598760712,10.60286949845089,42.41147799380356
37.800000000000004,84.86254661618551,127.29381992427827,63.646909962139134,21.215636654046378,-42.431273308092756,4.243127330809275,169.72509323237102,-21.215636654046378,106.07818327023189,31.823454981069567,53.039091635115945,-84.86254661618551,10.607818327023189,42.431273308092756
37.9,84.90317188009487,127.35475782014231,63.677378910071155,21.22579297002372,-42.45158594004744,4.245158594004744,169.80634376018975,-21.22579297002372,106.12896485011859,31.838689455035578,53.064482425059296,-84.90317188009487,10.61289648501186,42.45158594004744
38.0,84.94483722521477,127.41725583782215,63.70862791891108,21.236209306303692,-42.472418612607385,4.247241861260739,169.88967445042954,-21.236209306303692,106.18104653151846,31.85431395945554,53.09052326575923,-84.94483722521477,10.618104653151846,42.472418612607385
38.1,84.98747797013682,127.48121695520524,63.74060847760262,21.246869492534206,-42.49373898506841,4.249373898506842,169.97495594027365,-21.246869492534206,106.23434746267102,31.87030423880131,53.11717373133551,-84.98747797013682,10.623434746267103,42.49373898506841
38.2,85.03092625659181,127.54638938488772,63.77319469244386,21.257731564147953,-42.515463128295906,4.251546312829591,170.06185251318362,-21.257731564147953,106.28865782073976,31.88659734622193,53.14432891036988,-85.03092625659181,10.628865782073976,42.515463128295906
38.300000000000004,85.07499431776891,127.61249147665336,63.80624573832668,21.268748579442228,-42.537497158884456,4.253749715888445,170.14998863553782,-21.268748579442228,106.34374289721114,31.90312286916334,53.17187144860557,-85.07499431776891,10.634374289721114,42.537497158884456
38.400000000000006,85.11953499442822,127.67930249164233,63.839651245821166,21.279883748607055,-42.55976749721411,4.255976749721412,170.23906998885644,-21.279883748607055,106.39941874303528,31.919825622910583,53.19970937151764,-85.11953499442822,10.639941874303528,42.55976749721411
38.5,85.16440788936099,127.74661183404149,63.873305917020744,21.291101972340247,-42.582203944680494,4.25822039446805,170.32881577872197,-21.291101972340247,106.45550986170123,31.936652958510372,53.227754930850615,-85.16440788936099,10.645550986170123,42.582203944680494
38.6,85.20951238095097,127.81426857142645,63.90713428571323,21.302378095237742,-42.604756190475484,4.260475619047549,170.41902476190194,-21.302378095237742,106.51189047618871,31.953567142856613,53.255945238094355,-85.20951238095097,10.651189047618871,42.604756190475484
38.7,85.2547598552611,127.88213978289164,63.94106989144582,21.313689963815275,-42.62737992763055,4.262737992763055,170.5095197105222,-21.313689963815275,106.56844981907638,31.97053494572291,53.28422490953819,-85.2547598552611,10.656844981907637,42.62737992763055
38.800000000000004,85.30007273378752,127.95010910068127,63.97505455034064,21.32501818344688,-42.65003636689376,4.265003636689376,170.60014546757503,-21.32501818344688,106.62509091723439,31.98752727517032,53.312545458617194,-85.30007273378752,10.66250909172344,42.65003636689376
38.900000000000006,85.34532616838196,128.01798925257293,64.00899462628647,21.33633154209549,-42.67266308419098,4.2672663084190985,170.69065233676392,-21.33633154209549,106.68165771047745,32.00449731314323,53.340828855238726,-85.34532616838196,10.668165771047745,42.67266308419098
39.0,85.39037620360313,128.0855643054047,64.04278215270234,21.34759405090078,-42.69518810180156,4.269518810180156,170.78075240720625,-21.34759405090078,106.7379702545039,32.02139107635117,53.36898512725195,-85.39037620360313,10.67379702545039,42.69518810180156
39.1,85.43510447409625,128.15265671114437,64.07632835557219,21.358776118524062,-42.717552237048125,4.271755223704813,170.8702089481925,-21.358776118524062,106.79388059262031,32.03816417778609,53.396940296310156,-85.43510447409625,10.679388059262031,42.717552237048125
39.2,85.47953535152672,128.2193030272901,64.10965151364505,21.36988383788168,-42.73976767576336,4.273976767576336,170.95907070305344,-21.36988383788168,106.8494191894084,32.054825756822524,53.4247095947042,-85.47953535152672,10.68494191894084,42.73976767576336
39.300000000000004,85.5237836699246,128.2856755048869,64.14283775244346,21.38094591748115,-42.7618918349623,4.27618918349623,171.0475673398492,-21.38094591748115,106.90472958740574,32.07141887622173,53.45236479370287,-85.5237836699246,10.690472958740575,42.7618918349623
39.400000000000006,85.56790028851486,128.3518504327723,64.17592521638615,21.391975072128716,-42.78395014425743,4.278395014425743,171.13580057702973,-21.391975072128716,106.95987536064358,32.087962608193074,53.47993768032179,-85.56790028851486,10.695987536064358,42.78395014425743
39.5,85.61199183791587,128.4179877568738,64.2089938784369,21.402997959478967,-42.80599591895793,4.280599591895793,171.22398367583173,-21.402997959478967,107.01498979739483,32.10449693921845,53.507494898697416,-85.61199183791587,10.701498979739483,42.80599591895793
39.6,85.65614555632392,128.4842183344859,64.24210916724294,21.41403638908098,-42.82807277816196,4.282807277816196,171.31229111264784,-21.41403638908098,107.0701819454049,32.12105458362147,53.53509097270245,-85.65614555632392,10.70701819454049,42.82807277816196
39.7,85.70042451275707,128.5506367691356,64.2753183845678,21.425106128189267,-42.85021225637853,4.285021225637854,171.40084902551413,-21.425106128189267,107.12553064094634,32.1376591922839,53.56276532047317,-85.70042451275707,10.712553064094633,42.85021225637853
39.800000000000004,85.74489251256482,128.61733876884722,64.30866938442361,21.436223128141204,-42.87244625628241,4.287244625628241,171.48978502512963,-21.436223128141204,107.18111564070603,32.154334692211805,53.59055782035301,-85.74489251256482,10.718111564070602,42.87244625628241
39.900000000000006,85.78961008823975,128.68441513235962,64.34220756617981,21.44740252205994,-42.89480504411988,4.289480504411988,171.5792201764795,-21.44740252205994,107.2370126102997,32.171103783089904,53.61850630514985,-85.78961008823975,10.72370126102997,42.89480504411988
40.0,85.83465192618053,128.7519778892708,64.3759889446354,21.45866298154513,-42.91732596309026,4.291732596309027,171.66930385236105,-21.45866298154513,107.29331490772566,32.1879944723177,53.64665745386283,-85.83465192618053,10.729331490772566,42.91732596309026
40.1,85.8800871319612,128.8201306979418,64.4100653489709,21.4700217829903,-42.9400435659806,4.294004356598061,171.7601742639224,-21.4700217829903,107.3501089149515,32.20503267448545,53.67505445747575,-85.8800871319612,10.73501089149515,42.9400435659806
40.2,85.92589509733932,128.88884264600898,64.44442132300449,21.48147377433483,-42.96294754866966,4.296294754866966,171.85179019467864,-21.48147377433483,107.40736887167415,32.222210661502245,53.703684435837076,-85.92589509733932,10.740736887167415,42.96294754866966
40.300000000000004,85.97204196409699,128.95806294614547,64.47903147307274,21.493010491024247,-42.986020982048494,4.298602098204849,171.94408392819398,-21.493010491024247,107.46505245512124,32.23951573653637,53.73252622756062,-85.97204196409699,10.746505245512123,42.986020982048494
40.400000000000006,86.01848512000186,129.02772768000278,64.51386384000139,21.504621280000464,-43.00924256000093,4.300924256000093,172.0369702400037,-21.504621280000464,107.52310640000232,32.256931920000696,53.76155320000116,-86.01848512000186,10.752310640000232,43.00924256000093
40.5,86.06515365724324,129.09773048586487,64.54886524293244,21.51628841431081,-43.03257682862162,4.303257682862163,172.1303073144865,-21.51628841431081,107.58144207155405,32.27443262146622,53.790721035777025,-86.06515365724324,10.758144207155405,43.03257682862162
40.6,86.11199098791813,129.1679864818772,64.5839932409386,21.527997746979533,-43.05599549395907,4.3055995493959065,172.22398197583627,-21.527997746979533,107.63998873489767,32.2919966204693,53.819994367448835,-86.11199098791813,10.763998873489767,43.05599549395907
40.7,86.15894796138132,129.23842194207197,64.61921097103598,21.53973699034533,-43.07947398069066,4.307947398069066,172.31789592276263,-21.53973699034533,107.69868495172665,32.30960548551799,53.849342475863324,-86.15894796138132,10.769868495172664,43.07947398069066
40.800000000000004,86.20603929910011,129.30905894865018,64.65452947432509,21.551509824775028,-43.103019649550056,4.310301964955006,172.41207859820022,-21.551509824775028,107.75754912387514,32.327264737162544,53.87877456193757,-86.20603929910011,10.775754912387514,43.103019649550056
40.900000000000006,86.25331608786348,129.37997413179522,64.68998706589761,21.56332902196587,-43.12665804393174,4.312665804393174,172.50663217572696,-21.56332902196587,107.81664510982935,32.344993532948806,53.908322554914676,-86.25331608786348,10.781664510982935,43.12665804393174
41.0,86.30078426789792,129.45117640184688,64.72558820092344,21.57519606697448,-43.15039213394896,4.315039213394896,172.60156853579585,-21.57519606697448,107.87598033487241,32.36279410046172,53.937990167436205,-86.30078426789792,10.78759803348724,43.15039213394896
41.1,86.34846123861169,129.52269185791755,64.76134592895878,21.587115309652923,-43.174230619305845,4.317423061930585,172.69692247722338,-21.587115309652923,107.9355765482646,32.38067296447939,53.9677882741323,-86.34846123861169,10.793557654826461,43.174230619305845
41.2,86.39638463223962,129.59457694835942,64.79728847417971,21.599096158059904,-43.19819231611981,4.319819231611981,172.79276926447923,-21.599096158059904,107.99548079029952,32.398644237089854,53.99774039514976,-86.39638463223962,10.799548079029952,43.19819231611981
41.300000000000004,86.4445861100804,129.66687916512058,64.83343958256029,21.6111465275201,-43.2222930550402,4.3222293055040195,172.8891722201608,-21.6111465275201,108.0557326376005,32.416719791280144,54.02786631880025,-86.4445861100804,10.80557326376005,43.2222930550402
41.400000000000006,86.49304867341174,129.7395730101176,64.8697865050588,21.623262168352934,-43.24652433670587,4.324652433670587,172.98609734682347,-21.623262168352934,108.11631084176467,32.4348932525294,54.058155420882336,-86.49304867341174,10.811631084176467,43.24652433670587
41.5,86.54167202977078,129.81250804465617,64.90625402232808,21.635418007442695,-43.27083601488539,4.327083601488539,173.08334405954156,-21.635418007442695,108.17709003721347,32.45312701116404,54.08854501860674,-86.54167202977078,10.817709003721347,43.27083601488539
41.6,86.59027853913543,129.88541780870315,64.94270890435158,21.647569634783856,-43.29513926956771,4.329513926956771,173.18055707827085,-21.647569634783856,108.23784817391928,32.47135445217579,54.11892408695964,-86.59027853913543,10.823784817391928,43.29513926956771
41.7,86.6387222906856,129.9580834360284,64.9790417180142,21.6596805726714,-43.3193611453428,4.3319361145342805,173.2774445813712,-21.6596805726714,108.29840286335701,32.4895208590071,54.149201431678506,-86.6387222906856,10.8298402863357,43.3193611453428
41.800000000000004,86.68690540638823,130.03035810958235,65.01517905479118,21.67172635159706,-43.34345270319412,4.334345270319412,173.37381081277647,-21.67172635159706,108.3586317579853,32.50758952739559,54.17931587899265,-86.68690540638823,10.83586317579853,43.34345270319412
41.900000000000006,86.73468556290831,130.10202834436245,65.05101417218123,21.683671390727078,-43.367342781454155,4.336734278145416,173.46937112581662,-21.683671390727078,108.4183569536354,32.52550708609061,54.2091784768177,-86.73468556290831,10.841835695363539,43.367342781454155
42.0,86.78196766203259,130.17295149304888,65.08647574652444,21.695491915508146,-43.39098383101629,4.339098383101629,173.56393532406517,-21.695491915508146,108.47745957754073,32.54323787326222,54.238729788770364,-86.78196766203259,10.847745957754073,43.39098383101629
42.1,86.8286406292644,130.2429609438966,65.1214804719483,21.7071601573161,-43.4143203146322,4.34143203146322,173.6572812585288,-21.7071601573161,108.5358007865805,32.56074023597415,54.26790039329025,-86.8286406292644,10.85358007865805,43.4143203146322
42.2,86.8745573342592,130.3118360013888,65.1559180006944,21.7186393335648,-43.4372786671296,4.3437278667129595,173.7491146685184,-21.7186393335648,108.59319666782399,32.5779590003472,54.296598333911994,-86.8745573342592,10.8593196667824,43.4372786671296
42.300000000000004,86.91956006279426,130.37934009419138,65.18967004709569,21.729890015698565,-43.45978003139713,4.345978003139713,173.83912012558852,-21.729890015698565,108.64945007849283,32.594835023547844,54.32472503924642,-86.91956006279426,10.864945007849283,43.45978003139713
42.400000000000006,86.96354806905963,130.44532210358943,65.22266105179472,21.740887017264907,-43.48177403452981,4.348177403452982,173.92709613811925,-21.740887017264907,108.70443508632454,32.61133052589736,54.35221754316227,-86.96354806905963,10.870443508632453,43.48177403452981
42.5,87.00640082507007,130.50960123760512,65.25480061880256,21.75160020626752,-43.50320041253504,4.350320041253504,174.01280165014015,-21.75160020626752,108.75800103133759,32.62740030940128,54.37900051566879,-87.00640082507007,10.87580010313376,43.50320041253504
42.6,87.04800521183661,130.57200781775492,65.28600390887746,21.762001302959153,-43.524002605918305,4.352400260591831,174.09601042367322,-21.762001302959153,108.81000651479576,32.64300195443873,54.40500325739788,-87.04800521183661,10.881000651479576,43.524002605918305
42.7,87.08829534736577,130.63244302104866,65.31622151052433,21.772073836841443,-43.544147673682886,4.354414767368289,174.17659069473154,-21.772073836841443,108.86036918420722,32.658110755262165,54.43018459210361,-87.08829534736577,10.886036918420722,43.544147673682886
42.800000000000004,87.12724574615329,130.69086861922995,65.34543430961497,21.781811436538323,-43.563622873076646,4.356362287307665,174.25449149230658,-21.781811436538323,108.90905718269161,32.672717154807486,54.454528591345806,-87.12724574615329,10.890905718269162,43.563622873076646
42.900000000000006,87.16483112247236,130.74724668370854,65.37362334185427,21.79120778061809,-43.58241556123618,4.358241556123619,174.32966224494473,-21.79120778061809,108.95603890309046,32.686811670927135,54.47801945154523,-87.16483112247236,10.895603890309046,43.58241556123618
43.0,87.20099540862249,130.80149311293374,65.40074655646687,21.800248852155622,-43.600497704311245,4.360049770431124,174.40199081724498,-21.800248852155622,109.00124426077811,32.700373278233435,54.500622130389054,-87.20099540862249,10.900124426077811,43.600497704311245
43.1,87.23562005151427,130.8534300772714,65.4267150386357,21.80890501287857,-43.61781002575714,4.3617810025757136,174.47124010302855,-21.80890501287857,109.04452506439284,32.71335751931785,54.52226253219642,-87.23562005151427,10.904452506439284,43.61781002575714
43.2,87.2686403034558,130.9029604551837,65.45148022759184,21.81716007586395,-43.6343201517279,4.36343201517279,174.5372806069116,-21.81716007586395,109.08580037931975,32.72574011379592,54.542900189659875,-87.2686403034558,10.908580037931975,43.6343201517279
43.300000000000004,87.30012179707875,130.9501826956181,65.47509134780906,21.825030449269686,-43.65006089853937,4.365006089853938,174.6002435941575,-21.825030449269686,109.12515224634843,32.73754567390453,54.56257612317422,-87.30012179707875,10.912515224634843,43.65006089853937
43.400000000000006,87.33013404858944,130.99520107288416,65.49760053644208,21.83253351214736,-43.66506702429472,4.366506702429472,174.66026809717889,-21.83253351214736,109.1626675607368,32.74880026822104,54.5813337803684,-87.33013404858944,10.91626675607368,43.66506702429472
43.5,87.35872120780263,131.03808181170393,65.51904090585197,21.839680301950658,-43.679360603901316,4.367936060390131,174.71744241560526,-21.839680301950658,109.1984015097533,32.75952045292598,54.59920075487665,-87.35872120780263,10.919840150975329,43.679360603901316
43.6,87.38587327123852,131.07880990685777,65.53940495342889,21.84646831780963,-43.69293663561926,4.369293663561926,174.77174654247705,-21.84646831780963,109.23234158904816,32.76970247671444,54.61617079452408,-87.38587327123852,10.923234158904815,43.69293663561926
43.7,87.41154396480474,131.1173159472071,65.55865797360354,21.852885991201184,-43.70577198240237,4.370577198240237,174.82308792960947,-21.852885991201184,109.26442995600593,32.77932898680177,54.63221497800296,-87.41154396480474,10.926442995600592,43.70577198240237
43.800000000000004,87.43572602660929,131.15358903991392,65.57679451995696,21.858931506652322,-43.717863013304644,4.371786301330465,174.87145205321858,-21.858931506652322,109.29465753326161,32.78839725997848,54.64732876663081,-87.43572602660929,10.929465753326161,43.717863013304644
43.900000000000006,87.45845546493636,131.18768319740454,65.59384159870227,21.86461386623409,-43.72922773246818,4.3729227732468186,174.91691092987273,-21.86461386623409,109.32306933117046,32.796920799351135,54.66153466558523,-87.45845546493636,10.932306933117045,43.72922773246818
44.0,87.4798161187439,131.21972417811585,65.60986208905793,21.869954029685974,-43.73990805937195,4.373990805937195,174.9596322374878,-21.869954029685974,109.34977014842987,32.80493104452896,54.674885074214934,-87.4798161187439,10.934977014842987,43.73990805937195
44.1,87.49992588720102,131.24988883080152,65.62494441540076,21.874981471800254,-43.74996294360051,4.374996294360051,174.99985177440203,-21.874981471800254,109.37490735900127,32.81247220770038,54.687453679500635,-87.49992588720102,10.937490735900127,43.74996294360051
44.2,87.51892069795461,131.2783810469319,65.63919052346596,21.879730174488653,-43.759460348977306,4.375946034897731,175.03784139590923,-21.879730174488653,109.39865087244327,32.81959526173298,54.699325436221635,-87.51892069795461,10.939865087244327,43.759460348977306
44.300000000000004,87.53694010077844,131.30541015116765,65.65270507558382,21.88423502519461,-43.76847005038922,4.376847005038922,175.07388020155688,-21.88423502519461,109.42117512597305,32.82635253779191,54.710587562986525,-87.53694010077844,10.942117512597305,43.76847005038922
44.400000000000006,87.55415510297976,131.33123265446966,65.66561632723483,21.88853877574494,-43.77707755148988,4.377707755148989,175.10831020595953,-21.88853877574494,109.4426938787247,32.832808163617415,54.72134693936235,-87.55415510297976,10.94426938787247,43.77707755148988
44.5,87.5707421886954,131.3561132830431,65.67805664152155,21.89268554717385,-43.7853710943477,4.37853710943477,175.1414843773908,-21.89268554717385,109.46342773586926,32.839028320760775,54.73171386793463,-87.5707421886954,10.946342773586926,43.7853710943477
44.6,87.58684942064657,131.38027413096987,65.69013706548493,21.896712355161643,-43.793424710323286,4.379342471032329,175.17369884129315,-21.896712355161643,109.48356177580821,32.84506853274247,54.741780887904106,-87.58684942064657,10.948356177580822,43.793424710323286
44.7,87.6026016988683,131.40390254830245,65.70195127415123,21.900650424717075,-43.80130084943415,4.380130084943415,175.2052033977366,-21.900650424717075,109.50325212358537,32.850975637075614,54.751626061792685,-87.6026016988683,10.950325212358537,43.80130084943415
44.800000000000004,87.6181031833935,131.42715477509026,65.71357738754513,21.904525795848375,-43.80905159169675,4.380905159169675,175.236206366787,-21.904525795848375,109.52262897924187,32.856788693772565,54.761314489620936,-87.6181031833935,10.952262897924188,43.80905159169675
44.900000000000006,87.63340257807036,131.45010386710555,65.72505193355278,21.90835064451759,-43.81670128903518,4.381670128903518,175.26680515614072,-21.90835064451759,109.54175322258794,32.86252596677639,54.77087661129397,-87.63340257807036,10.954175322258795,43.81670128903518
45.0,87.64853542404185,131.4728031360628,65.7364015680314,21.912133856010463,-43.82426771202093,4.382426771202093,175.2970708480837,-21.912133856010463,109.56066928005231,32.8682007840157,54.780334640026155,-87.64853542404185,10.956066928005232,43.82426771202093
45.1,87.66353128970077,131.49529693455116,65.74764846727558,21.915882822425193,-43.831765644850385,4.383176564485039,175.32706257940154,-21.915882822425193,109.57941411212596,32.87382423363779,54.78970705606298,-87.66353128970077,10.957941411212596,43.831765644850385
45.2,87.67838640947147,131.5175796142072,65.7587898071036,21.919596602367868,-43.839193204735736,4.383919320473574,175.35677281894294,-21.919596602367868,109.59798301183935,32.8793949035518,54.79899150591967,-87.67838640947147,10.959798301183934,43.839193204735736
45.300000000000004,87.69304453363326,131.53956680044988,65.76978340022494,21.923261133408314,-43.84652226681663,4.384652226681663,175.3860890672665,-21.923261133408314,109.61630566704157,32.88489170011247,54.808152833520786,-87.69304453363326,10.961630566704157,43.84652226681663
45.400000000000006,87.7074892724352,131.5612339086528,65.7806169543264,21.9268723181088,-43.8537446362176,4.38537446362176,175.4149785448704,-21.9268723181088,109.63436159054399,32.8903084771632,54.817180795271994,-87.7074892724352,10.9634361590544,43.8537446362176
45.5,87.72170305322325,131.5825545798349,65.79127728991745,21.930425763305813,-43.860851526611626,4.386085152661162,175.4434061064465,-21.930425763305813,109.65212881652906,32.89563864495872,54.82606440826453,-87.72170305322325,10.965212881652906,43.860851526611626
45.6,87.7356080758361,131.60341211375413,65.80170605687707,21.933902018959024,-43.86780403791805,4.386780403791805,175.4712161516722,-21.933902018959024,109.66951009479513,32.90085302843853,54.834755047397564,-87.7356080758361,10.966951009479512,43.86780403791805
45.7,87.74910504570593,131.62365756855888,65.81182878427944,21.937276261426483,-43.874552522852966,4.387455252285297,175.49821009141186,-21.937276261426483,109.68638130713242,32.90591439213972,54.84319065356621,-87.74910504570593,10.968638130713241,43.874552522852966
45.800000000000004,87.7621481576446,131.6432222364669,65.82161111823345,21.94053703941115,-43.8810740788223,4.38810740788223,175.5242963152892,-21.94053703941115,109.70268519705576,32.910805559116724,54.85134259852788,-87.7621481576446,10.970268519705575,43.8810740788223
45.900000000000006,87.77467808378728,131.6620171256809,65.83100856284045,21.94366952094682,-43.88733904189364,4.3887339041893645,175.54935616757456,-21.94366952094682,109.7183476047341,32.915504281420226,54.85917380236705,-87.77467808378728,10.97183476047341,43.88733904189364
46.0,87.78663938404681,131.67995907607022,65.83997953803511,21.946659846011702,-43.893319692023404,4.389331969202341,175.57327876809362,-21.946659846011702,109.7332992300585,32.919989769017555,54.86664961502925,-87.78663938404681,10.973329923005851,43.893319692023404
46.1,87.7979969152682,131.6969953729023,65.84849768645115,21.94949922881705,-43.8989984576341,4.38989984576341,175.5959938305364,-21.94949922881705,109.74749614408525,32.92424884322558,54.87374807204262,-87.7979969152682,10.974749614408525,43.8989984576341
46.2,87.80874823161926,131.7131223474289,65.85656117371445,21.952187057904816,-43.90437411580963,4.3904374115809635,175.61749646323852,-21.952187057904816,109.76093528952407,32.92828058685723,54.880467644762035,-87.80874823161926,10.976093528952408,43.90437411580963
46.300000000000004,87.81898140744364,131.72847211116547,65.86423605558274,21.95474535186091,-43.90949070372182,4.390949070372183,175.6379628148873,-21.95474535186091,109.77372675930455,32.93211802779137,54.886863379652276,-87.81898140744364,10.977372675930456,43.90949070372182
46.400000000000006,87.82885946393648,131.7432891959047,65.87164459795235,21.95721486598412,-43.91442973196824,4.391442973196824,175.65771892787296,-21.95721486598412,109.78607432992061,32.93582229897618,54.893037164960305,-87.82885946393648,10.97860743299206,43.91442973196824
46.5,87.83860852367658,131.75791278551486,65.87895639275743,21.959652130919146,-43.91930426183829,4.391930426183829,175.67721704735317,-21.959652130919146,109.79826065459574,32.939478196378715,54.89913032729787,-87.83860852367658,10.979826065459573,43.91930426183829
46.6,87.84845300951362,131.77267951427044,65.88633975713522,21.962113252378405,-43.92422650475681,4.392422650475681,175.69690601902724,-21.962113252378405,109.81056626189202,32.94316987856761,54.90528313094601,-87.84845300951362,10.981056626189202,43.92422650475681
46.7,87.8585419450705,131.78781291760575,65.89390645880287,21.964635486267625,-43.92927097253525,4.3929270972535255,175.717083890141,-21.964635486267625,109.82317743133812,32.94695322940144,54.91158871566906,-87.8585419450705,10.982317743133812,43.92927097253525
46.800000000000004,87.86901654923317,131.80352482384976,65.90176241192488,21.96725413730829,-43.93450827461658,4.393450827461659,175.73803309846633,-21.96725413730829,109.83627068654145,32.95088120596244,54.91813534327073,-87.86901654923317,10.983627068654146,43.93450827461658
46.900000000000006,87.88007736501642,131.82011604752464,65.91005802376232,21.970019341254105,-43.94003868250821,4.394003868250821,175.76015473003284,-21.970019341254105,109.85009670627052,32.95502901188116,54.92504835313526,-87.88007736501642,10.985009670627052,43.94003868250821
47.0,87.89199721411048,131.83799582116572,65.91899791058286,21.97299930352762,-43.94599860705524,4.394599860705524,175.78399442822095,-21.97299930352762,109.86499651763809,32.95949895529143,54.932498258819045,-87.89199721411048,10.98649965176381,43.94599860705524
47.1,87.90502245337096,131.85753368005643,65.92876684002822,21.97625561334274,-43.95251122668548,4.395251122668548,175.81004490674192,-21.97625561334274,109.8812780667137,32.96438342001411,54.94063903335685,-87.90502245337096,10.98812780667137,43.95251122668548
47.2,87.91934563911408,131.8790184586711,65.93950922933556,21.97983640977852,-43.95967281955704,4.395967281955705,175.83869127822817,-21.97983640977852,109.89918204889261,32.96975461466778,54.949591024446306,-87.91934563911408,10.98991820488926,43.95967281955704
47.300000000000004,87.93513565512518,131.90270348268777,65.95135174134388,21.983783913781295,-43.96756782756259,4.396756782756259,175.87027131025036,-21.983783913781295,109.91891956890647,32.97567587067194,54.95945978445324,-87.93513565512518,10.991891956890647,43.96756782756259
47.400000000000006,87.95249577206886,131.9287436581033,65.96437182905164,21.988123943017214,-43.97624788603443,4.397624788603443,175.90499154413772,-21.988123943017214,109.94061971508607,32.98218591452582,54.970309857543036,-87.95249577206886,10.994061971508607,43.97624788603443
47.5,87.97151836505067,131.957277547576,65.978638773788,21.992879591262668,-43.985759182525335,4.398575918252534,175.94303673010134,-21.992879591262668,109.96439795631333,32.989319386894,54.98219897815667,-87.97151836505067,10.996439795631334,43.985759182525335
47.6,87.9923488144334,131.9885232216501,65.99426161082505,21.99808720360835,-43.9961744072167,4.39961744072167,175.9846976288668,-21.99808720360835,109.99043601804175,32.997130805412525,54.995218009020874,-87.9923488144334,10.999043601804175,43.9961744072167
47.7,88.0151133971117,132.02267009566756,66.01133504783378,22.003778349277926,-44.00755669855585,4.400755669855585,176.0302267942234,-22.003778349277926,110.01889174638963,33.00566752391689,55.009445873194814,-88.0151133971117,11.001889174638963,44.00755669855585
47.800000000000004,88.03985614919671,132.05978422379508,66.02989211189754,22.009964037299177,-44.019928074598354,4.401992807459836,176.07971229839342,-22.009964037299177,110.04982018649588,33.01494605594877,55.02491009324794,-88.03985614919671,11.004982018649589,44.019928074598354
47.900000000000006,88.06662581619956,132.09993872429934,66.04996936214967,22.01665645404989,-44.03331290809978,4.403331290809978,176.13325163239912,-22.01665645404989,110.08328227024946,33.024984681074834,55.04164113512473,-88.06662581619956,11.008328227024945,44.03331290809978
48.0,88.0955453800125,132.14331807001875,66.07165903500938,22.023886345003124,-44.04777269000625,4.404777269000625,176.191090760025,-22.023886345003124,110.11943172501562,33.03582951750469,55.05971586250781,-88.0955453800125,11.011943172501562,44.04777269000625
48.1,88.12675231136114,132.19012846704172,66.09506423352086,22.031688077840286,-44.06337615568057,4.406337615568058,176.2535046227223,-22.031688077840286,110.15844038920143,33.04753211676043,55.079220194600715,-88.12675231136114,11.015844038920143,44.06337615568057
48.2,88.16035447165433,132.2405317074815,66.12026585374075,22.040088617913582,-44.080177235827165,4.4080177235827165,176.32070894330866,-22.040088617913582,110.20044308956791,33.060132926870374,55.100221544783956,-88.16035447165433,11.020044308956791,44.080177235827165
48.300000000000004,88.19648870171109,132.29473305256664,66.14736652628332,22.049122175427772,-44.098244350855545,4.409824435085555,176.39297740342218,-22.049122175427772,110.24561087713886,33.07368326314166,55.12280543856943,-88.19648870171109,11.024561087713886,44.098244350855545
48.400000000000006,88.23527273628476,132.35290910442714,66.17645455221357,22.05881818407119,-44.11763636814238,4.411763636814238,176.4705454725695,-22.05881818407119,110.29409092035594,33.088227276106785,55.14704546017797,-88.23527273628476,11.029409092035594,44.11763636814238
48.5,88.27683104457014,132.41524656685522,66.20762328342761,22.069207761142536,-44.13841552228507,4.413841552228507,176.5536620891403,-22.069207761142536,110.34603880571268,33.103811641713804,55.17301940285634,-88.27683104457014,11.034603880571268,44.13841552228507
48.6,88.32125057769666,132.48187586654498,66.24093793327249,22.080312644424165,-44.16062528884833,4.416062528884833,176.64250115539332,-22.080312644424165,110.40156322212083,33.120468966636246,55.200781611060414,-88.32125057769666,11.040156322212082,44.16062528884833
48.7,88.36863096743375,132.5529464511506,66.2764732255753,22.092157741858436,-44.18431548371687,4.418431548371688,176.7372619348675,-22.092157741858436,110.46078870929219,33.13823661278765,55.230394354646094,-88.36863096743375,11.046078870929218,44.18431548371687
48.800000000000004,88.41905458959134,132.62858188438702,66.31429094219351,22.104763647397835,-44.20952729479567,4.420952729479567,176.83810917918268,-22.104763647397835,110.52381823698917,33.157145471096754,55.261909118494586,-88.41905458959134,11.052381823698918,44.20952729479567
48.900000000000006,88.47256151524101,132.70884227286152,66.35442113643076,22.118140378810253,-44.236280757620506,4.423628075762051,176.94512303048202,-22.118140378810253,110.59070189405126,33.17721056821538,55.29535094702563,-88.47256151524101,11.059070189405126,44.236280757620506
49.0,88.52920900340726,132.7938135051109,66.39690675255545,22.132302250851815,-44.26460450170363,4.426460450170363,177.05841800681452,-22.132302250851815,110.66151125425907,33.198453376277726,55.330755627129534,-88.52920900340726,11.066151125425908,44.26460450170363
49.1,88.58902520112116,132.88353780168174,66.44176890084087,22.14725630028029,-44.29451260056058,4.429451260056058,177.17805040224232,-22.14725630028029,110.73628150140145,33.220884450420435,55.368140750700725,-88.58902520112116,11.073628150140145,44.29451260056058
49.2,88.65196093962876,132.97794140944313,66.48897070472157,22.16299023490719,-44.32598046981438,4.432598046981439,177.30392187925753,-22.16299023490719,110.81495117453596,33.24448535236078,55.40747558726798,-88.65196093962876,11.081495117453596,44.32598046981438
49.300000000000004,88.7179285093468,133.07689276402022,66.53844638201011,22.1794821273367,-44.3589642546734,4.43589642546734,177.4358570186936,-22.1794821273367,110.8974106366835,33.269223191005054,55.44870531834175,-88.7179285093468,11.08974106366835,44.3589642546734
49.400000000000006,88.78686952199806,133.1803042829971,66.59015214149855,22.196717380499514,-44.39343476099903,4.439343476099903,177.5737390439961,-22.196717380499514,110.98358690249756,33.295076070749275,55.49179345124878,-88.78686952199806,11.098358690249757,44.39343476099903
49.5,88.8588323971175,133.28824859567624,66.64412429783812,22.214708099279374,-44.42941619855875,4.442941619855875,177.717664794235,-22.214708099279374,111.07354049639687,33.32206214891906,55.53677024819844,-88.8588323971175,11.107354049639687,44.42941619855875
49.6,88.93393435187826,133.40090152781738,66.70045076390869,22.233483587969566,-44.46696717593913,4.446696717593913,177.86786870375653,-22.233483587969566,111.16741793984784,33.350225381954345,55.58370896992392,-88.93393435187826,11.116741793984783,44.46696717593913
49.7,89.01228089447692,133.51842134171537,66.75921067085768,22.25307022361923,-44.50614044723846,4.450614044723846,178.02456178895383,-22.25307022361923,111.26535111809615,33.37960533542884,55.632675559048074,-89.01228089447692,11.126535111809615,44.50614044723846
49.800000000000004,89.09394396660782,133.64091594991174,66.82045797495587,22.273485991651956,-44.54697198330391,4.454697198330392,178.18788793321565,-22.273485991651956,111.36742995825978,33.410228987477936,55.68371497912989,-89.09394396660782,11.136742995825978,44.54697198330391
49.900000000000006,89.17900102329267,133.768501534939,66.8842507674695,22.294750255823168,-44.589500511646335,4.458950051164634,178.35800204658534,-22.294750255823168,111.47375127911585,33.44212538373475,55.73687563955792,-89.17900102329267,11.147375127911584,44.589500511646335
50.0,89.26747193432973,133.90120790149462,66.95060395074731,22.316867983582434,-44.63373596716487,4.463373596716487,178.53494386865947,-22.316867983582434,111.58433991791216,33.475301975373654,55.79216995895608,-89.26747193432973,11.158433991791217,44.63373596716487
50.1,89.35935576374992,134.03903364562487,67.01951682281243,22.33983894093748,-44.67967788187496,4.467967788187496,178.71871152749983,-22.33983894093748,111.6991947046874,33.50975841140622,55.8495973523437,-89.35935576374992,11.16991947046874,44.67967788187496
50.2,89.45461724311289,134.18192586466932,67.09096293233466,22.363654310778223,-44.727308621556446,4.472730862155645,178.90923448622578,-22.363654310778223,111.81827155389112,33.54548146616733,55.90913577694556,-89.45461724311289,11.181827155389112,44.727308621556446
50.300000000000004,89.55313765215118,134.32970647822677,67.16485323911338,22.388284413037795,-44.77656882607559,4.477656882607559,179.10627530430236,-22.388284413037795,111.94142206518897,33.58242661955669,55.97071103259449,-89.55313765215118,11.194142206518897,44.77656882607559
50.400000000000006,89.65475429698445,134.48213144547668,67.24106572273834,22.413688574246112,-44.827377148492225,4.482737714849223,179.3095085939689,-22.413688574246112,112.06844287123056,33.62053286136917,56.03422143561528,-89.65475429698445,11.206844287123056,44.827377148492225
50.5,89.75930698879759,134.6389604831964,67.3194802415982,22.439826747199398,-44.879653494398795,4.48796534943988,179.51861397759518,-22.439826747199398,112.19913373599698,33.6597401207991,56.09956686799849,-89.75930698879759,11.219913373599699,44.879653494398795
50.6,89.86664751569937,134.79997127354906,67.39998563677453,22.466661878924842,-44.933323757849685,4.493332375784969,179.73329503139874,-22.466661878924842,112.33330939462421,33.699992818387265,56.166654697312104,-89.86664751569937,11.233330939462421,44.933323757849685
50.7,89.97658768946364,134.96488153419546,67.48244076709773,22.49414692236591,-44.98829384473182,4.498829384473182,179.95317537892728,-22.49414692236591,112.47073461182956,33.741220383548864,56.23536730591478,-89.97658768946364,11.247073461182955,44.98829384473182
50.800000000000004,90.08889520411512,135.13334280617266,67.56667140308633,22.52222380102878,-45.04444760205756,4.5044447602057565,180.17779040823024,-22.52222380102878,112.6111190051439,33.783335701543166,56.30555950257195,-90.08889520411512,11.26111190051439,45.04444760205756
50.900000000000006,90.20331456284967,135.30497184427452,67.65248592213726,22.550828640712417,-45.101657281424835,4.510165728142484,180.40662912569934,-22.550828640712417,112.75414320356208,33.82624296106863,56.37707160178104,-90.20331456284967,11.275414320356209,45.101657281424835
51.0,90.31959164322065,135.47938746483098,67.73969373241549,22.579897910805162,-45.159795821610324,4.515979582161033,180.6391832864413,-22.579897910805162,112.8994895540258,33.869846866207745,56.4497447770129,-90.31959164322065,11.289948955402581,45.159795821610324
51.1,90.43745850671559,135.65618776007338,67.82809388003669,22.609364626678897,-45.21872925335779,4.52187292533578,180.87491701343117,-22.609364626678897,113.04682313339448,33.914046940018345,56.52341156669724,-90.43745850671559,11.304682313339448,45.21872925335779
51.2,90.55663257188039,135.83494885782056,67.91747442891028,22.639158142970096,-45.27831628594019,4.527831628594019,181.11326514376077,-22.639158142970096,113.19579071485049,33.95873721445514,56.597895357425244,-90.55663257188039,11.319579071485048,45.27831628594019
51.300000000000004,90.6768225204521,136.01523378067816,68.00761689033908,22.669205630113026,-45.33841126022605,4.5338411260226055,181.3536450409042,-22.669205630113026,113.34602815056513,34.00380844516954,56.673014075282566,-90.6768225204521,11.334602815056513,45.33841126022605
51.400000000000006,90.79768764498623,136.19653146747933,68.09826573373967,22.699421911246557,-45.39884382249311,4.539884382249311,181.59537528997245,-22.699421911246557,113.49710955623279,34.04913286686983,56.74855477811639,-90.79768764498623,11.349710955623278,45.39884382249311
51.5,90.91889322889988,136.3783398433498,68.1891699216749,22.72972330722497,-45.45944661444994,4.545944661444994,181.83778645779975,-22.72972330722497,113.64861653612485,34.09458496083745,56.824308268062424,-90.91889322889988,11.364861653612484,45.45944661444994
51.6,91.04007305554346,136.56010958331518,68.28005479165759,22.760018263885865,-45.52003652777173,4.552003652777173,182.08014611108692,-22.760018263885865,113.80009131942933,34.140027395828795,56.900045659714664,-91.04007305554346,11.380009131942932,45.52003652777173
51.7,91.16085512438136,136.74128268657205,68.37064134328602,22.79021378109534,-45.58042756219068,4.558042756219068,182.3217102487627,-22.79021378109534,113.95106890547669,34.18532067164301,56.975534452738344,-91.16085512438136,11.39510689054767,45.58042756219068
51.800000000000004,91.28085972092529,136.92128958138795,68.46064479069398,22.820214930231323,-45.640429860462646,4.564042986046265,182.56171944185058,-22.820214930231323,114.10107465115661,34.23032239534699,57.050537325578304,-91.28085972092529,11.410107465115662,45.640429860462646
51.900000000000006,91.39970444727285,137.0995566709093,68.54977833545465,22.849926111818213,-45.69985222363643,4.569985222363643,182.7994088945457,-22.849926111818213,114.24963055909106,34.27488916772732,57.12481527954553,-91.39970444727285,11.424963055909107,45.69985222363643
52.0,91.51704918415238,137.27557377622858,68.63778688811429,22.879262296038096,-45.75852459207619,4.57585245920762,183.03409836830477,-22.879262296038096,114.39631148019048,34.318893444057146,57.19815574009524,-91.51704918415238,11.439631148019048,45.75852459207619
52.1,91.63260596009589,137.44890894014384,68.72445447007192,22.90815149002397,-45.81630298004794,4.581630298004795,183.26521192019177,-22.90815149002397,114.54075745011986,34.36222723503596,57.27037872505993,-91.63260596009589,11.454075745011986,45.81630298004794
52.2,91.74622682627236,137.61934023940853,68.80967011970426,22.93655670656809,-45.87311341313618,4.587311341313618,183.49245365254473,-22.93655670656809,114.68278353284046,34.40483505985213,57.34139176642023,-91.74622682627236,11.468278353284045,45.87311341313618
52.300000000000004,91.8578801470274,137.7868202205411,68.89341011027055,22.96447003675685,-45.9289400735137,4.59289400735137,183.7157602940548,-22.96447003675685,114.82235018378425,34.446705055135276,57.411175091892126,-91.8578801470274,11.482235018378425,45.9289400735137
52.400000000000006,91.96762268805877,137.95143403208814,68.97571701604407,22.991905672014692,-45.983811344029384,4.598381134402938,183.93524537611754,-22.991905672014692,114.95952836007346,34.487858508022036,57.47976418003673,-91.96762268805877,11.495952836007346,45.983811344029384
52.5,92.07556606218591,138.11334909327888,69.05667454663944,23.01889151554648,-46.03778303109296,4.603778303109296,184.15113212437183,-23.01889151554648,115.09445757773238,34.52833727331972,57.54722878886619,-92.07556606218591,11.50944575777324,46.03778303109296
52.6,92.18186148149819,138.2727922222473,69.13639611112364,23.045465370374547,-46.090930740749094,4.609093074074909,184.36372296299638,-23.045465370374547,115.22732685187273,34.56819805556182,57.613663425936366,-92.18186148149819,11.522732685187274,46.090930740749094
52.7,92.2866971640476,138.4300457460714,69.2150228730357,23.0716742910119,-46.1433485820238,4.61433485820238,184.5733943280952,-23.0716742910119,115.3583714550595,34.60751143651785,57.67918572752975,-92.2866971640476,11.53583714550595,46.1433485820238
52.800000000000004,92.39020753016575,138.58531129524863,69.29265564762431,23.09755188254144,-46.19510376508288,4.619510376508288,184.7804150603315,-23.09755188254144,115.48775941270719,34.64632782381216,57.743879706353596,-92.39020753016575,11.54877594127072,46.19510376508288
52.900000000000006,92.49250027710148,138.73875041565222,69.36937520782611,23.12312506927537,-46.24625013855074,4.624625013855074,184.98500055420297,-23.12312506927537,115.61562534637686,34.684687603913055,57.80781267318843,-92.49250027710148,11.561562534637686,46.24625013855074
53.0,92.5937064849002,138.8905597273503,69.44527986367515,23.14842662122505,-46.2968532424501,4.62968532424501,185.1874129698004,-23.14842662122505,115.74213310612524,34.72263993183758,57.87106655306262,-92.5937064849002,11.574213310612524,46.2968532424501
53.1,92.6939842683191,139.04097640247863,69.52048820123932,23.173496067079775,-46.34699213415955,4.6346992134159555,185.3879685366382,-23.173496067079775,115.86748033539888,34.76024410061966,57.93374016769944,-92.6939842683191,11.586748033539887,46.34699213415955
53.2,92.79348848491074,139.1902327273661,69.59511636368305,23.198372121227685,-46.39674424245537,4.639674424245537,185.58697696982148,-23.198372121227685,115.99186060613843,34.797558181841524,57.995930303069215,-92.79348848491074,11.599186060613842,46.39674424245537
53.300000000000004,92.8923415878795,139.33851238181924,69.66925619090962,23.223085396969875,-46.44617079393975,4.644617079393975,185.784683175759,-23.223085396969875,116.11542698484938,34.83462809545481,58.05771349242469,-92.8923415878795,11.611542698484937,46.44617079393975
53.400000000000006,92.99066597162138,139.48599895743206,69.74299947871603,23.247666492905346,-46.49533298581069,4.649533298581069,185.98133194324276,-23.247666492905346,116.23833246452674,34.871499739358015,58.11916623226337,-92.99066597162138,11.623833246452673,46.49533298581069
53.5,93.08852238824198,139.63278358236298,69.81639179118149,23.272130597060496,-46.54426119412099,4.6544261194121,186.17704477648397,-23.272130597060496,116.36065298530248,34.908195895590744,58.18032649265124,-93.08852238824198,11.636065298530248,46.54426119412099
53.6,93.1859281457132,139.7788922185698,69.8894461092849,23.2964820364283,-46.5929640728566,4.659296407285661,186.3718562914264,-23.2964820364283,116.4824101821415,34.94472305464245,58.24120509107075,-93.1859281457132,11.64824101821415,46.5929640728566
53.7,93.28297325859636,139.92445988789453,69.96222994394726,23.32074331464909,-46.64148662929818,4.664148662929818,186.5659465171927,-23.32074331464909,116.60371657324545,34.98111497197363,58.301858286622725,-93.28297325859636,11.660371657324545,46.64148662929818
53.800000000000004,93.37971266365747,140.0695689954862,70.0347844977431,23.344928165914368,-46.689856331828736,4.668985633182873,186.75942532731494,-23.344928165914368,116.72464082957184,35.01739224887155,58.36232041478592,-93.37971266365747,11.672464082957184,46.689856331828736
53.900000000000006,93.47608408554397,140.21412612831597,70.10706306415798,23.369021021385993,-46.73804204277199,4.673804204277199,186.95216817108795,-23.369021021385993,116.84510510692996,35.05353153207899,58.42255255346498,-93.47608408554397,11.684510510692997,46.73804204277199
54.0,93.57195749457556,140.35793624186334,70.17896812093167,23.39298937364389,-46.78597874728778,4.678597874728778,187.1439149891511,-23.39298937364389,116.96494686821944,35.089484060465836,58.48247343410972,-93.57195749457556,11.696494686821945,46.78597874728778
54.1,93.66723397706697,140.50085096560045,70.25042548280022,23.416808494266743,-46.833616988533485,4.683361698853349,187.33446795413394,-23.416808494266743,117.08404247133372,35.12521274140011,58.54202123566686,-93.66723397706697,11.708404247133371,46.833616988533485
54.2,93.76179134107018,140.64268701160526,70.32134350580263,23.440447835267545,-46.88089567053509,4.688089567053509,187.52358268214036,-23.440447835267545,117.20223917633773,35.160671752901315,58.601119588168864,-93.76179134107018,11.720223917633772,46.88089567053509
54.300000000000004,93.85552882316782,140.78329323475174,70.39164661737587,23.463882205791954,-46.92776441158391,4.692776441158391,187.71105764633563,-23.463882205791954,117.31941102895976,35.195823308687935,58.65970551447988,-93.85552882316782,11.731941102895977,46.92776441158391
54.400000000000006,93.94840376832876,140.92260565249313,70.46130282624657,23.48710094208219,-46.97420188416438,4.697420188416438,187.89680753665752,-23.48710094208219,117.43550471041095,35.23065141312328,58.71775235520548,-93.94840376832876,11.743550471041095,46.97420188416438
54.5,94.04034253104612,141.06051379656918,70.53025689828459,23.51008563276153,-47.02017126552306,4.702017126552306,188.08068506209224,-23.51008563276153,117.55042816380765,35.265128449142296,58.775214081903826,-94.04034253104612,11.755042816380765,47.02017126552306
54.6,94.13126224297638,141.19689336446456,70.59844668223228,23.532815560744094,-47.06563112148819,4.706563112148819,188.26252448595275,-23.532815560744094,117.66407780372047,35.29922334111614,58.83203890186024,-94.13126224297638,11.766407780372047,47.06563112148819
54.7,94.22112605060151,141.33168907590226,70.66584453795113,23.555281512650378,-47.110563025300756,4.711056302530076,188.44225210120302,-23.555281512650378,117.7764075632519,35.332922268975565,58.88820378162595,-94.22112605060151,11.777640756325189,47.110563025300756
54.800000000000004,94.30988369550484,141.46482554325726,70.73241277162863,23.57747092387621,-47.15494184775242,4.715494184775242,188.61976739100967,-23.57747092387621,117.88735461938104,35.366206385814316,58.94367730969052,-94.30988369550484,11.788735461938105,47.15494184775242
54.900000000000006,94.39747157702303,141.59620736553455,70.79810368276728,23.599367894255757,-47.19873578851151,4.719873578851152,188.79494315404605,-23.599367894255757,117.99683947127878,35.39905184138364,58.99841973563939,-94.39747157702303,11.799683947127878,47.19873578851151
55.0,94.48384250713782,141.72576376070674,70.86288188035337,23.620960626784456,-47.24192125356891,4.7241921253568915,188.96768501427565,-23.620960626784456,118.10480313392227,35.431440940176685,59.05240156696114,-94.48384250713782,11.810480313392228,47.24192125356891
55.1,94.56901247463617,141.85351871195425,70.92675935597713,23.642253118659042,-47.284506237318084,4.728450623731809,189.13802494927234,-23.642253118659042,118.21126559329521,35.46337967798856,59.105632796647605,-94.56901247463617,11.821126559329521,47.284506237318084
55.2,94.65300544769437,141.97950817154157,70.98975408577078,23.663251361923592,-47.326502723847184,4.732650272384719,189.30601089538874,-23.663251361923592,118.31625680961795,35.49487704288539,59.15812840480898,-94.65300544769437,11.831625680961796,47.326502723847184
55.300000000000004,94.73592790635288,142.1038918595293,71.05194592976466,23.68398197658822,-47.36796395317644,4.736796395317644,189.47185581270577,-23.68398197658822,118.41990988294111,35.52597296488233,59.209954941470556,-94.73592790635288,11.84199098829411,47.36796395317644
55.400000000000006,94.81796567177186,142.2269485076578,71.1134742538289,23.704491417942965,-47.40898283588593,4.740898283588593,189.63593134354372,-23.704491417942965,118.52245708971482,35.55673712691445,59.26122854485741,-94.81796567177186,11.852245708971482,47.40898283588593
55.5,94.89926080865663,142.34889121298494,71.17444560649247,23.72481520216416,-47.44963040432832,4.744963040432832,189.79852161731327,-23.72481520216416,118.6240760108208,35.587222803246235,59.3120380054104,-94.89926080865663,11.86240760108208,47.44963040432832
55.6,94.9799410678594,142.4699116017891,71.23495580089455,23.74498526696485,-47.4899705339297,4.74899705339297,189.9598821357188,-23.74498526696485,118.72492633482425,35.61747790044728,59.36246316741212,-94.9799410678594,11.872492633482425,47.4899705339297
55.7,95.06020346549549,142.59030519824324,71.29515259912162,23.765050866373873,-47.530101732747745,4.753010173274775,190.12040693099098,-23.765050866373873,118.82525433186936,35.64757629956081,59.41262716593468,-95.06020346549549,11.882525433186936,47.530101732747745
55.800000000000004,95.14022681791226,142.7103402268684,71.3551701134342,23.785056704478066,-47.57011340895613,4.757011340895613,190.28045363582453,-23.785056704478066,118.92528352239033,35.6775850567171,59.462641761195165,-95.14022681791226,11.892528352239033,47.57011340895613
55.900000000000006,95.2201299975263,142.83019499628944,71.41509749814472,23.805032499381575,-47.61006499876315,4.7610064998763155,190.4402599950526,-23.805032499381575,119.02516249690788,35.70754874907236,59.51258124845394,-95.2201299975263,11.902516249690787,47.61006499876315
56.0,95.30004841014535,142.95007261521803,71.47503630760902,23.825012102536338,-47.650024205072675,4.765002420507268,190.6000968202907,-23.825012102536338,119.12506051268169,35.73751815380451,59.56253025634084,-95.30004841014535,11.912506051268169,47.650024205072675
56.1,95.38012738341061,143.07019107511593,71.53509553755796,23.845031845852652,-47.690063691705305,4.769006369170531,190.76025476682122,-23.845031845852652,119.22515922926326,35.76754776877898,59.61257961463163,-95.38012738341061,11.922515922926326,47.690063691705305
56.2,95.46052054185853,143.1907808127878,71.5953904063939,23.865130135464632,-47.730260270929264,4.773026027092927,190.92104108371706,-23.865130135464632,119.32565067732315,35.79769520319695,59.66282533866158,-95.46052054185853,11.932565067732316,47.730260270929264
56.300000000000004,95.54139354273552,143.31209031410327,71.65604515705164,23.88534838568388,-47.77069677136776,4.777069677136776,191.08278708547104,-23.88534838568388,119.4267419284194,35.82802257852582,59.7133709642097,-95.54139354273552,11.94267419284194,47.77069677136776
56.400000000000006,95.62292954030076,143.43439431045113,71.71719715522556,23.90573238507519,-47.81146477015038,4.781146477015038,191.24585908060152,-23.90573238507519,119.52866192537596,35.85859857761278,59.76433096268798,-95.62292954030076,11.952866192537595,47.81146477015038
56.5,95.70531143746092,143.55796715619138,71.77898357809569,23.92632785936523,-47.85265571873046,4.785265571873047,191.41062287492184,-23.92632785936523,119.63163929682615,35.889491789047845,59.815819648413076,-95.70531143746092,11.963163929682615,47.85265571873046
56.6,95.7887166561243,143.68307498418645,71.84153749209322,23.947179164031073,-47.89435832806215,4.789435832806215,191.5774333122486,-23.947179164031073,119.73589582015536,35.92076874604661,59.86794791007768,-95.7887166561243,11.973589582015537,47.89435832806215
56.7,95.87334587945458,143.81001881918186,71.90500940959093,23.968336469863644,-47.93667293972729,4.793667293972729,191.74669175890915,-23.968336469863644,119.84168234931822,35.952504704795466,59.92084117465911,-95.87334587945458,11.984168234931822,47.93667293972729
56.800000000000004,95.95944760968794,143.93917141453193,71.96958570726596,23.989861902421985,-47.97972380484397,4.7979723804843974,191.91889521937588,-23.989861902421985,119.94930951210992,35.98479285363298,59.97465475605496,-95.95944760968794,11.994930951210993,47.97972380484397
56.900000000000006,96.04720918268139,144.07081377402207,72.03540688701104,24.011802295670346,-48.02360459134069,4.80236045913407,192.09441836536277,-24.011802295670346,120.05901147835174,36.01770344350552,60.02950573917587,-96.04720918268139,12.005901147835173,48.02360459134069
57.0,96.13670416402563,144.20505624603845,72.10252812301923,24.034176041006408,-48.068352082012815,4.8068352082012815,192.27340832805126,-24.034176041006408,120.17088020503203,36.05126406150961,60.08544010251602,-96.13670416402563,12.017088020503204,48.068352082012815
57.1,96.22796984692036,144.34195477038054,72.17097738519027,24.05699246173009,-48.11398492346018,4.811398492346019,192.45593969384072,-24.05699246173009,120.28496230865045,36.085488692595135,60.142481154325225,-96.22796984692036,12.028496230865045,48.11398492346018
57.2,96.32095577454133,144.481433661812,72.240716830906,24.080238943635333,-48.160477887270666,4.816047788727067,192.64191154908266,-24.080238943635333,120.40119471817667,36.120358415453,60.200597359088334,-96.32095577454133,12.040119471817667,48.160477887270666
57.300000000000004,96.41550411156766,144.62325616735149,72.31162808367574,24.103876027891914,-48.20775205578383,4.820775205578383,192.8310082231353,-24.103876027891914,120.51938013945957,36.15581404183787,60.259690069729785,-96.41550411156766,12.051938013945957,48.20775205578383
57.400000000000006,96.5113809837296,144.76707147559438,72.38353573779719,24.1278452459324,-48.2556904918648,4.82556904918648,193.0227619674592,-24.1278452459324,120.639226229662,36.191767868898594,60.319613114831,-96.5113809837296,12.0639226229662,48.2556904918648
57.5,96.6082903983436,144.9124355975154,72.4562177987577,24.1520725995859,-48.3041451991718,4.830414519917181,193.2165807966872,-24.1520725995859,120.76036299792949,36.22810889937885,60.380181498964745,-96.6082903983436,12.07603629979295,48.3041451991718
57.6,96.70590603066142,145.05885904599214,72.52942952299607,24.176476507665356,-48.35295301533071,4.835295301533072,193.41181206132285,-24.176476507665356,120.88238253832678,36.264714761498034,60.44119126916339,-96.70590603066142,12.088238253832678,48.35295301533071
57.7,96.80390027707263,145.20585041560895,72.60292520780447,24.200975069268157,-48.401950138536314,4.840195013853632,193.60780055414526,-24.200975069268157,121.00487534634078,36.30146260390224,60.50243767317039,-96.80390027707263,12.100487534634079,48.401950138536314
57.800000000000004,96.90201141197386,145.3530171179608,72.6765085589804,24.225502852993465,-48.45100570598693,4.845100570598693,193.80402282394772,-24.225502852993465,121.12751426496732,36.3382542794902,60.56375713248366,-96.90201141197386,12.112751426496732,48.45100570598693
57.900000000000006,97.00005199685918,145.5000779952888,72.7500389976444,24.250012999214796,-48.50002599842959,4.850002599842959,194.00010399371837,-24.250012999214796,121.25006499607397,36.3750194988222,60.62503249803699,-97.00005199685918,12.125006499607398,48.50002599842959
58.0,97.0979038481457,145.64685577221854,72.82342788610927,24.274475962036426,-48.54895192407285,4.854895192407286,194.1958076962914,-24.274475962036426,121.37237981018214,36.411713943054636,60.68618990509107,-97.0979038481457,12.137237981018213,48.54895192407285
58.1,97.19555829687025,145.79333744530538,72.89666872265269,24.29888957421756,-48.59777914843512,4.859777914843512,194.3911165937405,-24.29888957421756,121.4944478710878,36.448334361326346,60.7472239355439,-97.19555829687025,12.14944478710878,48.59777914843512
58.2,97.29306290854458,145.93959436281688,72.96979718140844,24.323265727136146,-48.64653145427229,4.86465314542723,194.58612581708917,-24.323265727136146,121.61632863568073,36.48489859070422,60.808164317840365,-97.29306290854458,12.161632863568073,48.64653145427229
58.300000000000004,97.39046603030586,146.0856990454588,73.0428495227294,24.347616507576465,-48.69523301515293,4.869523301515294,194.78093206061172,-24.347616507576465,121.73808253788232,36.5214247613647,60.86904126894116,-97.39046603030586,12.173808253788232,48.69523301515293
58.400000000000006,97.4877128039665,146.23156920594977,73.11578460297488,24.371928200991626,-48.74385640198325,4.874385640198326,194.975425607933,-24.371928200991626,121.85964100495812,36.55789230148744,60.92982050247906,-97.4877128039665,12.185964100495813,48.74385640198325
58.5,97.58471855001113,146.3770778250167,73.18853891250835,24.396179637502783,-48.792359275005566,4.879235927500557,195.16943710002226,-24.396179637502783,121.98089818751392,36.594269456254175,60.99044909375696,-97.58471855001113,12.198089818751392,48.792359275005566
58.6,97.68145876463133,146.522188146947,73.2610940734735,24.420364691157832,-48.840729382315665,4.884072938231567,195.36291752926266,-24.420364691157832,122.10182345578916,36.63054703673675,61.05091172789458,-97.68145876463133,12.210182345578916,48.840729382315665
58.7,97.77784696326428,146.66677044489643,73.33338522244821,24.44446174081607,-48.88892348163214,4.888892348163214,195.55569392652856,-24.44446174081607,122.22230870408035,36.66669261122411,61.111154352040174,-97.77784696326428,12.222230870408035,48.88892348163214
58.800000000000004,97.87378472082673,146.8106770812401,73.40533854062005,24.468446180206683,-48.93689236041337,4.893689236041337,195.74756944165347,-24.468446180206683,122.34223090103342,36.702669270310025,61.17111545051671,-97.87378472082673,12.234223090103342,48.93689236041337
58.900000000000006,97.96924623999713,146.9538693599957,73.47693467999785,24.492311559999283,-48.98462311999857,4.898462311999857,195.93849247999427,-24.492311559999283,122.46155779999641,36.73846733999893,61.23077889999821,-97.96924623999713,12.246155779999642,48.98462311999857
59.0,98.06421188893825,147.09631783340737,73.54815891670368,24.51605297223456,-49.03210594446912,4.903210594446913,196.1284237778765,-24.51605297223456,122.58026486117281,36.77407945835184,61.290132430586404,-98.06421188893825,12.25802648611728,49.03210594446912
59.1,98.15862823263069,147.23794234894604,73.61897117447302,24.539657058157673,-49.079314116315345,4.907931411631535,196.31725646526138,-24.539657058157673,122.69828529078836,36.80948558723651,61.34914264539418,-98.15862823263069,12.269828529078836,49.079314116315345
59.2,98.25242391322008,147.37863586983013,73.68931793491507,24.56310597830502,-49.12621195661004,4.912621195661004,196.50484782644017,-24.56310597830502,122.8155298915251,36.84465896745753,61.40776494576255,-98.25242391322008,12.28155298915251,49.12621195661004
59.300000000000004,98.34555694189294,147.5183354128394,73.7591677064197,24.586389235473234,-49.17277847094647,4.917277847094647,196.69111388378587,-24.586389235473234,122.93194617736617,36.87958385320985,61.465973088683086,-98.34555694189294,12.293194617736617,49.17277847094647
59.400000000000006,98.43795692981811,147.65693539472716,73.82846769736358,24.60948923245453,-49.21897846490906,4.921897846490906,196.87591385963623,-24.60948923245453,123.04744616227265,36.91423384868179,61.523723081136325,-98.43795692981811,12.304744616227264,49.21897846490906
59.5,98.52957039289257,147.79435558933886,73.89717779466943,24.63239259822314,-49.26478519644628,4.926478519644629,197.05914078578513,-24.63239259822314,123.1619629911157,36.948588897334716,61.58098149555785,-98.52957039289257,12.31619629911157,49.26478519644628
59.6,98.62035119981009,147.93052679971512,73.96526339985756,24.655087799952522,-49.310175599905044,4.931017559990504,197.24070239962018,-24.655087799952522,123.27543899976261,36.98263169992878,61.63771949988131,-98.62035119981009,12.327543899976261,49.310175599905044
59.7,98.71022430753995,148.06533646130993,74.03266823065496,24.677556076884986,-49.35511215376997,4.935511215376998,197.4204486150799,-24.677556076884986,123.38778038442493,37.01633411532748,61.693890192212464,-98.71022430753995,12.338778038442493,49.35511215376997
59.800000000000004,98.79913477389196,148.19870216083794,74.09935108041897,24.69978369347299,-49.39956738694598,4.939956738694598,197.59826954778393,-24.69978369347299,123.49891846736496,37.049675540209485,61.74945923368248,-98.79913477389196,12.349891846736496,49.39956738694598
59.900000000000006,98.88705441829822,148.33058162744732,74.16529081372366,24.721763604574555,-49.44352720914911,4.944352720914911,197.77410883659644,-24.721763604574555,123.60881802287278,37.08264540686183,61.80440901143639,-98.88705441829822,12.360881802287278,49.44352720914911
60.0,98.97402786656212,148.4610417998432,74.2305208999216,24.74350696664053,-49.48701393328106,4.948701393328107,197.94805573312425,-24.74350696664053,123.71753483320265,37.1152604499608,61.858767416601324,-98.97402786656212,12.371753483320266,49.48701393328106
60.1,99.06013265101332,148.59019897651999,74.29509948825999,24.76503316275333,-49.53006632550666,4.953006632550666,198.12026530202664,-24.76503316275333,123.82516581376665,37.147549744129996,61.91258290688332,-99.06013265101332,12.382516581376665,49.53006632550666
60.2,99.14539846354576,148.71809769531865,74.35904884765932,24.78634961588644,-49.57269923177288,4.9572699231772885,198.29079692709152,-24.78634961588644,123.9317480794322,37.17952442382966,61.9658740397161,-99.14539846354576,12.39317480794322,49.57269923177288
60.300000000000004,99.22985115126737,148.84477672690105,74.42238836345052,24.807462787816842,-49.614925575633684,4.961492557563369,198.45970230253474,-24.807462787816842,124.03731393908421,37.21119418172526,62.01865696954211,-99.22985115126737,12.403731393908421,49.614925575633684
60.400000000000006,99.31348162722429,148.97022244083644,74.48511122041822,24.828370406806073,-49.656740813612146,4.965674081361215,198.62696325444858,-24.828370406806073,124.14185203403036,37.24255561020911,62.07092601701518,-99.31348162722429,12.414185203403036,49.656740813612146
60.5,99.39626009962953,149.09439014944428,74.54719507472214,24.849065024907382,-49.698130049814765,4.969813004981477,198.79252019925906,-24.849065024907382,124.24532512453692,37.27359753736107,62.12266256226846,-99.39626009962953,12.424532512453691,49.698130049814765
60.6,99.4782013270302,149.2173019905453,74.60865099527265,24.86955033175755,-49.7391006635151,4.973910066351511,198.9564026540604,-24.86955033175755,124.34775165878776,37.30432549763633,62.17387582939388,-99.4782013270302,12.434775165878776,49.7391006635151
60.7,99.55934198457821,149.3390129768673,74.66950648843365,24.889835496144553,-49.779670992289105,4.977967099228911,199.11868396915642,-24.889835496144553,124.44917748072277,37.33475324421683,62.22458874036138,-99.55934198457821,12.444917748072276,49.779670992289105
60.800000000000004,99.63968918821794,149.4595337823269,74.72976689116345,24.909922297054486,-49.81984459410897,4.9819844594108975,199.2793783764359,-24.909922297054486,124.54961148527244,37.364883445581725,62.27480574263622,-99.63968918821794,12.454961148527243,49.81984459410897
60.900000000000006,99.71921095667611,149.57881643501418,74.78940821750709,24.929802739169027,-49.859605478338054,4.985960547833805,199.43842191335222,-24.929802739169027,124.64901369584513,37.394704108753544,62.324506847922564,-99.71921095667611,12.464901369584513,49.859605478338054
61.0,99.7978159991006,149.6967239986509,74.84836199932545,24.94945399977515,-49.8989079995503,4.989890799955031,199.5956319982012,-24.94945399977515,124.74726999887577,37.424180999662724,62.37363499943788,-99.7978159991006,12.474726999887576,49.8989079995503
61.1,99.87541788352644,149.81312682528966,74.90656341264483,24.96885447088161,-49.93770894176322,4.993770894176322,199.75083576705288,-24.96885447088161,124.84427235440805,37.453281706322414,62.422136177204024,-99.87541788352644,12.484427235440805,49.93770894176322
61.2,99.95197026103087,149.9279553915463,74.96397769577315,24.987992565257716,-49.97598513051543,4.9975985130515435,199.90394052206173,-24.987992565257716,124.93996282628858,37.481988847886576,62.46998141314429,-99.95197026103087,12.493996282628858,49.97598513051543
61.300000000000004,100.02740160330626,150.0411024049594,75.0205512024797,25.006850400826565,-50.01370080165313,5.001370080165313,200.05480320661252,-25.006850400826565,125.03425200413282,37.51027560123985,62.51712600206641,-100.02740160330626,12.503425200413282,50.01370080165313
61.400000000000006,100.10164042464089,150.15246063696134,75.07623031848067,25.025410106160223,-50.050820212320446,5.005082021232045,200.20328084928178,-25.025410106160223,125.12705053080111,37.538115159240334,62.56352526540056,-100.10164042464089,12.512705053080111,50.050820212320446
61.5,100.17464718625702,150.26197077938554,75.13098538969277,25.043661796564255,-50.08732359312851,5.008732359312852,200.34929437251404,-25.043661796564255,125.21830898282127,37.565492694846384,62.609154491410635,-100.17464718625702,12.521830898282127,50.08732359312851
61.6,100.246379638733,150.3695694580995,75.18478472904975,25.06159490968325,-50.1231898193665,5.012318981936651,200.492759277466,-25.06159490968325,125.30797454841625,37.592392364524876,62.65398727420813,-100.246379638733,12.530797454841625,50.1231898193665
61.7,100.316720475962,150.475080713943,75.2375403569715,25.0791801189905,-50.158360237981,5.015836023798101,200.633440951924,-25.0791801189905,125.39590059495251,37.61877017848575,62.697950297476254,-100.316720475962,12.53959005949525,50.158360237981
61.800000000000004,100.38551939248269,150.57827908872403,75.28913954436202,25.096379848120673,-50.192759696241346,5.019275969624135,200.77103878496538,-25.096379848120673,125.48189924060337,37.64456977218101,62.740949620301684,-100.38551939248269,12.548189924060337,50.192759696241346
61.900000000000006,100.45261977380358,150.67892966070536,75.33946483035268,25.113154943450894,-50.22630988690179,5.022630988690179,200.90523954760715,-25.113154943450894,125.56577471725447,37.66973241517634,62.782887358627235,-100.45261977380358,12.556577471725447,50.22630988690179
62.0,100.51791615637991,150.77687423456987,75.38843711728494,25.129479039094978,-50.258958078189956,5.025895807818996,201.03583231275982,-25.129479039094978,125.64739519547489,37.69421855864247,62.82369759773744,-100.51791615637991,12.564739519547489,50.258958078189956
62.1,100.5813340859152,150.8720011288728,75.4360005644364,25.1453335214788,-50.2906670429576,5.029066704295761,201.1626681718304,-25.1453335214788,125.726667607394,37.7180002822182,62.863333803697,-100.5813340859152,12.5726667607394,50.2906670429576
62.2,100.64281468463281,150.96422202694922,75.48211101347461,25.160703671158203,-50.321407342316405,5.032140734231641,201.28562936926562,-25.160703671158203,125.80351835579101,37.741055506737304,62.90175917789551,-100.64281468463281,12.580351835579101,50.321407342316405
62.300000000000004,100.70233952612352,151.05350928918529,75.52675464459264,25.17558488153088,-50.35116976306176,5.035116976306177,201.40467905224705,-25.17558488153088,125.8779244076544,37.76337732229632,62.9389622038272,-100.70233952612352,12.58779244076544,50.35116976306176
62.400000000000006,100.75995204146739,151.13992806220108,75.56996403110054,25.189988010366847,-50.37997602073369,5.03799760207337,201.51990408293477,-25.189988010366847,125.94994005183423,37.78498201555027,62.974970025917116,-100.75995204146739,12.594994005183423,50.37997602073369
62.5,100.81575205927946,151.22362808891918,75.61181404445959,25.203938014819865,-50.40787602963973,5.040787602963974,201.63150411855892,-25.203938014819865,126.01969007409933,37.805907022229796,63.009845037049665,-100.81575205927946,12.601969007409933,50.40787602963973
62.6,100.8698032513839,151.30470487707584,75.65235243853792,25.217450812845975,-50.43490162569195,5.043490162569196,201.7396065027678,-25.217450812845975,126.08725406422988,37.82617621926896,63.04362703211494,-100.8698032513839,12.608725406422987,50.43490162569195
62.7,100.92213842885434,151.3832076432815,75.69160382164075,25.230534607213585,-50.46106921442717,5.046106921442718,201.84427685770868,-25.230534607213585,126.15267303606792,37.84580191082038,63.07633651803396,-100.92213842885434,12.615267303606792,50.46106921442717
62.800000000000004,100.97284223394743,151.45926335092116,75.72963167546058,25.243210558486858,-50.486421116973716,5.048642111697372,201.94568446789486,-25.243210558486858,126.21605279243428,37.86481583773029,63.10802639621714,-100.97284223394743,12.621605279243429,50.486421116973716
62.900000000000006,101.02201118519702,151.53301677779552,75.76650838889776,25.255502796299254,-50.51100559259851,5.051100559259851,202.04402237039403,-25.255502796299254,126.27751398149627,37.88325419444888,63.138756990748135,-101.02201118519702,12.627751398149627,50.51100559259851
63.0,101.06979407571197,151.60469111356795,75.80234555678398,25.267448518927992,-50.534897037855984,5.053489703785599,202.13958815142394,-25.267448518927992,126.33724259463996,37.90117277839199,63.16862129731998,-101.06979407571197,12.633724259463996,50.534897037855984
63.1,101.11647866797888,151.67471800196833,75.83735900098416,25.27911966699472,-50.55823933398944,5.055823933398944,202.23295733595776,-25.27911966699472,126.3955983349736,37.91867950049208,63.1977991674868,-101.11647866797888,12.63955983349736,50.55823933398944
63.2,101.16233813283037,151.74350719924556,75.87175359962278,25.290584533207593,-50.581169066415185,5.058116906641519,202.32467626566074,-25.290584533207593,126.45292266603796,37.93587679981139,63.22646133301898,-101.16233813283037,12.645292266603796,50.581169066415185
63.300000000000004,101.20765152008482,151.81147728012724,75.90573864006362,25.301912880021206,-50.60382576004241,5.060382576004241,202.41530304016965,-25.301912880021206,126.50956440010603,37.95286932003181,63.254782200053015,-101.20765152008482,12.650956440010603,50.60382576004241
63.400000000000006,101.25271146882231,151.87906720323346,75.93953360161673,25.313177867205578,-50.626355734411156,5.062635573441116,202.50542293764462,-25.313177867205578,126.5658893360279,37.969766800808365,63.28294466801395,-101.25271146882231,12.656588933602789,50.626355734411156
63.5,101.29782776530088,151.9467416479513,75.97337082397566,25.32445694132522,-50.64891388265044,5.064891388265044,202.59565553060176,-25.32445694132522,126.6222847066261,37.98668541198783,63.31114235331305,-101.29782776530088,12.66222847066261,50.64891388265044
63.6,101.34336883136778,152.01505324705167,76.00752662352583,25.335842207841946,-50.67168441568389,5.0671684415683895,202.68673766273557,-25.335842207841946,126.67921103920973,38.00376331176292,63.339605519604866,-101.34336883136778,12.667921103920973,50.67168441568389
63.7,101.3897419336379,152.08461290045685,76.04230645022842,25.347435483409473,-50.69487096681895,5.069487096681895,202.7794838672758,-25.347435483409473,126.73717741704736,38.02115322511421,63.36858870852368,-101.3897419336379,12.673717741704737,50.69487096681895
63.800000000000004,101.43732316593082,152.15598474889623,76.07799237444812,25.359330791482705,-50.71866158296541,5.071866158296541,202.87464633186164,-25.359330791482705,126.79665395741353,38.03899618722406,63.39832697870676,-101.43732316593082,12.679665395741353,50.71866158296541
63.900000000000006,101.4863927468289,152.22958912024336,76.11479456012168,25.371598186707224,-50.74319637341445,5.074319637341445,202.9727854936578,-25.371598186707224,126.85799093353612,38.05739728006084,63.42899546676806,-101.4863927468289,12.685799093353612,50.74319637341445
64.0,101.53719533330303,152.30579299995455,76.15289649997727,25.384298833325758,-50.768597666651516,5.076859766665152,203.07439066660606,-25.384298833325758,126.92149416662879,38.07644824998864,63.460747083314395,-101.53719533330303,12.692149416662879,50.768597666651516
64.10000000000001,101.58995656530398,152.38493484795598,76.19246742397799,25.397489141325995,-50.79497828265199,5.0794978282651995,203.17991313060796,-25.397489141325995,126.98744570662997,38.096233711988994,63.493722853314985,-101.58995656530398,12.698744570662997,50.79497828265199
64.2,101.64483240431568,152.4672486064735,76.23362430323675,25.41120810107892,-50.82241620215784,5.082241620215784,203.28966480863136,-25.41120810107892,127.0560405053946,38.116812151618376,63.5280202526973,-101.64483240431568,12.70560405053946,50.82241620215784
64.3,101.70195562933515,152.55293344400272,76.27646672200136,25.425488907333786,-50.85097781466757,5.085097781466757,203.4039112586703,-25.425488907333786,127.12744453666893,38.13823336100068,63.563722268334466,-101.70195562933515,12.712744453666893,50.85097781466757
64.4,101.76154680844668,152.64232021267003,76.32116010633501,25.44038670211167,-50.88077340422334,5.088077340422334,203.52309361689336,-25.44038670211167,127.20193351055835,38.16058005316751,63.600966755279174,-101.76154680844668,12.720193351055835,50.88077340422334
64.5,101.82389689292984,152.73584533939476,76.36792266969738,25.45597422323246,-50.91194844646492,5.091194844646492,203.64779378585968,-25.45597422323246,127.2798711161623,38.18396133484869,63.63993555808115,-101.82389689292984,12.72798711161623,50.91194844646492
64.60000000000001,101.88926198630854,152.8338929794628,76.4169464897314,25.472315496577135,-50.94463099315427,5.094463099315427,203.77852397261708,-25.472315496577135,127.36157748288568,38.2084732448657,63.68078874144284,-101.88926198630854,12.736157748288568,50.94463099315427
64.7,101.95786001798066,152.93679002697098,76.46839501348549,25.489465004495166,-50.97893000899033,5.097893000899034,203.91572003596133,-25.489465004495166,127.44732502247584,38.234197506742746,63.72366251123792,-101.95786001798066,12.744732502247583,50.97893000899033
64.8,102.0298717715977,153.04480765739655,76.52240382869827,25.507467942899424,-51.01493588579885,5.101493588579885,204.0597435431954,-25.507467942899424,127.53733971449712,38.26120191434914,63.76866985724856,-102.0298717715977,12.753733971449712,51.01493588579885
64.9,102.10545838797886,153.1581875819683,76.57909379098415,25.526364596994714,-51.05272919398943,5.105272919398943,204.2109167759577,-25.526364596994714,127.63182298497357,38.28954689549207,63.815911492486784,-102.10545838797886,12.763182298497357,51.05272919398943
65.0,102.18472285094086,153.2770842764113,76.63854213820565,25.546180712735215,-51.09236142547043,5.109236142547044,204.36944570188172,-25.546180712735215,127.73090356367607,38.319271069102825,63.86545178183803,-102.18472285094086,12.773090356367607,51.09236142547043
65.10000000000001,102.26772791233488,153.40159186850232,76.70079593425116,25.56693197808372,-51.13386395616744,5.113386395616744,204.53545582466975,-25.56693197808372,127.83465989041859,38.35039796712558,63.917329945209296,-102.26772791233488,12.78346598904186,51.13386395616744
65.2,102.35452145798233,153.5317821869735,76.76589109348674,25.588630364495582,-51.177260728991165,5.117726072899117,204.70904291596466,-25.588630364495582,127.94315182247792,38.38294554674337,63.97157591123896,-102.35452145798233,12.794315182247791,51.177260728991165
65.3,102.44517336380473,153.6677600457071,76.83388002285355,25.611293340951182,-51.222586681902364,5.122258668190237,204.89034672760945,-25.611293340951182,128.0564667047559,38.416940011426775,64.02823335237795,-102.44517336380473,12.805646670475591,51.222586681902364
65.4,102.5398231566766,153.8097347350149,76.90486736750745,25.63495578916915,-51.2699115783383,5.126991157833831,205.0796463133532,-25.63495578916915,128.17477894584576,38.452433683753725,64.08738947292288,-102.5398231566766,12.817477894584576,51.2699115783383
65.5,102.63863747969987,153.9579562195498,76.9789781097749,25.659659369924967,-51.31931873984993,5.1319318739849935,205.27727495939973,-25.659659369924967,128.29829684962482,38.48948905488745,64.14914842481241,-102.63863747969987,12.829829684962483,51.31931873984993
65.60000000000001,102.7417547584296,154.1126321376444,77.0563160688222,25.6854386896074,-51.3708773792148,5.13708773792148,205.4835095168592,-25.6854386896074,128.427193448037,38.5281580344111,64.2135967240185,-102.7417547584296,12.8427193448037,51.3708773792148
65.7,102.84923457531525,154.2738518629729,77.13692593148645,25.712308643828813,-51.424617287657625,5.142461728765763,205.6984691506305,-25.712308643828813,128.56154321914406,38.56846296574322,64.28077160957203,-102.84923457531525,12.856154321914406,51.424617287657625
65.8,102.96105964115544,154.44158946173317,77.22079473086659,25.74026491028886,-51.48052982057772,5.148052982057773,205.9221192823109,-25.74026491028886,128.70132455144432,38.61039736543329,64.35066227572216,-102.96105964115544,12.87013245514443,51.48052982057772
65.9,103.07722783765684,154.61584175648525,77.30792087824263,25.76930695941421,-51.53861391882842,5.153861391882842,206.15445567531367,-25.76930695941421,128.84653479707106,38.65396043912131,64.42326739853553,-103.07722783765684,12.884653479707104,51.53861391882842
66.0,103.1976655035321,154.79649825529813,77.39824912764907,25.799416375883023,-51.59883275176605,5.159883275176605,206.3953310070642,-25.799416375883023,128.9970818794151,38.69912456382453,64.49854093970755,-103.1976655035321,12.899708187941512,51.59883275176605
66.10000000000001,103.32224019675974,154.98336029513962,77.49168014756981,25.830560049189934,-51.66112009837987,5.166112009837987,206.64448039351947,-25.830560049189934,129.15280024594966,38.745840073784905,64.57640012297483,-103.32224019675974,12.915280024594967,51.66112009837987
66.2,103.45075673737402,155.17613510606103,77.58806755303051,25.862689184343505,-51.72537836868701,5.172537836868702,206.90151347474804,-25.862689184343505,129.31344592171752,38.794033776515256,64.65672296085876,-103.45075673737402,12.931344592171753,51.72537836868701
66.3,103.58301493342968,155.3745224001445,77.68726120007226,25.89575373335742,-51.79150746671484,5.179150746671485,207.16602986685936,-25.89575373335742,129.4787686667871,38.84363060003613,64.73938433339355,-103.58301493342968,12.94787686667871,51.79150746671484
66.4,103.71877774736504,155.57816662104756,77.78908331052378,25.92969443684126,-51.85938887368252,5.185938887368252,207.43755549473008,-25.92969443684126,129.6484721842063,38.89454165526189,64.82423609210315,-103.71877774736504,12.96484721842063,51.85938887368252
66.5,103.8577723799514,155.7866585699271,77.89332928496356,25.96444309498785,-51.9288861899757,5.1928886189975705,207.7155447599028,-25.96444309498785,129.82221547493924,38.94666464248178,64.91110773746962,-103.8577723799514,12.982221547493925,51.9288861899757
66.60000000000001,103.9996875179059,155.99953127685885,77.99976563842942,25.999921879476474,-51.99984375895295,5.199984375895295,207.9993750358118,-25.999921879476474,129.99960939738236,38.99988281921471,64.99980469869118,-103.9996875179059,12.999960939738237,51.99984375895295
66.7,104.1442081337084,156.2163122005626,78.1081561002813,26.0360520334271,-52.0721040668542,5.20721040668542,208.2884162674168,-26.0360520334271,130.18026016713551,39.05407805014065,65.09013008356776,-104.1442081337084,13.01802601671355,52.0721040668542
66.8,104.29104905924368,156.4365735888655,78.21828679443276,26.07276226481092,-52.14552452962184,5.2145524529621845,208.58209811848735,-26.07276226481092,130.3638113240546,39.10914339721638,65.1819056620273,-104.29104905924368,13.03638113240546,52.14552452962184
66.9,104.43997870650922,156.65996805976383,78.32998402988191,26.109994676627306,-52.21998935325461,5.221998935325462,208.87995741301845,-26.109994676627306,130.54997338313652,39.16499201494096,65.27498669156826,-104.43997870650922,13.054997338313653,52.21998935325461
67.0,104.59075592581948,156.8861338887292,78.4430669443646,26.14768898145487,-52.29537796290974,5.229537796290974,209.18151185163896,-26.14768898145487,130.73844490727436,39.2215334721823,65.36922245363718,-104.59075592581948,13.073844490727435,52.29537796290974
67.10000000000001,104.7431379894063,157.11470698410946,78.55735349205473,26.185784497351577,-52.37156899470315,5.237156899470316,209.4862759788126,-26.185784497351577,130.92892248675787,39.278676746027365,65.46446124337893,-104.7431379894063,13.092892248675788,52.37156899470315
67.2,104.89685919658872,157.3452887948831,78.67264439744154,26.22421479914718,-52.44842959829436,5.244842959829437,209.79371839317744,-26.22421479914718,131.1210739957359,39.33632219872077,65.56053699786796,-104.89685919658872,13.11210739957359,52.44842959829436
67.3,105.051646491422,157.57746973713301,78.78873486856651,26.2629116228555,-52.525823245711,5.252582324571101,210.103292982844,-26.2629116228555,131.3145581142775,39.394367434283254,65.65727905713875,-105.051646491422,13.13145581142775,52.525823245711
67.4,105.20724079580927,157.8108611937139,78.90543059685695,26.301810198952317,-52.603620397904635,5.260362039790464,210.41448159161854,-26.301810198952317,131.5090509947616,39.45271529842847,65.7545254973808,-105.20724079580927,13.150905099476159,52.603620397904635
67.5,105.36345651134394,158.0451847670159,79.02259238350796,26.340864127835985,-52.68172825567197,5.268172825567198,210.72691302268788,-26.340864127835985,131.7043206391799,39.51129619175398,65.85216031958996,-105.36345651134394,13.170432063917993,52.68172825567197
67.60000000000001,105.52015156223374,158.2802273433506,79.1401136716753,26.380037890558434,-52.76007578111687,5.276007578111687,211.04030312446747,-26.380037890558434,131.90018945279218,39.57005683583765,65.95009472639609,-105.52015156223374,13.190018945279217,52.76007578111687
67.7,105.67717537117205,158.5157630567581,79.25788152837904,26.419293842793014,-52.83858768558603,5.283858768558603,211.3543507423441,-26.419293842793014,132.09646921396507,39.62894076418952,66.04823460698253,-105.67717537117205,13.209646921396507,52.83858768558603
67.8,105.83437389208814,158.7515608381322,79.3757804190661,26.458593473022034,-52.91718694604407,5.291718694604407,211.66874778417628,-26.458593473022034,132.29296736511017,39.68789020953305,66.14648368255509,-105.83437389208814,13.229296736511017,52.91718694604407
67.9,105.99161053999374,158.9874158099906,79.4937079049953,26.497902634998436,-52.99580526999687,5.299580526999687,211.9832210799875,-26.497902634998436,132.48951317499217,39.74685395249765,66.24475658749608,-105.99161053999374,13.248951317499218,52.99580526999687
68.0,106.1487727965496,159.2231591948244,79.6115795974122,26.5371931991374,-53.0743863982748,5.30743863982748,212.2975455930992,-26.5371931991374,132.68596599568698,39.8057897987061,66.34298299784349,-106.1487727965496,13.2685965995687,53.0743863982748
68.10000000000001,106.30578105513504,159.45867158270255,79.72933579135128,26.57644526378376,-53.15289052756752,5.315289052756753,212.61156211027009,-26.57644526378376,132.8822263189188,39.86466789567564,66.4411131594594,-106.30578105513504,13.28822263189188,53.15289052756752
68.2,106.4625461434592,159.6938192151888,79.8469096075944,26.6156365358648,-53.2312730717296,5.32312730717296,212.9250922869184,-26.6156365358648,133.07818267932402,39.9234548037972,66.53909133966201,-106.4625461434592,13.3078182679324,53.2312730717296
68.3,106.61897061443514,159.9284559216527,79.96422796082635,26.654742653608785,-53.30948530721757,5.3309485307217575,213.23794122887028,-26.654742653608785,133.27371326804393,39.982113980413175,66.63685663402197,-106.61897061443514,13.327371326804393,53.30948530721757
68.4,106.77494033106167,160.1624104965925,80.08120524829626,26.693735082765418,-53.387470165530836,5.338747016553084,213.54988066212334,-26.693735082765418,133.4686754138271,40.04060262414813,66.73433770691355,-106.77494033106167,13.346867541382709,53.387470165530836
68.5,106.93031912229543,160.39547868344314,80.19773934172157,26.732579780573857,-53.465159561147715,5.3465159561147715,213.86063824459086,-26.732579780573857,133.6628989028693,40.098869670860786,66.83144945143465,-106.93031912229543,13.366289890286929,53.465159561147715
68.60000000000001,107.08500636839642,160.62750955259463,80.31375477629732,26.771251592099105,-53.54250318419821,5.354250318419822,214.17001273679284,-26.771251592099105,133.85625796049553,40.15687738814866,66.92812898024776,-107.08500636839642,13.385625796049553,53.54250318419821
68.7,107.23888206147038,160.85832309220558,80.42916154610279,26.809720515367594,-53.61944103073519,5.361944103073519,214.47776412294075,-26.809720515367594,134.04860257683796,40.214580773051395,67.02430128841898,-107.23888206147038,13.404860257683797,53.61944103073519
68.8,107.39184015249147,161.0877602287372,80.5438801143686,26.847960038122867,-53.695920076245734,5.369592007624574,214.78368030498294,-26.847960038122867,134.23980019061435,40.2719400571843,67.11990009530717,-107.39184015249147,13.423980019061434,53.695920076245734
68.9,107.54379392038429,161.31569088057643,80.65784544028821,26.885948480096072,-53.771896960192144,5.377189696019215,215.08758784076858,-26.885948480096072,134.42974240048036,40.32892272014411,67.21487120024018,-107.54379392038429,13.442974240048036,53.771896960192144
69.0,107.69463193481579,161.54194790222368,80.77097395111184,26.923657983703947,-53.847315967407894,5.38473159674079,215.38926386963158,-26.923657983703947,134.61828991851974,40.38548697555592,67.30914495925987,-107.69463193481579,13.461828991851974,53.847315967407894
69.10000000000001,107.84426861745091,161.76640292617637,80.88320146308818,26.961067154362727,-53.922134308725454,5.392213430872546,215.68853723490182,-26.961067154362727,134.80533577181365,40.44160073154409,67.40266788590682,-107.84426861745091,13.480533577181363,53.922134308725454
69.2,107.99261841802807,161.9889276270421,80.99446381352105,26.998154604507018,-53.996309209014036,5.399630920901404,215.98523683605615,-26.998154604507018,134.99077302253508,40.497231906760526,67.49538651126754,-107.99261841802807,13.499077302253509,53.996309209014036
69.3,108.13957995244854,162.2093699286728,81.1046849643364,27.034894988112136,-54.06978997622427,5.406978997622428,216.27915990489709,-27.034894988112136,135.17447494056069,40.5523424821682,67.58723747028034,-108.13957995244854,13.517447494056068,54.06978997622427
69.4,108.28497983622431,162.42746975433647,81.21373487716824,27.071244959056077,-54.142489918112155,5.414248991811216,216.56995967244862,-27.071244959056077,135.35622479528038,40.60686743858412,67.67811239764019,-108.28497983622431,13.535622479528039,54.142489918112155
69.5,108.42858670180645,162.64288005270967,81.32144002635484,27.107146675451613,-54.214293350903226,5.421429335090323,216.8571734036129,-27.107146675451613,135.53573337725805,40.66072001317742,67.76786668862903,-108.42858670180645,13.553573337725807,54.214293350903226
69.60000000000001,108.57021947879657,162.85532921819487,81.42766460909743,27.142554869699143,-54.28510973939829,5.428510973939829,217.14043895759315,-27.142554869699143,135.7127743484957,40.71383230454872,67.85638717424786,-108.57021947879657,13.571277434849572,54.28510973939829
69.7,108.70969260962818,163.06453891444227,81.53226945722113,27.177423152407044,-54.35484630481409,5.435484630481409,217.41938521925636,-27.177423152407044,135.88711576203522,40.76613472861057,67.94355788101761,-108.70969260962818,13.588711576203522,54.35484630481409
69.8,108.8468430179789,163.27026452696833,81.63513226348417,27.211710754494725,-54.42342150898945,5.442342150898945,217.6936860359578,-27.211710754494725,136.05855377247363,40.81756613174208,68.02927688623681,-108.8468430179789,13.605855377247362,54.42342150898945
69.9,108.98157485074637,163.47236227611955,81.73618113805978,27.245393712686592,-54.490787425373185,5.449078742537319,217.96314970149274,-27.245393712686592,136.22696856343296,40.86809056902989,68.11348428171648,-108.98157485074637,13.622696856343296,54.490787425373185
70.0,109.11386414273537,163.67079621410306,81.83539810705153,27.27846603568384,-54.55693207136768,5.455693207136768,218.22772828547073,-27.27846603568384,136.3923301784192,40.917699053525766,68.1961650892096,-109.11386414273537,13.63923301784192,54.55693207136768
70.10000000000001,109.24368853647408,163.8655328047111,81.93276640235555,27.31092213411852,-54.62184426823704,5.462184426823704,218.48737707294816,-27.31092213411852,136.5546106705926,40.96638320117778,68.2773053352963,-109.24368853647408,13.65546106705926,54.62184426823704
70.2,109.37104981164289,164.05657471746434,82.02828735873217,27.342762452910723,-54.685524905821445,5.4685524905821445,218.74209962328578,-27.342762452910723,136.7138122645536,41.014143679366086,68.3569061322768,-109.37104981164289,13.671381226455361,54.685524905821445
70.3,109.49596678989775,164.24395018484663,82.12197509242331,27.373991697474438,-54.747983394948875,5.474798339494888,218.9919335797955,-27.373991697474438,136.86995848737217,41.060987546211656,68.43497924368609,-109.49596678989775,13.686995848737219,54.747983394948875
70.4,109.61840598716475,164.42760898074712,82.21380449037356,27.404601496791187,-54.809202993582375,5.480920299358238,219.2368119743295,-27.404601496791187,137.02300748395595,41.10690224518678,68.51150374197798,-109.61840598716475,13.702300748395594,54.809202993582375
70.5,109.73824794322894,164.6073719148434,82.3036859574217,27.434561985807235,-54.86912397161447,5.486912397161447,219.47649588645788,-27.434561985807235,137.1728099290362,41.15184297871085,68.5864049645181,-109.73824794322894,13.717280992903618,54.86912397161447
70.60000000000001,109.85534072805319,164.7830110920798,82.3915055460399,27.463835182013298,-54.927670364026596,5.49276703640266,219.71068145610639,-27.463835182013298,137.3191759100665,41.19575277301995,68.65958795503325,-109.85534072805319,13.731917591006649,54.927670364026596
70.7,109.96957158890805,164.9543573833621,82.47717869168105,27.492392897227013,-54.98478579445403,5.498478579445403,219.9391431778161,-27.492392897227013,137.46196448613506,41.23858934584052,68.73098224306753,-109.96957158890805,13.746196448613507,54.98478579445403
70.8,110.08083524701856,165.12125287052783,82.56062643526391,27.52020881175464,-55.04041762350928,5.504041762350928,220.1616704940371,-27.52020881175464,137.6010440587732,41.28031321763196,68.8005220293866,-110.08083524701856,13.76010440587732,55.04041762350928
70.9,110.18900964909216,165.28351447363823,82.64175723681912,27.54725241227304,-55.09450482454608,5.509450482454608,220.3780192981843,-27.54725241227304,137.7362620613652,41.32087861840956,68.8681310306826,-110.18900964909216,13.77362620613652,55.09450482454608
71.0,110.29393642698912,165.44090464048367,82.72045232024183,27.57348410674728,-55.14696821349456,5.514696821349457,220.58787285397824,-27.57348410674728,137.8674205337364,41.36022616012092,68.9337102668682,-110.29393642698912,13.78674205337364,55.14696821349456
71.10000000000001,110.3954639921476,165.5931959882214,82.7965979941107,27.5988659980369,-55.1977319960738,5.51977319960738,220.7909279842952,-27.5988659980369,137.9943299901845,41.39829899705535,68.99716499509225,-110.3954639921476,13.79943299901845,55.1977319960738
71.2,110.49345388910986,165.7401808336648,82.8700904168324,27.623363472277465,-55.24672694455493,5.524672694455493,220.98690777821972,-27.623363472277465,138.11681736138732,41.4350452084162,69.05840868069366,-110.49345388910986,13.811681736138732,55.24672694455493
71.3,110.5878403771688,165.8817605657532,82.9408802828766,27.6469600942922,-55.2939201885844,5.529392018858441,221.1756807543376,-27.6469600942922,138.234800471461,41.4704401414383,69.1174002357305,-110.5878403771688,13.8234800471461,55.2939201885844
71.4,110.67868883580154,166.0180332537023,83.00901662685115,27.669672208950384,-55.33934441790077,5.533934441790077,221.35737767160307,-27.669672208950384,138.34836104475193,41.504508313425575,69.17418052237596,-110.67868883580154,13.834836104475192,55.33934441790077
71.5,110.76615118396715,166.14922677595072,83.07461338797536,27.69153779599179,-55.38307559198358,5.538307559198358,221.5323023679343,-27.69153779599179,138.45768897995893,41.53730669398768,69.22884448997947,-110.76615118396715,13.845768897995894,55.38307559198358
71.60000000000001,110.85039383741687,166.27559075612533,83.13779537806266,27.71259845935422,-55.42519691870844,5.542519691870844,221.70078767483375,-27.71259845935422,138.56299229677109,41.56889768903133,69.28149614838554,-110.85039383741687,13.85629922967711,55.42519691870844
71.7,110.9315198105661,166.39727971584915,83.19863985792458,27.732879952641525,-55.46575990528305,5.546575990528305,221.8630396211322,-27.732879952641525,138.66439976320763,41.59931992896229,69.33219988160381,-110.9315198105661,13.866439976320763,55.46575990528305
71.8,111.00962837953726,166.51444256930588,83.25722128465294,27.752407094884315,-55.50481418976863,5.550481418976863,222.01925675907452,-27.752407094884315,138.76203547442157,41.62861064232647,69.38101773721078,-111.00962837953726,13.876203547442158,55.50481418976863
71.9,111.0848780326277,166.62731704894156,83.31365852447078,27.771219508156925,-55.54243901631385,5.554243901631385,222.1697560652554,-27.771219508156925,138.85609754078462,41.65682926223539,69.42804877039231,-111.0848780326277,13.885609754078462,55.54243901631385
72.0,111.15738504877461,166.73607757316194,83.36803878658097,27.789346262193654,-55.57869252438731,5.557869252438731,222.31477009754923,-27.789346262193654,138.94673131096826,41.684019393290484,69.47336565548413,-111.15738504877461,13.894673131096827,55.57869252438731
72.10000000000001,111.2272174729252,166.8408262093878,83.4204131046939,27.8068043682313,-55.6136087364626,5.561360873646261,222.4544349458504,-27.8068043682313,139.03402184115652,41.71020655234695,69.51701092057826,-111.2272174729252,13.90340218411565,55.6136087364626
72.2,111.29432758833357,166.94149138250037,83.47074569125019,27.823581897083393,-55.64716379416679,5.564716379416679,222.58865517666715,-27.823581897083393,139.11790948541696,41.73537284562509,69.55895474270848,-111.29432758833357,13.911790948541697,55.64716379416679
72.3,111.35865945652513,167.0379891847877,83.51899459239385,27.839664864131283,-55.679329728262566,5.567932972826257,222.71731891305026,-27.839664864131283,139.1983243206564,41.759497296196926,69.5991621603282,-111.35865945652513,13.919832432065641,55.679329728262566
72.4,111.42021134451122,167.1303170167668,83.5651585083834,27.855052836127804,-55.71010567225561,5.571010567225561,222.84042268902243,-27.855052836127804,139.27526418063903,41.7825792541917,69.63763209031951,-111.42021134451122,13.927526418063902,55.71010567225561
72.5,111.47901218738144,167.21851828107216,83.60925914053608,27.86975304684536,-55.73950609369072,5.5739506093690725,222.95802437476289,-27.86975304684536,139.3487652342268,41.80462957026804,69.6743826171134,-111.47901218738144,13.93487652342268,55.73950609369072
72.60000000000001,111.53505004237967,167.3025750635695,83.65128753178475,27.883762510594917,-55.76752502118983,5.576752502118984,223.07010008475933,-27.883762510594917,139.41881255297457,41.82564376589237,69.70940627648729,-111.53505004237967,13.941881255297458,55.76752502118983
72.7,111.58832347845527,167.3824852176829,83.69124260884145,27.897080869613816,-55.79416173922763,5.5794161739227635,223.17664695691053,-27.897080869613816,139.4854043480691,41.845621304420725,69.74270217403455,-111.58832347845527,13.948540434806908,55.79416173922763
72.8,111.63884685070511,167.45827027605765,83.72913513802882,27.909711712676277,-55.819423425352554,5.581942342535256,223.27769370141021,-27.909711712676277,139.5485585633814,41.86456756901441,69.7742792816907,-111.63884685070511,13.954855856338138,55.819423425352554
72.9,111.68659343524453,167.5298901528668,83.7649450764334,27.921648358811133,-55.843296717622266,5.584329671762227,223.37318687048906,-27.921648358811133,139.60824179405566,41.8824725382167,69.80412089702783,-111.68659343524453,13.960824179405567,55.843296717622266
73.0,111.73153343185386,167.5973001477808,83.7986500738904,27.932883357963465,-55.86576671592693,5.586576671592693,223.46306686370772,-27.932883357963465,139.66441678981732,41.8993250369452,69.83220839490866,-111.73153343185386,13.966441678981733,55.86576671592693
73.10000000000001,111.77354607431485,167.6603191114723,83.83015955573615,27.943386518578713,-55.886773037157425,5.588677303715743,223.5470921486297,-27.943386518578713,139.71693259289356,41.91507977786807,69.85846629644678,-111.77354607431485,13.971693259289356,55.886773037157425
73.2,111.81249157873324,167.71873736809988,83.85936868404994,27.95312289468331,-55.90624578936662,5.590624578936662,223.6249831574665,-27.95312289468331,139.76561447341655,41.92968434202497,69.88280723670827,-111.81249157873324,13.976561447341656,55.90624578936662
73.3,111.84828329236808,167.77242493855212,83.88621246927606,27.96207082309202,-55.92414164618404,5.592414164618404,223.69656658473616,-27.96207082309202,139.8103541154601,41.94310623463803,69.90517705773004,-111.84828329236808,13.98103541154601,55.92414164618404
73.4,111.88090740346536,167.82136110519804,83.91068055259902,27.97022685086634,-55.94045370173268,5.594045370173268,223.76181480693072,-27.97022685086634,139.8511342543317,41.95534027629951,69.92556712716585,-111.88090740346536,13.98511342543317,55.94045370173268
73.5,111.91039394745567,167.86559092118353,83.93279546059176,27.97759848686392,-55.95519697372784,5.595519697372784,223.82078789491135,-27.97759848686392,139.88799243431959,41.96639773029588,69.94399621715979,-111.91039394745567,13.98879924343196,55.95519697372784
73.60000000000001,111.93680358653654,167.9052053798048,83.9526026899024,27.984200896634135,-55.96840179326827,5.596840179326827,223.87360717307308,-27.984200896634135,139.9210044831707,41.9763013449512,69.96050224158535,-111.93680358653654,13.992100448317068,55.96840179326827
73.7,111.96022991294129,167.94034486941194,83.97017243470597,27.99005747823532,-55.98011495647064,5.598011495647064,223.92045982588257,-27.99005747823532,139.9502873911766,41.985086217352986,69.9751436955883,-111.96022991294129,13.99502873911766,55.98011495647064
73.8,111.98077419667545,167.9711612950132,83.9855806475066,27.995193549168864,-55.99038709833773,5.599038709833773,223.9615483933509,-27.995193549168864,139.97596774584432,41.9927903237533,69.98798387292216,-111.98077419667545,13.997596774584432,55.99038709833773
73.9,111.99856704501633,167.9978505675245,83.99892528376225,27.999641761254082,-55.999283522508165,5.599928352250817,223.99713409003266,-27.999641761254082,139.9982088062704,41.999462641881124,69.9991044031352,-111.99856704501633,13.999820880627041,55.999283522508165
74.0,112.01367501073521,168.02051251610283,84.01025625805141,28.003418752683803,-56.006837505367606,5.600683750536761,224.02735002147043,-28.003418752683803,140.017093763419,42.00512812902571,70.0085468817095,-112.01367501073521,14.001709376341902,56.006837505367606
74.10000000000001,112.02607948233805,168.03911922350707,84.01955961175354,28.006519870584512,-56.013039741169024,5.601303974116902,224.0521589646761,-28.006519870584512,140.03259935292255,42.00977980587677,70.01629967646127,-112.02607948233805,14.003259935292256,56.013039741169024
74.2,112.03575300866594,168.0536295129989,84.02681475649945,28.008938252166484,-56.01787650433297,5.601787650433297,224.07150601733187,-28.008938252166484,140.04469126083242,42.013407378249724,70.02234563041621,-112.03575300866594,14.004469126083242,56.01787650433297
74.3,112.04265059478296,168.06397589217443,84.03198794608721,28.01066264869574,-56.02132529739148,5.602132529739148,224.0853011895659,-28.01066264869574,140.0533132434787,42.01599397304361,70.02665662173935,-112.04265059478296,14.00533132434787,56.02132529739148
74.4,112.0466783035304,168.0700174552956,84.0350087276478,28.0116695758826,-56.0233391517652,5.60233391517652,224.0933566070608,-28.0116695758826,140.058347879413,42.0175043638239,70.0291739397065,-112.0466783035304,14.0058347879413,56.0233391517652
74.5,112.04779507465591,168.07169261198385,84.03584630599192,28.011948768663977,-56.023897537327954,5.602389753732796,224.09559014931182,-28.011948768663977,140.0597438433199,42.01792315299596,70.02987192165995,-112.04779507465591,14.005974384331989,56.023897537327954
74.60000000000001,112.04598822997373,168.0689823449606,84.0344911724803,28.011497057493433,-56.022994114986865,5.602299411498687,224.09197645994746,-28.011497057493433,140.05748528746716,42.01724558624015,70.02874264373358,-112.04598822997373,14.005748528746716,56.022994114986865
74.7,112.04130709054932,168.061960635824,84.030980317912,28.01032677263733,-56.02065354527466,5.602065354527467,224.08261418109865,-28.01032677263733,140.05163386318665,42.015490158956,70.02581693159333,-112.04130709054932,14.005163386318666,56.02065354527466
74.8,112.03382333797362,168.05073500696042,84.02536750348021,28.008455834493404,-56.01691166898681,5.601691166898681,224.06764667594723,-28.008455834493404,140.04227917246703,42.012683751740106,70.02113958623352,-112.03382333797362,14.004227917246702,56.01691166898681
74.9,112.023552261692,168.03532839253802,84.01766419626901,28.005888065423,-56.011776130846,5.601177613084601,224.047104523384,-28.005888065423,140.029440327115,42.008832098134505,70.0147201635575,-112.023552261692,14.0029440327115,56.011776130846
75.0,112.01053097094376,168.01579645641564,84.00789822820782,28.00263274273594,-56.00526548547188,5.6005265485471885,224.02106194188752,-28.00263274273594,140.01316371367972,42.00394911410391,70.00658185683986,-112.01053097094376,14.00131637136797,56.00526548547188
75.10000000000001,111.99480750187823,167.99221125281736,83.99610562640868,27.998701875469557,-55.997403750939114,5.599740375093912,223.98961500375646,-27.998701875469557,139.99350937734778,41.99805281320434,69.99675468867389,-111.99480750187823,13.999350937734778,55.997403750939114
75.2,111.97638669900522,167.96458004850783,83.98229002425391,27.994096674751304,-55.98819334950261,5.598819334950261,223.95277339801044,-27.994096674751304,139.9704833737565,41.99114501212696,69.98524168687825,-111.97638669900522,13.997048337375652,55.98819334950261
75.3,111.95522723185977,167.93284084778963,83.96642042389482,27.98880680796494,-55.97761361592988,5.597761361592989,223.91045446371953,-27.98880680796494,139.94403403982471,41.98321021194741,69.97201701991236,-111.95522723185977,13.99440340398247,55.97761361592988
75.4,111.9312604388223,167.89689065823347,83.94844532911674,27.982815109705577,-55.96563021941115,5.596563021941115,223.8625208776446,-27.982815109705577,139.91407554852788,41.97422266455837,69.95703777426394,-111.9312604388223,13.991407554852788,55.96563021941115
75.5,111.90441542510658,167.85662313765988,83.92831156882994,27.976103856276644,-55.95220771255329,5.595220771255329,223.80883085021316,-27.976103856276644,139.88051928138322,41.96415578441497,69.94025964069161,-111.90441542510658,13.988051928138322,55.95220771255329
75.60000000000001,111.87468496766668,167.81202745150003,83.90601372575001,27.96867124191667,-55.93734248383334,5.593734248383335,223.74936993533336,-27.96867124191667,139.84335620958336,41.95300686287501,69.92167810479168,-111.87468496766668,13.984335620958335,55.93734248383334
75.7,111.842145876854,167.763218815281,83.8816094076405,27.9605364692135,-55.921072938427,5.592107293842701,223.684291753708,-27.9605364692135,139.8026823460675,41.94080470382025,69.90134117303376,-111.842145876854,13.98026823460675,55.921072938427
75.8,111.80684939651734,167.710274094776,83.855137047388,27.951712349129334,-55.90342469825867,5.590342469825867,223.61369879303467,-27.951712349129334,139.75856174564666,41.927568523694,69.87928087282333,-111.80684939651734,13.975856174564667,55.90342469825867
75.9,111.7687980268194,167.6531970402291,83.82659852011454,27.94219950670485,-55.8843990134097,5.58843990134097,223.5375960536388,-27.94219950670485,139.71099753352425,41.91329926005727,69.85549876676212,-111.7687980268194,13.971099753352425,55.8843990134097
76.0,111.72794373240797,167.59191559861193,83.79595779930597,27.93198593310199,-55.86397186620398,5.586397186620399,223.45588746481593,-27.93198593310199,139.65992966550996,41.89797889965298,69.82996483275498,-111.72794373240797,13.965992966550996,55.86397186620398
76.10000000000001,111.68417004246238,167.52625506369358,83.76312753184679,27.921042510615596,-55.84208502123119,5.584208502123119,223.36834008492477,-27.921042510615596,139.605212553078,41.881563765923396,69.802606276539,-111.68417004246238,13.960521255307798,55.84208502123119
76.2,111.63737597247022,167.45606395870533,83.72803197935266,27.909343993117556,-55.81868798623511,5.581868798623511,223.27475194494045,-27.909343993117556,139.54671996558778,41.86401598967633,69.77335998279389,-111.63737597247022,13.954671996558778,55.81868798623511
76.3,111.58750660372498,167.38125990558746,83.69062995279373,27.896876650931244,-55.79375330186249,5.579375330186249,223.17501320744995,-27.896876650931244,139.48438325465622,41.845314976396864,69.74219162732811,-111.58750660372498,13.948438325465622,55.79375330186249
76.4,111.5345597604778,167.3018396407167,83.65091982035835,27.88363994011945,-55.7672798802389,5.57672798802389,223.0691195209556,-27.88363994011945,139.41819970059726,41.82545991017918,69.70909985029863,-111.5345597604778,13.941819970059726,55.7672798802389
76.5,111.4785528432152,167.2178292648228,83.6089146324114,27.8696382108038,-55.7392764216076,5.57392764216076,222.9571056864304,-27.8696382108038,139.348191054019,41.8044573162057,69.6740955270095,-111.4785528432152,13.9348191054019,55.7392764216076
76.60000000000001,111.41956701451625,167.12935052177437,83.56467526088719,27.85489175362906,-55.70978350725812,5.570978350725813,222.8391340290325,-27.85489175362906,139.2744587681453,41.78233763044359,69.63722938407265,-111.41956701451625,13.92744587681453,55.70978350725812
76.7,111.3577337940977,167.03660069114653,83.51830034557327,27.839433448524424,-55.67886689704885,5.567886689704885,222.7154675881954,-27.839433448524424,139.19716724262213,41.75915017278663,69.59858362131106,-111.3577337940977,13.919716724262212,55.67886689704885
76.80000000000001,111.2931385476113,166.93970782141696,83.46985391070848,27.823284636902827,-55.64656927380565,5.5646569273805655,222.5862770952226,-27.823284636902827,139.11642318451413,41.73492695535424,69.55821159225707,-111.2931385476113,13.911642318451413,55.64656927380565
76.9,111.22587260657176,166.83880890985762,83.41940445492881,27.80646815164294,-55.61293630328588,5.5612936303285885,222.4517452131435,-27.80646815164294,139.0323407582147,41.709702227464405,69.51617037910735,-111.22587260657176,13.90323407582147,55.61293630328588
77.0,111.15610995281357,166.73416492922036,83.36708246461018,27.78902748820339,-55.57805497640678,5.557805497640679,222.31221990562713,-27.78902748820339,138.94513744101695,41.68354123230509,69.47256872050848,-111.15610995281357,13.894513744101696,55.57805497640678
77.10000000000001,111.08414734599485,166.62622101899228,83.31311050949614,27.771036836498713,-55.542073672997425,5.5542073672997425,222.1682946919897,-27.771036836498713,138.85518418249356,41.65655525474807,69.42759209124678,-111.08414734599485,13.885518418249356,55.542073672997425
77.2,111.01024866612697,166.51537299919045,83.25768649959522,27.752562166531742,-55.505124333063485,5.5505124333063485,222.02049733225394,-27.752562166531742,138.76281083265872,41.62884324979761,69.38140541632936,-111.01024866612697,13.876281083265871,55.505124333063485
77.30000000000001,110.934585147847,166.40187772177052,83.20093886088526,27.73364628696175,-55.4672925739235,5.54672925739235,221.869170295694,-27.73364628696175,138.66823143480875,41.60046943044263,69.33411571740437,-110.934585147847,13.866823143480875,55.4672925739235
77.4,110.85733676192437,166.28600514288655,83.14300257144328,27.714334190481093,-55.428668380962186,5.542866838096219,221.71467352384875,-27.714334190481093,138.57167095240547,41.57150128572164,69.28583547620273,-110.85733676192437,13.857167095240547,55.428668380962186
77.5,110.77870632645909,166.16805948968863,83.08402974484432,27.69467658161477,-55.38935316322954,5.538935316322955,221.55741265291817,-27.69467658161477,138.47338290807386,41.54201487242216,69.23669145403693,-110.77870632645909,13.847338290807386,55.38935316322954
77.60000000000001,110.69891957507062,166.04837936260594,83.02418968130297,27.674729893767655,-55.34945978753531,5.534945978753531,221.39783915014124,-27.674729893767655,138.37364946883827,41.512094840651486,69.18682473441913,-110.69891957507062,13.837364946883827,55.34945978753531
77.7,110.61819722862712,165.92729584294068,82.96364792147034,27.65454930715678,-55.30909861431356,5.530909861431357,221.23639445725425,-27.65454930715678,138.2727465357839,41.48182396073517,69.13637326789195,-110.61819722862712,13.82727465357839,55.30909861431356
77.80000000000001,110.53671177816551,165.80506766724827,82.90253383362413,27.634177944541378,-55.268355889082756,5.526835588908276,221.07342355633102,-27.634177944541378,138.17088972270687,41.45126691681207,69.08544486135344,-110.53671177816551,13.817088972270689,55.268355889082756
77.9,110.45459579450363,165.68189369175545,82.84094684587772,27.613648948625908,-55.227297897251816,5.522729789725182,220.90919158900726,-27.613648948625908,138.06824474312953,41.42047342293886,69.03412237156476,-110.45459579450363,13.806824474312954,55.227297897251816
78.0,110.37191144755784,165.55786717133674,82.77893358566837,27.59297786188946,-55.18595572377892,5.518595572377892,220.74382289511567,-27.59297786188946,137.9648893094473,41.389466792834185,68.98244465472365,-110.37191144755784,13.79648893094473,55.18595572377892
78.10000000000001,110.28864069838264,165.43296104757394,82.71648052378697,27.57216017459566,-55.14432034919132,5.514432034919132,220.57728139676527,-27.57216017459566,137.8608008729783,41.358240261893485,68.93040043648915,-110.28864069838264,13.78608008729783,55.14432034919132
78.2,110.20476807870114,165.3071521180517,82.65357605902585,27.551192019675284,-55.10238403935057,5.510238403935057,220.40953615740227,-27.551192019675284,137.75596009837642,41.326788029512926,68.87798004918821,-110.20476807870114,13.775596009837642,55.10238403935057
78.30000000000001,110.1202228787007,165.18033431805105,82.59016715902553,27.530055719675175,-55.06011143935035,5.506011143935035,220.2404457574014,-27.530055719675175,137.65027859837588,41.29508357951276,68.82513929918794,-110.1202228787007,13.765027859837588,55.06011143935035
78.4,110.03495717658735,165.05243576488104,82.52621788244052,27.50873929414684,-55.01747858829368,5.5017478588293685,220.0699143531747,-27.50873929414684,137.5436964707342,41.26310894122026,68.7718482353671,-110.03495717658735,13.75436964707342,55.01747858829368
78.5,109.948970602136,164.923455903204,82.461727951602,27.487242650534,-54.974485301068,5.497448530106801,219.897941204272,-27.487242650534,137.43621325267,41.230863975801,68.718106626335,-109.948970602136,13.743621325267,54.974485301068
78.60000000000001,109.86230565789077,164.79345848683616,82.39672924341808,27.465576414472693,-54.931152828945386,5.493115282894539,219.72461131578154,-27.465576414472693,137.32788207236348,41.19836462170904,68.66394103618174,-109.86230565789077,13.732788207236347,54.931152828945386
78.7,109.77499826977416,164.66249740466122,82.33124870233061,27.44374956744354,-54.88749913488708,5.488749913488708,219.54999653954832,-27.44374956744354,137.2187478372177,41.165624351165306,68.60937391860885,-109.77499826977416,13.72187478372177,54.88749913488708
78.80000000000001,109.68708617632126,164.5306292644819,82.26531463224094,27.421771544080315,-54.84354308816063,5.484354308816063,219.37417235264252,-27.421771544080315,137.10885772040157,41.13265731612047,68.55442886020079,-109.68708617632126,13.710885772040157,54.84354308816063
78.9,109.5985847979809,164.39787719697136,82.19893859848568,27.399646199495226,-54.79929239899045,5.479929239899046,219.1971695959618,-27.399646199495226,136.99823099747613,41.09946929924284,68.49911549873806,-109.5985847979809,13.699823099747613,54.79929239899045
79.0,109.50943197342511,164.26414796013768,82.13207398006884,27.377357993356277,-54.754715986712554,5.475471598671255,219.01886394685022,-27.377357993356277,136.88678996678138,41.06603699003442,68.44339498339069,-109.50943197342511,13.688678996678139,54.754715986712554
79.10000000000001,109.41956486807007,164.1293473021051,82.06467365105254,27.354891217017517,-54.709782434035034,5.470978243403504,218.83912973614014,-27.354891217017517,136.7744560850876,41.03233682552627,68.3872280425438,-109.41956486807007,13.677445608508759,54.709782434035034
79.2,109.32895972957812,163.99343959436717,81.99671979718359,27.33223993239453,-54.66447986478906,5.466447986478906,218.65791945915623,-27.33223993239453,136.66119966197266,40.998359898591794,68.33059983098633,-109.32895972957812,13.666119966197265,54.66447986478906
79.30000000000001,109.2375929158613,163.85638937379196,81.92819468689598,27.309398228965325,-54.61879645793065,5.461879645793065,218.4751858317226,-27.309398228965325,136.54699114482662,40.96409734344799,68.27349557241331,-109.2375929158613,13.654699114482662,54.61879645793065
79.4,109.1454087762103,163.71811316431547,81.85905658215773,27.286352194052576,-54.57270438810515,5.457270438810515,218.2908175524206,-27.286352194052576,136.43176097026287,40.92952829107887,68.21588048513144,-109.1454087762103,13.643176097026288,54.57270438810515
79.5,109.05234894890455,163.57852342335684,81.78926171167842,27.263087237226138,-54.526174474452276,5.452617447445228,218.1046978978091,-27.263087237226138,136.31543618613068,40.89463085583921,68.15771809306534,-109.05234894890455,13.631543618613069,54.526174474452276
79.60000000000001,108.95835736628548,163.43753604942822,81.71876802471411,27.23958934157137,-54.47917868314274,5.447917868314274,217.91671473257097,-27.23958934157137,136.19794670785686,40.859384012357054,68.09897335392843,-108.95835736628548,13.619794670785685,54.47917868314274
79.7,108.863403100861,163.29510465129152,81.64755232564576,27.21585077521525,-54.4317015504305,5.443170155043051,217.726806201722,-27.21585077521525,136.07925387607625,40.82377616282288,68.03962693803813,-108.863403100861,13.607925387607626,54.4317015504305
79.80000000000001,108.76744118851815,163.15116178277722,81.57558089138861,27.191860297129537,-54.383720594259074,5.438372059425908,217.5348823770363,-27.191860297129537,135.9593014856477,40.787790445694306,67.97965074282385,-108.76744118851815,13.595930148564769,54.383720594259074
79.9,108.67044761484725,163.00567142227086,81.50283571113543,27.167611903711812,-54.335223807423624,5.433522380742363,217.3408952296945,-27.167611903711812,135.83805951855905,40.751417855567716,67.91902975927952,-108.67044761484725,13.583805951855906,54.335223807423624
80.0,108.57244420408304,162.85866630612458,81.42933315306229,27.14311105102076,-54.28622210204152,5.428622210204153,217.14488840816608,-27.14311105102076,135.7155552551038,40.714666576531144,67.8577776275519,-108.57244420408304,13.57155552551038,54.28622210204152
80.10000000000001,108.47350353233152,162.7102552984973,81.35512764924864,27.11837588308288,-54.23675176616576,5.423675176616577,216.94700706466304,-27.11837588308288,135.5918794154144,40.67756382462432,67.7959397077072,-108.47350353233152,13.55918794154144,54.23675176616576
80.2,108.37370795345524,162.56056193018287,81.28028096509144,27.09342698836381,-54.18685397672762,5.418685397672762,216.74741590691048,-27.09342698836381,135.46713494181904,40.64014048254572,67.73356747090952,-108.37370795345524,13.546713494181905,54.18685397672762
80.30000000000001,108.27315296693956,162.40972945040934,81.20486472520467,27.06828824173489,-54.13657648346978,5.4136576483469785,216.54630593387913,-27.06828824173489,135.34144120867444,40.602432362602336,67.67072060433722,-108.27315296693956,13.534144120867445,54.13657648346978
80.4,108.17192986930513,162.2578948039577,81.12894740197885,27.042982467326283,-54.085964934652566,5.408596493465257,216.34385973861026,-27.042982467326283,135.21491233663141,40.564473700989424,67.60745616831571,-108.17192986930513,13.521491233663141,54.085964934652566
80.5,108.07014733247907,162.1052209987186,81.0526104993593,27.017536833119767,-54.03507366623953,5.403507366623954,216.14029466495813,-27.017536833119767,135.08768416559883,40.52630524967965,67.54384208279942,-108.07014733247907,13.508768416559883,54.03507366623953
80.60000000000001,107.96794751313958,161.95192126970937,80.97596063485469,26.991986878284894,-53.98397375656979,5.398397375656979,215.93589502627916,-26.991986878284894,134.95993439142447,40.48798031742734,67.47996719571223,-107.96794751313958,13.495993439142447,53.98397375656979
80.7,107.86550373326122,161.79825559989183,80.89912779994592,26.966375933315305,-53.93275186663061,5.393275186663061,215.73100746652244,-26.966375933315305,134.83187966657653,40.44956389997296,67.41593983328826,-107.86550373326122,13.483187966657653,53.93275186663061
80.80000000000001,107.763007163661,161.64451074549152,80.82225537274576,26.94075179091525,-53.8815035818305,5.388150358183051,215.526014327322,-26.94075179091525,134.70375895457624,40.41112768637288,67.35187947728812,-107.763007163661,13.470375895457625,53.8815035818305
80.9,107.66069510420469,161.49104265630703,80.74552132815352,26.915173776051173,-53.830347552102346,5.383034755210235,215.32139020840938,-26.915173776051173,134.57586888025585,40.37276066407676,67.28793444012793,-107.66069510420469,13.457586888025586,53.830347552102346
81.0,107.55881165149152,161.3382174772373,80.66910873861865,26.88970291287288,-53.77940582574576,5.377940582574577,215.11762330298305,-26.88970291287288,134.44851456436442,40.33455436930932,67.22425728218221,-107.55881165149152,13.44485145643644,53.77940582574576
81.10000000000001,107.45758685849036,161.18638028773555,80.59319014386777,26.86439671462259,-53.72879342924518,5.372879342924518,214.91517371698072,-26.86439671462259,134.32198357311296,40.296595071933886,67.16099178655648,-107.45758685849036,13.432198357311295,53.72879342924518
81.2,107.35725973622795,161.03588960434192,80.51794480217096,26.839314934056986,-53.67862986811397,5.367862986811398,214.7145194724559,-26.839314934056986,134.19657467028492,40.25897240108548,67.09828733514246,-107.35725973622795,13.419657467028493,53.67862986811397
81.30000000000001,107.25794832896018,160.88692249344027,80.44346124672013,26.814487082240046,-53.62897416448009,5.36289741644801,214.51589665792036,-26.814487082240046,134.07243541120022,40.22173062336007,67.03621770560011,-107.25794832896018,13.407243541120023,53.62897416448009
81.4,107.15970649835762,160.73955974753642,80.36977987376821,26.789926624589405,-53.57985324917881,5.357985324917881,214.31941299671524,-26.789926624589405,133.94963312294703,40.184889936884105,66.97481656147352,-107.15970649835762,13.394963312294703,53.57985324917881
81.5,107.06256295156207,160.5938444273431,80.29692221367155,26.765640737890518,-53.531281475781036,5.353128147578104,214.12512590312414,-26.765640737890518,133.82820368945258,40.148461106835775,66.91410184472629,-107.06256295156207,13.382820368945259,53.531281475781036
81.60000000000001,106.96655805980535,160.449837089708,80.224918544854,26.741639514951338,-53.483279029902675,5.348327902990268,213.9331161196107,-26.741639514951338,133.7081975747567,40.112459272427,66.85409878737835,-106.96655805980535,13.370819757475669,53.483279029902675
81.7,106.87177113557061,160.30765670335592,80.15382835167796,26.717942783892653,-53.435885567785306,5.343588556778531,213.74354227114122,-26.717942783892653,133.58971391946326,40.07691417583898,66.79485695973163,-106.87177113557061,13.358971391946326,53.435885567785306
81.80000000000001,106.77834215096792,160.1675132264519,80.08375661322594,26.69458553774198,-53.38917107548396,5.338917107548396,213.55668430193583,-26.69458553774198,133.4729276887099,40.04187830661297,66.73646384435494,-106.77834215096792,13.34729276887099,53.38917107548396
81.9,106.68644942782217,160.02967414173327,80.01483707086663,26.671612356955542,-53.343224713911084,5.334322471391109,213.37289885564434,-26.671612356955542,133.3580617847777,40.00741853543332,66.67903089238885,-106.68644942782217,13.335806178477771,53.343224713911084
82.0,106.5962403948494,159.8943605922741,79.94718029613705,26.64906009871235,-53.2981201974247,5.32981201974247,213.1924807896988,-26.64906009871235,133.24530049356176,39.973590148068524,66.62265024678088,-106.5962403948494,13.324530049356175,53.2981201974247
82.10000000000001,106.50780414604945,159.76170621907417,79.88085310953709,26.626951036512363,-53.253902073024726,5.325390207302473,213.0156082920989,-26.626951036512363,133.1347551825618,39.94042655476854,66.5673775912809,-106.50780414604945,13.313475518256181,53.253902073024726
82.2,106.42117573241283,159.63176359861924,79.81588179930962,26.60529393310321,-53.21058786620642,5.321058786620642,212.84235146482567,-26.60529393310321,133.02646966551603,39.90794089965481,66.51323483275802,-106.42117573241283,13.302646966551604,53.21058786620642
82.30000000000001,106.33634967562251,159.50452451343378,79.75226225671689,26.58408741890563,-53.16817483781126,5.316817483781126,212.67269935124503,-26.58408741890563,132.92043709452815,39.876131128358445,66.46021854726408,-106.33634967562251,13.292043709452814,53.16817483781126
82.4,106.25328141585724,159.37992212378586,79.68996106189293,26.56332035396431,-53.12664070792862,5.312664070792863,212.5065628317145,-26.56332035396431,132.81660176982155,39.844980530946465,66.40830088491077,-106.25328141585724,13.281660176982156,53.12664070792862
82.5,106.17182508175307,159.2577376226296,79.6288688113148,26.542956270438268,-53.085912540876535,5.308591254087654,212.34365016350614,-26.542956270438268,132.71478135219132,39.8144344056574,66.35739067609566,-106.17182508175307,13.271478135219134,53.085912540876535
82.60000000000001,106.09177378984839,159.13766068477258,79.56883034238629,26.522943447462097,-53.045886894924195,5.3045886894924195,212.18354757969678,-26.522943447462097,132.6147172373105,39.784415171193146,66.30735861865524,-106.09177378984839,13.261471723731049,53.045886894924195
82.7,106.01300550989333,159.01950826484,79.50975413242,26.503251377473333,-53.006502754946666,5.300650275494667,212.02601101978667,-26.503251377473333,132.51625688736667,39.75487706621,66.25812844368333,-106.01300550989333,13.251625688736667,53.006502754946666
82.80000000000001,105.93542848585705,158.90314272878555,79.45157136439278,26.48385712146426,-52.96771424292852,5.296771424292853,211.8708569717141,-26.48385712146426,132.4192856073213,39.72578568219639,66.20964280366066,-105.93542848585705,13.24192856073213,52.96771424292852
82.9,105.8589858582065,158.78847878730974,79.39423939365487,26.464746464551624,-52.92949292910325,5.2929492929103255,211.717971716413,-26.464746464551624,132.32373232275813,39.697119696827436,66.16186616137907,-105.8589858582065,13.232373232275812,52.92949292910325
83.0,105.783598501671,158.67539775250648,79.33769887625324,26.44589962541775,-52.8917992508355,5.28917992508355,211.567197003342,-26.44589962541775,132.22949812708873,39.66884943812662,66.11474906354437,-105.783598501671,13.222949812708874,52.8917992508355
83.10000000000001,105.70923854356005,158.56385781534007,79.28192890767004,26.427309635890012,-52.854619271780024,5.285461927178003,211.4184770871201,-26.427309635890012,132.13654817945007,39.64096445383502,66.06827408972504,-105.70923854356005,13.213654817945006,52.854619271780024
83.2,105.63588544160136,158.45382816240203,79.22691408120102,26.40897136040034,-52.81794272080068,5.281794272080068,211.27177088320272,-26.40897136040034,132.0448568020017,39.61345704060051,66.02242840100085,-105.63588544160136,13.20448568020017,52.81794272080068
83.30000000000001,105.56349393556525,158.34524090334787,79.17262045167394,26.390873483891312,-52.781746967782624,5.278174696778263,211.1269878711305,-26.390873483891312,131.95436741945656,39.58631022583697,65.97718370972828,-105.56349393556525,13.195436741945656,52.781746967782624
83.4,105.49204912646495,158.23807368969742,79.11903684484871,26.373012281616237,-52.746024563232474,5.274602456323247,210.9840982529299,-26.373012281616237,131.86506140808117,39.559518422424354,65.93253070404059,-105.49204912646495,13.186506140808119,52.746024563232474
83.5,105.42156890257712,158.13235335386568,79.06617667693284,26.35539222564428,-52.71078445128856,5.271078445128857,210.84313780515424,-26.35539222564428,131.7769611282214,39.53308833846642,65.8884805641107,-105.42156890257712,13.17769611282214,52.71078445128856
83.60000000000001,105.35205240233921,158.02807860350882,79.01403930175441,26.338013100584803,-52.676026201169606,5.267602620116961,210.70410480467842,-26.338013100584803,131.69006550292403,39.507019650877204,65.84503275146201,-105.35205240233921,13.169006550292401,52.676026201169606
83.7,105.28344743572069,157.92517115358103,78.96258557679052,26.320861858930172,-52.641723717860344,5.264172371786035,210.56689487144138,-26.320861858930172,131.60430929465088,39.48129278839526,65.80215464732544,-105.28344743572069,13.160430929465086,52.641723717860344
83.80000000000001,105.21569561597417,157.82354342396127,78.91177171198063,26.303923903993542,-52.607847807987085,5.2607847807987085,210.43139123194834,-26.303923903993542,131.5196195199677,39.45588585599032,65.75980975998385,-105.21569561597417,13.151961951996771,52.607847807987085
83.9,105.14877123002451,157.72315684503675,78.86157842251838,26.287192807506127,-52.574385615012254,5.257438561501226,210.29754246004902,-26.287192807506127,131.43596403753062,39.43078921125919,65.71798201876531,-105.14877123002451,13.143596403753063,52.574385615012254
84.0,105.08272078282543,157.62408117423814,78.81204058711907,26.27068019570636,-52.54136039141272,5.254136039141272,210.16544156565087,-26.27068019570636,131.3534009785318,39.406020293559536,65.6767004892659,-105.08272078282543,13.13534009785318,52.54136039141272
84.10000000000001,105.01761977508073,157.5264296626211,78.76321483131055,26.254404943770183,-52.508809887540366,5.250880988754037,210.03523955016146,-26.254404943770183,131.2720247188509,39.381607415655274,65.63601235942545,-105.01761977508073,13.127202471885091,52.508809887540366
84.2,104.95358817652749,157.43038226479123,78.71519113239562,26.238397044131872,-52.476794088263745,5.247679408826375,209.90717635305498,-26.238397044131872,131.19198522065938,39.35759556619781,65.59599261032969,-104.95358817652749,13.119198522065936,52.476794088263745
84.30000000000001,104.89079606212405,157.33619409318607,78.66809704659303,26.222699015531013,-52.44539803106203,5.244539803106203,209.7815921242481,-26.222699015531013,131.11349507765507,39.33404852329652,65.55674753882754,-104.89079606212405,13.111349507765507,52.44539803106203
84.4,104.82939674013113,157.2440951101967,78.62204755509835,26.207349185032783,-52.414698370065565,5.241469837006557,209.65879348026226,-26.207349185032783,131.03674592516393,39.311023777549174,65.51837296258196,-104.82939674013113,13.103674592516391,52.414698370065565
84.5,104.76951327208181,157.15426990812273,78.57713495406136,26.192378318020452,-52.384756636040905,5.238475663604091,209.53902654416362,-26.192378318020452,130.96189159010225,39.28856747703068,65.48094579505113,-104.76951327208181,13.096189159010226,52.384756636040905
84.60000000000001,104.71116733262073,157.0667509989311,78.53337549946555,26.177791833155183,-52.355583666310366,5.235558366631037,209.42233466524146,-26.177791833155183,130.88895916577593,39.266687749732775,65.44447958288796,-104.71116733262073,13.088895916577592,52.355583666310366
84.7,104.65432368818472,156.98148553227708,78.49074276613854,26.16358092204618,-52.32716184409236,5.232716184409236,209.30864737636944,-26.16358092204618,130.8179046102309,39.24537138306927,65.40895230511545,-104.65432368818472,13.08179046102309,52.32716184409236
84.80000000000001,104.59899514929955,156.89849272394935,78.44924636197467,26.14974878732489,-52.29949757464978,5.229949757464978,209.1979902985991,-26.14974878732489,130.74874393662444,39.22462318098734,65.37437196831222,-104.59899514929955,13.074874393662444,52.29949757464978
84.9,104.54520450853789,156.81780676280684,78.40890338140342,26.136301127134473,-52.272602254268946,5.227260225426895,209.09040901707579,-26.136301127134473,130.68150563567235,39.20445169070171,65.34075281783618,-104.54520450853789,13.068150563567237,52.272602254268946
85.0,104.49301983119366,156.73952974679048,78.36976487339524,26.123254957798416,-52.24650991559683,5.224650991559684,208.98603966238733,-26.123254957798416,130.6162747889921,39.18488243669762,65.30813739449604,-104.49301983119366,13.061627478899208,52.24650991559683
85.10000000000001,104.44252074483977,156.66378111725965,78.33189055862982,26.110630186209942,-52.221260372419884,5.222126037241988,208.88504148967954,-26.110630186209942,130.55315093104971,39.16594527931491,65.27657546552486,-104.44252074483977,13.055315093104971,52.221260372419884
85.2,104.39380737227499,156.5907110584125,78.29535552920625,26.098451843068748,-52.196903686137496,5.21969036861375,208.78761474454998,-26.098451843068748,130.49225921534375,39.147677764603124,65.24612960767188,-104.39380737227499,13.049225921534374,52.196903686137496
85.30000000000001,104.34698035393907,156.5204705309086,78.2602352654543,26.08674508848477,-52.17349017696954,5.217349017696954,208.69396070787815,-26.08674508848477,130.43372544242385,39.13011763272715,65.21686272121192,-104.34698035393907,13.043372544242384,52.17349017696954
85.4,104.30213006071216,156.45319509106824,78.22659754553412,26.07553251517804,-52.15106503035608,5.215106503035608,208.60426012142432,-26.07553251517804,130.3776625758902,39.11329877276706,65.1888312879451,-104.30213006071216,13.03776625758902,52.15106503035608
85.5,104.25932702470158,156.38899053705236,78.19449526852618,26.064831756175394,-52.12966351235079,5.212966351235079,208.51865404940315,-26.064831756175394,130.32415878087699,39.09724763426309,65.16207939043849,-104.25932702470158,13.032415878087697,52.12966351235079
85.60000000000001,104.21859694518717,156.32789541778075,78.16394770889038,26.054649236296793,-52.109298472593586,5.210929847259359,208.43719389037435,-26.054649236296793,130.27324618148396,39.08197385444519,65.13662309074198,-104.21859694518717,13.027324618148397,52.109298472593586
85.7,104.17996000112461,156.2699400016869,78.13497000084345,26.044990000281153,-52.089980000562306,5.208998000056231,208.35992000224923,-26.044990000281153,130.22495000140577,39.067485000421726,65.11247500070289,-104.17996000112461,13.022495000140577,52.089980000562306
85.80000000000001,104.14347470204402,156.215212053066,78.107606026533,26.035868675511004,-52.07173735102201,5.207173735102201,208.28694940408803,-26.035868675511004,130.17934337755503,39.0538030132665,65.08967168877751,-104.14347470204402,13.017934337755502,52.07173735102201
85.9,104.10931096543382,156.16396644815075,78.08198322407537,26.027327741358455,-52.05465548271691,5.205465548271691,208.21862193086764,-26.027327741358455,130.13663870679227,39.040991612037686,65.06831935339613,-104.10931096543382,13.013663870679228,52.05465548271691
86.0,104.077651778351,156.1164776675265,78.05823883376326,26.01941294458775,-52.0388258891755,5.20388258891755,208.155303556702,-26.01941294458775,130.09706472293874,39.02911941688163,65.04853236146937,-104.077651778351,13.009706472293875,52.0388258891755
86.10000000000001,104.04865860942589,156.07298791413882,78.03649395706941,26.01216465235647,-52.02432930471294,5.202432930471295,208.09731721885177,-26.01216465235647,130.06082326178236,39.018246978534705,65.03041163089118,-104.04865860942589,13.006082326178236,52.02432930471294
86.2,104.02245489214467,156.033682338217,78.0168411691085,26.005613723036166,-52.01122744607233,5.2011227446072335,208.04490978428933,-26.005613723036166,130.02806861518084,39.00842058455425,65.01403430759042,-104.02245489214467,13.002806861518083,52.01122744607233
86.30000000000001,103.99915711235266,155.99873566852898,77.99936783426449,25.999789278088166,-51.99957855617633,5.199957855617633,207.99831422470533,-25.999789278088166,129.99894639044084,38.999683917132245,64.99947319522042,-103.99915711235266,12.999894639044083,51.99957855617633
86.4,103.9788924570554,155.9683386855831,77.98416934279155,25.99472311426385,-51.9894462285277,5.19894462285277,207.9577849141108,-25.99472311426385,129.97361557131924,38.99208467139577,64.98680778565962,-103.9788924570554,12.997361557131924,51.9894462285277
86.5,103.96180074352978,155.94270111529465,77.97135055764733,25.990450185882445,-51.98090037176489,5.198090037176489,207.92360148705956,-25.990450185882445,129.95225092941223,38.98567527882366,64.97612546470612,-103.96180074352978,12.995225092941222,51.98090037176489
86.60000000000001,103.94803543438648,155.92205315157972,77.96102657578986,25.98700885859662,-51.97401771719324,5.197401771719324,207.89607086877297,-25.98700885859662,129.9350442929831,38.98051328789493,64.96752214649155,-103.94803543438648,12.99350442929831,51.97401771719324
86.7,103.93765457855552,155.9064818678333,77.95324093391665,25.98441364463888,-51.96882728927776,5.196882728927776,207.87530915711105,-25.98441364463888,129.9220682231944,38.97662046695832,64.9610341115972,-103.93765457855552,12.99220682231944,51.96882728927776
86.80000000000001,103.93062105048139,155.8959315757221,77.94796578786105,25.982655262620348,-51.965310525240696,5.19653105252407,207.86124210096278,-25.982655262620348,129.91327631310173,38.973982893930526,64.95663815655087,-103.93062105048139,12.991327631310174,51.965310525240696
86.9,103.92692756178906,155.89039134268359,77.94519567134179,25.981731890447264,-51.96346378089453,5.196346378089453,207.85385512357811,-25.981731890447264,129.90865945223632,38.972597835670896,64.95432972611816,-103.92692756178906,12.990865945223632,51.96346378089453
87.0,103.92651344575353,155.8897701686303,77.94488508431515,25.981628361438382,-51.963256722876764,5.196325672287677,207.85302689150706,-25.981628361438382,129.9081418071919,38.97244254215757,64.95407090359595,-103.92651344575353,12.990814180719191,51.963256722876764
87.10000000000001,103.92930697574714,155.89396046362072,77.94698023181036,25.982326743936785,-51.96465348787357,5.196465348787357,207.85861395149428,-25.982326743936785,129.91163371968392,38.97349011590518,64.95581685984196,-103.92930697574714,12.991163371968392,51.96465348787357
87.2,103.9352641005057,155.90289615075855,77.95144807537928,25.983816025126426,-51.96763205025285,5.196763205025285,207.8705282010114,-25.983816025126426,129.91908012563212,38.97572403768964,64.95954006281606,-103.9352641005057,12.991908012563213,51.96763205025285
87.30000000000001,103.9443402840314,155.9165104260471,77.95825521302355,25.98608507100785,-51.9721701420157,5.19721701420157,207.8886805680628,-25.98608507100785,129.93042535503923,38.979127606511774,64.96521267751962,-103.9443402840314,12.993042535503925,51.9721701420157
87.4,103.95647525352743,155.93471288029116,77.96735644014558,25.989118813381857,-51.978237626763715,5.1978237626763715,207.91295050705486,-25.989118813381857,129.94559406690928,38.98367822007279,64.97279703345464,-103.95647525352743,12.994559406690929,51.978237626763715
87.5,103.97163273690775,155.95744910536163,77.97872455268082,25.992908184226938,-51.985816368453875,5.198581636845388,207.9432654738155,-25.992908184226938,129.9645409211347,38.98936227634041,64.98227046056735,-103.97163273690775,12.996454092113469,51.985816368453875
87.60000000000001,103.98973112444469,155.98459668666703,77.99229834333352,25.997432781111172,-51.994865562222344,5.199486556222235,207.97946224888938,-25.997432781111172,129.98716390555586,38.99614917166676,64.99358195277793,-103.98973112444469,12.998716390555586,51.994865562222344
87.7,104.0105870493027,156.01588057395406,78.00794028697703,26.002646762325675,-52.00529352465135,5.200529352465136,208.0211740986054,-26.002646762325675,130.01323381162837,39.003970143488516,65.00661690581418,-104.0105870493027,13.001323381162837,52.00529352465135
87.80000000000001,104.03401497794141,156.05102246691212,78.02551123345606,26.008503744485353,-52.017007488970705,5.201700748897071,208.06802995588282,-26.008503744485353,130.04251872242676,39.01275561672803,65.02125936121338,-104.03401497794141,13.004251872242676,52.017007488970705
87.9,104.05984208610496,156.08976312915746,78.04488156457873,26.01496052152624,-52.02992104305248,5.202992104305249,208.11968417220993,-26.01496052152624,130.0748026076312,39.022440782289365,65.0374013038156,-104.05984208610496,13.00748026076312,52.02992104305248
88.0,104.08793290627479,156.1318993594122,78.0659496797061,26.021983226568697,-52.043966453137394,5.204396645313739,208.17586581254957,-26.021983226568697,130.1099161328435,39.03297483985305,65.05495806642175,-104.08793290627479,13.010991613284348,52.043966453137394
88.10000000000001,104.11821835827907,156.1773275374186,78.0886637687093,26.029554589569766,-52.05910917913953,5.205910917913954,208.23643671655813,-26.029554589569766,130.14777294784884,39.04433188435465,65.07388647392442,-104.11821835827907,13.014777294784883,52.05910917913953
88.2,104.15064097918457,156.22596146877686,78.11298073438843,26.037660244796143,-52.075320489592286,5.207532048959229,208.30128195836915,-26.037660244796143,130.18830122398072,39.056490367194215,65.09415061199036,-104.15064097918457,13.018830122398072,52.075320489592286
88.30000000000001,104.18515385540404,156.27773078310605,78.13886539155303,26.04628846385101,-52.09257692770202,5.209257692770202,208.37030771080808,-26.04628846385101,130.23144231925505,39.06943269577651,65.11572115962753,-104.18515385540404,13.023144231925505,52.09257692770202
88.4,104.2217433134806,156.3326149702209,78.16630748511045,26.05543582837015,-52.1108716567403,5.21108716567403,208.4434866269612,-26.05543582837015,130.27717914185075,39.083153742555226,65.13858957092538,-104.2217433134806,13.027717914185075,52.1108716567403
88.5,104.26030447031467,156.390456705472,78.195228352736,26.065076117578666,-52.13015223515733,5.213015223515733,208.52060894062933,-26.065076117578666,130.32538058789333,39.097614176368,65.16269029394667,-104.26030447031467,13.032538058789333,52.13015223515733
88.60000000000001,104.30074528920306,156.4511179338046,78.2255589669023,26.075186322300766,-52.15037264460153,5.215037264460154,208.60149057840613,-26.075186322300766,130.37593161150383,39.11277948345115,65.18796580575192,-104.30074528920306,13.037593161150383,52.15037264460153
88.7,104.34301455799891,156.51452183699837,78.25726091849918,26.08575363949973,-52.17150727899946,5.217150727899946,208.68602911599783,-26.08575363949973,130.42876819749864,39.12863045924959,65.21438409874932,-104.34301455799891,13.042876819749864,52.17150727899946
88.80000000000001,104.387032089186,156.580548133779,78.2902740668895,26.0967580222965,-52.193516044593,5.2193516044593,208.774064178372,-26.0967580222965,130.4837901114825,39.14513703344475,65.24189505574125,-104.387032089186,13.04837901114825,52.193516044593
88.9,104.43272334403198,156.649085016048,78.324542508024,26.108180836007996,-52.21636167201599,5.221636167201599,208.86544668806397,-26.108180836007996,130.54090418003997,39.162271254012,65.27045209001999,-104.43272334403198,13.054090418003998,52.21636167201599
89.0,104.48002321729722,156.72003482594582,78.36001741297291,26.120005804324304,-52.24001160864861,5.224001160864861,208.96004643459443,-26.120005804324304,130.6000290216215,39.180008706486454,65.30001451081075,-104.48002321729722,13.060002902162152,52.24001160864861
89.10000000000001,104.52888250685878,156.79332376028816,78.39666188014408,26.132220626714695,-52.26444125342939,5.2264441253429395,209.05776501371756,-26.132220626714695,130.66110313357348,39.19833094007204,65.33055156678674,-104.52888250685878,13.066110313357347,52.26444125342939
89.2,104.57925098730422,156.86887648095632,78.43443824047816,26.144812746826055,-52.28962549365211,5.228962549365211,209.15850197460844,-26.144812746826055,130.72406373413028,39.21721912023908,65.36203186706514,-104.57925098730422,13.072406373413028,52.28962549365211
89.30000000000001,104.63111580878495,156.94667371317743,78.47333685658872,26.15777895219624,-52.31555790439248,5.2315557904392485,209.2622316175699,-26.15777895219624,130.78889476098118,39.23666842829436,65.39444738049059,-104.63111580878495,13.07888947609812,52.31555790439248
89.4,104.6844715638846,157.0267073458269,78.51335367291345,26.17111789097115,-52.3422357819423,5.23422357819423,209.3689431277692,-26.17111789097115,130.85558945485576,39.25667683645673,65.42779472742788,-104.6844715638846,13.085558945485575,52.3422357819423
89.5,104.73930197028741,157.1089529554311,78.55447647771555,26.184825492571854,-52.36965098514371,5.236965098514371,209.47860394057483,-26.184825492571854,130.92412746285927,39.27723823885778,65.46206373142964,-104.73930197028741,13.092412746285927,52.36965098514371
89.60000000000001,104.79557246410991,157.19335869616486,78.59667934808243,26.198893116027477,-52.397786232054955,5.2397786232054955,209.59114492821982,-26.198893116027477,130.9944655801374,39.298339674041216,65.4972327900687,-104.79557246410991,13.099446558013739,52.397786232054955
89.7,104.85328383162987,157.2799257474448,78.6399628737224,26.213320957907467,-52.42664191581493,5.242664191581493,209.70656766325973,-26.213320957907467,131.06660478953734,39.3199814368612,65.53330239476867,-104.85328383162987,13.106660478953733,52.42664191581493
89.80000000000001,104.9124667016741,157.36870005251114,78.68435002625557,26.228116675418526,-52.45623335083705,5.245623335083706,209.8249334033482,-26.228116675418526,131.14058337709264,39.342175013127786,65.57029168854632,-104.9124667016741,13.114058337709263,52.45623335083705
89.9,104.97314122151188,157.45971183226783,78.72985591613391,26.24328530537797,-52.48657061075594,5.248657061075594,209.94628244302376,-26.24328530537797,131.21642652688985,39.36492795806696,65.60821326344492,-104.97314122151188,13.121642652688985,52.48657061075594
90.0,105.03524497452207,157.5528674617831,78.77643373089155,26.258811243630518,-52.517622487261036,5.251762248726104,210.07048994904414,-26.258811243630518,131.2940562181526,39.38821686544578,65.6470281090763,-105.03524497452207,13.129405621815259,52.517622487261036
90.10000000000001,105.09869747933698,157.64804621900547,78.82402310950273,26.274674369834244,-52.54934873966849,5.2549348739668496,210.19739495867395,-26.274674369834244,131.37337184917124,39.412011554751366,65.68668592458562,-105.09869747933698,13.137337184917122,52.54934873966849
90.2,105.16340032845707,157.7451004926856,78.8725502463428,26.290850082114268,-52.581700164228536,5.258170016422854,210.32680065691414,-26.290850082114268,131.45425041057135,39.4362751231714,65.72712520528567,-105.16340032845707,13.145425041057134,52.581700164228536
90.30000000000001,105.22922807615737,157.84384211423605,78.92192105711803,26.307307019039342,-52.614614038078685,5.261461403807869,210.45845615231474,-26.307307019039342,131.5365350951967,39.46096052855901,65.76826754759836,-105.22922807615737,13.153653509519671,52.614614038078685
90.4,105.29603010730925,157.94404516096387,78.97202258048193,26.324007526827312,-52.648015053654625,5.264801505365463,210.5920602146185,-26.324007526827312,131.62003763413657,39.48601129024097,65.81001881706828,-105.29603010730925,13.162003763413656,52.648015053654625
90.5,105.36360391690913,158.04540587536368,79.02270293768184,26.340900979227282,-52.681801958454564,5.268180195845456,210.72720783381826,-26.340900979227282,131.7045048961364,39.51135146884092,65.8522524480682,-105.36360391690913,13.170450489613641,52.681801958454564
90.60000000000001,105.43168369844504,158.14752554766756,79.07376277383378,26.35792092461126,-52.71584184922252,5.2715841849222524,210.86336739689008,-26.35792092461126,131.7896046230563,39.53688138691689,65.89480231152815,-105.43168369844504,13.17896046230563,52.71584184922252
90.7,105.50009599205438,158.25014398808156,79.12507199404078,26.375023998013596,-52.75004799602719,5.275004799602719,211.00019198410877,-26.375023998013596,131.875119990068,39.56253599702039,65.937559995034,-105.50009599205438,13.187511999006798,52.75004799602719
90.80000000000001,105.56869868032094,158.3530480204814,79.1765240102407,26.392174670080234,-52.78434934016047,5.2784349340160475,211.13739736064187,-26.392174670080234,131.96087335040116,39.58826200512035,65.98043667520058,-105.56869868032094,13.196087335040117,52.78434934016047
90.9,105.6373744804992,158.4560617207488,79.2280308603744,26.4093436201248,-52.8186872402496,5.28186872402496,211.2747489609984,-26.4093436201248,132.046718100624,39.6140154301872,66.023359050312,-105.6373744804992,13.2046718100624,52.8186872402496
91.0,105.70610163596018,158.55915245394027,79.27957622697014,26.426525408990045,-52.85305081798009,5.285305081798009,211.41220327192036,-26.426525408990045,132.13262704495023,39.63978811348507,66.06631352247511,-105.70610163596018,13.213262704495023,52.85305081798009
91.10000000000001,105.77492493682993,158.66238740524489,79.33119370262244,26.443731234207483,-52.88746246841497,5.288746246841497,211.54984987365987,-26.443731234207483,132.21865617103742,39.66559685131122,66.10932808551871,-105.77492493682993,13.221865617103742,52.88746246841497
91.2,105.84383642339593,158.76575463509388,79.38287731754694,26.460959105848982,-52.921918211697964,5.292191821169797,211.68767284679186,-26.460959105848982,132.3047955292449,39.69143865877347,66.15239776462245,-105.84383642339593,13.230479552924491,52.921918211697964
91.30000000000001,105.91280511321908,158.86920766982863,79.43460383491431,26.47820127830477,-52.95640255660954,5.295640255660954,211.82561022643816,-26.47820127830477,132.39100639152386,39.717301917457156,66.19550319576193,-105.91280511321908,13.239100639152385,52.95640255660954
91.4,105.98184191141289,158.97276286711934,79.48638143355967,26.49546047785322,-52.99092095570644,5.299092095570645,211.96368382282577,-26.49546047785322,132.4773023892661,39.743190716779836,66.23865119463305,-105.98184191141289,13.24773023892661,52.99092095570644
91.5,106.05095257480465,159.07642886220697,79.53821443110348,26.512738143701164,-53.02547628740233,5.302547628740233,212.1019051496093,-26.512738143701164,132.56369071850582,39.76910721555174,66.28184535925291,-106.05095257480465,13.256369071850582,53.02547628740233
91.60000000000001,106.1201591473965,159.18023872109475,79.59011936054738,26.530039786849127,-53.06007957369825,5.306007957369825,212.240318294793,-26.530039786849127,132.65019893424562,39.79505968027369,66.32509946712281,-106.1201591473965,13.265019893424563,53.06007957369825
91.7,106.18942289020464,159.28413433530696,79.64206716765348,26.54735572255116,-53.09471144510232,5.3094711445102325,212.37884578040928,-26.54735572255116,132.7367786127558,39.82103358382674,66.3683893063779,-106.18942289020464,13.27367786127558,53.09471144510232
91.80000000000001,106.25862985322496,159.38794477983743,79.69397238991871,26.56465746330624,-53.12931492661248,5.3129314926612485,212.51725970644992,-26.56465746330624,132.8232873165312,39.84698619495936,66.4116436582656,-106.25862985322496,13.28232873165312,53.12931492661248
91.9,106.32763088244388,159.49144632366583,79.74572316183291,26.58190772061097,-53.16381544122194,5.316381544122194,212.65526176488777,-26.58190772061097,132.90953860305484,39.87286158091646,66.45476930152742,-106.32763088244388,13.290953860305486,53.16381544122194
92.0,106.39626668823989,159.59440003235983,79.79720001617991,26.599066672059973,-53.198133344119945,5.319813334411995,212.79253337647978,-26.599066672059973,132.99533336029987,39.89860000808996,66.49766668014993,-106.39626668823989,13.299533336029986,53.198133344119945
92.10000000000001,106.46437492871908,159.69656239307864,79.84828119653932,26.61609373217977,-53.23218746435954,5.323218746435955,212.92874985743816,-26.61609373217977,133.08046866089884,39.92414059826966,66.54023433044942,-106.46437492871908,13.308046866089885,53.23218746435954
92.2,106.53180857989514,159.7977128698427,79.89885643492136,26.632952144973785,-53.26590428994757,5.326590428994757,213.06361715979028,-26.632952144973785,133.16476072486893,39.94942821746068,66.58238036243446,-106.53180857989514,13.316476072486893,53.26590428994757
92.30000000000001,106.5984471999079,159.89767079986183,79.94883539993091,26.649611799976974,-53.29922359995395,5.329922359995395,213.1968943998158,-26.649611799976974,133.24805899988488,39.97441769996546,66.62402949994244,-106.5984471999079,13.324805899988487,53.29922359995395
92.4,106.66406880502531,159.99610320753797,79.99805160376899,26.666017201256327,-53.332034402512654,5.333203440251266,213.32813761005062,-26.666017201256327,133.33008600628165,39.99902580188449,66.66504300314082,-106.66406880502531,13.333008600628164,53.332034402512654
92.5,106.7283933032167,160.09258995482506,80.04629497741253,26.682098325804176,-53.36419665160835,5.336419665160836,213.4567866064334,-26.682098325804176,133.4104916290209,40.023147488706265,66.70524581451045,-106.7283933032167,13.341049162902088,53.36419665160835
92.60000000000001,106.79109525606688,160.1866428841003,80.09332144205015,26.69777381401672,-53.39554762803344,5.339554762803345,213.58219051213376,-26.69777381401672,133.4888690700836,40.04666072102508,66.7444345350418,-106.79109525606688,13.34888690700836,53.39554762803344
92.7,106.85186306431554,160.2777945964733,80.13889729823666,26.712965766078884,-53.42593153215777,5.342593153215777,213.70372612863108,-26.712965766078884,133.56482883039442,40.06944864911833,66.78241441519721,-106.85186306431554,13.356482883039442,53.42593153215777
92.80000000000001,106.91049608590654,160.36574412885983,80.18287206442992,26.727624021476636,-53.45524804295327,5.345524804295327,213.8209921718131,-26.727624021476636,133.63812010738317,40.09143603221496,66.81906005369159,-106.91049608590654,13.363812010738318,53.45524804295327
92.9,106.96681397799424,160.45022096699137,80.22511048349568,26.74170349449856,-53.48340698899712,5.348340698899712,213.93362795598847,-26.74170349449856,133.7085174724928,40.11255524174784,66.8542587362464,-106.96681397799424,13.37085174724928,53.48340698899712
93.0,107.02064900956012,160.5309735143402,80.2654867571701,26.75516225239003,-53.51032450478006,5.351032450478006,214.04129801912023,-26.75516225239003,133.77581126195014,40.13274337858505,66.88790563097507,-107.02064900956012,13.377581126195015,53.51032450478006
93.10000000000001,107.07191300098128,160.60786950147192,80.30393475073596,26.76797825024532,-53.53595650049064,5.353595650049065,214.14382600196257,-26.76797825024532,133.83989125122662,40.15196737536798,66.91994562561331,-107.07191300098128,13.38398912512266,53.53595650049064
93.2,107.12060718499525,160.68091077749287,80.34045538874643,26.780151796248813,-53.560303592497625,5.356030359249763,214.2412143699905,-26.780151796248813,133.90075898124405,40.17022769437322,66.95037949062203,-107.12060718499525,13.390075898124406,53.560303592497625
93.30000000000001,107.16684115951101,160.7502617392665,80.37513086963325,26.791710289877752,-53.583420579755504,5.358342057975551,214.33368231902202,-26.791710289877752,133.95855144938875,40.18756543481663,66.97927572469438,-107.16684115951101,13.395855144938876,53.583420579755504
93.4,107.21070885709503,160.81606328564254,80.40803164282127,26.802677214273757,-53.605354428547514,5.360535442854752,214.42141771419006,-26.802677214273757,134.01338607136879,40.204015821410636,67.00669303568439,-107.21070885709503,13.401338607136879,53.605354428547514
93.5,107.25231986798815,160.87847980198222,80.43923990099111,26.813079966997037,-53.626159933994074,5.362615993399408,214.5046397359763,-26.813079966997037,134.0653998349852,40.219619950495556,67.0326999174926,-107.25231986798815,13.406539983498519,53.626159933994074
93.60000000000001,107.29182401159382,160.93773601739073,80.46886800869537,26.822956002898454,-53.64591200579691,5.364591200579691,214.58364802318764,-26.822956002898454,134.11478001449228,40.23443400434768,67.05739000724614,-107.29182401159382,13.411478001449227,53.64591200579691
93.7,107.32938422159097,160.99407633238644,80.49703816619322,26.832346055397743,-53.664692110795485,5.366469211079549,214.65876844318194,-26.832346055397743,134.16173027698872,40.24851908309661,67.08086513849436,-107.32938422159097,13.416173027698871,53.664692110795485
93.80000000000001,107.36516851510237,161.04775277265355,80.52387638632678,26.841292128775592,-53.682584257551184,5.368258425755119,214.73033703020474,-26.841292128775592,134.20646064387796,40.26193819316339,67.10323032193898,-107.36516851510237,13.420646064387796,53.682584257551184
93.9,107.39934529839614,161.0990179475942,80.5495089737971,26.849836324599035,-53.69967264919807,5.369967264919808,214.79869059679228,-26.849836324599035,134.24918162299517,40.27475448689855,67.12459081149758,-107.39934529839614,13.424918162299518,53.69967264919807
94.0,107.43203258169405,161.14804887254107,80.57402443627053,26.85800814542351,-53.71601629084702,5.371601629084703,214.8640651633881,-26.85800814542351,134.29004072711757,40.28701221813527,67.14502036355879,-107.43203258169405,13.429004072711756,53.71601629084702
94.10000000000001,107.46328577244589,161.19492865866883,80.59746432933441,26.86582144311147,-53.73164288622294,5.373164288622295,214.92657154489177,-26.86582144311147,134.32910721555737,40.29873216466721,67.16455360777869,-107.46328577244589,13.432910721555736,53.73164288622294
94.2,107.49311070725818,161.23966606088726,80.61983303044363,26.873277676814546,-53.74655535362909,5.374655535362909,214.98622141451636,-26.873277676814546,134.36638838407274,40.309916515221815,67.18319419203637,-107.49311070725818,13.436638838407273,53.74655535362909
94.30000000000001,107.5214393209859,161.28215898147886,80.64107949073943,26.880359830246476,-53.76071966049295,5.376071966049295,215.0428786419718,-26.880359830246476,134.40179915123238,40.320539745369715,67.20089957561619,-107.5214393209859,13.440179915123238,53.76071966049295
94.4,107.54815926163266,161.32223889244898,80.66111944622449,26.887039815408166,-53.77407963081633,5.377407963081634,215.09631852326532,-26.887039815408166,134.43519907704083,40.330559723112245,67.21759953852042,-107.54815926163266,13.443519907704083,53.77407963081633
94.5,107.57311674467817,161.35967511701728,80.67983755850864,26.893279186169543,-53.78655837233909,5.378655837233909,215.14623348935635,-26.893279186169543,134.4663959308477,40.33991877925432,67.23319796542386,-107.57311674467817,13.446639593084772,53.78655837233909
94.60000000000001,107.59617841314255,161.39426761971384,80.69713380985692,26.89904460328564,-53.79808920657128,5.379808920657128,215.1923568262851,-26.89904460328564,134.49522301642818,40.34856690492846,67.24761150821409,-107.59617841314255,13.44952230164282,53.79808920657128
94.7,107.61722775984964,161.42584163977446,80.71292081988723,26.90430693996241,-53.80861387992482,5.380861387992482,215.23445551969928,-26.90430693996241,134.52153469981204,40.356460409943615,67.26076734990602,-107.61722775984964,13.452153469981205,53.80861387992482
94.80000000000001,107.63614346846786,161.4542152027018,80.7271076013509,26.909035867116966,-53.81807173423393,5.381807173423393,215.27228693693573,-26.909035867116966,134.54517933558483,40.36355380067545,67.27258966779242,-107.63614346846786,13.454517933558483,53.81807173423393
94.9,107.65280181898453,161.4792027284768,80.7396013642384,26.913200454746132,-53.826400909492264,5.382640090949227,215.30560363796906,-26.913200454746132,134.56600227373065,40.3698006821192,67.28300113686532,-107.65280181898453,13.456600227373066,53.826400909492264
95.0,107.66710569997427,161.5006585499614,80.7503292749807,26.916776424993568,-53.833552849987136,5.383355284998714,215.33421139994854,-26.916776424993568,134.58388212496783,40.37516463749035,67.29194106248391,-107.66710569997427,13.458388212496784,53.833552849987136
95.10000000000001,107.67901275382621,161.51851913073932,80.75925956536966,26.919753188456554,-53.83950637691311,5.383950637691311,215.35802550765243,-26.919753188456554,134.59876594228277,40.37962978268483,67.29938297114138,-107.67901275382621,13.459876594228277,53.83950637691311
95.2,107.68854975394036,161.53282463091054,80.76641231545527,26.92213743848509,-53.84427487697018,5.384427487697018,215.37709950788073,-26.92213743848509,134.61068719242544,40.383206157727635,67.30534359621272,-107.68854975394036,13.461068719242546,53.84427487697018
95.30000000000001,107.69574266545115,161.54361399817674,80.77180699908837,26.923935666362787,-53.847871332725575,5.384787133272558,215.3914853309023,-26.923935666362787,134.61967833181393,40.385903499544185,67.30983916590696,-107.69574266545115,13.461967833181394,53.847871332725575
95.4,107.70063576193198,161.55095364289798,80.77547682144899,26.925158940482994,-53.85031788096599,5.385031788096599,215.40127152386395,-26.925158940482994,134.62579470241496,40.387738410724495,67.31289735120748,-107.70063576193198,13.462579470241497,53.85031788096599
95.5,107.70331601052574,161.55497401578862,80.77748700789431,26.925829002631435,-53.85165800526287,5.385165800526288,215.40663202105148,-26.925829002631435,134.62914501315717,40.388743503947154,67.31457250657859,-107.70331601052574,13.462914501315717,53.85165800526287
95.60000000000001,107.70391546870516,161.55587320305773,80.77793660152886,26.92597886717629,-53.85195773435258,5.3851957734352585,215.40783093741032,-26.92597886717629,134.62989433588146,40.38896830076443,67.31494716794073,-107.70391546870516,13.462989433588145,53.85195773435258
95.7,107.70260218838601,161.55390328257903,80.77695164128951,26.925650547096502,-53.851301094193005,5.3851301094193005,215.40520437677202,-26.925650547096502,134.6282527354825,40.38847582064476,67.31412636774125,-107.70260218838601,13.462825273548251,53.851301094193005
95.80000000000001,107.6995369213435,161.54930538201523,80.77465269100762,26.924884230335874,-53.84976846067175,5.384976846067175,215.399073842687,-26.924884230335874,134.62442115167937,40.38732634550381,67.31221057583969,-107.6995369213435,13.462442115167937,53.84976846067175
95.9,107.69490783978543,161.54236175967816,80.77118087983908,26.923726959946357,-53.847453919892715,5.384745391989272,215.38981567957086,-26.923726959946357,134.61863479973178,40.38559043991954,67.30931739986589,-107.69490783978543,13.461863479973179,53.847453919892715
96.0,107.68891583093892,161.5333737464084,80.7666868732042,26.92222895773473,-53.84445791546946,5.384445791546947,215.37783166187785,-26.92222895773473,134.61114478867364,40.3833434366021,67.30557239433682,-107.68891583093892,13.461114478867366,53.84445791546946
96.10000000000001,107.68172573428328,161.5225886014249,80.76129430071245,26.92043143357082,-53.84086286714164,5.384086286714164,215.36345146856655,-26.92043143357082,134.6021571678541,40.380647150356225,67.30107858392705,-107.68172573428328,13.46021571678541,53.84086286714164
96.2,107.673508061355,161.5102620920325,80.75513104601625,26.91837701533875,-53.8367540306775,5.38367540306775,215.34701612271,-26.91837701533875,134.59188507669376,40.37756552300812,67.29594253834688,-107.673508061355,13.459188507669374,53.8367540306775
96.30000000000001,107.66435095280985,161.49652642921478,80.74826321460739,26.916087738202464,-53.83217547640493,5.383217547640493,215.3287019056197,-26.916087738202464,134.58043869101232,40.374131607303696,67.29021934550616,-107.66435095280985,13.458043869101232,53.83217547640493
96.4,107.65429637877087,161.4814445681563,80.74072228407815,26.913574094692716,-53.82714818938543,5.382714818938544,215.30859275754173,-26.913574094692716,134.56787047346359,40.37036114203907,67.28393523673179,-107.65429637877087,13.456787047346358,53.82714818938543
96.5,107.64338873477402,161.46508310216103,80.73254155108052,26.910847183693505,-53.82169436738701,5.382169436738701,215.28677746954804,-26.910847183693505,134.55423591846753,40.36627077554026,67.27711795923376,-107.64338873477402,13.455423591846753,53.82169436738701
96.60000000000001,107.63164308474069,161.44746462711103,80.72373231355552,26.907910771185172,-53.815821542370344,5.381582154237035,215.26328616948138,-26.907910771185172,134.53955385592587,40.36186615677776,67.26977692796294,-107.63164308474069,13.453955385592586,53.815821542370344
96.7,107.61912499861432,161.4286874979215,80.71434374896074,26.90478124965358,-53.80956249930716,5.380956249930716,215.23824999722865,-26.90478124965358,134.5239062482679,40.35717187448037,67.26195312413395,-107.61912499861432,13.45239062482679,53.80956249930716
96.80000000000001,107.60588671914724,161.40883007872085,80.70441503936043,26.90147167978681,-53.80294335957362,5.3802943359573625,215.21177343829447,-26.90147167978681,134.50735839893406,40.35220751968021,67.25367919946703,-107.60588671914724,13.450735839893404,53.80294335957362
96.9,107.59190062731344,161.38785094097017,80.69392547048508,26.89797515682836,-53.79595031365672,5.379595031365672,215.18380125462687,-26.89797515682836,134.4898757841418,40.34696273524254,67.2449378920709,-107.59190062731344,13.44898757841418,53.79595031365672
97.0,107.57707981296994,161.3656197194549,80.68280985972746,26.894269953242485,-53.78853990648497,5.378853990648498,215.15415962593988,-26.894269953242485,134.47134976621243,40.34140492986373,67.23567488310621,-107.57707981296994,13.447134976621243,53.78853990648497
97.10000000000001,107.56133052105275,161.34199578157913,80.67099789078956,26.890332630263188,-53.780665260526376,5.378066526052638,215.1226610421055,-26.890332630263188,134.45166315131593,40.33549894539478,67.22583157565796,-107.56133052105275,13.445166315131594,53.780665260526376
97.2,107.54460976407488,161.3169146461123,80.65845732305615,26.88615244101872,-53.77230488203744,5.377230488203744,215.08921952814975,-26.88615244101872,134.4307622050936,40.32922866152808,67.2153811025468,-107.54460976407488,13.44307622050936,53.77230488203744
97.30000000000001,107.52690950444033,161.2903642566605,80.64518212833025,26.88172737611008,-53.76345475222016,5.376345475222017,215.05381900888065,-26.88172737611008,134.4086368805504,40.322591064165124,67.2043184402752,-107.52690950444033,13.44086368805504,53.76345475222016
97.4,107.50825085382108,161.26237628073162,80.63118814036581,26.87706271345527,-53.75412542691054,5.375412542691055,215.01650170764216,-26.87706271345527,134.38531356727634,40.315594070182904,67.19265678363817,-107.50825085382108,13.438531356727635,53.75412542691054
97.5,107.48867114493953,161.2330067174093,80.61650335870465,26.872167786234883,-53.744335572469765,5.374433557246977,214.97734228987906,-26.872167786234883,134.3608389311744,40.308251679352324,67.1804194655872,-107.48867114493953,13.436083893117441,53.744335572469765
97.60000000000001,107.46820088171344,161.20230132257018,80.60115066128509,26.86705022042836,-53.73410044085672,5.373410044085673,214.9364017634269,-26.86705022042836,134.3352511021418,40.300575330642545,67.1676255510709,-107.46820088171344,13.43352511021418,53.73410044085672
97.7,107.44684075755816,161.17026113633725,80.58513056816862,26.86171018938954,-53.72342037877908,5.3723420378779085,214.89368151511633,-26.86171018938954,134.30855094694772,40.29256528408431,67.15427547347386,-107.44684075755816,13.43085509469477,53.72342037877908
97.80000000000001,107.42458349544091,161.13687524316137,80.56843762158069,26.85614587386023,-53.71229174772046,5.371229174772046,214.84916699088183,-26.85614587386023,134.28072936930113,40.28421881079034,67.14036468465056,-107.42458349544091,13.428072936930114,53.71229174772046
97.9,107.40145796242663,161.10218694363994,80.55109347181997,26.85036449060666,-53.70072898121332,5.370072898121332,214.80291592485327,-26.85036449060666,134.2518224530333,40.275546735909984,67.12591122651665,-107.40145796242663,13.42518224530333,53.70072898121332
98.0,107.37752955809711,161.06629433714568,80.53314716857284,26.844382389524277,-53.688764779048554,5.3688764779048554,214.75505911619422,-26.844382389524277,134.22191194762138,40.26657358428642,67.11095597381069,-107.37752955809711,13.422191194762139,53.688764779048554
98.10000000000001,107.35293676564334,161.029405148465,80.5147025742325,26.838234191410834,-53.67646838282167,5.367646838282167,214.70587353128667,-26.838234191410834,134.19117095705417,40.25735128711625,67.09558547852708,-107.35293676564334,13.419117095705417,53.67646838282167
98.2,107.32782194173048,160.99173291259572,80.49586645629786,26.83195548543262,-53.66391097086524,5.366391097086524,214.65564388346095,-26.83195548543262,134.1597774271631,40.24793322814893,67.07988871358155,-107.32782194173048,13.41597774271631,53.66391097086524
98.30000000000001,107.30228045010861,160.95342067516293,80.47671033758147,26.825570112527153,-53.651140225054306,5.365114022505431,214.60456090021722,-26.825570112527153,134.12785056263576,40.23835516879073,67.06392528131788,-107.30228045010861,13.412785056263576,53.651140225054306
98.4,107.27640012166681,160.9146001825002,80.4573000912501,26.819100030416703,-53.638200060833405,5.3638200060833405,214.55280024333362,-26.819100030416703,134.0955001520835,40.22865004562505,67.04775007604175,-107.27640012166681,13.409550015208351,53.638200060833405
98.5,107.25029376176789,160.87544064265182,80.43772032132591,26.812573440441973,-53.625146880883946,5.362514688088395,214.50058752353578,-26.812573440441973,134.06286720220987,40.218860160662956,67.03143360110494,-107.25029376176789,13.406286720220987,53.625146880883946
98.60000000000001,107.22408699178709,160.83613048768063,80.41806524384032,26.806021747946772,-53.612043495893545,5.361204349589355,214.44817398357418,-26.806021747946772,134.03010873973386,40.20903262192016,67.01505436986693,-107.22408699178709,13.403010873973386,53.612043495893545
98.7,107.1978394314279,160.79675914714184,80.39837957357092,26.799459857856974,-53.59891971571395,5.359891971571395,214.3956788628558,-26.799459857856974,133.99729928928485,40.19918978678546,66.99864964464243,-107.1978394314279,13.399729928928487,53.59891971571395
98.80000000000001,107.17153517286286,160.7573027592943,80.37865137964715,26.792883793215715,-53.58576758643143,5.358576758643143,214.34307034572572,-26.792883793215715,133.96441896607857,40.189325689823576,66.98220948303928,-107.17153517286286,13.396441896607858,53.58576758643143
98.9,107.14514580491269,160.71771870736904,80.35885935368452,26.78628645122817,-53.57257290245634,5.357257290245634,214.29029160982537,-26.78628645122817,133.93143225614085,40.17942967684226,66.96571612807043,-107.14514580491269,13.393143225614086,53.57257290245634
99.0,107.11867455715137,160.67801183572703,80.33900591786352,26.77966863928784,-53.55933727857568,5.355933727857568,214.23734911430273,-26.77966863928784,133.8983431964392,40.16950295893176,66.9491715982196,-107.11867455715137,13.38983431964392,53.55933727857568
99.10000000000001,107.09211025894801,160.638165388422,80.319082694211,26.773027564737003,-53.546055129474006,5.354605512947401,214.18422051789602,-26.773027564737003,133.86513782368502,40.1595413471055,66.93256891184251,-107.09211025894801,13.386513782368501,53.546055129474006
99.2,107.0654033036061,160.59810495540916,80.29905247770458,26.766350825901526,-53.53270165180305,5.353270165180305,214.1308066072122,-26.766350825901526,133.83175412950763,40.14952623885229,66.91587706475381,-107.0654033036061,13.383175412950763,53.53270165180305
99.30000000000001,107.03847903021233,160.5577185453185,80.27885927265925,26.759619757553082,-53.519239515106165,5.351923951510617,214.07695806042466,-26.759619757553082,133.7980987877654,40.13942963632962,66.8990493938827,-107.03847903021233,13.379809878776541,53.519239515106165
99.4,107.01121629522677,160.51682444284017,80.25841222142009,26.752804073806693,-53.50560814761339,5.350560814761339,214.02243259045355,-26.752804073806693,133.76402036903346,40.129206110710044,66.88201018451673,-107.01121629522677,13.376402036903347,53.50560814761339
99.5,106.98348521750043,160.47522782625066,80.23761391312533,26.745871304375108,-53.491742608750215,5.349174260875022,213.96697043500086,-26.745871304375108,133.72935652187553,40.118806956562665,66.86467826093777,-106.98348521750043,13.372935652187554,53.491742608750215
99.60000000000001,106.95521047419982,160.43281571129972,80.21640785564986,26.738802618549954,-53.47760523709991,5.347760523709991,213.91042094839963,-26.738802618549954,133.69401309274977,40.10820392782493,66.84700654637489,-106.95521047419982,13.369401309274977,53.47760523709991
99.7,106.92630722525466,160.38946083788198,80.19473041894099,26.731576806313665,-53.46315361262733,5.346315361262733,213.85261445050932,-26.731576806313665,133.65788403156833,40.097365209470496,66.82894201578416,-106.92630722525466,13.365788403156833,53.46315361262733
99.80000000000001,106.89671623567187,160.3450743535078,80.1725371767539,26.72417905891797,-53.44835811783594,5.344835811783594,213.79343247134375,-26.72417905891797,133.62089529458984,40.08626858837695,66.81044764729492,-106.89671623567187,13.362089529458984,53.44835811783594
99.9,106.86643539336845,160.2996530900527,80.14982654502634,26.716608848342112,-53.433217696684224,5.343321769668423,213.7328707867369,-26.716608848342112,133.58304424171055,40.07491327251317,66.79152212085528,-106.86643539336845,13.358304424171056,53.433217696684224
100.0,106.83547072257423,160.25320608386136,80.12660304193068,26.708867680643557,-53.417735361287114,5.341773536128712,213.67094144514846,-26.708867680643557,133.54433840321778,40.06330152096534,66.77216920160889,-106.83547072257423,13.354433840321779,53.417735361287114
100.10000000000001,106.8037610079279,160.20564151189186,80.10282075594593,26.700940251981976,-53.40188050396395,5.340188050396396,213.6075220158558,-26.700940251981976,133.5047012599099,40.051410377972964,66.75235062995495,-106.8037610079279,13.350470125990988,53.40188050396395
100.2,106.77125972481019,160.1568895872153,80.07844479360764,26.692814931202548,-53.385629862405096,5.33856298624051,213.54251944962039,-26.692814931202548,133.46407465601274,40.03922239680382,66.73203732800637,-106.77125972481019,13.346407465601274,53.385629862405096
100.30000000000001,106.73793535952892,160.10690303929337,80.05345151964669,26.68448383988223,-53.36896767976446,5.336896767976446,213.47587071905784,-26.68448383988223,133.42241919941114,40.02672575982334,66.71120959970557,-106.73793535952892,13.342241919941115,53.36896767976446
100.4,106.7038170256339,160.05572553845084,80.02786276922542,26.675954256408474,-53.35190851281695,5.335190851281695,213.4076340512678,-26.675954256408474,133.37977128204238,40.01393138461271,66.68988564102119,-106.7038170256339,13.337977128204237,53.35190851281695
100.5,106.66898794728493,160.0034819209274,80.0017409604637,26.667246986821233,-53.334493973642466,5.333449397364247,213.33797589456987,-26.667246986821233,133.33623493410616,40.00087048023185,66.66811746705308,-106.66898794728493,13.333623493410617,53.334493973642466
100.60000000000001,106.6334931280041,159.95023969200616,79.97511984600308,26.658373282001026,-53.31674656400205,5.331674656400206,213.2669862560082,-26.658373282001026,133.29186641000513,39.98755992300154,66.64593320500256,-106.6334931280041,13.329186641000513,53.31674656400205
100.7,106.59738226609822,159.89607339914733,79.94803669957366,26.649345566524556,-53.29869113304911,5.329869113304912,213.19476453219644,-26.649345566524556,133.24672783262278,39.97401834978683,66.62336391631139,-106.59738226609822,13.324672783262278,53.29869113304911
100.80000000000001,106.56073353912836,159.84110030869255,79.92055015434627,26.64018338478209,-53.28036676956418,5.328036676956419,213.12146707825673,-26.64018338478209,133.20091692391046,39.96027507717314,66.60045846195523,-106.56073353912836,13.320091692391046,53.28036676956418
100.9,106.52364343446618,159.78546515169927,79.89273257584964,26.630910858616545,-53.26182171723309,5.3261821717233095,213.04728686893236,-26.630910858616545,133.15455429308273,39.94636628792482,66.57727714654136,-106.52364343446618,13.315455429308273,53.26182171723309
101.0,106.48616992984151,159.72925489476228,79.86462744738114,26.621542482460377,-53.243084964920754,5.324308496492076,212.97233985968302,-26.621542482460377,133.10771241230188,39.93231372369057,66.55385620615094,-106.48616992984151,13.310771241230189,53.243084964920754
101.10000000000001,106.44830849973447,159.6724627496017,79.83623137480085,26.612077124933617,-53.22415424986723,5.3224154249867235,212.89661699946893,-26.612077124933617,133.06038562466807,39.91811568740042,66.53019281233404,-106.44830849973447,13.306038562466808,53.22415424986723
101.2,106.41005380970984,159.61508071456475,79.80754035728238,26.60251345242746,-53.20502690485492,5.320502690485492,212.82010761941967,-26.60251345242746,133.01256726213728,39.90377017864119,66.50628363106864,-106.41005380970984,13.30125672621373,53.20502690485492
101.30000000000001,106.37142690237806,159.5571403535671,79.77857017678355,26.592856725594515,-53.18571345118903,5.318571345118904,212.74285380475612,-26.592856725594515,132.96428362797258,39.88928508839177,66.48214181398629,-106.37142690237806,13.296428362797258,53.18571345118903
101.4,106.33248651138547,159.4987297670782,79.7493648835391,26.583121627846367,-53.166243255692734,5.316624325569274,212.66497302277094,-26.583121627846367,132.91560813923184,39.87468244176955,66.45780406961592,-106.33248651138547,13.291560813923184,53.166243255692734
101.5,106.29330145580793,159.4399521837119,79.71997609185595,26.573325363951984,-53.14665072790397,5.3146650727903975,212.58660291161587,-26.573325363951984,132.86662681975992,39.85998804592798,66.43331340987996,-106.29330145580793,13.286662681975992,53.14665072790397
101.60000000000001,106.253981187388,159.380971781082,79.690485890541,26.563495296847,-53.126990593694,5.3126990593694,212.507962374776,-26.563495296847,132.81747648423502,39.8452429452705,66.40873824211751,-106.253981187388,13.2817476484235,53.126990593694
101.7,106.21470237587157,159.32205356380734,79.66102678190367,26.553675593967892,-53.107351187935784,5.310735118793579,212.42940475174314,-26.553675593967892,132.76837796983946,39.830513390951836,66.38418898491973,-106.21470237587157,13.276837796983946,53.107351187935784
101.80000000000001,106.17557213249955,159.26335819874933,79.63167909937467,26.54389303312489,-53.08778606624978,5.308778606624978,212.3511442649991,-26.54389303312489,132.71946516562446,39.81583954968733,66.35973258281223,-106.17557213249955,13.271946516562444,53.08778606624978
101.9,106.13658326336687,159.2048748950503,79.60243744752515,26.53414581584172,-53.06829163168344,5.306829163168344,212.27316652673375,-26.53414581584172,132.6707290792086,39.801218723762574,66.3353645396043,-106.13658326336687,13.26707290792086,53.06829163168344
102.0,106.09769277770417,159.14653916655624,79.57326958327812,26.524423194426042,-53.048846388852084,5.304884638885209,212.19538555540834,-26.524423194426042,132.62211597213022,39.78663479163906,66.31105798606511,-106.09769277770417,13.262211597213021,53.048846388852084
102.10000000000001,106.0588889632381,159.08833344485714,79.54416672242857,26.514722240809526,-53.02944448161905,5.302944448161906,212.1177779264762,-26.514722240809526,132.57361120404764,39.772083361214285,66.28680560202382,-106.0588889632381,13.257361120404763,53.02944448161905
102.2,106.02020067141804,159.03030100712706,79.51515050356353,26.50505016785451,-53.01010033570902,5.301010033570902,212.04040134283608,-26.50505016785451,132.52525083927256,39.757575251781766,66.26262541963628,-106.02020067141804,13.252525083927255,53.01010033570902
102.30000000000001,105.98165288187342,158.97247932281013,79.48623966140507,26.495413220468354,-52.99082644093671,5.299082644093671,211.96330576374683,-26.495413220468354,132.47706610234178,39.74311983070253,66.23853305117089,-105.98165288187342,13.247706610234177,52.99082644093671
102.4,105.9432726357215,158.91490895358226,79.45745447679113,26.485818158930375,-52.97163631786075,5.297163631786075,211.886545271443,-26.485818158930375,132.42909079465187,39.728727238395564,66.21454539732594,-105.9432726357215,13.242909079465187,52.97163631786075
102.5,105.90506596852781,158.8575989527917,79.42879947639585,26.476266492131952,-52.952532984263904,5.295253298426391,211.81013193705562,-26.476266492131952,132.38133246065976,39.714399738197926,66.19066623032988,-105.90506596852781,13.238133246065976,52.952532984263904
102.60000000000001,105.866990851259,158.8004862768885,79.40024313844425,26.46674771281475,-52.9334954256295,5.29334954256295,211.733981702518,-26.46674771281475,132.33373856407377,39.70012156922213,66.16686928203688,-105.866990851259,13.233373856407376,52.9334954256295
102.7,105.82908843161904,158.74363264742857,79.37181632371428,26.45727210790476,-52.91454421580952,5.291454421580952,211.65817686323808,-26.45727210790476,132.2863605395238,39.68590816185714,66.1431802697619,-105.82908843161904,13.22863605395238,52.91454421580952
102.80000000000001,105.79141011197554,158.6871151679633,79.34355758398165,26.447852527993884,-52.89570505598777,5.289570505598777,211.58282022395107,-26.447852527993884,132.2392626399694,39.671778791990825,66.1196313199847,-105.79141011197554,13.223926263996942,52.89570505598777
102.9,105.75392192535875,158.63088288803812,79.31544144401906,26.43848048133969,-52.87696096267938,5.287696096267938,211.5078438507175,-26.43848048133969,132.19240240669845,39.65772072200953,66.09620120334922,-105.75392192535875,13.219240240669844,52.87696096267938
103.0,105.71656453793567,158.5748468069035,79.28742340345175,26.429141134483917,-52.858282268967834,5.2858282268967836,211.43312907587134,-26.429141134483917,132.14570567241958,39.64371170172588,66.07285283620979,-105.71656453793567,13.214570567241958,52.858282268967834
103.10000000000001,105.67930804330173,158.5189620649526,79.2594810324763,26.419827010825433,-52.839654021650865,5.283965402165087,211.35861608660346,-26.419827010825433,132.09913505412717,39.62974051623815,66.04956752706359,-105.67930804330173,13.209913505412716,52.839654021650865
103.2,105.64216317170907,158.46324475756361,79.23162237878181,26.410540792927268,-52.821081585854536,5.282108158585454,211.28432634341814,-26.410540792927268,132.05270396463635,39.615811189390904,66.02635198231818,-105.64216317170907,13.205270396463634,52.821081585854536
103.30000000000001,105.6051733418687,158.40776001280307,79.20388000640153,26.401293335467177,-52.80258667093435,5.2802586670934355,211.2103466837374,-26.401293335467177,132.00646667733588,39.60194000320077,66.00323333866794,-105.6051733418687,13.200646667733588,52.80258667093435
103.4,105.56833370281687,158.35250055422532,79.17625027711266,26.392083425704218,-52.784166851408436,5.278416685140844,211.13666740563374,-26.392083425704218,131.9604171285211,39.58812513855633,65.98020856426055,-105.56833370281687,13.196041712852109,52.784166851408436
103.5,105.53166039294821,158.29749058942232,79.14874529471116,26.382915098237053,-52.765830196474106,5.276583019647411,211.06332078589642,-26.382915098237053,131.91457549118527,39.57437264735558,65.95728774559264,-105.53166039294821,13.191457549118526,52.765830196474106
103.60000000000001,105.49517356552585,158.24276034828875,79.12138017414438,26.37379339138146,-52.74758678276292,5.274758678276292,210.9903471310517,-26.37379339138146,131.86896695690731,39.56069008707219,65.93448347845366,-105.49517356552585,13.18689669569073,52.74758678276292
103.7,105.45893339779246,158.1884000966887,79.09420004834435,26.364733349448116,-52.72946669889623,5.272946669889624,210.91786679558493,-26.364733349448116,131.82366674724057,39.547100024172174,65.91183337362028,-105.45893339779246,13.182366674724058,52.72946669889623
103.80000000000001,105.42289214689065,158.13433822033596,79.06716911016798,26.35572303672266,-52.71144607344532,5.2711446073445325,210.8457842937813,-26.35572303672266,131.7786151836133,39.53358455508399,65.88930759180666,-105.42289214689065,13.17786151836133,52.71144607344532
103.9,105.38693249839385,158.08039874759078,79.04019937379539,26.34673312459846,-52.69346624919692,5.2693466249196925,210.7738649967877,-26.34673312459846,131.7336656229923,39.520099686897694,65.86683281149615,-105.38693249839385,13.17336656229923,52.69346624919692
104.0,105.35094461079015,158.0264169161852,79.0132084580926,26.337736152697538,-52.675472305395076,5.267547230539508,210.7018892215803,-26.337736152697538,131.6886807634877,39.5066042290463,65.84434038174385,-105.35094461079015,13.168868076348769,52.675472305395076
104.10000000000001,105.31487382208407,157.9723107331261,78.98615536656305,26.328718455521017,-52.65743691104203,5.265743691104204,210.62974764416813,-26.328718455521017,131.64359227760508,39.49307768328153,65.82179613880254,-105.31487382208407,13.164359227760508,52.65743691104203
104.2,105.27876564407786,157.9181484661168,78.9590742330584,26.319691411019466,-52.63938282203893,5.263938282203894,210.55753128815573,-26.319691411019466,131.59845705509733,39.4795371165292,65.79922852754866,-105.27876564407786,13.159845705509733,52.63938282203893
104.30000000000001,105.24276112981573,157.8641416947236,78.9320708473618,26.310690282453933,-52.62138056490787,5.262138056490787,210.48552225963147,-26.310690282453933,131.55345141226968,39.4660354236809,65.77672570613484,-105.24276112981573,13.155345141226967,52.62138056490787
104.4,105.20699731704534,157.81049597556802,78.90524798778401,26.301749329261334,-52.60349865852267,5.260349865852267,210.41399463409067,-26.301749329261334,131.50874664630666,39.452623993892004,65.75437332315333,-105.20699731704534,13.150874664630667,52.60349865852267
104.5,105.17157440608023,157.75736160912032,78.87868080456016,26.292893601520056,-52.58578720304011,5.258578720304012,210.34314881216045,-26.292893601520056,131.4644680076003,39.43934040228008,65.73223400380014,-105.17157440608023,13.146446800760028,52.58578720304011
104.60000000000001,105.13657787702422,157.70486681553632,78.85243340776816,26.284144469256056,-52.56828893851211,5.256828893851211,210.27315575404845,-26.284144469256056,131.4207223462803,39.42621670388408,65.71036117314014,-105.13657787702422,13.142072234628028,52.56828893851211
104.7,105.1020784448151,157.65311766722266,78.82655883361133,26.275519611203777,-52.55103922240755,5.255103922240756,210.2041568896302,-26.275519611203777,131.37759805601888,39.413279416805665,65.68879902800944,-105.1020784448151,13.137759805601888,52.55103922240755
104.80000000000001,105.06814961458677,157.60222442188015,78.80111221094008,26.267037403646693,-52.534074807293386,5.253407480729339,210.13629922917355,-26.267037403646693,131.33518701823346,39.40055610547004,65.66759350911673,-105.06814961458677,13.133518701823347,52.534074807293386
104.9,105.0348475231234,157.5522712846851,78.77613564234255,26.25871188078085,-52.5174237615617,5.25174237615617,210.0696950462468,-26.25871188078085,131.29355940390425,39.388067821171276,65.64677970195213,-105.0348475231234,13.129355940390425,52.5174237615617
105.0,105.0021621339435,157.50324320091525,78.75162160045763,26.250540533485875,-52.50108106697175,5.2501081066971755,210.004324267887,-26.250540533485875,131.2527026674294,39.37581080022881,65.6263513337147,-105.0021621339435,13.125270266742938,52.50108106697175
105.10000000000001,104.96999087769598,157.45498631654397,78.72749315827198,26.242497719423994,-52.48499543884799,5.248499543884799,209.93998175539195,-26.242497719423994,131.21248859711997,39.36374657913599,65.60624429855999,-104.96999087769598,13.121248859711997,52.48499543884799
105.2,104.93822267446507,157.4073340116976,78.7036670058488,26.234555668616267,-52.46911133723253,5.246911133723254,209.87644534893013,-26.234555668616267,131.17277834308135,39.3518335029244,65.58638917154067,-104.93822267446507,13.117277834308133,52.46911133723253
105.30000000000001,104.90669459712385,157.36004189568575,78.68002094784288,26.22667364928096,-52.45334729856192,5.245334729856193,209.8133891942477,-26.22667364928096,131.1333682464048,39.34001047392144,65.5666841232024,-104.90669459712385,13.11333682464048,52.45334729856192
105.4,104.87521059880564,157.31281589820844,78.65640794910422,26.21880264970141,-52.43760529940282,5.243760529940282,209.75042119761127,-26.21880264970141,131.09401324850705,39.32820397455211,65.54700662425353,-104.87521059880564,13.109401324850705,52.43760529940282
105.5,104.84353035880305,157.26529553820458,78.63264776910229,26.210882589700763,-52.421765179401525,5.242176517940153,209.6870607176061,-26.210882589700763,131.05441294850382,39.316323884551146,65.52720647425191,-104.84353035880305,13.105441294850381,52.421765179401525
105.60000000000001,104.811426573479,157.21713986021848,78.60856993010924,26.20285664336975,-52.4057132867395,5.24057132867395,209.622853146958,-26.20285664336975,131.01428321684875,39.30428496505462,65.50714160842438,-104.811426573479,13.101428321684875,52.4057132867395
105.7,104.7786617370861,157.16799260562914,78.58399630281457,26.194665434271524,-52.38933086854305,5.238933086854305,209.5573234741722,-26.194665434271524,130.97332717135762,39.291998151407284,65.48666358567881,-104.7786617370861,13.097332717135762,52.38933086854305
105.80000000000001,104.74506060851954,157.1175909127793,78.55879545638965,26.186265152129884,-52.37253030425977,5.237253030425977,209.49012121703907,-26.186265152129884,130.93132576064943,39.27939772819482,65.46566288032471,-104.74506060851954,13.093132576064942,52.37253030425977
105.9,104.71042770746739,157.0656415612011,78.53282078060055,26.177606926866847,-52.355213853733694,5.23552138537337,209.42085541493478,-26.177606926866847,130.88803463433425,39.26641039030027,65.44401731716712,-104.71042770746739,13.088803463433424,52.355213853733694
106.0,104.67456115283754,157.0118417292563,78.50592086462815,26.168640288209385,-52.33728057641877,5.233728057641877,209.34912230567508,-26.168640288209385,130.84320144104692,39.252960432314076,65.42160072052346,-104.67456115283754,13.084320144104693,52.33728057641877
106.10000000000001,104.63720274512154,156.9558041176823,78.47790205884115,26.159300686280385,-52.31860137256077,5.231860137256078,209.27440549024308,-26.159300686280385,130.79650343140193,39.238951029420576,65.39825171570097,-104.63720274512154,13.079650343140193,52.31860137256077
106.2,104.59813814207212,156.89720721310817,78.44860360655409,26.14953453551803,-52.29906907103606,5.229906907103606,209.19627628414423,-26.14953453551803,130.74767267759015,39.224301803277044,65.37383633879507,-104.59813814207212,13.074767267759015,52.29906907103606
106.30000000000001,104.55721241268819,156.8358186190323,78.41790930951615,26.139303103172047,-52.278606206344094,5.227860620634409,209.11442482537637,-26.139303103172047,130.69651551586023,39.208954654758074,65.34825775793011,-104.55721241268819,13.069651551586023,52.278606206344094
106.4,104.51427432656811,156.77141148985217,78.38570574492609,26.12856858164203,-52.25713716328406,5.225713716328406,209.02854865313623,-26.12856858164203,130.64284290821013,39.19285287246304,65.32142145410506,-104.51427432656811,13.064284290821014,52.25713716328406
106.5,104.46921679803873,156.7038251970581,78.35191259852905,26.117304199509682,-52.234608399019365,5.223460839901937,208.93843359607746,-26.117304199509682,130.5865209975484,39.17595629926453,65.2932604987742,-104.46921679803873,13.058652099754841,52.234608399019365
106.60000000000001,104.42198178020489,156.63297267030734,78.31648633515367,26.105495445051222,-52.210990890102444,5.221099089010245,208.84396356040978,-26.105495445051222,130.52747722525612,39.158243167576835,65.26373861262806,-104.42198178020489,13.052747722525611,52.210990890102444
106.7,104.3725307711401,156.55879615671017,78.27939807835509,26.093132692785026,-52.18626538557005,5.218626538557006,208.7450615422802,-26.093132692785026,130.46566346392513,39.13969903917754,65.23283173196256,-104.3725307711401,13.046566346392513,52.18626538557005
106.80000000000001,104.32087126843564,156.48130690265344,78.24065345132672,26.08021781710891,-52.16043563421782,5.216043563421782,208.64174253687128,-26.08021781710891,130.40108908554456,39.12032672566336,65.20054454277228,-104.32087126843564,13.040108908554455,52.16043563421782
106.9,104.26709554662249,156.40064331993372,78.20032165996686,26.06677388665562,-52.13354777331124,5.213354777331125,208.53419109324497,-26.06677388665562,130.3338694332781,39.10016082998343,65.16693471663905,-104.26709554662249,13.03338694332781,52.13354777331124
107.0,104.21135998304344,156.31703997456515,78.15851998728257,26.05283999576086,-52.10567999152172,5.210567999152172,208.42271996608687,-26.05283999576086,130.2641999788043,39.07925999364129,65.13209998940215,-104.21135998304344,13.02641999788043,52.10567999152172
107.10000000000001,104.15385372490572,156.23078058735857,78.11539029367928,26.03846343122643,-52.07692686245286,5.207692686245286,208.30770744981143,-26.03846343122643,130.19231715613213,39.05769514683964,65.09615857806607,-104.15385372490572,13.019231715613214,52.07692686245286
107.2,104.09477323316801,156.14215984975203,78.07107992487602,26.023693308292003,-52.047386616584006,5.204738661658401,208.18954646633603,-26.023693308292003,130.11846654146,39.03553996243801,65.05923327073,-104.09477323316801,13.011846654146002,52.047386616584006
107.30000000000001,104.0342306520586,156.0513459780879,78.02567298904395,26.00855766301465,-52.0171153260293,5.20171153260293,208.0684613041172,-26.00855766301465,130.04278831507324,39.01283649452198,65.02139415753662,-104.0342306520586,13.004278831507325,52.0171153260293
107.4,103.97224954522395,155.95837431783593,77.97918715891797,25.993062386305986,-51.98612477261197,5.1986124772611975,207.9444990904479,-25.993062386305986,129.96531193152993,38.98959357945898,64.98265596576496,-103.97224954522395,12.996531193152993,51.98612477261197
107.5,103.90885553747597,155.86328330621396,77.93164165310698,25.977213884368993,-51.954427768737986,5.195442776873799,207.81771107495194,-25.977213884368993,129.88606942184498,38.96582082655349,64.94303471092249,-103.90885553747597,12.988606942184497,51.954427768737986
107.60000000000001,103.84414862734049,155.76622294101074,77.88311147050537,25.961037156835122,-51.922074313670244,5.192207431367025,207.68829725468098,-25.961037156835122,129.80518578417562,38.941555735252685,64.90259289208781,-103.84414862734049,12.980518578417561,51.922074313670244
107.7,103.77825838876494,155.66738758314742,77.83369379157371,25.944564597191235,-51.88912919438247,5.1889129194382475,207.55651677752988,-25.944564597191235,129.72282298595618,38.916846895786854,64.86141149297809,-103.77825838876494,12.972282298595617,51.88912919438247
107.80000000000001,103.71119506987256,155.56679260480882,77.78339630240441,25.92779876746814,-51.85559753493628,5.185559753493628,207.42239013974512,-25.92779876746814,129.6389938373407,38.891698151202206,64.81949691867035,-103.71119506987256,12.96389938373407,51.85559753493628
107.9,103.6428692363555,155.46430385453323,77.73215192726661,25.910717309088874,-51.82143461817775,5.182143461817775,207.285738472711,-25.910717309088874,129.55358654544438,38.86607596363331,64.77679327272219,-103.6428692363555,12.955358654544437,51.82143461817775
108.0,103.57317677523528,155.3597651628529,77.67988258142645,25.89329419380882,-51.78658838761764,5.1786588387617645,207.14635355047056,-25.89329419380882,129.4664709690441,38.83994129071323,64.73323548452206,-103.57317677523528,12.94664709690441,51.78658838761764
108.10000000000001,103.50206925590257,155.25310388385384,77.62655194192692,25.875517313975642,-51.751034627951285,5.1751034627951285,207.00413851180514,-25.875517313975642,129.37758656987822,38.81327597096346,64.68879328493911,-103.50206925590257,12.937758656987821,51.751034627951285
108.2,103.42956614267192,155.1443492140079,77.57217460700394,25.85739153566798,-51.71478307133596,5.171478307133596,206.85913228534383,-25.85739153566798,129.2869576783399,38.78608730350197,64.64347883916994,-103.42956614267192,12.92869576783399,51.71478307133596
108.30000000000001,103.35570458821485,155.03355688232227,77.51677844116114,25.838926147053712,-51.677852294107424,5.167785229410743,206.7114091764297,-25.838926147053712,129.19463073526856,38.75838922058057,64.59731536763428,-103.35570458821485,12.919463073526856,51.677852294107424
108.4,103.28050187201757,154.92075280802635,77.46037640401318,25.82012546800439,-51.64025093600878,5.164025093600879,206.56100374403513,-25.82012546800439,129.10062734002196,38.73018820200659,64.55031367001098,-103.28050187201757,12.910062734002196,51.64025093600878
108.5,103.2040066178346,154.8060099267519,77.40300496337595,25.80100165445865,-51.6020033089173,5.16020033089173,206.4080132356692,-25.80100165445865,129.00500827229325,38.701502481687974,64.50250413614663,-103.2040066178346,12.900500827229324,51.6020033089173
108.60000000000001,103.12622996743323,154.68934495114985,77.34467247557492,25.781557491858308,-51.563114983716616,5.156311498371662,206.25245993486647,-25.781557491858308,128.90778745929154,38.67233623778746,64.45389372964577,-103.12622996743323,12.890778745929154,51.563114983716616
108.7,103.04718385479566,154.5707757821935,77.28538789109675,25.761795963698916,-51.52359192739783,5.152359192739784,206.09436770959132,-25.761795963698916,128.80897981849458,38.64269394554837,64.40448990924729,-103.04718385479566,12.880897981849458,51.52359192739783
108.80000000000001,102.96693205318599,154.45039807977898,77.22519903988949,25.741733013296496,-51.48346602659299,5.148346602659299,205.93386410637197,-25.741733013296496,128.70866506648247,38.612599519944744,64.35433253324123,-102.96693205318599,12.870866506648248,51.48346602659299
108.9,102.8855822150386,154.3283733225579,77.16418666127895,25.72139555375965,-51.4427911075193,5.14427911075193,205.7711644300772,-25.72139555375965,128.60697776879823,38.58209333063947,64.30348888439912,-102.8855822150386,12.860697776879825,51.4427911075193
109.0,102.80325386203245,154.2048807930487,77.10244039652434,25.700813465508112,-51.401626931016224,5.140162693101622,205.6065077240649,-25.700813465508112,128.50406732754055,38.55122019826217,64.25203366377028,-102.80325386203245,12.850406732754056,51.401626931016224
109.10000000000001,102.72012136059229,154.08018204088842,77.04009102044421,25.680030340148072,-51.360060680296144,5.136006068029615,205.44024272118457,-25.680030340148072,128.40015170074037,38.520045510222104,64.20007585037018,-102.72012136059229,12.840015170074036,51.360060680296144
109.2,102.63630200643429,153.95445300965144,76.97722650482572,25.659075501608573,-51.318151003217146,5.131815100321715,205.27260401286858,-25.659075501608573,128.29537750804286,38.48861325241286,64.14768875402143,-102.63630200643429,12.829537750804286,51.318151003217146
109.30000000000001,102.55188153548184,153.82782230322277,76.91391115161139,25.63797038387046,-51.27594076774092,5.127594076774092,205.10376307096368,-25.63797038387046,128.1898519193523,38.456955575805694,64.09492595967615,-102.55188153548184,12.81898519193523,51.27594076774092
109.4,102.46689792853704,153.70034689280556,76.85017344640278,25.61672448213426,-51.23344896426852,5.123344896426852,204.93379585707407,-25.61672448213426,128.0836224106713,38.42508672320139,64.04181120533565,-102.46689792853704,12.80836224106713,51.23344896426852
109.5,102.38139145576736,153.57208718365104,76.78604359182552,25.59534786394184,-51.19069572788368,5.119069572788368,204.7627829115347,-25.59534786394184,127.9767393197092,38.39302179591276,63.9883696598546,-102.38139145576736,12.79767393197092,51.19069572788368
109.60000000000001,102.29540918978763,153.44311378468146,76.72155689234073,25.57385229744691,-51.14770459489382,5.114770459489382,204.59081837957527,-25.57385229744691,127.86926148723454,38.360778446170364,63.93463074361727,-102.29540918978763,12.786926148723454,51.14770459489382
109.7,102.20905259317654,153.3135788897648,76.6567894448824,25.552263148294134,-51.10452629658827,5.110452629658827,204.41810518635307,-25.552263148294134,127.76131574147067,38.3283947224412,63.880657870735334,-102.20905259317654,12.776131574147067,51.10452629658827
109.80000000000001,102.1224714075173,153.18370711127594,76.59185355563797,25.530617851879324,-51.06123570375865,5.106123570375865,204.2449428150346,-25.530617851879324,127.65308925939662,38.295926777818984,63.82654462969831,-102.1224714075173,12.765308925939662,51.06123570375865
109.9,102.03582656103772,153.0537398415566,76.5268699207783,25.50895664025943,-51.01791328051886,5.1017913280518865,204.07165312207545,-25.50895664025943,127.54478320129715,38.26343496038915,63.772391600648575,-102.03582656103772,12.754478320129715,51.01791328051886
110.0,101.9492106104056,152.9238159156084,76.4619079578042,25.4873026526014,-50.9746053052028,5.09746053052028,203.8984212208112,-25.4873026526014,127.436513263007,38.2309539789021,63.7182566315035,-101.9492106104056,12.7436513263007,50.9746053052028
110.10000000000001,101.86267669170424,152.79401503755636,76.39700751877818,25.46566917292606,-50.93133834585212,5.093133834585212,203.72535338340847,-25.46566917292606,127.3283458646303,38.19850375938909,63.66417293231515,-101.86267669170424,12.73283458646303,50.93133834585212
110.2,101.77631271171383,152.66446906757074,76.33223453378537,25.444078177928457,-50.888156355856914,5.088815635585692,203.55262542342766,-25.444078177928457,127.22039088964229,38.166117266892684,63.610195444821144,-101.77631271171383,12.722039088964229,50.888156355856914
110.30000000000001,101.69021185078174,152.5353177761726,76.2676588880863,25.422552962695434,-50.84510592539087,5.084510592539087,203.38042370156347,-25.422552962695434,127.11276481347717,38.13382944404315,63.556382406738585,-101.69021185078174,12.711276481347717,50.84510592539087
110.4,101.60445643863407,152.4066846579511,76.20334232897555,25.40111410965852,-50.80222821931704,5.080222821931704,203.20891287726815,-25.40111410965852,127.0055705482926,38.101671164487776,63.5027852741463,-101.60445643863407,12.70055705482926,50.80222821931704
110.5,101.51912459242025,152.27868688863038,76.13934344431519,25.379781148105064,-50.75956229621013,5.0759562296210134,203.0382491848405,-25.379781148105064,126.89890574052532,38.069671722157594,63.44945287026266,-101.51912459242025,12.689890574052532,50.75956229621013
110.60000000000001,101.43431034659243,152.15146551988863,76.07573275994432,25.358577586648106,-50.71715517329621,5.071715517329622,202.86862069318485,-25.358577586648106,126.79288793324054,38.03786637997216,63.39644396662027,-101.43431034659243,12.679288793324053,50.71715517329621
110.7,101.35017339217248,152.02526008825873,76.01263004412937,25.33754334804312,-50.67508669608624,5.067508669608625,202.70034678434496,-25.33754334804312,126.68771674021559,38.00631502206468,63.343858370107796,-101.35017339217248,12.66877167402156,50.67508669608624
110.80000000000001,101.26685037486286,151.90027556229427,75.95013778114713,25.316712593715714,-50.63342518743143,5.063342518743143,202.5337007497257,-25.316712593715714,126.58356296857858,37.97506889057357,63.29178148428929,-101.26685037486286,12.658356296857857,50.63342518743143
110.9,101.18443753348414,151.77665630022622,75.88832815011311,25.296109383371036,-50.59221876674207,5.059221876674208,202.3688750669683,-25.296109383371036,126.48054691685518,37.944164075056555,63.24027345842759,-101.18443753348414,12.648054691685518,50.59221876674207
111.0,101.10301617588243,151.65452426382365,75.82726213191182,25.275754043970608,-50.551508087941215,5.055150808794122,202.20603235176486,-25.275754043970608,126.37877021985304,37.91363106595591,63.18938510992652,-101.10301617588243,12.637877021985304,50.551508087941215
111.10000000000001,101.02269612424561,151.53404418636842,75.76702209318421,25.255674031061403,-50.511348062122806,5.051134806212281,202.04539224849123,-25.255674031061403,126.27837015530702,37.883511046592105,63.13918507765351,-101.02269612424561,12.627837015530702,50.511348062122806
111.2,100.94356794333243,151.41535191499864,75.70767595749932,25.235891985833106,-50.47178397166621,5.047178397166622,201.88713588666485,-25.235891985833106,126.17945992916553,37.85383797874966,63.089729964582766,-100.94356794333243,12.617945992916553,50.47178397166621
111.30000000000001,100.86574085918815,151.29861128878224,75.64930564439112,25.216435214797038,-50.432870429594075,5.043287042959408,201.7314817183763,-25.216435214797038,126.08217607398518,37.82465282219556,63.04108803699259,-100.86574085918815,12.608217607398519,50.432870429594075
111.4,100.78937058944972,151.18405588417457,75.59202794208728,25.19734264736243,-50.39468529472486,5.039468529472487,201.57874117889943,-25.19734264736243,125.98671323681215,37.79601397104364,62.993356618406075,-100.78937058944972,12.598671323681215,50.39468529472486
111.5,100.71462859832565,151.07194289748847,75.53597144874423,25.17865714958141,-50.35731429916282,5.035731429916282,201.4292571966513,-25.17865714958141,125.89328574790706,37.76798572437212,62.94664287395353,-100.71462859832565,12.589328574790706,50.35731429916282
111.60000000000001,100.64167760096187,150.9625164014428,75.4812582007214,25.160419400240468,-50.320838800480935,5.032083880048094,201.28335520192374,-25.160419400240468,125.80209700120234,37.7406291003607,62.90104850060117,-100.64167760096187,12.580209700120234,50.320838800480935
111.7,100.57067344167123,150.85601016250683,75.42800508125342,25.142668360417808,-50.285336720835616,5.028533672083562,201.14134688334246,-25.142668360417808,125.71334180208905,37.71400254062671,62.856670901044524,-100.57067344167123,12.571334180208904,50.285336720835616
111.80000000000001,100.50171929835892,150.75257894753838,75.37628947376919,25.12542982458973,-50.25085964917946,5.025085964917946,201.00343859671784,-25.12542982458973,125.62714912294865,37.688144736884595,62.813574561474326,-100.50171929835892,12.562714912294865,50.25085964917946
111.9,100.43492412307697,150.65238618461547,75.32619309230773,25.108731030769242,-50.217462061538484,5.021746206153849,200.86984824615394,-25.108731030769242,125.5436551538462,37.66309654615387,62.7718275769231,-100.43492412307697,12.554365515384621,50.217462061538484
112.0,100.37040144910067,150.555602173651,75.2778010868255,25.092600362275167,-50.185200724550334,5.018520072455034,200.74080289820134,-25.092600362275167,125.46300181137583,37.63890054341275,62.731500905687916,-100.37040144910067,12.546300181137584,50.185200724550334
112.10000000000001,100.3082263867127,150.46233958006906,75.23116979003453,25.077056596678176,-50.15411319335635,5.0154113193356356,200.6164527734254,-25.077056596678176,125.38528298339088,37.615584895017264,62.69264149169544,-100.3082263867127,12.538528298339088,50.15411319335635
112.2,100.24841969361208,150.37262954041813,75.18631477020907,25.06210492340302,-50.12420984680604,5.012420984680604,200.49683938722416,-25.06210492340302,125.31052461701509,37.59315738510453,62.655262308507545,-100.24841969361208,12.53105246170151,50.12420984680604
112.30000000000001,100.191029719236,150.286544578854,75.143272289427,25.047757429809,-50.095514859618,5.009551485961801,200.382059438472,-25.047757429809,125.238787149045,37.5716361447135,62.6193935745225,-100.191029719236,12.5238787149045,50.095514859618
112.4,100.13613387090717,150.20420080636075,75.10210040318037,25.034033467726793,-50.06806693545359,5.006806693545359,200.27226774181435,-25.034033467726793,125.17016733863397,37.551050201590186,62.58508366931699,-100.13613387090717,12.517016733863397,50.06806693545359
112.5,100.08383114128532,150.12574671192797,75.06287335596399,25.02095778532133,-50.04191557064266,5.004191557064266,200.16766228257063,-25.02095778532133,125.10478892660664,37.53143667798199,62.55239446330332,-100.08383114128532,12.510478892660664,50.04191557064266
112.60000000000001,100.03423511332008,150.05135266998013,75.02567633499007,25.00855877833002,-50.01711755666004,5.001711755666005,200.06847022664016,-25.00855877833002,125.04279389165009,37.51283816749503,62.521396945825046,-100.03423511332008,12.50427938916501,50.01711755666004
112.7,99.98747911315398,149.98121866973096,74.99060933486548,24.996869778288495,-49.99373955657699,4.999373955657699,199.97495822630796,-24.996869778288495,124.98434889144248,37.49530466743274,62.49217444572124,-99.98747911315398,12.498434889144248,49.99373955657699
112.80000000000001,99.94366206078011,149.91549309117016,74.95774654558508,24.98591551519503,-49.97183103039006,4.997183103039006,199.88732412156023,-24.98591551519503,124.92957757597515,37.47887327279254,62.46478878798757,-99.94366206078011,12.492957757597514,49.97183103039006
112.9,99.90284288528845,149.85426432793267,74.92713216396633,24.975710721322113,-49.951421442644225,4.995142144264423,199.8056857705769,-24.975710721322113,124.87855360661057,37.46356608198317,62.43927680330528,-99.90284288528845,12.487855360661056,49.951421442644225
113.0,99.86509757497637,149.79764636246455,74.89882318123227,24.966274393744094,-49.93254878748819,4.993254878748819,199.73019514995275,-24.966274393744094,124.83137196872048,37.44941159061614,62.41568598436024,-99.86509757497637,12.483137196872047,49.93254878748819
113.10000000000001,99.83051234663426,149.7457685199514,74.8728842599757,24.957628086658566,-49.91525617331713,4.991525617331714,199.66102469326853,-24.957628086658566,124.78814043329282,37.43644212998785,62.39407021664641,-99.83051234663426,12.478814043329283,49.91525617331713
113.2,99.79915991092257,149.69873986638385,74.84936993319192,24.949789977730642,-49.899579955461284,4.989957995546129,199.59831982184514,-24.949789977730642,124.74894988865321,37.42468496659596,62.37447494432661,-99.79915991092257,12.474894988865321,49.899579955461284
113.30000000000001,99.77104429235446,149.65656643853168,74.82828321926584,24.942761073088615,-49.88552214617723,4.988552214617723,199.54208858470892,-24.942761073088615,124.71380536544308,37.41414160963292,62.35690268272154,-99.77104429235446,12.471380536544308,49.88552214617723
113.4,99.74617064876836,149.61925597315252,74.80962798657626,24.93654266219209,-49.87308532438418,4.987308532438418,199.4923412975367,-24.93654266219209,124.68271331096045,37.40481399328813,62.341356655480226,-99.74617064876836,12.468271331096044,49.87308532438418
113.5,99.72449136604268,149.58673704906403,74.79336852453201,24.93112284151067,-49.86224568302134,4.986224568302134,199.44898273208537,-24.93112284151067,124.65561420755336,37.39668426226601,62.32780710377668,-99.72449136604268,12.465561420755336,49.86224568302134
113.60000000000001,99.7059347689394,149.5589021534091,74.77945107670455,24.92648369223485,-49.8529673844697,4.98529673844697,199.4118695378788,-24.92648369223485,124.63241846117425,37.38972553835227,62.31620923058713,-99.7059347689394,12.463241846117425,49.8529673844697
113.7,99.6904266856988,149.5356400285482,74.7678200142741,24.9226066714247,-49.8452133428494,4.98452133428494,199.3808533713976,-24.9226066714247,124.6130333571235,37.38391000713705,62.30651667856175,-99.6904266856988,12.46130333571235,49.8452133428494
113.80000000000001,99.67782303939701,149.5167345590955,74.75836727954776,24.919455759849253,-49.838911519698506,4.983891151969851,199.35564607879402,-24.919455759849253,124.59727879924627,37.37918363977388,62.298639399623134,-99.67782303939701,12.459727879924626,49.838911519698506
113.9,99.66792285172612,149.50188427758917,74.75094213879458,24.91698071293153,-49.83396142586306,4.983396142586306,199.33584570345224,-24.91698071293153,124.58490356465765,37.37547106939729,62.292451782328826,-99.66792285172612,12.458490356465765,49.83396142586306
114.0,99.66042194813743,149.49063292220615,74.74531646110307,24.915105487034356,-49.83021097406871,4.983021097406872,199.32084389627485,-24.915105487034356,124.57552743517178,37.37265823055154,62.28776371758589,-99.66042194813743,12.457552743517178,49.83021097406871
114.10000000000001,99.65499852605902,149.48249778908854,74.74124889454427,24.913749631514754,-49.82749926302951,4.982749926302951,199.30999705211804,-24.913749631514754,124.56874815757376,37.370624447272135,62.28437407878688,-99.65499852605902,12.456874815757377,49.82749926302951
114.2,99.65137954454144,149.47706931681216,74.73853465840608,24.91284488613536,-49.82568977227072,4.982568977227072,199.30275908908288,-24.91284488613536,124.5642244306768,37.36926732920304,62.2821122153384,-99.65137954454144,12.45642244306768,49.82568977227072
114.30000000000001,99.6494029932551,149.47410448988265,74.73705224494132,24.912350748313774,-49.82470149662755,4.982470149662755,199.2988059865102,-24.912350748313774,124.56175374156886,37.36852612247066,62.28087687078443,-99.6494029932551,12.456175374156887,49.82470149662755
114.4,99.64902871288879,149.47354306933318,74.73677153466659,24.912257178222198,-49.824514356444396,4.98245143564444,199.29805742577759,-24.912257178222198,124.561285891111,37.368385767333294,62.2806429455555,-99.64902871288879,12.456128589111099,49.824514356444396
114.5,99.6501905898549,149.47528588478235,74.73764294239118,24.912547647463725,-49.82509529492745,4.982509529492745,199.3003811797098,-24.912547647463725,124.56273823731863,37.36882147119559,62.28136911865931,-99.6501905898549,12.456273823731863,49.82509529492745
114.60000000000001,99.65276029837874,149.4791404475681,74.73957022378406,24.913190074594684,-49.82638014918937,4.982638014918937,199.30552059675748,-24.913190074594684,124.56595037297342,37.36978511189203,62.28297518648671,-99.65276029837874,12.456595037297342,49.82638014918937
114.7,99.65660653683193,149.4849098052479,74.74245490262395,24.914151634207983,-49.828303268415965,4.982830326841597,199.31321307366386,-24.914151634207983,124.57075817103991,37.371227451311974,62.285379085519956,-99.65660653683193,12.457075817103991,49.828303268415965
114.80000000000001,99.66155387403462,149.49233081105194,74.74616540552597,24.915388468508656,-49.83077693701731,4.983077693701731,199.32310774806925,-24.915388468508656,124.57694234254328,37.373082702762986,62.28847117127164,-99.66155387403462,12.457694234254328,49.83077693701731
114.9,99.66742235538612,149.50113353307918,74.75056676653959,24.91685558884653,-49.83371117769306,4.983371117769306,199.33484471077224,-24.91685558884653,124.58427794423265,37.375283383269796,62.29213897211633,-99.66742235538612,12.458427794423265,49.83371117769306
115.0,99.6740870746383,149.51113061195744,74.75556530597872,24.918521768659573,-49.83704353731915,4.983704353731915,199.3481741492766,-24.918521768659573,124.59260884329787,37.37778265298936,62.296304421648934,-99.6740870746383,12.459260884329787,49.83704353731915
115.10000000000001,99.68140627871887,149.5221094180783,74.76105470903914,24.920351569679717,-49.840703139359434,4.984070313935944,199.36281255743773,-24.920351569679717,124.60175784839859,37.38052735451957,62.300878924199296,-99.68140627871887,12.460175784839858,49.840703139359434
115.2,99.68918398703786,149.5337759805568,74.7668879902784,24.922295996759466,-49.84459199351893,4.984459199351893,199.37836797407573,-24.922295996759466,124.61147998379732,37.3834439951392,62.30573999189866,-99.68918398703786,12.461147998379733,49.84459199351893
115.30000000000001,99.69725220650338,149.54587830975507,74.77293915487753,24.924313051625845,-49.84862610325169,4.98486261032517,199.39450441300676,-24.924313051625845,124.62156525812922,37.38646957743877,62.31078262906461,-99.69725220650338,12.462156525812922,49.84862610325169
115.4,99.70548866459501,149.5582329968925,74.77911649844626,24.926372166148752,-49.852744332297505,4.985274433229751,199.41097732919002,-24.926372166148752,124.63186083074376,37.38955824922313,62.31593041537188,-99.70548866459501,12.463186083074376,49.852744332297505
115.5,99.7137801354381,149.57067020315714,74.78533510157857,24.928445033859525,-49.85689006771905,4.9856890067719055,199.4275602708762,-24.928445033859525,124.64222516929763,37.392667550789284,62.321112584648816,-99.7137801354381,12.464222516929762,49.85689006771905
115.60000000000001,99.72194318559242,149.58291477838864,74.79145738919432,24.930485796398106,-49.86097159279621,4.9860971592796215,199.44388637118485,-24.930485796398106,124.65242898199052,37.39572869459716,62.32621449099526,-99.72194318559242,12.465242898199053,49.86097159279621
115.7,99.72978372943565,149.59467559415347,74.79733779707674,24.932445932358913,-49.864891864717826,4.986489186471783,199.4595674588713,-24.932445932358913,124.66222966179457,37.39866889853837,62.331114830897285,-99.72978372943565,12.466222966179457,49.864891864717826
115.80000000000001,99.73714228460162,149.6057134269024,74.8028567134512,24.934285571150404,-49.86857114230081,4.986857114230081,199.47428456920323,-24.934285571150404,124.67142785575203,37.4014283567256,62.335713927876014,-99.73714228460162,12.467142785575202,49.86857114230081
115.9,99.74385200811658,149.61577801217487,74.80788900608744,24.935963002029144,-49.87192600405829,4.987192600405829,199.48770401623315,-24.935963002029144,124.67981501014572,37.40394450304372,62.33990750507286,-99.74385200811658,12.467981501014572,49.87192600405829
116.0,99.74975394333946,149.6246309150092,74.8123154575046,24.937438485834864,-49.87487697166973,4.987487697166973,199.4995078866789,-24.937438485834864,124.68719242917432,37.4061577287523,62.34359621458716,-99.74975394333946,12.468719242917432,49.87487697166973
116.10000000000001,99.75471833028674,149.6320774954301,74.81603874771506,24.938679582571684,-49.87735916514337,4.987735916514337,199.50943666057347,-24.938679582571684,124.69339791285842,37.40801937385753,62.34669895642921,-99.75471833028674,12.469339791285842,49.87735916514337
116.2,99.75862629314288,149.63793943971433,74.81896971985717,24.93965657328572,-49.87931314657144,4.9879313146571445,199.51725258628576,-24.93965657328572,124.6982828664286,37.40948485992858,62.3491414332143,-99.75862629314288,12.46982828664286,49.87931314657144
116.30000000000001,99.76134510244228,149.6420176536634,74.8210088268317,24.94033627561057,-49.88067255122114,4.988067255122115,199.52269020488455,-24.94033627561057,124.70168137805285,37.41050441341585,62.35084068902643,-99.76134510244228,12.470168137805285,49.88067255122114
116.4,99.76284256730057,149.64426385095084,74.82213192547542,24.94071064182514,-49.88142128365028,4.988142128365029,199.52568513460113,-24.94071064182514,124.70355320912572,37.41106596273771,62.35177660456286,-99.76284256730057,12.47035532091257,49.88142128365028
116.5,99.7631397531673,149.64470962975093,74.82235481487547,24.940784938291824,-49.88156987658365,4.988156987658365,199.5262795063346,-24.940784938291824,124.70392469145912,37.411177407437734,62.35196234572956,-99.7631397531673,12.470392469145912,49.88156987658365
116.60000000000001,99.76220172250628,149.6433025837594,74.8216512918797,24.94055043062657,-49.88110086125314,4.988110086125314,199.52440344501255,-24.94055043062657,124.70275215313285,37.41082564593985,62.351376076566424,-99.76220172250628,12.470275215313285,49.88110086125314
116.7,99.76001758616512,149.64002637924767,74.82001318962384,24.94000439654128,-49.88000879308256,4.988000879308256,199.52003517233024,-24.94000439654128,124.7000219827064,37.41000659481192,62.3500109913532,-99.76001758616512,12.47000219827064,49.88000879308256
116.80000000000001,99.75667276082837,149.63500914124256,74.81750457062128,24.93916819020709,-49.87833638041418,4.987833638041419,199.51334552165673,-24.93916819020709,124.69584095103545,37.40875228531064,62.347920475517725,-99.75667276082837,12.469584095103546,49.87833638041418
116.9,99.75228629329202,149.62842943993803,74.81421471996902,24.938071573323004,-49.87614314664601,4.987614314664601,199.50457258658403,-24.938071573323004,124.69035786661502,37.40710735998451,62.34517893330751,-99.75228629329202,12.469035786661502,49.87614314664601
117.0,99.74695719049717,149.62043578574577,74.81021789287288,24.936739297624293,-49.873478595248585,4.987347859524859,199.49391438099434,-24.936739297624293,124.68369648812146,37.40510894643644,62.34184824406073,-99.74695719049717,12.468369648812146,49.873478595248585
117.10000000000001,99.74075578248241,149.6111336737236,74.8055668368618,24.935188945620602,-49.870377891241205,4.987037789124121,199.48151156496482,-24.935188945620602,124.67594472810302,37.4027834184309,62.33797236405151,-99.74075578248241,12.467594472810301,49.870377891241205
117.2,99.7337451659005,149.60061774885077,74.80030887442538,24.933436291475125,-49.86687258295025,4.986687258295025,199.467490331801,-24.933436291475125,124.66718145737562,37.40015443721269,62.33359072868781,-99.7337451659005,12.466718145737563,49.86687258295025
117.30000000000001,99.72600222475583,149.58900333713376,74.79450166856688,24.931500556188958,-49.863001112377916,4.986300111237792,199.45200444951166,-24.931500556188958,124.65750278094478,37.39725083428344,62.32875139047239,-99.72600222475583,12.465750278094479,49.863001112377916
117.4,99.71757627060381,149.57636440590574,74.78818220295287,24.929394067650954,-49.85878813530191,4.985878813530191,199.43515254120763,-24.929394067650954,124.64697033825476,37.394091101476434,62.32348516912738,-99.71757627060381,12.464697033825477,49.85878813530191
117.5,99.70849023323433,149.5627353498515,74.78136767492575,24.927122558308582,-49.854245116617165,4.985424511661717,199.41698046646866,-24.927122558308582,124.63561279154291,37.39068383746287,62.317806395771456,-99.70849023323433,12.463561279154291,49.854245116617165
117.60000000000001,99.6987770015136,149.54816550227042,74.77408275113521,24.9246942503784,-49.8493885007568,4.984938850075681,199.3975540030272,-24.9246942503784,124.623471251892,37.387041375567605,62.311735625946,-99.6987770015136,12.4623471251892,49.8493885007568
117.7,99.68843848324263,149.53265772486395,74.76632886243198,24.92210962081066,-49.84421924162132,4.984421924162132,199.37687696648527,-24.92210962081066,124.6105481040533,37.38316443121599,62.30527405202665,-99.68843848324263,12.46105481040533,49.84421924162132
117.80000000000001,99.67746651827763,149.51619977741643,74.75809988870822,24.919366629569407,-49.83873325913881,4.983873325913882,199.35493303655525,-24.919366629569407,124.59683314784704,37.37904994435411,62.29841657392352,-99.67746651827763,12.459683314784703,49.83873325913881
117.9,99.66588892965258,149.49883339447888,74.74941669723944,24.916472232413145,-49.83294446482629,4.983294446482629,199.33177785930516,-24.916472232413145,124.58236116206572,37.37470834861972,62.29118058103286,-99.66588892965258,12.458236116206573,49.83294446482629
118.0,99.65375277795648,149.48062916693473,74.74031458346737,24.91343819448912,-49.82687638897824,4.982687638897825,199.30750555591297,-24.91343819448912,124.5671909724456,37.37015729173368,62.2835954862228,-99.65375277795648,12.45671909724456,49.82687638897824
118.10000000000001,99.64106042308819,149.46159063463227,74.73079531731614,24.910265105772048,-49.820530211544096,4.98205302115441,199.28212084617638,-24.910265105772048,124.55132552886025,37.36539765865807,62.27566276443012,-99.64106042308819,12.455132552886024,49.820530211544096
118.2,99.62776187487798,149.44164281231696,74.72082140615848,24.906940468719494,-49.81388093743899,4.981388093743899,199.25552374975595,-24.906940468719494,124.53470234359747,37.36041070307924,62.26735117179874,-99.62776187487798,12.453470234359747,49.81388093743899
118.30000000000001,99.61386080525955,149.42079120788932,74.71039560394466,24.903465201314887,-49.806930402629774,4.980693040262977,199.2277216105191,-24.903465201314887,124.51732600657444,37.35519780197233,62.25866300328722,-99.61386080525955,12.451732600657444,49.806930402629774
118.4,99.59939782235743,149.39909673353614,74.69954836676807,24.899849455589358,-49.799698911178716,4.979969891117872,199.19879564471486,-24.899849455589358,124.4992472779468,37.349774183384035,62.2496236389734,-99.59939782235743,12.449924727794679,49.799698911178716
118.5,99.58443401284339,149.37665101926507,74.68832550963253,24.896108503210847,-49.792217006421694,4.97922170064217,199.16886802568678,-24.896108503210847,124.48054251605424,37.34416275481627,62.24027125802712,-99.58443401284339,12.448054251605424,49.792217006421694
118.60000000000001,99.56903873408783,149.35355810113174,74.67677905056587,24.892259683521957,-49.78451936704391,4.978451936704392,199.13807746817565,-24.892259683521957,124.46129841760978,37.338389525282935,62.23064920880489,-99.56903873408783,12.446129841760978,49.78451936704391
118.7,99.55322587442349,149.32983881163523,74.66491940581761,24.888306468605872,-49.776612937211745,4.977661293721175,199.10645174884698,-24.888306468605872,124.44153234302937,37.33245970290881,62.22076617151468,-99.55322587442349,12.444153234302936,49.776612937211745
118.80000000000001,99.53698236126111,149.30547354189167,74.65273677094584,24.884245590315277,-49.768491180630555,4.976849118063056,199.07396472252222,-24.884245590315277,124.42122795157638,37.32636838547292,62.21061397578819,-99.53698236126111,12.442122795157639,49.768491180630555
118.9,99.52031987266639,149.2804798089996,74.6402399044998,24.880079968166598,-49.760159936333196,4.97601599363332,199.04063974533278,-24.880079968166598,124.40039984083299,37.3201199522499,62.200199920416495,-99.52031987266639,12.440039984083299,49.760159936333196
119.0,99.50321565182438,149.25482347773658,74.62741173886829,24.875803912956094,-49.75160782591219,4.975160782591219,199.00643130364875,-24.875803912956094,124.37901956478046,37.313705869434145,62.18950978239023,-99.50321565182438,12.437901956478047,49.75160782591219
119.10000000000001,99.48559330639198,149.22838995958796,74.61419497979398,24.871398326597994,-49.74279665319599,4.9742796653195995,198.97118661278395,-24.871398326597994,124.35699163298997,37.30709748989699,62.17849581649499,-99.48559330639198,12.435699163298997,49.74279665319599
119.2,99.46741850583345,149.20112775875018,74.60056387937509,24.866854626458363,-49.733709252916725,4.973370925291673,198.9348370116669,-24.866854626458363,124.33427313229181,37.300281939687544,62.167136566145906,-99.46741850583345,12.433427313229181,49.733709252916725
119.30000000000001,99.44865961498584,149.17298942247876,74.58649471123938,24.86216490374646,-49.72432980749292,4.972432980749293,198.89731922997169,-24.86216490374646,124.3108245187323,37.29324735561969,62.15541225936615,-99.44865961498584,12.43108245187323,49.72432980749292
119.4,99.42927092336383,149.14390638504574,74.57195319252287,24.857317730840958,-49.714635461681915,4.9714635461681915,198.85854184672766,-24.857317730840958,124.28658865420479,37.285976596261435,62.143294327102396,-99.42927092336383,12.428658865420479,49.714635461681915
119.5,99.4092214380949,149.11383215714235,74.55691607857118,24.852305359523726,-49.70461071904745,4.9704610719047455,198.8184428761898,-24.852305359523726,124.26152679761863,37.27845803928559,62.130763398809314,-99.4092214380949,12.426152679761863,49.70461071904745
119.60000000000001,99.38849411747863,149.08274117621795,74.54137058810898,24.847123529369657,-49.694247058739315,4.969424705873932,198.77698823495726,-24.847123529369657,124.23561764684828,37.27068529405449,62.11780882342414,-99.38849411747863,12.423561764684829,49.694247058739315
119.7,99.36713410542433,149.0507011581365,74.52535057906825,24.841783526356082,-49.683567052712164,4.9683567052712165,198.73426821084865,-24.841783526356082,124.20891763178041,37.26267528953412,62.104458815890204,-99.36713410542433,12.420891763178041,49.683567052712164
119.80000000000001,99.34520694683405,149.01781042025107,74.50890521012553,24.836301736708513,-49.67260347341703,4.967260347341703,198.6904138936681,-24.836301736708513,124.18150868354257,37.25445260506277,62.09075434177129,-99.34520694683405,12.418150868354257,49.67260347341703
119.9,99.3227066677392,148.98406000160878,74.49203000080439,24.8306766669348,-49.6613533338696,4.96613533338696,198.6454133354784,-24.8306766669348,124.153383334674,37.246015000402195,62.076691667337,-99.3227066677392,12.4153383334674,49.6613533338696
120.0,99.29955994198879,148.9493399129832,74.4746699564916,24.824889985497197,-49.649779970994395,4.96497799709944,198.59911988397758,-24.824889985497197,124.12444992748598,37.2373349782458,62.06222496374299,-99.29955994198879,12.412444992748599,49.649779970994395
120.10000000000001,99.27568797574155,148.91353196361231,74.45676598180616,24.818921993935387,-49.637843987870774,4.963784398787078,198.5513759514831,-24.818921993935387,124.09460996967694,37.22838299090308,62.04730498483847,-99.27568797574155,12.409460996967693,49.637843987870774
120.2,99.25104159632714,148.87656239449072,74.43828119724536,24.812760399081785,-49.62552079816357,4.962552079816358,198.50208319265428,-24.812760399081785,124.06380199540892,37.21914059862268,62.03190099770446,-99.25104159632714,12.406380199540893,49.62552079816357
120.30000000000001,99.22560913501007,148.8384137025151,74.41920685125756,24.80640228375252,-49.61280456750504,4.961280456750504,198.45121827002015,-24.80640228375252,124.0320114187626,37.20960342562878,62.0160057093813,-99.22560913501007,12.40320114187626,49.61280456750504
120.4,99.19945291504456,148.79917937256684,74.39958968628342,24.79986322876114,-49.59972645752228,4.959972645752228,198.39890583008912,-24.79986322876114,123.9993161438057,37.19979484314171,61.99965807190285,-99.19945291504456,12.39993161438057,49.59972645752228
120.5,99.172616613158,148.758924919737,74.3794624598685,24.7931541532895,-49.586308306579,4.9586308306579,198.345233226316,-24.7931541532895,123.96577076644749,37.18973122993425,61.982885383223746,-99.172616613158,12.39657707664475,49.586308306579
120.60000000000001,99.145169369759,148.7177540546385,74.35887702731925,24.78629234243975,-49.5725846848795,4.95725846848795,198.290338739518,-24.78629234243975,123.93146171219875,37.179438513659626,61.96573085609938,-99.145169369759,12.393146171219875,49.5725846848795
120.7,99.11723505611224,148.67585258416835,74.33792629208418,24.77930876402806,-49.55861752805612,4.955861752805612,198.23447011222447,-24.77930876402806,123.8965438201403,37.16896314604209,61.94827191007015,-99.11723505611224,12.38965438201403,49.55861752805612
120.80000000000001,99.08893301131816,148.63339951697725,74.31669975848862,24.77223325282954,-49.54446650565908,4.954446650565909,198.17786602263632,-24.77223325282954,123.8611662641477,37.15834987924431,61.93058313207385,-99.08893301131816,12.38611662641477,49.54446650565908
120.9,99.06038713867778,148.59058070801666,74.29529035400833,24.765096784669446,-49.53019356933889,4.95301935693389,198.12077427735557,-24.765096784669446,123.82548392334724,37.147645177004165,61.91274196167362,-99.06038713867778,12.382548392334723,49.53019356933889
121.0,99.03164943424336,148.54747415136504,74.27373707568252,24.75791235856084,-49.51582471712168,4.951582471712168,198.06329886848673,-24.75791235856084,123.78956179280421,37.13686853784126,61.894780896402104,-99.03164943424336,12.37895617928042,49.51582471712168
121.10000000000001,99.00271837045891,148.50407755568835,74.25203877784418,24.750679592614727,-49.501359185229454,4.950135918522946,198.00543674091782,-24.750679592614727,123.75339796307364,37.12601938892209,61.87669898153682,-99.00271837045891,12.375339796307363,49.501359185229454
121.2,98.97363461891919,148.4604519283788,74.2302259641894,24.743408654729798,-49.486817309459596,4.94868173094596,197.94726923783838,-24.743408654729798,123.71704327364898,37.1151129820947,61.85852163682449,-98.97363461891919,12.371704327364899,49.486817309459596
121.30000000000001,98.94449526479443,148.41674289719163,74.20837144859581,24.736123816198607,-49.47224763239721,4.9472247632397215,197.88899052958885,-24.736123816198607,123.68061908099304,37.104185724297906,61.84030954049652,-98.94449526479443,12.368061908099303,49.47224763239721
121.4,98.91530701997475,148.3729605299621,74.18648026498106,24.728826754993687,-49.457653509987374,4.945765350998737,197.8306140399495,-24.728826754993687,123.64413377496844,37.09324013249053,61.82206688748422,-98.91530701997475,12.364413377496843,49.457653509987374
121.5,98.88605707339173,148.3290856100876,74.1645428050438,24.72151426834793,-49.44302853669586,4.944302853669587,197.77211414678345,-24.72151426834793,123.60757134173966,37.0822714025219,61.80378567086983,-98.88605707339173,12.360757134173966,49.44302853669586
121.60000000000001,98.85675454207168,148.2851318131075,74.14256590655376,24.71418863551792,-49.42837727103584,4.942837727103584,197.71350908414337,-24.71418863551792,123.57094317758961,37.07128295327688,61.785471588794806,-98.85675454207168,12.35709431775896,49.42837727103584
121.7,98.82736787538425,148.24105181307638,74.12052590653819,24.706841968846064,-49.41368393769213,4.941368393769213,197.6547357507685,-24.706841968846064,123.53420984423032,37.060262953269095,61.76710492211516,-98.82736787538425,12.353420984423032,49.41368393769213
121.80000000000001,98.79787766195187,148.1968164929278,74.0984082464639,24.699469415487968,-49.398938830975936,4.939893883097594,197.59575532390375,-24.699469415487968,123.49734707743984,37.04920412323195,61.74867353871992,-98.79787766195187,12.349734707743984,49.398938830975936
121.9,98.76826077904019,148.15239116856029,74.07619558428014,24.692065194760048,-49.384130389520095,4.93841303895201,197.53652155808038,-24.692065194760048,123.46032597380024,37.03809779214007,61.73016298690012,-98.76826077904019,12.346032597380024,49.384130389520095
122.0,98.73855711181314,148.1078356677197,74.05391783385986,24.684639277953284,-49.36927855590657,4.936927855590657,197.47711422362627,-24.684639277953284,123.42319638976642,37.02695891692993,61.71159819488321,-98.73855711181314,12.342319638976642,49.36927855590657
122.10000000000001,98.70886240765485,148.06329361148227,74.03164680574113,24.677215601913712,-49.354431203827424,4.935443120382743,197.4177248153097,-24.677215601913712,123.38607800956856,37.015823402870566,61.69303900478428,-98.70886240765485,12.338607800956856,49.354431203827424
122.2,98.67933491192264,148.01900236788396,74.00950118394198,24.66983372798066,-49.33966745596132,4.933966745596132,197.35866982384528,-24.66983372798066,123.3491686399033,37.00475059197099,61.67458431995165,-98.67933491192264,12.33491686399033,49.33966745596132
122.30000000000001,98.65022215998721,147.9753332399808,73.9876666199904,24.662555539996802,-49.325111079993604,4.93251110799936,197.30044431997442,-24.662555539996802,123.31277769998401,36.9938333099952,61.656388849992005,-98.65022215998721,12.331277769998401,49.325111079993604
122.4,98.6217385187755,147.93260777816326,73.96630388908163,24.655434629693875,-49.31086925938775,4.931086925938775,197.243477037551,-24.655434629693875,123.27717314846937,36.983151944540815,61.63858657423469,-98.6217385187755,12.327717314846938,49.31086925938775
122.5,98.59403416300927,147.8910512445139,73.94552562225695,24.648508540752317,-49.297017081504634,4.929701708150464,197.18806832601854,-24.648508540752317,123.24254270376159,36.972762811128476,61.62127135188079,-98.59403416300927,12.324254270376159,49.297017081504634
122.60000000000001,98.56718745239118,147.85078117858677,73.92539058929339,24.641796863097795,-49.28359372619559,4.92835937261956,197.13437490478236,-24.641796863097795,123.20898431548898,36.96269529464669,61.60449215774449,-98.56718745239118,12.320898431548898,49.28359372619559
122.7,98.5413201870244,147.8119802805366,73.9059901402683,24.6353300467561,-49.2706600935122,4.92706600935122,197.0826403740488,-24.6353300467561,123.17665023378049,36.95299507013415,61.588325116890246,-98.5413201870244,12.31766502337805,49.2706600935122
122.80000000000001,98.51659276962305,147.77488915443456,73.88744457721728,24.62914819240576,-49.25829638481152,4.925829638481153,197.0331855392461,-24.62914819240576,123.14574096202881,36.94372228860864,61.572870481014405,-98.51659276962305,12.31457409620288,49.25829638481152
122.9,98.49312923535118,147.73969385302678,73.86984692651339,24.623282308837794,-49.24656461767559,4.924656461767559,196.98625847070235,-24.623282308837794,123.11641154418896,36.934923463256695,61.55820577209448,-98.49312923535118,12.311641154418897,49.24656461767559
123.0,98.47100024163936,147.70650036245905,73.85325018122953,24.61775006040984,-49.23550012081968,4.923550012081968,196.94200048327872,-24.61775006040984,123.08875030204919,36.92662509061476,61.544375151024596,-98.47100024163936,12.30887503020492,49.23550012081968
123.10000000000001,98.45024064975878,147.67536097463818,73.83768048731909,24.612560162439696,-49.22512032487939,4.92251203248794,196.90048129951757,-24.612560162439696,123.06280081219847,36.918840243659545,61.53140040609924,-98.45024064975878,12.306280081219848,49.22512032487939
123.2,98.43093649751422,147.64640474627134,73.82320237313567,24.607734124378556,-49.21546824875711,4.921546824875712,196.86187299502845,-24.607734124378556,123.03867062189278,36.911601186567836,61.51933531094639,-98.43093649751422,12.303867062189278,49.21546824875711
123.30000000000001,98.41319163887044,147.61978745830567,73.80989372915283,24.60329790971761,-49.20659581943522,4.920659581943522,196.8263832777409,-24.60329790971761,123.01648954858805,36.90494686457642,61.50824477429403,-98.41319163887044,12.301648954858805,49.20659581943522
123.4,98.39715557926306,147.59573336889457,73.79786668444729,24.599288894815764,-49.19857778963153,4.919857778963153,196.7943111585261,-24.599288894815764,122.99644447407883,36.89893334222364,61.498222237039414,-98.39715557926306,12.299644447407882,49.19857778963153
123.5,98.3830049413573,147.57450741203596,73.78725370601798,24.595751235339325,-49.19150247067865,4.919150247067865,196.7660098827146,-24.595751235339325,122.97875617669662,36.89362685300899,61.48937808834831,-98.3830049413573,12.297875617669662,49.19150247067865
123.60000000000001,98.37089516496611,147.55634274744918,73.77817137372459,24.59272379124153,-49.18544758248306,4.918544758248306,196.74179032993223,-24.59272379124153,122.96361895620764,36.889085686862295,61.48180947810382,-98.37089516496611,12.296361895620764,49.18544758248306
123.7,98.3609622895288,147.5414434342932,73.7707217171466,24.5902405723822,-49.1804811447644,4.9180481144764405,196.7219245790576,-24.5902405723822,122.951202861911,36.8853608585733,61.4756014309555,-98.3609622895288,12.2951202861911,49.1804811447644
123.80000000000001,98.35332139811649,147.52998209717475,73.76499104858738,24.588330349529123,-49.176660699058246,4.917666069905825,196.70664279623298,-24.588330349529123,122.94165174764561,36.88249552429369,61.470825873822804,-98.35332139811649,12.294165174764561,49.176660699058246
123.9,98.34803757951039,147.52205636926558,73.76102818463279,24.587009394877597,-49.174018789755195,4.91740187897552,196.69607515902078,-24.587009394877597,122.93504697438799,36.880514092316396,61.46752348719399,-98.34803757951039,12.293504697438799,49.174018789755195
124.0,98.34514471247644,147.51771706871466,73.75885853435733,24.58628617811911,-49.17257235623822,4.917257235623822,196.69028942495288,-24.58628617811911,122.93143089059555,36.879429267178665,61.465715445297775,-98.34514471247644,12.293143089059555,49.17257235623822
124.10000000000001,98.34463048405243,147.51694572607863,73.75847286303932,24.586157621013108,-49.172315242026215,4.917231524202622,196.68926096810486,-24.586157621013108,122.93078810506555,36.87923643151966,61.46539405253277,-98.34463048405243,12.293078810506554,49.172315242026215
124.2,98.34640097025252,147.5196014553788,73.7598007276894,24.58660024256313,-49.17320048512626,4.917320048512626,196.69280194050503,-24.58660024256313,122.93300121281564,36.8799003638447,61.46650060640782,-98.34640097025252,12.293300121281565,49.17320048512626
124.30000000000001,98.35027161926597,147.52540742889894,73.76270371444947,24.587567904816492,-49.175135809632984,4.917513580963298,196.70054323853194,-24.587567904816492,122.93783952408246,36.881351857224736,61.46891976204123,-98.35027161926597,12.293783952408246,49.175135809632984
124.4,98.35606799474252,147.5341019921138,73.7670509960569,24.58901699868563,-49.17803399737126,4.917803399737126,196.71213598948503,-24.58901699868563,122.94508499342814,36.88352549802845,61.47254249671407,-98.35606799474252,12.294508499342815,49.17803399737126
124.5,98.36362541917387,147.5454381287608,73.7727190643804,24.590906354793468,-49.181812709586936,4.918181270958694,196.72725083834774,-24.590906354793468,122.95453177396735,36.8863595321902,61.47726588698367,-98.36362541917387,12.295453177396734,49.181812709586936
124.60000000000001,98.37271439451852,147.55907159177778,73.77953579588889,24.59317859862963,-49.18635719725926,4.918635719725927,196.74542878903705,-24.59317859862963,122.96589299314816,36.889767897944445,61.48294649657408,-98.37271439451852,12.296589299314816,49.18635719725926
124.7,98.38311626461667,147.57467439692502,73.78733719846251,24.59577906615417,-49.19155813230834,4.919155813230834,196.76623252923335,-24.59577906615417,122.97889533077084,36.893668599231255,61.48944766538542,-98.38311626461667,12.297889533077084,49.19155813230834
124.80000000000001,98.39470094915137,147.59205142372707,73.79602571186354,24.598675237287843,-49.197350474575686,4.919735047457569,196.78940189830274,-24.598675237287843,122.9933761864392,36.89801285593177,61.4966880932196,-98.39470094915137,12.299337618643921,49.197350474575686
124.9,98.40736970988031,147.61105456482048,73.80552728241024,24.60184242747008,-49.20368485494016,4.920368485494016,196.81473941976063,-24.60184242747008,123.00921213735039,36.90276364120512,61.504606068675194,-98.40736970988031,12.30092121373504,49.20368485494016
125.0,98.42098790458023,147.63148185687035,73.81574092843518,24.605246976145057,-49.210493952290115,4.921049395229012,196.84197580916046,-24.605246976145057,123.02623488072528,36.90787046421759,61.51311744036264,-98.42098790458023,12.302623488072529,49.210493952290115
125.10000000000001,98.43540213587633,147.6531032038145,73.82655160190725,24.608850533969083,-49.217701067938165,4.921770106793817,196.87080427175266,-24.608850533969083,123.0442526698454,36.91327580095363,61.5221263349227,-98.43540213587633,12.304425266984541,49.217701067938165
125.2,98.4504708655804,147.67570629837059,73.83785314918529,24.6126177163951,-49.2252354327902,4.92252354327902,196.9009417311608,-24.6126177163951,123.0630885819755,36.918926574592646,61.53154429098775,-98.4504708655804,12.30630885819755,49.2252354327902
125.30000000000001,98.46603160293816,147.69904740440722,73.84952370220361,24.61650790073454,-49.23301580146908,4.923301580146909,196.93206320587632,-24.61650790073454,123.0825395036727,36.924761851101806,61.54126975183635,-98.46603160293816,12.30825395036727,49.23301580146908
125.4,98.48187658667361,147.72281488001042,73.86140744000521,24.620469146668402,-49.240938293336804,4.924093829333681,196.96375317334721,-24.620469146668402,123.102345733342,36.930703720002604,61.551172866671,-98.48187658667361,12.310234573334201,49.240938293336804
125.5,98.49779445564218,147.74669168346327,73.87334584173163,24.624448613910545,-49.24889722782109,4.924889722782109,196.99558891128436,-24.624448613910545,123.12224306955272,36.93667292086582,61.56112153477636,-98.49779445564218,12.312224306955272,49.24889722782109
125.60000000000001,98.51358129703404,147.77037194555106,73.88518597277553,24.62839532425851,-49.25679064851702,4.925679064851702,197.02716259406807,-24.62839532425851,123.14197662129254,36.942592986387766,61.57098831064627,-98.51358129703404,12.314197662129255,49.25679064851702
125.7,98.52903720958288,147.79355581437432,73.89677790718716,24.63225930239572,-49.26451860479144,4.926451860479144,197.05807441916576,-24.63225930239572,123.1612965119786,36.94838895359358,61.5806482559893,-98.52903720958288,12.31612965119786,49.26451860479144
125.80000000000001,98.54399539831716,147.81599309747574,73.90799654873787,24.63599884957929,-49.27199769915858,4.927199769915859,197.08799079663433,-24.63599884957929,123.17999424789646,36.953998274368935,61.58999712394823,-98.54399539831716,12.317999424789646,49.27199769915858
125.9,98.558254518208,147.837381777312,73.918690888656,24.639563629552,-49.279127259104,4.9279127259104,197.116509036416,-24.639563629552,123.19781814776,36.959345444328,61.59890907388,-98.558254518208,12.319781814776,49.279127259104
126.0,98.5716778409781,147.85751676146714,73.92875838073357,24.642919460244524,-49.28583892048905,4.928583892048906,197.1433556819562,-24.642919460244524,123.21459730122262,36.964379190366785,61.60729865061131,-98.5716778409781,12.321459730122262,49.28583892048905
126.10000000000001,98.58421095213555,147.87631642820332,73.93815821410166,24.646052738033887,-49.292105476067775,4.929210547606778,197.1684219042711,-24.646052738033887,123.23026369016944,36.96907910705083,61.61513184508472,-98.58421095213555,12.323026369016944,49.292105476067775
126.2,98.59584515469595,147.89376773204393,73.94688386602196,24.648961288673988,-49.297922577347975,4.929792257734798,197.1916903093919,-24.648961288673988,123.24480644336994,36.97344193301098,61.62240322168497,-98.59584515469595,12.324480644336994,49.297922577347975
126.30000000000001,98.60655411559141,147.90983117338712,73.95491558669356,24.651638528897852,-49.303277057795704,4.930327705779571,197.21310823118282,-24.651638528897852,123.25819264448926,36.97745779334678,61.62909632224463,-98.60655411559141,12.325819264448926,49.303277057795704
126.4,98.61628441898816,147.92442662848225,73.96221331424113,24.65407110474704,-49.30814220949408,4.930814220949408,197.23256883797632,-24.65407110474704,123.27035552373519,36.98110665712056,61.635177761867595,-98.61628441898816,12.32703555237352,49.30814220949408
126.5,98.62500271451572,147.93750407177356,73.96875203588678,24.65625067862893,-49.31250135725786,4.9312501357257865,197.25000542903143,-24.65625067862893,123.28125339314465,36.98437601794339,61.640626696572326,-98.62500271451572,12.328125339314465,49.31250135725786
126.60000000000001,98.63273239238644,147.94909858857966,73.97454929428983,24.65818309809661,-49.31636619619322,4.931636619619322,197.2654647847729,-24.65818309809661,123.29091549048306,36.987274647144915,61.64545774524153,-98.63273239238644,12.329091549048306,49.31636619619322
126.7,98.63949628987334,147.95924443481,73.979622217405,24.659874072468334,-49.31974814493667,4.9319748144936675,197.27899257974667,-24.659874072468334,123.29937036234168,36.9898111087025,61.64968518117084,-98.63949628987334,12.329937036234167,49.31974814493667
126.80000000000001,98.64532850602916,147.96799275904374,73.98399637952187,24.66133212650729,-49.32266425301458,4.932266425301458,197.29065701205832,-24.66133212650729,123.30666063253645,36.991998189760935,61.653330316268224,-98.64532850602916,12.330666063253645,49.32266425301458
126.9,98.65027727124644,147.97541590686967,73.98770795343484,24.66256931781161,-49.32513863562322,4.932513863562322,197.30055454249288,-24.66256931781161,123.31284658905804,36.99385397671742,61.65642329452902,-98.65027727124644,12.331284658905805,49.32513863562322
127.0,98.65447249430362,147.98170874145544,73.99085437072772,24.663618123575905,-49.32723624715181,4.932723624715181,197.30894498860724,-24.663618123575905,123.31809061787952,36.99542718536386,61.65904530893976,-98.65447249430362,12.331809061787952,49.32723624715181
127.10000000000001,98.6581284801616,147.98719272024238,73.99359636012119,24.6645321200404,-49.3290642400808,4.93290642400808,197.3162569603232,-24.6645321200404,123.322660600202,36.996798180060594,61.661330300101,-98.6581284801616,12.3322660600202,49.3290642400808
127.2,98.66149607065293,147.9922441059794,73.9961220529897,24.665374017663233,-49.330748035326465,4.933074803532647,197.32299214130586,-24.665374017663233,123.32687008831616,36.99806102649485,61.66343504415808,-98.66149607065293,12.332687008831616,49.330748035326465
127.30000000000001,98.66484568984752,147.99726853477128,73.99863426738564,24.66621142246188,-49.33242284492376,4.933242284492376,197.32969137969505,-24.66621142246188,123.33105711230941,36.99931713369282,61.665528556154705,-98.66484568984752,12.33310571123094,49.33242284492376
127.4,98.66836362801749,148.00254544202625,74.00127272101312,24.667090907004372,-49.334181814008744,4.933418181400874,197.33672725603498,-24.667090907004372,123.33545453502185,37.00063636050656,61.66772726751093,-98.66836362801749,12.333545453502186,49.334181814008744
127.5,98.67214549523231,148.00821824284847,74.00410912142424,24.66803637380808,-49.33607274761616,4.933607274761616,197.34429099046463,-24.66803637380808,123.34018186904039,37.00205456071212,61.670090934520196,-98.67214549523231,12.33401818690404,49.33607274761616
127.60000000000001,98.67633715710251,148.01450573565376,74.00725286782688,24.669084289275627,-49.338168578551254,4.933816857855126,197.35267431420502,-24.669084289275627,123.34542144637814,37.00362643391344,61.67271072318907,-98.67633715710251,12.334542144637814,49.338168578551254
127.7,98.68107840794929,148.02161761192394,74.01080880596197,24.67026960198732,-49.34053920397464,4.9340539203974645,197.36215681589857,-24.67026960198732,123.3513480099366,37.005404402980986,61.6756740049683,-98.68107840794929,12.33513480099366,49.34053920397464
127.80000000000001,98.68651414064921,148.02977121097382,74.01488560548691,24.671628535162302,-49.343257070324604,4.93432570703246,197.37302828129842,-24.671628535162302,123.35814267581151,37.007442802743455,61.679071337905754,-98.68651414064921,12.335814267581151,49.343257070324604
127.9,98.69284771509952,148.03927157264928,74.01963578632464,24.67321192877488,-49.34642385754976,4.934642385754977,197.38569543019904,-24.67321192877488,123.3660596438744,37.00981789316232,61.6830298219372,-98.69284771509952,12.33660596438744,49.34642385754976
128.0,98.70032495027773,148.0504874254166,74.0252437127083,24.675081237569433,-49.350162475138866,4.935016247513887,197.40064990055546,-24.675081237569433,123.37540618784716,37.01262185635415,61.68770309392358,-98.70032495027773,12.337540618784717,49.350162475138866
128.1,98.70911866991366,148.0636780048705,74.03183900243525,24.677279667478416,-49.35455933495683,4.935455933495684,197.41823733982733,-24.677279667478416,123.38639833739208,37.015919501217624,61.69319916869604,-98.70911866991366,12.338639833739208,49.35455933495683
128.20000000000002,98.71935245072652,148.07902867608976,74.03951433804488,24.67983811268163,-49.35967622536326,4.935967622536326,197.43870490145304,-24.67983811268163,123.39919056340815,37.01975716902244,61.69959528170408,-98.71935245072652,12.339919056340815,49.35967622536326
128.3,98.73112202763726,148.0966830414559,74.04834152072794,24.682780506909314,-49.36556101381863,4.936556101381863,197.4622440552745,-24.682780506909314,123.41390253454657,37.02417076036397,61.70695126727328,-98.73112202763726,12.341390253454657,49.36556101381863
128.4,98.74446531892666,148.11669797839,74.058348989195,24.686116329731664,-49.37223265946333,4.937223265946333,197.48893063785331,-24.686116329731664,123.43058164865832,37.0291744945975,61.71529082432916,-98.74446531892666,12.343058164865832,49.37223265946333
128.5,98.75939136404028,148.1390870460604,74.0695435230302,24.68984784101007,-49.37969568202014,4.937969568202014,197.51878272808057,-24.68984784101007,123.44923920505036,37.0347717615151,61.72461960252518,-98.75939136404028,12.344923920505035,49.37969568202014
128.6,98.77592594846233,148.1638889226935,74.08194446134675,24.693981487115582,-49.387962974231165,4.938796297423117,197.55185189692466,-24.693981487115582,123.46990743557791,37.040972230673376,61.734953717788954,-98.77592594846233,12.346990743557791,49.387962974231165
128.70000000000002,98.7941354077409,148.19120311161134,74.09560155580567,24.698533851935224,-49.39706770387045,4.939706770387045,197.5882708154818,-24.698533851935224,123.49266925967612,37.047800777902836,61.74633462983806,-98.7941354077409,12.349266925967612,49.39706770387045
128.8,98.81409783147177,148.22114674720765,74.11057337360383,24.703524457867942,-49.407048915735885,4.9407048915735885,197.62819566294354,-24.703524457867942,123.51762228933971,37.055286686801914,61.758811144669856,-98.81409783147177,12.351762228933971,49.407048915735885
128.9,98.8358608408374,148.25379126125608,74.12689563062804,24.70896521020935,-49.4179304204187,4.94179304204187,197.6717216816748,-24.70896521020935,123.54482605104675,37.06344781531402,61.77241302552338,-98.8358608408374,12.354482605104675,49.4179304204187
129.0,98.85946976096301,148.2892046414445,74.14460232072226,24.714867440240752,-49.429734880481504,4.942973488048151,197.71893952192602,-24.714867440240752,123.57433720120376,37.07230116036113,61.78716860060188,-98.85946976096301,12.357433720120376,49.429734880481504
129.1,98.88497075678337,148.32745613517505,74.16372806758753,24.721242689195844,-49.44248537839169,4.944248537839169,197.76994151356675,-24.721242689195844,123.60621344597922,37.081864033793764,61.80310672298961,-98.88497075678337,12.360621344597922,49.44248537839169
129.20000000000002,98.91234223089288,148.3685133463393,74.18425667316966,24.72808555772322,-49.45617111544644,4.945617111544644,197.82468446178575,-24.72808555772322,123.6404277886161,37.09212833658483,61.82021389430805,-98.91234223089288,12.36404277886161,49.45617111544644
129.3,98.94151873596262,148.41227810394392,74.20613905197196,24.735379683990654,-49.47075936798131,4.947075936798131,197.88303747192523,-24.735379683990654,123.67689841995328,37.10306952598598,61.83844920997664,-98.94151873596262,12.367689841995327,49.47075936798131
129.4,98.97241313957534,148.458619709363,74.2293098546815,24.743103284893834,-49.48620656978767,4.948620656978767,197.94482627915067,-24.743103284893834,123.71551642446917,37.11465492734075,61.857758212234586,-98.97241313957534,12.371551642446917,49.48620656978767
129.5,99.00496072947354,148.50744109421032,74.25372054710516,24.751240182368385,-49.50248036473677,4.950248036473678,198.00992145894708,-24.751240182368385,123.75620091184192,37.12686027355258,61.87810045592096,-99.00496072947354,12.375620091184192,49.50248036473677
129.6,99.039113510989,148.5586702664835,74.27933513324174,24.75977837774725,-49.5195567554945,4.95195567554945,198.078227021978,-24.75977837774725,123.79889188873625,37.13966756662087,61.899445944368125,-99.039113510989,12.379889188873625,49.5195567554945
129.70000000000002,99.07480184159014,148.6122027623852,74.3061013811926,24.768700460397536,-49.53740092079507,4.953740092079507,198.1496036831803,-24.768700460397536,123.84350230198768,37.1530506905963,61.92175115099384,-99.07480184159014,12.384350230198768,49.53740092079507
129.8,99.11191320043993,148.6678698006599,74.33393490032995,24.777978300109982,-49.555956600219965,4.955595660021997,198.22382640087986,-24.777978300109982,123.88989150054991,37.166967450164975,61.944945750274954,-99.11191320043993,12.388989150054991,49.555956600219965
129.9,99.15034002022207,148.7255100303331,74.36275501516656,24.78758500505552,-49.57517001011104,4.957517001011104,198.30068004044415,-24.78758500505552,123.9379250252776,37.18137750758328,61.9689625126388,-99.15034002022207,12.39379250252776,49.57517001011104
130.0,99.19005301426131,148.78507952139196,74.39253976069598,24.797513253565327,-49.595026507130655,4.959502650713066,198.38010602852262,-24.797513253565327,123.98756626782664,37.19626988034799,61.99378313391332,-99.19005301426131,12.398756626782664,49.595026507130655
130.1,99.2309873318487,148.84648099777303,74.42324049888651,24.807746832962174,-49.61549366592435,4.961549366592435,198.4619746636974,-24.807746832962174,124.03873416481088,37.21162024944326,62.01936708240544,-99.2309873318487,12.403873416481087,49.61549366592435
130.20000000000002,99.27307394626465,148.90961091939698,74.45480545969849,24.81826848656616,-49.63653697313232,4.963653697313233,198.5461478925293,-24.81826848656616,124.0913424328308,37.227402729849246,62.0456712164154,-99.27307394626465,12.40913424328308,49.63653697313232
130.3,99.31620424692338,148.97430637038508,74.48715318519254,24.829051061730844,-49.65810212346169,4.965810212346169,198.63240849384675,-24.829051061730844,124.14525530865421,37.24357659259627,62.07262765432711,-99.31620424692338,12.414525530865422,49.65810212346169
130.4,99.36019362663265,149.040290439949,74.5201452199745,24.840048406658163,-49.680096813316325,4.968009681331633,198.7203872532653,-24.840048406658163,124.2002420332908,37.26007260998725,62.1001210166454,-99.36019362663265,12.420024203329081,49.680096813316325
130.5,99.40485496518659,149.10728244777988,74.55364122388994,24.851213741296647,-49.70242748259329,4.97024274825933,198.80970993037317,-24.851213741296647,124.25606870648323,37.27682061194497,62.12803435324162,-99.40485496518659,12.425606870648323,49.70242748259329
130.6,99.449956309787,149.1749344646805,74.58746723234025,24.86248907744675,-49.7249781548935,4.97249781548935,198.899912619574,-24.86248907744675,124.31244538723375,37.29373361617012,62.156222693616876,-99.449956309787,12.431244538723375,49.7249781548935
130.70000000000002,99.49522323891095,149.24283485836642,74.62141742918321,24.873805809727738,-49.747611619455476,4.974761161945548,198.9904464778219,-24.873805809727738,124.3690290486387,37.310708714591605,62.18451452431935,-99.49522323891095,12.436902904863869,49.747611619455476
130.8,99.5403758660564,149.3105637990846,74.6552818995423,24.8850939665141,-49.7701879330282,4.97701879330282,199.0807517321128,-24.8850939665141,124.42546983257049,37.32764094977115,62.21273491628524,-99.5403758660564,12.44254698325705,49.7701879330282
130.9,99.58519445981364,149.37779168972045,74.68889584486023,24.89629861495341,-49.79259722990682,4.979259722990682,199.17038891962727,-24.89629861495341,124.48149307476704,37.34444792243011,62.24074653738352,-99.58519445981364,12.448149307476704,49.79259722990682
131.0,99.6294851893393,149.44422778400894,74.72211389200447,24.907371297334826,-49.81474259466965,4.981474259466966,199.2589703786786,-24.907371297334826,124.53685648667414,37.361056946002236,62.26842824333707,-99.6294851893393,12.453685648667413,49.81474259466965
131.1,99.67305135388568,149.50957703082852,74.75478851541426,24.91826283847142,-49.83652567694284,4.983652567694285,199.34610270777137,-24.91826283847142,124.5913141923571,37.37739425770713,62.29565709617855,-99.67305135388568,12.45913141923571,49.83652567694284
131.20000000000002,99.7156519172126,149.5734778758189,74.78673893790945,24.92891297930315,-49.8578259586063,4.9857825958606306,199.4313038344252,-24.92891297930315,124.64456489651575,37.393369468954724,62.32228244825787,-99.7156519172126,12.464456489651575,49.8578259586063
131.3,99.75704318742814,149.6355647811422,74.8177823905711,24.939260796857035,-49.87852159371407,4.987852159371407,199.51408637485628,-24.939260796857035,124.69630398428518,37.40889119528555,62.34815199214259,-99.75704318742814,12.469630398428517,49.87852159371407
131.4,99.79699000414512,149.69548500621767,74.84774250310883,24.94924750103628,-49.89849500207256,4.9898495002072565,199.59398000829023,-24.94924750103628,124.7462375051814,37.42387125155442,62.3731187525907,-99.79699000414512,12.47462375051814,49.89849500207256
131.5,99.83525112434688,149.75287668652032,74.87643834326016,24.95881278108672,-49.91762556217344,4.991762556217345,199.67050224869377,-24.95881278108672,124.7940639054336,37.43821917163008,62.3970319527168,-99.83525112434688,12.47940639054336,49.91762556217344
131.6,99.87157393698098,149.80736090547146,74.90368045273573,24.967893484245245,-49.93578696849049,4.993578696849049,199.74314787396196,-24.967893484245245,124.83946742122623,37.451840226367864,62.419733710613116,-99.87157393698098,12.483946742122622,49.93578696849049
131.70000000000002,99.90577470493345,149.85866205740018,74.92933102870009,24.976443676233362,-49.952887352466725,4.995288735246673,199.8115494098669,-24.976443676233362,124.88221838116681,37.464665514350045,62.441109190583404,-99.90577470493345,12.488221838116681,49.952887352466725
131.8,99.93777951151952,149.90666926727928,74.95333463363964,24.98444487787988,-49.96888975575976,4.996888975575977,199.87555902303905,-24.98444487787988,124.9222243893994,37.47666731681982,62.4611121946997,-99.93777951151952,12.49222243893994,49.96888975575976
131.9,99.96757094577558,149.95135641866335,74.97567820933168,24.991892736443894,-49.98378547288779,4.998378547288779,199.93514189155115,-24.991892736443894,124.95946368221948,37.48783910466584,62.47973184110974,-99.96757094577558,12.495946368221947,49.98378547288779
132.0,99.99509327755167,149.9926399163275,74.99631995816375,24.99877331938792,-49.99754663877584,4.999754663877584,199.99018655510335,-24.99877331938792,124.9938665969396,37.498159979081876,62.4969332984698,-99.99509327755167,12.49938665969396,49.99754663877584
132.1,100.02029707438717,150.03044561158077,75.01522280579039,25.005074268596793,-50.01014853719359,5.001014853719359,200.04059414877435,-25.005074268596793,125.02537134298396,37.50761140289519,62.51268567149198,-100.02029707438717,12.502537134298397,50.01014853719359
132.20000000000002,100.04319945302093,150.0647991795314,75.0323995897657,25.010799863255233,-50.021599726510466,5.002159972651047,200.08639890604186,-25.010799863255233,125.05399931627616,37.51619979488285,62.52699965813808,-100.04319945302093,12.505399931627617,50.021599726510466
132.3,100.06382635739165,150.09573953608748,75.04786976804374,25.015956589347912,-50.031913178695824,5.003191317869582,200.1276527147833,-25.015956589347912,125.07978294673956,37.52393488402187,62.53989147336978,-100.06382635739165,12.507978294673956,50.031913178695824
132.4,100.08223101677643,150.12334652516466,75.06167326258233,25.020557754194108,-50.041115508388216,5.004111550838822,200.16446203355287,-25.020557754194108,125.10278877097053,37.530836631291166,62.55139438548527,-100.08223101677643,12.510278877097054,50.041115508388216
132.5,100.09850512460636,150.14775768690953,75.07387884345476,25.02462628115159,-50.04925256230318,5.004925256230319,200.19701024921272,-25.02462628115159,125.12313140575796,37.53693942172738,62.56156570287898,-100.09850512460636,12.512313140575795,50.04925256230318
132.6,100.11266105285473,150.1689915792821,75.08449578964105,25.028165263213683,-50.05633052642737,5.005633052642737,200.22532210570947,-25.028165263213683,125.14082631606841,37.54224789482053,62.570413158034206,-100.11266105285473,12.514082631606842,50.05633052642737
132.70000000000002,100.1247330304526,150.1870995456789,75.09354977283945,25.03118325761315,-50.0623665152263,5.006236651522631,200.2494660609052,-25.03118325761315,125.15591628806575,37.546774886419726,62.57795814403288,-100.1247330304526,12.515591628806575,50.0623665152263
132.8,100.1347927416225,150.20218911243376,75.10109455621688,25.033698185405626,-50.06739637081125,5.006739637081125,200.269585483245,-25.033698185405626,125.16849092702813,37.55054727810844,62.584245463514065,-100.1347927416225,12.516849092702813,50.06739637081125
132.9,100.1429041852916,150.21435627793738,75.10717813896869,25.0357260463229,-50.0714520926458,5.00714520926458,200.2858083705832,-25.0357260463229,125.1786302316145,37.553589069484346,62.58931511580725,-100.1429041852916,12.51786302316145,50.0714520926458
133.0,100.14907889343587,150.2236183401538,75.1118091700769,25.037269723358968,-50.074539446717935,5.007453944671794,200.29815778687174,-25.037269723358968,125.18634861679485,37.55590458503845,62.59317430839742,-100.14907889343587,12.518634861679484,50.074539446717935
133.1,100.15333460178181,150.2300019026727,75.11500095133636,25.038333650445452,-50.076667300890904,5.007666730089091,200.30666920356362,-25.038333650445452,125.19166825222726,37.55750047566818,62.59583412611363,-100.15333460178181,12.519166825222726,50.076667300890904
133.20000000000002,100.15569775377219,150.23354663065828,75.11677331532914,25.038924438443047,-50.077848876886094,5.00778488768861,200.31139550754438,-25.038924438443047,125.19462219221523,37.55838665766457,62.59731109610762,-100.15569775377219,12.519462219221523,50.077848876886094
133.3,100.15621995277962,150.23432992916943,75.11716496458472,25.039054988194906,-50.07810997638981,5.007810997638981,200.31243990555924,-25.039054988194906,125.19527494097453,37.55858248229236,62.597637470487264,-100.15621995277962,12.519527494097453,50.07810997638981
133.4,100.15488518005415,150.2323277700812,75.1161638850406,25.038721295013538,-50.077442590027076,5.007744259002708,200.3097703601083,-25.038721295013538,125.1936064750677,37.5580819425203,62.59680323753385,-100.15488518005415,12.519360647506769,50.077442590027076
133.5,100.1516927721328,150.2275391581992,75.1137695790996,25.0379231930332,-50.0758463860664,5.007584638606641,200.3033855442656,-25.0379231930332,125.18961596516601,37.5568847895498,62.594807982583006,-100.1516927721328,12.5189615965166,50.0758463860664
133.6,100.14662627128936,150.21993940693403,75.10996970346702,25.03665656782234,-50.07331313564468,5.007331313564468,200.29325254257873,-25.03665656782234,125.18328283911171,37.55498485173351,62.591641419555856,-100.14662627128936,12.51832828391117,50.07331313564468
133.70000000000002,100.13963622337755,150.2094543350663,75.10472716753316,25.034909055844388,-50.069818111688775,5.0069818111688775,200.2792724467551,-25.034909055844388,125.17454527922195,37.55236358376658,62.58727263961097,-100.13963622337755,12.517454527922194,50.069818111688775
133.8,100.13069777662497,150.19604666493746,75.09802333246873,25.032674444156243,-50.065348888312485,5.006534888831249,200.26139555324994,-25.032674444156243,125.16337222078121,37.549011666234364,62.581686110390606,-100.13069777662497,12.516337222078121,50.065348888312485
133.9,100.11977266017409,150.17965899026115,75.08982949513057,25.029943165043523,-50.059886330087046,5.005988633008705,200.23954532034818,-25.029943165043523,125.14971582521761,37.54491474756529,62.574857912608806,-100.11977266017409,12.514971582521762,50.059886330087046
134.0,100.10680537993653,150.1602080699048,75.0801040349524,25.026701344984133,-50.053402689968266,5.005340268996827,200.21361075987306,-25.026701344984133,125.13350672492066,37.5400520174762,62.56675336246033,-100.10680537993653,12.513350672492066,50.053402689968266
134.1,100.09173258428936,150.13759887643403,75.06879943821701,25.02293314607234,-50.04586629214468,5.004586629214469,200.18346516857872,-25.02293314607234,125.11466573036171,37.53439971910851,62.557332865180854,-100.09173258428936,12.51146657303617,50.04586629214468
134.20000000000002,100.07451480184281,150.1117722027642,75.0558861013821,25.018628700460702,-50.037257400921405,5.003725740092141,200.14902960368562,-25.018628700460702,125.09314350230352,37.52794305069105,62.54657175115176,-100.07451480184281,12.509314350230351,50.037257400921405
134.3,100.05515414698061,150.08273122047092,75.04136561023546,25.013788536745153,-50.027577073490306,5.002757707349031,200.11030829396122,-25.013788536745153,125.06894268372577,37.52068280511773,62.53447134186288,-100.05515414698061,12.506894268372577,50.027577073490306
134.4,100.03362228935754,150.0504334340363,75.02521671701815,25.008405572339385,-50.01681114467877,5.001681114467877,200.06724457871508,-25.008405572339385,125.04202786169692,37.51260835850908,62.52101393084846,-100.03362228935754,12.504202786169692,50.01681114467877
134.5,100.0098904303848,150.0148356455772,75.0074178227886,25.0024726075962,-50.0049452151924,5.00049452151924,200.0197808607696,-25.0024726075962,125.012363037981,37.5037089113943,62.5061815189905,-100.0098904303848,12.5012363037981,50.0049452151924
134.6,99.98397867984902,149.97596801977352,74.98798400988676,24.995994669962254,-49.99198933992451,4.999198933992451,199.96795735969803,-24.995994669962254,124.97997334981127,37.49399200494338,62.48998667490564,-99.98397867984902,12.497997334981127,49.99198933992451
134.70000000000002,99.95595274175783,149.93392911263675,74.96696455631837,24.988988185439457,-49.97797637087891,4.997797637087892,199.91190548351565,-24.988988185439457,124.94494092719728,37.48348227815919,62.47247046359864,-99.95595274175783,12.494494092719728,49.97797637087891
134.8,99.92584050290137,149.88876075435206,74.94438037717603,24.98146012572534,-49.96292025145068,4.996292025145069,199.85168100580273,-24.98146012572534,124.9073006286267,37.472190188588016,62.45365031431335,-99.92584050290137,12.49073006286267,49.96292025145068
134.9,99.89362817323779,149.84044225985667,74.92022112992834,24.973407043309447,-49.94681408661889,4.99468140866189,199.78725634647557,-24.973407043309447,124.86703521654724,37.46011056496417,62.43351760827362,-99.89362817323779,12.486703521654723,49.94681408661889
135.0,99.85935326231545,149.78902989347318,74.89451494673659,24.964838315578863,-49.929676631157726,4.992967663115773,199.7187065246309,-24.964838315578863,124.82419157789431,37.447257473368296,62.412095788947155,-99.85935326231545,12.482419157789431,49.929676631157726
135.1,99.82306157491776,149.73459236237665,74.86729618118832,24.95576539372944,-49.91153078745888,4.991153078745889,199.64612314983552,-24.95576539372944,124.7788269686472,37.43364809059416,62.3894134843236,-99.82306157491776,12.47788269686472,49.91153078745888
135.20000000000002,99.78479471187657,149.67719206781487,74.83859603390744,24.946198677969143,-49.892397355938286,4.989239735593829,199.56958942375314,-24.946198677969143,124.73099338984571,37.41929801695372,62.365496694922854,-99.78479471187657,12.473099338984571,49.892397355938286
135.3,99.74457532226687,149.6168629834003,74.80843149170015,24.936143830566717,-49.872287661133434,4.987228766113343,199.48915064453374,-24.936143830566717,124.68071915283359,37.404215745850074,62.340359576416795,-99.74457532226687,12.468071915283359,49.872287661133434
135.4,99.70242446018888,149.55363669028333,74.77681834514166,24.92560611504722,-49.85121223009444,4.985121223009444,199.40484892037776,-24.92560611504722,124.6280305752361,37.38840917257083,62.31401528761805,-99.70242446018888,12.46280305752361,49.85121223009444
135.5,99.65839687355611,149.48759531033417,74.74379765516709,24.91459921838903,-49.82919843677806,4.982919843677806,199.31679374711223,-24.91459921838903,124.57299609194514,37.37189882758354,62.28649804597257,-99.65839687355611,12.457299609194514,49.82919843677806
135.6,99.6126459803908,149.4189689705862,74.7094844852931,24.9031614950977,-49.8063229901954,4.98063229901954,199.2252919607816,-24.9031614950977,124.51580747548849,37.35474224264655,62.25790373774424,-99.6126459803908,12.45158074754885,49.8063229901954
135.70000000000002,99.56536659628544,149.34804989442816,74.67402494721408,24.89134164907136,-49.78268329814272,4.978268329814273,199.1307331925709,-24.89134164907136,124.45670824535681,37.33701247360704,62.228354122678404,-99.56536659628544,12.44567082453568,49.78268329814272
135.8,99.51681119846715,149.27521679770072,74.63760839885036,24.879202799616788,-49.758405599233576,4.975840559923358,199.0336223969343,-24.879202799616788,124.39601399808394,37.31880419942518,62.19800699904197,-99.51681119846715,12.439601399808394,49.758405599233576
135.9,99.46728266757593,149.2009240013639,74.60046200068194,24.866820666893982,-49.733641333787965,4.973364133378797,198.93456533515186,-24.866820666893982,124.33410333446992,37.30023100034097,62.16705166723496,-99.46728266757593,12.433410333446991,49.733641333787965
136.0,99.41706767068325,149.12560150602488,74.56280075301244,24.854266917670813,-49.708533835341626,4.970853383534163,198.8341353413665,-24.854266917670813,124.27133458835407,37.28140037650622,62.13566729417703,-99.41706767068325,12.427133458835407,49.708533835341626
136.1,99.3663512318642,149.0495268477963,74.52476342389815,24.84158780796605,-49.6831756159321,4.96831756159321,198.7327024637284,-24.84158780796605,124.20793903983025,37.262381711949075,62.103969519915125,-99.3663512318642,12.420793903983025,49.6831756159321
136.20000000000002,99.31523254424428,148.97284881636642,74.48642440818321,24.82880813606107,-49.65761627212214,4.965761627212214,198.63046508848856,-24.82880813606107,124.14404068030535,37.243212204091606,62.072020340152676,-99.31523254424428,12.414404068030535,49.65761627212214
136.3,99.26381135045719,148.89571702568577,74.44785851284288,24.815952837614297,-49.631905675228595,4.96319056752286,198.52762270091438,-24.815952837614297,124.0797641880715,37.22392925642144,62.03988209403575,-99.26381135045719,12.407976418807149,49.631905675228595
136.4,99.21219707523173,148.81829561284758,74.40914780642379,24.803049268807932,-49.606098537615864,4.960609853761587,198.42439415046346,-24.803049268807932,124.01524634403967,37.204573903211895,62.007623172019834,-99.21219707523173,12.401524634403966,49.606098537615864
136.5,99.1605293654592,148.7407940481888,74.3703970240944,24.7901323413648,-49.5802646827296,4.95802646827296,198.3210587309184,-24.7901323413648,123.950661706824,37.1851985120472,61.975330853412,-99.1605293654592,12.3950661706824,49.5802646827296
136.6,99.10895677755963,148.66343516633944,74.33171758316972,24.777239194389907,-49.55447838877981,4.955447838877982,198.21791355511925,-24.777239194389907,123.88619597194953,37.16585879158486,61.94309798597477,-99.10895677755963,12.388619597194953,49.55447838877981
136.70000000000002,99.05769170296091,148.58653755444135,74.29326877722067,24.764422925740227,-49.528845851480455,4.952884585148046,198.11538340592182,-24.764422925740227,123.82211462870114,37.14663438861034,61.91105731435057,-99.05769170296091,12.382211462870114,49.528845851480455
136.8,99.00698993641183,148.51048490461773,74.25524245230886,24.751747484102957,-49.50349496820591,4.950349496820592,198.01397987282365,-24.751747484102957,123.75873742051479,37.12762122615443,61.879368710257395,-99.00698993641183,12.375873742051478,49.50349496820591
136.9,98.95706129236444,148.43559193854668,74.21779596927334,24.73926532309111,-49.47853064618222,4.947853064618222,197.9141225847289,-24.73926532309111,123.69632661545555,37.10889798463667,61.84816330772777,-98.95706129236444,12.369632661545555,49.47853064618222
137.0,98.90800307222004,148.36200460833007,74.18100230416503,24.72700076805501,-49.45400153611002,4.945400153611002,197.81600614444008,-24.72700076805501,123.63500384027505,37.09050115208252,61.81750192013752,-98.90800307222004,12.363500384027505,49.45400153611002
137.1,98.85987942519255,148.2898191377888,74.1449095688944,24.714969856298136,-49.42993971259627,4.942993971259628,197.7197588503851,-24.714969856298136,123.57484928149069,37.0724547844472,61.78742464074534,-98.85987942519255,12.357484928149068,49.42993971259627
137.20000000000002,98.81272670241859,148.2190900536279,74.10954502681395,24.703181675604647,-49.40636335120929,4.94063633512093,197.62545340483717,-24.703181675604647,123.51590837802323,37.054772513406974,61.75795418901161,-98.81272670241859,12.351590837802323,49.40636335120929
137.3,98.76652192868376,148.14978289302564,74.07489144651282,24.69163048217094,-49.38326096434188,4.938326096434189,197.53304385736752,-24.69163048217094,123.4581524108547,37.03744572325641,61.72907620542735,-98.76652192868376,12.34581524108547,49.38326096434188
137.4,98.72124531953293,148.08186797929937,74.04093398964969,24.68031132988323,-49.36062265976646,4.936062265976647,197.44249063906585,-24.68031132988323,123.40155664941616,37.020466994824844,61.70077832470808,-98.72124531953293,12.340155664941616,49.36062265976646
137.5,98.67689813144388,148.01534719716582,74.00767359858291,24.66922453286097,-49.33844906572194,4.933844906572194,197.35379626288776,-24.66922453286097,123.34612266430484,37.003836799291456,61.67306133215242,-98.67689813144388,12.334612266430485,49.33844906572194
137.6,98.63349895795209,147.95024843692812,73.97512421846406,24.65837473948802,-49.31674947897604,4.931674947897605,197.26699791590417,-24.65837473948802,123.29187369744011,36.98756210923203,61.645936848720055,-98.63349895795209,12.32918736974401,49.31674947897604
137.70000000000002,98.59107205232414,147.8866080784862,73.9433040392431,24.647768013081034,-49.29553602616207,4.929553602616207,197.18214410464827,-24.647768013081034,123.23884006540517,36.97165201962155,61.619420032702585,-98.59107205232414,12.323884006540517,49.29553602616207
137.8,98.5496832952979,147.82452494294685,73.91226247147343,24.637420823824474,-49.27484164764895,4.927484164764895,197.0993665905958,-24.637420823824474,123.18710411912237,36.95613123573671,61.59355205956118,-98.5496832952979,12.318710411912237,49.27484164764895
137.9,98.50944208330212,147.76416312495317,73.88208156247659,24.62736052082553,-49.25472104165106,4.925472104165106,197.01888416660424,-24.62736052082553,123.13680260412765,36.94104078123829,61.568401302063826,-98.50944208330212,12.313680260412765,49.25472104165106
138.0,98.4704825937907,147.70572389068604,73.85286194534302,24.617620648447677,-49.23524129689535,4.923524129689536,196.9409651875814,-24.617620648447677,123.08810324223839,36.92643097267151,61.544051621119195,-98.4704825937907,12.308810324223838,49.23524129689535
138.1,98.43304161819417,147.64956242729124,73.82478121364562,24.608260404548542,-49.216520809097084,4.921652080909709,196.86608323638833,-24.608260404548542,123.04130202274271,36.91239060682281,61.520651011371356,-98.43304161819417,12.304130202274271,49.216520809097084
138.20000000000002,98.39735994070341,147.59603991105513,73.79801995552756,24.599339985175853,-49.198679970351705,4.919867997035171,196.79471988140682,-24.599339985175853,122.99669992587926,36.89900997776378,61.49834996293963,-98.39735994070341,12.299669992587926,49.198679970351705
138.3,98.36365525399083,147.54548288098624,73.77274144049312,24.590913813497707,-49.181827626995414,4.918182762699542,196.72731050798166,-24.590913813497707,122.95456906748853,36.88637072024656,61.47728453374427,-98.36365525399083,12.295456906748853,49.181827626995414
138.4,98.33214343437074,147.4982151515561,73.74910757577805,24.583035858592684,-49.16607171718537,4.916607171718537,196.66428686874147,-24.583035858592684,122.91517929296342,36.87455378788903,61.45758964648171,-98.33214343437074,12.291517929296342,49.16607171718537
138.5,98.3030196732251,147.45452950983764,73.72726475491882,24.575754918306274,-49.15150983661255,4.915150983661255,196.6060393464502,-24.575754918306274,122.87877459153137,36.86363237745941,61.439387295765684,-98.3030196732251,12.287877459153137,49.15150983661255
138.6,98.27648464143803,147.41472696215703,73.70736348107852,24.569121160359508,-49.138242320719016,4.913824232071902,196.55296928287606,-24.569121160359508,122.84560580179755,36.85368174053926,61.42280290089877,-98.27648464143803,12.284560580179754,49.138242320719016
138.70000000000002,98.25270153930022,147.37905230895032,73.68952615447516,24.563175384825055,-49.12635076965011,4.912635076965011,196.50540307860044,-24.563175384825055,122.81587692412528,36.84476307723758,61.40793846206264,-98.25270153930022,12.281587692412527,49.12635076965011
138.8,98.23176566106805,147.3476484916021,73.67382424580104,24.557941415267013,-49.11588283053403,4.911588283053403,196.4635313221361,-24.557941415267013,122.78970707633506,36.83691212290052,61.39485353816753,-98.23176566106805,12.278970707633507,49.11588283053403
138.9,98.21370133106461,147.32055199659692,73.66027599829846,24.553425332766153,-49.106850665532306,4.910685066553231,196.42740266212923,-24.553425332766153,122.76712666383077,36.83013799914923,61.38356333191538,-98.21370133106461,12.276712666383077,49.106850665532306
139.0,98.19856767500468,147.297851512507,73.6489257562535,24.54964191875117,-49.09928383750234,4.909928383750234,196.39713535000936,-24.54964191875117,122.74820959375586,36.82446287812675,61.37410479687793,-98.19856767500468,12.274820959375585,49.09928383750234
139.1,98.18635092649873,147.2795263897481,73.63976319487405,24.546587731624683,-49.093175463249366,4.909317546324937,196.37270185299747,-24.546587731624683,122.73293865812342,36.819881597437025,61.36646932906171,-98.18635092649873,12.273293865812342,49.093175463249366
139.20000000000002,98.17698994252761,147.26548491379143,73.63274245689571,24.544247485631903,-49.088494971263806,4.908849497126381,196.35397988505522,-24.544247485631903,122.72123742815951,36.816371228447856,61.360618714079756,-98.17698994252761,12.272123742815952,49.088494971263806
139.3,98.17037201498259,147.25555802247388,73.62777901123694,24.542593003745647,-49.085186007491295,4.9085186007491295,196.34074402996518,-24.542593003745647,122.71296501872824,36.81388950561847,61.35648250936412,-98.17037201498259,12.271296501872824,49.085186007491295
139.4,98.16637534667753,147.2495630200163,73.62478151000815,24.54159383666938,-49.08318767333876,4.908318767333877,196.33275069335505,-24.54159383666938,122.7079691833469,36.812390755004074,61.35398459167345,-98.16637534667753,12.27079691833469,49.08318767333876
139.5,98.16488025927094,147.24732038890642,73.62366019445321,24.541220064817736,-49.08244012963547,4.908244012963547,196.3297605185419,-24.541220064817736,122.70610032408868,36.811830097226604,61.35305016204434,-98.16488025927094,12.270610032408868,49.08244012963547
139.6,98.1657612674699,147.24864190120485,73.62432095060242,24.541440316867476,-49.08288063373495,4.9082880633734955,196.3315225349398,-24.541440316867476,122.70720158433738,36.81216047530121,61.35360079216869,-98.1657612674699,12.270720158433738,49.08288063373495
139.70000000000002,98.16889470504283,147.25334205756425,73.62667102878213,24.542223676260708,-49.084447352521416,4.908444735252142,196.33778941008566,-24.542223676260708,122.71111838130354,36.81333551439106,61.35555919065177,-98.16889470504283,12.271111838130354,49.084447352521416
139.8,98.17418249102035,147.2612737365305,73.63063686826526,24.543545622755087,-49.08709124551017,4.9087091245510175,196.3483649820407,-24.543545622755087,122.71772811377544,36.81531843413263,61.35886405688772,-98.17418249102035,12.271772811377543,49.08709124551017
139.9,98.18145001664158,147.27217502496237,73.63608751248118,24.545362504160394,-49.09072500832079,4.909072500832079,196.36290003328315,-24.545362504160394,122.72681252080197,36.81804375624059,61.363406260400986,-98.18145001664158,12.272681252080197,49.09072500832079
140.0,98.19045665561393,147.28568498342088,73.64284249171044,24.547614163903482,-49.095228327806964,4.909522832780697,196.38091331122786,-24.547614163903482,122.73807081951742,36.82142124585522,61.36903540975871,-98.19045665561393,12.273807081951741,49.095228327806964
140.1,98.20092880438537,147.30139320657804,73.65069660328902,24.550232201096343,-49.100464402192685,4.9100464402192685,196.40185760877074,-24.550232201096343,122.75116100548172,36.82534830164451,61.37558050274086,-98.20092880438537,12.275116100548171,49.100464402192685
140.20000000000002,98.21267180723825,147.31900771085736,73.65950385542868,24.553167951809563,-49.106335903619126,4.910633590361913,196.4253436144765,-24.553167951809563,122.76583975904782,36.82975192771434,61.38291987952391,-98.21267180723825,12.276583975904781,49.106335903619126
140.3,98.22553583637816,147.33830375456722,73.66915187728361,24.55638395909454,-49.11276791818908,4.911276791818908,196.4510716727563,-24.55638395909454,122.7819197954727,36.834575938641805,61.39095989773635,-98.22553583637816,12.27819197954727,49.11276791818908
140.4,98.23935096733982,147.35902645100973,73.67951322550486,24.559837741834954,-49.11967548366991,4.911967548366992,196.47870193467963,-24.559837741834954,122.79918870917477,36.83975661275243,61.399594354587386,-98.23935096733982,12.279918870917477,49.11967548366991
140.5,98.25396854977373,147.3809528246606,73.6904764123303,24.563492137443433,-49.126984274886865,4.912698427488687,196.50793709954746,-24.563492137443433,122.81746068721716,36.84523820616515,61.40873034360858,-98.25396854977373,12.281746068721716,49.126984274886865
140.6,98.26926250869349,147.40389376304023,73.70194688152012,24.56731562717337,-49.13463125434674,4.913463125434674,196.53852501738697,-24.56731562717337,122.83657813586686,36.85097344076006,61.41828906793343,-98.26926250869349,12.283657813586686,49.13463125434674
140.70000000000002,98.28513444480492,147.42770166720737,73.71385083360369,24.57128361120123,-49.14256722240246,4.914256722240246,196.57026888960985,-24.57128361120123,122.85641805600616,36.85692541680184,61.42820902800308,-98.28513444480492,12.285641805600616,49.14256722240246
140.8,98.30152793409648,147.45229190114472,73.72614595057236,24.57538198352412,-49.15076396704824,4.9150763967048245,196.60305586819297,-24.57538198352412,122.87690991762061,36.86307297528618,61.438454958810304,-98.30152793409648,12.28769099176206,49.15076396704824
140.9,98.31838930468079,147.47758395702118,73.73879197851059,24.579597326170198,-49.159194652340396,4.91591946523404,196.63677860936158,-24.579597326170198,122.897986630851,36.869395989255295,61.4489933154255,-98.31838930468079,12.289798663085099,49.159194652340396
141.0,98.33567982593644,147.50351973890466,73.75175986945233,24.58391995648411,-49.16783991296822,4.916783991296822,196.67135965187288,-24.58391995648411,122.91959978242055,36.875879934726164,61.459799891210274,-98.33567982593644,12.291959978242055,49.16783991296822
141.1,98.35338256238066,147.530073843571,73.7650369217855,24.588345640595165,-49.17669128119033,4.917669128119034,196.70676512476132,-24.588345640595165,122.94172820297582,36.88251846089275,61.47086410148791,-98.35338256238066,12.294172820297582,49.17669128119033
141.20000000000002,98.37154707380733,147.557320610711,73.7786603053555,24.592886768451834,-49.18577353690367,4.918577353690367,196.74309414761467,-24.592886768451834,122.96443384225917,36.88933015267775,61.482216921129584,-98.37154707380733,12.296443384225917,49.18577353690367
141.3,98.39019648734272,147.58529473101407,73.79264736550704,24.59754912183568,-49.19509824367136,4.919509824367136,196.78039297468544,-24.59754912183568,122.9877456091784,36.89632368275352,61.4938728045892,-98.39019648734272,12.29877456091784,49.19509824367136
141.4,98.40936658785658,147.61404988178487,73.80702494089243,24.602341646964145,-49.20468329392829,4.920468329392829,196.81873317571316,-24.602341646964145,123.01170823482073,36.903512470446216,61.505854117410365,-98.40936658785658,12.301170823482073,49.20468329392829
141.5,98.42911793007092,147.64367689510638,73.82183844755319,24.60727948251773,-49.21455896503546,4.921455896503546,196.85823586014183,-24.60727948251773,123.03639741258864,36.910919223776595,61.51819870629432,-98.42911793007092,12.303639741258865,49.21455896503546
141.6,98.44944140347025,147.67416210520537,73.83708105260268,24.61236035086756,-49.22472070173512,4.922472070173512,196.8988828069405,-24.61236035086756,123.06180175433781,36.91854052630134,61.530900877168904,-98.44944140347025,12.30618017543378,49.22472070173512
141.70000000000002,98.47027911989882,147.70541867984824,73.85270933992412,24.617569779974705,-49.23513955994941,4.923513955994942,196.94055823979764,-24.617569779974705,123.08784889987352,36.92635466996206,61.54392444993676,-98.47027911989882,12.308784889987352,49.23513955994941
141.8,98.49151832503577,147.73727748755365,73.86863874377683,24.622879581258942,-49.245759162517885,4.924575916251789,196.98303665007154,-24.622879581258942,123.11439790629471,36.934319371888414,61.557198953147356,-98.49151832503577,12.311439790629471,49.245759162517885
141.9,98.51301959293181,147.76952938939772,73.88476469469886,24.628254898232953,-49.256509796465906,4.925650979646591,197.02603918586362,-24.628254898232953,123.14127449116476,36.94238234734943,61.57063724558238,-98.51301959293181,12.314127449116476,49.256509796465906
142.0,98.53463725042859,147.80195587564288,73.90097793782144,24.633659312607147,-49.267318625214294,4.92673186252143,197.06927450085718,-24.633659312607147,123.16829656303574,36.95048896891072,61.58414828151787,-98.53463725042859,12.316829656303574,49.267318625214294
142.1,98.55622380033711,147.83433570050568,73.91716785025284,24.639055950084277,-49.278111900168554,4.927811190016856,197.11244760067422,-24.639055950084277,123.19527975042138,36.95858392512642,61.59763987521069,-98.55622380033711,12.319527975042138,49.278111900168554
142.20000000000002,98.57761704451696,147.86642556677543,73.93321278338772,24.64440426112924,-49.28880852225848,4.9288808522258485,197.1552340890339,-24.64440426112924,123.2220213056462,36.96660639169386,61.6110106528231,-98.57761704451696,12.32220213056462,49.28880852225848
142.3,98.59863731240127,147.8979559686019,73.94897798430095,24.649659328100316,-49.29931865620063,4.9299318656200635,197.19727462480253,-24.649659328100316,123.24829664050158,36.97448899215048,61.62414832025079,-98.59863731240127,12.324829664050158,49.29931865620063
142.4,98.61908801807972,147.9286320271196,73.9643160135598,24.65477200451993,-49.30954400903986,4.930954400903986,197.23817603615944,-24.65477200451993,123.27386002259965,36.9821580067799,61.636930011299825,-98.61908801807972,12.327386002259965,49.30954400903986
142.5,98.63870915708965,147.95806373563448,73.97903186781724,24.659677289272413,-49.319354578544825,4.9319354578544825,197.2774183141793,-24.659677289272413,123.29838644636206,36.98951593390862,61.64919322318103,-98.63870915708965,12.329838644636206,49.319354578544825
142.6,98.65725776476339,147.9858866471451,73.99294332357255,24.664314441190847,-49.32862888238169,4.932862888238169,197.31451552952677,-24.664314441190847,123.32157220595423,36.99647166178627,61.66078610297711,-98.65725776476339,12.332157220595423,49.32862888238169
142.70000000000002,98.67454351579232,148.01181527368848,74.00590763684424,24.66863587894808,-49.33727175789616,4.933727175789617,197.34908703158465,-24.66863587894808,123.3431793947404,37.00295381842212,61.6715896973702,-98.67454351579232,12.33431793947404,49.33727175789616
142.8,98.69036144940455,148.0355421741068,74.0177710870534,24.672590362351137,-49.345180724702274,4.934518072470228,197.3807228988091,-24.672590362351137,123.36295181175569,37.0088855435267,61.681475905877846,-98.69036144940455,12.336295181175569,49.345180724702274
142.9,98.7045192984937,148.05677894774055,74.02838947387028,24.676129824623423,-49.35225964924685,4.935225964924685,197.4090385969874,-24.676129824623423,123.38064912311711,37.01419473693514,61.690324561558555,-98.7045192984937,12.338064912311712,49.35225964924685
143.0,98.71681489708924,148.07522234563385,74.03761117281692,24.67920372427231,-49.35840744854462,4.935840744854462,197.43362979417847,-24.67920372427231,123.39601862136155,37.01880558640846,61.698009310680774,-98.71681489708924,12.339601862136155,49.35840744854462
143.1,98.7271083253084,148.0906624879626,74.0453312439813,24.6817770813271,-49.3635541626542,4.93635541626542,197.4542166506168,-24.6817770813271,123.40888540663549,37.02266562199065,61.704442703317746,-98.7271083253084,12.34088854066355,49.3635541626542
143.20000000000002,98.73529608397124,148.10294412595687,74.05147206297843,24.68382402099281,-49.36764804198562,4.936764804198562,197.47059216794247,-24.68382402099281,123.41912010496404,37.02573603148922,61.70956005248202,-98.73529608397124,12.341912010496404,49.36764804198562
143.3,98.7412863865797,148.11192957986955,74.05596478993478,24.685321596644926,-49.37064319328985,4.937064319328986,197.4825727731594,-24.685321596644926,123.42660798322463,37.02798239496739,61.713303991612314,-98.7412863865797,12.342660798322463,49.37064319328985
143.4,98.74494936701016,148.11742405051524,74.05871202525762,24.68623734175254,-49.37247468350508,4.937247468350509,197.48989873402033,-24.68623734175254,123.43118670876271,37.02935601262881,61.715593354381355,-98.74494936701016,12.34311867087627,49.37247468350508
143.5,98.74615468472369,148.11923202708553,74.05961601354277,24.686538671180923,-49.373077342361846,4.937307734236185,197.49230936944738,-24.686538671180923,123.43269335590462,37.02980800677138,61.71634667795231,-98.74615468472369,12.343269335590461,49.373077342361846
143.6,98.74478602823307,148.1171790423496,74.0585895211748,24.686196507058266,-49.37239301411653,4.937239301411654,197.48957205646613,-24.686196507058266,123.43098253529134,37.0292947605874,61.71549126764567,-98.74478602823307,12.343098253529133,49.37239301411653
143.70000000000002,98.74068003008864,148.11102004513296,74.05551002256648,24.68517000752216,-49.37034001504432,4.937034001504433,197.48136006017728,-24.68517000752216,123.4258500376108,37.02775501128324,61.7129250188054,-98.74068003008864,12.34258500376108,49.37034001504432
143.8,98.73373444183643,148.10060166275466,74.05030083137733,24.683433610459108,-49.366867220918216,4.936686722091822,197.46746888367286,-24.683433610459108,123.41716805229554,37.025150415688664,61.70858402614777,-98.73373444183643,12.341716805229554,49.366867220918216
143.9,98.72389592094292,148.08584388141438,74.04292194070719,24.68097398023573,-49.36194796047146,4.936194796047147,197.44779184188585,-24.68097398023573,123.40486990117866,37.021460970353594,61.70243495058933,-98.72389592094292,12.340486990117865,49.36194796047146
144.0,98.71109266265509,148.06663899398262,74.03331949699131,24.677773165663773,-49.355546331327545,4.935554633132755,197.42218532531018,-24.677773165663773,123.38886582831887,37.016659748495655,61.694432914159435,-98.71109266265509,12.338886582831886,49.355546331327545
144.1,98.69526088326687,148.0428913249003,74.02144566245015,24.673815220816717,-49.347630441633434,4.934763044163343,197.39052176653374,-24.673815220816717,123.36907610408359,37.010722831225074,61.684538052041795,-98.69526088326687,12.336907610408359,49.347630441633434
144.20000000000002,98.67630709482235,148.01446064223353,74.00723032111677,24.669076773705587,-49.338153547411174,4.933815354741117,197.3526141896447,-24.669076773705587,123.34538386852793,37.00361516055838,61.672691934263966,-98.67630709482235,12.334538386852794,49.338153547411174
144.3,98.6541069111959,147.98116036679386,73.99058018339693,24.663526727798974,-49.32705345559795,4.932705345559795,197.3082138223918,-24.663526727798974,123.31763363899486,36.995290091698465,61.65881681949743,-98.6541069111959,12.331763363899487,49.32705345559795
144.4,98.6284712755263,147.94270691328944,73.97135345664472,24.657117818881574,-49.31423563776315,4.931423563776315,197.2569425510526,-24.657117818881574,123.28558909440787,36.98567672832236,61.642794547203934,-98.6284712755263,12.328558909440787,49.31423563776315
144.5,98.59926037526222,147.8988905628933,73.94944528144666,24.649815093815555,-49.29963018763111,4.929963018763111,197.19852075052444,-24.649815093815555,123.24907546907778,36.97472264072333,61.62453773453889,-98.59926037526222,12.324907546907777,49.29963018763111
144.6,98.56637711623272,147.84956567434907,73.92478283717453,24.64159427905818,-49.28318855811636,4.928318855811636,197.13275423246543,-24.64159427905818,123.2079713952909,36.962391418587266,61.60398569764545,-98.56637711623272,12.32079713952909,49.28318855811636
144.70000000000002,98.52979567571785,147.79469351357676,73.89734675678838,24.632448918929462,-49.264897837858925,4.926489783785893,197.0595913514357,-24.632448918929462,123.16224459464732,36.94867337839419,61.58112229732366,-98.52979567571785,12.316224459464731,49.264897837858925
144.8,98.48954337322596,147.73431505983893,73.86715752991947,24.62238584330649,-49.24477168661298,4.924477168661298,196.9790867464519,-24.62238584330649,123.11192921653245,36.933578764959734,61.55596460826622,-98.48954337322596,12.311192921653245,49.24477168661298
144.9,98.445643319896,147.668464979844,73.834232489922,24.611410829974,-49.222821659948,4.922282165994801,196.891286639792,-24.611410829974,123.05705414987001,36.917116244961,61.528527074935006,-98.445643319896,12.305705414987,49.222821659948
145.0,98.39814870941744,147.59722306412615,73.79861153206308,24.59953717735436,-49.19907435470872,4.919907435470872,196.79629741883488,-24.59953717735436,122.9976858867718,36.89930576603154,61.4988429433859,-98.39814870941744,12.29976858867718,49.19907435470872
145.1,98.34705660324443,147.52058490486664,73.76029245243332,24.586764150811106,-49.17352830162221,4.917352830162222,196.69411320648885,-24.586764150811106,122.93382075405553,36.88014622621666,61.466910377027766,-98.34705660324443,12.293382075405553,49.17352830162221
145.20000000000002,98.29239274567506,147.4385891185126,73.7192945592563,24.573098186418765,-49.14619637283753,4.914619637283753,196.58478549135012,-24.573098186418765,122.86549093209382,36.85964727962815,61.43274546604691,-98.29239274567506,12.286549093209382,49.14619637283753
145.3,98.23420916232593,147.3513137434889,73.67565687174445,24.55855229058148,-49.11710458116296,4.911710458116296,196.46841832465185,-24.55855229058148,122.7927614529074,36.837828435872225,61.3963807264537,-98.23420916232593,12.27927614529074,49.11710458116296
145.4,98.17259196881255,147.25888795321885,73.62944397660942,24.54314799220314,-49.08629598440628,4.908629598440628,196.3451839376251,-24.54314799220314,122.71573996101569,36.81472198830471,61.35786998050784,-98.17259196881255,12.27157399610157,49.08629598440628
145.5,98.10761774042562,147.16142661063844,73.58071330531922,24.526904435106406,-49.05380887021281,4.905380887021281,196.21523548085125,-24.526904435106406,122.63452217553203,36.79035665265961,61.31726108776601,-98.10761774042562,12.263452217553203,49.05380887021281
145.6,98.03932466967827,147.0589870045174,73.5294935022587,24.509831167419566,-49.01966233483913,4.901966233483914,196.07864933935653,-24.509831167419566,122.54915583709783,36.76474675112935,61.274577918548914,-98.03932466967827,12.254915583709783,49.01966233483913
145.70000000000002,97.96772696975901,146.9515904546385,73.47579522731925,24.491931742439753,-48.98386348487951,4.898386348487951,195.93545393951803,-24.491931742439753,122.45965871219877,36.73789761365963,61.22982935609939,-97.96772696975901,12.245965871219877,48.98386348487951
145.8,97.89275967876361,146.83913951814543,73.41956975907271,24.473189919690903,-48.946379839381805,4.894637983938181,195.78551935752722,-24.473189919690903,122.3659495984545,36.70978487953636,61.18297479922725,-97.89275967876361,12.236594959845451,48.946379839381805
145.9,97.81440340317911,146.72160510476868,73.36080255238434,24.45360085079478,-48.90720170158956,4.890720170158956,195.62880680635823,-24.45360085079478,122.26800425397388,36.68040127619217,61.13400212698694,-97.81440340317911,12.22680042539739,48.90720170158956
146.0,97.73262725782948,146.59894088674423,73.29947044337212,24.43315681445737,-48.86631362891474,4.886631362891475,195.46525451565896,-24.43315681445737,122.16578407228684,36.64973522168606,61.08289203614342,-97.73262725782948,12.216578407228685,48.86631362891474
146.1,97.64742111678702,146.47113167518052,73.23556583759026,24.411855279196754,-48.82371055839351,4.882371055839351,195.29484223357403,-24.411855279196754,122.05927639598377,36.61778291879513,61.029638197991886,-97.64742111678702,12.205927639598377,48.82371055839351
146.20000000000002,97.55892577208587,146.3383886581288,73.1691943290644,24.389731443021468,-48.779462886042936,4.877946288604294,195.11785154417174,-24.389731443021468,121.94865721510735,36.5845971645322,60.97432860755367,-97.55892577208587,12.194865721510734,48.779462886042936
146.3,97.46739575625594,146.2010936343839,73.10054681719195,24.366848939063985,-48.73369787812797,4.8733697878127975,194.93479151251188,-24.366848939063985,121.83424469531992,36.55027340859598,60.91712234765996,-97.46739575625594,12.183424469531992,48.73369787812797
146.4,97.37312141883243,146.05968212824865,73.02984106412433,24.343280354708106,-48.68656070941621,4.868656070941622,194.74624283766485,-24.343280354708106,121.71640177354053,36.51492053206216,60.85820088677026,-97.37312141883243,12.171640177354053,48.68656070941621
146.5,97.2764144869915,145.91462173048726,72.95731086524363,24.319103621747875,-48.63820724349575,4.8638207243495755,194.552828973983,-24.319103621747875,121.59551810873937,36.478655432621814,60.797759054369685,-97.2764144869915,12.159551810873937,48.63820724349575
146.6,97.17759014679424,145.76638522019135,72.88319261009568,24.29439753669856,-48.58879507339712,4.858879507339712,194.3551802935885,-24.29439753669856,121.47198768349281,36.44159630504784,60.73599384174641,-97.17759014679424,12.14719876834928,48.58879507339712
146.70000000000002,97.07698769093396,145.61548153640095,72.80774076820047,24.26924692273349,-48.53849384546698,4.853849384546699,194.15397538186792,-24.26924692273349,121.34623461366745,36.40387038410024,60.673117306833724,-97.07698769093396,12.134623461366745,48.53849384546698
146.8,96.97500171540564,145.46250257310845,72.73125128655423,24.24375042885141,-48.48750085770282,4.848750085770282,193.95000343081128,-24.24375042885141,121.21875214425705,36.36562564327711,60.609376072128526,-96.97500171540564,12.121875214425705,48.48750085770282
146.9,96.87204844611372,145.3080726691706,72.6540363345853,24.21801211152843,-48.43602422305686,4.843602422305686,193.74409689222745,-24.21801211152843,121.09006055764215,36.32701816729265,60.54503027882107,-96.87204844611372,12.109006055764215,48.43602422305686
147.0,96.76853342904629,145.15280014356944,72.57640007178472,24.19213335726157,-48.38426671452314,4.838426671452314,193.53706685809257,-24.19213335726157,120.96066678630785,36.28820003589236,60.48033339315393,-96.76853342904629,12.096066678630786,48.38426671452314
147.1,96.66485654136869,144.99728481205304,72.49864240602652,24.166214135342173,-48.332428270684346,4.833242827068435,193.32971308273738,-24.166214135342173,120.83107067671087,36.24932120301326,60.41553533835543,-96.66485654136869,12.083107067671087,48.332428270684346
147.20000000000002,96.56137156965353,144.8420573544803,72.42102867724014,24.140342892413383,-48.280685784826765,4.828068578482677,193.12274313930706,-24.140342892413383,120.70171446206692,36.21051433862007,60.35085723103346,-96.56137156965353,12.070171446206691,48.280685784826765
147.3,96.45838887759585,144.68758331639378,72.34379165819689,24.114597219398963,-48.229194438797926,4.822919443879793,192.9167777551917,-24.114597219398963,120.57298609699481,36.171895829098446,60.286493048497405,-96.45838887759585,12.057298609699481,48.229194438797926
147.4,96.356203212639,144.5343048189585,72.26715240947925,24.08905080315975,-48.1781016063195,4.81781016063195,192.712406425278,-24.08905080315975,120.44525401579875,36.133576204739626,60.222627007899376,-96.356203212639,12.044525401579875,48.1781016063195
147.5,96.25508069249622,144.38262103874433,72.19131051937217,24.063770173124055,-48.12754034624811,4.812754034624811,192.51016138499244,-24.063770173124055,120.31885086562028,36.09565525968608,60.15942543281014,-96.25508069249622,12.031885086562028,48.12754034624811
147.6,96.15525389749185,144.23288084623778,72.11644042311889,24.03881347437296,-48.07762694874592,4.807762694874593,192.3105077949837,-24.03881347437296,120.1940673718648,36.058220211559444,60.0970336859324,-96.15525389749185,12.01940673718648,48.07762694874592
147.70000000000002,96.05697933833073,144.0854690074961,72.04273450374805,24.014244834582684,-48.02848966916537,4.802848966916537,192.11395867666147,-24.014244834582684,120.07122417291342,36.021367251874025,60.03561208645671,-96.05697933833073,12.007122417291342,48.02848966916537
147.8,95.96050727733073,143.9407609159961,71.97038045799805,23.990126819332684,-47.98025363866537,4.798025363866537,191.92101455466147,-23.990126819332684,119.95063409666342,35.98519022899902,59.97531704833171,-95.96050727733073,11.995063409666342,47.98025363866537
147.9,95.86605065795712,143.7990759869357,71.89953799346785,23.96651266448928,-47.93302532897856,4.793302532897856,191.73210131591424,-23.96651266448928,119.83256332244639,35.94976899673392,59.916281661223195,-95.86605065795712,11.98325633224464,47.93302532897856
148.0,95.7737384586685,143.66060768800276,71.83030384400138,23.943434614667126,-47.88686922933425,4.788686922933425,191.547476917337,-23.943434614667126,119.71717307333563,35.91515192200069,59.858586536667815,-95.7737384586685,11.971717307333563,47.88686922933425
148.1,95.68368603685776,143.52552905528665,71.76276452764333,23.92092150921444,-47.84184301842888,4.784184301842888,191.36737207371553,-23.92092150921444,119.6046075460722,35.88138226382166,59.8023037730361,-95.68368603685776,11.96046075460722,47.84184301842888
148.20000000000002,95.59609209961936,143.39413814942904,71.69706907471452,23.89902302490484,-47.79804604980968,4.779804604980968,191.1921841992387,-23.89902302490484,119.49511512452419,35.84853453735726,59.747557562262095,-95.59609209961936,11.94951151245242,47.79804604980968
148.3,95.51118837085045,143.26678255627567,71.63339127813784,23.877797092712612,-47.755594185425224,4.775559418542523,191.0223767417009,-23.877797092712612,119.38898546356306,35.81669563906892,59.69449273178153,-95.51118837085045,11.938898546356306,47.755594185425224
148.4,95.42910502554248,143.14365753831373,71.57182876915687,23.85727625638562,-47.71455251277124,4.771455251277124,190.85821005108497,-23.85727625638562,119.2863812819281,35.78591438457843,59.64319064096405,-95.42910502554248,11.92863812819281,47.71455251277124
148.5,95.3499213976283,143.02488209644244,71.51244104822122,23.837480349407073,-47.67496069881415,4.767496069881415,190.6998427952566,-23.837480349407073,119.18740174703537,35.75622052411061,59.59370087351768,-95.3499213976283,11.918740174703537,47.67496069881415
148.6,95.27368705844873,142.9105305876731,71.45526529383655,23.818421764612182,-47.636843529224365,4.763684352922437,190.54737411689746,-23.818421764612182,119.09210882306091,35.72763264691827,59.546054411530456,-95.27368705844873,11.909210882306091,47.636843529224365
148.70000000000002,95.20040041033506,142.8006006155026,71.4003003077513,23.800100102583766,-47.60020020516753,4.7600200205167535,190.40080082067013,-23.800100102583766,119.00050051291883,35.70015015387565,59.50025025645942,-95.20040041033506,11.900050051291883,47.60020020516753
148.8,95.13014761405749,142.69522142108625,71.34761071054312,23.782536903514373,-47.565073807028746,4.756507380702875,190.26029522811498,-23.782536903514373,118.91268451757186,35.67380535527156,59.45634225878593,-95.13014761405749,11.891268451757186,47.565073807028746
148.9,95.06298003386344,142.59447005079517,71.29723502539758,23.76574500846586,-47.53149001693172,4.753149001693172,190.12596006772688,-23.76574500846586,118.8287250423293,35.64861751269879,59.41436252116465,-95.06298003386344,11.88287250423293,47.53149001693172
149.0,94.998891301111,142.4983369516665,71.24916847583324,23.74972282527775,-47.4994456505555,4.74994456505555,189.997782602222,-23.74972282527775,118.74861412638876,35.62458423791662,59.37430706319438,-94.998891301111,11.874861412638875,47.4994456505555
149.1,94.93789527648477,142.40684291472715,71.20342145736358,23.73447381912119,-47.46894763824238,4.746894763824239,189.87579055296953,-23.73447381912119,118.67236909560596,35.60171072868179,59.33618454780298,-94.93789527648477,11.867236909560596,47.46894763824238
149.20000000000002,94.8799832494437,142.31997487416555,71.15998743708278,23.719995812360924,-47.43999162472185,4.743999162472185,189.7599664988874,-23.719995812360924,118.59997906180462,35.57999371854139,59.29998953090231,-94.8799832494437,11.859997906180462,47.43999162472185
149.3,94.82508027390986,142.2376204108648,71.1188102054324,23.706270068477465,-47.41254013695493,4.741254013695493,189.65016054781972,-23.706270068477465,118.53135034238733,35.5594051027162,59.265675171193664,-94.82508027390986,11.853135034238733,47.41254013695493
149.4,94.77311696007197,142.15967544010795,71.07983772005397,23.693279240017993,-47.38655848003599,4.7386558480035985,189.54623392014395,-23.693279240017993,118.46639620008997,35.53991886002699,59.23319810004499,-94.77311696007197,11.846639620008997,47.38655848003599
149.5,94.7240403390131,142.08606050851967,71.04303025425983,23.681010084753275,-47.36202016950655,4.736202016950656,189.4480806780262,-23.681010084753275,118.40505042376637,35.521515127129916,59.202525211883184,-94.7240403390131,11.840505042376638,47.36202016950655
149.6,94.67786716800094,142.01680075200142,71.00840037600071,23.669466792000236,-47.33893358400047,4.7338933584000475,189.3557343360019,-23.669466792000236,118.34733396000118,35.504200188000354,59.17366698000059,-94.67786716800094,11.834733396000118,47.33893358400047
149.70000000000002,94.63457199604105,141.95185799406158,70.97592899703079,23.65864299901026,-47.31728599802052,4.731728599802053,189.2691439920821,-23.65864299901026,118.2932149950513,35.487964498515396,59.14660749752565,-94.63457199604105,11.82932149950513,47.31728599802052
149.8,94.59406295075323,141.89109442612983,70.94554721306491,23.648515737688307,-47.29703147537661,4.729703147537662,189.18812590150645,-23.648515737688307,118.24257868844154,35.472773606532456,59.12128934422077,-94.59406295075323,11.824257868844153,47.29703147537661
149.9,94.55619422726868,141.834291340903,70.9171456704515,23.63904855681717,-47.27809711363434,4.727809711363434,189.11238845453735,-23.63904855681717,118.19524278408585,35.45857283522575,59.097621392042925,-94.55619422726868,11.819524278408585,47.27809711363434
150.0,94.52077942010426,141.7811691301564,70.8905845650782,23.630194855026065,-47.26038971005213,4.726038971005213,189.04155884020852,-23.630194855026065,118.15097427513032,35.4452922825391,59.07548713756516,-94.52077942010426,11.815097427513033,47.26038971005213
150.1,94.48762578236509,141.73143867354764,70.86571933677382,23.62190644559127,-47.24381289118254,4.724381289118255,188.97525156473017,-23.62190644559127,118.10953222795635,35.43285966838691,59.054766113978175,-94.48762578236509,11.810953222795636,47.24381289118254
150.20000000000002,94.45646035976733,141.684690539651,70.8423452698255,23.614115089941834,-47.22823017988367,4.722823017988367,188.91292071953467,-23.614115089941834,118.07057544970917,35.42117263491275,59.035287724854584,-94.45646035976733,11.807057544970917,47.22823017988367
150.3,94.42704253303606,141.6405637995541,70.82028189977704,23.606760633259015,-47.21352126651803,4.721352126651803,188.85408506607212,-23.606760633259015,118.03380316629507,35.41014094988852,59.016901583147536,-94.42704253303606,11.803380316629507,47.21352126651803
150.4,94.39918451951446,141.5987767792717,70.79938838963585,23.599796129878616,-47.19959225975723,4.719959225975724,188.79836903902893,-23.599796129878616,117.99898064939308,35.399694194817926,58.99949032469654,-94.39918451951446,11.799898064939308,47.19959225975723
150.5,94.37275644075024,141.55913466112537,70.77956733056268,23.59318911018756,-47.18637822037512,4.718637822037512,188.74551288150047,-23.59318911018756,117.96594555093779,35.38978366528134,58.982972775468895,-94.37275644075024,11.79659455509378,47.18637822037512
150.6,94.34764321049252,141.5214648157388,70.7607324078694,23.58691080262313,-47.17382160524626,4.717382160524626,188.69528642098504,-23.58691080262313,117.93455401311564,35.3803662039347,58.96727700655782,-94.34764321049252,11.793455401311565,47.17382160524626
150.70000000000002,94.32375963369702,141.48563945054553,70.74281972527277,23.580939908424256,-47.16187981684851,4.716187981684851,188.64751926739405,-23.580939908424256,117.90469954212128,35.37140986263638,58.95234977106064,-94.32375963369702,11.790469954212128,47.16187981684851
150.8,94.30104061843356,141.45156092765035,70.72578046382517,23.57526015460839,-47.15052030921678,4.715052030921679,188.60208123686712,-23.57526015460839,117.87630077304195,35.36289023191259,58.938150386520974,-94.30104061843356,11.787630077304195,47.15052030921678
150.9,94.27950805807178,141.41926208710768,70.70963104355384,23.569877014517946,-47.13975402903589,4.713975402903589,188.55901611614357,-23.569877014517946,117.84938507258973,35.35481552177692,58.92469253629486,-94.27950805807178,11.784938507258973,47.13975402903589
151.0,94.25926043388553,141.3888906508283,70.69444532541415,23.564815108471382,-47.129630216942765,4.712963021694277,188.51852086777106,-23.564815108471382,117.82407554235691,35.347222662707075,58.912037771178454,-94.25926043388553,11.782407554235691,47.129630216942765
151.1,94.24045089740385,141.36067634610578,70.68033817305289,23.56011272435096,-47.12022544870192,4.712022544870193,188.4809017948077,-23.56011272435096,117.8005636217548,35.340169086526444,58.9002818108774,-94.24045089740385,11.78005636217548,47.12022544870192
151.20000000000002,94.22325766401521,141.33488649602282,70.66744324801141,23.555814416003802,-47.111628832007604,4.71116288320076,188.44651532803042,-23.555814416003802,117.779072080019,35.333721624005705,58.8895360400095,-94.22325766401521,11.777907208001901,47.111628832007604
151.3,94.20782827757951,141.31174241636927,70.65587120818464,23.551957069394877,-47.103914138789754,4.710391413878976,188.41565655515902,-23.551957069394877,117.75978534697438,35.32793560409232,58.87989267348719,-94.20782827757951,11.775978534697439,47.103914138789754
151.4,94.19423966027405,141.29135949041108,70.64567974520554,23.548559915068513,-47.097119830137025,4.709711983013703,188.3884793205481,-23.548559915068513,117.74279957534256,35.32283987260277,58.87139978767128,-94.19423966027405,11.774279957534256,47.097119830137025
151.5,94.18254752009089,141.27382128013633,70.63691064006817,23.545636880022723,-47.091273760045446,4.7091273760045445,188.36509504018179,-23.545636880022723,117.72818440011362,35.31845532003408,58.86409220005681,-94.18254752009089,11.772818440011362,47.091273760045446
151.6,94.17277978313331,141.25916967469996,70.62958483734998,23.543194945783327,-47.086389891566654,4.708638989156666,188.34555956626662,-23.543194945783327,117.71597472891663,35.31479241867499,58.85798736445832,-94.17277978313331,11.771597472891663,47.086389891566654
151.70000000000002,94.16490194901243,141.24735292351863,70.62367646175932,23.541225487253108,-47.082450974506216,4.708245097450622,188.32980389802486,-23.541225487253108,117.70612743626555,35.31183823087966,58.85306371813277,-94.16490194901243,11.770612743626554,47.082450974506216
151.8,94.15887056921349,141.23830585382024,70.61915292691012,23.539717642303373,-47.079435284606745,4.7079435284606745,188.31774113842698,-23.539717642303373,117.69858821151686,35.30957646345506,58.84929410575843,-94.15887056921349,11.769858821151686,47.079435284606745
151.9,94.15467813682707,141.2320172052406,70.6160086026203,23.538669534206768,-47.077339068413536,4.707733906841354,188.30935627365415,-23.538669534206768,117.69334767103385,35.30800430131015,58.846673835516924,-94.15467813682707,11.769334767103384,47.077339068413536
152.0,94.15233219495052,141.22849829242577,70.61424914621288,23.53808304873763,-47.07616609747526,4.707616609747526,188.30466438990103,-23.53808304873763,117.69041524368815,35.30712457310644,58.845207621844075,-94.15233219495052,11.769041524368815,47.07616609747526
152.1,94.1518868834762,141.22783032521428,70.61391516260714,23.53797172086905,-47.0759434417381,4.70759434417381,188.3037737669524,-23.53797172086905,117.68985860434525,35.30695758130357,58.84492930217262,-94.1518868834762,11.768985860434524,47.0759434417381
152.20000000000002,94.15348623644874,141.2302293546731,70.61511467733655,23.538371559112186,-47.07674311822437,4.707674311822437,188.30697247289748,-23.538371559112186,117.69185779556094,35.307557338668275,58.84592889778047,-94.15348623644874,11.769185779556093,47.07674311822437
152.3,94.1572812193056,141.2359218289584,70.6179609144792,23.5393203048264,-47.0786406096528,4.707864060965281,188.3145624386112,-23.5393203048264,117.696601524132,35.3089804572396,58.848300762066,-94.1572812193056,11.7696601524132,47.0786406096528
152.4,94.16337116317226,141.2450567447584,70.6225283723792,23.540842790793064,-47.08168558158613,4.708168558158613,188.32674232634452,-23.540842790793064,117.70421395396532,35.3112641861896,58.85210697698266,-94.16337116317226,11.770421395396532,47.08168558158613
152.5,94.17182771819186,141.2577415772878,70.6288707886439,23.542956929547966,-47.08591385909593,4.708591385909593,188.34365543638373,-23.542956929547966,117.71478464773983,35.31443539432195,58.85739232386992,-94.17182771819186,11.771478464773983,47.08591385909593
152.6,94.18272075592994,141.2740811338949,70.63704056694745,23.545680188982484,-47.09136037796497,4.709136037796497,188.36544151185987,-23.545680188982484,117.72840094491242,35.318520283473724,58.86420047245621,-94.18272075592994,11.772840094491242,47.09136037796497
152.70000000000002,94.19614491411423,141.29421737117133,70.64710868558566,23.549036228528557,-47.098072457057114,4.709807245705711,188.39228982822846,-23.549036228528557,117.74518114264279,35.32355434279283,58.872590571321396,-94.19614491411423,11.774518114264279,47.098072457057114
152.8,94.21214302912966,141.3182145436945,70.65910727184725,23.553035757282416,-47.10607151456483,4.710607151456483,188.42428605825933,-23.553035757282416,117.76517878641208,35.329553635923624,58.88258939320604,-94.21214302912966,11.776517878641208,47.10607151456483
152.9,94.23076523535971,141.34614785303955,70.67307392651978,23.557691308839928,-47.115382617679856,4.711538261767986,188.46153047071942,-23.557691308839928,117.78845654419965,35.33653696325989,58.894228272099824,-94.23076523535971,11.778845654419964,47.115382617679856
153.0,94.25208644980275,141.37812967470413,70.68906483735206,23.563021612450687,-47.12604322490137,4.7126043224901375,188.5041728996055,-23.563021612450687,117.81510806225343,35.34453241867603,58.907554031126715,-94.25208644980275,11.781510806225343,47.12604322490137
153.1,94.27617641373013,141.4142646205952,70.7071323102976,23.56904410343253,-47.13808820686506,4.7138088206865065,188.55235282746025,-23.56904410343253,117.84522051716266,35.3535661551488,58.92261025858133,-94.27617641373013,11.784522051716266,47.13808820686506
153.20000000000002,94.30308020790524,141.45462031185787,70.72731015592893,23.57577005197631,-47.15154010395262,4.7151540103952625,188.60616041581048,-23.57577005197631,117.87885025988155,35.36365507796447,58.93942512994077,-94.30308020790524,11.787885025988155,47.15154010395262
153.3,94.33281979860897,141.49922969791345,70.74961484895672,23.58320494965224,-47.16640989930448,4.716640989930449,188.66563959721793,-23.58320494965224,117.91602474826121,35.37480742447836,58.958012374130604,-94.33281979860897,11.79160247482612,47.16640989930448
153.4,94.36541660755783,141.54812491133674,70.77406245566837,23.59135415188946,-47.18270830377892,4.718270830377892,188.73083321511567,-23.59135415188946,117.9567707594473,35.387031227834186,58.97838537972365,-94.36541660755783,11.79567707594473,47.18270830377892
153.5,94.40084190979505,141.60126286469256,70.80063143234628,23.600210477448762,-47.200420954897524,4.720042095489752,188.8016838195901,-23.600210477448762,118.00105238724382,35.40031571617314,59.00052619362191,-94.40084190979505,11.800105238724381,47.200420954897524
153.60000000000002,94.43909081648576,141.65863622472864,70.82931811236432,23.60977270412144,-47.21954540824288,4.721954540824288,188.87818163297152,-23.60977270412144,118.0488635206072,35.41465905618216,59.0244317603036,-94.43909081648576,11.80488635206072,47.21954540824288
153.70000000000002,94.48015129002026,141.72022693503038,70.86011346751519,23.620037822505065,-47.24007564501013,4.724007564501013,188.96030258004052,-23.620037822505065,118.10018911252533,35.430056733757596,59.050094556262664,-94.48015129002026,11.810018911252532,47.24007564501013
153.8,94.52402348484607,141.7860352272691,70.89301761363456,23.631005871211517,-47.262011742423034,4.726201174242304,189.04804696969214,-23.631005871211517,118.15502935605758,35.44650880681728,59.07751467802879,-94.52402348484607,11.815502935605759,47.262011742423034
153.9,94.57072722257055,141.85609083385583,70.92804541692792,23.64268180564264,-47.28536361128528,4.728536361128528,189.1414544451411,-23.64268180564264,118.21340902821319,35.46402270846396,59.106704514106596,-94.57072722257055,11.82134090282132,47.28536361128528
154.0,94.62022326575763,141.93033489863643,70.96516744931822,23.655055816439408,-47.310111632878815,4.7310111632878815,189.24044653151526,-23.655055816439408,118.27527908219704,35.48258372465911,59.13763954109852,-94.62022326575763,11.827527908219704,47.310111632878815
154.10000000000002,94.6723739986899,142.00856099803485,71.00428049901743,23.668093499672477,-47.33618699934495,4.733618699934495,189.3447479973798,-23.668093499672477,118.34046749836239,35.50214024950871,59.17023374918119,-94.6723739986899,11.834046749836238,47.33618699934495
154.20000000000002,94.72703458400193,142.0905518760029,71.04527593800145,23.681758646000482,-47.363517292000964,4.736351729200097,189.45406916800385,-23.681758646000482,118.4087932300024,35.522637969000726,59.2043966150012,-94.72703458400193,11.840879323000241,47.363517292000964
154.3,94.78408955697786,142.1761343354668,71.0880671677334,23.696022389244465,-47.39204477848893,4.739204477848893,189.56817911395572,-23.696022389244465,118.48011194622232,35.5440335838667,59.24005597311116,-94.78408955697786,11.848011194622233,47.39204477848893
154.4,94.84343929200224,142.26515893800337,71.13257946900168,23.71085982300056,-47.42171964600112,4.742171964600113,189.6868785840045,-23.71085982300056,118.5542991150028,35.56628973450084,59.2771495575014,-94.84343929200224,11.85542991150028,47.42171964600112
154.5,94.90493325468506,142.3573998820276,71.1786999410138,23.726233313671266,-47.45246662734253,4.745246662734253,189.80986650937012,-23.726233313671266,118.63116656835632,35.5893499705069,59.31558328417816,-94.90493325468506,11.863116656835633,47.45246662734253
154.60000000000002,94.96833052586521,142.45249578879782,71.22624789439891,23.742082631466303,-47.484165262932606,4.748416526293261,189.93666105173043,-23.742082631466303,118.71041315733152,35.613123947199455,59.35520657866576,-94.96833052586521,11.871041315733152,47.484165262932606
154.70000000000002,95.03333220595599,142.549998308934,71.274999154467,23.758333051488997,-47.51666610297799,4.751666610297799,190.06666441191197,-23.758333051488997,118.79166525744498,35.6374995772335,59.39583262872249,-95.03333220595599,11.879166525744498,47.51666610297799
154.8,95.09966943801923,142.64950415702884,71.32475207851442,23.77491735950481,-47.54983471900962,4.754983471900962,190.19933887603847,-23.77491735950481,118.87458679752405,35.66237603925721,59.43729339876202,-95.09966943801923,11.887458679752404,47.54983471900962
154.9,95.16712878108073,142.7506931716211,71.37534658581055,23.791782195270184,-47.58356439054037,4.758356439054037,190.33425756216147,-23.791782195270184,118.95891097635092,35.687673292905274,59.47945548817546,-95.16712878108073,11.895891097635092,47.58356439054037
155.0,95.23549129208615,142.8532369381292,71.4266184690646,23.808872823021538,-47.617745646043076,4.761774564604308,190.4709825841723,-23.808872823021538,119.0443641151077,35.7133092345323,59.52218205755385,-95.23549129208615,11.904436411510769,47.617745646043076
155.10000000000002,95.30456030246859,142.95684045370288,71.47842022685144,23.826140075617147,-47.652280151234294,4.765228015123429,190.60912060493717,-23.826140075617147,119.13070037808573,35.73921011342572,59.56535018904287,-95.30456030246859,11.913070037808573,47.652280151234294
155.20000000000002,95.3741396153584,143.0612094230376,71.5306047115188,23.8435349038396,-47.6870698076792,4.76870698076792,190.7482792307168,-23.8435349038396,119.217674519198,35.7653023557594,59.608837259599,-95.3741396153584,11.9217674519198,47.6870698076792
155.3,95.4439749494722,143.16596242420832,71.58298121210416,23.86099373736805,-47.7219874747361,4.7721987474736105,190.8879498989444,-23.86099373736805,119.30496868684025,35.79149060605208,59.65248434342013,-95.4439749494722,11.930496868684026,47.7219874747361
155.4,95.51388524106409,143.27082786159613,71.63541393079807,23.878471310266022,-47.756942620532044,4.775694262053205,191.02777048212818,-23.878471310266022,119.39235655133011,35.81770696539903,59.696178275665055,-95.51388524106409,11.939235655133011,47.756942620532044
155.5,95.58369993503032,143.3755499025455,71.68777495127274,23.89592498375758,-47.79184996751516,4.779184996751517,191.16739987006065,-23.89592498375758,119.4796249187879,35.84388747563637,59.73981245939395,-95.58369993503032,11.94796249187879,47.79184996751516
155.60000000000002,95.65329516401307,143.47994274601962,71.73997137300981,23.91332379100327,-47.82664758200654,4.782664758200654,191.30659032802615,-23.91332379100327,119.56661895501634,35.869985686504904,59.78330947750817,-95.65329516401307,11.956661895501634,47.82664758200654
155.70000000000002,95.72265135976045,143.58397703964067,71.79198851982034,23.930662839940112,-47.861325679880224,4.786132567988022,191.4453027195209,-23.930662839940112,119.65331419970056,35.89599425991017,59.82665709985028,-95.72265135976045,11.965331419970056,47.861325679880224
155.8,95.79182300299732,143.68773450449598,71.84386725224799,23.94795575074933,-47.89591150149866,4.7895911501498665,191.58364600599464,-23.94795575074933,119.73977875374665,35.921933626123995,59.869889376873324,-95.79182300299732,11.973977875374665,47.89591150149866
155.9,95.86088347819019,143.79132521728528,71.89566260864264,23.965220869547547,-47.930441739095095,4.79304417390951,191.72176695638038,-23.965220869547547,119.82610434773774,35.94783130432132,59.91305217386887,-95.86088347819019,11.982610434773774,47.930441739095095
156.0,95.92994882478155,143.89492323717232,71.94746161858616,23.982487206195387,-47.964974412390774,4.796497441239078,191.8598976495631,-23.982487206195387,119.91243603097693,35.97373080929308,59.95621801548847,-95.92994882478155,11.991243603097693,47.964974412390774
156.10000000000002,95.99911890729956,143.99867836094933,71.99933918047466,23.99977972682489,-47.99955945364978,4.799955945364978,191.99823781459912,-23.99977972682489,119.99889863412446,35.99966959023733,59.99944931706223,-95.99911890729956,11.999889863412445,47.99955945364978
156.20000000000002,96.06842480179098,144.10263720268648,72.05131860134324,24.017106200447746,-48.03421240089549,4.803421240089549,192.13684960358196,-24.017106200447746,120.08553100223872,36.02565930067162,60.04276550111936,-96.06842480179098,12.008553100223873,48.03421240089549
156.3,96.13791886808055,144.20687830212083,72.10343915106041,24.034479717020137,-48.06895943404027,4.806895943404028,192.2758377361611,-24.034479717020137,120.17239858510068,36.05171957553021,60.08619929255034,-96.13791886808055,12.017239858510068,48.06895943404027
156.4,96.2076828122783,144.31152421841745,72.15576210920872,24.051920703069577,-48.10384140613915,4.810384140613916,192.4153656245566,-24.051920703069577,120.25960351534789,36.07788105460436,60.129801757673945,-96.2076828122783,12.025960351534788,48.10384140613915
156.5,96.27784823606814,144.4167723541022,72.2083861770511,24.069462059017035,-48.13892411803407,4.813892411803407,192.55569647213628,-24.069462059017035,120.34731029508518,36.10419308852555,60.17365514754259,-96.27784823606814,12.034731029508517,48.13892411803407
156.60000000000002,96.34847740921414,144.52271611382122,72.26135805691061,24.087119352303535,-48.17423870460707,4.817423870460708,192.69695481842828,-24.087119352303535,120.43559676151767,36.130679028455305,60.217798380758836,-96.34847740921414,12.043559676151768,48.17423870460707
156.70000000000002,96.41959606305895,144.6293940945884,72.3146970472942,24.104899015764737,-48.20979803152947,4.820979803152948,192.8391921261179,-24.104899015764737,120.52449507882369,36.1573485236471,60.262247539411845,-96.41959606305895,12.052449507882368,48.20979803152947
156.8,96.49122628350752,144.73683942526128,72.36841971263064,24.12280657087688,-48.24561314175376,4.8245613141753765,192.98245256701503,-24.12280657087688,120.61403285438439,36.18420985631532,60.307016427192195,-96.49122628350752,12.06140328543844,48.24561314175376
156.9,96.56338292399539,144.8450743859931,72.42253719299654,24.140845730998848,-48.281691461997696,4.82816914619977,193.12676584799078,-24.140845730998848,120.70422865499424,36.21126859649827,60.35211432749712,-96.56338292399539,12.070422865499424,48.281691461997696
157.0,96.63599919867471,144.95399879801207,72.47699939900603,24.158999799668678,-48.317999599337355,4.831799959933736,193.27199839734942,-24.158999799668678,120.79499899834339,36.238499699503016,60.397499499171694,-96.63599919867471,12.079499899834339,48.317999599337355
157.10000000000002,96.70902064626819,145.06353096940228,72.53176548470114,24.177255161567047,-48.35451032313409,4.83545103231341,193.41804129253637,-24.177255161567047,120.88627580783523,36.26588274235057,60.443137903917616,-96.70902064626819,12.088627580783523,48.35451032313409
157.20000000000002,96.7823904039669,145.17358560595034,72.58679280297517,24.195597600991725,-48.39119520198345,4.839119520198345,193.5647808079338,-24.195597600991725,120.97798800495863,36.293396401487584,60.488994002479316,-96.7823904039669,12.097798800495863,48.39119520198345
157.3,96.8560368919668,145.28405533795018,72.64202766897509,24.2140092229917,-48.4280184459834,4.84280184459834,193.7120737839336,-24.2140092229917,121.0700461149585,36.321013834487545,60.53502305747925,-96.8560368919668,12.10700461149585,48.4280184459834
157.4,96.92988271581967,145.39482407372952,72.69741203686476,24.23247067895492,-48.46494135790984,4.846494135790984,193.85976543163935,-24.23247067895492,121.16235339477458,36.34870601843238,60.58117669738729,-96.92988271581967,12.11623533947746,48.46494135790984
157.5,97.00388810025568,145.50583215038353,72.75291607519176,24.25097202506392,-48.50194405012784,4.850194405012784,194.00777620051136,-24.25097202506392,121.2548601253196,36.37645803759588,60.6274300626598,-97.00388810025568,12.12548601253196,48.50194405012784
157.60000000000002,97.0780385927321,145.61705788909813,72.80852894454907,24.269509648183025,-48.53901929636605,4.8539019296366055,194.1560771854642,-24.269509648183025,121.34754824091513,36.404264472274534,60.673774120457566,-97.0780385927321,12.134754824091512,48.53901929636605
157.70000000000002,97.15231018789265,145.72846528183896,72.86423264091948,24.288077546973163,-48.576155093946326,4.857615509394633,194.3046203757853,-24.288077546973163,121.44038773486582,36.43211632045974,60.72019386743291,-97.15231018789265,12.144038773486582,48.576155093946326
157.8,97.22666590481862,145.83999885722793,72.91999942861396,24.306666476204654,-48.61333295240931,4.861333295240931,194.45333180963723,-24.306666476204654,121.53333238102327,36.45999971430698,60.766666190511636,-97.22666590481862,12.153333238102327,48.61333295240931
157.9,97.3010442676831,145.95156640152464,72.97578320076232,24.325261066920774,-48.65052213384155,4.865052213384155,194.6020885353662,-24.325261066920774,121.62630533460387,36.48789160038116,60.813152667301935,-97.3010442676831,12.162630533460387,48.65052213384155
158.0,97.37546256276045,146.06319384414067,73.03159692207034,24.34386564069011,-48.68773128138022,4.868773128138023,194.7509251255209,-24.34386564069011,121.71932820345056,36.51579846103517,60.85966410172528,-97.37546256276045,12.171932820345056,48.68773128138022
158.10000000000002,97.45000255408748,146.17500383113122,73.08750191556561,24.36250063852187,-48.72500127704374,4.872500127704374,194.90000510817495,-24.36250063852187,121.81250319260934,36.543750957782805,60.90625159630467,-97.45000255408748,12.181250319260934,48.72500127704374
158.20000000000002,97.52478835230548,146.28718252845823,73.14359126422912,24.38119708807637,-48.76239417615274,4.876239417615274,195.04957670461096,-24.38119708807637,121.90598544038184,36.57179563211456,60.95299272019092,-97.52478835230548,12.190598544038185,48.76239417615274
158.3,97.59986915923666,146.39980373885498,73.19990186942749,24.399967289809165,-48.79993457961833,4.879993457961834,195.19973831847332,-24.399967289809165,121.99983644904583,36.599950934713746,60.999918224522915,-97.59986915923666,12.199983644904583,48.79993457961833
158.4,97.67526778348152,146.51290167522228,73.25645083761114,24.41881694587038,-48.83763389174076,4.883763389174076,195.35053556696303,-24.41881694587038,122.09408472935189,36.62822541880557,61.047042364675946,-97.67526778348152,12.20940847293519,48.83763389174076
158.5,97.7510124918979,146.62651873784685,73.31325936892343,24.437753122974474,-48.87550624594895,4.887550624594895,195.5020249837958,-24.437753122974474,122.18876561487237,36.65662968446171,61.09438280743618,-97.7510124918979,12.218876561487237,48.87550624594895
158.60000000000002,97.82708638500607,146.7406295775091,73.37031478875456,24.456771596251517,-48.913543192503035,4.891354319250304,195.65417277001214,-24.456771596251517,122.28385798125758,36.68515739437728,61.14192899062879,-97.82708638500607,12.228385798125759,48.913543192503035
158.70000000000002,97.90343746542455,146.85515619813683,73.42757809906841,24.475859366356136,-48.95171873271227,4.895171873271227,195.8068749308491,-24.475859366356136,122.37929683178068,36.713789049534206,61.18964841589034,-97.90343746542455,12.237929683178068,48.95171873271227
158.8,97.97993231674852,146.96989847512276,73.48494923756138,24.49498307918713,-48.98996615837426,4.898996615837426,195.95986463349703,-24.49498307918713,122.47491539593565,36.74247461878069,61.23745769796783,-97.97993231674852,12.247491539593565,48.98996615837426
158.9,98.0563793721467,147.08456905822004,73.54228452911002,24.514094843036673,-49.02818968607335,4.902818968607335,196.1127587442934,-24.514094843036673,122.57047421518337,36.77114226455501,61.28523710759168,-98.0563793721467,12.257047421518337,49.02818968607335
159.0,98.13264350454128,147.1989652568119,73.59948262840595,24.53316087613532,-49.06632175227064,4.906632175227064,196.26528700908256,-24.53316087613532,122.6658043806766,36.799741314202976,61.3329021903383,-98.13264350454128,12.26658043806766,49.06632175227064
159.10000000000002,98.20857115243338,147.31285672865008,73.65642836432504,24.552142788108345,-49.10428557621669,4.910428557621669,196.41714230486676,-24.552142788108345,122.76071394054172,36.82821418216252,61.38035697027086,-98.20857115243338,12.276071394054172,49.10428557621669
159.20000000000002,98.28401626460807,147.4260243969121,73.71301219845606,24.571004066152017,-49.142008132304035,4.914200813230404,196.56803252921614,-24.571004066152017,122.85502033076008,36.85650609922803,61.42751016538004,-98.28401626460807,12.285502033076009,49.142008132304035
159.3,98.35885780901421,147.5382867135213,73.76914335676065,24.589714452253553,-49.179428904507105,4.9179428904507105,196.71771561802842,-24.589714452253553,122.94857226126777,36.884571678380325,61.474286130633885,-98.35885780901421,12.294857226126776,49.179428904507105
159.4,98.43295465842405,147.6494319876361,73.82471599381805,24.608238664606013,-49.216477329212026,4.921647732921203,196.8659093168481,-24.608238664606013,123.04119332303006,36.91235799690902,61.52059666151503,-98.43295465842405,12.304119332303006,49.216477329212026
159.5,98.50610984784734,147.759164771771,73.8795823858855,24.626527461961835,-49.25305492392367,4.925305492392368,197.01221969569468,-24.626527461961835,123.13263730980918,36.93979119294275,61.56631865490459,-98.50610984784734,12.313263730980918,49.25305492392367
159.60000000000002,98.57811159652042,147.8671673947806,73.9335836973903,24.644527899130104,-49.28905579826021,4.928905579826021,197.15622319304083,-24.644527899130104,123.22263949565053,36.96679184869515,61.61131974782526,-98.57811159652042,12.322263949565052,49.28905579826021
159.70000000000002,98.64876241145596,147.97314361718395,73.98657180859198,24.66219060286399,-49.32438120572798,4.932438120572798,197.29752482291192,-24.66219060286399,123.31095301431995,36.99328590429599,61.655476507159975,-98.64876241145596,12.331095301431995,49.32438120572798
159.8,98.71785987065724,148.07678980598587,74.03839490299293,24.67946496766431,-49.35892993532862,4.935892993532862,197.43571974131447,-24.67946496766431,123.39732483832154,37.01919745149647,61.69866241916077,-98.71785987065724,12.339732483832154,49.35892993532862
159.9,98.78524801766065,148.17787202649097,74.08893601324549,24.696312004415162,-49.392624008830325,4.939262400883033,197.5704960353213,-24.696312004415162,123.48156002207581,37.04446800662274,61.740780011037906,-98.78524801766065,12.348156002207581,49.392624008830325
160.0,98.85075822216186,148.2761373332428,74.1380686666214,24.712689555540464,-49.42537911108093,4.942537911108094,197.70151644432372,-24.712689555540464,123.56344777770232,37.0690343333107,61.78172388885116,-98.85075822216186,12.356344777770232,49.42537911108093
160.10000000000002,98.91421224824575,148.37131837236862,74.18565918618431,24.728553062061437,-49.45710612412287,4.945710612412288,197.8284244964915,-24.728553062061437,123.64276531030718,37.092829593092155,61.82138265515359,-98.91421224824575,12.364276531030718,49.45710612412287
160.20000000000002,98.97548032086672,148.46322048130008,74.23161024065004,24.74387008021668,-49.48774016043336,4.948774016043337,197.95096064173345,-24.74387008021668,123.7193504010834,37.11580512032502,61.8596752005417,-98.97548032086672,12.37193504010834,49.48774016043336
160.3,99.03448552845626,148.5517282926844,74.2758641463422,24.758621382114065,-49.51724276422813,4.951724276422813,198.06897105691252,-24.758621382114065,123.79310691057032,37.1379320731711,61.89655345528516,-99.03448552845626,12.379310691057032,49.51724276422813
160.4,99.0911589521799,148.63673842826984,74.31836921413492,24.772789738044974,-49.54557947608995,4.954557947608995,198.1823179043598,-24.772789738044974,123.86394869022487,37.15918460706746,61.93197434511244,-99.0911589521799,12.386394869022487,49.54557947608995
160.5,99.14547631709958,148.71821447564938,74.35910723782469,24.786369079274895,-49.57273815854979,4.957273815854979,198.29095263419916,-24.786369079274895,123.93184539637447,37.179553618912344,61.965922698187235,-99.14547631709958,12.393184539637447,49.57273815854979
160.60000000000002,99.19746275260842,148.79619412891262,74.39809706445631,24.799365688152104,-49.59873137630421,4.959873137630421,198.39492550521683,-24.799365688152104,123.99682844076052,37.199048532228154,61.99841422038026,-99.19746275260842,12.399682844076052,49.59873137630421
160.70000000000002,99.24716515180707,148.8707477277106,74.4353738638553,24.811791287951767,-49.623582575903534,4.9623582575903535,198.49433030361413,-24.811791287951767,124.05895643975883,37.21768693192765,62.029478219879415,-99.24716515180707,12.405895643975883,49.623582575903534
160.8,99.29460126454782,148.94190189682172,74.47095094841086,24.823650316136955,-49.64730063227391,4.964730063227392,198.58920252909564,-24.823650316136955,124.11825158068478,37.23547547420543,62.05912579034239,-99.29460126454782,12.411825158068478,49.64730063227391
160.9,99.3398159585349,149.00972393780233,74.50486196890117,24.834953989633725,-49.66990797926745,4.966990797926745,198.6796319170698,-24.834953989633725,124.17476994816863,37.252430984450584,62.087384974084316,-99.3398159585349,12.417476994816862,49.66990797926745
161.0,99.38291665099177,149.07437497648766,74.53718748824383,24.845729162747944,-49.69145832549589,4.969145832549589,198.76583330198355,-24.845729162747944,124.22864581373972,37.268593744121915,62.11432290686986,-99.38291665099177,12.422864581373972,49.69145832549589
161.10000000000002,99.42407324168762,149.13610986253144,74.56805493126572,24.856018310421906,-49.71203662084381,4.971203662084381,198.84814648337525,-24.856018310421906,124.28009155210952,37.28402746563286,62.14004577605476,-99.42407324168762,12.428009155210953,49.71203662084381
161.20000000000002,99.46343016882238,149.1951452532336,74.5975726266168,24.865857542205596,-49.73171508441119,4.973171508441119,198.92686033764477,-24.865857542205596,124.32928771102797,37.2987863133084,62.16464385551399,-99.46343016882238,12.432928771102798,49.73171508441119
161.3,99.5011257746047,149.25168866190705,74.62584433095353,24.875281443651176,-49.75056288730235,4.975056288730236,199.0022515492094,-24.875281443651176,124.37640721825588,37.31292216547676,62.18820360912794,-99.5011257746047,12.437640721825588,49.75056288730235
161.4,99.53729435081462,149.30594152622194,74.65297076311097,24.884323587703655,-49.76864717540731,4.976864717540732,199.07458870162924,-24.884323587703655,124.42161793851827,37.326485381555486,62.21080896925913,-99.53729435081462,12.442161793851827,49.76864717540731
161.5,99.5720636217623,149.35809543264344,74.67904771632172,24.893015905440574,-49.78603181088115,4.978603181088115,199.1441272435246,-24.893015905440574,124.46507952720287,37.33952385816086,62.23253976360144,-99.5720636217623,12.446507952720287,49.78603181088115
161.60000000000002,99.60558330395864,149.40837495593797,74.70418747796899,24.90139582598966,-49.80279165197932,4.980279165197932,199.21116660791728,-24.90139582598966,124.50697912994829,37.35209373898449,62.253489564974146,-99.60558330395864,12.45069791299483,49.80279165197932
161.70000000000002,99.63796478775953,149.4569471816393,74.72847359081965,24.909491196939882,-49.818982393879764,4.981898239387977,199.27592957551906,-24.909491196939882,124.54745598469941,37.36423679540982,62.273727992349706,-99.63796478775953,12.454745598469941,49.818982393879764
161.8,99.66928329592291,149.50392494388436,74.75196247194218,24.917320823980727,-49.834641647961455,4.983464164796146,199.33856659184582,-24.917320823980727,124.58660411990364,37.37598123597109,62.29330205995182,-99.66928329592291,12.458660411990364,49.834641647961455
161.9,99.69958818855758,149.54938228283638,74.77469114141819,24.924897047139396,-49.84979409427879,4.984979409427879,199.39917637711517,-24.924897047139396,124.62448523569698,37.387345570709094,62.31224261784849,-99.69958818855758,12.462448523569698,49.84979409427879
162.0,99.72885985182143,149.59328977773214,74.79664488886607,24.932214962955356,-49.86442992591071,4.986442992591072,199.45771970364285,-24.932214962955356,124.66107481477678,37.398322444433035,62.33053740738839,-99.72885985182143,12.466107481477678,49.86442992591071
162.10000000000002,99.75709436211727,149.6356415431759,74.81782077158795,24.939273590529318,-49.878547181058636,4.987854718105864,199.51418872423454,-24.939273590529318,124.6963679526466,37.40891038579397,62.3481839763233,-99.75709436211727,12.469636795264659,49.878547181058636
162.20000000000002,99.78428401645822,149.67642602468732,74.83821301234366,24.946071004114554,-49.89214200822911,4.989214200822911,199.56856803291643,-24.946071004114554,124.73035502057277,37.41910650617183,62.36517751028639,-99.78428401645822,12.473035502057277,49.89214200822911
162.3,99.81039054302295,149.71558581453442,74.85779290726721,24.952597635755737,-49.905195271511474,4.9905195271511475,199.6207810860459,-24.952597635755737,124.76298817877868,37.428896453633605,62.38149408938934,-99.81039054302295,12.476298817877868,49.905195271511474
162.4,99.83542591479787,149.7531388721968,74.8765694360984,24.958856478699467,-49.91771295739893,4.991771295739894,199.67085182959573,-24.958856478699467,124.79428239349733,37.4382847180492,62.39714119674866,-99.83542591479787,12.479428239349733,49.91771295739893
162.5,99.85951982425162,149.78927973637744,74.89463986818872,24.964879956062905,-49.92975991212581,4.992975991212582,199.71903964850324,-24.964879956062905,124.82439978031452,37.44731993409436,62.41219989015726,-99.85951982425162,12.482439978031453,49.92975991212581
162.60000000000002,99.88281489169259,149.82422233753888,74.91211116876944,24.970703722923147,-49.941407445846295,4.99414074458463,199.76562978338518,-24.970703722923147,124.85351861461574,37.45605558438472,62.42675930730787,-99.88281489169259,12.485351861461574,49.941407445846295
162.70000000000002,99.90537309915501,149.85805964873254,74.92902982436627,24.976343274788753,-49.95268654957751,4.995268654957751,199.81074619831003,-24.976343274788753,124.88171637394376,37.464514912183134,62.44085818697188,-99.90537309915501,12.488171637394377,49.95268654957751
162.8,99.92719982174985,149.89079973262477,74.94539986631239,24.981799955437463,-49.963599910874926,4.996359991087493,199.8543996434997,-24.981799955437463,124.90899977718732,37.47269993315619,62.45449988859366,-99.92719982174985,12.490899977718732,49.963599910874926
162.9,99.94823754407744,149.92235631611618,74.96117815805809,24.98705938601936,-49.97411877203872,4.997411877203873,199.8964750881549,-24.98705938601936,124.9352969300968,37.480589079029045,62.4676484650484,-99.94823754407744,12.49352969300968,49.97411877203872
163.0,99.96840205227784,149.95260307841676,74.97630153920838,24.99210051306946,-49.98420102613892,4.998420102613892,199.93680410455568,-24.99210051306946,124.9605025653473,37.48815076960419,62.48025128267365,-99.96840205227784,12.49605025653473,49.98420102613892
163.10000000000002,99.9876032618586,149.9814048927879,74.99070244639395,24.99690081546465,-49.9938016309293,4.99938016309293,199.9752065237172,-24.99690081546465,124.98450407732324,37.49535122319698,62.49225203866162,-99.9876032618586,12.498450407732324,49.9938016309293
163.20000000000002,100.00572154031744,150.00858231047616,75.00429115523808,25.00143038507936,-50.00286077015872,5.000286077015872,200.01144308063488,-25.00143038507936,125.0071519253968,37.50214557761904,62.5035759626984,-100.00572154031744,12.50071519253968,50.00286077015872
163.3,100.0226705990141,150.03400589852117,75.01700294926059,25.005667649753526,-50.01133529950705,5.001133529950706,200.0453411980282,-25.005667649753526,125.02833824876762,37.50850147463029,62.51416912438381,-100.0226705990141,12.502833824876763,50.01133529950705
163.4,100.0383525680642,150.0575288520963,75.02876442604816,25.00958814201605,-50.0191762840321,5.00191762840321,200.0767051361284,-25.00958814201605,125.04794071008024,37.51438221302408,62.52397035504012,-100.0383525680642,12.504794071008025,50.0191762840321
163.5,100.05269484654514,150.0790422698177,75.03952113490885,25.013173711636284,-50.02634742327257,5.002634742327257,200.10538969309027,-25.013173711636284,125.06586855818142,37.519760567454426,62.53293427909071,-100.05269484654514,12.506586855818142,50.02634742327257
163.60000000000002,100.06568844114888,150.0985326617233,75.04926633086166,25.01642211028722,-50.03284422057444,5.003284422057444,200.13137688229776,-25.01642211028722,125.0821105514361,37.52463316543083,62.54105527571805,-100.06568844114888,12.50821105514361,50.03284422057444
163.70000000000002,100.07733730586236,150.11600595879355,75.05800297939678,25.01933432646559,-50.03866865293118,5.003866865293118,200.15467461172472,-25.01933432646559,125.09667163232794,37.52900148969839,62.54833581616397,-100.07733730586236,12.509667163232795,50.03866865293118
163.8,100.0876919654757,150.13153794821355,75.06576897410677,25.021922991368925,-50.04384598273785,5.004384598273785,200.1753839309514,-25.021922991368925,125.10961495684462,37.53288448705339,62.55480747842231,-100.0876919654757,12.510961495684462,50.04384598273785
163.9,100.09684557061067,150.14526835591602,75.07263417795801,25.024211392652667,-50.048422785305334,5.004842278530534,200.19369114122134,-25.024211392652667,125.12105696326333,37.536317088979004,62.560528481631664,-100.09684557061067,12.512105696326334,50.048422785305334
164.0,100.10491826074485,150.15737739111728,75.07868869555864,25.026229565186213,-50.052459130372426,5.005245913037243,200.2098365214897,-25.026229565186213,125.13114782593107,37.53934434777932,62.56557391296553,-100.10491826074485,12.513114782593107,50.052459130372426
164.10000000000002,100.11203908492301,150.1680586273845,75.08402931369226,25.028009771230753,-50.056019542461506,5.005601954246151,200.22407816984602,-25.028009771230753,125.14004885615377,37.54201465684613,62.570024428076884,-100.11203908492301,12.514004885615376,50.056019542461506
164.20000000000002,100.1183371125381,150.17750566880716,75.08875283440358,25.029584278134525,-50.05916855626905,5.005916855626905,200.2366742250762,-25.029584278134525,125.14792139067262,37.54437641720179,62.57396069533631,-100.1183371125381,12.514792139067263,50.05916855626905
164.3,100.12389036652112,150.1858355497817,75.09291777489085,25.03097259163028,-50.06194518326056,5.0061945183260566,200.24778073304225,-25.03097259163028,125.1548629581514,37.546458887445425,62.5774314790757,-100.12389036652112,12.51548629581514,50.06194518326056
164.4,100.12878737439617,150.19318106159426,75.09659053079713,25.032196843599042,-50.064393687198084,5.006439368719809,200.25757474879234,-25.032196843599042,125.1609842179952,37.548295265398565,62.5804921089976,-100.12878737439617,12.516098421799521,50.064393687198084
164.5,100.13311104742566,150.1996665711385,75.09983328556925,25.033277761856414,-50.06655552371283,5.006655552371283,200.26622209485132,-25.033277761856414,125.16638880928207,37.54991664278462,62.583194404641034,-100.13311104742566,12.516638880928207,50.06655552371283
164.60000000000002,100.13699317539199,150.205489763088,75.102744881544,25.034248293847998,-50.068496587695996,5.0068496587696,200.27398635078399,-25.034248293847998,125.17124146923999,37.551372440772,62.585620734619994,-100.13699317539199,12.517124146923999,50.068496587695996
164.70000000000002,100.14057539564534,150.21086309346802,75.10543154673401,25.035143848911336,-50.07028769782267,5.007028769782267,200.28115079129068,-25.035143848911336,125.17571924455667,37.552715773367005,62.58785962227834,-100.14057539564534,12.517571924455668,50.07028769782267
164.8,100.14403928650752,150.2160589297613,75.10802946488064,25.03600982162688,-50.07201964325376,5.007201964325376,200.28807857301504,-25.03600982162688,125.1800491081344,37.55401473244032,62.5900245540672,-100.14403928650752,12.51800491081344,50.07201964325376
164.9,100.14753283715095,150.22129925572642,75.11064962786321,25.036883209287737,-50.073766418575474,5.007376641857547,200.2950656743019,-25.036883209287737,125.18441604643868,37.555324813931605,62.59220802321934,-100.14753283715095,12.518441604643868,50.073766418575474
165.0,100.15114137474703,150.22671206212055,75.11335603106028,25.037785343686757,-50.075570687373514,5.007557068737352,200.30228274949405,-25.037785343686757,125.18892671843378,37.55667801553014,62.59446335921689,-100.15114137474703,12.518892671843378,50.075570687373514
165.10000000000002,100.15493814337452,150.23240721506178,75.11620360753089,25.03873453584363,-50.07746907168726,5.007746907168727,200.30987628674904,-25.03873453584363,125.19367267921815,37.558101803765446,62.59683633960908,-100.15493814337452,12.519367267921815,50.07746907168726
165.20000000000002,100.1589700127296,150.2384550190944,75.1192275095472,25.0397425031824,-50.0794850063648,5.007948500636481,200.3179400254592,-25.0397425031824,125.19871251591199,37.5596137547736,62.599356257955996,-100.1589700127296,12.5198712515912,50.0794850063648
165.3,100.16328886837617,150.24493330256425,75.12246665128212,25.040822217094043,-50.081644434188085,5.008164443418809,200.32657773675234,-25.040822217094043,125.20411108547022,37.56123332564106,62.60205554273511,-100.16328886837617,12.520411108547021,50.081644434188085
165.4,100.16799533297214,150.2519929994582,75.1259964997291,25.041998833243035,-50.08399766648607,5.0083997666486075,200.33599066594428,-25.041998833243035,125.20999416621518,37.56299824986455,62.60499708310759,-100.16799533297214,12.520999416621517,50.08399766648607
165.5,100.17318445514442,150.25977668271662,75.12988834135831,25.043296113786106,-50.08659222757221,5.008659222757221,200.34636891028885,-25.043296113786106,125.21648056893054,37.564944170679155,62.60824028446527,-100.17318445514442,12.521648056893053,50.08659222757221
165.60000000000002,100.17891210557917,150.26836815836876,75.13418407918438,25.044728026394793,-50.089456052789586,5.008945605278959,200.35782421115834,-25.044728026394793,125.22364013197397,37.56709203959219,62.61182006598698,-100.17891210557917,12.522364013197397,50.089456052789586
165.70000000000002,100.18520870887673,150.27781306331508,75.13890653165754,25.046302177219182,-50.092604354438365,5.009260435443837,200.37041741775346,-25.046302177219182,125.23151088609592,37.56945326582877,62.61575544304796,-100.18520870887673,12.523151088609591,50.092604354438365
165.8,100.19201934174482,150.28802901261724,75.14401450630862,25.048004835436206,-50.09600967087241,5.009600967087241,200.38403868348965,-25.048004835436206,125.24002417718103,37.57200725315431,62.620012088590514,-100.19201934174482,12.524002417718103,50.09600967087241
165.9,100.19920805743887,150.2988120861583,75.14940604307915,25.049802014359717,-50.09960402871943,5.009960402871943,200.39841611487773,-25.049802014359717,125.24901007179858,37.57470302153958,62.62450503589929,-100.19920805743887,12.524901007179858,50.09960402871943
166.0,100.2065324794558,150.3097987191837,75.15489935959185,25.05163311986395,-50.1032662397279,5.010326623972791,200.4130649589116,-25.05163311986395,125.25816559931975,37.577449679795926,62.62908279965988,-100.2065324794558,12.525816559931975,50.1032662397279
166.10000000000002,100.21373480288065,150.32060220432098,75.16030110216049,25.053433700720163,-50.106867401440326,5.010686740144033,200.4274696057613,-25.053433700720163,125.26716850360081,37.580150551080244,62.63358425180041,-100.21373480288065,12.526716850360081,50.106867401440326
166.20000000000002,100.22058200513933,150.330873007709,75.1654365038545,25.055145501284834,-50.11029100256967,5.011029100256967,200.44116401027867,-25.055145501284834,125.27572750642418,37.58271825192725,62.63786375321209,-100.22058200513933,12.527572750642417,50.11029100256967
166.3,100.2269118107743,150.34036771616144,75.17018385808072,25.056727952693574,-50.11345590538715,5.011345590538715,200.4538236215486,-25.056727952693574,125.28363976346787,37.58509192904036,62.64181988173394,-100.2269118107743,12.528363976346787,50.11345590538715
166.4,100.23257301926868,150.34885952890303,75.17442976445152,25.05814325481717,-50.11628650963434,5.011628650963434,200.46514603853737,-25.05814325481717,125.29071627408585,37.58721488222576,62.645358137042926,-100.23257301926868,12.529071627408586,50.11628650963434
166.5,100.23738365761287,150.3560754864193,75.17803774320964,25.059345914403217,-50.11869182880643,5.011869182880644,200.47476731522573,-25.059345914403217,125.29672957201609,37.58901887160482,62.648364786008045,-100.23738365761287,12.529672957201608,50.11869182880643
166.60000000000002,100.24109116432396,150.36163674648594,75.18081837324297,25.06027279108099,-50.12054558216198,5.012054558216199,200.48218232864792,-25.06027279108099,125.30136395540495,37.590409186621486,62.650681977702476,-100.24109116432396,12.530136395540495,50.12054558216198
166.70000000000002,100.2434607700369,150.36519115505536,75.18259557752768,25.060865192509226,-50.12173038501845,5.012173038501846,200.4869215400738,-25.060865192509226,125.30432596254613,37.59129778876384,62.652162981273065,-100.2434607700369,12.530432596254613,50.12173038501845
166.8,100.2442405397922,150.3663608096883,75.18318040484415,25.06106013494805,-50.1221202698961,5.01221202698961,200.4884810795844,-25.06106013494805,125.30530067474025,37.591590202422076,62.652650337370126,-100.2442405397922,12.530530067474025,50.1221202698961
166.9,100.24316425425792,150.36474638138688,75.18237319069344,25.06079106356448,-50.12158212712896,5.0121582127128965,200.48632850851584,-25.06079106356448,125.3039553178224,37.59118659534672,62.6519776589112,-100.24316425425792,12.53039553178224,50.12158212712896
167.0,100.23999171545452,150.3599875731818,75.1799937865909,25.05999792886363,-50.11999585772726,5.011999585772727,200.47998343090904,-25.05999792886363,125.29998964431815,37.58999689329545,62.64999482215907,-100.23999171545452,12.529998964431815,50.11999585772726
167.10000000000002,100.23452962308791,150.35179443463187,75.17589721731593,25.058632405771977,-50.117264811543954,5.011726481154396,200.46905924617582,-25.058632405771977,125.29316202885988,37.58794860865797,62.64658101442994,-100.23452962308791,12.529316202885989,50.117264811543954
167.20000000000002,100.2266492597135,150.33997388957025,75.16998694478512,25.056662314928374,-50.11332462985675,5.011332462985675,200.453298519427,-25.056662314928374,125.28331157464187,37.58499347239256,62.641655787320936,-100.2266492597135,12.528331157464187,50.11332462985675
167.3,100.2162431084286,150.3243646626429,75.16218233132145,25.05406077710715,-50.1081215542143,5.01081215542143,200.4324862168572,-25.05406077710715,125.27030388553575,37.58109116566072,62.63515194276788,-100.2162431084286,12.527030388553575,50.1081215542143
167.4,100.20320732581891,150.30481098872838,75.15240549436419,25.050801831454727,-50.101603662909454,5.010160366290946,200.40641465163782,-25.050801831454727,125.25400915727363,37.576202747182094,62.627004578636814,-100.20320732581891,12.525400915727364,50.101603662909454
167.5,100.18743102136992,150.2811465320549,75.14057326602745,25.04685775534248,-50.09371551068496,5.009371551068496,200.37486204273984,-25.04685775534248,125.23428877671239,37.57028663301372,62.617144388356195,-100.18743102136992,12.52342887767124,50.09371551068496
167.60000000000002,100.16890057238162,150.25335085857242,75.12667542928621,25.042225143095404,-50.08445028619081,5.008445028619081,200.33780114476323,-25.042225143095404,125.21112571547702,37.563337714643104,62.60556285773851,-100.16890057238162,12.521112571547702,50.08445028619081
167.70000000000002,100.14770580319994,150.22155870479992,75.11077935239996,25.036926450799985,-50.07385290159997,5.007385290159998,200.29541160639988,-25.036926450799985,125.18463225399992,37.55538967619998,62.59231612699996,-100.14770580319994,12.518463225399993,50.07385290159997
167.8,100.12393981161676,150.18590971742515,75.09295485871257,25.03098495290419,-50.06196990580838,5.006196990580839,200.24787962323353,-25.03098495290419,125.15492476452096,37.54647742935629,62.57746238226048,-100.12393981161676,12.515492476452096,50.06196990580838
167.9,100.09772975653466,150.146594634802,75.073297317401,25.024432439133665,-50.04886487826733,5.004886487826734,200.19545951306932,-25.024432439133665,125.12216219566832,37.5366486587005,62.56108109783416,-100.09772975653466,12.512216219566833,50.04886487826733
168.0,100.06920362772621,150.10380544158932,75.05190272079466,25.017300906931553,-50.034601813863105,5.003460181386311,200.13840725545242,-25.017300906931553,125.08650453465776,37.52595136039733,62.54325226732888,-100.06920362772621,12.508650453465776,50.034601813863105
168.10000000000002,100.0385069718011,150.05776045770165,75.02888022885082,25.009626742950275,-50.01925348590055,5.001925348590055,200.0770139436022,-25.009626742950275,125.04813371475137,37.51444011442541,62.524066857375686,-100.0385069718011,12.504813371475137,50.01925348590055
168.20000000000002,100.00578914507982,150.00868371761973,75.00434185880987,25.001447286269954,-50.00289457253991,5.0002894572539915,200.01157829015963,-25.001447286269954,125.00723643134977,37.50217092940493,62.503618215674884,-100.00578914507982,12.500723643134977,50.00289457253991
168.3,99.97117465021196,149.95676197531793,74.97838098765897,24.99279366255299,-49.98558732510598,4.998558732510599,199.94234930042393,-24.99279366255299,124.96396831276496,37.48919049382948,62.48198415638248,-99.97117465021196,12.496396831276495,49.98558732510598
168.4,99.93474145438165,149.90211218157248,74.95105609078624,24.983685363595413,-49.967370727190826,4.996737072719083,199.8694829087633,-24.983685363595413,124.91842681797706,37.47552804539312,62.45921340898853,-99.93474145438165,12.491842681797706,49.967370727190826
168.5,99.89668068924368,149.84502103386552,74.92251051693276,24.97417017231092,-49.94834034462184,4.994834034462184,199.79336137848736,-24.97417017231092,124.8708508615546,37.46125525846638,62.4354254307773,-99.89668068924368,12.48708508615546,49.94834034462184
168.60000000000002,99.85720350926645,149.78580526389968,74.89290263194984,24.964300877316614,-49.92860175463323,4.992860175463323,199.7144070185329,-24.964300877316614,124.82150438658307,37.44645131597492,62.410752193291536,-99.85720350926645,12.482150438658307,49.92860175463323
168.70000000000002,99.8164681227676,149.7247021841514,74.8623510920757,24.9541170306919,-49.9082340613838,4.9908234061383805,199.6329362455352,-24.9541170306919,124.7705851534595,37.43117554603785,62.38529257672975,-99.8164681227676,12.47705851534595,49.9082340613838
168.8,99.7745938423614,149.6618907635421,74.83094538177104,24.94364846059035,-49.8872969211807,4.988729692118071,199.5491876847228,-24.94364846059035,124.71824230295175,37.41547269088552,62.359121151475875,-99.7745938423614,12.471824230295175,49.8872969211807
168.9,99.73175199603551,149.59762799405325,74.79881399702663,24.932937999008878,-49.865875998017756,4.986587599801776,199.46350399207103,-24.932937999008878,124.6646899950444,37.399406998513314,62.3323449975222,-99.73175199603551,12.466468999504439,49.865875998017756
169.0,99.68811332666166,149.5321699899925,74.76608499499625,24.922028331665416,-49.84405666333083,4.984405666333084,199.37622665332333,-24.922028331665416,124.61014165832708,37.383042497498124,62.30507082916354,-99.68811332666166,12.461014165832708,49.84405666333083
169.10000000000002,99.643817684063,149.4657265260945,74.73286326304725,24.91095442101575,-49.8219088420315,4.98219088420315,199.287635368126,-24.91095442101575,124.55477210507874,37.366431631523625,62.27738605253937,-99.643817684063,12.455477210507874,49.8219088420315
169.20000000000002,99.5989539140349,149.39843087105234,74.69921543552617,24.899738478508723,-49.79947695701745,4.979947695701745,199.1979078280698,-24.899738478508723,124.49869239254362,37.349607717763085,62.24934619627181,-99.5989539140349,12.449869239254362,49.79947695701745
169.3,99.55358073552912,149.3303711032937,74.66518555164684,24.88839518388228,-49.77679036776456,4.977679036776457,199.10716147105825,-24.88839518388228,124.4419759194114,37.33259277582342,62.2209879597057,-99.55358073552912,12.44419759194114,49.77679036776456
169.4,99.50767833017755,149.26151749526633,74.63075874763317,24.87691958254439,-49.75383916508878,4.9753839165088785,199.0153566603551,-24.87691958254439,124.38459791272194,37.31537937381658,62.19229895636097,-99.50767833017755,12.438459791272194,49.75383916508878
169.5,99.46118592193407,149.1917788829011,74.59588944145055,24.86529648048352,-49.73059296096704,4.973059296096704,198.92237184386815,-24.86529648048352,124.3264824024176,37.297944720725276,62.1632412012088,-99.46118592193407,12.43264824024176,49.73059296096704
169.60000000000002,99.41405044679956,149.12107567019933,74.56053783509967,24.85351261169989,-49.70702522339978,4.970702522339979,198.82810089359913,-24.85351261169989,124.26756305849946,37.28026891754983,62.13378152924973,-99.41405044679956,12.426756305849946,49.70702522339978
169.70000000000002,99.36620812352533,149.049312185288,74.524656092644,24.84155203088133,-49.68310406176266,4.968310406176267,198.73241624705065,-24.84155203088133,124.20776015440666,37.262328046322,62.10388007720333,-99.36620812352533,12.420776015440666,49.68310406176266
169.8,99.3175561451898,148.9763342177847,74.48816710889236,24.82938903629745,-49.6587780725949,4.96587780725949,198.6351122903796,-24.82938903629745,124.14694518148724,37.24408355444618,62.07347259074362,-99.3175561451898,12.414694518148725,49.6587780725949
169.9,99.26802622927654,148.90203934391482,74.45101967195741,24.817006557319136,-49.63401311463827,4.963401311463827,198.5360524585531,-24.817006557319136,124.08503278659568,37.225509835978706,62.04251639329784,-99.26802622927654,12.408503278659568,49.63401311463827
170.0,99.21765638729107,148.8264845809366,74.4132422904683,24.804414096822768,-49.608828193645536,4.960882819364554,198.43531277458214,-24.804414096822768,124.02207048411384,37.20662114523415,62.01103524205692,-99.21765638729107,12.402207048411384,49.608828193645536
170.10000000000002,99.16650955824244,148.74976433736367,74.37488216868184,24.79162738956061,-49.58325477912122,4.958325477912123,198.33301911648488,-24.79162738956061,123.95813694780304,37.18744108434092,61.97906847390152,-99.16650955824244,12.395813694780305,49.58325477912122
170.20000000000002,99.11461676655279,148.67192514982918,74.33596257491459,24.778654191638196,-49.55730838327639,4.955730838327639,198.22923353310557,-24.778654191638196,123.89327095819098,37.167981287457295,61.94663547909549,-99.11461676655279,12.389327095819098,49.55730838327639
170.3,99.06198301848906,148.5929745277336,74.2964872638668,24.765495754622265,-49.53099150924453,4.953099150924453,198.12396603697812,-24.765495754622265,123.82747877311132,37.1482436319334,61.91373938655566,-99.06198301848906,12.382747877311132,49.53099150924453
170.4,99.00853888261248,148.51280832391873,74.25640416195937,24.75213472065312,-49.50426944130624,4.950426944130625,198.01707776522497,-24.75213472065312,123.7606736032656,37.12820208097968,61.8803368016328,-99.00853888261248,12.37606736032656,49.50426944130624
170.5,98.95418899920541,148.4312834988081,74.21564174940406,24.738547249801353,-49.47709449960271,4.947709449960271,197.90837799841083,-24.738547249801353,123.69273624900677,37.10782087470203,61.846368124503385,-98.95418899920541,12.369273624900677,49.47709449960271
170.60000000000002,98.89884404255147,148.34826606382723,74.17413303191361,24.72471101063787,-49.44942202127574,4.944942202127574,197.79768808510295,-24.72471101063787,123.62355505318934,37.087066515956806,61.81177752659467,-98.89884404255147,12.362355505318934,49.44942202127574
170.70000000000002,98.84237477672025,148.26356216508037,74.13178108254019,24.710593694180062,-49.421187388360124,4.942118738836013,197.6847495534405,-24.710593694180062,123.55296847090031,37.06589054127009,61.776484235450155,-98.84237477672025,12.355296847090031,49.421187388360124
170.8,98.78468876039983,148.17703314059975,74.08851657029987,24.696172190099958,-49.392344380199916,4.939234438019992,197.56937752079966,-24.696172190099958,123.48086095049979,37.04425828514994,61.740430475249894,-98.78468876039983,12.348086095049979,49.392344380199916
170.9,98.7257250868184,148.0885876302276,74.0442938151138,24.6814312717046,-49.3628625434092,4.936286254340921,197.4514501736368,-24.6814312717046,123.407156358523,37.0221469075569,61.7035781792615,-98.7257250868184,12.3407156358523,49.3628625434092
171.0,98.66542738082624,147.99814107123936,73.99907053561968,24.66635684520656,-49.33271369041312,4.933271369041313,197.3308547616525,-24.66635684520656,123.33178422603281,36.99953526780984,61.665892113016405,-98.66542738082624,12.33317842260328,49.33271369041312
171.10000000000002,98.60374881912516,147.90562322868774,73.95281161434387,24.65093720478129,-49.30187440956258,4.930187440956258,197.20749763825032,-24.65093720478129,123.25468602390644,36.976405807171936,61.62734301195322,-98.60374881912516,12.325468602390645,49.30187440956258
171.20000000000002,98.54057173169241,147.81085759753861,73.90542879876931,24.635142932923102,-49.270285865846205,4.927028586584621,197.08114346338482,-24.635142932923102,123.17571466461551,36.952714399384654,61.587857332307756,-98.54057173169241,12.317571466461551,49.270285865846205
171.3,98.47567977290923,147.71351965936384,73.85675982968192,24.618919943227308,-49.237839886454616,4.923783988645462,196.95135954581846,-24.618919943227308,123.09459971613654,36.92837991484096,61.54729985806827,-98.47567977290923,12.309459971613654,49.237839886454616
171.4,98.40885892919061,147.61328839378592,73.80664419689296,24.602214732297654,-49.20442946459531,4.920442946459531,196.81771785838123,-24.602214732297654,123.01107366148827,36.90332209844648,61.505536830744134,-98.40885892919061,12.301107366148827,49.20442946459531
171.5,98.33996733134052,147.50995099701078,73.75497549850539,24.58499183283513,-49.16998366567026,4.916998366567026,196.67993466268103,-24.58499183283513,122.92495916417565,36.877487749252694,61.46247958208782,-98.33996733134052,12.292495916417565,49.16998366567026
171.60000000000002,98.26890588723353,147.4033588308503,73.70167941542515,24.567226471808382,-49.134452943616765,4.913445294361677,196.53781177446706,-24.567226471808382,122.83613235904191,36.850839707712574,61.418066179520956,-98.26890588723353,12.283613235904191,49.134452943616765
171.70000000000002,98.19559352382964,147.29339028574447,73.64669514287223,24.54889838095741,-49.09779676191482,4.909779676191483,196.3911870476593,-24.54889838095741,122.74449190478705,36.823347571436116,61.37224595239353,-98.19559352382964,12.274449190478705,49.09779676191482
171.8,98.12000057855163,147.18000086782743,73.59000043391372,24.530000144637906,-49.06000028927581,4.906000028927582,196.24000115710325,-24.530000144637906,122.65000072318954,36.79500021695686,61.32500036159477,-98.12000057855163,12.265000072318953,49.06000028927581
171.9,98.04214781447028,147.06322172170542,73.53161086085271,24.51053695361757,-49.02107390723514,4.902107390723515,196.08429562894057,-24.51053695361757,122.55268476808786,36.765805430426354,61.27634238404393,-98.04214781447028,12.255268476808785,49.02107390723514
172.0,97.962085175584,146.943127763376,73.471563881688,24.490521293896,-48.981042587792,4.8981042587792,195.924170351168,-24.490521293896,122.45260646947999,36.735781940844,61.226303234739994,-97.962085175584,12.245260646948,48.981042587792
172.10000000000002,97.87989382659012,146.8198407398852,73.4099203699426,24.46997345664753,-48.93994691329506,4.893994691329507,195.75978765318024,-24.46997345664753,122.34986728323764,36.7049601849713,61.17493364161882,-97.87989382659012,12.234986728323765,48.93994691329506
172.20000000000002,97.79569773279572,146.69354659919358,73.34677329959679,24.44892443319893,-48.89784886639786,4.889784886639786,195.59139546559143,-24.44892443319893,122.24462216599464,36.673386649798395,61.12231108299732,-97.79569773279572,12.224462216599465,48.89784886639786
172.3,97.70961335100914,146.56442002651372,73.28221001325686,24.427403337752285,-48.85480667550457,4.885480667550457,195.41922670201828,-24.427403337752285,122.13701668876142,36.64110500662843,61.06850834438071,-97.70961335100914,12.213701668876142,48.85480667550457
172.4,97.62176974636684,146.43265461955025,73.21632730977512,24.40544243659171,-48.81088487318342,4.881088487318342,195.24353949273367,-24.40544243659171,122.02721218295855,36.60816365488756,61.013606091479275,-97.62176974636684,12.202721218295855,48.81088487318342
172.5,97.53235497330114,146.2985324599517,73.14926622997585,24.383088743325285,-48.76617748665057,4.8766177486650575,195.06470994660228,-24.383088743325285,121.91544371662643,36.574633114987925,60.957721858313214,-97.53235497330114,12.191544371662642,48.76617748665057
172.60000000000002,97.44157967275622,146.16236950913432,73.08118475456716,24.360394918189055,-48.72078983637811,4.872078983637811,194.88315934551244,-24.360394918189055,121.80197459094528,36.54059237728358,60.90098729547264,-97.44157967275622,12.180197459094527,48.72078983637811
172.70000000000002,97.34964035950229,146.02446053925343,73.01223026962671,24.337410089875572,-48.674820179751144,4.867482017975115,194.69928071900458,-24.337410089875572,121.68705044937786,36.506115134813356,60.84352522468893,-97.34964035950229,12.168705044937786,48.674820179751144
172.8,97.25666340991849,145.88499511487774,72.94249755743887,24.314165852479622,-48.628331704959244,4.862833170495925,194.51332681983698,-24.314165852479622,121.5708292623981,36.471248778719435,60.78541463119905,-97.25666340991849,12.157082926239811,48.628331704959244
172.9,97.16275768792396,145.74413653188594,72.87206826594297,24.29068942198099,-48.58137884396198,4.858137884396198,194.3255153758479,-24.29068942198099,121.45344710990494,36.436034132971486,60.72672355495247,-97.16275768792396,12.145344710990495,48.58137884396198
173.0,97.06814129765058,145.60221194647588,72.80110597323794,24.267035324412646,-48.53407064882529,4.853407064882529,194.13628259530117,-24.267035324412646,121.33517662206323,36.40055298661897,60.667588311031615,-97.06814129765058,12.133517662206323,48.53407064882529
173.10000000000002,96.9730233659115,145.45953504886725,72.72976752443363,24.243255841477875,-48.48651168295575,4.848651168295575,193.946046731823,-24.243255841477875,121.21627920738938,36.36488376221681,60.60813960369469,-96.9730233659115,12.121627920738938,48.48651168295575
173.20000000000002,96.87760507151634,145.31640760727453,72.65820380363726,24.219401267879086,-48.43880253575817,4.843880253575818,193.75521014303268,-24.219401267879086,121.09700633939542,36.32910190181863,60.54850316969771,-96.87760507151634,12.109700633939543,48.43880253575817
173.3,96.78207138351642,145.17310707527463,72.58655353763731,24.195517845879106,-48.39103569175821,4.839103569175822,193.56414276703285,-24.195517845879106,120.97758922939553,36.29327676881866,60.48879461469777,-96.78207138351642,12.097758922939553,48.39103569175821
173.4,96.68654177498537,145.02981266247807,72.51490633123903,24.171635443746343,-48.343270887492686,4.834327088749269,193.37308354997074,-24.171635443746343,120.85817721873171,36.257453165619516,60.429088609365856,-96.68654177498537,12.085817721873171,48.343270887492686
173.5,96.59114550875893,144.8867182631384,72.4433591315692,24.147786377189732,-48.295572754379464,4.8295572754379466,193.18229101751785,-24.147786377189732,120.73893188594866,36.2216795657846,60.36946594297433,-96.59114550875893,12.073893188594866,48.295572754379464
173.60000000000002,96.4960098692414,144.74401480386211,72.37200740193106,24.12400246731035,-48.2480049346207,4.824800493462071,192.9920197384828,-24.12400246731035,120.62001233655175,36.18600370096553,60.310006168275876,-96.4960098692414,12.062001233655176,48.2480049346207
173.70000000000002,96.40128508562573,144.6019276284386,72.3009638142193,24.100321271406433,-48.200642542812865,4.820064254281287,192.80257017125146,-24.100321271406433,120.50160635703216,36.15048190710965,60.25080317851608,-96.40128508562573,12.050160635703216,48.200642542812865
173.8,96.307149673215,144.46072450982248,72.23036225491124,24.07678741830375,-48.1535748366075,4.81535748366075,192.61429934643,-24.07678741830375,120.38393709151875,36.11518112745562,60.19196854575937,-96.307149673215,12.038393709151874,48.1535748366075
173.9,96.21381167762931,144.32071751644395,72.16035875822197,24.053452919407327,-48.106905838814654,4.810690583881466,192.42762335525862,-24.053452919407327,120.26726459703664,36.08017937911099,60.13363229851832,-96.21381167762931,12.026726459703664,48.106905838814654
174.0,96.12144900385292,144.18217350577936,72.09108675288968,24.03036225096323,-48.06072450192646,4.806072450192646,192.24289800770583,-24.03036225096323,120.15181125481615,36.04554337644484,60.075905627408076,-96.12144900385292,12.015181125481615,48.06072450192646
174.10000000000002,96.03016878566913,144.04525317850369,72.02262658925184,24.007542196417283,-48.01508439283457,4.801508439283457,192.06033757133827,-24.007542196417283,120.03771098208642,36.01131329462592,60.01885549104321,-96.03016878566913,12.003771098208642,48.01508439283457
174.20000000000002,95.94011659055326,143.9101748858299,71.95508744291494,23.985029147638315,-47.97005829527663,4.797005829527663,191.88023318110652,-23.985029147638315,119.92514573819157,35.97754372145747,59.96257286909579,-95.94011659055326,11.992514573819157,47.97005829527663
174.3,95.85141018792724,143.77711528189087,71.88855764094544,23.96285254698181,-47.92570509396362,4.792570509396362,191.7028203758545,-23.96285254698181,119.81426273490905,35.94427882047272,59.907131367454525,-95.85141018792724,11.981426273490905,47.92570509396362
174.4,95.76412397464534,143.646185961968,71.823092980984,23.941030993661336,-47.88206198732267,4.788206198732268,191.5282479492907,-23.941030993661336,119.70515496830669,35.911546490492,59.85257748415334,-95.76412397464534,11.970515496830668,47.88206198732267
174.5,95.67832624561457,143.51748936842185,71.75874468421092,23.919581561403643,-47.839163122807285,4.783916312280729,191.35665249122914,-23.919581561403643,119.59790780701822,35.87937234210546,59.79895390350911,-95.67832624561457,11.959790780701821,47.839163122807285
174.60000000000002,95.5940842243358,143.3911263365037,71.69556316825185,23.89852105608395,-47.7970421121679,4.7797042112167905,191.1881684486716,-23.89852105608395,119.49260528041975,35.847781584125926,59.746302640209876,-95.5940842243358,11.949260528041975,47.7970421121679
174.70000000000002,95.51145676918112,143.2671851537717,71.63359257688585,23.87786419229528,-47.75572838459056,4.775572838459056,191.02291353836225,-23.87786419229528,119.3893209614764,35.81679628844292,59.6946604807382,-95.51145676918112,11.93893209614764,47.75572838459056
174.8,95.43049945621864,143.14574918432797,71.57287459216398,23.85762486405466,-47.71524972810932,4.771524972810933,190.86099891243728,-23.85762486405466,119.2881243202733,35.78643729608199,59.64406216013665,-95.43049945621864,11.92881243202733,47.71524972810932
174.9,95.35126895710349,143.02690343565524,71.51345171782762,23.83781723927587,-47.67563447855174,4.767563447855174,190.70253791420697,-23.83781723927587,119.18908619637935,35.75672585891381,59.594543098189675,-95.35126895710349,11.918908619637936,47.67563447855174
175.0,95.27384112810195,142.91076169215293,71.45538084607647,23.818460282025487,-47.636920564050975,4.763692056405097,190.5476822562039,-23.818460282025487,119.09230141012743,35.72769042303823,59.54615070506372,-95.27384112810195,11.909230141012744,47.636920564050975
175.10000000000002,95.19829275725081,142.79743913587623,71.39871956793812,23.799573189312703,-47.599146378625406,4.759914637862541,190.39658551450162,-23.799573189312703,118.99786594656351,35.69935978396906,59.498932973281754,-95.19829275725081,11.899786594656351,47.599146378625406
175.20000000000002,95.124623182004,142.686934773006,71.343467386503,23.781155795501,-47.562311591002,4.7562311591002,190.249246364008,-23.781155795501,118.90577897750501,35.6717336932515,59.452889488752504,-95.124623182004,11.8905778977505,47.562311591002
175.3,95.05283538910363,142.57925308365546,71.28962654182773,23.76320884727591,-47.52641769455182,4.752641769455182,190.10567077820727,-23.76320884727591,118.81604423637954,35.644813270913865,59.40802211818977,-95.05283538910363,11.881604423637954,47.52641769455182
175.4,94.98297468861088,142.47446203291634,71.23723101645817,23.74574367215272,-47.49148734430544,4.749148734430544,189.96594937722176,-23.74574367215272,118.7287183607636,35.618615508229084,59.3643591803818,-94.98297468861088,11.87287183607636,47.49148734430544
175.5,94.91510767916382,142.37266151874573,71.18633075937286,23.728776919790956,-47.45755383958191,4.745755383958191,189.83021535832765,-23.728776919790956,118.64388459895478,35.59316537968643,59.32194229947739,-94.91510767916382,11.864388459895478,47.45755383958191
175.60000000000002,94.84931406856649,142.2739711028497,71.13698555142486,23.71232851714162,-47.42465703428324,4.742465703428325,189.69862813713297,-23.71232851714162,118.56164258570811,35.56849277571243,59.28082129285406,-94.84931406856649,11.85616425857081,47.42465703428324
175.70000000000002,94.78569620700367,142.17854431050552,71.08927215525276,23.696424051750917,-47.392848103501834,4.739284810350184,189.57139241400733,-23.696424051750917,118.48212025875458,35.54463607762638,59.24106012937729,-94.78569620700367,11.848212025875458,47.392848103501834
175.8,94.7243892298968,142.0865838448452,71.0432919224226,23.6810973074742,-47.3621946149484,4.73621946149484,189.4487784597936,-23.6810973074742,118.405486537371,35.5216459612113,59.2027432686855,-94.7243892298968,11.8405486537371,47.3621946149484
175.9,94.66548402593642,141.99822603890465,70.99911301945232,23.666371006484106,-47.33274201296821,4.733274201296822,189.33096805187284,-23.666371006484106,118.33185503242052,35.49955650972616,59.16592751621026,-94.66548402593642,11.833185503242053,47.33274201296821
176.0,94.60908163499646,141.91362245249468,70.95681122624734,23.652270408749114,-47.30454081749823,4.730454081749823,189.2181632699929,-23.652270408749114,118.26135204374557,35.47840561312367,59.13067602187279,-94.60908163499646,11.826135204374557,47.30454081749823
176.10000000000002,94.55519735407597,141.83279603111396,70.91639801555698,23.638799338518993,-47.277598677037986,4.727759867703798,189.11039470815194,-23.638799338518993,118.19399669259496,35.45819900777849,59.09699834629748,-94.55519735407597,11.819399669259496,47.277598677037986
176.20000000000002,94.50376014701375,141.75564022052063,70.87782011026032,23.625940036753438,-47.251880073506875,4.725188007350687,189.0075202940275,-23.625940036753438,118.12970018376718,35.43891005513016,59.06485009188359,-94.50376014701375,11.812970018376719,47.251880073506875
176.3,94.45469706257983,141.68204559386973,70.84102279693487,23.613674265644956,-47.22734853128991,4.722734853128991,188.90939412515965,-23.613674265644956,118.06837132822479,35.42051139846743,59.03418566411239,-94.45469706257983,11.806837132822478,47.22734853128991
176.4,94.40797832377864,141.61196748566795,70.80598374283397,23.60199458094466,-47.20398916188932,4.720398916188932,188.81595664755727,-23.60199458094466,118.0099729047233,35.40299187141699,59.00498645236165,-94.40797832377864,11.80099729047233,47.20398916188932
176.5,94.36362187344639,141.5454328101696,70.7727164050848,23.590905468361598,-47.181810936723195,4.71818109367232,188.72724374689278,-23.590905468361598,117.95452734180799,35.3863582025424,58.977263670903994,-94.36362187344639,11.795452734180799,47.181810936723195
176.60000000000002,94.32156343938851,141.48234515908277,70.74117257954138,23.580390859847128,-47.160781719694256,4.716078171969426,188.64312687877703,-23.580390859847128,117.90195429923564,35.37058628977069,58.95097714961782,-94.32156343938851,11.790195429923564,47.160781719694256
176.70000000000002,94.28172833893693,141.4225925084054,70.7112962542027,23.570432084734232,-47.140864169468465,4.714086416946847,188.56345667787386,-23.570432084734232,117.85216042367117,35.35564812710135,58.92608021183558,-94.28172833893693,11.785216042367116,47.140864169468465
176.8,94.24401474795432,141.36602212193148,70.68301106096574,23.56100368698858,-47.12200737397716,4.712200737397716,188.48802949590865,-23.56100368698858,117.80501843494291,35.34150553048287,58.902509217471454,-94.24401474795432,11.78050184349429,47.12200737397716
176.9,94.20829272215414,141.3124390832312,70.6562195416156,23.552073180538535,-47.10414636107707,4.710414636107707,188.41658544430828,-23.552073180538535,117.76036590269268,35.3281097708078,58.88018295134634,-94.20829272215414,11.776036590269268,47.10414636107707
177.0,94.17444007181082,141.26166010771624,70.63083005385812,23.543610017952705,-47.08722003590541,4.708722003590541,188.34888014362164,-23.543610017952705,117.71805008976352,35.31541502692906,58.85902504488176,-94.17444007181082,11.771805008976353,47.08722003590541
177.10000000000002,94.14232003825802,141.21348005738702,70.60674002869351,23.535580009564505,-47.07116001912901,4.707116001912901,188.28464007651604,-23.535580009564505,117.67790004782253,35.303370014346754,58.838950023911266,-94.14232003825802,11.767790004782253,47.07116001912901
177.20000000000002,94.11180094305232,141.16770141457846,70.58385070728923,23.52795023576308,-47.05590047152616,4.705590047152616,188.22360188610463,-23.52795023576308,117.6397511788154,35.291925353644615,58.8198755894077,-94.11180094305232,11.76397511788154,47.05590047152616
177.3,94.0827325679203,141.12409885188046,70.56204942594023,23.520683141980076,-47.04136628396015,4.704136628396015,188.1654651358406,-23.520683141980076,117.60341570990037,35.281024712970115,58.80170785495019,-94.0827325679203,11.760341570990038,47.04136628396015
177.4,94.05487218522673,141.0823082778401,70.54115413892005,23.513718046306682,-47.027436092613364,4.702743609261336,188.10974437045346,-23.513718046306682,117.5685902315334,35.270577069460025,58.7842951157667,-94.05487218522673,11.756859023153341,47.027436092613364
177.5,94.02799655903526,141.04199483855288,70.52099741927644,23.506999139758815,-47.01399827951763,4.7013998279517635,188.05599311807052,-23.506999139758815,117.53499569879408,35.26049870963822,58.76749784939704,-94.02799655903526,11.753499569879407,47.01399827951763
177.60000000000002,94.00192954187716,141.00289431281573,70.50144715640786,23.50048238546929,-47.00096477093858,4.700096477093858,188.00385908375432,-23.50048238546929,117.50241192734646,35.25072357820393,58.75120596367323,-94.00192954187716,11.750241192734645,47.00096477093858
177.70000000000002,93.9765345829178,140.9648018743767,70.48240093718834,23.49413364572945,-46.9882672914589,4.69882672914589,187.9530691658356,-23.49413364572945,117.47066822864724,35.24120046859417,58.73533411432362,-93.9765345829178,11.747066822864724,46.9882672914589
177.8,93.95176730793992,140.92765096190988,70.46382548095494,23.48794182698498,-46.97588365396996,4.697588365396996,187.90353461587983,-23.48794182698498,117.4397091349249,35.23191274047747,58.71985456746245,-93.95176730793992,11.74397091349249,46.97588365396996
177.9,93.92761114296691,140.89141671445037,70.44570835722519,23.481902785741728,-46.963805571483455,4.696380557148346,187.85522228593382,-23.481902785741728,117.40951392870863,35.22285417861259,58.70475696435432,-93.92761114296691,11.740951392870864,46.963805571483455
178.0,93.90406380346444,140.85609570519665,70.42804785259833,23.47601595086611,-46.95203190173222,4.695203190173222,187.80812760692888,-23.47601595086611,117.38007975433055,35.21402392629916,58.690039877165276,-93.90406380346444,11.738007975433055,46.95203190173222
178.10000000000002,93.8811877946587,140.82178169198806,70.41089084599403,23.470296948664675,-46.94059389732935,4.694059389732935,187.7623755893174,-23.470296948664675,117.35148474332337,35.205445422997016,58.675742371661684,-93.8811877946587,11.735148474332338,46.94059389732935
178.20000000000002,93.8590070324734,140.7885105487101,70.39425527435505,23.46475175811835,-46.9295035162367,4.69295035162367,187.7180140649468,-23.46475175811835,117.32375879059175,35.19712763717752,58.66187939529588,-93.8590070324734,11.732375879059175,46.9295035162367
178.3,93.83749852715425,140.75624779073138,70.37812389536569,23.459374631788563,-46.918749263577126,4.691874926357713,187.6749970543085,-23.459374631788563,117.29687315894282,35.189061947682845,58.64843657947141,-93.83749852715425,11.729687315894282,46.918749263577126
178.4,93.8165965164281,140.72489477464217,70.36244738732108,23.454149129107027,-46.90829825821405,4.690829825821406,187.6331930328562,-23.454149129107027,117.27074564553513,35.18122369366054,58.635372822767565,-93.8165965164281,11.727074564553513,46.90829825821405
178.5,93.79625292319642,140.69437938479462,70.34718969239731,23.449063230799105,-46.89812646159821,4.6898126461598215,187.59250584639284,-23.449063230799105,117.24531615399553,35.173594846198654,58.622658076997766,-93.79625292319642,11.724531615399552,46.89812646159821
178.60000000000002,93.77644988692127,140.6646748303819,70.33233741519095,23.444112471730318,-46.888224943460635,4.688822494346064,187.55289977384254,-23.444112471730318,117.22056235865159,35.166168707595475,58.610281179325796,-93.77644988692127,11.722056235865159,46.888224943460635
178.70000000000002,93.75719383287213,140.6357907493082,70.3178953746541,23.439298458218033,-46.87859691643607,4.687859691643607,187.51438766574427,-23.439298458218033,117.19649229109017,35.15894768732705,58.59824614554508,-93.75719383287213,11.719649229109017,46.87859691643607
178.8,93.73854109071435,140.60781163607152,70.30390581803576,23.434635272678587,-46.869270545357175,4.686927054535718,187.4770821814287,-23.434635272678587,117.17317636339294,35.15195290901788,58.58658818169647,-93.73854109071435,11.717317636339294,46.869270545357175
178.9,93.72055473051694,140.5808320957754,70.2904160478877,23.430138682629234,-46.86027736525847,4.686027736525847,187.44110946103388,-23.430138682629234,117.15069341314617,35.14520802394385,58.575346706573086,-93.72055473051694,11.715069341314617,46.86027736525847
179.0,93.70331434318436,140.55497151477653,70.27748575738826,23.42582858579609,-46.85165717159218,4.685165717159218,187.40662868636872,-23.42582858579609,117.12914292898046,35.13874287869413,58.56457146449023,-93.70331434318436,11.712914292898045,46.85165717159218
179.10000000000002,93.6869129730786,140.5303694596179,70.26518472980895,23.42172824326965,-46.8434564865393,4.68434564865393,187.3738259461572,-23.42172824326965,117.10864121634826,35.132592364904475,58.55432060817413,-93.6869129730786,11.710864121634826,46.8434564865393
179.20000000000002,93.67134028138508,140.50701042207763,70.25350521103881,23.41783507034627,-46.83567014069254,4.683567014069254,187.34268056277017,-23.41783507034627,117.08917535173136,35.12675260551941,58.54458767586568,-93.67134028138508,11.708917535173136,46.83567014069254
179.3,93.65657094453528,140.48485641680293,70.24242820840146,23.41414273613382,-46.82828547226764,4.682828547226764,187.31314188907055,-23.41414273613382,117.07071368066909,35.12121410420073,58.53535684033454,-93.65657094453528,11.70707136806691,46.82828547226764
179.4,93.64257423993507,140.4638613599026,70.2319306799513,23.410643559983768,-46.821287119967536,4.682128711996754,187.28514847987014,-23.410643559983768,117.05321779991884,35.11596533997565,58.52660889995942,-93.64257423993507,11.705321779991884,46.821287119967536
179.5,93.62928034316506,140.4439205147476,70.2219602573738,23.407320085791266,-46.81464017158253,4.6814640171582536,187.25856068633013,-23.407320085791266,117.03660042895633,35.1109801286869,58.51830021447817,-93.62928034316506,11.703660042895633,46.81464017158253
179.60000000000002,93.6166246057359,140.42493690860385,70.21246845430193,23.404156151433973,-46.80831230286795,4.6808312302867945,187.2332492114718,-23.404156151433973,117.02078075716986,35.10623422715096,58.51039037858493,-93.6166246057359,11.702078075716987,46.80831230286795
179.70000000000002,93.60455910212252,140.4068386531838,70.2034193265919,23.40113977553063,-46.80227955106126,4.680227955106126,187.20911820424504,-23.40113977553063,117.00569887765315,35.10170966329595,58.50284943882657,-93.60455910212252,11.700569887765315,46.80227955106126
179.8,93.59307803903286,140.38961705854928,70.19480852927464,23.398269509758215,-46.79653901951643,4.679653901951643,187.18615607806572,-23.398269509758215,116.99134754879108,35.09740426463732,58.49567377439554,-93.59307803903286,11.699134754879108,46.79653901951643
179.9,93.5821498957781,140.37322484366715,70.18661242183357,23.395537473944525,-46.79107494788905,4.679107494788905,187.1642997915562,-23.395537473944525,116.97768736972263,35.093306210916786,58.488843684861315,-93.5821498957781,11.697768736972263,46.79107494788905
180.0,93.57175178494226,140.3576276774134,70.1788138387067,23.392937946235566,-46.78587589247113,4.678587589247114,187.14350356988453,-23.392937946235566,116.96468973117783,35.08940691935335,58.482344865588914,-93.57175178494226,11.696468973117783,46.78587589247113
180.10000000000002,93.56184250104329,140.34276375156492,70.17138187578246,23.390460625260822,-46.780921250521644,4.6780921250521645,187.12368500208657,-23.390460625260822,116.95230312630412,35.08569093789123,58.47615156315206,-93.56184250104329,11.695230312630411,46.780921250521644
180.20000000000002,93.55236597103269,140.328548956549,70.1642744782745,23.38809149275817,-46.77618298551634,4.677618298551635,187.10473194206537,-23.38809149275817,116.94045746379086,35.08213723913725,58.47022873189543,-93.55236597103269,11.694045746379086,46.77618298551634
180.3,93.54326431130772,140.31489646696159,70.15744823348079,23.38581607782693,-46.77163215565386,4.677163215565386,187.08652862261545,-23.38581607782693,116.92908038913465,35.078724116740396,58.46454019456733,-93.54326431130772,11.692908038913465,46.77163215565386
180.4,93.53447658207718,140.30171487311577,70.15085743655789,23.383619145519294,-46.76723829103859,4.676723829103859,187.06895316415435,-23.383619145519294,116.91809572759647,35.07542871827894,58.45904786379823,-93.53447658207718,11.691809572759647,46.76723829103859
180.5,93.52592746739907,140.2888912010986,70.1444456005493,23.381481866849768,-46.762963733699536,4.676296373369953,187.05185493479814,-23.381481866849768,116.90740933424884,35.07222280027465,58.45370466712442,-93.52592746739907,11.690740933424884,46.762963733699536
180.60000000000002,93.51755401781817,140.27633102672726,70.13816551336363,23.379388504454543,-46.758777008909085,4.675877700890909,187.03510803563634,-23.379388504454543,116.89694252227271,35.069082756681816,58.448471261136355,-93.51755401781817,11.689694252227271,46.758777008909085
180.70000000000002,93.50928161108045,140.2639224166207,70.13196120831034,23.377320402770113,-46.75464080554023,4.675464080554023,187.0185632221609,-23.377320402770113,116.88660201385056,35.06598060415517,58.44330100692528,-93.50928161108045,11.688660201385057,46.75464080554023
180.8,93.50102279247429,140.25153418871145,70.12576709435572,23.375255698118572,-46.750511396237144,4.675051139623714,187.00204558494858,-23.375255698118572,116.87627849059285,35.06288354717786,58.438139245296426,-93.50102279247429,11.687627849059286,46.750511396237144
180.9,93.49267639285344,140.23901458928015,70.11950729464007,23.37316909821336,-46.74633819642672,4.674633819642672,186.98535278570688,-23.37316909821336,116.8658454910668,35.059753647320036,58.4329227455334,-93.49267639285344,11.68658454910668,46.74633819642672
181.0,93.4841421362372,140.2262132043558,70.1131066021779,23.3710355340593,-46.7420710681186,4.67420710681186,186.9682842724744,-23.3710355340593,116.8551776702965,35.05655330108895,58.42758883514825,-93.4841421362372,11.68551776702965,46.7420710681186
181.10000000000002,93.47535077642674,140.2130261646401,70.10651308232005,23.368837694106684,-46.73767538821337,4.673767538821337,186.95070155285347,-23.368837694106684,116.84418847053342,35.053256541160025,58.42209423526671,-93.47535077642674,11.684418847053342,46.73767538821337
181.20000000000002,93.46621805824941,140.19932708737412,70.09966354368706,23.366554514562353,-46.733109029124705,4.673310902912471,186.93243611649882,-23.366554514562353,116.83277257281176,35.04983177184353,58.41638628640588,-93.46621805824941,11.683277257281176,46.733109029124705
181.3,93.45671975540515,140.1850796331077,70.09253981655385,23.364179938851287,-46.72835987770257,4.672835987770258,186.9134395108103,-23.364179938851287,116.82089969425644,35.046269908276926,58.41044984712822,-93.45671975540515,11.682089969425643,46.72835987770257
181.4,93.44686256920336,140.17029385380505,70.08514692690252,23.36171564230084,-46.72343128460168,4.672343128460168,186.89372513840672,-23.36171564230084,116.8085782115042,35.04257346345126,58.4042891057521,-93.44686256920336,11.68085782115042,46.72343128460168
181.5,93.43660558465653,140.1549083769848,70.0774541884924,23.359151396164133,-46.71830279232827,4.671830279232827,186.87321116931307,-23.359151396164133,116.79575698082067,35.0387270942462,58.397878490410335,-93.43660558465653,11.679575698082067,46.71830279232827
181.60000000000002,93.42591832722692,140.1388774908404,70.0694387454202,23.35647958180673,-46.71295916361346,4.671295916361347,186.85183665445385,-23.35647958180673,116.78239790903365,35.0347193727101,58.391198954516824,-93.42591832722692,11.678239790903366,46.71295916361346
181.70000000000002,93.4148169839065,140.12222547585975,70.06111273792988,23.353704245976626,-46.70740849195325,4.670740849195325,186.829633967813,-23.353704245976626,116.76852122988313,35.03055636896494,58.38426061494157,-93.4148169839065,11.676852122988313,46.70740849195325
181.8,93.40331187039676,140.10496780559515,70.05248390279758,23.35082796759919,-46.70165593519838,4.6701655935198385,186.80662374079353,-23.35082796759919,116.75413983799595,35.02624195139879,58.377069918997975,-93.40331187039676,11.675413983799595,46.70165593519838
181.9,93.39139953178392,140.08709929767588,70.04354964883794,23.34784988294598,-46.69569976589196,4.669569976589196,186.78279906356784,-23.34784988294598,116.7392494147299,35.02177482441897,58.36962470736495,-93.39139953178392,11.67392494147299,46.69569976589196
182.0,93.37906393467013,140.0685959020052,70.0342979510026,23.344765983667532,-46.689531967335064,4.668953196733507,186.75812786934026,-23.344765983667532,116.72382991833766,35.0171489755013,58.36191495916883,-93.37906393467013,11.672382991833766,46.689531967335064
182.10000000000002,93.3662492870555,140.04937393058324,70.02468696529162,23.341562321763874,-46.68312464352775,4.668312464352775,186.732498574111,-23.341562321763874,116.70781160881937,35.01234348264581,58.353905804409685,-93.3662492870555,11.670781160881937,46.68312464352775
182.20000000000002,93.35284913065222,140.02927369597833,70.01463684798917,23.338212282663054,-46.67642456532611,4.667642456532611,186.70569826130443,-23.338212282663054,116.69106141331527,35.00731842399458,58.345530706657634,-93.35284913065222,11.669106141331527,46.67642456532611
182.3,93.3387102798135,140.00806541972025,70.00403270986013,23.334677569953374,-46.66935513990675,4.666935513990675,186.677420559627,-23.334677569953374,116.67338784976687,35.00201635493006,58.336693924883434,-93.3387102798135,11.667338784976687,46.66935513990675
182.4,93.3236430096375,139.98546451445623,69.99273225722811,23.330910752409373,-46.66182150481875,4.666182150481875,186.647286019275,-23.330910752409373,116.65455376204687,34.996366128614056,58.32727688102344,-93.3236430096375,11.665455376204687,46.66182150481875
182.5,93.30744519534571,139.96116779301855,69.98058389650927,23.326861298836427,-46.653722597672854,4.6653722597672855,186.61489039069141,-23.326861298836427,116.63430649418214,34.99029194825464,58.31715324709107,-93.30744519534571,11.663430649418213,46.653722597672854
182.60000000000002,93.28986276576956,139.93479414865433,69.96739707432717,23.32246569144239,-46.64493138288478,4.664493138288478,186.5797255315391,-23.32246569144239,116.61232845721194,34.98369853716358,58.30616422860597,-93.28986276576956,11.661232845721194,46.64493138288478
182.70000000000002,93.27064055270584,139.90596082905876,69.95298041452938,23.31766013817646,-46.63532027635292,4.663532027635292,186.54128110541168,-23.31766013817646,116.5883006908823,34.97649020726469,58.29415034544115,-93.27064055270584,11.65883006908823,46.63532027635292
182.8,93.24957465077684,139.87436197616526,69.93718098808263,23.31239366269421,-46.62478732538842,4.662478732538842,186.49914930155367,-23.31239366269421,116.56196831347104,34.968590494041315,58.28098415673552,-93.24957465077684,11.656196831347104,46.62478732538842
182.9,93.22656006169014,139.8398400925352,69.9199200462676,23.306640015422534,-46.61328003084507,4.661328003084507,186.45312012338027,-23.306640015422534,116.53320007711267,34.9599600231338,58.266600038556334,-93.22656006169014,11.653320007711267,46.61328003084507
183.0,93.20152202094098,139.8022830314115,69.90114151570575,23.300380505235246,-46.60076101047049,4.660076101047049,186.40304404188197,-23.300380505235246,116.50190252617622,34.95057075785287,58.25095126308811,-93.20152202094098,11.650190252617623,46.60076101047049
183.10000000000002,93.1744414308872,139.7616621463308,69.8808310731654,23.2936103577218,-46.5872207154436,4.65872207154436,186.3488828617744,-23.2936103577218,116.468051788609,34.9404155365827,58.2340258943045,-93.1744414308872,11.6468051788609,46.5872207154436
183.20000000000002,93.14533689280097,139.71800533920145,69.85900266960073,23.286334223200242,-46.572668446400485,4.6572668446400485,186.29067378560194,-23.286334223200242,116.43167111600121,34.929501334800364,58.215835558000606,-93.14533689280097,11.643167111600121,46.572668446400485
183.3,93.1142302960976,139.6713454441464,69.8356727220732,23.2785575740244,-46.5571151480488,4.655711514804881,186.2284605921952,-23.2785575740244,116.392787870122,34.9178363610366,58.196393935061,-93.1142302960976,11.6392787870122,46.5571151480488
183.4,93.08109345405379,139.6216401810807,69.81082009054035,23.270273363513446,-46.54054672702689,4.6540546727026895,186.16218690810757,-23.270273363513446,116.35136681756723,34.90541004527017,58.17568340878361,-93.08109345405379,11.635136681756723,46.54054672702689
183.5,93.04585960549856,139.56878940824785,69.78439470412393,23.26146490137464,-46.52292980274928,4.652292980274928,186.09171921099713,-23.26146490137464,116.3073245068732,34.89219735206196,58.1536622534366,-93.04585960549856,11.63073245068732,46.52292980274928
183.60000000000002,93.00842236027488,139.5126335404123,69.75631677020615,23.25210559006872,-46.50421118013744,4.650421118013744,186.01684472054976,-23.25210559006872,116.2605279503436,34.87815838510308,58.1302639751718,-93.00842236027488,11.62605279503436,46.50421118013744
183.70000000000002,92.96869075582325,139.45303613373488,69.72651806686744,23.24217268895581,-46.48434537791162,4.648434537791163,185.9373815116465,-23.24217268895581,116.21086344477905,34.86325903343372,58.105431722389525,-92.96869075582325,11.621086344477906,46.48434537791162
183.8,92.9266662819904,139.38999942298562,69.69499971149281,23.2316665704976,-46.4633331409952,4.646333314099521,185.8533325639808,-23.2316665704976,116.158332852488,34.847499855746406,58.079166426244,-92.9266662819904,11.6158332852488,46.4633331409952
183.9,92.88236753477507,139.3235513021626,69.6617756510813,23.220591883693768,-46.441183767387535,4.644118376738754,185.76473506955014,-23.220591883693768,116.10295941846884,34.83088782554065,58.05147970923442,-92.88236753477507,11.610295941846884,46.441183767387535
184.0,92.83579023150605,139.25368534725908,69.62684267362954,23.208947557876513,-46.417895115753026,4.641789511575303,185.6715804630121,-23.208947557876513,116.04473778938257,34.81342133681477,58.02236889469128,-92.83579023150605,11.604473778938257,46.417895115753026
184.10000000000002,92.78694688305897,139.18042032458845,69.59021016229423,23.196736720764743,-46.39347344152949,4.639347344152949,185.57389376611795,-23.196736720764743,115.98368360382372,34.79510508114711,57.99184180191186,-92.78694688305897,11.598368360382372,46.39347344152949
184.20000000000002,92.73585028999355,139.10377543499033,69.55188771749516,23.183962572498388,-46.367925144996775,4.636792514499677,185.4717005799871,-23.183962572498388,115.91981286249194,34.77594385874758,57.95990643124597,-92.73585028999355,11.591981286249194,46.367925144996775
184.3,92.68254588980686,139.02381883471028,69.51190941735514,23.170636472451715,-46.34127294490343,4.6341272944903436,185.36509177961372,-23.170636472451715,115.85318236225858,34.75595470867757,57.92659118112929,-92.68254588980686,11.585318236225858,46.34127294490343
184.4,92.6271023113606,138.9406534670409,69.47032673352045,23.15677557784015,-46.3135511556803,4.63135511556803,185.2542046227212,-23.15677557784015,115.78387788920075,34.735163366760226,57.891938944600376,-92.6271023113606,11.578387788920075,46.3135511556803
184.5,92.5695566757691,138.85433501365367,69.42716750682683,23.142389168942277,-46.28477833788455,4.628477833788455,185.1391133515382,-23.142389168942277,115.71194584471138,34.71358375341342,57.85597292235569,-92.5695566757691,11.571194584471138,46.28477833788455
184.60000000000002,92.50989901754666,138.76484852631998,69.38242426315999,23.127474754386665,-46.25494950877333,4.625494950877333,185.01979803509332,-23.127474754386665,115.63737377193333,34.691212131579995,57.81868688596666,-92.50989901754666,11.563737377193332,46.25494950877333
184.70000000000002,92.44810454589235,138.67215681883852,69.33607840941926,23.112026136473087,-46.224052272946174,4.6224052272946174,184.8962090917847,-23.112026136473087,115.56013068236544,34.66803920470963,57.78006534118272,-92.44810454589235,11.556013068236544,46.224052272946174
184.8,92.38417690068012,138.57626535102017,69.28813267551008,23.09604422517003,-46.19208845034006,4.619208845034006,184.76835380136023,-23.09604422517003,115.48022112585015,34.64406633775504,57.740110562925075,-92.38417690068012,11.548022112585015,46.19208845034006
184.9,92.31819188856133,138.477287832842,69.238643916421,23.079547972140332,-46.159095944280665,4.615909594428067,184.63638377712266,-23.079547972140332,115.39773986070166,34.6193219582105,57.69886993035083,-92.31819188856133,11.539773986070166,46.159095944280665
185.0,92.2502841163506,138.3754261745259,69.18771308726295,23.06257102908765,-46.1251420581753,4.61251420581753,184.5005682327012,-23.06257102908765,115.31285514543825,34.593856543631475,57.656427572719124,-92.2502841163506,11.531285514543825,46.1251420581753
185.10000000000002,92.18058693444699,138.2708804016705,69.13544020083525,23.045146733611748,-46.090293467223496,4.60902934672235,184.36117386889399,-23.045146733611748,115.22573366805874,34.567720100417624,57.61286683402937,-92.18058693444699,11.522573366805874,46.090293467223496
185.20000000000002,92.1091708300124,138.1637562450186,69.0818781225093,23.0272927075031,-46.0545854150062,4.60545854150062,184.2183416600248,-23.0272927075031,115.13646353751551,34.54093906125465,57.568231768757755,-92.1091708300124,11.51364635375155,46.0545854150062
185.3,92.03607520484248,138.05411280726372,69.02705640363186,23.00901880121062,-46.01803760242124,4.601803760242124,184.07215040968495,-23.00901880121062,115.04509400605309,34.51352820181593,57.522547003026546,-92.03607520484248,11.50450940060531,46.01803760242124
185.4,91.9613049498094,137.9419574247141,68.97097871235705,22.99032623745235,-45.9806524749047,4.59806524749047,183.9226098996188,-22.99032623745235,114.95163118726175,34.485489356178526,57.47581559363088,-91.9613049498094,11.495163118726175,45.9806524749047
185.5,91.88475758401613,137.82713637602419,68.91356818801209,22.971189396004032,-45.942378792008064,4.594237879200807,183.76951516803226,-22.971189396004032,114.85594698002016,34.456784094006046,57.42797349001008,-91.88475758401613,11.485594698002016,45.942378792008064
185.60000000000002,91.80629418340538,137.70944127510808,68.85472063755404,22.951573545851346,-45.90314709170269,4.590314709170269,183.61258836681077,-22.951573545851346,114.75786772925673,34.42736031877702,57.378933864628365,-91.80629418340538,11.475786772925673,45.90314709170269
185.70000000000002,91.72581854415787,137.58872781623683,68.79436390811841,22.93145463603947,-45.86290927207894,4.5862909272078936,183.45163708831575,-22.93145463603947,114.65727318019734,34.39718195405921,57.32863659009867,-91.72581854415787,11.465727318019734,45.86290927207894
185.8,91.64325519081783,137.46488278622672,68.73244139311336,22.910813797704456,-45.82162759540891,4.582162759540892,183.28651038163565,-22.910813797704456,114.55406898852229,34.36622069655668,57.277034494261144,-91.64325519081783,11.455406898852228,45.82162759540891
185.9,91.5585176441866,137.33777646627988,68.66888823313994,22.88962941104665,-45.7792588220933,4.57792588220933,183.1170352883732,-22.88962941104665,114.44814705523325,34.33444411656997,57.224073527616625,-91.5585176441866,11.444814705523324,45.7792588220933
186.0,91.4715220289195,137.20728304337925,68.60364152168962,22.867880507229874,-45.73576101445975,4.573576101445975,182.943044057839,-22.867880507229874,114.33940253614936,34.30182076084481,57.16970126807468,-91.4715220289195,11.433940253614937,45.73576101445975
186.10000000000002,91.38219112922343,137.07328669383514,68.53664334691757,22.845547782305857,-45.691095564611715,4.5691095564611715,182.76438225844686,-22.845547782305857,114.22773891152929,34.268321673458786,57.11386945576464,-91.38219112922343,11.422773891152929,45.691095564611715
186.20000000000002,91.29045950866227,136.9356892629934,68.4678446314967,22.822614877165567,-45.64522975433113,4.564522975433113,182.58091901732453,-22.822614877165567,114.11307438582783,34.23392231574835,57.056537192913915,-91.29045950866227,11.411307438582783,45.64522975433113
186.3,91.1963003830313,136.79445057454694,68.39722528727347,22.799075095757825,-45.59815019151565,4.559815019151565,182.3926007660626,-22.799075095757825,113.99537547878913,34.198612643636736,56.997687739394564,-91.1963003830313,11.399537547878912,45.59815019151565
186.4,91.09977537189091,136.64966305783636,68.32483152891818,22.77494384297273,-45.54988768594546,4.554988768594546,182.19955074378183,-22.77494384297273,113.87471921486365,34.16241576445909,56.93735960743182,-91.09977537189091,11.387471921486364,45.54988768594546
186.5,91.00096035228033,136.5014405284205,68.25072026421024,22.750240088070083,-45.500480176140165,4.550048017614016,182.00192070456066,-22.750240088070083,113.75120044035042,34.12536013210512,56.87560022017521,-91.00096035228033,11.375120044035041,45.500480176140165
186.60000000000002,90.8998799173712,136.34981987605678,68.17490993802839,22.7249699793428,-45.4499399586856,4.54499399586856,181.7997598347424,-22.7249699793428,113.624849896714,34.087454969014196,56.812424948357,-90.8998799173712,11.3624849896714,45.4499399586856
186.70000000000002,90.79646549502088,136.19469824253133,68.09734912126567,22.69911637375522,-45.39823274751044,4.539823274751044,181.59293099004176,-22.69911637375522,113.4955818687761,34.04867456063283,56.74779093438805,-90.79646549502088,11.34955818687761,45.39823274751044
186.8,90.69069808065711,136.03604712098567,68.01802356049284,22.67267452016428,-45.34534904032856,4.5345349040328555,181.38139616131423,-22.67267452016428,113.36337260082139,34.00901178024642,56.681686300410696,-90.69069808065711,11.33633726008214,45.34534904032856
186.9,90.5826165944594,135.8739248916891,67.93696244584454,22.64565414861485,-45.2913082972297,4.52913082972297,181.1652331889188,-22.64565414861485,113.22827074307425,33.96848122292227,56.614135371537124,-90.5826165944594,11.322827074307424,45.2913082972297
187.0,90.4723098680578,135.70846480208672,67.85423240104336,22.61807746701445,-45.2361549340289,4.5236154934028905,180.9446197361156,-22.61807746701445,113.09038733507225,33.92711620052168,56.545193667536125,-90.4723098680578,11.309038733507226,45.2361549340289
187.10000000000002,90.35988739252852,135.53983108879277,67.76991554439638,22.58997184813213,-45.17994369626426,4.517994369626426,180.71977478505704,-22.58997184813213,112.94985924066066,33.88495777219819,56.47492962033033,-90.35988739252852,11.294985924066065,45.17994369626426
187.20000000000002,90.24551205317005,135.36826807975507,67.68413403987753,22.56137801329251,-45.12275602658502,4.5122756026585025,180.4910241063401,-22.56137801329251,112.80689006646256,33.84206701993877,56.40344503323128,-90.24551205317005,11.280689006646256,45.12275602658502
187.3,90.12937534030276,135.19406301045413,67.59703150522706,22.53234383507569,-45.06468767015138,4.506468767015138,180.25875068060552,-22.53234383507569,112.66171917537845,33.79851575261353,56.330859587689226,-90.12937534030276,11.266171917537845,45.06468767015138
187.4,90.01164676557792,135.0174701483669,67.50873507418345,22.50291169139448,-45.00582338278896,4.500582338278896,180.02329353115584,-22.50291169139448,112.5145584569724,33.754367537091724,56.2572792284862,-90.01164676557792,11.25145584569724,45.00582338278896
187.5,89.89250865307514,134.8387629796127,67.41938148980636,22.473127163268785,-44.94625432653757,4.494625432653757,179.78501730615028,-22.473127163268785,112.36563581634393,33.70969074490318,56.18281790817196,-89.89250865307514,11.236563581634393,44.94625432653757
187.60000000000002,89.77212631821577,134.65818947732365,67.32909473866182,22.443031579553942,-44.886063159107884,4.488606315910789,179.54425263643154,-22.443031579553942,112.21515789776971,33.66454736933091,56.10757894888486,-89.77212631821577,11.221515789776971,44.886063159107884
187.70000000000002,89.65066718643526,134.47600077965288,67.23800038982644,22.412666796608814,-44.82533359321763,4.482533359321763,179.3013343728705,-22.412666796608814,112.06333398304407,33.61900019491322,56.03166699152204,-89.65066718643526,11.206333398304407,44.82533359321763
187.8,89.52829847246953,134.2924477087043,67.14622385435214,22.382074618117382,-44.764149236234765,4.4764149236234765,179.05659694493906,-22.382074618117382,111.91037309058692,33.57311192717607,55.95518654529346,-89.52829847246953,11.191037309058691,44.764149236234765
187.9,89.4051438208531,134.10771573127965,67.05385786563983,22.351285955213275,-44.70257191042655,4.470257191042655,178.8102876417062,-22.351285955213275,111.75642977606637,33.526928932819914,55.878214888033185,-89.4051438208531,11.175642977606637,44.70257191042655
188.0,89.28130088555436,133.92195132833155,66.96097566416577,22.32032522138859,-44.64065044277718,4.464065044277718,178.56260177110872,-22.32032522138859,111.60162610694294,33.480487832082886,55.80081305347147,-89.28130088555436,11.160162610694295,44.64065044277718
188.10000000000002,89.15682342729683,133.73523514094524,66.86761757047262,22.289205856824207,-44.578411713648414,4.457841171364842,178.31364685459366,-22.289205856824207,111.44602928412104,33.43380878523631,55.72301464206052,-89.15682342729683,11.144602928412104,44.578411713648414
188.20000000000002,89.03177030292261,133.54765545438391,66.77382772719196,22.257942575730652,-44.515885151461305,4.45158851514613,178.06354060584522,-22.257942575730652,111.28971287865326,33.38691386359598,55.64485643932663,-89.03177030292261,11.128971287865326,44.515885151461305
188.3,88.90615787615188,133.3592368142278,66.6796184071139,22.22653946903797,-44.45307893807594,4.445307893807594,177.81231575230376,-22.22653946903797,111.13269734518985,33.33980920355695,55.56634867259493,-88.90615787615188,11.113269734518985,44.45307893807594
188.4,88.7799419064241,133.16991285963616,66.58495642981808,22.194985476606025,-44.38997095321205,4.438997095321205,177.5598838128482,-22.194985476606025,110.97492738303012,33.29247821490904,55.48746369151506,-88.7799419064241,11.097492738303012,44.38997095321205
188.5,88.65303341332007,132.9795501199801,66.48977505999005,22.16325835333002,-44.32651670666004,4.4326516706660035,177.30606682664015,-22.16325835333002,110.8162917666501,33.244887529995026,55.40814588332505,-88.65303341332007,11.08162917666501,44.32651670666004
188.60000000000002,88.52535030632806,132.7880254594921,66.39401272974605,22.131337576582016,-44.26267515316403,4.426267515316403,177.05070061265613,-22.131337576582016,110.65668788291008,33.197006364873026,55.32834394145504,-88.52535030632806,11.065668788291008,44.26267515316403
188.70000000000002,88.39685993035339,132.59528989553007,66.29764494776504,22.099214982588347,-44.19842996517669,4.419842996517669,176.79371986070677,-22.099214982588347,110.49607491294174,33.14882247388252,55.24803745647087,-88.39685993035339,11.049607491294173,44.19842996517669
188.8,88.26759791408963,132.40139687113447,66.20069843556723,22.06689947852241,-44.13379895704482,4.413379895704482,176.53519582817927,-22.06689947852241,110.33449739261204,33.10034921778362,55.16724869630602,-88.26759791408963,11.033449739261204,44.13379895704482
188.9,88.1376299443697,132.20644491655457,66.10322245827729,22.034407486092427,-44.06881497218485,4.406881497218485,176.2752598887394,-22.034407486092427,110.17203743046213,33.05161122913864,55.08601871523106,-88.1376299443697,11.017203743046213,44.06881497218485
189.0,88.00702345702473,132.0105351855371,66.00526759276855,22.001755864256182,-44.003511728512365,4.400351172851237,176.01404691404946,-22.001755864256182,110.00877932128091,33.00263379638427,55.004389660640456,-88.00702345702473,11.000877932128091,44.003511728512365
189.10000000000002,87.87587692467237,131.81381538700856,65.90690769350428,21.968969231168092,-43.937938462336184,4.393793846233619,175.75175384934474,-21.968969231168092,109.84484615584046,32.95345384675214,54.92242307792023,-87.87587692467237,10.984484615584046,43.937938462336184
189.20000000000002,87.74421906730812,131.6163286009622,65.8081643004811,21.93605476682703,-43.87210953365406,4.387210953365407,175.48843813461625,-21.93605476682703,109.68027383413515,32.90408215024055,54.840136917067575,-87.74421906730812,10.968027383413515,43.87210953365406
189.3,87.61207250644578,131.41810875966868,65.70905437983434,21.903018126611446,-43.80603625322289,4.38060362532229,175.22414501289157,-21.903018126611446,109.51509063305723,32.85452718991717,54.75754531652861,-87.61207250644578,10.951509063305723,43.80603625322289
189.4,87.47945449712218,131.21918174568327,65.60959087284164,21.869863624280544,-43.73972724856109,4.373972724856109,174.95890899424435,-21.869863624280544,109.34931812140272,32.80479543642082,54.67465906070136,-87.47945449712218,10.934931812140272,43.73972724856109
189.5,87.34639721859672,131.01959582789507,65.50979791394754,21.83659930464918,-43.67319860929836,4.367319860929836,174.69279443719344,-21.83659930464918,109.1829965232459,32.75489895697377,54.59149826162295,-87.34639721859672,10.91829965232459,43.67319860929836
189.60000000000002,87.21293952250744,130.81940928376116,65.40970464188058,21.80323488062686,-43.60646976125372,4.3606469761253726,174.42587904501488,-21.80323488062686,109.0161744031343,32.70485232094029,54.50808720156715,-87.21293952250744,10.90161744031343,43.60646976125372
189.70000000000002,87.07905630543837,130.61858445815756,65.30929222907878,21.769764076359593,-43.539528152719186,4.353952815271919,174.15811261087674,-21.769764076359593,108.84882038179796,32.65464611453939,54.42441019089898,-87.07905630543837,10.884882038179796,43.539528152719186
189.8,86.94467194514667,130.41700791772,65.20850395886,21.736167986286667,-43.47233597257333,4.3472335972573335,173.88934389029333,-21.736167986286667,108.68083993143333,32.60425197943,54.34041996571666,-86.94467194514667,10.868083993143333,43.47233597257333
189.9,86.80975274610206,130.2146291191531,65.10731455957655,21.702438186525516,-43.40487637305103,4.340487637305103,173.61950549220413,-21.702438186525516,108.51219093262758,32.553657279788276,54.25609546631379,-86.80975274610206,10.851219093262758,43.40487637305103
190.0,86.67426213575452,130.01139320363177,65.00569660181588,21.66856553393863,-43.33713106787726,4.333713106787726,173.34852427150904,-21.66856553393863,108.34282766969315,32.50284830090794,54.171413834846575,-86.67426213575452,10.834282766969315,43.33713106787726
190.10000000000002,86.53815749908726,129.8072362486309,64.90361812431544,21.634539374771816,-43.26907874954363,4.3269078749543635,173.07631499817452,-21.634539374771816,108.17269687385908,32.45180906215772,54.08634843692954,-86.53815749908726,10.817269687385908,43.26907874954363
190.20000000000002,86.40140203683761,129.6021030552564,64.8010515276282,21.600350509209402,-43.200701018418805,4.320070101841881,172.80280407367522,-21.600350509209402,108.00175254604702,32.4005257638141,54.00087627302351,-86.40140203683761,10.800175254604701,43.200701018418805
190.3,86.26400071366862,129.39600107050293,64.69800053525147,21.566000178417156,-43.13200035683431,4.3132000356834315,172.52800142733724,-21.566000178417156,107.83000089208578,32.34900026762573,53.91500044604289,-86.26400071366862,10.783000089208578,43.13200035683431
190.4,86.12600430563496,129.18900645845244,64.59450322922622,21.53150107640874,-43.06300215281748,4.306300215281748,172.25200861126993,-21.53150107640874,107.65750538204371,32.29725161461311,53.828752691021855,-86.12600430563496,10.76575053820437,43.06300215281748
190.5,85.98747768120494,128.9812165218074,64.4906082609037,21.496869420301234,-42.99373884060247,4.299373884060247,171.97495536240987,-21.496869420301234,107.48434710150617,32.24530413045185,53.74217355075309,-85.98747768120494,10.748434710150617,42.99373884060247
190.60000000000002,85.84853464021984,128.77280196032976,64.38640098016488,21.46213366005496,-42.92426732010992,4.292426732010992,171.69706928043968,-21.46213366005496,107.3106683002748,32.19320049008244,53.6553341501374,-85.84853464021984,10.73106683002748,42.92426732010992
190.70000000000002,85.70925149236557,128.56387723854834,64.28193861927417,21.42731287309139,-42.85462574618278,4.285462574618278,171.41850298473113,-21.42731287309139,107.13656436545696,32.140969309637086,53.56828218272848,-85.70925149236557,10.713656436545696,42.85462574618278
190.8,85.56966445021152,128.35449667531728,64.17724833765864,21.39241611255288,-42.78483222510576,4.278483222510576,171.13932890042304,-21.39241611255288,106.9620805627644,32.08862416882932,53.4810402813822,-85.56966445021152,10.69620805627644,42.78483222510576
190.9,85.42983335099947,128.1447500264992,64.0723750132496,21.35745833774987,-42.71491667549974,4.271491667549974,170.85966670199895,-21.35745833774987,106.78729168874935,32.0361875066248,53.393645844374674,-85.42983335099947,10.678729168874934,42.71491667549974
191.0,85.28980856346669,127.93471284520004,63.96735642260002,21.322452140866673,-42.644904281733346,4.2644904281733345,170.57961712693339,-21.322452140866673,106.61226070433337,31.98367821130001,53.30613035216668,-85.28980856346669,10.661226070433337,42.644904281733346
191.10000000000002,85.14960980829413,127.72441471244119,63.862207356220594,21.287402452073533,-42.574804904147065,4.257480490414706,170.29921961658826,-21.287402452073533,106.43701226036767,31.931103678110297,53.21850613018383,-85.14960980829413,10.643701226036766,42.574804904147065
191.20000000000002,85.00924005315157,127.51386007972735,63.756930039863676,21.252310013287893,-42.504620026575786,4.250462002657579,170.01848010630314,-21.252310013287893,106.26155006643947,31.878465019931838,53.130775033219734,-85.00924005315157,10.626155006643947,42.504620026575786
191.3,84.86869803212755,127.30304704819133,63.651523524095666,21.21717450803189,-42.43434901606378,4.243434901606378,169.7373960642551,-21.21717450803189,106.08587254015944,31.825761762047833,53.04293627007972,-84.86869803212755,10.608587254015944,42.43434901606378
191.4,84.72798670397343,127.09198005596014,63.54599002798007,21.181996675993357,-42.363993351986714,4.236399335198672,169.45597340794686,-21.181996675993357,105.90998337996679,31.772995013990034,52.954991689983395,-84.72798670397343,10.590998337996679,42.363993351986714
191.5,84.58712271985596,126.88068407978393,63.440342039891966,21.14678067996399,-42.29356135992798,4.229356135992798,169.1742454397119,-21.14678067996399,105.73390339981995,31.720171019945983,52.866951699909976,-84.58712271985596,10.573390339981994,42.29356135992798
191.60000000000002,84.4461483977709,126.66922259665634,63.33461129832817,21.111537099442724,-42.22307419888545,4.222307419888545,168.8922967955418,-21.111537099442724,105.55768549721363,31.667305649164085,52.77884274860681,-84.4461483977709,10.555768549721362,42.22307419888545
191.70000000000002,84.30511826201956,126.45767739302934,63.22883869651467,21.07627956550489,-42.15255913100978,4.215255913100978,168.61023652403912,-21.07627956550489,105.38139782752445,31.614419348257336,52.690698913762226,-84.30511826201956,10.538139782752445,42.15255913100978
191.8,84.16410903172599,126.24616354758898,63.12308177379449,21.041027257931496,-42.08205451586299,4.208205451586299,168.32821806345197,-21.041027257931496,105.20513628965747,31.561540886897244,52.60256814482874,-84.16410903172599,10.520513628965748,42.08205451586299
191.9,84.02320660683345,126.03480991025017,63.01740495512509,21.005801651708364,-42.01160330341673,4.201160330341673,168.0464132136669,-21.005801651708364,105.02900825854182,31.508702477562544,52.51450412927091,-84.02320660683345,10.502900825854182,42.01160330341673
192.0,83.88246731101842,125.82370096652762,62.91185048326381,20.970616827754604,-41.94123365550921,4.194123365550921,167.76493462203683,-20.970616827754604,104.85308413877303,31.455925241631906,52.426542069386514,-83.88246731101842,10.485308413877302,41.94123365550921
192.10000000000002,83.7419368504818,125.61290527572271,62.806452637861355,20.93548421262045,-41.8709684252409,4.187096842524091,167.4838737009636,-20.93548421262045,104.67742106310226,31.403226318930678,52.33871053155113,-83.7419368504818,10.467742106310226,41.8709684252409
192.20000000000002,83.60162985755679,125.40244478633518,62.70122239316759,20.900407464389197,-41.800814928778394,4.180081492877839,167.20325971511357,-20.900407464389197,104.50203732194598,31.350611196583795,52.25101866097299,-83.60162985755679,10.450203732194598,41.800814928778394
192.3,83.46151505257744,125.19227257886615,62.596136289433076,20.86537876314436,-41.73075752628872,4.173075752628872,166.92303010515488,-20.86537876314436,104.3268938157218,31.298068144716538,52.1634469078609,-83.46151505257744,10.43268938157218,41.73075752628872
192.4,83.32149089409685,124.98223634114528,62.49111817057264,20.830372723524214,-41.66074544704843,4.166074544704843,166.6429817881937,-20.830372723524214,104.15186361762107,31.24555908528632,52.07593180881054,-83.32149089409685,10.415186361762107,41.66074544704843
192.5,83.18145281537691,124.77217922306536,62.38608961153268,20.79536320384423,-41.59072640768846,4.159072640768846,166.36290563075383,-20.79536320384423,103.97681601922115,31.19304480576634,51.98840800961057,-83.18145281537691,10.397681601922114,41.59072640768846
192.60000000000002,83.04127660713885,124.56191491070828,62.28095745535414,20.760319151784714,-41.52063830356943,4.152063830356943,166.0825532142777,-20.760319151784714,103.80159575892357,31.14047872767707,51.900797879461784,-83.04127660713885,10.380159575892357,41.52063830356943
192.70000000000002,82.90080966732666,124.35121450098998,62.17560725049499,20.725202416831664,-41.45040483366333,4.145040483366333,165.8016193346533,-20.725202416831664,103.62601208415832,31.087803625247496,51.81300604207916,-82.90080966732666,10.362601208415832,41.45040483366333
192.8,82.7598940668363,124.13984110025444,62.06992055012722,20.689973516709074,-41.37994703341815,4.137994703341815,165.5197881336726,-20.689973516709074,103.44986758354537,31.03496027506361,51.724933791772685,-82.7598940668363,10.344986758354537,41.37994703341815
192.9,82.61835791218729,123.92753686828094,61.96376843414047,20.654589478046823,-41.309178956093646,4.130917895609365,165.23671582437458,-20.654589478046823,103.27294739023412,30.981884217070235,51.63647369511706,-82.61835791218729,10.327294739023412,41.309178956093646
193.0,82.47603982208615,123.71405973312923,61.857029866564616,20.619009955521538,-41.238019911043075,4.123801991104307,164.9520796441723,-20.619009955521538,103.09504977760768,30.928514933282308,51.54752488880384,-82.47603982208615,10.309504977760769,41.238019911043075
193.10000000000002,82.3328097063827,123.49921455957406,61.74960727978703,20.583202426595676,-41.16640485319135,4.116640485319135,164.6656194127654,-20.583202426595676,102.91601213297838,30.874803639893514,51.45800606648919,-82.3328097063827,10.291601213297838,41.16640485319135
193.20000000000002,82.18860197547033,123.2829029632055,61.64145148160275,20.547150493867584,-41.09430098773517,4.109430098773517,164.37720395094067,-20.547150493867584,102.73575246933791,30.820725740801375,51.367876234668955,-82.18860197547033,10.273575246933792,41.09430098773517
193.3,82.04340305239606,123.06510457859409,61.532552289297044,20.510850763099015,-41.02170152619803,4.102170152619803,164.08680610479212,-20.510850763099015,102.55425381549507,30.766276144648522,51.27712690774754,-82.04340305239606,10.255425381549507,41.02170152619803
193.4,81.89714566569322,122.84571849853982,61.42285924926991,20.474286416423304,-40.94857283284661,4.094857283284661,163.79429133138643,-20.474286416423304,102.37143208211651,30.711429624634956,51.18571604105826,-81.89714566569322,10.237143208211652,40.94857283284661
193.5,81.74975523864194,122.62463285796291,61.312316428981454,20.437438809660485,-40.87487761932097,4.087487761932097,163.49951047728388,-20.437438809660485,102.18719404830242,30.656158214490727,51.09359702415121,-81.74975523864194,10.218719404830242,40.87487761932097
193.60000000000002,81.6011750859067,122.40176262886006,61.20088131443003,20.400293771476676,-40.80058754295335,4.080058754295336,163.2023501718134,-20.400293771476676,102.00146885738337,30.600440657215014,51.000734428691686,-81.6011750859067,10.200146885738338,40.80058754295335
193.70000000000002,81.45133071360725,122.17699607041087,61.08849803520543,20.362832678401812,-40.725665356803624,4.072566535680362,162.9026614272145,-20.362832678401812,101.81416339200906,30.544249017602716,50.90708169600453,-81.45133071360725,10.181416339200906,40.725665356803624
193.8,81.30017242431246,121.9502586364687,60.97512931823435,20.325043106078116,-40.65008621215623,4.065008621215624,162.60034484862493,-20.325043106078116,101.62521553039058,30.487564659117176,50.81260776519529,-81.30017242431246,10.162521553039058,40.65008621215623
193.9,81.1475815921649,121.72137238824735,60.86068619412367,20.286895398041224,-40.57379079608245,4.057379079608245,162.2951631843298,-20.286895398041224,101.43447699020612,30.430343097061836,50.71723849510306,-81.1475815921649,10.143447699020612,40.57379079608245
194.0,80.99340612369505,121.49010918554258,60.74505459277129,20.248351530923763,-40.496703061847526,4.049670306184753,161.9868122473901,-20.248351530923763,101.24175765461882,30.372527296385645,50.62087882730941,-80.99340612369505,10.124175765461882,40.496703061847526
194.10000000000002,80.83750612797563,121.25625919196344,60.62812959598172,20.209376531993907,-40.418753063987815,4.041875306398782,161.67501225595126,-20.209376531993907,101.04688265996954,30.31406479799086,50.52344132998477,-80.83750612797563,10.104688265996954,40.418753063987815
194.20000000000002,80.67971464368088,121.01957196552132,60.50978598276066,20.16992866092022,-40.33985732184044,4.033985732184044,161.35942928736176,-20.16992866092022,100.8496433046011,30.25489299138033,50.42482165230055,-80.67971464368088,10.08496433046011,40.33985732184044
194.3,80.51989598344328,120.77984397516491,60.389921987582454,20.12997399586082,-40.25994799172164,4.025994799172164,161.03979196688655,-20.12997399586082,100.6498699793041,30.194960993791227,50.32493498965205,-80.51989598344328,10.06498699793041,40.25994799172164
194.4,80.3580161103249,120.53702416548734,60.26851208274367,20.089504027581224,-40.17900805516245,4.017900805516245,160.7160322206498,-20.089504027581224,100.44752013790612,30.134256041371835,50.22376006895306,-80.3580161103249,10.044752013790612,40.17900805516245
194.5,80.19404623247986,120.29106934871979,60.145534674359894,20.048511558119966,-40.09702311623993,4.009702311623993,160.38809246495973,-20.048511558119966,100.24255779059983,30.072767337179947,50.121278895299916,-80.19404623247986,10.024255779059983,40.09702311623993
194.60000000000002,80.02797657698375,120.04196486547562,60.02098243273781,20.006994144245937,-40.01398828849187,4.0013988288491875,160.0559531539675,-20.006994144245937,100.03497072122968,30.010491216368905,50.01748536061484,-80.02797657698375,10.003497072122968,40.01398828849187
194.70000000000002,79.85981925986873,119.78972888980309,59.89486444490154,19.964954814967182,-39.929909629934365,3.992990962993437,159.71963851973746,-19.964954814967182,99.82477407483591,29.94743222245077,49.91238703741796,-79.85981925986873,9.982477407483591,39.929909629934365
194.8,79.68960385345726,119.53440578018589,59.767202890092946,19.922400963364314,-39.84480192672863,3.984480192672863,159.3792077069145,-19.922400963364314,99.61200481682157,29.883601445046473,49.806002408410784,-79.68960385345726,9.961200481682157,39.84480192672863
194.9,79.51739521305676,119.27609281958513,59.638046409792565,19.87934880326419,-39.75869760652838,3.975869760652838,159.03479042611352,-19.87934880326419,99.39674401632095,29.819023204896283,49.698372008160476,-79.51739521305676,9.939674401632095,39.75869760652838
195.0,79.34332461078348,119.01498691617522,59.50749345808761,19.83583115269587,-39.67166230539174,3.967166230539174,158.68664922156697,-19.83583115269587,99.17915576347936,29.753746729043804,49.58957788173968,-79.34332461078348,9.917915576347935,39.67166230539174
195.10000000000002,79.16757796570187,118.7513669485528,59.3756834742764,19.791894491425467,-39.58378898285093,3.9583788982850936,158.33515593140373,-19.791894491425467,98.95947245712733,29.6878417371382,49.47973622856367,-79.16757796570187,9.895947245712733,39.58378898285093
195.20000000000002,78.99036993818716,118.48555490728074,59.24277745364037,19.74759248454679,-39.49518496909358,3.949518496909358,157.98073987637432,-19.74759248454679,98.73796242273394,29.621388726820186,49.36898121136697,-78.99036993818716,9.873796242273395,39.49518496909358
195.3,78.81188621651307,118.21782932476961,59.108914662384805,19.70297155412827,-39.40594310825654,3.940594310825654,157.62377243302615,-19.70297155412827,98.51485777064134,29.554457331192403,49.25742888532067,-78.81188621651307,9.851485777064134,39.40594310825654
195.4,78.63220275892512,117.94830413838767,58.974152069193835,19.65805068973128,-39.31610137946256,3.9316101379462562,157.26440551785024,-19.65805068973128,98.2902534486564,29.487076034596917,49.1451267243282,-78.63220275892512,9.82902534486564,39.31610137946256
195.5,78.45131644501953,117.6769746675293,58.83848733376465,19.612829111254882,-39.225658222509765,3.9225658222509767,156.90263289003906,-19.612829111254882,98.06414555627441,29.419243666882323,49.032072778137206,-78.45131644501953,9.806414555627441,39.225658222509765
195.60000000000002,78.26918259120036,117.40377388680054,58.70188694340027,19.56729564780009,-39.13459129560018,3.9134591295600183,156.53836518240072,-19.56729564780009,97.83647823900046,29.350943471700134,48.91823911950023,-78.26918259120036,9.783647823900045,39.13459129560018
195.70000000000002,78.08571652959455,117.12857479439182,58.56428739719591,19.521429132398637,-39.042858264797275,3.9042858264797276,156.1714330591891,-19.521429132398637,97.60714566199319,29.282143698597956,48.80357283099659,-78.08571652959455,9.760714566199319,39.042858264797275
195.8,77.9008052146129,116.85120782191936,58.42560391095968,19.475201303653225,-38.95040260730645,3.8950402607306454,155.8016104292258,-19.475201303653225,97.37600651826612,29.21280195547984,48.68800325913306,-77.9008052146129,9.737600651826613,38.95040260730645
195.9,77.71433389209605,116.57150083814408,58.28575041907204,19.428583473024013,-38.857166946048025,3.8857166946048025,155.4286677841921,-19.428583473024013,97.14291736512007,29.14287520953602,48.571458682560035,-77.71433389209605,9.714291736512006,38.857166946048025
196.0,77.52625996558298,116.28938994837446,58.14469497418723,19.381564991395745,-38.76312998279149,3.876312998279149,155.05251993116596,-19.381564991395745,96.90782495697873,29.072347487093616,48.453912478489364,-77.52625996558298,9.690782495697873,38.76312998279149
196.10000000000002,77.33652072685696,116.00478109028543,58.00239054514272,19.33413018171424,-38.66826036342848,3.8668260363428484,154.67304145371392,-19.33413018171424,96.6706509085712,29.00119527257136,48.3353254542856,-77.33652072685696,9.66706509085712,38.66826036342848
196.20000000000002,77.14511099218184,115.71766648827276,57.85883324413638,19.28627774804546,-38.57255549609092,3.8572555496090923,154.29022198436368,-19.28627774804546,96.4313887402273,28.92941662206819,48.21569437011365,-77.14511099218184,9.64313887402273,38.57255549609092
196.3,76.95204308306403,115.42806462459603,57.714032312298016,19.238010770766007,-38.47602154153201,3.8476021541532015,153.90408616612805,-19.238010770766007,96.19005385383004,28.857016156149008,48.09502692691502,-76.95204308306403,9.619005385383003,38.47602154153201
196.4,76.75727516536992,115.13591274805488,57.56795637402744,19.18931879134248,-38.37863758268496,3.837863758268496,153.51455033073984,-19.18931879134248,95.9465939567124,28.78397818701372,47.9732969783562,-76.75727516536992,9.59465939567124,38.37863758268496
196.5,76.56083490120862,114.84125235181293,57.42062617590646,19.140208725302156,-38.28041745060431,3.8280417450604314,153.12166980241724,-19.140208725302156,95.70104362651078,28.71031308795323,47.85052181325539,-76.56083490120862,9.570104362651078,38.28041745060431
196.60000000000002,76.36281326300553,114.5442198945083,57.27210994725415,19.090703315751384,-38.18140663150277,3.818140663150277,152.72562652601107,-19.090703315751384,95.45351657875692,28.636054973627076,47.72675828937846,-76.36281326300553,9.545351657875692,38.18140663150277
196.70000000000002,76.16333402230235,114.24500103345352,57.12250051672676,19.040833505575588,-38.081667011151175,3.808166701115118,152.3266680446047,-19.040833505575588,95.20416752787794,28.56125025836338,47.60208376393897,-76.16333402230235,9.520416752787794,38.081667011151175
196.8,75.9625467427602,113.9438201141403,56.97191005707015,18.99063668569005,-37.9812733713801,3.79812733713801,151.9250934855204,-18.99063668569005,94.95318342845025,28.485955028535074,47.47659171422512,-75.9625467427602,9.495318342845025,37.9812733713801
196.9,75.76065548688747,113.64098323033122,56.82049161516561,18.940163871721868,-37.880327743443736,3.788032774344374,151.52131097377494,-18.940163871721868,94.70081935860934,28.410245807582804,47.35040967930467,-75.76065548688747,9.470081935860934,37.880327743443736
197.0,75.55795960805372,113.33693941208058,56.66846970604029,18.88948990201343,-37.77897980402686,3.7778979804026864,151.11591921610744,-18.88948990201343,94.44744951006714,28.334234853020146,47.22372475503357,-75.55795960805372,9.444744951006715,37.77897980402686
197.10000000000002,75.35479638238554,113.03219457357832,56.51609728678916,18.838699095596386,-37.67739819119277,3.7677398191192775,150.7095927647711,-18.838699095596386,94.19349547798193,28.25804864339458,47.09674773899096,-75.35479638238554,9.419349547798193,37.67739819119277
197.20000000000002,75.15150624155329,112.72725936232993,56.363629681164966,18.787876560388323,-37.575753120776646,3.7575753120776647,150.30301248310658,-18.787876560388323,93.93938280194162,28.181814840582483,46.96969140097081,-75.15150624155329,9.393938280194162,37.575753120776646
197.3,74.94843729017447,112.4226559352617,56.21132796763085,18.737109322543617,-37.474218645087234,3.7474218645087234,149.89687458034894,-18.737109322543617,93.68554661271808,28.105663983815425,46.84277330635904,-74.94843729017447,9.368554661271808,37.474218645087234
197.4,74.7459762209777,112.11896433146654,56.05948216573327,18.686494055244424,-37.37298811048885,3.737298811048885,149.4919524419554,-18.686494055244424,93.43247027622212,28.029741082866636,46.71623513811106,-74.7459762209777,9.343247027622212,37.37298811048885
197.5,74.5444951108326,111.8167426662489,55.90837133312445,18.63612377770815,-37.2722475554163,3.7272247555416302,149.0889902216652,-18.63612377770815,93.18061888854075,27.954185666562225,46.590309444270375,-74.5444951108326,9.318061888854075,37.2722475554163
197.60000000000002,74.34435547418501,111.5165332112775,55.75826660563875,18.586088868546252,-37.172177737092504,3.7172177737092507,148.68871094837002,-18.586088868546252,92.93044434273126,27.879133302819376,46.46522217136563,-74.34435547418501,9.293044434273126,37.172177737092504
197.70000000000002,74.14592438251424,111.21888657377136,55.60944328688568,18.53648109562856,-37.07296219125712,3.707296219125712,148.29184876502848,-18.53648109562856,92.6824054781428,27.80472164344284,46.3412027390714,-74.14592438251424,9.26824054781428,37.07296219125712
197.8,73.94949213958452,110.92423820937678,55.46211910468839,18.48737303489613,-36.97474606979226,3.697474606979226,147.89898427916904,-18.48737303489613,92.43686517448066,27.731059552344195,46.21843258724033,-73.94949213958452,9.243686517448065,36.97474606979226
197.9,73.75530289867415,110.63295434801122,55.31647717400561,18.438825724668536,-36.87765144933707,3.6877651449337074,147.5106057973483,-18.438825724668536,92.19412862334268,27.658238587002806,46.09706431167134,-73.75530289867415,9.219412862334268,36.87765144933707
198.0,73.56358531658493,110.34537797487741,55.172688987438704,18.390896329146234,-36.78179265829247,3.6781792658292467,147.12717063316987,-18.390896329146234,91.95448164573116,27.586344493719352,45.97724082286558,-73.56358531658493,9.195448164573117,36.78179265829247
198.10000000000002,73.37459019015354,110.06188528523032,55.03094264261516,18.343647547538385,-36.68729509507677,3.6687295095076773,146.74918038030708,-18.343647547538385,91.71823773769192,27.51547132130758,45.85911886884596,-73.37459019015354,9.171823773769193,36.68729509507677
198.20000000000002,73.18859604103277,109.78289406154914,54.89144703077457,18.29714901025819,-36.59429802051638,3.6594298020516387,146.37719208206553,-18.29714901025819,91.48574505129096,27.445723515387286,45.74287252564548,-73.18859604103277,9.148574505129096,36.59429802051638
198.3,73.0058214224081,109.50873213361216,54.75436606680608,18.251455355602026,-36.50291071120405,3.6502910711204053,146.0116428448162,-18.251455355602026,91.25727677801012,27.37718303340304,45.62863838900506,-73.0058214224081,9.125727677801013,36.50291071120405
198.4,72.82637734199004,109.23956601298505,54.619783006492526,18.20659433549751,-36.41318867099502,3.641318867099502,145.65275468398008,-18.20659433549751,91.03297167748755,27.309891503246263,45.516485838743776,-72.82637734199004,9.103297167748755,36.41318867099502
198.5,72.65034522608869,108.97551783913303,54.48775891956652,18.162586306522172,-36.325172613044344,3.6325172613044345,145.30069045217738,-18.162586306522172,90.81293153261086,27.24387945978326,45.40646576630543,-72.65034522608869,9.081293153261086,36.325172613044344
198.60000000000002,72.4778040446981,108.71670606704716,54.35835303352358,18.119451011174526,-36.23890202234905,3.6238902022349055,144.9556080893962,-18.119451011174526,90.59725505587264,27.17917651676179,45.29862752793632,-72.4778040446981,9.059725505587263,36.23890202234905
198.70000000000002,72.30885202253236,108.46327803379855,54.23163901689927,18.07721300563309,-36.15442601126618,3.6154426011266185,144.61770404506473,-18.07721300563309,90.38606502816546,27.115819508449636,45.19303251408273,-72.30885202253236,9.038606502816545,36.15442601126618
198.8,72.14357756206081,108.21536634309122,54.10768317154561,18.035894390515203,-36.071788781030406,3.6071788781030407,144.28715512412163,-18.035894390515203,90.17947195257602,27.053841585772805,45.08973597628801,-72.14357756206081,9.017947195257602,36.071788781030406
198.9,71.98203226645894,107.97304839968842,53.98652419984421,17.995508066614736,-35.99101613322947,3.599101613322947,143.9640645329179,-17.995508066614736,89.97754033307368,26.993262099922106,44.98877016653684,-71.98203226645894,8.997754033307368,35.99101613322947
199.0,71.82422973221685,107.73634459832527,53.86817229916264,17.956057433054212,-35.912114866108425,3.5912114866108427,143.6484594644337,-17.956057433054212,89.78028716527106,26.93408614958132,44.89014358263553,-71.82422973221685,8.978028716527106,35.912114866108425
199.10000000000002,71.67016128267079,107.50524192400619,53.75262096200309,17.917540320667698,-35.835080641335395,3.5835080641335395,143.34032256534158,-17.917540320667698,89.58770160333849,26.876310481001546,44.793850801669244,-71.67016128267079,8.958770160333849,35.835080641335395
199.20000000000002,71.5197343104394,107.27960146565911,53.639800732829556,17.87993357760985,-35.7598671552197,3.5759867155219704,143.0394686208788,-17.87993357760985,89.39966788804925,26.819900366414778,44.699833944024626,-71.5197343104394,8.939966788804925,35.7598671552197
199.3,71.3727912856763,107.05918692851445,53.529593464257225,17.843197821419075,-35.68639564283815,3.5686395642838153,142.7455825713526,-17.843197821419075,89.21598910709537,26.764796732128612,44.607994553547684,-71.3727912856763,8.921598910709537,35.68639564283815
199.4,71.2291408841388,106.8437113262082,53.4218556631041,17.8072852210347,-35.6145704420694,3.56145704420694,142.4582817682776,-17.8072852210347,89.0364261051735,26.71092783155205,44.51821305258675,-71.2291408841388,8.90364261051735,35.6145704420694
199.5,71.08856473920906,106.63284710881359,53.316423554406796,17.772141184802265,-35.54428236960453,3.554428236960453,142.17712947841812,-17.772141184802265,88.86070592401133,26.658211777203398,44.430352962005664,-71.08856473920906,8.886070592401133,35.54428236960453
199.60000000000002,70.95088240546316,106.42632360819474,53.21316180409737,17.73772060136579,-35.47544120273158,3.5475441202731584,141.90176481092632,-17.73772060136579,88.68860300682896,26.606580902048684,44.34430150341448,-70.95088240546316,8.868860300682895,35.47544120273158
199.70000000000002,70.81593226916547,106.22389840374821,53.111949201874104,17.703983067291368,-35.407966134582736,3.540796613458274,141.63186453833094,-17.703983067291368,88.51991533645685,26.555974600937052,44.259957668228424,-70.81593226916547,8.851991533645684,35.407966134582736
199.8,70.68362480812414,106.0254372121862,53.0127186060931,17.670906202031034,-35.34181240406207,3.534181240406207,141.36724961624827,-17.670906202031034,88.35453101015517,26.50635930304655,44.177265505077585,-70.68362480812414,8.835453101015517,35.34181240406207
199.9,70.55395692610884,105.83093538916326,52.91546769458163,17.63848923152721,-35.27697846305442,3.527697846305442,141.10791385221768,-17.63848923152721,88.19244615763606,26.457733847290815,44.09622307881803,-70.55395692610884,8.819244615763605,35.27697846305442
200.0,70.42690353571545,105.64035530357319,52.820177651786594,17.606725883928863,-35.21345176785773,3.521345176785773,140.8538070714309,-17.606725883928863,88.03362941964431,26.410088825893297,44.01681470982216,-70.42690353571545,8.803362941964432,35.21345176785773
