t,TN2,Tm,Thp,Tf,c[1],c[2],c[3],c[4],c[5],c[6],n,rho_dollars,Q_to_steam,drumAngleDeg
0.0,90.0,135.0,67.5,22.5,-45.0,4.5,180.0,-22.5,112.5,33.75,56.25,-90.0,11.25,45.0
0.1,90.06221577811999,135.09332366718,67.54666183359,22.515553944529998,-45.031107889059996,4.503110788906,180.12443155623998,-22.515553944529998,112.57776972264999,33.773330916795,56.288884861324995,-90.06221577811999,11.257776972264999,45.031107889059996
0.2,90.1233347648281,135.18500214724216,67.59250107362108,22.530833691207025,-45.06166738241405,4.506166738241405,180.2466695296562,-22.530833691207025,112.65416845603512,33.79625053681054,56.32708422801756,-90.1233347648281,11.265416845603513,45.06166738241405
0.30000000000000004,90.18318513340311,135.27477770010466,67.63738885005233,22.54579628335078,-45.09159256670156,4.509159256670156,180.36637026680623,-22.54579628335078,112.7289814167539,33.818694425026166,56.36449070837695,-90.18318513340311,11.27289814167539,45.09159256670156
0.4,90.2416121916186,135.3624182874279,67.68120914371394,22.56040304790465,-45.1208060958093,4.51208060958093,180.4832243832372,-22.56040304790465,112.80201523952326,33.84060457185697,56.40100761976163,-90.2416121916186,11.280201523952325,45.1208060958093
0.5,90.29850262514738,135.44775393772107,67.72387696886054,22.574625656286845,-45.14925131257369,4.514925131257369,180.59700525029476,-22.574625656286845,112.87312828143422,33.86193848443027,56.43656414071711,-90.29850262514738,11.287312828143422,45.14925131257369
0.6000000000000001,90.35375377064828,135.53063065597243,67.76531532798622,22.58843844266207,-45.17687688532414,4.517687688532415,180.70750754129656,-22.58843844266207,112.94219221331035,33.88265766399311,56.471096106655175,-90.35375377064828,11.294219221331035,45.17687688532414
0.7000000000000001,90.4072151020775,135.61082265311626,67.80541132655813,22.601803775519375,-45.20360755103875,4.520360755103876,180.814430204155,-22.601803775519375,113.00901887759687,33.902705663279065,56.504509438798436,-90.4072151020775,11.300901887759688,45.20360755103875
0.8,90.45872442361642,135.6880866354246,67.8440433177123,22.614681105904104,-45.22936221180821,4.522936221180821,180.91744884723283,-22.614681105904104,113.07340552952053,33.92202165885615,56.536702764760264,-90.45872442361642,11.307340552952052,45.22936221180821
0.9,90.50812420395721,135.7621863059358,67.8810931529679,22.627031050989302,-45.254062101978604,4.52540621019786,181.01624840791442,-22.627031050989302,113.13515525494651,33.94054657648395,56.567577627473256,-90.50812420395721,11.313515525494651,45.254062101978604
1.0,90.55529286065114,135.8329392909767,67.91646964548835,22.638823215162784,-45.27764643032557,4.527764643032557,181.11058572130227,-22.638823215162784,113.19411607581392,33.958234822744174,56.59705803790696,-90.55529286065114,11.319411607581392,45.27764643032557
1.1,90.6000909441826,135.90013641627388,67.95006820813694,22.65002273604565,-45.3000454720913,4.53000454720913,181.2001818883652,-22.65002273604565,113.25011368022825,33.97503410406847,56.62505684011413,-90.6000909441826,11.325011368022825,45.3000454720913
1.2000000000000002,90.64235780606509,135.96353670909764,67.98176835454882,22.660589451516273,-45.321178903032546,4.532117890303255,181.28471561213019,-22.660589451516273,113.30294725758137,33.99088417727441,56.65147362879068,-90.64235780606509,11.330294725758137,45.321178903032546
1.3,90.68193772725962,136.02290659088942,68.01145329544471,22.670484431814906,-45.34096886362981,4.534096886362981,181.36387545451925,-22.670484431814906,113.35242215907454,34.005726647722355,56.67621107953727,-90.68193772725962,11.335242215907453,45.34096886362981
1.4000000000000001,90.71874915197233,136.07812372795848,68.03906186397924,22.679687287993083,-45.359374575986166,4.535937457598616,181.43749830394466,-22.679687287993083,113.39843643996542,34.01953093198962,56.69921821998271,-90.71874915197233,11.339843643996542,45.359374575986166
1.5,90.75273027661561,136.12909541492343,68.06454770746171,22.688182569153902,-45.376365138307804,4.537636513830781,181.50546055323122,-22.688182569153902,113.4409128457695,34.03227385373086,56.72045642288475,-90.75273027661561,11.344091284576951,45.376365138307804
1.6,90.78389158015078,136.17583737022616,68.08791868511308,22.695972895037695,-45.39194579007539,4.539194579007539,181.56778316030156,-22.695972895037695,113.47986447518848,34.04395934255654,56.73993223759424,-90.78389158015078,11.347986447518847,45.39194579007539
1.7000000000000002,90.81234563699209,136.21851845548815,68.10925922774408,22.703086409248023,-45.406172818496046,4.540617281849605,181.62469127398418,-22.703086409248023,113.51543204624011,34.05462961387204,56.757716023120054,-90.81234563699209,11.351543204624011,45.406172818496046
1.8,90.83816976543623,136.25725464815434,68.12862732407717,22.70954244135906,-45.41908488271812,4.541908488271812,181.67633953087247,-22.70954244135906,113.5477122067953,34.064313662038586,56.77385610339765,-90.83816976543623,11.35477122067953,45.41908488271812
1.9000000000000001,90.86136515668147,136.2920477350222,68.1460238675111,22.715341289170368,-45.430682578340736,4.543068257834074,181.72273031336294,-22.715341289170368,113.57670644585184,34.07301193375555,56.78835322292592,-90.86136515668147,11.357670644585184,45.430682578340736
2.0,90.88188246751704,136.32282370127558,68.16141185063779,22.72047061687926,-45.44094123375852,4.544094123375852,181.7637649350341,-22.72047061687926,113.6023530843963,34.080705925318895,56.80117654219815,-90.88188246751704,11.36023530843963,45.44094123375852
2.1,90.89967057223024,136.34950585834537,68.17475292917268,22.72491764305756,-45.44983528611512,4.544983528611512,181.79934114446047,-22.72491764305756,113.62458821528779,34.08737646458634,56.81229410764389,-90.89967057223024,11.36245882152878,45.44983528611512
2.2,90.91466424717295,136.37199637075943,68.18599818537972,22.728666061793238,-45.457332123586475,4.545733212358647,181.8293284943459,-22.728666061793238,113.64333030896618,34.09299909268986,56.82166515448309,-90.91466424717295,11.364333030896619,45.457332123586475
2.3000000000000003,90.92687291153024,136.39030936729534,68.19515468364767,22.73171822788256,-45.46343645576512,4.5463436455765125,181.85374582306048,-22.73171822788256,113.6585911394128,34.097577341823836,56.8292955697064,-90.92687291153024,11.36585911394128,45.46343645576512
2.4000000000000004,90.936346154963,136.4045192324445,68.20225961622225,22.73408653874075,-45.4681730774815,4.54681730774815,181.872692309926,-22.73408653874075,113.67043269370376,34.101129808111125,56.83521634685188,-90.936346154963,11.367043269370376,45.4681730774815
2.5,90.94317501049842,136.41476251574764,68.20738125787382,22.735793752624605,-45.47158750524921,4.547158750524921,181.88635002099684,-22.735793752624605,113.67896876312302,34.10369062893691,56.83948438156151,-90.94317501049842,11.367896876312303,45.47158750524921
2.6,90.9474398184683,136.42115972770245,68.21057986385122,22.736859954617074,-45.47371990923415,4.547371990923415,181.8948796369366,-22.736859954617074,113.68429977308537,34.10528993192561,56.842149886542686,-90.9474398184683,11.368429977308537,45.47371990923415
2.7,90.94920364988157,136.42380547482236,68.21190273741118,22.737300912470392,-45.474601824940784,4.547460182494079,181.89840729976314,-22.737300912470392,113.68650456235196,34.10595136870559,56.84325228117598,-90.94920364988157,11.368650456235196,45.474601824940784
2.8000000000000003,90.94855942106395,136.42283913159594,68.21141956579797,22.737139855265987,-45.474279710531974,4.547427971053198,181.8971188421279,-22.737139855265987,113.68569927632993,34.105709782898984,56.842849638164964,-90.94855942106395,11.368569927632993,45.474279710531974
2.9000000000000004,90.94558406664731,136.41837609997097,68.20918804998549,22.73639601666183,-45.47279203332366,4.547279203332366,181.89116813329463,-22.73639601666183,113.68198008330914,34.10459402499274,56.84099004165457,-90.94558406664731,11.368198008330914,45.47279203332366
3.0,90.9404426368368,136.41066395525522,68.20533197762761,22.7351106592092,-45.4702213184184,4.547022131841841,181.8808852736736,-22.7351106592092,113.675553296046,34.102665988813804,56.837776648023,-90.9404426368368,11.3675553296046,45.4702213184184
3.1,90.9333612777397,136.40004191660955,68.20002095830478,22.733340319434927,-45.46668063886985,4.546668063886986,181.8667225554794,-22.733340319434927,113.66670159717464,34.10001047915239,56.83335079858732,-90.9333612777397,11.366670159717463,45.46668063886985
3.2,90.92451584915396,136.38677377373094,68.19338688686547,22.73112896228849,-45.46225792457698,4.546225792457698,181.84903169830793,-22.73112896228849,113.65564481144246,34.096693443432734,56.82782240572123,-90.92451584915396,11.365564481144245,45.46225792457698
3.3000000000000003,90.91400462811231,136.37100694216846,68.18550347108423,22.728501157028077,-45.457002314056155,4.545700231405616,181.82800925622462,-22.728501157028077,113.64250578514039,34.092751735542116,56.82125289257019,-90.91400462811231,11.364250578514039,45.457002314056155
3.4000000000000004,90.90197063720866,136.352955955813,68.1764779779065,22.725492659302166,-45.45098531860433,4.545098531860433,181.80394127441733,-22.725492659302166,113.62746329651083,34.08823898895325,56.81373164825541,-90.90197063720866,11.362746329651083,45.45098531860433
3.5,90.88859208129936,136.33288812194905,68.16644406097453,22.72214802032484,-45.44429604064968,4.544429604064969,181.77718416259873,-22.72214802032484,113.6107401016242,34.08322203048726,56.8053700508121,-90.88859208129936,11.36107401016242,45.44429604064968
3.6,90.87412256592117,136.31118384888174,68.15559192444087,22.718530641480292,-45.437061282960585,4.5437061282960585,181.74824513184234,-22.718530641480292,113.59265320740147,34.077795962220435,56.796326603700734,-90.87412256592117,11.359265320740146,45.437061282960585
3.7,90.85891595882508,136.2883739382376,68.1441869691188,22.71472898970627,-45.42945797941254,4.542945797941254,181.71783191765016,-22.71472898970627,113.57364494853135,34.0720934845594,56.786822474265676,-90.85891595882508,11.357364494853135,45.42945797941254
3.8000000000000003,90.84333736762149,136.26500605143224,68.13250302571612,22.71083434190537,-45.42166868381074,4.5421668683810745,181.68667473524297,-22.71083434190537,113.55417170952686,34.06625151285806,56.77708585476343,-90.84333736762149,11.355417170952686,45.42166868381074
3.9000000000000004,90.82768575193509,136.24152862790265,68.12076431395133,22.706921437983773,-45.413842875967546,4.541384287596755,181.65537150387019,-22.706921437983773,113.53460718991886,34.06038215697566,56.76730359495943,-90.82768575193509,11.353460718991887,45.413842875967546
4.0,90.8122258762794,136.2183388144191,68.10916940720955,22.70305646906985,-45.4061129381397,4.54061129381397,181.6244517525588,-22.70305646906985,113.51528234534925,34.054584703604775,56.757641172674624,-90.8122258762794,11.351528234534925,45.4061129381397
4.1000000000000005,90.79718292578617,136.19577438867927,68.09788719433963,22.699295731446544,-45.39859146289309,4.5398591462893085,181.59436585157235,-22.699295731446544,113.49647865723271,34.04894359716982,56.74823932861636,-90.79718292578617,11.349647865723272,45.39859146289309
4.2,90.78268994174162,136.17403491261243,68.08701745630621,22.695672485435406,-45.39134497087081,4.5391344970870815,181.56537988348325,-22.695672485435406,113.47836242717703,34.04350872815311,56.739181213588516,-90.78268994174162,11.347836242717703,45.39134497087081
4.3,90.7688685245105,136.15330278676575,68.07665139338287,22.692217131127624,-45.38443426225525,4.538443426225525,181.537737049021,-22.692217131127624,113.46108565563812,34.03832569669144,56.73054282781906,-90.7688685245105,11.346108565563812,45.38443426225525
4.4,90.7558407864744,136.1337611797116,68.0668805898558,22.6889601966186,-45.3779203932372,4.53779203932372,181.5116815729488,-22.6889601966186,113.44480098309299,34.0334402949279,56.722400491546495,-90.7558407864744,11.3444800983093,45.3779203932372
4.5,90.7437471136248,136.1156206704372,68.0578103352186,22.6859367784062,-45.3718735568124,4.53718735568124,181.4874942272496,-22.6859367784062,113.42968389203101,34.0289051676093,56.714841946015504,-90.7437471136248,11.3429683892031,45.3718735568124
4.6000000000000005,90.73273289252785,136.09909933879177,68.04954966939589,22.683183223131962,-45.366366446263925,4.536636644626393,181.4654657850557,-22.683183223131962,113.41591611565981,34.02477483469794,56.707958057829906,-90.73273289252785,11.341591611565981,45.366366446263925
4.7,90.72292739987552,136.08439109981327,68.04219554990664,22.68073184996888,-45.36146369993776,4.536146369993776,181.44585479975103,-22.68073184996888,113.4036592498444,34.02109777495332,56.7018296249222,-90.72292739987552,11.34036592498444,45.36146369993776
4.800000000000001,90.71443955098393,136.0716593264759,68.03582966323795,22.67860988774598,-45.35721977549196,4.535721977549197,181.42887910196785,-22.67860988774598,113.3930494387299,34.017914831618974,56.69652471936495,-90.71443955098393,11.33930494387299,45.35721977549196
4.9,90.70742346632004,136.06113519948005,68.03056759974002,22.67685586658001,-45.35371173316002,4.535371173316002,181.41484693264007,-22.67685586658001,113.38427933290005,34.01528379987001,56.692139666450025,-90.70742346632004,11.338427933290005,45.35371173316002
5.0,90.70199389456249,136.05299084184372,68.02649542092186,22.675498473640623,-45.350996947281246,4.535099694728125,181.40398778912498,-22.675498473640623,113.37749236820312,34.01324771046093,56.68874618410156,-90.70199389456249,11.337749236820311,45.350996947281246
5.1000000000000005,90.69826915339753,136.0474037300963,68.02370186504815,22.674567288349383,-45.349134576698766,4.534913457669877,181.39653830679507,-22.674567288349383,113.37283644174691,34.01185093252408,56.686418220873456,-90.69826915339753,11.337283644174692,45.349134576698766
5.2,90.69640068184074,136.04460102276113,68.02230051138056,22.674100170460186,-45.34820034092037,4.5348200340920375,181.39280136368149,-22.674100170460186,113.37050085230092,34.01115025569028,56.68525042615046,-90.69640068184074,11.337050085230093,45.34820034092037
5.300000000000001,90.69649665856221,136.04474498784333,68.02237249392167,22.674124164640553,-45.348248329281105,4.534824832928111,181.39299331712442,-22.674124164640553,113.37062082320276,34.01118624696083,56.68531041160138,-90.69649665856221,11.337062082320276,45.348248329281105
5.4,90.69858924654257,136.04788386981386,68.02394193490693,22.674647311635642,-45.349294623271284,4.534929462327129,181.39717849308514,-22.674647311635642,113.3732365581782,34.011970967453465,56.6866182790891,-90.69858924654257,11.337323655817821,45.349294623271284
5.5,90.70269828144578,136.05404742216865,68.02702371108433,22.675674570361444,-45.35134914072289,4.535134914072289,181.40539656289155,-22.675674570361444,113.37837285180723,34.01351185554216,56.689186425903614,-90.70269828144578,11.337837285180722,45.35134914072289
5.6000000000000005,90.70879108425986,136.06318662638978,68.03159331319489,22.677197771064964,-45.35439554212993,4.535439554212993,181.41758216851971,-22.677197771064964,113.38598885532483,34.015796656597445,56.69299442766241,-90.70879108425986,11.338598885532482,45.35439554212993
5.7,90.71680683163326,136.0752102474499,68.03760512372494,22.679201707908316,-45.35840341581663,4.535840341581664,181.43361366326653,-22.679201707908316,113.39600853954158,34.01880256186247,56.69800426977079,-90.71680683163326,11.339600853954158,45.35840341581663
5.800000000000001,90.72671712042286,136.0900756806343,68.04503784031715,22.681679280105715,-45.36335856021143,4.536335856021143,181.45343424084572,-22.681679280105715,113.40839640052857,34.022518920158575,56.70419820026429,-90.72671712042286,11.340839640052858,45.36335856021143
5.9,90.73852178226167,136.1077826733925,68.05389133669625,22.684630445565418,-45.369260891130835,4.536926089113083,181.47704356452334,-22.684630445565418,113.42315222782709,34.02694566834813,56.711576113913544,-90.73852178226167,11.342315222782709,45.369260891130835
6.0,90.75219429049723,136.12829143574584,68.06414571787292,22.688048572624307,-45.376097145248615,4.537609714524861,181.50438858099446,-22.688048572624307,113.44024286312154,34.03207285893646,56.72012143156077,-90.75219429049723,11.344024286312154,45.376097145248615
6.1000000000000005,90.7676443465884,136.1514665198826,68.0757332599413,22.6919110866471,-45.3838221732942,4.53838221732942,181.5352886931768,-22.6919110866471,113.4595554332355,34.03786662997065,56.72977771661775,-90.7676443465884,11.34595554332355,45.3838221732942
6.2,90.78476336519975,136.17714504779963,68.08857252389981,22.696190841299938,-45.392381682599876,4.539238168259987,181.5695267303995,-22.696190841299938,113.48095420649969,34.04428626194991,56.740477103249845,-90.78476336519975,11.348095420649969,45.392381682599876
6.300000000000001,90.80345617814807,136.2051842672221,68.10259213361105,22.700864044537017,-45.401728089074034,4.540172808907403,181.60691235629614,-22.700864044537017,113.50432022268508,34.05129606680553,56.75216011134254,-90.80345617814807,11.350432022268508,45.401728089074034
6.4,90.8235993581669,136.23539903725035,68.11769951862517,22.705899839541726,-45.41179967908345,4.541179967908345,181.6471987163338,-22.705899839541726,113.52949919770863,34.05884975931259,56.764749598854316,-90.8235993581669,11.352949919770863,45.41179967908345
6.5,90.8450700446885,136.26760506703275,68.13380253351637,22.711267511172125,-45.42253502234425,4.542253502234425,181.690140089377,-22.711267511172125,113.55633755586062,34.06690126675819,56.77816877793031,-90.8450700446885,11.355633755586062,45.42253502234425
6.6000000000000005,90.86772563482023,136.30158845223036,68.15079422611518,22.716931408705058,-45.433862817410116,4.543386281741012,181.73545126964046,-22.716931408705058,113.58465704352528,34.07539711305759,56.79232852176264,-90.86772563482023,11.358465704352529,45.433862817410116
6.7,90.89143583023959,136.3371537453594,68.1685768726797,22.722858957559897,-45.44571791511979,4.54457179151198,181.78287166047917,-22.722858957559897,113.61429478779948,34.08428843633985,56.80714739389974,-90.89143583023959,11.361429478779948,45.44571791511979
6.800000000000001,90.9160636453954,136.3740954680931,68.18704773404654,22.72901591134885,-45.4580318226977,4.54580318226977,181.8321272907908,-22.72901591134885,113.64507955674425,34.09352386702327,56.822539778372125,-90.9160636453954,11.364507955674425,45.4580318226977
6.9,90.94153913929117,136.41230870893673,68.20615435446837,22.73538478482279,-45.47076956964558,4.547076956964559,181.88307827858233,-22.73538478482279,113.67692392411396,34.103077177234184,56.83846196205698,-90.94153913929117,11.367692392411396,45.47076956964558
7.0,90.96785000340495,136.45177500510744,68.22588750255372,22.741962500851237,-45.483925001702474,4.548392500170247,181.9357000068099,-22.741962500851237,113.70981250425618,34.11294375127686,56.85490625212809,-90.96785000340495,11.370981250425618,45.483925001702474
7.1000000000000005,90.99496926110959,136.49245389166438,68.24622694583219,22.748742315277397,-45.497484630554794,4.549748463055479,181.98993852221918,-22.748742315277397,113.74371157638699,34.123113472916096,56.87185578819349,-90.99496926110959,11.374371157638699,45.497484630554794
7.2,91.02278256966375,136.53417385449563,68.26708692724782,22.755695642415937,-45.51139128483187,4.551139128483188,182.0455651393275,-22.755695642415937,113.77847821207968,34.13354346362391,56.88923910603984,-91.02278256966375,11.377847821207968,45.51139128483187
7.300000000000001,91.05106662768354,136.5765999415253,68.28829997076265,22.762766656920885,-45.52553331384177,4.5525533313841775,182.10213325536708,-22.762766656920885,113.81383328460443,34.144149985381326,56.906916642302214,-91.05106662768354,11.381383328460442,45.52553331384177
7.4,91.07962713914168,136.61944070871252,68.30972035435626,22.76990678478542,-45.53981356957084,4.553981356957084,182.15925427828336,-22.76990678478542,113.8495339239271,34.15486017717813,56.92476696196355,-91.07962713914168,11.38495339239271,45.53981356957084
7.5,91.10834122385086,136.6625118357763,68.33125591788814,22.777085305962714,-45.55417061192543,4.555417061192543,182.21668244770171,-22.777085305962714,113.88542652981357,34.16562795894407,56.942713264906786,-91.10834122385086,11.388542652981357,45.55417061192543
7.6000000000000005,91.13713109592712,136.7056966438907,68.35284832194534,22.78428277398178,-45.56856554796356,4.556856554796356,182.27426219185423,-22.78428277398178,113.92141386990889,34.17642416097267,56.960706934954445,-91.13713109592712,11.39214138699089,45.56856554796356
7.7,91.16592841517723,136.74889262276585,68.37444631138293,22.79148210379431,-45.58296420758862,4.558296420758862,182.33185683035447,-22.79148210379431,113.95741051897154,34.18722315569146,56.97870525948577,-91.16592841517723,11.395741051897154,45.58296420758862
7.800000000000001,91.19461503144775,136.79192254717162,68.39596127358581,22.79865375786194,-45.59730751572388,4.5597307515723875,182.3892300628955,-22.79865375786194,113.9932687893097,34.197980636792906,56.99663439465485,-91.19461503144775,11.39932687893097,45.59730751572388
7.9,91.22305311336578,136.83457967004867,68.41728983502433,22.805763278341445,-45.61152655668289,4.561152655668289,182.44610622673156,-22.805763278341445,114.02881639170722,34.20864491751217,57.01440819585361,-91.22305311336578,11.402881639170722,45.61152655668289
8.0,91.25115438995823,136.87673158493735,68.43836579246867,22.812788597489558,-45.625577194979115,4.562557719497912,182.50230877991646,-22.812788597489558,114.06394298744779,34.21918289623434,57.031971493723894,-91.25115438995823,11.406394298744779,45.625577194979115
8.1,91.2788667583475,136.91830013752127,68.45915006876064,22.819716689586876,-45.63943337917375,4.563943337917375,182.557733516695,-22.819716689586876,114.09858344793437,34.22957503438032,57.04929172396719,-91.2788667583475,11.409858344793438,45.63943337917375
8.200000000000001,91.30614475513565,136.9592171327035,68.47960856635174,22.826536188783912,-45.653072377567824,4.565307237756783,182.6122895102713,-22.826536188783912,114.13268094391955,34.23980428317587,57.066340471959776,-91.30614475513565,11.413268094391956,45.653072377567824
8.3,91.33297677093691,136.99946515640536,68.49973257820268,22.833244192734227,-45.666488385468455,4.566648838546846,182.66595354187382,-22.833244192734227,114.16622096367114,34.24986628910134,57.08311048183557,-91.33297677093691,11.416622096367114,45.666488385468455
8.4,91.35930758280657,137.03896137420986,68.51948068710493,22.83982689570164,-45.67965379140328,4.567965379140328,182.71861516561313,-22.83982689570164,114.1991344785082,34.259740343552465,57.0995672392541,-91.35930758280657,11.41991344785082,45.67965379140328
8.5,91.38504736077658,137.07757104116487,68.53878552058244,22.846261840194146,-45.69252368038829,4.569252368038829,182.77009472155316,-22.846261840194146,114.23130920097073,34.26939276029122,57.115654600485364,-91.38504736077658,11.423130920097073,45.69252368038829
8.6,91.41010493317381,137.11515739976073,68.55757869988037,22.852526233293453,-45.705052466586906,4.570505246658691,182.82020986634762,-22.852526233293453,114.26263116646726,34.27878934994018,57.13131558323363,-91.41010493317381,11.426263116646727,45.705052466586906
8.700000000000001,91.43439585002145,137.15159377503215,68.57579688751608,22.85859896250536,-45.71719792501072,4.571719792501073,182.8687917000429,-22.85859896250536,114.29299481252681,34.28789844375804,57.14649740626341,-91.43439585002145,11.42929948125268,45.71719792501072
8.8,91.45780770136014,137.1867115520402,68.5933557760201,22.864451925340035,-45.72890385068007,4.572890385068007,182.91561540272028,-22.864451925340035,114.32225962670017,34.29667788801005,57.16112981335009,-91.45780770136014,11.432225962670017,45.72890385068007
8.9,91.48022749868083,137.22034124802124,68.61017062401062,22.870056874670208,-45.740113749340416,4.574011374934042,182.96045499736167,-22.870056874670208,114.35028437335104,34.30508531200531,57.17514218667552,-91.48022749868083,11.435028437335104,45.740113749340416
9.0,91.50165197968126,137.2524779695219,68.62623898476095,22.875412994920314,-45.75082598984063,4.575082598984063,183.0033039593625,-22.875412994920314,114.37706497460157,34.31311949238047,57.18853248730078,-91.50165197968126,11.437706497460157,45.75082598984063
9.1,91.52212366231547,137.28318549347318,68.64159274673659,22.880530915578866,-45.76106183115773,4.576106183115773,183.04424732463093,-22.880530915578866,114.40265457789434,34.320796373368296,57.20132728894717,-91.52212366231547,11.440265457789433,45.76106183115773
9.200000000000001,91.54171682959633,137.31257524439448,68.65628762219724,22.88542920739908,-45.77085841479816,4.577085841479817,183.08343365919265,-22.88542920739908,114.42714603699541,34.32814381109862,57.213573018497705,-91.54171682959633,11.44271460369954,45.77085841479816
9.3,91.5605309105979,137.34079636589686,68.67039818294843,22.890132727649476,-45.78026545529895,4.578026545529895,183.1210618211958,-22.890132727649476,114.45066363824738,34.335199091474216,57.22533181912369,-91.5605309105979,11.445066363824738,45.78026545529895
9.4,91.57863549546099,137.3679532431915,68.68397662159575,22.894658873865247,-45.78931774773049,4.578931774773049,183.15727099092197,-22.894658873865247,114.47329436932623,34.34198831079787,57.23664718466311,-91.57863549546099,11.447329436932623,45.78931774773049
9.5,91.5960678104276,137.3941017156414,68.6970508578207,22.8990169526069,-45.7980339052138,4.57980339052138,183.1921356208552,-22.8990169526069,114.4950847630345,34.34852542891035,57.24754238151725,-91.5960678104276,11.44950847630345,45.7980339052138
9.600000000000001,91.61281050431697,137.41921575647547,68.70960787823773,22.903202626079242,-45.806405252158484,4.580640525215848,183.22562100863394,-22.903202626079242,114.5160131303962,34.35480393911887,57.2580065651981,-91.61281050431697,11.451601313039621,45.806405252158484
9.700000000000001,91.62885235097858,137.44327852646785,68.72163926323393,22.907213087744644,-45.81442617548929,4.581442617548929,183.25770470195715,-22.907213087744644,114.53606543872323,34.36081963161696,57.268032719361614,-91.62885235097858,11.453606543872322,45.81442617548929
9.8,91.6441285988317,137.46619289824756,68.73309644912378,22.911032149707925,-45.82206429941585,4.582206429941585,183.2882571976634,-22.911032149707925,114.55516074853962,34.36654822456189,57.27758037426981,-91.6441285988317,11.455516074853962,45.82206429941585
9.9,91.65857489857122,137.48786234785683,68.74393117392842,22.914643724642804,-45.82928744928561,4.582928744928561,183.31714979714243,-22.914643724642804,114.57321862321402,34.37196558696421,57.28660931160701,-91.65857489857122,11.457321862321402,45.82928744928561
10.0,91.67210945377504,137.50816418066256,68.75408209033128,22.91802736344376,-45.83605472688752,4.583605472688752,183.34421890755007,-22.91802736344376,114.59013681721879,34.37704104516564,57.295068408609396,-91.67210945377504,11.45901368172188,45.83605472688752
10.100000000000001,91.68470670751101,137.52706006126652,68.76353003063326,22.921176676877753,-45.842353353755506,4.584235335375551,183.36941341502202,-22.921176676877753,114.60588338438876,34.38176501531663,57.30294169219438,-91.68470670751101,11.460588338438876,45.842353353755506
10.200000000000001,91.69638862771988,137.54458294157982,68.77229147078991,22.92409715692997,-45.84819431385994,4.584819431385994,183.39277725543977,-22.92409715692997,114.62048578464986,34.386145735394955,57.31024289232493,-91.69638862771988,11.462048578464985,45.84819431385994
10.3,91.70719851902058,137.56079777853085,68.78039888926543,22.926799629755145,-45.85359925951029,4.585359925951029,183.41439703804116,-22.926799629755145,114.63399814877573,34.390199444632714,57.316999074387866,-91.70719851902058,11.463399814877572,45.85359925951029
10.4,91.71715071195834,137.57572606793752,68.78786303396876,22.929287677989585,-45.85857535597917,4.585857535597917,183.43430142391668,-22.929287677989585,114.64643838994792,34.39393151698438,57.32321919497396,-91.71715071195834,11.464643838994792,45.85857535597917
10.5,91.72627244737033,137.5894086710555,68.79470433552775,22.931568111842584,-45.86313622368517,4.586313622368517,183.45254489474067,-22.931568111842584,114.65784055921291,34.39735216776388,57.32892027960646,-91.72627244737033,11.465784055921292,45.86313622368517
10.600000000000001,91.73454409370004,137.60181614055006,68.80090807027503,22.93363602342501,-45.86727204685002,4.586727204685002,183.46908818740008,-22.93363602342501,114.66818011712505,34.400454035137514,57.33409005856252,-91.73454409370004,11.466818011712505,45.86727204685002
10.700000000000001,91.74189300761154,137.6128395114173,68.80641975570865,22.935473251902884,-45.87094650380577,4.587094650380577,183.48378601522307,-22.935473251902884,114.67736625951443,34.40320987785432,57.338683129757214,-91.74189300761154,11.467736625951442,45.87094650380577
10.8,91.74830281209987,137.6224542181498,68.8112271090749,22.937075703024966,-45.87415140604993,4.5874151406049934,183.49660562419973,-22.937075703024966,114.68537851512482,34.40561355453745,57.34268925756241,-91.74830281209987,11.468537851512483,45.87415140604993
10.9,91.75375266997055,137.63062900495584,68.81531450247792,22.938438167492638,-45.876876334985276,4.587687633498528,183.5075053399411,-22.938438167492638,114.69219083746319,34.40765725123896,57.34609541873159,-91.75375266997055,11.469219083746319,45.876876334985276
11.0,91.7582242155901,137.63733632338517,68.81866816169259,22.939556053897526,-45.87911210779505,4.587911210779505,183.5164484311802,-22.939556053897526,114.69778026948762,34.40933408084629,57.34889013474381,-91.7582242155901,11.469778026948763,45.87911210779505
11.100000000000001,91.76168744400856,137.64253116601284,68.82126558300642,22.94042186100214,-45.88084372200428,4.588084372200428,183.52337488801712,-22.94042186100214,114.7021093050107,34.41063279150321,57.35105465250535,-91.76168744400856,11.47021093050107,45.88084372200428
11.200000000000001,91.76416122911206,137.6462418436681,68.82312092183405,22.941040307278016,-45.88208061455603,4.588208061455603,183.52832245822412,-22.941040307278016,114.70520153639008,34.41156046091702,57.35260076819504,-91.76416122911206,11.470520153639008,45.88208061455603
11.3,91.76567209158368,137.64850813737553,68.82425406868776,22.94141802289592,-45.88283604579184,4.588283604579185,183.53134418316736,-22.94141802289592,114.7070901144796,34.41212703434388,57.3535450572398,-91.76567209158368,11.47070901144796,45.88283604579184
11.4,91.76619570092348,137.6492935513852,68.8246467756926,22.94154892523087,-45.88309785046174,4.588309785046174,183.53239140184695,-22.94154892523087,114.70774462615435,34.4123233878463,57.353872313077176,-91.76619570092348,11.470774462615434,45.88309785046174
11.5,91.76576017938999,137.64864026908498,68.82432013454249,22.941440044847496,-45.88288008969499,4.588288008969499,183.53152035877997,-22.941440044847496,114.70720022423748,34.412160067271245,57.35360011211874,-91.76576017938999,11.470720022423748,45.88288008969499
11.600000000000001,91.76444744972041,137.6466711745806,68.8233355872903,22.941111862430102,-45.882223724860204,4.588222372486021,183.52889489944081,-22.941111862430102,114.70555931215051,34.41166779364515,57.352779656075256,-91.76444744972041,11.470555931215051,45.882223724860204
11.700000000000001,91.7623564425385,137.64353466380777,68.82176733190389,22.940589110634626,-45.88117822126925,4.588117822126925,183.524712885077,-22.940589110634626,114.70294555317312,34.41088366595194,57.35147277658656,-91.7623564425385,11.470294555317313,45.88117822126925
11.8,91.75954674986933,137.639320124804,68.819660062402,22.939886687467332,-45.879773374934665,4.5879773374934665,183.51909349973866,-22.939886687467332,114.69943343733667,34.409830031201,57.34971671866833,-91.75954674986933,11.469943343733666,45.879773374934665
11.9,91.75609977759365,137.63414966639047,68.81707483319524,22.93902494439841,-45.87804988879682,4.587804988879682,183.5121995551873,-22.93902494439841,114.69512472199206,34.40853741659762,57.34756236099603,-91.75609977759365,11.469512472199206,45.87804988879682
12.0,91.75214999524192,137.6282249928629,68.81411249643145,22.93803749881048,-45.87607499762096,4.587607499762096,183.50429999048384,-22.93803749881048,114.6901874940524,34.407056248215724,57.3450937470262,-91.75214999524192,11.46901874940524,45.87607499762096
12.100000000000001,91.74785854041843,137.62178781062767,68.81089390531383,22.93696463510461,-45.87392927020922,4.587392927020922,183.49571708083687,-22.93696463510461,114.68482317552304,34.405446952656916,57.34241158776152,-91.74785854041843,11.468482317552304,45.87392927020922
12.200000000000001,91.74328993259607,137.6149348988941,68.80746744944705,22.935822483149018,-45.871644966298035,4.5871644966298035,183.48657986519214,-22.935822483149018,114.6791124157451,34.40373372472352,57.33955620787255,-91.74328993259607,11.467911241574509,45.871644966298035
12.3,91.73849762142088,137.6077464321313,68.80387321606565,22.93462440535522,-45.86924881071044,4.586924881071044,183.47699524284175,-22.93462440535522,114.6731220267761,34.40193660803283,57.33656101338805,-91.73849762142088,11.46731220267761,45.86924881071044
12.4,91.73359659176754,137.6003948876513,68.80019744382565,22.933399147941884,-45.86679829588377,4.586679829588377,183.46719318353507,-22.933399147941884,114.66699573970942,34.400098721912826,57.33349786985471,-91.73359659176754,11.466699573970942,45.86679829588377
12.5,91.72873223596547,137.5930983539482,68.7965491769741,22.932183058991367,-45.86436611798273,4.586436611798273,183.45746447193093,-22.932183058991367,114.66091529495684,34.39827458848705,57.33045764747842,-91.72873223596547,11.466091529495683,45.86436611798273
12.600000000000001,91.72399335435077,137.58599003152614,68.79299501576307,22.930998338587692,-45.861996677175384,4.586199667717539,183.44798670870154,-22.930998338587692,114.65499169293847,34.396497507881534,57.32749584646923,-91.72399335435077,11.465499169293846,45.861996677175384
12.700000000000001,91.71945520740096,137.57918281110142,68.78959140555071,22.92986380185024,-45.85972760370048,4.585972760370048,183.4389104148019,-22.92986380185024,114.6493190092512,34.394795702775355,57.3246595046256,-91.71945520740096,11.46493190092512,45.85972760370048
12.8,91.71520238887611,137.57280358331417,68.78640179165708,22.928800597219027,-45.857601194438054,4.585760119443806,183.43040477775222,-22.928800597219027,114.64400298609513,34.39320089582854,57.322001493047566,-91.71520238887611,11.464400298609513,45.857601194438054
12.9,91.7113543025713,137.56703145385694,68.78351572692847,22.927838575642824,-45.85567715128565,4.5855677151285645,183.4227086051426,-22.927838575642824,114.63919287821412,34.391757863464235,57.31959643910706,-91.7113543025713,11.463919287821412,45.85567715128565
13.0,91.70801713420671,137.56202570131006,68.78101285065503,22.92700428355168,-45.85400856710336,4.5854008567103355,183.41603426841343,-22.92700428355168,114.6350214177584,34.390506425327516,57.3175107088792,-91.70801713420671,11.46350214177584,45.85400856710336
13.100000000000001,91.70526110554356,137.55789165831533,68.77894582915766,22.92631527638589,-45.85263055277178,4.585263055277178,183.4105222110871,-22.92631527638589,114.63157638192945,34.38947291457883,57.315788190964724,-91.70526110554356,11.463157638192945,45.85263055277178
13.200000000000001,91.70313218716255,137.55469828074382,68.77734914037191,22.925783046790638,-45.851566093581276,4.585156609358128,183.4062643743251,-22.925783046790638,114.6289152339532,34.388674570185955,57.3144576169766,-91.70313218716255,11.462891523395319,45.851566093581276
13.3,91.70166940900279,137.5525041135042,68.7762520567521,22.925417352250697,-45.850834704501395,4.585083470450139,183.40333881800558,-22.925417352250697,114.62708676125348,34.38812602837605,57.31354338062674,-91.70166940900279,11.462708676125349,45.850834704501395
13.4,91.70094927406251,137.55142391109376,68.77571195554688,22.925237318515627,-45.850474637031255,4.585047463703126,183.40189854812502,-22.925237318515627,114.62618659257814,34.38785597777344,57.31309329628907,-91.70094927406251,11.462618659257814,45.850474637031255
13.5,91.70107352041036,137.55161028061553,68.77580514030777,22.92526838010259,-45.85053676020518,4.585053676020518,183.40214704082072,-22.92526838010259,114.62634190051295,34.387902570153884,57.31317095025648,-91.70107352041036,11.462634190051295,45.85053676020518
13.600000000000001,91.70207748449211,137.55311622673815,68.77655811336908,22.925519371123027,-45.851038742246054,4.585103874224606,183.40415496898422,-22.925519371123027,114.62759685561514,34.38827905668454,57.31379842780757,-91.70207748449211,11.462759685561513,45.851038742246054
13.700000000000001,91.7039125804956,137.55586887074338,68.77793443537169,22.9259781451239,-45.8519562902478,4.58519562902478,183.4078251609912,-22.9259781451239,114.6298907256195,34.388967217685845,57.31494536280975,-91.7039125804956,11.46298907256195,45.8519562902478
13.8,91.7065700314972,137.55985504724578,68.77992752362289,22.9266425078743,-45.8532850157486,4.5853285015748595,183.4131400629944,-22.9266425078743,114.6332125393715,34.389963761811444,57.31660626968575,-91.7065700314972,11.46332125393715,45.8532850157486
13.9,91.71012003864028,137.56518005796042,68.78259002898021,22.92753000966007,-45.85506001932014,4.585506001932014,183.42024007728057,-22.92753000966007,114.63765004830036,34.391295014490105,57.31882502415018,-91.71012003864028,11.463765004830035,45.85506001932014
14.0,91.71464318998815,137.57196478498224,68.78598239249112,22.928660797497038,-45.857321594994076,4.585732159499408,183.4292863799763,-22.928660797497038,114.64330398748518,34.39299119624556,57.32165199374259,-91.71464318998815,11.464330398748519,45.857321594994076
14.100000000000001,91.7201456850181,137.58021852752714,68.79010926376357,22.930036421254524,-45.86007284250905,4.586007284250905,183.4402913700362,-22.930036421254524,114.65018210627262,34.395054631881784,57.32509105313631,-91.7201456850181,11.465018210627262,45.86007284250905
14.200000000000001,91.72657632279817,137.58986448419725,68.79493224209862,22.93164408069954,-45.86328816139908,4.5863288161399085,183.45315264559633,-22.93164408069954,114.65822040349771,34.39746612104931,57.329110201748854,-91.72657632279817,11.46582204034977,45.86328816139908
14.3,91.73388531171518,137.60082796757277,68.80041398378638,22.933471327928796,-45.86694265585759,4.586694265585759,183.46777062343037,-22.933471327928796,114.66735663964398,34.40020699189319,57.33367831982199,-91.73388531171518,11.466735663964398,45.86694265585759
14.4,91.74203299965619,137.61304949948428,68.80652474974214,22.935508249914047,-45.871016499828094,4.5871016499828094,183.48406599931238,-22.935508249914047,114.67754124957024,34.40326237487107,57.33877062478512,-91.74203299965619,11.467754124957024,45.871016499828094
14.5,91.75103034543507,137.6265455181526,68.8132727590763,22.937757586358767,-45.875515172717535,4.587551517271754,183.50206069087014,-22.937757586358767,114.68878793179384,34.40663637953815,57.34439396589692,-91.75103034543507,11.468878793179384,45.875515172717535
14.600000000000001,91.76093310374921,137.64139965562381,68.82069982781191,22.940233275937302,-45.880466551874605,4.588046655187461,183.52186620749842,-22.940233275937302,114.70116637968651,34.410349913905954,57.350583189843256,-91.76093310374921,11.470116637968651,45.880466551874605
14.700000000000001,91.77179057255371,137.65768585883058,68.82884292941529,22.942947643138428,-45.885895286276856,4.588589528627685,183.54358114510742,-22.942947643138428,114.71473821569214,34.414421464707644,57.35736910784607,-91.77179057255371,11.471473821569214,45.885895286276856
14.8,91.783609942218,137.67541491332702,68.83770745666351,22.9459024855545,-45.891804971109,4.589180497110901,183.567219884436,-22.9459024855545,114.7295124277725,34.418853728331754,57.36475621388625,-91.783609942218,11.47295124277725,45.891804971109
14.9,91.79642665890307,137.6946399883546,68.8473199941773,22.949106664725768,-45.898213329451536,4.589821332945154,183.59285331780615,-22.949106664725768,114.74553332362885,34.42365999708865,57.372766661814424,-91.79642665890307,11.474553332362884,45.898213329451536
15.0,91.8102348994796,137.7153523492194,68.8576761746097,22.9525587248699,-45.9051174497398,4.59051174497398,183.6204697989592,-22.9525587248699,114.7627936243495,34.42883808730485,57.38139681217475,-91.8102348994796,11.47627936243495,45.9051174497398
15.100000000000001,91.82501753784878,137.73752630677316,68.86876315338658,22.956254384462195,-45.91250876892439,4.591250876892439,183.65003507569756,-22.956254384462195,114.78127192231098,34.43438157669329,57.39063596115549,-91.82501753784878,11.478127192231097,45.91250876892439
15.200000000000001,91.84084040245823,137.76126060368733,68.88063030184367,22.960210100614557,-45.92042020122911,4.5920420201229115,183.68168080491645,-22.960210100614557,114.80105050307279,34.44031515092183,57.40052525153639,-91.84084040245823,11.480105050307278,45.92042020122911
15.3,91.85776224228609,137.78664336342914,68.89332168171457,22.96444056057152,-45.92888112114304,4.592888112114305,183.71552448457217,-22.96444056057152,114.8222028028576,34.446660840857284,57.4111014014288,-91.85776224228609,11.48222028028576,45.92888112114304
15.4,91.8758370867986,137.8137556301979,68.90687781509895,22.96895927169965,-45.9379185433993,4.59379185433993,183.7516741735972,-22.96895927169965,114.84479635849824,34.453438907549476,57.42239817924912,-91.8758370867986,11.484479635849825,45.9379185433993
15.5,91.89512222859,137.84268334288498,68.92134167144249,22.9737805571475,-45.947561114295,4.5947561114295,183.79024445718,-22.9737805571475,114.8689027857375,34.460670835721245,57.43445139286875,-91.89512222859,11.48689027857375,45.947561114295
15.600000000000001,91.91564475419331,137.87346713128997,68.93673356564499,22.978911188548327,-45.957822377096655,4.595782237709666,183.83128950838662,-22.978911188548327,114.89455594274163,34.46836678282249,57.447277971370816,-91.91564475419331,11.489455594274164,45.957822377096655
15.700000000000001,91.9374132781431,137.90611991721465,68.95305995860733,22.984353319535774,-45.96870663907155,4.596870663907155,183.8748265562862,-22.984353319535774,114.92176659767887,34.47652997930366,57.460883298839434,-91.9374132781431,11.492176659767887,45.96870663907155
15.8,91.96047842284165,137.94071763426246,68.97035881713123,22.99011960571041,-45.98023921142082,4.598023921142082,183.9209568456833,-22.99011960571041,114.95059802855206,34.485179408565614,57.47529901427603,-91.96047842284165,11.495059802855206,45.98023921142082
15.9,91.98489599878766,137.97734399818148,68.98867199909074,22.996223999696916,-45.99244799939383,4.599244799939384,183.96979199757533,-22.996223999696916,114.98111999848459,34.49433599954537,57.49055999924229,-91.98489599878766,11.498111999848458,45.99244799939383
16.0,92.01069340761218,138.01604011141828,69.00802005570914,23.002673351903045,-46.00534670380609,4.600534670380609,184.02138681522436,-23.002673351903045,115.01336675951522,34.50401002785457,57.50668337975761,-92.01069340761218,11.501336675951523,46.00534670380609
16.1,92.03789099917857,138.05683649876786,69.02841824938393,23.009472749794643,-46.018945499589286,4.601894549958929,184.07578199835714,-23.009472749794643,115.04736374897321,34.514209124691966,57.523681874486606,-92.03789099917857,11.504736374897321,46.018945499589286
16.2,92.06648800127948,138.09973200191922,69.04986600095961,23.01662200031987,-46.03324400063974,4.603324400063975,184.13297600255896,-23.01662200031987,115.08311000159935,34.524933000479805,57.541555000799676,-92.06648800127948,11.508311000159935,46.03324400063974
16.3,92.0964457115282,138.1446685672923,69.07233428364616,23.02411142788205,-46.0482228557641,4.60482228557641,184.1928914230564,-23.02411142788205,115.12055713941025,34.53616714182308,57.560278569705126,-92.0964457115282,11.512055713941026,46.0482228557641
16.400000000000002,92.1277194436134,138.1915791654201,69.09578958271005,23.03192986090335,-46.0638597218067,4.606385972180671,184.2554388872268,-23.03192986090335,115.15964930451675,34.54789479135503,57.579824652258374,-92.1277194436134,11.515964930451675,46.0638597218067
16.5,92.16022107028476,138.24033160542714,69.12016580271357,23.04005526757119,-46.08011053514238,4.608011053514239,184.32044214056953,-23.04005526757119,115.20027633785595,34.560082901356786,57.60013816892798,-92.16022107028476,11.520027633785595,46.08011053514238
16.6,92.19381942469929,138.2907291370489,69.14536456852446,23.04845485617482,-46.09690971234964,4.609690971234964,184.38763884939857,-23.04845485617482,115.24227428087411,34.57268228426223,57.62113714043706,-92.19381942469929,11.52422742808741,46.09690971234964
16.7,92.22839927025959,138.34259890538937,69.17129945269468,23.057099817564897,-46.11419963512979,4.611419963512979,184.45679854051917,-23.057099817564897,115.28549908782449,34.58564972634734,57.642749543912245,-92.22839927025959,11.528549908782448,46.11419963512979
16.8,92.26389493590275,138.39584240385415,69.19792120192707,23.06597373397569,-46.13194746795138,4.613194746795138,184.5277898718055,-23.06597373397569,115.32986866987844,34.59896060096354,57.66493433493922,-92.26389493590275,11.532986866987844,46.13194746795138
16.900000000000002,92.30029122705844,138.45043684058766,69.22521842029383,23.07507280676461,-46.15014561352922,4.615014561352922,184.60058245411687,-23.07507280676461,115.37536403382305,34.612609210146914,57.68768201691152,-92.30029122705844,11.537536403382305,46.15014561352922
17.0,92.33757867131376,138.50636800697066,69.25318400348533,23.08439466782844,-46.16878933565688,4.616878933565689,184.67515734262753,-23.08439466782844,115.4219733391422,34.626592001742665,57.7109866695711,-92.33757867131376,11.54219733391422,46.16878933565688
17.1,92.37573625526083,138.56360438289124,69.28180219144562,23.093934063815208,-46.187868127630416,4.618786812763042,184.75147251052167,-23.093934063815208,115.46967031907604,34.64090109572281,57.73483515953802,-92.37573625526083,11.546967031907604,46.187868127630416
17.2,92.41476210663215,138.62214315994822,69.31107157997411,23.10369052665804,-46.20738105331608,4.620738105331608,184.8295242132643,-23.10369052665804,115.5184526332902,34.655535789987056,57.7592263166451,-92.41476210663215,11.55184526332902,46.20738105331608
17.3,92.45463609696324,138.68195414544488,69.34097707272244,23.11365902424081,-46.22731804848162,4.622731804848162,184.90927219392648,-23.11365902424081,115.56829512120405,34.67048853636122,57.78414756060202,-92.45463609696324,11.556829512120405,46.22731804848162
17.400000000000002,92.49523391024407,138.7428508653661,69.37142543268305,23.123808477561017,-46.247616955122034,4.624761695512204,184.99046782048813,-23.123808477561017,115.61904238780508,34.68571271634153,57.80952119390254,-92.49523391024407,11.561904238780508,46.247616955122034
17.5,92.53641799291005,138.80462698936506,69.40231349468253,23.13410449822751,-46.26820899645502,4.6268208996455025,185.0728359858201,-23.13410449822751,115.67052249113756,34.701156747341265,57.83526124556878,-92.53641799291005,11.567052249113756,46.26820899645502
17.6,92.57801537855525,138.86702306783286,69.43351153391643,23.144503844638812,-46.289007689277625,4.628900768927763,185.1560307571105,-23.144503844638812,115.72251922319407,34.716755766958215,57.861259611597035,-92.57801537855525,11.572251922319406,46.289007689277625
17.7,92.61979992290577,138.92969988435866,69.46484994217933,23.154949980726443,-46.309899961452885,4.6309899961452885,185.23959984581154,-23.154949980726443,115.77474990363221,34.732424971089664,57.887374951816106,-92.61979992290577,11.577474990363221,46.309899961452885
17.8,92.66145252705189,138.99217879057784,69.49608939528892,23.165363131762973,-46.330726263525946,4.633072626352595,185.32290505410379,-23.165363131762973,115.82681565881487,34.74804469764446,57.91340782940743,-92.66145252705189,11.582681565881487,46.330726263525946
17.900000000000002,92.70270147297322,139.05405220945983,69.52702610472991,23.175675368243304,-46.35135073648661,4.635135073648661,185.40540294594643,-23.175675368243304,115.87837684121652,34.76351305236496,57.93918842060826,-92.70270147297322,11.587837684121652,46.35135073648661
18.0,92.74331411655272,139.1149711748291,69.55748558741455,23.18582852913818,-46.37165705827636,4.637165705827637,185.48662823310545,-23.18582852913818,115.9291426456909,34.77874279370727,57.96457132284545,-92.74331411655272,11.59291426456909,46.37165705827636
18.1,92.7830983084767,139.17464746271503,69.58732373135751,23.195774577119174,-46.39154915423835,4.639154915423835,185.5661966169534,-23.195774577119174,115.97887288559588,34.79366186567876,57.98943644279794,-92.7830983084767,11.597887288559587,46.39154915423835
18.2,92.82191872662996,139.23287808994493,69.61643904497247,23.20547968165749,-46.41095936331498,4.6410959363314985,185.64383745325992,-23.20547968165749,116.02739840828745,34.80821952248623,58.01369920414373,-92.82191872662996,11.602739840828745,46.41095936331498
18.3,92.85966378300326,139.28949567450488,69.64474783725244,23.214915945750814,-46.42983189150163,4.642983189150163,185.7193275660065,-23.214915945750814,116.07457972875407,34.82237391862622,58.03728986437704,-92.85966378300326,11.607457972875407,46.42983189150163
18.400000000000002,92.89617663749182,139.34426495623774,69.67213247811887,23.224044159372955,-46.44808831874591,4.644808831874591,185.79235327498364,-23.224044159372955,116.12022079686477,34.836066239059434,58.060110398432386,-92.89617663749182,11.612022079686477,46.44808831874591
18.5,92.93125285366534,139.396879280498,69.698439640249,23.232813213416335,-46.46562642683267,4.646562642683267,185.86250570733068,-23.232813213416335,116.16406606708168,34.8492198201245,58.08203303354084,-92.93125285366534,11.616406606708168,46.46562642683267
18.6,92.96470450435663,139.44705675653495,69.72352837826747,23.241176126089158,-46.482352252178316,4.648235225217832,185.92940900871326,-23.241176126089158,116.20588063044579,34.86176418913374,58.102940315222895,-92.96470450435663,11.620588063044579,46.482352252178316
18.7,92.99637252408971,139.49455878613458,69.74727939306729,23.249093131022427,-46.498186262044854,4.649818626204485,185.99274504817942,-23.249093131022427,116.24546565511213,34.873639696533644,58.122732827556064,-92.99637252408971,11.624546565511213,46.498186262044854
18.8,93.02614600977071,139.53921901465606,69.76960950732803,23.25653650244268,-46.51307300488536,4.6513073004885355,186.05229201954143,-23.25653650244268,116.2826825122134,34.884804753664014,58.1413412561067,-93.02614600977071,11.62826825122134,46.51307300488536
18.900000000000002,93.05391544269075,139.58087316403612,69.79043658201806,23.263478860672688,-46.526957721345376,4.652695772134538,186.1078308853815,-23.263478860672688,116.31739430336344,34.89521829100903,58.15869715168172,-93.05391544269075,11.631739430336344,46.526957721345376
19.0,93.07950106330694,139.61925159496042,69.80962579748021,23.269875265826734,-46.53975053165347,4.653975053165347,186.15900212661387,-23.269875265826734,116.34937632913366,34.904812898740104,58.17468816456683,-93.07950106330694,11.634937632913367,46.53975053165347
19.1,93.10267309827712,139.65400964741568,69.82700482370784,23.27566827456928,-46.55133654913856,4.655133654913857,186.20534619655425,-23.27566827456928,116.3783413728464,34.91350241185392,58.1891706864232,-93.10267309827712,11.63783413728464,46.55133654913856
19.200000000000003,93.12320571411581,139.68480857117373,69.84240428558687,23.280801428528953,-46.561602857057906,4.65616028570579,186.24641142823162,-23.280801428528953,116.40400714264476,34.92120214279343,58.20200357132238,-93.12320571411581,11.640400714264477,46.561602857057906
19.3,93.14090918511685,139.71136377767527,69.85568188883764,23.285227296279214,-46.57045459255843,4.657045459255843,186.2818183702337,-23.285227296279214,116.42613648139607,34.92784094441882,58.213068240698036,-93.14090918511685,11.642613648139607,46.57045459255843
19.400000000000002,93.15561247180668,139.73341870771003,69.86670935385501,23.28890311795167,-46.57780623590334,4.657780623590334,186.31122494361335,-23.28890311795167,116.44451558975834,34.93335467692751,58.22225779487917,-93.15561247180668,11.644451558975835,46.57780623590334
19.5,93.16717983579014,139.7507697536852,69.8753848768426,23.291794958947534,-46.58358991789507,4.658358991789507,186.33435967158027,-23.291794958947534,116.45897479473767,34.9376924384213,58.229487397368835,-93.16717983579014,11.645897479473767,46.58358991789507
19.6,93.17551462006396,139.76327193009595,69.88163596504798,23.29387865501599,-46.58775731003198,4.658775731003199,186.35102924012793,-23.29387865501599,116.46939327507995,34.94081798252399,58.234696637539976,-93.17551462006396,11.646939327507996,46.58775731003198
19.700000000000003,93.1804902868496,139.7707354302744,69.8853677151372,23.2951225717124,-46.5902451434248,4.65902451434248,186.3609805736992,-23.2951225717124,116.475612858562,34.9426838575686,58.237806429281,-93.1804902868496,11.6475612858562,46.5902451434248
19.8,93.1820545277984,139.7730817916976,69.8865408958488,23.2955136319496,-46.5910272638992,4.6591027263899205,186.3641090555968,-23.2955136319496,116.477568159748,34.9432704479244,58.238784079874,-93.1820545277984,11.6477568159748,46.5910272638992
19.900000000000002,93.18014985126112,139.77022477689167,69.88511238844583,23.29503746281528,-46.59007492563056,4.659007492563056,186.36029970252224,-23.29503746281528,116.47518731407641,34.94255619422292,58.237593657038204,-93.18014985126112,11.64751873140764,46.59007492563056
20.0,93.17473353367195,139.76210030050794,69.88105015025397,23.29368338341799,-46.58736676683598,4.658736676683598,186.3494670673439,-23.29368338341799,116.46841691708994,34.940525075126985,58.23420845854497,-93.17473353367195,11.646841691708994,46.58736676683598
20.1,93.16575641231168,139.74863461846752,69.87431730923376,23.29143910307792,-46.58287820615584,4.658287820615584,186.33151282462336,-23.29143910307792,116.4571955153896,34.93715865461688,58.2285977576948,-93.16575641231168,11.64571955153896,46.58287820615584
20.200000000000003,93.15314041254993,139.7297106188249,69.86485530941245,23.288285103137483,-46.576570206274965,4.6576570206274965,186.30628082509986,-23.288285103137483,116.44142551568741,34.932427654706224,58.22071275784371,-93.15314041254993,11.644142551568741,46.576570206274965
20.3,93.13683642911467,139.705254643672,69.852627321836,23.284209107278667,-46.56841821455733,4.656841821455734,186.27367285822933,-23.284209107278667,116.42104553639334,34.926313660918,58.21052276819667,-93.13683642911467,11.642104553639333,46.56841821455733
20.400000000000002,93.11681849871461,139.6752277480719,69.83761387403595,23.279204624678652,-46.558409249357304,4.65584092493573,186.23363699742922,-23.279204624678652,116.39602312339326,34.918806937017976,58.19801156169663,-93.11681849871461,11.639602312339326,46.558409249357304
20.5,93.09305065110343,139.63957597665512,69.81978798832756,23.273262662775856,-46.54652532555171,4.654652532555171,186.18610130220685,-23.273262662775856,116.36631331387929,34.90989399416378,58.183156656939644,-93.09305065110343,11.636631331387928,46.54652532555171
20.6,93.06549293039251,139.59823939558876,69.79911969779438,23.266373232598127,-46.532746465196254,4.653274646519626,186.13098586078502,-23.266373232598127,116.33186616299064,34.89955984889719,58.16593308149532,-93.06549293039251,11.633186616299064,46.532746465196254
20.700000000000003,93.03416571411931,139.55124857117897,69.77562428558949,23.258541428529828,-46.517082857059656,4.651708285705966,186.06833142823862,-23.258541428529828,116.29270714264914,34.88781214279474,58.14635357132457,-93.03416571411931,11.629270714264914,46.517082857059656
20.8,92.9991297843134,139.4986946764701,69.74934733823505,23.24978244607835,-46.4995648921567,4.64995648921567,185.9982595686268,-23.24978244607835,116.24891223039174,34.87467366911753,58.12445611519587,-92.9991297843134,11.624891223039175,46.4995648921567
20.900000000000002,92.96044335611167,139.4406650341675,69.72033251708375,23.240110839027917,-46.480221678055834,4.648022167805584,185.92088671222334,-23.240110839027917,116.20055419513959,34.860166258541874,58.100277097569794,-92.96044335611167,11.620055419513958,46.480221678055834
21.0,92.91817951083475,139.3772692662521,69.68863463312606,23.229544877708687,-46.459089755417374,4.6459089755417375,185.8363590216695,-23.229544877708687,116.14772438854344,34.84431731656303,58.07386219427172,-92.91817951083475,11.614772438854343,46.459089755417374
21.1,92.87238389821803,139.30857584732706,69.65428792366353,23.218095974554508,-46.436191949109016,4.643619194910902,185.74476779643607,-23.218095974554508,116.09047987277253,34.827143961831766,58.04523993638627,-92.87238389821803,11.609047987277254,46.436191949109016
21.200000000000003,92.8230698630436,139.2346047945654,69.6173023972827,23.2057674657609,-46.4115349315218,4.6411534931521805,185.6461397260872,-23.2057674657609,116.0288373288045,34.80865119864135,58.01441866440225,-92.8230698630436,11.60288373288045,46.4115349315218
21.3,92.77026837926077,139.15540256889116,69.57770128444558,23.192567094815193,-46.385134189630385,4.638513418963039,185.54053675852154,-23.192567094815193,115.96283547407596,34.78885064222279,57.98141773703798,-92.77026837926077,11.596283547407596,46.385134189630385
21.400000000000002,92.71404998624986,139.0710749793748,69.5355374896874,23.178512496562465,-46.35702499312493,4.635702499312493,185.42809997249972,-23.178512496562465,115.89256248281232,34.7677687448437,57.94628124140616,-92.71404998624986,11.589256248281233,46.35702499312493
21.5,92.65451796625092,138.98177694937638,69.49088847468819,23.16362949156273,-46.32725898312546,4.632725898312546,185.30903593250184,-23.16362949156273,115.81814745781365,34.745444237344095,57.909073728906826,-92.65451796625092,11.581814745781365,46.32725898312546
21.6,92.59181410104145,138.88772115156218,69.44386057578109,23.147953525260363,-46.295907050520725,4.629590705052073,185.1836282020829,-23.147953525260363,115.73976762630181,34.721930287890544,57.869883813150906,-92.59181410104145,11.573976762630181,46.295907050520725
21.700000000000003,92.52618240870571,138.78927361305855,69.39463680652928,23.131545602176427,-46.263091204352854,4.626309120435286,185.05236481741142,-23.131545602176427,115.65772801088214,34.69731840326464,57.82886400544107,-92.52618240870571,11.565772801088213,46.263091204352854
21.8,92.45787721245986,138.6868158186898,69.3434079093449,23.114469303114966,-46.22893860622993,4.622893860622994,184.91575442491973,-23.114469303114966,115.57234651557482,34.67170395467245,57.78617325778741,-92.45787721245986,11.557234651557483,46.22893860622993
21.900000000000002,92.38712052664802,138.58068078997204,69.29034039498602,23.096780131662005,-46.19356026332401,4.619356026332401,184.77424105329604,-23.096780131662005,115.48390065831002,34.64517019749301,57.74195032915501,-92.38712052664802,11.548390065831002,46.19356026332401
22.0,92.31413060524963,138.47119590787446,69.23559795393723,23.078532651312408,-46.157065302624815,4.615706530262481,184.62826121049926,-23.078532651312408,115.39266325656203,34.617798976968615,57.696331628281015,-92.31413060524963,11.539266325656204,46.157065302624815
22.1,92.2391220938058,138.3586831407087,69.17934157035435,23.05978052345145,-46.1195610469029,4.61195610469029,184.4782441876116,-23.05978052345145,115.29890261725726,34.58967078517718,57.64945130862863,-92.2391220938058,11.529890261725726,46.1195610469029
22.200000000000003,92.16220925137051,138.24331387705575,69.12165693852788,23.040552312842628,-46.081104625685256,4.608110462568526,184.32441850274103,-23.040552312842628,115.20276156421315,34.56082846926394,57.601380782106574,-92.16220925137051,11.520276156421314,46.081104625685256
22.3,92.0835025936664,138.1252538904996,69.0626269452498,23.0208756484166,-46.0417512968332,4.60417512968332,184.1670051873328,-23.0208756484166,115.10437824208299,34.5313134726249,57.55218912104149,-92.0835025936664,11.5104378242083,46.0417512968332
22.400000000000002,92.00313150559195,138.00469725838792,69.00234862919396,23.000782876397988,-46.001565752795976,4.600156575279597,184.0062630111839,-23.000782876397988,115.00391438198994,34.50117431459698,57.50195719099497,-92.00313150559195,11.500391438198994,46.001565752795976
22.5,91.92124266592042,137.88186399888062,68.94093199944031,22.980310666480104,-45.96062133296021,4.596062133296021,183.84248533184083,-22.980310666480104,114.90155333240052,34.470465999720155,57.45077666620026,-91.92124266592042,11.490155333240052,45.96062133296021
22.6,91.83793031404264,137.75689547106396,68.87844773553198,22.95948257851066,-45.91896515702132,4.591896515702132,183.67586062808527,-22.95948257851066,114.7974128925533,34.43922386776599,57.39870644627665,-91.83793031404264,11.47974128925533,45.91896515702132
22.700000000000003,91.75323350070062,137.62985025105093,68.81492512552546,22.938308375175154,-45.87661675035031,4.587661675035031,183.50646700140123,-22.938308375175154,114.69154187587577,34.40746256276273,57.345770937937885,-91.75323350070062,11.469154187587577,45.87661675035031
22.8,91.66723209956095,137.50084814934144,68.75042407467072,22.916808024890237,-45.833616049780474,4.583361604978047,183.3344641991219,-22.916808024890237,114.58404012445118,34.37521203733536,57.29202006222559,-91.66723209956095,11.458404012445119,45.833616049780474
22.900000000000002,91.5800720382251,137.37010805733763,68.68505402866882,22.895018009556274,-45.79003601911255,4.579003601911255,183.1601440764502,-22.895018009556274,114.47509004778138,34.34252701433441,57.23754502389069,-91.5800720382251,11.447509004778137,45.79003601911255
23.0,91.49189557146134,137.23784335719202,68.61892167859601,22.872973892865335,-45.74594778573067,4.574594778573068,182.98379114292268,-22.872973892865335,114.36486946432667,34.309460839298005,57.18243473216334,-91.49189557146134,11.436486946432668,45.74594778573067
23.1,91.40282559819705,137.10423839729557,68.55211919864779,22.850706399549264,-45.70141279909853,4.570141279909853,182.8056511963941,-22.850706399549264,114.25353199774632,34.276059599323894,57.12676599887316,-91.40282559819705,11.425353199774632,45.70141279909853
23.200000000000003,91.3129913464967,136.96948701974506,68.48474350987253,22.828247836624175,-45.65649567324835,4.565649567324836,182.6259826929934,-22.828247836624175,114.14123918312087,34.242371754936265,57.07061959156044,-91.3129913464967,11.414123918312088,45.65649567324835
23.3,91.22254782086173,136.8338217312926,68.4169108656463,22.805636955215434,-45.61127391043087,4.561127391043087,182.44509564172347,-22.805636955215434,114.02818477607717,34.20845543282315,57.014092388038584,-91.22254782086173,11.402818477607717,45.61127391043087
23.400000000000002,91.13167524864977,136.69751287297464,68.34875643648732,22.782918812162443,-45.565837624324885,4.5565837624324885,182.26335049729954,-22.782918812162443,113.91459406081222,34.17437821824366,56.95729703040611,-91.13167524864977,11.391459406081221,45.565837624324885
23.5,91.0405916438289,136.56088746574335,68.28044373287167,22.760147910957226,-45.52029582191445,4.552029582191445,182.0811832876578,-22.760147910957226,113.80073955478613,34.14022186643584,56.90036977739307,-91.0405916438289,11.380073955478613,45.52029582191445
23.6,90.94953155745242,136.42429733617863,68.21214866808931,22.737382889363104,-45.47476577872621,4.547476577872621,181.89906311490483,-22.737382889363104,113.68691444681552,34.106074334044656,56.84345722340776,-90.94953155745242,11.368691444681552,45.47476577872621
23.700000000000003,90.85869937540228,136.28804906310341,68.14402453155171,22.71467484385057,-45.42934968770114,4.542934968770115,181.71739875080456,-22.71467484385057,113.57337421925286,34.072012265775854,56.78668710962643,-90.85869937540228,11.357337421925285,45.42934968770114
23.8,90.76820615756763,136.15230923635144,68.07615461817572,22.692051539391908,-45.384103078783816,4.538410307878382,181.53641231513527,-22.692051539391908,113.46025769695954,34.03807730908786,56.73012884847977,-90.76820615756763,11.346025769695954,45.384103078783816
23.900000000000002,90.67816951169745,136.01725426754618,68.00862713377309,22.669542377924362,-45.339084755848724,4.533908475584872,181.3563390233949,-22.669542377924362,113.3477118896218,34.004313566886545,56.6738559448109,-90.67816951169745,11.334771188962181,45.339084755848724
24.0,90.58873101797194,135.8830965269579,67.94154826347895,22.647182754492984,-45.29436550898597,4.529436550898597,181.17746203594388,-22.647182754492984,113.23591377246493,33.970774131739475,56.61795688623246,-90.58873101797194,11.323591377246492,45.29436550898597
24.1,90.49993261259378,135.74989891889066,67.87494945944533,22.624983153148445,-45.24996630629689,4.52499663062969,180.99986522518756,-22.624983153148445,113.12491576574223,33.937474729722666,56.562457882871115,-90.49993261259378,11.312491576574223,45.24996630629689
24.200000000000003,90.4117385155476,135.6176077733214,67.8088038866607,22.6029346288869,-45.2058692577738,4.52058692577738,180.8234770310952,-22.6029346288869,113.0146731444345,33.90440194333035,56.50733657221725,-90.4117385155476,11.30146731444345,45.2058692577738
24.3,90.32407597610421,135.48611396415632,67.74305698207816,22.581018994026053,-45.162037988052106,4.51620379880521,180.64815195220842,-22.581018994026053,112.90509497013026,33.87152849103908,56.45254748506513,-90.32407597610421,11.290509497013026,45.162037988052106
24.400000000000002,90.23685336142194,135.3552800421329,67.67764002106645,22.559213340355484,-45.11842668071097,4.511842668071097,180.47370672284387,-22.559213340355484,112.79606670177742,33.838820010533226,56.39803335088871,-90.23685336142194,11.279606670177742,45.11842668071097
24.5,90.1500075020879,135.22501125313187,67.61250562656593,22.537501875521976,-45.07500375104395,4.507500375104395,180.3000150041758,-22.537501875521976,112.68750937760987,33.80625281328297,56.343754688804935,-90.1500075020879,11.268750937760988,45.07500375104395
24.6,90.06353422563141,135.09530133844711,67.54765066922356,22.515883556407854,-45.03176711281571,4.503176711281571,180.12706845126283,-22.515883556407854,112.57941778203927,33.77382533461178,56.289708891019636,-90.06353422563141,11.257941778203927,45.03176711281571
24.700000000000003,89.97748747154814,134.9662312073222,67.4831156036611,22.494371867887036,-44.98874373577407,4.498874373577407,179.9549749430963,-22.494371867887036,112.47185933943518,33.74155780183055,56.23592966971759,-89.97748747154814,11.247185933943518,44.98874373577407
24.8,89.89192812827339,134.8378921924101,67.41894609620505,22.472982032068348,-44.945964064136696,4.494596406413669,179.78385625654678,-22.472982032068348,112.36491016034174,33.709473048102524,56.18245508017087,-89.89192812827339,11.236491016034174,44.945964064136696
24.900000000000002,89.80692330718726,134.71038496078089,67.35519248039044,22.451730826796815,-44.90346165359363,4.490346165359363,179.61384661437452,-22.451730826796815,112.25865413398408,33.67759624019522,56.12932706699204,-89.80692330718726,11.225865413398408,44.90346165359363
25.0,89.72254442648801,134.58381663973202,67.29190831986601,22.430636106622003,-44.86127221324401,4.486127221324401,179.44508885297603,-22.430636106622003,112.15318053311002,33.645954159933005,56.07659026655501,-89.72254442648801,11.215318053311002,44.86127221324401
25.1,89.63883589098792,134.45825383648187,67.22912691824094,22.40970897274698,-44.81941794549396,4.481941794549396,179.27767178197584,-22.40970897274698,112.0485448637349,33.61456345912047,56.02427243186745,-89.63883589098792,11.20485448637349,44.81941794549396
25.200000000000003,89.55586055246022,134.33379082869033,67.16689541434516,22.388965138115054,-44.77793027623011,4.477793027623011,179.11172110492043,-22.388965138115054,111.94482569057527,33.58344770717258,55.972412845287636,-89.55586055246022,11.194482569057527,44.77793027623011
25.3,89.4736825342821,134.21052380142316,67.10526190071158,22.368420633570526,-44.73684126714105,4.473684126714105,178.9473650685642,-22.368420633570526,111.84210316785263,33.55263095035579,55.921051583926314,-89.4736825342821,11.184210316785263,44.73684126714105
25.400000000000002,89.39232831181441,134.0884924677216,67.0442462338608,22.348082077953602,-44.696164155907205,4.46961641559072,178.78465662362882,-22.348082077953602,111.74041038976802,33.5221231169304,55.87020519488401,-89.39232831181441,11.174041038976801,44.696164155907205
25.5,89.31177667177984,133.96766500766975,66.98383250383488,22.32794416794496,-44.65588833588992,4.465588833588992,178.62355334355968,-22.32794416794496,111.6397208397248,33.49191625191744,55.8198604198624,-89.31177667177984,11.16397208397248,44.65588833588992
25.6,89.2319753386938,133.8479630080407,66.92398150402035,22.30799383467345,-44.6159876693469,4.46159876693469,178.4639506773876,-22.30799383467345,111.53996917336725,33.46199075201017,55.76998458668363,-89.2319753386938,11.153996917336725,44.6159876693469
25.700000000000003,89.15287687801634,133.72931531702451,66.86465765851226,22.288219219504086,-44.57643843900817,4.457643843900818,178.3057537560327,-22.288219219504086,111.44109609752043,33.43232882925613,55.720548048760214,-89.15287687801634,11.144109609752043,44.57643843900817
25.8,89.0744949550387,133.61174243255806,66.80587121627903,22.268623738759675,-44.53724747751935,4.453724747751935,178.1489899100774,-22.268623738759675,111.34311869379837,33.402935608139515,55.67155934689919,-89.0744949550387,11.134311869379838,44.53724747751935
25.900000000000002,88.99687735012051,133.49531602518078,66.74765801259039,22.24921933753013,-44.49843867506026,4.449843867506026,177.99375470024103,-22.24921933753013,111.24609668765063,33.373829006295196,55.62304834382532,-88.99687735012051,11.124609668765064,44.49843867506026
26.0,88.92008608459041,133.3801291268856,66.6900645634428,22.230021521147602,-44.460043042295204,4.446004304229521,177.84017216918082,-22.230021521147602,111.15010760573801,33.3450322817214,55.57505380286901,-88.92008608459041,11.115010760573801,44.460043042295204
26.1,88.8441827743172,133.2662741614758,66.6331370807379,22.2110456935793,-44.4220913871586,4.44220913871586,177.6883655486344,-22.2110456935793,111.05522846789651,33.31656854036895,55.527614233948256,-88.8441827743172,11.10552284678965,44.4220913871586
26.200000000000003,88.76919551198729,133.15379326798094,66.57689663399047,22.192298877996823,-44.384597755993646,4.438459775599365,177.53839102397458,-22.192298877996823,110.96149438998411,33.288448316995236,55.480747194992055,-88.76919551198729,11.096149438998411,44.384597755993646
26.3,88.69513416628963,133.04270124943446,66.52135062471723,22.17378354157241,-44.34756708314482,4.434756708314482,177.39026833257927,-22.17378354157241,110.86891770786204,33.260675312358615,55.43445885393102,-88.69513416628963,11.086891770786204,44.34756708314482
26.400000000000002,88.62199367431614,132.9329905114742,66.4664952557371,22.155498418579036,-44.31099683715807,4.431099683715807,177.2439873486323,-22.155498418579036,110.77749209289519,33.23324762786855,55.388746046447594,-88.62199367431614,11.077749209289518,44.31099683715807
26.5,88.54979562792855,132.8246934418928,66.4123467209464,22.137448906982137,-44.27489781396427,4.427489781396427,177.0995912558571,-22.137448906982137,110.68724453491069,33.2061733604732,55.343622267455345,-88.54979562792855,11.068724453491068,44.27489781396427
26.6,88.47854901132654,132.7178235169898,66.3589117584949,22.119637252831634,-44.23927450566327,4.423927450566327,176.95709802265307,-22.119637252831634,110.59818626415817,33.17945587924745,55.299093132079086,-88.47854901132654,11.059818626415817,44.23927450566327
26.700000000000003,88.40823379579928,132.61235069369891,66.30617534684946,22.10205844894982,-44.20411689789964,4.420411689789964,176.81646759159855,-22.10205844894982,110.5102922447491,33.15308767342473,55.25514612237455,-88.40823379579928,11.05102922447491,44.20411689789964
26.8,88.33885780404778,132.50828670607166,66.25414335303583,22.084714451011944,-44.16942890202389,4.416942890202389,176.67771560809555,-22.084714451011944,110.42357225505972,33.127071676517915,55.21178612752986,-88.33885780404778,11.042357225505972,44.16942890202389
26.900000000000002,88.27044422774284,132.40566634161428,66.20283317080714,22.06761105693571,-44.13522211387142,4.413522211387142,176.54088845548569,-22.06761105693571,110.33805528467855,33.10141658540357,55.16902764233927,-88.27044422774284,11.033805528467855,44.13522211387142
27.0,88.20300944479582,132.30451416719373,66.15225708359687,22.050752361198956,-44.10150472239791,4.410150472239791,176.40601888959165,-22.050752361198956,110.25376180599478,33.07612854179843,55.12688090299739,-88.20300944479582,11.025376180599478,44.10150472239791
27.1,88.1365429228094,132.2048143842141,66.10240719210705,22.03413573070235,-44.0682714614047,4.40682714614047,176.2730858456188,-22.03413573070235,110.17067865351174,33.051203596053526,55.08533932675587,-88.1365429228094,11.017067865351175,44.0682714614047
27.200000000000003,88.07106384722141,132.10659577083212,66.05329788541606,22.017765961805353,-44.035531923610705,4.403553192361071,176.14212769444282,-22.017765961805353,110.08882980902676,33.02664894270803,55.04441490451338,-88.07106384722141,11.008882980902676,44.035531923610705
27.3,88.00661098704475,132.00991648056714,66.00495824028357,22.001652746761188,-44.003305493522376,4.400330549352238,176.0132219740895,-22.001652746761188,110.00826373380593,33.002479120141786,55.004131866902966,-88.00661098704475,11.000826373380594,44.003305493522376
27.400000000000002,87.94325461394173,131.9148819209126,65.9574409604563,21.985813653485433,-43.971627306970866,4.397162730697087,175.88650922788347,-21.985813653485433,109.92906826742717,32.97872048022815,54.964534133713585,-87.94325461394173,10.992906826742717,43.971627306970866
27.5,87.88101288445931,131.82151932668896,65.91075966334448,21.970253221114827,-43.940506442229655,4.394050644222966,175.76202576891862,-21.970253221114827,109.85126610557414,32.95537983167224,54.92563305278707,-87.88101288445931,10.985126610557414,43.940506442229655
27.6,87.81991149609497,131.72986724414247,65.86493362207123,21.954977874023744,-43.90995574804749,4.390995574804749,175.63982299218995,-21.954977874023744,109.77488937011871,32.93246681103562,54.88744468505936,-87.81991149609497,10.977488937011872,43.90995574804749
27.700000000000003,87.75991874262573,131.6398781139386,65.8199390569693,21.939979685656432,-43.879959371312864,4.387995937131286,175.51983748525146,-21.939979685656432,109.69989842828215,32.90996952848465,54.84994921414108,-87.75991874262573,10.969989842828216,43.879959371312864
27.8,87.70103808955297,131.55155713432944,65.77577856716472,21.92525952238824,-43.85051904477648,4.385051904477648,175.40207617910593,-21.92525952238824,109.62629761194121,32.88788928358236,54.813148805970606,-87.70103808955297,10.96262976119412,43.85051904477648
27.900000000000002,87.64322932320171,131.46484398480257,65.73242199240129,21.910807330800427,-43.821614661600854,4.382161466160086,175.28645864640342,-21.910807330800427,109.55403665400213,32.86621099620064,54.777018327001066,-87.64322932320171,10.955403665400214,43.821614661600854
28.0,87.58644890631908,131.3796733594786,65.6898366797393,21.89661222657977,-43.79322445315954,4.379322445315954,175.17289781263815,-21.89661222657977,109.48306113289885,32.84491833986965,54.74153056644943,-87.58644890631908,10.948306113289885,43.79322445315954
28.1,87.53069495062286,131.29604242593427,65.64802121296714,21.882673737655715,-43.76534747531143,4.376534747531143,175.06138990124572,-21.882673737655715,109.41336868827858,32.82401060648357,54.70668434413929,-87.53069495062286,10.941336868827857,43.76534747531143
28.200000000000003,87.47599154780588,131.21398732170883,65.60699366085441,21.86899788695147,-43.73799577390294,4.373799577390294,174.95198309561175,-21.86899788695147,109.34498943475734,32.80349683042721,54.67249471737867,-87.47599154780588,10.934498943475734,43.73799577390294
28.3,87.42244419436808,131.13366629155212,65.56683314577606,21.85561104859202,-43.71122209718404,4.371122209718404,174.84488838873617,-21.85561104859202,109.27805524296011,32.78341657288803,54.639027621480054,-87.42244419436808,10.92780552429601,43.71122209718404
28.400000000000002,87.37016428958991,131.05524643438486,65.52762321719243,21.842541072397477,-43.685082144794954,4.368508214479496,174.74032857917982,-21.842541072397477,109.21270536198739,32.763811608596214,54.606352680993695,-87.37016428958991,10.921270536198739,43.685082144794954
28.5,87.3193047309519,130.97895709642785,65.48947854821392,21.829826182737975,-43.65965236547595,4.365965236547595,174.6386094619038,-21.829826182737975,109.14913091368987,32.74473927410696,54.57456545684494,-87.3193047309519,10.914913091368987,43.65965236547595
28.6,87.27005779365496,130.90508669048245,65.45254334524122,21.81751444841374,-43.63502889682748,4.363502889682748,174.5401155873099,-21.81751444841374,109.08757224206869,32.72627167262061,54.543786121034344,-87.27005779365496,10.90875722420687,43.63502889682748
28.700000000000003,87.2225907926967,130.83388618904507,65.41694309452254,21.805647698174177,-43.61129539634835,4.3611295396348355,174.4451815853934,-21.805647698174177,109.02823849087088,32.70847154726127,54.51411924543544,-87.2225907926967,10.902823849087088,43.61129539634835
28.8,87.176995827998,130.765493741997,65.3827468709985,21.7942489569995,-43.588497913999,4.3588497913999005,174.353991655996,-21.7942489569995,108.9712447849975,32.69137343549925,54.48562239249875,-87.176995827998,10.89712447849975,43.588497913999
28.900000000000002,87.13332154619778,130.69998231929668,65.34999115964834,21.783330386549444,-43.56666077309889,4.356666077309889,174.26664309239555,-21.783330386549444,108.91665193274721,32.67499557982417,54.45832596637361,-87.13332154619778,10.891665193274722,43.56666077309889
29.0,87.0915838642004,130.6373757963006,65.3186878981503,21.7728959660501,-43.5457919321002,4.354579193210021,174.1831677284008,-21.7728959660501,108.8644798302505,32.65934394907515,54.43223991512525,-87.0915838642004,10.88644798302505,43.5457919321002
29.1,87.05174263013109,130.57761394519662,65.28880697259831,21.762935657532772,-43.525871315065544,4.352587131506555,174.10348526026218,-21.762935657532772,108.81467828766387,32.644403486299154,54.40733914383193,-87.05174263013109,10.881467828766386,43.525871315065544
29.200000000000003,87.01370562183953,130.5205584327593,65.26027921637964,21.753426405459884,-43.50685281091977,4.350685281091977,174.02741124367907,-21.753426405459884,108.76713202729943,32.63013960818982,54.38356601364971,-87.01370562183953,10.876713202729942,43.50685281091977
29.3,86.97734775898577,130.46602163847865,65.23301081923933,21.744336939746443,-43.488673879492886,4.348867387949289,173.95469551797154,-21.744336939746443,108.72168469873222,32.61650540961966,54.36084234936611,-86.97734775898577,10.872168469873221,43.488673879492886
29.400000000000002,86.94252059838662,130.41378089757993,65.20689044878996,21.735630149596656,-43.47126029919331,4.347126029919331,173.88504119677324,-21.735630149596656,108.67815074798328,32.60344522439498,54.33907537399164,-86.94252059838662,10.867815074798328,43.47126029919331
29.5,86.90904096273063,130.36356144409595,65.18178072204798,21.727260240682657,-43.454520481365314,4.345452048136532,173.81808192546126,-21.727260240682657,108.63630120341328,32.59089036102399,54.31815060170664,-86.90904096273063,10.863630120341329,43.454520481365314
29.6,86.87677166623169,130.31515749934755,65.15757874967377,21.719192916557923,-43.438385833115845,4.343838583311585,173.75354333246338,-21.719192916557923,108.5959645827896,32.57878937483689,54.2979822913948,-86.87677166623169,10.859596458278961,43.438385833115845
29.700000000000003,86.84559748700391,130.26839623050586,65.13419811525293,21.71139937175098,-43.42279874350196,4.342279874350196,173.69119497400783,-21.71139937175098,108.5569968587549,32.567099057626464,54.27849842937745,-86.84559748700391,10.85569968587549,43.42279874350196
29.8,86.81540320286591,130.22310480429886,65.11155240214943,21.703850800716477,-43.407701601432954,4.340770160143296,173.63080640573182,-21.703850800716477,108.51925400358239,32.555776201074714,54.259627001791195,-86.81540320286591,10.851925400358239,43.407701601432954
29.900000000000002,86.78609657153073,130.1791448572961,65.08957242864805,21.696524142882684,-43.39304828576537,4.3393048285765365,173.57219314306147,-21.696524142882684,108.48262071441341,32.54478621432403,54.24131035720671,-86.78609657153073,10.848262071441342,43.39304828576537
30.0,86.75761579954009,130.13642369931014,65.06821184965507,21.689403949885023,-43.378807899770045,4.337880789977005,173.51523159908018,-21.689403949885023,108.44701974942511,32.534105924827536,54.223509874712555,-86.75761579954009,10.844701974942511,43.378807899770045
30.1,86.72991390720726,130.0948708608109,65.04743543040544,21.682478476801816,-43.36495695360363,4.336495695360363,173.45982781441452,-21.682478476801816,108.41239238400908,32.52371771520272,54.20619619200454,-86.72991390720726,10.841239238400908,43.36495695360363
30.200000000000003,86.70294147951135,130.05441221926702,65.02720610963351,21.675735369877838,-43.351470739755676,4.335147073975568,173.4058829590227,-21.675735369877838,108.3786768493892,32.513603054816755,54.1893384246946,-86.70294147951135,10.837867684938919,43.351470739755676
30.3,86.67668488003991,130.01502732005986,65.00751366002993,21.66917122000998,-43.33834244001996,4.333834244001996,173.35336976007983,-21.66917122000998,108.3458561000499,32.503756830014964,54.17292805002495,-86.67668488003991,10.83458561000499,43.33834244001996
30.400000000000002,86.65111601504528,129.97667402256792,64.98833701128396,21.66277900376132,-43.32555800752264,4.332555800752264,173.30223203009055,-21.66277900376132,108.31389501880659,32.49416850564198,54.156947509403295,-86.65111601504528,10.83138950188066,43.32555800752264
30.5,86.62624875565999,129.93937313349,64.969686566745,21.656562188914997,-43.31312437782999,4.331312437783,173.25249751131997,-21.656562188914997,108.28281094457498,32.4848432833725,54.14140547228749,-86.62624875565999,10.828281094457498,43.31312437782999
30.6,86.6020560728496,129.9030841092744,64.9515420546372,21.6505140182124,-43.3010280364248,4.330102803642481,173.2041121456992,-21.6505140182124,108.25257009106201,32.4757710273186,54.126285045531006,-86.6020560728496,10.8252570091062,43.3010280364248
30.700000000000003,86.57852976574718,129.86779464862076,64.93389732431038,21.644632441436794,-43.28926488287359,4.328926488287359,173.15705953149435,-21.644632441436794,108.22316220718398,32.46694866215519,54.11158110359199,-86.57852976574718,10.822316220718397,43.28926488287359
30.8,86.55571711223257,129.83357566834886,64.91678783417443,21.638929278058143,-43.277858556116286,4.327785855611629,173.11143422446514,-21.638929278058143,108.19464639029071,32.458393917087214,54.09732319514536,-86.55571711223257,10.819464639029071,43.277858556116286
30.900000000000002,86.53365695608824,129.80048543413236,64.90024271706618,21.63341423902206,-43.26682847804412,4.326682847804412,173.06731391217647,-21.63341423902206,108.1670711951103,32.45012135853309,54.08353559755515,-86.53365695608824,10.81670711951103,43.26682847804412
31.0,86.51239976597196,129.76859964895795,64.88429982447897,21.62809994149299,-43.25619988298598,4.325619988298598,173.02479953194393,-21.62809994149299,108.14049970746495,32.442149912239486,54.07024985373248,-86.51239976597196,10.814049970746495,43.25619988298598
31.1,86.49200976259293,129.7380146438894,64.8690073219447,21.623002440648232,-43.246004881296464,4.324600488129646,172.98401952518586,-21.623002440648232,108.11501220324116,32.43450366097235,54.05750610162058,-86.49200976259293,10.811501220324116,43.246004881296464
31.200000000000003,86.47255174077097,129.70882761115644,64.85441380557822,21.618137935192742,-43.236275870385484,4.3236275870385485,172.94510348154193,-21.618137935192742,108.09068967596372,32.42720690278911,54.04534483798186,-86.47255174077097,10.809068967596371,43.236275870385484
31.3,86.45407997502517,129.68111996253776,64.84055998126888,21.61351999375629,-43.22703998751258,4.322703998751258,172.90815995005033,-21.61351999375629,108.06759996878145,32.42027999063444,54.033799984390726,-86.45407997502517,10.806759996878146,43.22703998751258
31.400000000000002,86.43663572493335,129.65495358740003,64.82747679370001,21.60915893123334,-43.21831786246668,4.321831786246668,172.8732714498667,-21.60915893123334,108.04579465616669,32.41373839685001,54.022897328083346,-86.43663572493335,10.80457946561667,43.21831786246668
31.5,86.42021164301786,129.6303174645268,64.8151587322634,21.605052910754466,-43.21010582150893,4.321010582150893,172.84042328603573,-21.605052910754466,108.02526455377233,32.4075793661317,54.012632276886166,-86.42021164301786,10.802526455377233,43.21010582150893
31.6,86.40480859753214,129.60721289629822,64.80360644814911,21.601202149383035,-43.20240429876607,4.320240429876607,172.80961719506428,-21.601202149383035,108.00601074691517,32.401803224074555,54.00300537345758,-86.40480859753214,10.800601074691517,43.20240429876607
31.700000000000003,86.39048693979832,129.58573040969748,64.79286520484874,21.59762173494958,-43.19524346989916,4.319524346989916,172.78097387959664,-21.59762173494958,107.9881086747479,32.39643260242437,53.99405433737395,-86.39048693979832,10.79881086747479,43.19524346989916
31.8,86.37735122905782,129.56602684358674,64.78301342179337,21.594337807264456,-43.18867561452891,4.318867561452891,172.75470245811564,-21.594337807264456,107.97168903632227,32.391506710896685,53.98584451816114,-86.37735122905782,10.797168903632228,43.18867561452891
31.900000000000002,86.36556830630536,129.54835245945804,64.77417622972902,21.59139207657634,-43.18278415315268,4.318278415315269,172.73113661261073,-21.59139207657634,107.9569603828817,32.38708811486451,53.97848019144085,-86.36556830630536,10.79569603828817,43.18278415315268
32.0,86.35536270029442,129.53304405044162,64.76652202522081,21.588840675073605,-43.17768135014721,4.317768135014721,172.71072540058884,-21.588840675073605,107.94420337536803,32.383261012610404,53.97210168768402,-86.35536270029442,10.794420337536803,43.17768135014721
32.1,86.34698261707918,129.52047392561877,64.76023696280939,21.586745654269794,-43.17349130853959,4.317349130853959,172.69396523415836,-21.586745654269794,107.93372827134897,32.38011848140469,53.966864135674484,-86.34698261707918,10.793372827134897,43.17349130853959
32.2,86.340656871854,129.510985307781,64.7554926538905,21.5851642179635,-43.170328435927,4.3170328435927,172.681313743708,-21.5851642179635,107.92582108981749,32.37774632694525,53.962910544908745,-86.340656871854,10.79258210898175,43.170328435927
32.300000000000004,86.33656520128959,129.50484780193437,64.75242390096719,21.584141300322397,-43.168282600644794,4.316828260064479,172.67313040257918,-21.584141300322397,107.92070650161199,32.376211950483594,53.960353250805994,-86.33656520128959,10.792070650161198,43.168282600644794
32.4,86.33479687457977,129.50219531186966,64.75109765593483,21.58369921864494,-43.16739843728988,4.316739843728988,172.66959374915953,-21.58369921864494,107.9184960932247,32.375548827967414,53.95924804661235,-86.33479687457977,10.79184960932247,43.16739843728988
32.5,86.33538577145364,129.50307865718048,64.75153932859024,21.58384644286341,-43.16769288572682,4.316769288572682,172.6707715429073,-21.58384644286341,107.91923221431705,32.37576966429512,53.959616107158524,-86.33538577145364,10.791923221431706,43.16769288572682
32.6,86.33830906329933,129.507463594949,64.7537317974745,21.584577265824834,-43.16915453164967,4.316915453164967,172.67661812659867,-21.584577265824834,107.92288632912417,32.37686589873725,53.961443164562084,-86.33830906329933,10.792288632912417,43.16915453164967
32.7,86.34351651207369,129.51527476811054,64.75763738405527,21.585879128018423,-43.171758256036846,4.317175825603685,172.68703302414738,-21.585879128018423,107.92939564009211,32.378818692027636,53.964697820046055,-86.34351651207369,10.792939564009211,43.171758256036846
32.800000000000004,86.3509348996061,129.52640234940915,64.76320117470458,21.587733724901526,-43.17546744980305,4.317546744980305,172.7018697992122,-21.587733724901526,107.93866862450763,32.38160058735229,53.969334312253814,-86.3509348996061,10.793866862450763,43.17546744980305
32.9,86.36053144545699,129.54079716818546,64.77039858409273,21.590132861364246,-43.18026572272849,4.318026572272849,172.72106289091397,-21.590132861364246,107.95066430682124,32.385199292046366,53.97533215341062,-86.36053144545699,10.795066430682123,43.18026572272849
33.0,86.37224473349322,129.55836710023982,64.77918355011991,21.593061183373305,-43.18612236674661,4.318612236674661,172.74448946698644,-21.593061183373305,107.96530591686653,32.389591775059955,53.98265295843326,-86.37224473349322,10.796530591686652,43.18612236674661
33.1,86.38601715888868,129.57902573833303,64.78951286916651,21.59650428972217,-43.19300857944434,4.319300857944434,172.77203431777735,-21.59650428972217,107.98252144861084,32.39475643458326,53.99126072430542,-86.38601715888868,10.798252144861085,43.19300857944434
33.2,86.40172326338788,129.6025848950818,64.8012924475409,21.60043081584697,-43.20086163169394,4.320086163169394,172.80344652677576,-21.60043081584697,108.00215407923486,32.40064622377045,54.00107703961743,-86.40172326338788,10.800215407923485,43.20086163169394
33.300000000000004,86.41922234702389,129.62883352053584,64.81441676026792,21.604805586755973,-43.209611173511945,4.320961117351195,172.83844469404778,-21.604805586755973,108.02402793377986,32.40720838013396,54.01201396688993,-86.41922234702389,10.802402793377986,43.209611173511945
33.4,86.4383575282473,129.65753629237093,64.82876814618547,21.609589382061824,-43.21917876412365,4.321917876412365,172.8767150564946,-21.609589382061824,108.04794691030912,32.414384073092734,54.02397345515456,-86.4383575282473,10.804794691030912,43.21917876412365
33.5,86.45888601890749,129.68832902836124,64.84416451418062,21.614721504726873,-43.229443009453746,4.322944300945375,172.91777203781498,-21.614721504726873,108.07360752363437,32.42208225709031,54.03680376181718,-86.45888601890749,10.807360752363437,43.229443009453746
33.6,86.48052073323565,129.72078109985347,64.86039054992673,21.620130183308913,-43.240260366617825,4.324026036661783,172.9610414664713,-21.620130183308913,108.10065091654457,32.43019527496337,54.05032545827228,-86.48052073323565,10.810065091654456,43.240260366617825
33.7,86.50301360352509,129.75452040528762,64.87726020264381,21.625753400881273,-43.251506801762545,4.325150680176255,173.00602720705018,-21.625753400881273,108.12876700440637,32.438630101321905,54.064383502203185,-86.50301360352509,10.812876700440636,43.251506801762545
33.800000000000004,86.52615725442685,129.78923588164028,64.89461794082014,21.631539313606712,-43.263078627213424,4.326307862721342,173.0523145088537,-21.631539313606712,108.15769656803356,32.44730897041007,54.07884828401678,-86.52615725442685,10.815769656803356,43.263078627213424
33.9,86.54979738988793,129.82469608483188,64.91234804241594,21.637449347471982,-43.274898694943964,4.327489869494396,173.09959477977586,-21.637449347471982,108.18724673735991,32.45617402120797,54.09362336867996,-86.54979738988793,10.818724673735991,43.274898694943964
34.0,86.5738452595941,129.86076788939113,64.93038394469556,21.643461314898524,-43.28692262979705,4.328692262979705,173.1476905191882,-21.643461314898524,108.21730657449262,32.46519197234778,54.10865328724631,-86.5738452595941,10.821730657449262,43.28692262979705
34.1,86.598229642068,129.897344463102,64.948672231551,21.649557410517,-43.299114821034,4.329911482103401,173.196459284136,-21.649557410517,108.24778705258501,32.4743361157755,54.123893526292505,-86.598229642068,10.8247787052585,43.299114821034
34.2,86.62284070205155,129.9342610530773,64.96713052653865,21.655710175512887,-43.311420351025774,4.331142035102578,173.2456814041031,-21.655710175512887,108.27855087756444,32.48356526326933,54.13927543878222,-86.62284070205155,10.827855087756443,43.311420351025774
34.300000000000004,86.64754932050181,129.97132398075271,64.98566199037636,21.661887330125452,-43.323774660250905,4.332377466025091,173.29509864100362,-21.661887330125452,108.30943665062726,32.49283099518818,54.15471832531363,-86.64754932050181,10.830943665062726,43.323774660250905
34.4,86.67225099694166,130.00837649541248,65.00418824770624,21.668062749235414,-43.33612549847083,4.333612549847083,173.3445019938833,-21.668062749235414,108.34031374617707,32.50209412385312,54.17015687308854,-86.67225099694166,10.834031374617707,43.33612549847083
34.5,86.69683776379867,130.045256645698,65.022628322849,21.674209440949667,-43.348418881899335,4.334841888189934,173.39367552759734,-21.674209440949667,108.37104720474834,32.5113141614245,54.18552360237417,-86.69683776379867,10.837104720474834,43.348418881899335
34.6,86.72112450679597,130.08168676019397,65.04084338009699,21.680281126698993,-43.36056225339799,4.3360562253397985,173.44224901359195,-21.680281126698993,108.40140563349496,32.520421690048494,54.20070281674748,-86.72112450679597,10.840140563349497,43.36056225339799
34.7,86.74488568737212,130.11732853105818,65.05866426552909,21.68622142184303,-43.37244284368606,4.337244284368606,173.48977137474424,-21.68622142184303,108.43110710921515,32.529332132764544,54.215553554607574,-86.74488568737212,10.843110710921515,43.37244284368606
34.800000000000004,86.76791971687521,130.15187957531282,65.07593978765641,21.691979929218803,-43.383959858437606,4.338395985843761,173.53583943375043,-21.691979929218803,108.45989964609402,32.537969893828205,54.22994982304701,-86.76791971687521,10.845989964609402,43.383959858437606
34.9,86.79007022613483,130.18510533920224,65.09255266960112,21.697517556533708,-43.395035113067415,4.3395035113067415,173.58014045226966,-21.697517556533708,108.48758778266854,32.54627633480056,54.24379389133427,-86.79007022613483,10.848758778266854,43.395035113067415
35.0,86.8112683244923,130.21690248673846,65.10845124336923,21.702817081123076,-43.40563416224615,4.340563416224615,173.6225366489846,-21.702817081123076,108.51408540561538,32.554225621684616,54.25704270280769,-86.8112683244923,10.851408540561538,43.40563416224615
35.1,86.83148417914497,130.24722626871744,65.12361313435872,21.70787104478624,-43.41574208957248,4.341574208957248,173.66296835828993,-21.70787104478624,108.53935522393121,32.56180656717936,54.269677611965605,-86.83148417914497,10.85393552239312,43.41574208957248
35.2,86.85071580070316,130.27607370105474,65.13803685052737,21.71267895017579,-43.42535790035158,4.342535790035158,173.7014316014063,-21.71267895017579,108.56339475087894,32.569018425263685,54.28169737543947,-86.85071580070316,10.856339475087895,43.42535790035158
35.300000000000004,86.86898563779198,130.30347845668797,65.15173922834398,21.717246409447995,-43.43449281889599,4.343449281889599,173.73797127558396,-21.717246409447995,108.58623204723997,32.57586961417199,54.29311602361999,-86.86898563779198,10.858623204723997,43.43449281889599
35.4,86.8863770790051,130.32956561850764,65.16478280925382,21.721594269751275,-43.44318853950255,4.344318853950255,173.7727541580102,-21.721594269751275,108.60797134875638,32.58239140462691,54.30398567437819,-86.8863770790051,10.860797134875638,43.44318853950255
35.5,86.90306564319748,130.35459846479623,65.17729923239811,21.72576641079937,-43.45153282159874,4.345153282159874,173.80613128639496,-21.72576641079937,108.62883205399685,32.588649616199056,54.31441602699842,-86.90306564319748,10.862883205399685,43.45153282159874
35.6,86.91923417069643,130.37885125604464,65.18942562802232,21.729808542674107,-43.45961708534821,4.345961708534822,173.83846834139285,-21.729808542674107,108.64904271337053,32.59471281401116,54.32452135668527,-86.91923417069643,10.864904271337053,43.45961708534821
35.7,86.9350816645337,130.40262249680055,65.20131124840027,21.733770416133424,-43.46754083226685,4.346754083226685,173.8701633290674,-21.733770416133424,108.66885208066712,32.60065562420014,54.33442604033356,-86.9350816645337,10.866885208066712,43.46754083226685
35.800000000000004,86.95082193864974,130.42623290797462,65.21311645398731,21.737705484662435,-43.47541096932487,4.3475410969324875,173.90164387729948,-21.737705484662435,108.68852742331217,32.606558226993656,54.34426371165608,-86.95082193864974,10.868852742331217,43.47541096932487
35.9,86.96666798237662,130.45000197356492,65.22500098678246,21.741666995594155,-43.48333399118831,4.3483333991188315,173.93333596475324,-21.741666995594155,108.70833497797078,32.61250049339123,54.35416748898539,-86.96666798237662,10.870833497797078,43.48333399118831
36.0,86.98278312164278,130.47417468246417,65.23708734123208,21.745695780410696,-43.49139156082139,4.349139156082139,173.96556624328556,-21.745695780410696,108.72847890205348,32.61854367061604,54.36423945102674,-86.98278312164278,10.872847890205348,43.49139156082139
36.1,86.99925033753854,130.4988755063078,65.2494377531539,21.749812584384635,-43.49962516876927,4.349962516876928,173.99850067507708,-21.749812584384635,108.74906292192318,32.62471887657695,54.37453146096159,-86.99925033753854,10.874906292192318,43.49962516876927
36.2,87.01613220543675,130.52419830815512,65.26209915407756,21.754033051359187,-43.508066102718374,4.350806610271838,174.0322644108735,-21.754033051359187,108.77016525679593,32.63104957703878,54.38508262839797,-87.01613220543675,10.877016525679593,43.508066102718374
36.300000000000004,87.03359027828859,130.5503854174329,65.27519270871645,21.758397569572146,-43.51679513914429,4.351679513914429,174.06718055657717,-21.758397569572146,108.79198784786072,32.63759635435822,54.39599392393036,-87.03359027828859,10.879198784786073,43.51679513914429
36.4,87.05188053550096,130.57782080325143,65.28891040162571,21.76297013387524,-43.52594026775048,4.352594026775048,174.1037610710019,-21.76297013387524,108.8148506693762,32.64445520081286,54.4074253346881,-87.05188053550096,10.88148506693762,43.52594026775048
36.5,87.0712666966552,130.6069000449828,65.3034500224914,21.7678166741638,-43.5356333483276,4.35356333483276,174.1425333933104,-21.7678166741638,108.839083370819,32.6517250112457,54.4195416854095,-87.0712666966552,10.8839083370819,43.5356333483276
36.6,87.09194800039896,130.63792200059845,65.31896100029923,21.77298700009974,-43.54597400019948,4.354597400019948,174.18389600079792,-21.77298700009974,108.86493500049869,32.65948050014961,54.432467500249345,-87.09194800039896,10.88649350004987,43.54597400019948
36.7,87.11409437948275,130.67114156922412,65.33557078461206,21.778523594870688,-43.557047189741375,4.355704718974137,174.2281887589655,-21.778523594870688,108.89261797435344,32.66778539230603,54.44630898717672,-87.11409437948275,10.889261797435344,43.557047189741375
36.800000000000004,87.13782555791218,130.70673833686828,65.35336916843414,21.784456389478045,-43.56891277895609,4.356891277895609,174.27565111582436,-21.784456389478045,108.92228194739022,32.67668458421707,54.46114097369511,-87.13782555791218,10.892228194739022,43.56891277895609
36.9,87.16320350360068,130.74480525540102,65.37240262770051,21.79080087590017,-43.58160175180034,4.358160175180035,174.32640700720137,-21.79080087590017,108.95400437950086,32.686201313850255,54.47700218975043,-87.16320350360068,10.895400437950086,43.58160175180034
37.0,87.1903376165142,130.7855064247713,65.39275321238566,21.79758440412855,-43.5951688082571,4.35951688082571,174.3806752330284,-21.79758440412855,108.98792202064274,32.69637660619283,54.49396101032137,-87.1903376165142,10.898792202064275,43.5951688082571
37.1,87.21940185689066,130.82910278533598,65.41455139266799,21.804850464222664,-43.60970092844533,4.360970092844533,174.4388037137813,-21.804850464222664,109.02425232111332,32.707275696333994,54.51212616055666,-87.21940185689066,10.902425232111332,43.60970092844533
37.2,87.25055983154732,130.87583974732098,65.43791987366049,21.81263995788683,-43.62527991577366,4.362527991577366,174.50111966309464,-21.81263995788683,109.06319978943415,32.718959936830245,54.531599894717075,-87.25055983154732,10.906319978943415,43.62527991577366
37.300000000000004,87.28393418869915,130.92590128304872,65.46295064152436,21.820983547174787,-43.641967094349575,4.364196709434958,174.5678683773983,-21.820983547174787,109.10491773587394,32.73147532076218,54.55245886793697,-87.28393418869915,10.910491773587394,43.641967094349575
37.4,87.31956267218753,130.9793440082813,65.48967200414064,21.829890668046882,-43.659781336093765,4.365978133609377,174.63912534437506,-21.829890668046882,109.14945334023442,32.74483600207032,54.57472667011721,-87.31956267218753,10.914945334023441,43.659781336093765
37.5,87.35743383491025,131.0361507523654,65.5180753761827,21.839358458727563,-43.67871691745513,4.3678716917455125,174.7148676698205,-21.839358458727563,109.19679229363781,32.75903768809135,54.59839614681891,-87.35743383491025,10.919679229363782,43.67871691745513
37.6,87.39742870472054,131.0961430570808,65.5480715285404,21.849357176180135,-43.69871435236027,4.3698714352360275,174.79485740944108,-21.849357176180135,109.24678588090067,32.7740357642702,54.62339294045034,-87.39742870472054,10.924678588090067,43.69871435236027
37.7,87.43937238390996,131.15905857586495,65.57952928793247,21.85984309597749,-43.71968619195498,4.371968619195498,174.8787447678199,-21.85984309597749,109.29921547988744,32.78976464396624,54.64960773994372,-87.43937238390996,10.929921547988744,43.71968619195498
37.800000000000004,87.48313028888612,131.22469543332917,65.61234771666459,21.87078257222153,-43.74156514444306,4.374156514444306,174.96626057777223,-21.87078257222153,109.35391286110764,32.80617385833229,54.67695643055382,-87.48313028888612,10.935391286110764,43.74156514444306
37.9,87.52856529446997,131.29284794170496,65.64642397085248,21.882141323617493,-43.764282647234985,4.376428264723499,175.05713058893994,-21.882141323617493,109.41070661808746,32.82321198542624,54.70535330904373,-87.52856529446997,10.941070661808746,43.764282647234985
38.0,87.5754854288403,131.36322814326044,65.68161407163022,21.893871357210074,-43.78774271442015,4.378774271442015,175.1509708576806,-21.893871357210074,109.46935678605037,32.84080703581511,54.734678393025185,-87.5754854288403,10.946935678605037,43.78774271442015
38.1,87.62363316384138,131.43544974576207,65.71772487288104,21.905908290960344,-43.81181658192069,4.381181658192069,175.24726632768275,-21.905908290960344,109.52954145480172,32.85886243644052,54.76477072740086,-87.62363316384138,10.952954145480172,43.81181658192069
38.2,87.6727961335154,131.5091942002731,65.75459710013655,21.91819903337885,-43.8363980667577,4.38363980667577,175.3455922670308,-21.91819903337885,109.59099516689426,32.877298550068275,54.79549758344713,-87.6727961335154,10.959099516689426,43.8363980667577
38.300000000000004,87.72277865765776,131.58416798648665,65.79208399324332,21.93069466441444,-43.86138932882888,4.386138932882888,175.4455573153155,-21.93069466441444,109.65347332207219,32.89604199662166,54.826736661036094,-87.72277865765776,10.96534733220722,43.86138932882888
38.400000000000006,87.7734369466659,131.66015541999883,65.83007770999941,21.943359236666474,-43.88671847333295,4.388671847333295,175.5468738933318,-21.943359236666474,109.71679618333238,32.91503885499971,54.85839809166619,-87.7734369466659,10.971679618333237,43.88671847333295
38.5,87.82467321827225,131.73700982740837,65.86850491370419,21.956168304568063,-43.912336609136126,4.3912336609136124,175.6493464365445,-21.956168304568063,109.78084152284032,32.93425245685209,54.89042076142016,-87.82467321827225,10.978084152284032,43.912336609136126
38.6,87.87647841390056,131.81471762085084,65.90735881042542,21.96911960347514,-43.93823920695028,4.393823920695028,175.7529568278011,-21.96911960347514,109.84559801737569,32.95367940521271,54.922799008687846,-87.87647841390056,10.98455980173757,43.93823920695028
38.7,87.92882433102965,131.89323649654446,65.94661824827223,21.98220608275741,-43.96441216551482,4.396441216551483,175.8576486620593,-21.98220608275741,109.91103041378706,32.973309124136115,54.95551520689353,-87.92882433102965,10.991103041378706,43.96441216551482
38.800000000000004,87.98159605801054,131.9723940870158,65.9861970435079,21.995399014502635,-43.99079802900527,4.399079802900527,175.96319211602108,-21.995399014502635,109.97699507251318,32.99309852175395,54.98849753625659,-87.98159605801054,10.997699507251317,43.99079802900527
38.900000000000006,88.03458774293172,132.0518816143976,66.0259408071988,22.00864693573293,-44.01729387146586,4.401729387146586,176.06917548586344,-22.00864693573293,110.04323467866465,33.0129704035994,55.02161733933232,-88.03458774293172,11.004323467866465,44.01729387146586
39.0,88.08760711744618,132.13141067616928,66.06570533808464,22.021901779361546,-44.04380355872309,4.404380355872309,176.17521423489237,-22.021901779361546,110.10950889680772,33.03285266904232,55.05475444840386,-88.08760711744618,11.010950889680773,44.04380355872309
39.1,88.14053595728866,132.210803935933,66.1054019679665,22.035133989322166,-44.07026797864433,4.407026797864433,176.28107191457732,-22.035133989322166,110.17566994661082,33.05270098398325,55.08783497330541,-88.14053595728866,11.017566994661083,44.07026797864433
39.2,88.19331668603013,132.2899750290452,66.1449875145226,22.048329171507532,-44.096658343015065,4.4096658343015065,176.38663337206026,-22.048329171507532,110.24164585753766,33.0724937572613,55.12082292876883,-88.19331668603013,11.024164585753766,44.096658343015065
39.300000000000004,88.24590200298934,132.368853004484,66.184426502242,22.061475500747335,-44.12295100149467,4.412295100149467,176.49180400597868,-22.061475500747335,110.30737750373667,33.092213251121,55.15368875186834,-88.24590200298934,11.030737750373667,44.12295100149467
39.400000000000006,88.29825831319228,132.44738746978842,66.22369373489421,22.07456457829807,-44.14912915659614,4.414912915659614,176.59651662638456,-22.07456457829807,110.37282289149034,33.111846867447106,55.18641144574517,-88.29825831319228,11.037282289149035,44.14912915659614
39.5,88.35039081263541,132.52558621895312,66.26279310947656,22.087597703158853,-44.175195406317705,4.417519540631771,176.70078162527082,-22.087597703158853,110.43798851579426,33.13139655473828,55.21899425789713,-88.35039081263541,11.043798851579426,44.175195406317705
39.6,88.4023159162102,132.60347387431528,66.30173693715764,22.10057897905255,-44.2011579581051,4.42011579581051,176.8046318324204,-22.10057897905255,110.50289489526276,33.15086846857882,55.25144744763138,-88.4023159162102,11.050289489526275,44.2011579581051
39.7,88.45403281127255,132.68104921690883,66.34052460845442,22.11350820281814,-44.22701640563628,4.422701640563628,176.9080656225451,-22.11350820281814,110.5675410140907,33.17026230422721,55.28377050704535,-88.45403281127255,11.05675410140907,44.22701640563628
39.800000000000004,88.50549002968097,132.75823504452146,66.37911752226073,22.126372507420243,-44.252745014840485,4.425274501484049,177.01098005936194,-22.126372507420243,110.63186253710121,33.189558761130364,55.31593126855061,-88.50549002968097,11.063186253710121,44.252745014840485
39.900000000000006,88.55655483365467,132.834832250482,66.417416125241,22.139138708413668,-44.278277416827336,4.427827741682734,177.11310966730935,-22.139138708413668,110.69569354206834,33.2087080626205,55.34784677103417,-88.55655483365467,11.069569354206834,44.278277416827336
40.0,88.60708643470907,132.91062965206362,66.45531482603181,22.15177160867727,-44.30354321735454,4.430354321735454,177.21417286941815,-22.15177160867727,110.75885804338634,33.227657413015905,55.37942902169317,-88.60708643470907,11.075885804338634,44.30354321735454
40.1,88.65695644638198,132.98543466957298,66.49271733478649,22.164239111595496,-44.32847822319099,4.4328478223191,177.31391289276397,-22.164239111595496,110.82119555797748,33.246358667393245,55.41059777898874,-88.65695644638198,11.082119555797748,44.32847822319099
40.2,88.70603735412966,133.0590560311945,66.52952801559725,22.176509338532416,-44.35301867706483,4.4353018677064835,177.41207470825933,-22.176509338532416,110.88254669266207,33.264764007798625,55.44127334633104,-88.70603735412966,11.088254669266208,44.35301867706483
40.300000000000004,88.75427035056627,133.1314055258494,66.5657027629247,22.18856758764157,-44.37713517528314,4.437713517528314,177.50854070113255,-22.18856758764157,110.94283793820784,33.28285138146235,55.47141896910392,-88.75427035056627,11.094283793820784,44.37713517528314
40.400000000000006,88.80168735551969,133.20253103327954,66.60126551663977,22.200421838879922,-44.400843677759845,4.4400843677759845,177.60337471103938,-22.200421838879922,111.00210919439961,33.300632758319885,55.501054597199804,-88.80168735551969,11.100210919439961,44.400843677759845
40.5,88.84836601196923,133.27254901795385,66.63627450897692,22.21209150299231,-44.42418300598462,4.442418300598462,177.69673202393847,-22.21209150299231,111.06045751496154,33.31813725448846,55.53022875748077,-88.84836601196923,11.106045751496154,44.42418300598462
40.6,88.89437074540172,133.34155611810257,66.67077805905129,22.22359268635043,-44.44718537270086,4.444718537270086,177.78874149080343,-22.22359268635043,111.11796343175214,33.33538902952564,55.55898171587607,-88.89437074540172,11.111796343175214,44.44718537270086
40.7,88.93978395850351,133.40967593775525,66.70483796887763,22.234945989625878,-44.469891979251756,4.446989197925176,177.87956791700702,-22.234945989625878,111.1747299481294,33.35241898443881,55.5873649740647,-88.93978395850351,11.117472994812939,44.469891979251756
40.800000000000004,88.98472259886006,133.4770838982901,66.73854194914504,22.246180649715015,-44.49236129943003,4.449236129943003,177.96944519772012,-22.246180649715015,111.23090324857507,33.36927097457252,55.61545162428754,-88.98472259886006,11.123090324857507,44.49236129943003
40.900000000000006,89.02931488146089,133.54397232219134,66.77198616109567,22.257328720365223,-44.514657440730446,4.451465744073045,178.05862976292178,-22.257328720365223,111.28664360182611,33.385993080547834,55.64332180091306,-89.02931488146089,11.128664360182611,44.514657440730446
41.0,89.07364719076001,133.61047078614,66.80523539307,22.268411797690003,-44.53682359538001,4.453682359538001,178.14729438152003,-22.268411797690003,111.34205898845002,33.402617696535,55.67102949422501,-89.07364719076001,11.134205898845002,44.53682359538001
41.1,89.11781609025431,133.67672413538145,66.83836206769072,22.279454022563577,-44.558908045127154,4.455890804512715,178.23563218050862,-22.279454022563577,111.39727011281789,33.41918103384536,55.698635056408946,-89.11781609025431,11.139727011281789,44.558908045127154
41.2,89.16192764899895,133.74289147349845,66.87144573674922,22.29048191224974,-44.58096382449948,4.4580963824499475,178.3238552979979,-22.29048191224974,111.45240956124869,33.43572286837461,55.72620478062434,-89.16192764899895,11.14524095612487,44.58096382449948
41.300000000000004,89.20615707102522,133.8092356065378,66.9046178032689,22.301539267756304,-44.60307853551261,4.460307853551261,178.41231414205043,-22.301539267756304,111.50769633878153,33.45230890163445,55.753848169390764,-89.20615707102522,11.150769633878152,44.60307853551261
41.400000000000006,89.25067093043589,133.87600639565383,66.93800319782692,22.312667732608972,-44.625335465217944,4.462533546521795,178.50134186087178,-22.312667732608972,111.56333866304486,33.46900159891346,55.78166933152243,-89.25067093043589,11.156333866304486,44.625335465217944
41.5,89.29562271498855,133.94343407248283,66.97171703624142,22.32390567874714,-44.64781135749428,4.464781135749428,178.5912454299771,-22.32390567874714,111.61952839373569,33.48585851812071,55.809764196867846,-89.29562271498855,11.16195283937357,44.64781135749428
41.6,89.34110392243896,134.01165588365845,67.00582794182922,22.33527598060974,-44.67055196121948,4.467055196121948,178.68220784487792,-22.33527598060974,111.6763799030487,33.50291397091461,55.83818995152435,-89.34110392243896,11.16763799030487,44.67055196121948
41.7,89.38722900939145,134.08084351408718,67.04042175704359,22.346807252347862,-44.693614504695724,4.469361450469573,178.7744580187829,-22.346807252347862,111.7340362617393,33.520210878521794,55.86701813086965,-89.38722900939145,11.173403626173931,44.693614504695724
41.800000000000004,89.43410743227446,134.1511611484117,67.07558057420584,22.358526858068615,-44.71705371613723,4.471705371613723,178.86821486454892,-22.358526858068615,111.79263429034307,33.53779028710292,55.89631714517154,-89.43410743227446,11.179263429034307,44.71705371613723
41.900000000000006,89.4818423574296,134.22276353614438,67.11138176807219,22.3704605893574,-44.7409211787148,4.47409211787148,178.9636847148592,-22.3704605893574,111.852302946787,33.555690884036096,55.9261514733935,-89.4818423574296,11.1852302946787,44.7409211787148
42.0,89.53054180080345,134.29581270120516,67.14790635060258,22.382635450200862,-44.765270900401724,4.476527090040173,179.0610836016069,-22.382635450200862,111.91317725100431,33.57395317530129,55.95658862550216,-89.53054180080345,11.191317725100431,44.765270900401724
42.1,89.58026930770014,134.3704039615502,67.1852019807751,22.395067326925034,-44.79013465385007,4.479013465385007,179.16053861540027,-22.395067326925034,111.97533663462517,33.59260099038755,55.98766831731258,-89.58026930770014,11.197533663462517,44.79013465385007
42.2,89.63110809908221,134.44666214862332,67.22333107431166,22.407777024770553,-44.815554049541106,4.48155540495411,179.26221619816442,-22.407777024770553,112.03888512385276,33.61166553715583,56.01944256192638,-89.63110809908221,11.203888512385276,44.815554049541106
42.300000000000004,89.6831061534637,134.52465923019554,67.26232961509777,22.420776538365924,-44.84155307673185,4.484155307673185,179.3662123069274,-22.420776538365924,112.10388269182963,33.631164807548885,56.05194134591481,-89.6831061534637,11.210388269182962,44.84155307673185
42.400000000000006,89.73626222990356,134.60439334485534,67.30219667242767,22.43406555747589,-44.86813111495178,4.486813111495178,179.47252445980712,-22.43406555747589,112.17032778737945,33.651098336213835,56.085163893689725,-89.73626222990356,11.217032778737945,44.86813111495178
42.5,89.79054625848046,134.6858193877207,67.34290969386035,22.447636564620115,-44.89527312924023,4.489527312924023,179.58109251696092,-22.447636564620115,112.23818282310057,33.671454846930175,56.119091411550286,-89.79054625848046,11.223818282310058,44.89527312924023
42.6,89.84588445632039,134.7688266844806,67.3844133422403,22.461471114080098,-44.922942228160196,4.49229422281602,179.69176891264078,-22.461471114080098,112.30735557040049,33.69220667112015,56.153677785200244,-89.84588445632039,11.230735557040049,44.922942228160196
42.7,89.90220220996565,134.85330331494848,67.42665165747424,22.475550552491413,-44.951101104982826,4.495110110498283,179.8044044199313,-22.475550552491413,112.37775276245706,33.71332582873712,56.18887638122853,-89.90220220996565,11.237775276245706,44.951101104982826
42.800000000000004,89.95934728836578,134.93902093254866,67.46951046627433,22.489836822091444,-44.97967364418289,4.497967364418289,179.91869457673155,-22.489836822091444,112.44918411045722,33.734755233137165,56.22459205522861,-89.95934728836578,11.244918411045722,44.97967364418289
42.900000000000006,90.01708849011922,135.02563273517882,67.51281636758941,22.504272122529805,-45.00854424505961,4.500854424505961,180.03417698023844,-22.504272122529805,112.52136061264903,33.756408183794704,56.26068030632452,-90.01708849011922,11.252136061264903,45.00854424505961
43.0,90.07517016285296,135.11275524427944,67.55637762213972,22.51879254071324,-45.03758508142648,4.503758508142648,180.1503403257059,-22.51879254071324,112.59396270356619,33.77818881106986,56.296981351783096,-90.07517016285296,11.25939627035662,45.03758508142648
43.1,90.1333021889684,135.1999532834526,67.5999766417263,22.5333255472421,-45.0666510944842,4.50666510944842,180.2666043779368,-22.5333255472421,112.6666277362105,33.79998832086315,56.33331386810525,-90.1333021889684,11.26666277362105,45.0666510944842
43.2,90.19121207516632,135.28681811274947,67.64340905637474,22.54780301879158,-45.09560603758316,4.509560603758316,180.38242415033264,-22.54780301879158,112.7390150939579,33.82170452818737,56.36950754697895,-90.19121207516632,11.27390150939579,45.09560603758316
43.300000000000004,90.24865886709736,135.37298830064606,67.68649415032303,22.56216471677434,-45.12432943354868,4.512432943354868,180.49731773419472,-22.56216471677434,112.8108235838717,33.843247075161514,56.40541179193585,-90.24865886709736,11.28108235838717,45.12432943354868
43.400000000000006,90.30551842203951,135.45827763305925,67.72913881652963,22.576379605509878,-45.152759211019756,4.515275921101976,180.61103684407902,-22.576379605509878,112.8818980275494,33.86456940826481,56.4409490137747,-90.30551842203951,11.288189802754939,45.152759211019756
43.5,90.36171205134319,135.54256807701478,67.77128403850739,22.590428012835797,-45.180856025671595,4.51808560256716,180.72342410268638,-22.590428012835797,112.95214006417899,33.885642019253694,56.476070032089495,-90.36171205134319,11.295214006417899,45.180856025671595
43.6,90.41720054930482,135.62580082395723,67.81290041197862,22.604300137326206,-45.20860027465241,4.5208600274652415,180.83440109860965,-22.604300137326206,113.02150068663103,33.90645020598931,56.510750343315514,-90.41720054930482,11.302150068663103,45.20860027465241
43.7,90.47203728959866,135.70805593439798,67.85402796719899,22.618009322399665,-45.23601864479933,4.523601864479933,180.94407457919732,-22.618009322399665,113.09004661199833,33.927013983599494,56.545023305999166,-90.47203728959866,11.309004661199832,45.23601864479933
43.800000000000004,90.52630282479964,135.78945423719946,67.89472711859973,22.63157570619991,-45.26315141239982,4.526315141239983,181.0526056495993,-22.63157570619991,113.15787853099955,33.947363559299866,56.57893926549978,-90.52630282479964,11.315787853099955,45.26315141239982
43.900000000000006,90.58006442430576,135.87009663645864,67.93504831822932,22.64501610607644,-45.29003221215288,4.529003221215288,181.16012884861152,-22.64501610607644,113.2250805303822,33.96752415911466,56.6125402651911,-90.58006442430576,11.32250805303822,45.29003221215288
44.0,90.6334002696033,135.95010040440496,67.97505020220248,22.658350067400825,-45.31670013480165,4.5316700134801655,181.2668005392066,-22.658350067400825,113.29175033700412,33.98752510110124,56.64587516850206,-90.6334002696033,11.329175033700412,45.31670013480165
44.1,90.68641793627565,136.02962690441348,68.01481345220674,22.67160448406891,-45.34320896813782,4.5343208968137825,181.3728358725513,-22.67160448406891,113.35802242034455,34.00740672610337,56.67901121017228,-90.68641793627565,11.335802242034456,45.34320896813782
44.2,90.73921654495379,136.10882481743067,68.05441240871534,22.684804136238448,-45.369608272476896,4.53696082724769,181.47843308990758,-22.684804136238448,113.42402068119225,34.02720620435767,56.71201034059612,-90.73921654495379,11.342402068119224,45.369608272476896
44.300000000000004,90.7918406813228,136.1877610219842,68.0938805109921,22.6979601703307,-45.3959203406614,4.53959203406614,181.5836813626456,-22.6979601703307,113.4898008516535,34.04694025549605,56.74490042582675,-90.7918406813228,11.34898008516535,45.3959203406614
44.400000000000006,90.84423928546147,136.2663589281922,68.1331794640961,22.711059821365367,-45.422119642730735,4.542211964273074,181.68847857092294,-22.711059821365367,113.55529910682684,34.06658973204805,56.77764955341342,-90.84423928546147,11.355529910682684,45.422119642730735
44.5,90.89634324131619,136.3445148619743,68.17225743098714,22.724085810329047,-45.448171620658094,4.54481716206581,181.79268648263238,-22.724085810329047,113.62042905164523,34.08612871549357,56.810214525822616,-90.89634324131619,11.362042905164524,45.448171620658094
44.6,90.94810931886849,136.42216397830273,68.21108198915137,22.737027329717122,-45.474054659434245,4.547405465943425,181.89621863773698,-22.737027329717122,113.68513664858561,34.105540994575684,56.842568324292806,-90.94810931886849,11.368513664858561,45.474054659434245
44.7,90.99953424343707,136.4993013651556,68.2496506825778,22.749883560859267,-45.499767121718534,4.549976712171854,181.99906848687414,-22.749883560859267,113.74941780429634,34.1248253412889,56.87470890214817,-90.99953424343707,11.374941780429634,45.499767121718534
44.800000000000004,91.05061540935937,136.57592311403906,68.28796155701953,22.76265385233984,-45.52530770467968,4.5525307704679685,182.10123081871873,-22.76265385233984,113.8132692616992,34.143980778509764,56.9066346308496,-91.05061540935937,11.38132692616992,45.52530770467968
44.900000000000006,91.10128371223372,136.65192556835058,68.32596278417529,22.77532092805843,-45.55064185611686,4.555064185611687,182.20256742446745,-22.77532092805843,113.87660464029216,34.162981392087644,56.93830232014608,-91.10128371223372,11.387660464029215,45.55064185611686
45.0,91.15152822655003,136.72729233982506,68.36364616991253,22.787882056637507,-45.575764113275014,4.557576411327502,182.30305645310006,-22.787882056637507,113.93941028318753,34.181823084956264,56.969705141593764,-91.15152822655003,11.393941028318753,45.575764113275014
45.1,91.20135998285696,136.80203997428544,68.40101998714272,22.80033999571424,-45.60067999142848,4.560067999142848,182.4027199657139,-22.80033999571424,114.0016999785712,34.20050999357136,57.0008499892856,-91.20135998285696,11.40016999785712,45.60067999142848
45.2,91.2508015676817,136.87620235152255,68.43810117576128,22.812700391920426,-45.62540078384085,4.562540078384085,182.5016031353634,-22.812700391920426,114.06350195960214,34.21905058788064,57.03175097980107,-91.2508015676817,11.406350195960213,45.62540078384085
45.300000000000004,91.2998449636322,136.9497674454483,68.47488372272414,22.82496124090805,-45.6499224818161,4.56499224818161,182.5996899272644,-22.82496124090805,114.12480620454025,34.23744186136207,57.062403102270125,-91.2998449636322,11.412480620454025,45.6499224818161
45.400000000000006,91.3484797237364,137.0227195856046,68.5113597928023,22.8371199309341,-45.6742398618682,4.56742398618682,182.6969594474728,-22.8371199309341,114.18559965467051,34.25567989640115,57.092799827335256,-91.3484797237364,11.41855996546705,45.6742398618682
45.5,91.39668245860697,137.09502368791047,68.54751184395523,22.849170614651744,-45.69834122930349,4.569834122930349,182.79336491721395,-22.849170614651744,114.24585307325871,34.27375592197762,57.12292653662936,-91.39668245860697,11.424585307325872,45.69834122930349
45.6,91.4444429779059,137.16666446685883,68.58333223342942,22.861110744476473,-45.72222148895295,4.572222148895295,182.8888859558118,-22.861110744476473,114.30555372238237,34.29166611671471,57.152776861191185,-91.4444429779059,11.430555372238237,45.72222148895295
45.7,91.49173838273414,137.23760757410122,68.61880378705061,22.872934595683535,-45.74586919136707,4.574586919136707,182.98347676546828,-22.872934595683535,114.36467297841767,34.309401893525305,57.182336489208836,-91.49173838273414,11.436467297841768,45.74586919136707
45.800000000000004,91.53855348272849,137.30783022409273,68.65391511204636,22.884638370682122,-45.769276741364244,4.576927674136424,183.07710696545698,-22.884638370682122,114.42319185341061,34.32695755602318,57.21159592670531,-91.53855348272849,11.442319185341061,45.769276741364244
45.900000000000006,91.58496468997842,137.37744703496764,68.68872351748382,22.896241172494605,-45.79248234498921,4.579248234498921,183.16992937995684,-22.896241172494605,114.48120586247302,34.34436175874191,57.24060293123651,-91.58496468997842,11.448120586247303,45.79248234498921
46.0,91.63106059698588,137.4465908954788,68.7232954477394,22.90776514924647,-45.81553029849294,4.581553029849294,183.26212119397175,-22.90776514924647,114.53882574623235,34.3616477238697,57.269412873116174,-91.63106059698588,11.453882574623234,45.81553029849294
46.1,91.67689411443841,137.5153411716576,68.7576705858288,22.919223528609603,-45.838447057219206,4.583844705721921,183.35378822887682,-22.919223528609603,114.59611764304802,34.3788352929144,57.29805882152401,-91.67689411443841,11.459611764304801,45.838447057219206
46.2,91.72250100696515,137.5837515104477,68.79187575522386,22.930625251741287,-45.86125050348257,4.586125050348257,183.4450020139303,-22.930625251741287,114.65312625870644,34.39593787761193,57.32656312935322,-91.72250100696515,11.465312625870643,45.86125050348257
46.300000000000004,91.76793699744061,137.6519054961609,68.82595274808045,22.941984249360154,-45.88396849872031,4.588396849872031,183.53587399488123,-22.941984249360154,114.70992124680077,34.41297637404023,57.35496062340039,-91.76793699744061,11.470992124680077,45.88396849872031
46.400000000000006,91.81323445120483,137.71985167680725,68.85992583840363,22.95330861280121,-45.90661722560242,4.590661722560242,183.62646890240967,-22.95330861280121,114.76654306400604,34.42996291920181,57.38327153200302,-91.81323445120483,11.476654306400604,45.90661722560242
46.5,91.8584311053486,137.7876466580229,68.89382332901145,22.96460777633715,-45.9292155526743,4.59292155526743,183.7168622106972,-22.96460777633715,114.82303888168575,34.44691166450573,57.41151944084287,-91.8584311053486,11.482303888168575,45.9292155526743
46.6,91.90357512442662,137.85536268663992,68.92768134331996,22.975893781106656,-45.95178756221331,4.5951787562213315,183.80715024885325,-22.975893781106656,114.87946890553329,34.46384067165998,57.43973445276664,-91.90357512442662,11.487946890553328,45.95178756221331
46.7,91.94869607288163,137.92304410932246,68.96152205466123,22.987174018220408,-45.974348036440816,4.597434803644082,183.89739214576326,-22.987174018220408,114.93587009110203,34.480761027330615,57.467935045551016,-91.94869607288163,11.493587009110204,45.974348036440816
46.800000000000004,91.99387743101488,137.99081614652232,68.99540807326116,22.99846935775372,-45.99693871550744,4.599693871550744,183.98775486202976,-22.99846935775372,114.9923467887686,34.49770403663058,57.4961733943843,-91.99387743101488,11.49923467887686,45.99693871550744
46.900000000000006,92.03918501529749,138.05877752294623,69.02938876147311,23.009796253824373,-46.019592507648746,4.6019592507648746,184.07837003059498,-23.009796253824373,115.04898126912187,34.51469438073656,57.524490634560934,-92.03918501529749,11.504898126912186,46.019592507648746
47.0,92.08461365047104,138.12692047570656,69.06346023785328,23.02115341261776,-46.04230682523552,4.604230682523553,184.16922730094208,-23.02115341261776,115.1057670630888,34.53173011892664,57.5528835315444,-92.08461365047104,11.51057670630888,46.04230682523552
47.1,92.13018833882774,138.1952825082416,69.0976412541208,23.032547084706934,-46.06509416941387,4.606509416941387,184.26037667765547,-23.032547084706934,115.16273542353467,34.5488206270604,57.581367711767335,-92.13018833882774,11.516273542353467,46.06509416941387
47.2,92.17595250876496,138.26392876314745,69.13196438157372,23.04398812719124,-46.08797625438248,4.608797625438249,184.35190501752993,-23.04398812719124,115.2199406359562,34.56598219078686,57.6099703179781,-92.17595250876496,11.52199406359562,46.08797625438248
47.300000000000004,92.22185623563509,138.33278435345264,69.16639217672632,23.055464058908772,-46.110928117817544,4.611092811781755,184.44371247127017,-23.055464058908772,115.27732029454386,34.58319608836316,57.63866014727193,-92.22185623563509,11.527732029454386,46.110928117817544
47.400000000000006,92.26778820513327,138.4016823076999,69.20084115384995,23.066947051283318,-46.133894102566636,4.613389410256664,184.53557641026654,-23.066947051283318,115.3347352564166,34.600420576924975,57.6673676282083,-92.26778820513327,11.533473525641659,46.133894102566636
47.5,92.31366970437163,138.47050455655744,69.23525227827872,23.07841742609291,-46.15683485218582,4.6156834852185815,184.62733940874327,-23.07841742609291,115.39208713046455,34.61762613913936,57.69604356523227,-92.31366970437163,11.539208713046454,46.15683485218582
47.6,92.35941054387517,138.53911581581275,69.26955790790637,23.089852635968793,-46.179705271937586,4.617970527193759,184.71882108775034,-23.089852635968793,115.44926317984397,34.63477895395319,57.724631589921984,-92.35941054387517,11.544926317984396,46.179705271937586
47.7,92.40484852287413,138.6072727843112,69.3036363921556,23.101212130718533,-46.202424261437066,4.620242426143707,184.80969704574827,-23.101212130718533,115.50606065359267,34.6518181960778,57.753030326796335,-92.40484852287413,11.550606065359267,46.202424261437066
47.800000000000004,92.44978615999399,138.67467923999098,69.33733961999549,23.112446539998498,-46.224893079996995,4.622489307999699,184.89957231998798,-23.112446539998498,115.56223269999249,34.668669809997745,57.781116349996246,-92.44978615999399,11.556223269999249,46.224893079996995
47.900000000000006,92.49405013222258,138.74107519833387,69.37053759916694,23.123512533055646,-46.24702506611129,4.624702506611129,184.98810026444517,-23.123512533055646,115.61756266527823,34.68526879958347,57.808781332639114,-92.49405013222258,11.561756266527823,46.24702506611129
48.0,92.53745997791852,138.80618996687778,69.40309498343889,23.13436499447963,-46.26872998895926,4.626872998895926,185.07491995583703,-23.13436499447963,115.67182497239814,34.701547491719445,57.83591248619907,-92.53745997791852,11.567182497239815,46.26872998895926
48.1,92.57989373129158,138.86984059693737,69.43492029846868,23.144973432822894,-46.28994686564579,4.628994686564579,185.15978746258315,-23.144973432822894,115.72486716411447,34.71746014923434,57.862433582057236,-92.57989373129158,11.572486716411447,46.28994686564579
48.2,92.62127741045396,138.93191611568093,69.46595805784047,23.15531935261349,-46.31063870522698,4.631063870522698,185.2425548209079,-23.15531935261349,115.77659676306745,34.732979028920234,57.88829838153372,-92.62127741045396,11.577659676306745,46.31063870522698
48.300000000000004,92.66153057993614,138.9922958699042,69.4961479349521,23.165382644984035,-46.33076528996807,4.633076528996807,185.32306115987228,-23.165382644984035,115.82691322492018,34.74807396747605,57.91345661246009,-92.66153057993614,11.582691322492018,46.33076528996807
48.400000000000006,92.70060310864012,139.0509046629602,69.5254523314801,23.17515077716003,-46.35030155432006,4.635030155432006,185.40120621728025,-23.17515077716003,115.87575388580015,34.76272616574005,57.937876942900076,-92.70060310864012,11.587575388580015,46.35030155432006
48.5,92.73845058244099,139.1076758736615,69.55383793683075,23.184612645610247,-46.369225291220495,4.6369225291220495,185.47690116488198,-23.184612645610247,115.92306322805123,34.77691896841537,57.96153161402562,-92.73845058244099,11.592306322805124,46.369225291220495
48.6,92.7750657976549,139.16259869648235,69.58129934824117,23.193766449413726,-46.38753289882745,4.638753289882746,185.5501315953098,-23.193766449413726,115.96883224706863,34.79064967412059,57.98441612353432,-92.7750657976549,11.596883224706863,46.38753289882745
48.7,92.81047396387783,139.21571094581674,69.60785547290837,23.202618490969456,-46.40523698193891,4.640523698193891,185.62094792775565,-23.202618490969456,116.01309245484728,34.803927736454185,58.00654622742364,-92.81047396387783,11.601309245484728,46.40523698193891
48.800000000000004,92.84474669498114,139.2671200424717,69.63356002123585,23.211186673745285,-46.42237334749057,4.6422373347490575,185.68949338996228,-23.211186673745285,116.05593336872643,34.816780010617926,58.027966684363214,-92.84474669498114,11.605593336872642,46.42237334749057
48.900000000000006,92.87797725146386,139.3169658771958,69.6584829385979,23.219494312865965,-46.43898862573193,4.643898862573193,185.75595450292772,-23.219494312865965,116.09747156432982,34.82924146929895,58.04873578216491,-92.87797725146386,11.609747156432983,46.43898862573193
49.0,92.9102283759531,139.36534256392963,69.68267128196482,23.227557093988274,-46.45511418797655,4.645511418797655,185.8204567519062,-23.227557093988274,116.13778546994138,34.84133564098241,58.06889273497069,-92.9102283759531,11.613778546994137,46.45511418797655
49.1,92.94154667013248,139.41232000519872,69.70616000259936,23.23538666753312,-46.47077333506624,4.647077333506624,185.88309334026496,-23.23538666753312,116.1769333376656,34.85308000129968,58.0884666688328,-92.94154667013248,11.61769333376656,46.47077333506624
49.2,92.9720918183272,139.4581377274908,69.7290688637454,23.2430229545818,-46.4860459091636,4.64860459091636,185.9441836366544,-23.2430229545818,116.215114772909,34.8645344318727,58.1075573864545,-92.9720918183272,11.6215114772909,46.4860459091636
49.300000000000004,93.00209374352427,139.5031406152864,69.7515703076432,23.250523435881068,-46.501046871762135,4.6501046871762135,186.00418748704854,-23.250523435881068,116.25261717940533,34.8757851538216,58.12630858970267,-93.00209374352427,11.625261717940534,46.501046871762135
49.400000000000006,93.03174137508378,139.54761206262566,69.77380603131283,23.257935343770946,-46.51587068754189,4.651587068754189,186.06348275016757,-23.257935343770946,116.28967671885474,34.886903015656415,58.14483835942737,-93.03174137508378,11.628967671885473,46.51587068754189
49.5,93.06120921477331,139.59181382215996,69.79590691107998,23.26530230369333,-46.53060460738666,4.653060460738666,186.12241842954663,-23.26530230369333,116.32651151846665,34.89795345553999,58.16325575923332,-93.06120921477331,11.632651151846664,46.53060460738666
49.6,93.09064957698345,139.6359743654752,69.8179871827376,23.272662394245863,-46.545324788491726,4.654532478849172,186.1812991539669,-23.272662394245863,116.36331197122931,34.9089935913688,58.181655985614654,-93.09064957698345,11.636331197122932,46.545324788491726
49.7,93.12015451709686,139.6802317756453,69.84011588782265,23.280038629274216,-46.56007725854843,4.656007725854844,186.24030903419373,-23.280038629274216,116.40019314637108,34.920057943911324,58.20009657318554,-93.12015451709686,11.640019314637108,46.56007725854843
49.800000000000004,93.14974721021967,139.7246208153295,69.86231040766475,23.287436802554918,-46.574873605109836,4.657487360510983,186.29949442043934,-23.287436802554918,116.4371840127746,34.931155203832375,58.2185920063873,-93.14974721021967,11.643718401277459,46.574873605109836
49.900000000000006,93.17945874174515,139.7691881126177,69.88459405630886,23.294864685436288,-46.589729370872575,4.658972937087258,186.3589174834903,-23.294864685436288,116.47432342718145,34.94229702815443,58.23716171359072,-93.17945874174515,11.647432342718144,46.589729370872575
50.0,93.20927759129148,139.81391638693722,69.90695819346861,23.30231939782287,-46.60463879564574,4.660463879564574,186.41855518258296,-23.30231939782287,116.51159698911435,34.953479096734306,58.255798494557176,-93.20927759129148,11.651159698911435,46.60463879564574
50.1,93.2391225442536,139.8586838163804,69.9293419081902,23.3097806360634,-46.6195612721268,4.66195612721268,186.4782450885072,-23.3097806360634,116.54890318031701,34.9646709540951,58.274451590158506,-93.2391225442536,11.6548903180317,46.6195612721268
50.2,93.26887340795858,139.90331011193786,69.95165505596893,23.317218351989645,-46.63443670397929,4.663443670397929,186.53774681591716,-23.317218351989645,116.58609175994823,34.975827527984464,58.293045879974116,-93.26887340795858,11.658609175994822,46.63443670397929
50.300000000000004,93.29844674808471,139.94767012212708,69.97383506106354,23.32461168702118,-46.64922337404236,4.664922337404236,186.59689349616943,-23.32461168702118,116.62305843510589,34.98691753053177,58.311529217552945,-93.29844674808471,11.66230584351059,46.64922337404236
50.400000000000006,93.32774993635087,139.9916249045263,69.99581245226315,23.331937484087717,-46.663874968175435,4.666387496817544,186.65549987270174,-23.331937484087717,116.65968742043859,34.997906226131576,58.32984371021929,-93.32774993635087,11.665968742043859,46.663874968175435
50.5,93.35670803394396,140.03506205091594,70.01753102545797,23.33917700848599,-46.67835401697198,4.667835401697198,186.71341606788792,-23.33917700848599,116.69588504242995,35.008765512728985,58.347942521214975,-93.35670803394396,11.669588504242995,46.67835401697198
50.6,93.3853144215669,140.07797163235034,70.03898581617517,23.346328605391726,-46.69265721078345,4.669265721078346,186.7706288431338,-23.346328605391726,116.73164302695864,35.019492908087585,58.36582151347932,-93.3853144215669,11.673164302695863,46.69265721078345
50.7,93.41361204331378,140.12041806497066,70.06020903248533,23.353403010828444,-46.70680602165689,4.670680602165689,186.82722408662755,-23.353403010828444,116.76701505414222,35.030104516242666,58.38350752707111,-93.41361204331378,11.676701505414222,46.70680602165689
50.800000000000004,93.44167161769582,140.16250742654373,70.08125371327186,23.360417904423954,-46.72083580884791,4.672083580884791,186.88334323539164,-23.360417904423954,116.80208952211977,35.04062685663593,58.401044761059886,-93.44167161769582,11.680208952211977,46.72083580884791
50.900000000000006,93.46956002358436,140.20434003537656,70.10217001768828,23.36739000589609,-46.73478001179218,4.673478001179219,186.93912004716873,-23.36739000589609,116.83695002948045,35.05108500884414,58.418475014740224,-93.46956002358436,11.683695002948046,46.73478001179218
51.0,93.49729766618906,140.24594649928358,70.12297324964179,23.374324416547264,-46.74864883309453,4.674864883309453,186.9945953323781,-23.374324416547264,116.87162208273632,35.061486624820894,58.43581104136816,-93.49729766618906,11.687162208273632,46.74864883309453
51.1,93.52485359407632,140.28728039111448,70.14364019555724,23.38121339851908,-46.76242679703816,4.676242679703816,187.04970718815264,-23.38121339851908,116.9060669925954,35.07182009777862,58.4530334962977,-93.52485359407632,11.69060669925954,46.76242679703816
51.2,93.5521536616769,140.32823049251533,70.16411524625767,23.388038415419224,-46.77607683083845,4.677607683083845,187.1043073233538,-23.388038415419224,116.94019207709613,35.08205762312883,58.470096038548064,-93.5521536616769,11.694019207709612,46.77607683083845
51.300000000000004,93.57913180548124,140.36869770822187,70.18434885411094,23.39478295137031,-46.78956590274062,4.678956590274062,187.15826361096248,-23.39478295137031,116.97391475685154,35.09217442705547,58.48695737842577,-93.57913180548124,11.697391475685155,46.78956590274062
51.400000000000006,93.60572318846084,140.40858478269126,70.20429239134563,23.40143079711521,-46.80286159423042,4.6802861594230425,187.21144637692169,-23.40143079711521,117.00715398557605,35.102146195672816,58.50357699278803,-93.60572318846084,11.700715398557605,46.80286159423042
51.5,93.63186999475622,140.4478049921343,70.22390249606715,23.407967498689054,-46.81593499737811,4.681593499737811,187.26373998951243,-23.407967498689054,117.03983749344528,35.11195124803358,58.51991874672264,-93.63186999475622,11.703983749344527,46.81593499737811
51.6,93.65750593934033,140.48625890901047,70.24312945450524,23.41437648483508,-46.82875296967016,4.682875296967016,187.31501187868065,-23.41437648483508,117.07188242417541,35.12156472725262,58.53594121208771,-93.65750593934033,11.70718824241754,46.82875296967016
51.7,93.68258767608845,140.52388151413265,70.26194075706633,23.42064691902211,-46.84129383804422,4.6841293838044225,187.3651753521769,-23.42064691902211,117.10323459511056,35.13097037853316,58.55161729755528,-93.68258767608845,11.710323459511056,46.84129383804422
51.800000000000004,93.70710838526057,140.56066257789087,70.28033128894543,23.426777096315142,-46.853554192630284,4.685355419263028,187.41421677052114,-23.426777096315142,117.1338854815757,35.14016564447272,58.56694274078785,-93.70710838526057,11.713388548157571,46.853554192630284
51.900000000000006,93.7310331672531,140.59654975087966,70.29827487543983,23.432758291813276,-46.86551658362655,4.686551658362656,187.4620663345062,-23.432758291813276,117.16379145906637,35.149137437719915,58.58189572953319,-93.7310331672531,11.716379145906638,46.86551658362655
52.0,93.75431802203745,140.63147703305617,70.31573851652809,23.438579505509363,-46.877159011018726,4.687715901101873,187.5086360440749,-23.438579505509363,117.19289752754682,35.15786925826404,58.59644876377341,-93.75431802203745,11.719289752754682,46.877159011018726
52.1,93.77696134152221,140.6654420122833,70.33272100614165,23.444240335380552,-46.888480670761105,4.688848067076111,187.55392268304442,-23.444240335380552,117.22120167690277,35.16636050307083,58.61060083845138,-93.77696134152221,11.722120167690276,46.888480670761105
52.2,93.79896229179965,140.6984434376995,70.34922171884975,23.449740572949914,-46.89948114589983,4.689948114589983,187.5979245835993,-23.449740572949914,117.24870286474956,35.174610859424874,58.62435143237478,-93.79896229179965,11.724870286474957,46.89948114589983
52.300000000000004,93.82029427442782,140.73044141164172,70.36522070582086,23.455073568606956,-46.91014713721391,4.691014713721391,187.64058854885565,-23.455073568606956,117.27536784303479,35.18261035291043,58.63768392151739,-93.82029427442782,11.727536784303478,46.91014713721391
52.400000000000006,93.84094447502082,140.76141671253123,70.38070835626561,23.460236118755205,-46.92047223751041,4.692047223751041,187.68188895004164,-23.460236118755205,117.30118059377602,35.19035417813281,58.65059029688801,-93.84094447502082,11.730118059377602,46.92047223751041
52.5,93.86086234416646,140.7912935162497,70.39564675812485,23.465215586041616,-46.93043117208323,4.693043117208323,187.72172468833293,-23.465215586041616,117.32607793020807,35.19782337906243,58.663038965104036,-93.86086234416646,11.732607793020808,46.93043117208323
52.6,93.87999218784762,140.81998828177143,70.40999414088571,23.469998046961905,-46.93999609392381,4.693999609392381,187.75998437569524,-23.469998046961905,117.34999023480952,35.20499707044286,58.67499511740476,-93.87999218784762,11.734999023480952,46.93999609392381
52.7,93.89830343629413,140.8474551544412,70.4237275772206,23.474575859073532,-46.949151718147064,4.694915171814706,187.79660687258826,-23.474575859073532,117.37287929536765,35.2118637886103,58.68643964768383,-93.89830343629413,11.737287929536766,46.949151718147064
52.800000000000004,93.91577723443893,140.87366585165842,70.43683292582921,23.478944308609734,-46.95788861721947,4.6957888617219465,187.83155446887787,-23.478944308609734,117.39472154304866,35.218416462914604,58.69736077152433,-93.91577723443893,11.739472154304867,46.95788861721947
52.900000000000006,93.93236574335155,140.89854861502732,70.44927430751366,23.48309143583789,-46.96618287167578,4.696618287167578,187.8647314867031,-23.48309143583789,117.41545717918945,35.22463715375683,58.70772858959472,-93.93236574335155,11.741545717918944,46.96618287167578
53.0,93.94803475078005,140.9220521261701,70.46102606308504,23.487008687695013,-46.97401737539003,4.6974017375390025,187.8960695015601,-23.487008687695013,117.43504343847506,35.23051303154252,58.71752171923753,-93.94803475078005,11.743504343847507,46.97401737539003
53.1,93.96281868465357,140.94422802698034,70.47211401349017,23.490704671163392,-46.981409342326785,4.698140934232678,187.92563736930714,-23.490704671163392,117.45352335581697,35.236057006745085,58.726761677908485,-93.96281868465357,11.745352335581696,46.981409342326785
53.2,93.97673653091186,140.9651047963678,70.4825523981839,23.494184132727966,-46.98836826545593,4.698836826545594,187.95347306182373,-23.494184132727966,117.47092066363983,35.24127619909195,58.735460331819915,-93.97673653091186,11.747092066363983,46.98836826545593
53.300000000000004,93.98983822940276,140.98475734410414,70.49237867205207,23.49745955735069,-46.99491911470138,4.699491911470139,187.97967645880553,-23.49745955735069,117.48729778675346,35.246189336026035,58.74364889337673,-93.98983822940276,11.748729778675346,46.99491911470138
53.400000000000006,94.00219465452115,141.00329198178173,70.50164599089086,23.500548663630287,-47.001097327260574,4.700109732726058,188.0043893090423,-23.500548663630287,117.50274331815143,35.25082299544543,58.751371659075716,-94.00219465452115,11.750274331815143,47.001097327260574
53.5,94.01392088257818,141.02088132386726,70.51044066193363,23.503480220644544,-47.00696044128909,4.700696044128909,188.02784176515635,-23.503480220644544,117.51740110322272,35.255220330966814,58.75870055161136,-94.01392088257818,11.751740110322272,47.00696044128909
53.6,94.02514858566745,141.03772287850117,70.51886143925059,23.506287146416863,-47.012574292833726,4.701257429283372,188.0502971713349,-23.506287146416863,117.53143573208432,35.25943071962529,58.76571786604216,-94.02514858566745,11.753143573208432,47.012574292833726
53.7,94.03600220228063,141.05400330342093,70.52700165171046,23.509000550570157,-47.018001101140314,4.701800110114031,188.07200440456126,-23.509000550570157,117.54500275285079,35.26350082585523,58.772501376425396,-94.03600220228063,11.754500275285078,47.018001101140314
53.800000000000004,94.04661675408477,141.06992513112715,70.53496256556357,23.51165418852119,-47.02330837704238,4.702330837704238,188.09323350816953,-23.51165418852119,117.55827094260596,35.26748128278179,58.77913547130298,-94.04661675408477,11.755827094260596,47.02330837704238
53.900000000000006,94.05704733682195,141.08557100523294,70.54278550261647,23.514261834205488,-47.028523668410976,4.702852366841098,188.1140946736439,-23.514261834205488,117.57130917102744,35.271392751308234,58.78565458551372,-94.05704733682195,11.757130917102744,47.028523668410976
54.0,94.06729361497639,141.1009404224646,70.5504702112323,23.516823403744098,-47.033646807488196,4.70336468074882,188.13458722995279,-23.516823403744098,117.58411701872049,35.27523510561615,58.792058509360245,-94.06729361497639,11.758411701872049,47.033646807488196
54.1,94.07743106713538,141.11614660070308,70.55807330035154,23.519357766783845,-47.03871553356769,4.703871553356769,188.15486213427076,-23.519357766783845,117.59678883391922,35.27903665017577,58.79839441695961,-94.07743106713538,11.759678883391922,47.03871553356769
54.2,94.08756944872582,141.1313541730887,70.56567708654435,23.521892362181454,-47.04378472436291,4.704378472436291,188.17513889745163,-23.521892362181454,117.60946181090728,35.28283854327218,58.80473090545364,-94.08756944872582,11.760946181090727,47.04378472436291
54.300000000000004,94.09777814979344,141.14666722469016,70.57333361234508,23.52444453744836,-47.04888907489672,4.704888907489672,188.19555629958688,-23.52444453744836,117.6222226872418,35.28666680617254,58.8111113436209,-94.09777814979344,11.76222226872418,47.04888907489672
54.400000000000006,94.10809678318559,141.16214517477837,70.58107258738919,23.527024195796397,-47.054048391592794,4.7054048391592795,188.21619356637117,-23.527024195796397,117.63512097898199,35.29053629369459,58.817560489490994,-94.10809678318559,11.763512097898198,47.054048391592794
54.5,94.11858147770855,141.17787221656283,70.58893610828142,23.529645369427136,-47.05929073885427,4.705929073885428,188.2371629554171,-23.529645369427136,117.64822684713567,35.29446805414071,58.82411342356784,-94.11858147770855,11.764822684713568,47.05929073885427
54.6,94.12931770761519,141.19397656142277,70.59698828071139,23.532329426903797,-47.06465885380759,4.7064658853807595,188.25863541523037,-23.532329426903797,117.66164713451899,35.29849414035569,58.83082356725949,-94.12931770761519,11.766164713451898,47.06465885380759
54.7,94.14035185208789,141.21052777813185,70.60526388906592,23.535087963021972,-47.070175926043945,4.7070175926043945,188.28070370417578,-23.535087963021972,117.67543981510985,35.30263194453296,58.83771990755493,-94.14035185208789,11.767543981510986,47.070175926043945
54.800000000000004,94.15175584150599,141.227633762259,70.6138168811295,23.537938960376497,-47.075877920752994,4.7075877920753,188.30351168301198,-23.537938960376497,117.68969480188248,35.30690844056475,58.84484740094124,-94.15175584150599,11.768969480188249,47.075877920752994
54.900000000000006,94.16358731938894,141.2453809790834,70.6226904895417,23.540896829847235,-47.08179365969447,4.708179365969447,188.32717463877788,-23.540896829847235,117.70448414923618,35.31134524477085,58.85224207461809,-94.16358731938894,11.770448414923617,47.08179365969447
55.0,94.17585720142617,141.26378580213924,70.63189290106962,23.543964300356542,-47.087928600713084,4.708792860071308,188.35171440285234,-23.543964300356542,117.71982150178272,35.31594645053481,58.85991075089136,-94.17585720142617,11.771982150178271,47.087928600713084
55.1,94.18856082459153,141.2828412368873,70.64142061844365,23.547140206147883,-47.09428041229577,4.709428041229577,188.37712164918307,-23.547140206147883,117.73570103073942,35.32071030922182,58.86785051536971,-94.18856082459153,11.773570103073942,47.09428041229577
55.2,94.20173403936971,141.30260105905455,70.65130052952728,23.550433509842428,-47.100867019684856,4.710086701968486,188.40346807873942,-23.550433509842428,117.75216754921215,35.32565026476364,58.87608377460607,-94.20173403936971,11.775216754921214,47.100867019684856
55.300000000000004,94.21545636769233,141.32318455153847,70.66159227576924,23.55386409192308,-47.10772818384616,4.7107728183846165,188.43091273538465,-23.55386409192308,117.76932045961541,35.33079613788462,58.88466022980771,-94.21545636769233,11.77693204596154,47.10772818384616
55.400000000000006,94.22981189565385,141.3447178434808,70.6723589217404,23.557452973913463,-47.11490594782693,4.711490594782693,188.4596237913077,-23.557452973913463,117.78726486956731,35.3361794608702,58.893632434783655,-94.22981189565385,11.778726486956732,47.11490594782693
55.5,94.24489016016493,141.3673352402474,70.6836676201237,23.561222540041232,-47.122445080082464,4.712244508008246,188.48978032032986,-23.561222540041232,117.80611270020616,35.34183381006185,58.90305635010308,-94.24489016016493,11.780611270020616,47.122445080082464
55.6,94.26077755912041,141.39116633868062,70.69558316934031,23.565194389780103,-47.13038877956021,4.713038877956021,188.52155511824083,-23.565194389780103,117.82597194890052,35.347791584670155,58.91298597445026,-94.26077755912041,11.782597194890052,47.13038877956021
55.7,94.27756851383313,141.4163527707497,70.70817638537486,23.569392128458283,-47.138784256916566,4.713878425691656,188.55513702766626,-23.569392128458283,117.8469606422914,35.35408819268743,58.9234803211457,-94.27756851383313,11.784696064229141,47.138784256916566
55.800000000000004,94.29536738044035,141.44305107066054,70.72152553533027,23.57384184511009,-47.14768369022018,4.714768369022018,188.5907347608807,-23.57384184511009,117.86920922555043,35.360762767665136,58.93460461277522,-94.29536738044035,11.786920922555044,47.14768369022018
55.900000000000006,94.31423503143147,141.4713525471472,70.7356762735736,23.578558757857866,-47.15711751571573,4.715711751571574,188.62847006286293,-23.578558757857866,117.89279378928933,35.3678381367868,58.946396894644664,-94.31423503143147,11.789279378928933,47.15711751571573
56.0,94.33418660384349,141.50127990576524,70.75063995288262,23.583546650960873,-47.167093301921746,4.716709330192175,188.66837320768698,-23.583546650960873,117.91773325480436,35.37531997644131,58.95886662740218,-94.33418660384349,11.791773325480436,47.167093301921746
56.1,94.35527077102398,141.53290615653597,70.76645307826799,23.588817692755995,-47.17763538551199,4.717763538551199,188.71054154204796,-23.588817692755995,117.94408846377998,35.38322653913399,58.97204423188999,-94.35527077102398,11.794408846377998,47.17763538551199
56.2,94.37753289062952,141.56629933594428,70.78314966797214,23.59438322265738,-47.18876644531476,4.718876644531476,188.75506578125905,-23.59438322265738,117.97191611328691,35.39157483398607,58.985958056643454,-94.37753289062952,11.79719161132869,47.18876644531476
56.300000000000004,94.40103273401009,141.60154910101514,70.80077455050757,23.600258183502522,-47.200516367005044,4.7200516367005045,188.80206546802017,-23.600258183502522,118.0012909175126,35.400387275253784,59.0006454587563,-94.40103273401009,11.800129091751261,47.200516367005044
56.400000000000006,94.42583064487313,141.6387459673097,70.81937298365484,23.606457661218283,-47.212915322436565,4.721291532243657,188.85166128974626,-23.606457661218283,118.03228830609142,35.40968649182742,59.01614415304571,-94.42583064487313,11.803228830609141,47.212915322436565
56.5,94.45200161499446,141.6780024224917,70.83900121124584,23.613000403748615,-47.22600080749723,4.722600080749723,188.90400322998892,-23.613000403748615,118.06500201874307,35.41950060562292,59.032501009371536,-94.45200161499446,11.806500201874307,47.22600080749723
56.6,94.47958819105067,141.719382286576,70.859691143288,23.619897047762667,-47.23979409552533,4.723979409552533,188.95917638210133,-23.619897047762667,118.09948523881333,35.429845571644,59.049742619406665,-94.47958819105067,11.809948523881333,47.23979409552533
56.7,94.50863980082079,141.76295970123118,70.88147985061559,23.627159950205197,-47.254319900410394,4.72543199004104,189.01727960164158,-23.627159950205197,118.13579975102598,35.440739925307795,59.06789987551299,-94.50863980082079,11.813579975102598,47.254319900410394
56.800000000000004,94.53920442856202,141.80880664284302,70.90440332142151,23.634801107140504,-47.26960221428101,4.726960221428101,189.07840885712403,-23.634801107140504,118.17400553570252,35.452201660710756,59.08700276785126,-94.53920442856202,11.817400553570252,47.26960221428101
56.900000000000006,94.57134119466235,141.85701179199353,70.92850589599676,23.642835298665588,-47.285670597331176,4.728567059733118,189.1426823893247,-23.642835298665588,118.21417649332794,35.46425294799838,59.10708824666397,-94.57134119466235,11.821417649332794,47.285670597331176
57.0,94.60515605104946,141.9077340765742,70.9538670382871,23.651289012762366,-47.30257802552473,4.730257802552473,189.21031210209892,-23.651289012762366,118.25644506381182,35.47693351914355,59.12822253190591,-94.60515605104946,11.825644506381183,47.30257802552473
57.1,94.6407458063929,141.96111870958936,70.98055935479468,23.660186451598225,-47.32037290319645,4.732037290319645,189.2814916127858,-23.660186451598225,118.30093225799112,35.49027967739734,59.15046612899556,-94.6407458063929,11.830093225799112,47.32037290319645
57.2,94.67816936605773,142.0172540490866,71.0086270245433,23.669542341514433,-47.339084683028865,4.733908468302887,189.35633873211546,-23.669542341514433,118.34771170757216,35.50431351227165,59.17385585378608,-94.67816936605773,11.834771170757216,47.339084683028865
57.300000000000004,94.7174545785357,142.07618186780354,71.03809093390177,23.679363644633924,-47.35872728926785,4.735872728926785,189.4349091570714,-23.679363644633924,118.39681822316962,35.519045466950885,59.19840911158481,-94.7174545785357,11.839681822316962,47.35872728926785
57.400000000000006,94.7586743370687,142.13801150560306,71.06900575280153,23.689668584267174,-47.37933716853435,4.737933716853435,189.5173486741374,-23.689668584267174,118.44834292133586,35.534502876400765,59.22417146066793,-94.7586743370687,11.844834292133587,47.37933716853435
57.5,94.80191271405108,142.20286907107663,71.10143453553832,23.70047817851277,-47.40095635702554,4.740095635702555,189.60382542810217,-23.70047817851277,118.50239089256385,35.55071726776916,59.251195446281926,-94.80191271405108,11.850239089256386,47.40095635702554
57.6,94.84730300261414,142.27095450392122,71.13547725196061,23.711825750653535,-47.42365150130707,4.742365150130707,189.69460600522828,-23.711825750653535,118.55912875326767,35.567738625980304,59.279564376633836,-94.84730300261414,11.855912875326768,47.42365150130707
57.7,94.89495284087437,142.34242926131157,71.17121463065578,23.723738210218592,-47.447476420437184,4.744747642043719,189.78990568174873,-23.723738210218592,118.61869105109295,35.58560731532789,59.309345525546476,-94.89495284087437,11.861869105109296,47.447476420437184
57.800000000000004,94.9448946371283,142.41734195569245,71.20867097784623,23.736223659282075,-47.47244731856415,4.747244731856415,189.8897892742566,-23.736223659282075,118.68111829641038,35.60433548892311,59.34055914820519,-94.9448946371283,11.868111829641038,47.47244731856415
57.900000000000006,94.9970615027756,142.4955922541634,71.2477961270817,23.7492653756939,-47.4985307513878,4.7498530751387795,189.9941230055512,-23.7492653756939,118.74632687846949,35.62389806354085,59.373163439234744,-94.9970615027756,11.87463268784695,47.4985307513878
58.0,95.05131825656368,142.57697738484552,71.28848869242276,23.76282956414092,-47.52565912828184,4.752565912828184,190.10263651312735,-23.76282956414092,118.81414782070459,35.64424434621138,59.407073910352295,-95.05131825656368,11.88141478207046,47.52565912828184
58.1,95.10749194170162,142.66123791255245,71.33061895627623,23.776872985425406,-47.55374597085081,4.755374597085082,190.21498388340325,-23.776872985425406,118.88436492712702,35.66530947813811,59.44218246356351,-95.10749194170162,11.888436492712703,47.55374597085081
58.2,95.16534867718629,142.74802301577944,71.37401150788972,23.791337169296572,-47.582674338593144,4.758267433859315,190.33069735437257,-23.791337169296572,118.95668584648286,35.68700575394486,59.47834292324143,-95.16534867718629,11.895668584648286,47.582674338593144
58.300000000000004,95.22467408375854,142.83701112563782,71.41850556281891,23.806168520939636,-47.61233704187927,4.761233704187927,190.4493481675171,-23.806168520939636,119.03084260469818,35.709252781409454,59.51542130234909,-95.22467408375854,11.903084260469818,47.61233704187927
58.400000000000006,95.28525634638133,142.927884519572,71.463942259786,23.821314086595333,-47.642628173190666,4.764262817319067,190.57051269276266,-23.821314086595333,119.10657043297667,35.731971129893,59.553285216488334,-95.28525634638133,11.910657043297666,47.642628173190666
58.5,95.34681661140625,143.02022491710937,71.51011245855469,23.836704152851564,-47.67340830570313,4.767340830570313,190.6936332228125,-23.836704152851564,119.18352076425782,35.75505622927734,59.59176038212891,-95.34681661140625,11.918352076425782,47.67340830570313
58.6,95.40902207440232,143.1135331116035,71.55676655580174,23.85225551860058,-47.70451103720116,4.770451103720116,190.81804414880463,-23.85225551860058,119.26127759300289,35.77838327790087,59.630638796501444,-95.40902207440232,11.92612775930029,47.70451103720116
58.7,95.47153713302437,143.20730569953656,71.60365284976828,23.867884283256092,-47.735768566512185,4.773576856651219,190.94307426604874,-23.867884283256092,119.33942141628046,35.80182642488414,59.66971070814023,-95.47153713302437,11.933942141628046,47.735768566512185
58.800000000000004,95.53398379074159,143.3009756861124,71.6504878430562,23.883495947685397,-47.76699189537079,4.776699189537079,191.06796758148317,-23.883495947685397,119.41747973842698,35.8252439215281,59.70873986921349,-95.53398379074159,11.941747973842698,47.76699189537079
58.900000000000006,95.59602021440656,143.39403032160985,71.69701516080492,23.89900505360164,-47.79801010720328,4.779801010720329,191.19204042881313,-23.89900505360164,119.4950252680082,35.84850758040246,59.7475126340041,-95.59602021440656,11.94950252680082,47.79801010720328
59.0,95.65735290287536,143.48602935431305,71.74301467715652,23.91433822571884,-47.82867645143768,4.782867645143768,191.31470580575072,-23.91433822571884,119.5716911285942,35.87150733857826,59.7858455642971,-95.65735290287536,11.95716911285942,47.82867645143768
59.1,95.71773314012994,143.5765997101949,71.78829985509745,23.929433285032484,-47.85886657006497,4.785886657006497,191.43546628025987,-23.929433285032484,119.64716642516242,35.894149927548725,59.82358321258121,-95.71773314012994,11.964716642516242,47.85886657006497
59.2,95.77697513834948,143.66546270752423,71.83273135376211,23.94424378458737,-47.88848756917474,4.788848756917474,191.55395027669897,-23.94424378458737,119.72121892293686,35.91636567688106,59.86060946146843,-95.77697513834948,11.972121892293686,47.88848756917474
59.300000000000004,95.83492851989439,143.75239277984159,71.87619638992079,23.958732129973598,-47.917464259947195,4.791746425994719,191.66985703978878,-23.958732129973598,119.79366064986799,35.938098194960396,59.896830324933994,-95.83492851989439,11.979366064986799,47.917464259947195
59.400000000000006,95.89145939250511,143.83718908875767,71.91859454437883,23.972864848126278,-47.945729696252556,4.794572969625256,191.78291878501022,-23.972864848126278,119.86432424063139,35.95929727218942,59.932162120315695,-95.89145939250511,11.986432424063139,47.945729696252556
59.5,95.94646920260352,143.9197038039053,71.95985190195265,23.98661730065088,-47.97323460130176,4.797323460130176,191.89293840520705,-23.98661730065088,119.9330865032544,35.97992595097632,59.9665432516272,-95.94646920260352,11.99330865032544,47.97323460130176
59.6,95.99987744795001,143.99981617192503,71.99990808596252,23.999969361987503,-47.999938723975006,4.799993872397501,191.99975489590003,-23.999969361987503,119.99984680993751,35.99995404298126,59.999923404968754,-95.99987744795001,11.999984680993752,47.999938723975006
59.7,96.05159938188443,144.07739907282664,72.03869953641332,24.012899845471107,-48.025799690942215,4.8025799690942215,192.10319876376886,-24.012899845471107,120.06449922735554,36.01934976820666,60.03224961367777,-96.05159938188443,12.006449922735554,48.025799690942215
59.800000000000004,96.10154131755526,144.1523119763329,72.07615598816645,24.025385329388815,-48.05077065877763,4.8050770658777635,192.20308263511052,-24.025385329388815,120.12692664694407,36.038077994083224,60.063463323472035,-96.10154131755526,12.012692664694407,48.05077065877763
59.900000000000006,96.14956636657026,144.2243495498554,72.1121747749277,24.037391591642564,-48.07478318328513,4.8074783183285135,192.2991327331405,-24.037391591642564,120.18695795821282,36.05608738746385,60.09347897910641,-96.14956636657026,12.018695795821282,48.07478318328513
60.0,96.19553060070055,144.29329590105084,72.14664795052542,24.048882650175138,-48.097765300350275,4.809776530035028,192.3910612014011,-24.048882650175138,120.24441325087568,36.07332397526271,60.12220662543784,-96.19553060070055,12.024441325087569,48.097765300350275
60.1,96.23930101504011,144.35895152256018,72.17947576128009,24.059825253760028,-48.119650507520056,4.811965050752006,192.47860203008022,-24.059825253760028,120.29912626880014,36.089737880640044,60.14956313440007,-96.23930101504011,12.029912626880014,48.119650507520056
60.2,96.28079321532043,144.42118982298064,72.21059491149032,24.070198303830107,-48.140396607660215,4.814039660766022,192.56158643064086,-24.070198303830107,120.35099151915054,36.10529745574516,60.17549575957527,-96.28079321532043,12.035099151915054,48.140396607660215
60.300000000000004,96.31994245663321,144.47991368494982,72.23995684247491,24.079985614158304,-48.15997122831661,4.815997122831661,192.63988491326643,-24.079985614158304,120.39992807079152,36.119978421237455,60.19996403539576,-96.31994245663321,12.039992807079152,48.15997122831661
60.400000000000006,96.3567715122672,144.5351572684008,72.2675786342004,24.0891928780668,-48.1783857561336,4.817838575613361,192.7135430245344,-24.0891928780668,120.445964390334,36.1337893171002,60.222982195167,-96.3567715122672,12.0445964390334,48.1783857561336
60.5,96.39136827989543,144.58705241984313,72.29352620992157,24.097842069973858,-48.195684139947716,4.819568413994772,192.78273655979086,-24.097842069973858,120.4892103498693,36.14676310496078,60.24460517493465,-96.39136827989543,12.048921034986929,48.195684139947716
60.6,96.42376400300171,144.63564600450258,72.31782300225129,24.105941000750427,-48.211882001500854,4.821188200150086,192.84752800600342,-24.105941000750427,120.52970500375213,36.158911501125644,60.264852501876064,-96.42376400300171,12.052970500375213,48.211882001500854
60.7,96.45390264132175,144.68085396198262,72.34042698099131,24.113475660330437,-48.22695132066087,4.822695132066087,192.9078052826435,-24.113475660330437,120.56737830165218,36.170213490495655,60.28368915082609,-96.45390264132175,12.056737830165218,48.22695132066087
60.800000000000004,96.48171459061913,144.7225718859287,72.36128594296434,24.120428647654784,-48.24085729530957,4.824085729530957,192.96342918123827,-24.120428647654784,120.60214323827392,36.18064297148217,60.30107161913696,-96.48171459061913,12.060214323827392,48.24085729530957
60.900000000000006,96.50715596293188,144.76073394439783,72.38036697219891,24.12678899073297,-48.25357798146594,4.8253577981465945,193.01431192586375,-24.12678899073297,120.63394495366484,36.19018348609946,60.31697247683242,-96.50715596293188,12.063394495366484,48.25357798146594
61.0,96.5301821328382,144.7952731992573,72.39763659962865,24.13254553320955,-48.2650910664191,4.826509106641911,193.0603642656764,-24.13254553320955,120.66272766604776,36.19881829981433,60.33136383302388,-96.5301821328382,12.066272766604776,48.2650910664191
61.1,96.5507880710599,144.82618210658984,72.41309105329492,24.137697017764975,-48.27539403552995,4.827539403552995,193.1015761421198,-24.137697017764975,120.68848508882488,36.20654552664746,60.34424254441244,-96.5507880710599,12.068848508882487,48.27539403552995
61.2,96.56896330272264,144.85344495408395,72.42672247704198,24.14224082568066,-48.28448165136132,4.828448165136132,193.13792660544527,-24.14224082568066,120.7112041284033,36.21336123852099,60.35560206420165,-96.56896330272264,12.07112041284033,48.28448165136132
61.300000000000004,96.58467747225784,144.87701620838675,72.43850810419337,24.14616936806446,-48.29233873612892,4.829233873612893,193.16935494451567,-24.14616936806446,120.7308468403223,36.21925405209669,60.36542342016115,-96.58467747225784,12.07308468403223,48.29233873612892
61.400000000000006,96.59795438669215,144.89693158003823,72.44846579001911,24.149488596673038,-48.298977193346076,4.829897719334608,193.1959087733843,-24.149488596673038,120.74744298336519,36.22423289500956,60.373721491682595,-96.59795438669215,12.074744298336519,48.298977193346076
61.5,96.60886774719071,144.91330162078606,72.45665081039303,24.15221693679768,-48.30443387359536,4.830443387359536,193.21773549438143,-24.15221693679768,120.7610846839884,36.228325405196514,60.3805423419942,-96.60886774719071,12.07610846839884,48.30443387359536
61.6,96.61753454664462,144.92630181996694,72.46315090998347,24.154383636661155,-48.30876727332231,4.830876727332232,193.23506909328924,-24.154383636661155,120.77191818330577,36.231575454991734,60.385959091652886,-96.61753454664462,12.077191818330578,48.30876727332231
61.7,96.62410598781382,144.93615898172072,72.46807949086036,24.156026496953455,-48.31205299390691,4.8312052993906915,193.24821197562764,-24.156026496953455,120.78013248476728,36.23403974543018,60.39006624238364,-96.62410598781382,12.078013248476728,48.31205299390691
61.800000000000004,96.62875805164059,144.94313707746088,72.47156853873044,24.157189512910147,-48.314379025820294,4.83143790258203,193.25751610328118,-24.157189512910147,120.78594756455074,36.23578426936522,60.39297378227537,-96.62875805164059,12.078594756455074,48.314379025820294
61.900000000000006,96.6317324315951,144.94759864739265,72.47379932369633,24.157933107898774,-48.31586621579755,4.831586621579755,193.2634648631902,-24.157933107898774,120.78966553949387,36.23689966184816,60.394832769746934,-96.6317324315951,12.078966553949387,48.31586621579755
62.0,96.63327582750249,144.94991374125374,72.47495687062687,24.158318956875622,-48.316637913751244,4.831663791375124,193.26655165500497,-24.158318956875622,120.7915947843781,36.237478435313434,60.39579739218905,-96.63327582750249,12.079159478437811,48.316637913751244
62.1,96.63361247275591,144.95041870913388,72.47520935456694,24.15840311818898,-48.31680623637796,4.831680623637796,193.26722494551183,-24.15840311818898,120.79201559094489,36.23760467728347,60.39600779547244,-96.63361247275591,12.07920155909449,48.31680623637796
62.2,96.63296320379325,144.9494448056899,72.47472240284495,24.158240800948313,-48.316481601896626,4.831648160189663,193.2659264075865,-24.158240800948313,120.79120400474156,36.23736120142247,60.39560200237078,-96.63296320379325,12.079120400474157,48.316481601896626
62.300000000000004,96.6315440826904,144.94731612403558,72.47365806201779,24.1578860206726,-48.3157720413452,4.83157720413452,193.2630881653808,-24.1578860206726,120.789430103363,36.236829031008895,60.3947150516815,-96.6315440826904,12.0789430103363,48.3157720413452
62.400000000000006,96.62957860130979,144.94436790196468,72.47218395098234,24.157394650327447,-48.314789300654894,4.83147893006549,193.25915720261958,-24.157394650327447,120.78697325163724,36.23609197549117,60.39348662581862,-96.62957860130979,12.078697325163724,48.314789300654894
62.5,96.62724709676779,144.94087064515168,72.47043532257584,24.156811774191947,-48.313623548383895,4.83136235483839,193.25449419353558,-24.156811774191947,120.78405887095974,36.23521766128792,60.39202943547987,-96.62724709676779,12.078405887095974,48.313623548383895
62.6,96.62467231900953,144.93700847851431,72.46850423925716,24.156168079752383,-48.31233615950477,4.831233615950477,193.24934463801907,-24.156168079752383,120.78084039876191,36.23425211962858,60.390420199380955,-96.62467231900953,12.078084039876192,48.31233615950477
62.7,96.62196242062478,144.9329436309372,72.4664718154686,24.155490605156196,-48.31098121031239,4.831098121031239,193.24392484124957,-24.155490605156196,120.77745302578097,36.2332359077343,60.388726512890486,-96.62196242062478,12.077745302578098,48.31098121031239
62.800000000000004,96.61920691726336,144.92881037589504,72.46440518794752,24.15480172931584,-48.30960345863168,4.8309603458631685,193.2384138345267,-24.15480172931584,120.77400864657919,36.23220259397376,60.387004323289595,-96.61920691726336,12.07740086465792,48.30960345863168
62.900000000000006,96.61647954114298,144.92471931171445,72.46235965585723,24.154119885285745,-48.30823977057149,4.8308239770571495,193.23295908228596,-24.154119885285745,120.77059942642873,36.231179827928614,60.385299713214366,-96.61647954114298,12.077059942642872,48.30823977057149
63.0,96.61384243435221,144.92076365152832,72.46038182576416,24.153460608588052,-48.306921217176104,4.830692121717611,193.22768486870442,-24.153460608588052,120.76730304294026,36.23019091288208,60.38365152147013,-96.61384243435221,12.076730304294026,48.306921217176104
63.1,96.61134192661923,144.91701288992886,72.45850644496443,24.152835481654808,-48.305670963309616,4.830567096330962,193.22268385323846,-24.152835481654808,120.76417740827404,36.229253222482214,60.38208870413702,-96.61134192661923,12.076417740827404,48.305670963309616
63.2,96.6090146288274,144.9135219432411,72.45676097162055,24.15225365720685,-48.3045073144137,4.8304507314413705,193.2180292576548,-24.15225365720685,120.76126828603424,36.22838048581028,60.38063414301712,-96.6090146288274,12.076126828603424,48.3045073144137
63.300000000000004,96.60685018981455,144.91027528472182,72.45513764236091,24.151712547453638,-48.303425094907276,4.830342509490728,193.2137003796291,-24.151712547453638,120.75856273726819,36.227568821180455,60.379281368634096,-96.60685018981455,12.075856273726819,48.303425094907276
63.400000000000006,96.60478443316873,144.9071766497531,72.45358832487655,24.151196108292183,-48.302392216584366,4.830239221658437,193.20956886633746,-24.151196108292183,120.75598054146091,36.226794162438274,60.37799027073046,-96.60478443316873,12.075598054146091,48.302392216584366
63.5,96.6027919698531,144.90418795477964,72.45209397738982,24.150697992463275,-48.30139598492655,4.830139598492655,193.2055839397062,-24.150697992463275,120.75348996231638,36.22604698869491,60.37674498115819,-96.6027919698531,12.075348996231638,48.30139598492655
63.6,96.60090654878502,144.90135982317753,72.45067991158876,24.150226637196255,-48.30045327439251,4.830045327439251,193.20181309757004,-24.150226637196255,120.75113318598127,36.22533995579438,60.37556659299064,-96.60090654878502,12.075113318598127,48.30045327439251
63.7,96.59915015585804,144.89872523378705,72.44936261689352,24.14978753896451,-48.29957507792902,4.829957507792902,193.19830031171608,-24.14978753896451,120.74893769482256,36.22468130844676,60.37446884741128,-96.59915015585804,12.074893769482255,48.29957507792902
63.800000000000004,96.59759678186253,144.8963951727938,72.4481975863969,24.149399195465634,-48.29879839093127,4.8298798390931275,193.19519356372507,-24.149399195465634,120.74699597732817,36.22409879319845,60.373497988664084,-96.59759678186253,12.074699597732817,48.29879839093127
63.900000000000006,96.59639261587606,144.89458892381407,72.44729446190703,24.149098153969014,-48.29819630793803,4.8298196307938035,193.1927852317521,-24.149098153969014,120.74549076984508,36.22364723095352,60.37274538492254,-96.59639261587606,12.074549076984507,48.29819630793803
64.0,96.59564017343804,144.89346026015707,72.44673013007854,24.14891004335951,-48.29782008671902,4.829782008671902,193.19128034687608,-24.14891004335951,120.74455021679755,36.22336506503927,60.372275108398775,-96.59564017343804,12.074455021679755,48.29782008671902
64.10000000000001,96.59546936480264,144.89320404720397,72.44660202360198,24.14886734120066,-48.29773468240132,4.829773468240132,193.19093872960528,-24.14886734120066,120.7443367060033,36.22330101180099,60.37216835300165,-96.59546936480264,12.07443367060033,48.29773468240132
64.2,96.59595172996914,144.8939275949537,72.44696379747685,24.148987932492286,-48.29797586498457,4.829797586498458,193.1919034599383,-24.148987932492286,120.74493966246143,36.22348189873843,60.37246983123072,-96.59595172996914,12.074493966246143,48.29797586498457
64.3,96.59720146690279,144.89580220035418,72.44790110017709,24.149300366725697,-48.298600733451394,4.82986007334514,193.19440293380558,-24.149300366725697,120.74650183362849,36.223950550088546,60.37325091681424,-96.59720146690279,12.074650183362849,48.298600733451394
64.4,96.5992924966596,144.8989387449894,72.4494693724947,24.1498231241649,-48.2996462483298,4.82996462483298,193.1985849933192,-24.1498231241649,120.7491156208245,36.22473468624735,60.37455781041225,-96.5992924966596,12.07491156208245,48.2996462483298
64.5,96.60217382394535,144.90326073591802,72.45163036795901,24.150543455986337,-48.301086911972675,4.8301086911972675,193.2043476478907,-24.150543455986337,120.75271727993169,36.225815183979506,60.376358639965844,-96.60217382394535,12.075271727993169,48.301086911972675
64.60000000000001,96.6057819999946,144.9086729999919,72.45433649999595,24.15144549999865,-48.3028909999973,4.830289099999731,193.2115639999892,-24.15144549999865,120.75722749999326,36.22716824999797,60.37861374999663,-96.6057819999946,12.075722749999326,48.3028909999973
64.7,96.61009039174724,144.91513558762085,72.45756779381043,24.15252259793681,-48.30504519587362,4.830504519587362,193.22018078349447,-24.15252259793681,120.76261298968404,36.22878389690521,60.38130649484202,-96.61009039174724,12.076261298968404,48.30504519587362
64.8,96.61510341998043,144.92265512997065,72.46132756498533,24.153775854995107,-48.307551709990214,4.830755170999022,193.23020683996086,-24.153775854995107,120.76887927497553,36.23066378249266,60.384439637487766,-96.61510341998043,12.076887927497554,48.307551709990214
64.9,96.62079133571594,144.9311870035739,72.46559350178696,24.155197833928984,-48.31039566785797,4.8310395667857975,193.24158267143187,-24.155197833928984,120.77598916964492,36.23279675089348,60.38799458482246,-96.62079133571594,12.077598916964492,48.31039566785797
65.0,96.62702718979662,144.94054078469492,72.47027039234746,24.156756797449155,-48.31351359489831,4.831351359489831,193.25405437959324,-24.156756797449155,120.78378398724578,36.23513519617373,60.39189199362289,-96.62702718979662,12.078378398724578,48.31351359489831
65.10000000000001,96.63364286387298,144.95046429580947,72.47523214790473,24.158410715968245,-48.31682143193649,4.83168214319365,193.26728572774596,-24.158410715968245,120.79205357984122,36.23761607395237,60.39602678992061,-96.63364286387298,12.079205357984122,48.31682143193649
65.2,96.64048432336652,144.96072648504978,72.48036324252489,24.16012108084163,-48.32024216168326,4.8320242161683264,193.28096864673304,-24.16012108084163,120.80060540420816,36.240181621262444,60.40030270210408,-96.64048432336652,12.080060540420815,48.32024216168326
65.3,96.64747366740558,144.97121050110837,72.48560525055419,24.161868416851394,-48.32373683370279,4.832373683370279,193.29494733481116,-24.161868416851394,120.80934208425697,36.24280262527709,60.404671042128484,-96.64747366740558,12.080934208425697,48.32373683370279
65.4,96.65457905430469,144.98186858145704,72.49093429072852,24.163644763576173,-48.327289527152345,4.832728952715235,193.30915810860938,-24.163644763576173,120.81822381788086,36.24546714536426,60.40911190894043,-96.65457905430469,12.081822381788086,48.327289527152345
65.5,96.66171123785296,144.99256685677943,72.49628342838972,24.16542780946324,-48.33085561892648,4.8330855618926485,193.3234224757059,-24.16542780946324,120.8271390473162,36.24814171419486,60.4135695236581,-96.66171123785296,12.08271390473162,48.33085561892648
65.60000000000001,96.66875861370761,145.00313792056141,72.50156896028071,24.167189653426902,-48.334379306853805,4.833437930685381,193.33751722741522,-24.167189653426902,120.83594826713451,36.250784480140354,60.417974133567256,-96.66875861370761,12.083594826713451,48.334379306853805
65.7,96.67561743404838,145.01342615107257,72.50671307553628,24.168904358512094,-48.33780871702419,4.8337808717024195,193.35123486809675,-24.168904358512094,120.84452179256047,36.25335653776814,60.422260896280235,-96.67561743404838,12.084452179256047,48.33780871702419
65.8,96.68220629381055,145.02330944071582,72.51165472035791,24.170551573452638,-48.341103146905276,4.834110314690528,193.3644125876211,-24.170551573452638,120.8527578672632,36.255827360178955,60.4263789336316,-96.68220629381055,12.085275786726319,48.341103146905276
65.9,96.68850970314372,145.03276455471558,72.51638227735779,24.17212742578593,-48.34425485157186,4.834425485157187,193.37701940628745,-24.17212742578593,120.86063712892965,36.258191138678896,60.43031856446483,-96.68850970314372,12.086063712892965,48.34425485157186
66.0,96.69453342835712,145.0418001425357,72.52090007126785,24.17363335708928,-48.34726671417856,4.834726671417856,193.38906685671424,-24.17363335708928,120.86816678544639,36.26045003563392,60.434083392723196,-96.69453342835712,12.08681667854464,48.34726671417856
66.10000000000001,96.70027537754659,145.0504130663199,72.52520653315995,24.175068844386647,-48.350137688773295,4.83501376887733,193.40055075509318,-24.175068844386647,120.87534422193323,36.26260326657997,60.437672110966616,-96.70027537754659,12.087534422193324,48.350137688773295
66.2,96.7057657596317,145.05864863944754,72.52932431972377,24.176441439907926,-48.35288287981585,4.8352882879815855,193.4115315192634,-24.176441439907926,120.88220719953964,36.264662159861885,60.44110359976982,-96.7057657596317,12.088220719953963,48.35288287981585
66.3,96.71097893183905,145.06646839775857,72.53323419887928,24.177744732959763,-48.355489465919526,4.835548946591953,193.4219578636781,-24.177744732959763,120.88872366479882,36.26661709943964,60.44436183239941,-96.71097893183905,12.088872366479881,48.355489465919526
66.4,96.71590910158784,145.07386365238176,72.53693182619088,24.17897727539696,-48.35795455079392,4.835795455079392,193.43181820317568,-24.17897727539696,120.8948863769848,36.26846591309544,60.4474431884924,-96.71590910158784,12.08948863769848,48.35795455079392
66.5,96.72059932913407,145.0808989937011,72.54044949685056,24.18014983228352,-48.36029966456704,4.836029966456704,193.44119865826815,-24.18014983228352,120.9007491614176,36.27022474842528,60.4503745807088,-96.72059932913407,12.09007491614176,48.36029966456704
66.60000000000001,96.72512927361817,145.08769391042725,72.54384695521362,24.18128231840454,-48.36256463680908,4.8362564636809084,193.45025854723633,-24.18128231840454,120.9064115920227,36.27192347760681,60.45320579601135,-96.72512927361817,12.09064115920227,48.36256463680908
66.7,96.72960019555103,145.09440029332654,72.54720014666327,24.182400048887757,-48.364800097775515,4.836480009777552,193.45920039110206,-24.182400048887757,120.91200024443879,36.273600073331636,60.45600012221939,-96.72960019555103,12.091200024443879,48.364800097775515
66.8,96.7341454872716,145.10121823090742,72.55060911545371,24.1835363718179,-48.3670727436358,4.83670727436358,193.4682909745432,-24.1835363718179,120.9176818590895,36.275304557726855,60.45884092954475,-96.7341454872716,12.09176818590895,48.3670727436358
66.9,96.73890819449969,145.10836229174953,72.55418114587476,24.18472704862492,-48.36945409724984,4.836945409724985,193.47781638899937,-24.18472704862492,120.92363524312461,36.27709057293738,60.461817621562304,-96.73890819449969,12.09236352431246,48.36945409724984
67.0,96.74400721676471,145.11601082514707,72.55800541257354,24.18600180419118,-48.37200360838236,4.837200360838236,193.48801443352943,-24.18600180419118,120.9300090209559,36.27900270628677,60.46500451047795,-96.74400721676471,12.09300090209559,48.37200360838236
67.10000000000001,96.74956978513782,145.12435467770672,72.56217733885336,24.187392446284456,-48.37478489256891,4.837478489256892,193.49913957027564,-24.187392446284456,120.93696223142229,36.28108866942668,60.46848111571114,-96.74956978513782,12.093696223142228,48.37478489256891
67.2,96.75569237371651,145.13353856057478,72.56676928028739,24.18892309342913,-48.37784618685826,4.837784618685826,193.51138474743303,-24.18892309342913,120.94461546714564,36.283384640143694,60.47230773357282,-96.75569237371651,12.094461546714564,48.37784618685826
67.3,96.76244813964628,145.14367220946943,72.57183610473471,24.19061203491157,-48.38122406982314,4.838122406982315,193.52489627929256,-24.19061203491157,120.95306017455785,36.28591805236736,60.476530087278924,-96.76244813964628,12.095306017455785,48.38122406982314
67.4,96.76982441966888,145.1547366295033,72.57736831475165,24.19245610491722,-48.38491220983444,4.838491220983444,193.53964883933776,-24.19245610491722,120.9622805245861,36.288684157375826,60.48114026229305,-96.76982441966888,12.09622805245861,48.38491220983444
67.5,96.7776580432089,145.16648706481334,72.58324353240667,24.194414510802225,-48.38882902160445,4.838882902160446,193.5553160864178,-24.194414510802225,120.97207255401113,36.291621766203335,60.48603627700557,-96.7776580432089,12.097207255401113,48.38882902160445
67.60000000000001,96.78575540362375,145.17863310543564,72.58931655271782,24.19643885090594,-48.39287770181188,4.839287770181188,193.5715108072475,-24.19643885090594,120.98219425452969,36.29465827635891,60.491097127264844,-96.78575540362375,12.09821942545297,48.39287770181188
67.7,96.7939682387055,145.19095235805827,72.59547617902913,24.198492059676376,-48.39698411935275,4.8396984119352755,193.587936477411,-24.198492059676376,120.99246029838187,36.29773808951457,60.496230149190936,-96.7939682387055,12.099246029838188,48.39698411935275
67.8,96.802208305132,145.203312457698,72.601656228849,24.200552076283,-48.401104152566,4.8401104152566,193.604416610264,-24.200552076283,121.002760381415,36.3008281144245,60.5013801907075,-96.802208305132,12.1002760381415,48.401104152566
67.9,96.8103589409382,145.2155384114073,72.60776920570365,24.20258973523455,-48.4051794704691,4.84051794704691,193.6207178818764,-24.20258973523455,121.01294867617275,36.303884602851824,60.50647433808638,-96.8103589409382,12.101294867617275,48.4051794704691
68.0,96.81827574298751,145.22741361448126,72.61370680724063,24.204568935746877,-48.409137871493755,4.8409137871493755,193.63655148597502,-24.204568935746877,121.02284467873439,36.306853403620316,60.51142233936719,-96.81827574298751,12.102284467873439,48.409137871493755
68.10000000000001,96.82588775268377,145.23883162902564,72.61941581451282,24.206471938170942,-48.412943876341885,4.841294387634189,193.65177550536754,-24.206471938170942,121.03235969085472,36.30970790725641,60.51617984542736,-96.82588775268377,12.103235969085471,48.412943876341885
68.2,96.83321544065718,145.24982316098578,72.62491158049289,24.208303860164296,-48.41660772032859,4.84166077203286,193.66643088131437,-24.208303860164296,121.04151930082148,36.312455790246446,60.52075965041074,-96.83321544065718,12.104151930082148,48.41660772032859
68.3,96.8402685783854,145.2604028675781,72.63020143378905,24.21006714459635,-48.4201342891927,4.8420134289192704,193.6805371567708,-24.21006714459635,121.05033572298176,36.31510071689453,60.52516786149088,-96.8402685783854,12.105033572298176,48.4201342891927
68.4,96.84701554801441,145.27052332202163,72.63526166101082,24.211753887003603,-48.423507774007206,4.842350777400721,193.69403109602882,-24.211753887003603,121.05876943501801,36.31763083050541,60.529384717509004,-96.84701554801441,12.105876943501801,48.423507774007206
68.5,96.85342798674552,145.2801419801183,72.64007099005914,24.21335699668638,-48.42671399337276,4.842671399337276,193.70685597349103,-24.21335699668638,121.06678498343189,36.32003549502957,60.533392491715944,-96.85342798674552,12.10667849834319,48.42671399337276
68.60000000000001,96.85956063299733,145.289340949496,72.644670474748,24.214890158249332,-48.429780316498665,4.842978031649867,193.71912126599466,-24.214890158249332,121.07445079124666,36.322335237374,60.53722539562333,-96.85956063299733,12.107445079124666,48.429780316498665
68.7,96.86552382860764,145.29828574291145,72.64914287145572,24.21638095715191,-48.43276191430382,4.843276191430382,193.73104765721527,-24.21638095715191,121.08190478575955,36.32457143572786,60.540952392879774,-96.86552382860764,12.108190478575954,48.43276191430382
68.8,96.87148456287332,145.30722684430998,72.65361342215499,24.21787114071833,-48.43574228143666,4.843574228143666,193.74296912574664,-24.21787114071833,121.08935570359165,36.326806711077495,60.544677851795825,-96.87148456287332,12.108935570359165,48.43574228143666
68.9,96.87759616877099,145.3163942531565,72.65819712657824,24.219399042192748,-48.438798084385496,4.84387980843855,193.75519233754198,-24.219399042192748,121.09699521096374,36.32909856328912,60.54849760548187,-96.87759616877099,12.109699521096374,48.438798084385496
69.0,96.8839495043228,145.3259242564842,72.6629621282421,24.2209873760807,-48.4419747521614,4.8441974752161405,193.7678990086456,-24.2209873760807,121.1049368804035,36.33148106412105,60.55246844020175,-96.8839495043228,12.11049368804035,48.4419747521614
69.10000000000001,96.89064818928507,145.33597228392762,72.66798614196381,24.22266204732127,-48.44532409464254,4.844532409464254,193.78129637857015,-24.22266204732127,121.11331023660634,36.333993070981904,60.55665511830317,-96.89064818928507,12.111331023660634,48.44532409464254
69.2,96.8977300790931,145.34659511863964,72.67329755931982,24.224432519773273,-48.44886503954655,4.844886503954655,193.7954601581862,-24.224432519773273,121.12216259886637,36.33664877965991,60.561081299433184,-96.8977300790931,12.112216259886637,48.44886503954655
69.3,96.9052234998226,145.3578352497339,72.67891762486695,24.22630587495565,-48.4526117499113,4.84526117499113,193.8104469996452,-24.22630587495565,121.13152937477824,36.33945881243348,60.56576468738912,-96.9052234998226,12.113152937477825,48.4526117499113
69.4,96.91316217320463,145.36974325980694,72.68487162990347,24.228290543301156,-48.45658108660231,4.845658108660231,193.82632434640925,-24.228290543301156,121.14145271650578,36.342435814951735,60.57072635825289,-96.91316217320463,12.114145271650578,48.45658108660231
69.5,96.92160616344871,145.38240924517308,72.69120462258654,24.23040154086218,-48.46080308172436,4.846080308172436,193.84321232689743,-24.23040154086218,121.15200770431089,36.34560231129327,60.576003852155445,-96.92160616344871,12.11520077043109,48.46080308172436
69.60000000000001,96.93059403939947,145.3958910590992,72.6979455295496,24.232648509849867,-48.46529701969973,4.846529701969974,193.86118807879893,-24.232648509849867,121.16324254924933,36.3489727647748,60.581621274624666,-96.93059403939947,12.116324254924933,48.46529701969973
69.7,96.94013743214074,145.4102061482111,72.70510307410555,24.235034358035186,-48.47006871607037,4.847006871607038,193.8802748642815,-24.235034358035186,121.17517179017594,36.352551537052776,60.58758589508797,-96.94013743214074,12.117517179017593,48.47006871607037
69.8,96.9501966936411,145.42529504046166,72.71264752023083,24.237549173410276,-48.47509834682055,4.8475098346820555,193.9003933872822,-24.237549173410276,121.18774586705138,36.356323760115416,60.59387293352569,-96.9501966936411,12.118774586705138,48.47509834682055
69.9,96.9607687489774,145.4411531234661,72.72057656173305,24.24019218724435,-48.4803843744887,4.848038437448871,193.9215374979548,-24.24019218724435,121.20096093622175,36.36028828086653,60.600480468110874,-96.9607687489774,12.120096093622175,48.4803843744887
70.0,96.97185299574991,145.45777949362486,72.72888974681243,24.24296324893748,-48.48592649787496,4.848592649787496,193.94370599149983,-24.24296324893748,121.2148162446874,36.364444873406214,60.6074081223437,-96.97185299574991,12.12148162446874,48.48592649787496
70.10000000000001,96.98344418813498,145.47516628220248,72.73758314110124,24.245861047033745,-48.49172209406749,4.849172209406749,193.96688837626996,-24.245861047033745,121.22930523516872,36.36879157055062,60.61465261758436,-96.98344418813498,12.122930523516873,48.49172209406749
70.2,96.99549466490842,145.49324199736265,72.74662099868132,24.248873666227105,-48.49774733245421,4.849774733245422,193.99098932981684,-24.248873666227105,121.24436833113552,36.37331049934066,60.62218416556776,-96.99549466490842,12.124436833113553,48.49774733245421
70.3,97.00798558803261,145.5119783820489,72.75598919102445,24.251996397008153,-48.503992794016305,4.850399279401631,194.01597117606522,-24.251996397008153,121.25998198504077,36.37799459551223,60.62999099252038,-97.00798558803261,12.125998198504076,48.503992794016305
70.4,97.02092864696667,145.53139297044999,72.76569648522499,24.255232161741667,-48.51046432348333,4.851046432348333,194.04185729393333,-24.255232161741667,121.27616080870834,36.382848242612496,60.63808040435417,-97.02092864696667,12.127616080870833,48.51046432348333
70.5,97.03439604151998,145.55159406227997,72.77579703113999,24.258599010379996,-48.51719802075999,4.8517198020759995,194.06879208303997,-24.258599010379996,121.29299505189998,36.387898515569994,60.64649752594999,-97.03439604151998,12.129299505189998,48.51719802075999
70.60000000000001,97.04840439008038,145.57260658512058,72.78630329256029,24.262101097520095,-48.52420219504019,4.852420219504019,194.09680878016076,-24.262101097520095,121.31050548760047,36.393151646280145,60.65525274380023,-97.04840439008038,12.131050548760047,48.52420219504019
70.7,97.06294605933734,145.594419089006,72.797209544503,24.265736514834334,-48.53147302966867,4.8531473029668675,194.12589211867467,-24.265736514834334,121.32868257417167,36.3986047722515,60.66434128708583,-97.06294605933734,12.132868257417167,48.53147302966867
70.8,97.07805458691607,145.6170818803741,72.80854094018704,24.269513646729017,-48.539027293458034,4.853902729345804,194.15610917383214,-24.269513646729017,121.34756823364509,36.40427047009352,60.673784116822546,-97.07805458691607,12.134756823364508,48.539027293458034
70.9,97.09374819672078,145.6406222950812,72.8203111475406,24.273437049180195,-48.54687409836039,4.854687409836039,194.18749639344156,-24.273437049180195,121.36718524590097,36.4101555737703,60.683592622950485,-97.09374819672078,12.136718524590098,48.54687409836039
71.0,97.11002281147195,145.66503421720793,72.83251710860397,24.277505702867987,-48.555011405735975,4.8555011405735975,194.2200456229439,-24.277505702867987,121.38752851433993,36.41625855430198,60.69376425716997,-97.11002281147195,12.138752851433994,48.555011405735975
71.10000000000001,97.12691375526198,145.69037063289298,72.84518531644649,24.281728438815495,-48.56345687763099,4.856345687763099,194.25382751052396,-24.281728438815495,121.40864219407747,36.422592658223245,60.704321097038736,-97.12691375526198,12.140864219407748,48.56345687763099
71.2,97.14443614303347,145.7166542145502,72.8583271072751,24.28610903575837,-48.57221807151674,4.857221807151674,194.28887228606695,-24.28610903575837,121.43054517879185,36.42916355363755,60.71527258939592,-97.14443614303347,12.143054517879184,48.57221807151674
71.3,97.16254373840222,145.74381560760332,72.87190780380166,24.290635934600555,-48.58127186920111,4.858127186920111,194.32508747680444,-24.290635934600555,121.45317967300278,36.43595390190083,60.72658983650139,-97.16254373840222,12.145317967300278,48.58127186920111
71.4,97.18112788428462,145.77169182642695,72.88584591321347,24.295281971071155,-48.59056394214231,4.859056394214232,194.36225576856924,-24.295281971071155,121.47640985535577,36.442922956606736,60.738204927677884,-97.18112788428462,12.147640985535578,48.59056394214231
71.5,97.20003637633206,145.8000545644981,72.90002728224906,24.300009094083016,-48.60001818816603,4.860001818816603,194.40007275266413,-24.300009094083016,121.50004547041507,36.45001364112453,60.75002273520754,-97.20003637633206,12.150004547041508,48.60001818816603
71.60000000000001,97.21912246636819,145.8286836995523,72.91434184977615,24.304780616592048,-48.609561233184095,4.8609561233184095,194.43824493273638,-24.304780616592048,121.52390308296023,36.457170924888075,60.761951541480116,-97.21912246636819,12.152390308296024,48.609561233184095
71.7,97.23825069588003,145.85737604382004,72.92868802191002,24.309562673970007,-48.61912534794001,4.861912534794001,194.47650139176005,-24.309562673970007,121.54781336985003,36.46434401095501,60.77390668492502,-97.23825069588003,12.154781336985003,48.61912534794001
71.8,97.25734324984701,145.88601487477052,72.94300743738526,24.314335812461753,-48.628671624923506,4.862867162492351,194.51468649969402,-24.314335812461753,121.57167906230876,36.47150371869263,60.78583953115438,-97.25734324984701,12.157167906230876,48.628671624923506
71.9,97.27633231640671,145.91449847461007,72.95724923730504,24.319083079101677,-48.638166158203354,4.863816615820336,194.55266463281342,-24.319083079101677,121.59541539550838,36.47862461865252,60.79770769775419,-97.27633231640671,12.159541539550839,48.638166158203354
72.0,97.29516815305486,145.94275222958228,72.97137611479114,24.323792038263715,-48.64758407652743,4.864758407652744,194.59033630610972,-24.323792038263715,121.61896019131858,36.48568805739557,60.80948009565929,-97.29516815305486,12.161896019131857,48.64758407652743
72.10000000000001,97.31379124516525,145.97068686774787,72.98534343387394,24.328447811291312,-48.656895622582624,4.865689562258263,194.6275824903305,-24.328447811291312,121.64223905645656,36.49267171693697,60.82111952822828,-97.31379124516525,12.164223905645656,48.656895622582624
72.2,97.33218582933378,145.9982787440007,72.99913937200034,24.333046457333445,-48.66609291466689,4.866609291466689,194.66437165866756,-24.333046457333445,121.66523228666722,36.49956968600017,60.83261614333361,-97.33218582933378,12.166523228666723,48.66609291466689
72.3,97.35036746303541,146.02555119455312,73.01277559727656,24.337591865758853,-48.675183731517706,4.867518373151771,194.70073492607082,-24.337591865758853,121.68795932879426,36.50638779863828,60.84397966439713,-97.35036746303541,12.168795932879426,48.675183731517706
72.4,97.36835267975977,146.05252901963965,73.02626450981982,24.34208816993994,-48.68417633987988,4.868417633987988,194.73670535951953,-24.34208816993994,121.71044084969971,36.51313225490991,60.855220424849854,-97.36835267975977,12.17104408496997,48.68417633987988
72.5,97.38620705435541,146.07931058153312,73.03965529076656,24.346551763588852,-48.693103527177705,4.869310352717771,194.77241410871082,-24.346551763588852,121.73275881794426,36.51982764538328,60.86637940897213,-97.38620705435541,12.173275881794426,48.693103527177705
72.60000000000001,97.40401402163052,146.10602103244577,73.05301051622288,24.35100350540763,-48.70200701081526,4.870200701081526,194.80802804326103,-24.35100350540763,121.75501752703815,36.52650525811144,60.877508763519074,-97.40401402163052,12.175501752703815,48.70200701081526
72.7,97.42182865192488,146.13274297788732,73.06637148894366,24.35545716298122,-48.71091432596244,4.871091432596245,194.84365730384977,-24.35545716298122,121.77728581490611,36.53318574447183,60.888642907453054,-97.42182865192488,12.17772858149061,48.71091432596244
72.8,97.43964738520518,146.15947107780778,73.07973553890389,24.359911846301294,-48.71982369260259,4.871982369260259,194.87929477041035,-24.359911846301294,121.79955923150646,36.539867769451945,60.89977961575323,-97.43964738520518,12.179955923150647,48.71982369260259
72.9,97.45735383041549,146.1860307456232,73.0930153728116,24.36433845760387,-48.72867691520774,4.872867691520774,194.91470766083097,-24.36433845760387,121.82169228801936,36.5465076864058,60.91084614400968,-97.45735383041549,12.182169228801936,48.72867691520774
73.0,97.47472900868495,146.2120935130274,73.1060467565137,24.368682252171237,-48.73736450434247,4.873736450434247,194.9494580173699,-24.368682252171237,121.84341126085619,36.55302337825685,60.92170563042809,-97.47472900868495,12.184341126085618,48.73736450434247
73.10000000000001,97.49148887361055,146.23723331041583,73.11861665520792,24.372872218402637,-48.745744436805275,4.874574443680528,194.9829777472211,-24.372872218402637,121.86436109201318,36.55930832760396,60.93218054600659,-97.49148887361055,12.186436109201319,48.745744436805275
73.2,97.5073256911686,146.2609885367529,73.13049426837645,24.37683142279215,-48.7536628455843,4.875366284558431,195.0146513823372,-24.37683142279215,121.88415711396075,36.565247134188226,60.94207855698038,-97.5073256911686,12.188415711396075,48.7536628455843
73.3,97.5219198917098,146.2828798375647,73.14143991878235,24.38047997292745,-48.7609599458549,4.876095994585491,195.0438397834196,-24.38047997292745,121.90239986463725,36.57071995939118,60.95119993231862,-97.5219198917098,12.190239986463725,48.7609599458549
73.4,97.53500003520341,146.3025000528051,73.15125002640255,24.383750008800853,-48.767500017601705,4.876750001760171,195.07000007040682,-24.383750008800853,121.91875004400427,36.575625013201275,60.959375022002135,-97.53500003520341,12.191875004400426,48.767500017601705
73.5,97.54641618443712,146.31962427665567,73.15981213832784,24.38660404610928,-48.77320809221856,4.877320809221857,195.09283236887424,-24.38660404610928,121.9330202305464,36.57990606916392,60.9665101152732,-97.54641618443712,12.19330202305464,48.77320809221856
73.60000000000001,97.5561301230291,146.33419518454366,73.16709759227183,24.389032530757277,-48.77806506151455,4.8778065061514555,195.1122602460582,-24.389032530757277,121.94516265378638,36.583548796135915,60.97258132689319,-97.5561301230291,12.194516265378638,48.77806506151455
73.7,97.56416802992436,146.34625204488654,73.17312602244327,24.39104200748109,-48.78208401496218,4.878208401496218,195.12833605984872,-24.39104200748109,121.95521003740545,36.586563011221635,60.977605018702725,-97.56416802992436,12.195521003740545,48.78208401496218
73.8,97.57057861905093,146.3558679285764,73.1779339642882,24.392644654762734,-48.78528930952547,4.878528930952547,195.14115723810187,-24.392644654762734,121.96322327381367,36.5889669821441,60.981611636906834,-97.57057861905093,12.196322327381367,48.78528930952547
73.9,97.57543659008678,146.36315488513017,73.18157744256509,24.393859147521695,-48.78771829504339,4.878771829504339,195.15087318017356,-24.393859147521695,121.96929573760848,36.59078872128254,60.98464786880424,-97.57543659008678,12.196929573760848,48.78771829504339
74.0,97.57879719190616,146.36819578785924,73.18409789392962,24.39469929797654,-48.78939859595308,4.878939859595309,195.15759438381232,-24.39469929797654,121.9734964898827,36.59204894696481,60.98674824494135,-97.57879719190616,12.19734964898827,48.78939859595308
74.10000000000001,97.58070719997744,146.37106079996616,73.18553039998308,24.39517679999436,-48.79035359998872,4.8790353599988725,195.16141439995488,-24.39517679999436,121.9758839999718,36.59276519999154,60.9879419999859,-97.58070719997744,12.19758839999718,48.79035359998872
74.2,97.5811904512245,146.37178567683674,73.18589283841837,24.395297612806125,-48.79059522561225,4.879059522561225,195.162380902449,-24.395297612806125,121.97648806403063,36.592946419209184,60.98824403201532,-97.5811904512245,12.197648806403063,48.79059522561225
74.3,97.58026353396447,146.3703953009467,73.18519765047336,24.395065883491117,-48.790131766982235,4.879013176698224,195.16052706792894,-24.395065883491117,121.97532941745558,36.59259882523668,60.98766470872779,-97.58026353396447,12.197532941745559,48.790131766982235
74.4,97.57797361357433,146.3669604203615,73.18348021018075,24.394493403393582,-48.788986806787165,4.8788986806787165,195.15594722714866,-24.394493403393582,121.97246701696791,36.59174010509037,60.986233508483956,-97.57797361357433,12.197246701696791,48.788986806787165
74.5,97.57439082983345,146.36158624475019,73.18079312237509,24.393597707458362,-48.787195414916724,4.878719541491673,195.1487816596669,-24.393597707458362,121.9679885372918,36.590396561187546,60.9839942686459,-97.57439082983345,12.196798853729181,48.787195414916724
74.60000000000001,97.56962710269039,146.35444065403559,73.17722032701779,24.392406775672598,-48.784813551345195,4.87848135513452,195.13925420538078,-24.392406775672598,121.96203387836299,36.588610163508896,60.981016939181494,-97.56962710269039,12.196203387836299,48.784813551345195
74.7,97.56380303154467,146.34570454731698,73.17285227365849,24.390950757886166,-48.78190151577233,4.8781901515772335,195.12760606308933,-24.390950757886166,121.95475378943084,36.586426136829246,60.97737689471542,-97.56380303154467,12.195475378943083,48.78190151577233
74.8,97.55703201562382,146.33554802343573,73.16777401171787,24.389258003905955,-48.77851600781191,4.877851600781192,195.11406403124764,-24.389258003905955,121.94629001952977,36.583887005858934,60.973145009764885,-97.55703201562382,12.194629001952977,48.77851600781191
74.9,97.54940397586054,146.32410596379083,73.16205298189541,24.387350993965136,-48.77470198793027,4.877470198793027,195.09880795172108,-24.387350993965136,121.93675496982567,36.58102649094771,60.968377484912835,-97.54940397586054,12.193675496982568,48.77470198793027
75.0,97.54093470881855,146.31140206322783,73.15570103161392,24.38523367720464,-48.77046735440928,4.877046735440928,195.0818694176371,-24.38523367720464,121.92616838602319,36.57785051580696,60.963084193011596,-97.54093470881855,12.19261683860232,48.77046735440928
75.10000000000001,97.53161073126485,146.29741609689728,73.14870804844864,24.382902682816212,-48.765805365632424,4.876580536563242,195.0632214625297,-24.382902682816212,121.91451341408106,36.57435402422432,60.95725670704053,-97.53161073126485,12.191451341408106,48.765805365632424
75.2,97.52139229867433,146.2820884480115,73.14104422400575,24.380348074668582,-48.760696149337164,4.876069614933717,195.04278459734866,-24.380348074668582,121.9017403733429,36.57052211200288,60.95087018667145,-97.52139229867433,12.190174037334291,48.760696149337164
75.3,97.51030788793784,146.26546183190675,73.13273091595337,24.37757697198446,-48.75515394396892,4.875515394396892,195.02061577587568,-24.37757697198446,121.88788485992231,36.56636545797669,60.943942429961155,-97.51030788793784,12.18878848599223,48.75515394396892
75.4,97.49842782804929,146.24764174207394,73.12382087103697,24.374606957012322,-48.749213914024644,4.874921391402465,194.99685565609857,-24.374606957012322,121.8730347850616,36.561910435518485,60.9365173925308,-97.49842782804929,12.187303478506161,48.749213914024644
75.5,97.48582335986717,146.22873503980077,73.11436751990038,24.371455839966792,-48.742911679933584,4.874291167993359,194.97164671973434,-24.371455839966792,121.85727919983395,36.55718375995019,60.92863959991698,-97.48582335986717,12.185727919983396,48.742911679933584
75.60000000000001,97.47253440649595,146.20880160974394,73.10440080487197,24.36813360162399,-48.73626720324798,4.873626720324798,194.9450688129919,-24.36813360162399,121.84066800811993,36.552200402435986,60.92033400405997,-97.47253440649595,12.184066800811994,48.73626720324798
75.7,97.4585928192385,146.18788922885776,73.09394461442888,24.364648204809626,-48.72929640961925,4.872929640961925,194.917185638477,-24.364648204809626,121.82324102404813,36.54697230721444,60.911620512024065,-97.4585928192385,12.182324102404813,48.72929640961925
75.8,97.44397185448278,146.16595778172416,73.08297889086208,24.360992963620696,-48.72198592724139,4.872198592724139,194.88794370896557,-24.360992963620696,121.80496481810349,36.54148944543104,60.90248240905174,-97.44397185448278,12.180496481810348,48.72198592724139
75.9,97.42859524650095,146.14289286975142,73.07144643487571,24.357148811625237,-48.714297623250474,4.8714297623250475,194.8571904930019,-24.357148811625237,121.78574405812618,36.535723217437855,60.89287202906309,-97.42859524650095,12.178574405812618,48.714297623250474
76.0,97.41237625948911,146.11856438923365,73.05928219461683,24.353094064872277,-48.706188129744554,4.870618812974456,194.82475251897822,-24.353094064872277,121.76547032436139,36.529641097308414,60.882735162180694,-97.41237625948911,12.176547032436138,48.706188129744554
76.10000000000001,97.39525490851608,146.0928823627741,73.04644118138705,24.34881372712902,-48.69762745425804,4.869762745425804,194.79050981703216,-24.34881372712902,121.7440686356451,36.523220590693526,60.87203431782255,-97.39525490851608,12.17440686356451,48.69762745425804
76.2,97.37716348396049,146.06574522594073,73.03287261297037,24.344290870990122,-48.688581741980244,4.868858174198024,194.75432696792097,-24.344290870990122,121.72145435495061,36.51643630648518,60.860727177475304,-97.37716348396049,12.172145435495061,48.688581741980244
76.3,97.35790250223096,146.03685375334643,73.01842687667322,24.33947562555774,-48.67895125111548,4.8678951251115485,194.7158050044619,-24.33947562555774,121.6973781277887,36.50921343833661,60.84868906389435,-97.35790250223096,12.16973781277887,48.67895125111548
76.4,97.33726705862371,146.00590058793557,73.00295029396779,24.334316764655927,-48.668633529311855,4.866863352931186,194.67453411724742,-24.334316764655927,121.67158382327963,36.50147514698389,60.83579191163982,-97.33726705862371,12.167158382327964,48.668633529311855
76.5,97.31507479407077,145.97261219110615,72.98630609555308,24.328768698517692,-48.657537397035384,4.865753739703539,194.63014958814153,-24.328768698517692,121.64384349258846,36.49315304777654,60.82192174629423,-97.31507479407077,12.164384349258846,48.657537397035384
76.60000000000001,97.29112819596887,145.93669229395329,72.96834614697664,24.322782048992217,-48.64556409798443,4.8645564097984435,194.58225639193773,-24.322782048992217,121.61391024496109,36.48417307348832,60.806955122480545,-97.29112819596887,12.161391024496108,48.64556409798443
76.7,97.2652774516562,145.89791617748432,72.94895808874216,24.31631936291405,-48.6326387258281,4.86326387258281,194.5305549033124,-24.31631936291405,121.58159681457025,36.47447904437108,60.79079840728512,-97.2652774516562,12.158159681457025,48.6326387258281
76.80000000000001,97.23737806603947,145.8560670990592,72.9280335495296,24.309344516509867,-48.618689033019734,4.861868903301974,194.47475613207894,-24.309344516509867,121.54672258254934,36.4640167747648,60.77336129127467,-97.23737806603947,12.154672258254934,48.618689033019734
76.9,97.2073029386956,145.81095440804341,72.90547720402171,24.3018257346739,-48.6036514693478,4.860365146934781,194.4146058773912,-24.3018257346739,121.5091286733695,36.452738602010854,60.75456433668475,-97.2073029386956,12.15091286733695,48.6036514693478
77.0,97.17496020564167,145.7624403084625,72.88122015423124,24.293740051410417,-48.587480102820834,4.858748010282084,194.34992041128334,-24.293740051410417,121.46870025705209,36.44061007711562,60.734350128526046,-97.17496020564167,12.146870025705208,48.587480102820834
77.10000000000001,97.14029141131888,145.7104371169783,72.85521855848916,24.28507285282972,-48.57014570565944,4.857014570565944,194.28058282263777,-24.28507285282972,121.42536426414861,36.42760927924458,60.712682132074306,-97.14029141131888,12.14253642641486,48.57014570565944
77.2,97.10319343157818,145.65479014736727,72.82739507368363,24.275798357894544,-48.55159671578909,4.855159671578909,194.20638686315635,-24.275798357894544,121.37899178947272,36.413697536841816,60.68949589473636,-97.10319343157818,12.137899178947272,48.55159671578909
77.30000000000001,97.06353970117814,145.59530955176723,72.79765477588361,24.265884925294536,-48.53176985058907,4.853176985058908,194.1270794023563,-24.265884925294536,121.32942462647267,36.39882738794181,60.664712313236336,-97.06353970117814,12.132942462647268,48.53176985058907
77.4,97.02126947416181,145.5319042112427,72.76595210562135,24.255317368540453,-48.510634737080906,4.851063473708091,194.04253894832362,-24.255317368540453,121.27658684270227,36.382976052810676,60.638293421351136,-97.02126947416181,12.127658684270227,48.510634737080906
77.5,96.97636304993084,145.46454457489625,72.73227228744813,24.24409076248271,-48.48818152496542,4.848818152496542,193.95272609986168,-24.24409076248271,121.22045381241355,36.36613614372406,60.610226906206776,-96.97636304993084,12.122045381241355,48.48818152496542
77.60000000000001,96.92878496757028,145.39317745135543,72.69658872567771,24.23219624189257,-48.46439248378514,4.846439248378514,193.85756993514056,-24.23219624189257,121.16098120946285,36.34829436283886,60.58049060473142,-96.92878496757028,12.116098120946285,48.46439248378514
77.7,96.87842040634094,145.3176306095114,72.6588153047557,24.219605101585234,-48.43921020317047,4.8439210203170475,193.75684081268187,-24.219605101585234,121.09802550792617,36.32940765237785,60.54901275396308,-96.87842040634094,12.109802550792617,48.43921020317047
77.80000000000001,96.82503708026151,145.23755562039227,72.61877781019614,24.206259270065377,-48.412518540130755,4.841251854013076,193.65007416052302,-24.206259270065377,121.03129635032688,36.30938890509807,60.51564817516344,-96.82503708026151,12.103129635032689,48.412518540130755
77.9,96.76842692311575,145.15264038467365,72.57632019233682,24.19210673077894,-48.38421346155788,4.838421346155788,193.5368538462315,-24.19210673077894,120.96053365389469,36.28816009616841,60.48026682694734,-96.76842692311575,12.09605336538947,48.38421346155788
78.0,96.708426352348,145.062639528522,72.531319764261,24.177106588087,-48.354213176174,4.8354213176174,193.416852704696,-24.177106588087,120.885532940435,36.2656598821305,60.4427664702175,-96.708426352348,12.0885532940435,48.354213176174
78.10000000000001,96.6448957176188,144.9673435764282,72.4836717882141,24.1612239294047,-48.3224478588094,4.83224478588094,193.2897914352376,-24.1612239294047,120.8061196470235,36.24183589410705,60.40305982351175,-96.6448957176188,12.08061196470235,48.3224478588094
78.2,96.57775116971972,144.86662675457958,72.43331337728979,24.14443779242993,-48.28887558485986,4.828887558485986,193.15550233943944,-24.14443779242993,120.72218896214964,36.216656688644896,60.36109448107482,-96.57775116971972,12.072218896214965,48.28887558485986
78.30000000000001,96.50698550973749,144.76047826460623,72.38023913230312,24.126746377434372,-48.253492754868745,4.825349275486875,193.01397101947498,-24.126746377434372,120.63373188717186,36.19011956615156,60.31686594358593,-96.50698550973749,12.063373188717186,48.253492754868745
78.4,96.43263654345428,144.6489548151814,72.3244774075907,24.10815913586357,-48.21631827172714,4.821631827172714,192.86527308690856,-24.10815913586357,120.54079567931785,36.16223870379535,60.270397839658926,-96.43263654345428,12.054079567931785,48.21631827172714
78.5,96.35473410246408,144.53210115369612,72.26605057684806,24.08868352561602,-48.17736705123204,4.817736705123204,192.70946820492816,-24.08868352561602,120.4434176280801,36.13302528842403,60.22170881404005,-96.35473410246408,12.04434176280801,48.17736705123204
78.60000000000001,96.27331205307844,144.40996807961767,72.20498403980883,24.06832801326961,-48.13665602653922,4.813665602653923,192.54662410615688,-24.06832801326961,120.34164006634805,36.10249201990442,60.170820033174024,-96.27331205307844,12.034164006634805,48.13665602653922
78.7,96.18842849365485,144.2826427404823,72.14132137024114,24.047107123413713,-48.09421424682743,4.809421424682743,192.3768569873097,-24.047107123413713,120.23553561706856,36.07066068512057,60.11776780853428,-96.18842849365485,12.023553561706857,48.09421424682743
78.80000000000001,96.10012998773335,144.15019498160004,72.07509749080002,24.02503249693334,-48.05006499386668,4.805006499386668,192.2002599754667,-24.02503249693334,120.12516248466669,36.03754874540001,60.062581242333344,-96.10012998773335,12.01251624846667,48.05006499386668
78.9,96.00848403860904,144.01272605791357,72.00636302895678,24.00212100965226,-48.00424201930452,4.800424201930452,192.01696807721808,-24.00212100965226,120.0106050482613,36.00318151447839,60.00530252413065,-96.00848403860904,12.00106050482613,48.00424201930452
79.0,95.91362542456832,143.8704381368525,71.93521906842625,23.97840635614208,-47.95681271228416,4.795681271228417,191.82725084913665,-23.97840635614208,119.8920317807104,35.967609534213125,59.9460158903552,-95.91362542456832,11.98920317807104,47.95681271228416
79.10000000000001,95.8157408458519,143.72361126877786,71.86180563438893,23.953935211462976,-47.90787042292595,4.790787042292595,191.6314816917038,-23.953935211462976,119.76967605731488,35.930902817194465,59.88483802865744,-95.8157408458519,11.976967605731488,47.90787042292595
79.2,95.71502551723404,143.57253827585106,71.78626913792553,23.92875637930851,-47.85751275861702,4.785751275861702,191.43005103446808,-23.92875637930851,119.64378189654255,35.893134568962765,59.821890948271275,-95.71502551723404,11.964378189654255,47.85751275861702
79.30000000000001,95.61168910532541,143.41753365798812,71.70876682899406,23.902922276331353,-47.805844552662705,4.780584455266271,191.22337821065082,-23.902922276331353,119.51461138165676,35.85438341449703,59.75730569082838,-95.61168910532541,11.951461138165676,47.805844552662705
79.4,95.50596505029726,143.2589475754459,71.62947378772294,23.876491262574316,-47.75298252514863,4.7752982525148635,191.01193010059453,-23.876491262574316,119.38245631287158,35.81473689386147,59.69122815643579,-95.50596505029726,11.938245631287158,47.75298252514863
79.5,95.39812141985256,143.09718212977884,71.54859106488942,23.84953035496314,-47.69906070992628,4.769906070992628,190.79624283970512,-23.84953035496314,119.2476517748157,35.77429553244471,59.62382588740785,-95.39812141985256,11.92476517748157,47.69906070992628
79.60000000000001,95.28846640084545,142.93269960126818,71.46634980063409,23.822116600211363,-47.644233200422725,4.7644233200422725,190.5769328016909,-23.822116600211363,119.11058300105681,35.733174900317046,59.555291500528405,-95.28846640084545,11.911058300105681,47.644233200422725
79.7,95.17729904171196,142.76594856256793,71.38297428128396,23.79432476042799,-47.58864952085598,4.758864952085598,190.35459808342392,-23.79432476042799,118.97162380213996,35.69148714064198,59.48581190106998,-95.17729904171196,11.897162380213995,47.58864952085598
79.80000000000001,95.06482874603027,142.5972431190454,71.2986215595227,23.766207186507568,-47.532414373015136,4.753241437301514,190.12965749206055,-23.766207186507568,118.83103593253784,35.64931077976135,59.41551796626892,-95.06482874603027,11.883103593253784,47.532414373015136
79.9,94.95121141868977,142.42681712803466,71.21340856401733,23.73780285467244,-47.47560570934488,4.747560570934488,189.90242283737953,-23.73780285467244,118.6890142733622,35.606704282008664,59.3445071366811,-94.95121141868977,11.86890142733622,47.47560570934488
80.0,94.83655483684176,142.25483225526264,71.12741612763132,23.70913870921044,-47.41827741842088,4.741827741842088,189.6731096736835,-23.70913870921044,118.54569354605219,35.56370806381566,59.272846773026096,-94.83655483684176,11.85456935460522,47.41827741842088
80.10000000000001,94.72093448668076,142.08140173002113,71.04070086501056,23.68023362167019,-47.36046724334038,4.736046724334038,189.44186897336152,-23.68023362167019,118.40116810835096,35.52035043250528,59.20058405417548,-94.72093448668076,11.840116810835095,47.36046724334038
80.2,94.60440370056605,141.90660555084906,70.95330277542453,23.651100925141513,-47.302201850283026,4.730220185028303,189.2088074011321,-23.651100925141513,118.25550462570757,35.476651387712266,59.12775231285379,-94.60440370056605,11.825550462570757,47.302201850283026
80.30000000000001,94.4870456734544,141.7305685101816,70.8652842550908,23.6217614183636,-47.2435228367272,4.7243522836727205,188.9740913469088,-23.6217614183636,118.10880709181801,35.4326421275454,59.054403545909004,-94.4870456734544,11.8108807091818,47.2435228367272
80.4,94.36893830835086,141.5534074625263,70.77670373126315,23.592234577087716,-47.18446915417543,4.718446915417544,188.73787661670173,-23.592234577087716,117.96117288543857,35.38835186563158,58.980586442719286,-94.36893830835086,11.796117288543858,47.18446915417543
80.5,94.25021579052296,141.37532368578445,70.68766184289223,23.56255394763074,-47.12510789526148,4.712510789526148,188.50043158104592,-23.56255394763074,117.81276973815369,35.34383092144611,58.906384869076845,-94.25021579052296,11.78127697381537,47.12510789526148
80.60000000000001,94.13107879374849,141.19661819062273,70.59830909531136,23.53276969843712,-47.06553939687424,4.706553939687424,188.26215758749697,-23.53276969843712,117.66384849218561,35.29915454765568,58.831924246092804,-94.13107879374849,11.76638484921856,47.06553939687424
80.7,94.01182278431381,141.0177341764707,70.50886708823535,23.502955696078452,-47.005911392156904,4.700591139215691,188.02364556862761,-23.502955696078452,117.51477848039227,35.254433544117674,58.75738924019613,-94.01182278431381,11.751477848039226,47.005911392156904
80.80000000000001,93.89275703852917,140.83913555779375,70.41956777889688,23.473189259632292,-46.946378519264584,4.694637851926458,187.78551407705834,-23.473189259632292,117.36594629816146,35.20978388944844,58.68297314908073,-93.89275703852917,11.736594629816146,46.946378519264584
80.9,93.77409402152783,140.66114103229174,70.33057051614587,23.443523505381958,-46.887047010763915,4.688704701076392,187.54818804305566,-23.443523505381958,117.21761752690979,35.165285258072934,58.608808763454896,-93.77409402152783,11.721761752690979,46.887047010763915
81.0,93.65602735518085,140.48404103277127,70.24202051638564,23.414006838795213,-46.82801367759043,4.682801367759043,187.3120547103617,-23.414006838795213,117.07003419397607,35.12101025819282,58.535017096988035,-93.65602735518085,11.707003419397607,46.82801367759043
81.10000000000001,93.53873553109864,140.30810329664797,70.15405164832399,23.38468388277466,-46.76936776554932,4.676936776554932,187.07747106219728,-23.38468388277466,116.92341941387329,35.07702582416199,58.461709706936645,-93.53873553109864,11.69234194138733,46.76936776554932
81.2,93.42234521086405,140.1335178162961,70.06675890814805,23.355586302716013,-46.711172605432026,4.671117260543203,186.8446904217281,-23.355586302716013,116.77793151358006,35.03337945407402,58.38896575679003,-93.42234521086405,11.677793151358006,46.711172605432026
81.30000000000001,93.30695867253839,139.96043800880759,69.98021900440379,23.326739668134596,-46.65347933626919,4.6653479336269195,186.61391734507677,-23.326739668134596,116.63369834067298,34.990109502201896,58.31684917033649,-93.30695867253839,11.663369834067298,46.65347933626919
81.4,93.19263934299276,139.78895901448914,69.89447950724457,23.29815983574819,-46.59631967149638,4.659631967149639,186.38527868598553,-23.29815983574819,116.49079917874096,34.947239753622284,58.24539958937048,-93.19263934299276,11.649079917874095,46.59631967149638
81.5,93.07937660715491,139.61906491073236,69.80953245536618,23.26984415178873,-46.53968830357746,4.653968830357746,186.15875321430983,-23.26984415178873,116.34922075894364,34.90476622768309,58.17461037947182,-93.07937660715491,11.634922075894364,46.53968830357746
81.60000000000001,92.96706349190487,139.4505952378573,69.72529761892865,23.241765872976217,-46.48353174595243,4.648353174595243,185.93412698380973,-23.241765872976217,116.20882936488108,34.862648809464325,58.10441468244054,-92.96706349190487,11.620882936488108,46.48353174595243
81.7,92.8555524410072,139.2833286615108,69.6416643307554,23.2138881102518,-46.4277762205036,4.64277762205036,185.7111048820144,-23.2138881102518,116.069440551259,34.8208321653777,58.0347202756295,-92.8555524410072,11.6069440551259,46.4277762205036
81.80000000000001,92.74471018525243,139.11706527787865,69.55853263893933,23.186177546313107,-46.372355092626215,4.637235509262622,185.48942037050486,-23.186177546313107,115.93088773156553,34.77926631946966,57.96544386578277,-92.74471018525243,11.593088773156554,46.372355092626215
81.9,92.63439296986836,138.95158945480253,69.47579472740127,23.15859824246709,-46.31719648493418,4.631719648493418,185.26878593973672,-23.15859824246709,115.79299121233545,34.73789736370063,57.896495606167726,-92.63439296986836,11.579299121233545,46.31719648493418
82.0,92.52446466403973,138.7866969960596,69.3933484980298,23.13111616600993,-46.26223233201986,4.626223233201986,185.04892932807945,-23.13111616600993,115.65558083004966,34.6966742490149,57.82779041502483,-92.52446466403973,11.565558083004966,46.26223233201986
82.10000000000001,92.41474290926502,138.62211436389754,69.31105718194877,23.103685727316254,-46.20737145463251,4.620737145463251,184.82948581853003,-23.103685727316254,115.51842863658126,34.655528590974384,57.75921431829063,-92.41474290926502,11.551842863658127,46.20737145463251
82.2,92.30499423179704,138.45749134769557,69.22874567384778,23.07624855794926,-46.15249711589852,4.615249711589852,184.60998846359408,-23.07624855794926,115.3812427897463,34.61437283692389,57.69062139487315,-92.30499423179704,11.53812427897463,46.15249711589852
82.30000000000001,92.19495140688228,138.29242711032342,69.14621355516171,23.04873785172057,-46.09747570344114,4.609747570344115,184.38990281376456,-23.04873785172057,115.24368925860286,34.573106777580854,57.62184462930143,-92.19495140688228,11.524368925860285,46.09747570344114
82.4,92.08436141459258,138.12654212188886,69.06327106094443,23.021090353648145,-46.04218070729629,4.604218070729629,184.16872282918516,-23.021090353648145,115.10545176824073,34.531635530472215,57.55272588412036,-92.08436141459258,11.510545176824072,46.04218070729629
82.5,91.97304015249135,137.95956022873702,68.97978011436851,22.993260038122838,-45.986520076245675,4.598652007624568,183.9460803049827,-22.993260038122838,114.96630019061419,34.489890057184255,57.483150095307096,-91.97304015249135,11.496630019061419,45.986520076245675
82.60000000000001,91.86077339855281,137.79116009782922,68.89558004891461,22.965193349638202,-45.930386699276404,4.59303866992764,183.72154679710562,-22.965193349638202,114.82596674819101,34.447790024457305,57.412983374095504,-91.86077339855281,11.482596674819101,45.930386699276404
82.7,91.74731563967903,137.62097345951855,68.81048672975928,22.936828909919758,-45.873657819839515,4.5873657819839515,183.49463127935806,-22.936828909919758,114.68414454959878,34.40524336487964,57.34207227479939,-91.74731563967903,11.468414454959879,45.873657819839515
82.80000000000001,91.63248244501108,137.44872366751662,68.72436183375831,22.90812061125277,-45.81624122250554,4.581624122250554,183.26496489002216,-22.90812061125277,114.54060305626385,34.362180916879154,57.270301528131924,-91.63248244501108,11.454060305626385,45.81624122250554
82.9,91.51612151958311,137.27418227937466,68.63709113968733,22.879030379895777,-45.758060759791555,4.5758060759791555,183.03224303916622,-22.879030379895777,114.39515189947889,34.318545569843664,57.197575949739445,-91.51612151958311,11.439515189947889,45.758060759791555
83.0,91.3981179621726,137.09717694325892,68.54858847162946,22.84952949054315,-45.6990589810863,4.5699058981086305,182.7962359243452,-22.84952949054315,114.24764745271575,34.27429423581473,57.12382372635788,-91.3981179621726,11.424764745271576,45.6990589810863
83.10000000000001,91.2784585808763,136.91768787131446,68.45884393565723,22.819614645219076,-45.63922929043815,4.563922929043815,182.5569171617526,-22.819614645219076,114.09807322609538,34.229421967828614,57.04903661304769,-91.2784585808763,11.409807322609538,45.63922929043815
83.2,91.15716659213423,136.73574988820135,68.36787494410068,22.789291648033558,-45.578583296067116,4.557858329606712,182.31433318426846,-22.789291648033558,113.94645824016779,34.18393747205034,56.97322912008389,-91.15716659213423,11.394645824016779,45.578583296067116
83.30000000000001,91.03428997622036,136.55143496433055,68.27571748216528,22.75857249405509,-45.51714498811018,4.551714498811019,182.06857995244073,-22.75857249405509,113.79286247027545,34.13785874108264,56.896431235137726,-91.03428997622036,11.379286247027546,45.51714498811018
83.4,90.90996948738207,136.3649542310731,68.18247711553656,22.727492371845518,-45.454984743691035,4.545498474369103,181.81993897476414,-22.727492371845518,113.63746185922759,34.09123855776828,56.81873092961379,-90.90996948738207,11.363746185922759,45.454984743691035
83.5,90.78444896262239,136.1766734439336,68.0883367219668,22.696112240655598,-45.392224481311196,4.539222448131119,181.56889792524478,-22.696112240655598,113.48056120327799,34.0441683609834,56.74028060163899,-90.78444896262239,11.348056120327799,45.392224481311196
83.60000000000001,90.6580198051082,135.9870297076623,67.99351485383114,22.66450495127705,-45.3290099025541,4.53290099025541,181.3160396102164,-22.66450495127705,113.32252475638525,33.99675742691557,56.661262378192625,-90.6580198051082,11.332252475638525,45.3290099025541
83.7,90.53093862296524,135.79640793444787,67.89820396722394,22.63273465574131,-45.26546931148262,4.526546931148262,181.06187724593048,-22.63273465574131,113.16367327870654,33.94910198361197,56.58183663935327,-90.53093862296524,11.316367327870655,45.26546931148262
83.80000000000001,90.40345617379586,135.6051842606938,67.8025921303469,22.600864043448965,-45.20172808689793,4.520172808689793,180.80691234759172,-22.600864043448965,113.00432021724482,33.90129606517345,56.50216010862241,-90.40345617379586,11.300432021724482,45.20172808689793
83.9,90.27586228421447,135.41379342632172,67.70689671316086,22.568965571053617,-45.137931142107234,4.513793114210723,180.55172456842894,-22.568965571053617,112.84482785526808,33.85344835658043,56.42241392763404,-90.27586228421447,11.284482785526809,45.137931142107234
84.0,90.14842146683263,135.22263220024894,67.61131610012447,22.537105366708158,-45.074210733416315,4.507421073341631,180.29684293366526,-22.537105366708158,112.68552683354079,33.805658050062235,56.342763416770396,-90.14842146683263,11.268552683354079,45.074210733416315
84.10000000000001,90.02137216689614,135.03205825034422,67.51602912517211,22.505343041724036,-45.01068608344807,4.5010686083448075,180.04274433379229,-22.505343041724036,112.52671520862017,33.758014562586055,56.26335760431009,-90.02137216689614,11.252671520862018,45.01068608344807
84.2,89.89496051540712,134.8424407731107,67.42122038655535,22.47374012885178,-44.94748025770356,4.494748025770356,179.78992103081424,-22.47374012885178,112.3687006442589,33.710610193277674,56.18435032212945,-89.89496051540712,11.23687006442589,44.94748025770356
84.30000000000001,89.76936160611592,134.65404240917388,67.32702120458694,22.44234040152898,-44.88468080305796,4.488468080305796,179.53872321223184,-22.44234040152898,112.2117020076449,33.66351060229347,56.10585100382245,-89.76936160611592,11.22117020076449,44.88468080305796
84.4,89.64469745343479,134.46704618015218,67.23352309007609,22.411174363358697,-44.822348726717394,4.482234872671739,179.28939490686957,-22.411174363358697,112.05587181679348,33.616761545038045,56.02793590839674,-89.64469745343479,11.205587181679348,44.822348726717394
84.5,89.52105485656524,134.28158228484787,67.14079114242394,22.38026371414131,-44.76052742828262,4.476052742828262,179.0421097131305,-22.38026371414131,111.90131857070655,33.57039557121197,55.950659285353275,-89.52105485656524,11.190131857070655,44.76052742828262
84.60000000000001,89.39845546572508,134.09768319858762,67.04884159929381,22.34961386643127,-44.69922773286254,4.469922773286254,178.79691093145016,-22.34961386643127,111.74806933215635,33.524420799646904,55.874034666078174,-89.39845546572508,11.174806933215635,44.69922773286254
84.7,89.27685628001329,133.91528442001993,66.95764221000996,22.319214070003323,-44.638428140006646,4.463842814000665,178.55371256002658,-22.319214070003323,111.59607035001662,33.47882110500498,55.79803517500831,-89.27685628001329,11.159607035001661,44.638428140006646
84.80000000000001,89.15623721466329,133.73435582199494,66.86717791099747,22.289059303665823,-44.578118607331646,4.457811860733165,178.31247442932658,-22.289059303665823,111.44529651832912,33.433588955498735,55.72264825916456,-89.15623721466329,11.144529651832912,44.578118607331646
84.9,89.03662131231525,133.55493196847289,66.77746598423644,22.259155328078812,-44.518310656157624,4.451831065615763,178.0732426246305,-22.259155328078812,111.29577664039405,33.38873299211822,55.647888320197026,-89.03662131231525,11.129577664039406,44.518310656157624
85.0,88.91800942792698,133.37701414189047,66.68850707094524,22.229502356981744,-44.45900471396349,4.445900471396349,177.83601885585395,-22.229502356981744,111.14751178490872,33.34425353547262,55.57375589245436,-88.91800942792698,11.114751178490872,44.45900471396349
85.10000000000001,88.80042699193584,133.20064048790374,66.60032024395187,22.20010674798396,-44.40021349596792,4.440021349596792,177.60085398387167,-22.20010674798396,111.0005337399198,33.300160121975935,55.5002668699599,-88.80042699193584,11.10005337399198,44.40021349596792
85.2,88.68399224128436,133.02598836192652,66.51299418096326,22.17099806032109,-44.34199612064218,4.434199612064218,177.36798448256872,-22.17099806032109,110.85499030160545,33.25649709048163,55.42749515080273,-88.68399224128436,11.085499030160545,44.34199612064218
85.30000000000001,88.56888986853382,132.85333480280073,66.42666740140037,22.142222467133454,-44.28444493426691,4.428444493426691,177.13777973706763,-22.142222467133454,110.71111233566727,33.21333370070018,55.35555616783363,-88.56888986853382,11.071111233566727,44.28444493426691
85.4,88.45537949865074,132.6830692479761,66.34153462398805,22.113844874662686,-44.22768974932537,4.422768974932537,176.91075899730149,-22.113844874662686,110.56922437331343,33.17076731199403,55.284612186656716,-88.45537949865074,11.056922437331343,44.22768974932537
85.5,88.34375086423731,132.51562629635595,66.25781314817797,22.085937716059327,-44.171875432118654,4.417187543211866,176.68750172847461,-22.085937716059327,110.42968858029664,33.12890657408899,55.21484429014832,-88.34375086423731,11.042968858029663,44.171875432118654
85.60000000000001,88.2341675265361,132.35125128980414,66.17562564490207,22.058541881634024,-44.11708376326805,4.411708376326805,176.4683350530722,-22.058541881634024,110.29270940817013,33.087812822451035,55.14635470408506,-88.2341675265361,11.029270940817012,44.11708376326805
85.7,88.12677577590607,132.1901636638591,66.09508183192955,22.031693943976517,-44.063387887953034,4.406338788795304,176.25355155181214,-22.031693943976517,110.15846971988259,33.047540915964774,55.079234859941295,-88.12677577590607,11.015846971988259,44.063387887953034
85.80000000000001,88.02176228646606,132.03264342969908,66.01632171484954,22.005440571616514,-44.01088114323303,4.401088114323303,176.0435245729321,-22.005440571616514,110.02720285808257,33.00816085742477,55.01360142904129,-88.02176228646606,11.002720285808257,44.01088114323303
85.9,87.91932778498746,131.8789916774812,65.9394958387406,21.979831946246865,-43.95966389249373,4.395966389249373,175.83865556997492,-21.979831946246865,109.89915973123432,32.9697479193703,54.94957986561716,-87.91932778498746,10.989915973123432,43.95966389249373
86.0,87.81954796052011,131.72932194078015,65.86466097039008,21.954886990130028,-43.909773980260056,4.390977398026005,175.63909592104022,-21.954886990130028,109.77443495065015,32.93233048519504,54.88721747532507,-87.81954796052011,10.977443495065014,43.909773980260056
86.10000000000001,87.72238115393962,131.58357173090943,65.79178586545471,21.930595288484906,-43.86119057696981,4.386119057696981,175.44476230787924,-21.930595288484906,109.65297644242453,32.89589293272736,54.826488221212266,-87.72238115393962,10.965297644242453,43.86119057696981
86.2,87.6277527566333,131.44162913494995,65.72081456747497,21.906938189158325,-43.81387637831665,4.381387637831665,175.2555055132666,-21.906938189158325,109.53469094579162,32.86040728373749,54.76734547289581,-87.6277527566333,10.953469094579162,43.81387637831665
86.30000000000001,87.53559883331559,131.30339824997338,65.65169912498669,21.883899708328897,-43.767799416657795,4.37677994166578,175.07119766663118,-21.883899708328897,109.41949854164449,32.825849562493346,54.70974927082224,-87.53559883331559,10.941949854164449,43.767799416657795
86.4,87.44583892504119,131.16875838756178,65.58437919378089,21.861459731260297,-43.72291946252059,4.3722919462520595,174.89167785008237,-21.861459731260297,109.30729865630148,32.792189596890445,54.65364932815074,-87.44583892504119,10.930729865630148,43.72291946252059
86.5,87.35838348422823,131.03757522634234,65.51878761317117,21.839595871057057,-43.679191742114114,4.367919174211411,174.71676696845645,-21.839595871057057,109.19797935528528,32.759393806585585,54.59898967764264,-87.35838348422823,10.919797935528528,43.679191742114114
86.60000000000001,87.27314243328904,130.90971364993356,65.45485682496678,21.81828560832226,-43.63657121664452,4.363657121664452,174.54628486657808,-21.81828560832226,109.0914280416113,32.72742841248339,54.54571402080565,-87.27314243328904,10.90914280416113,43.63657121664452
86.7,87.1900493421887,130.78507401328307,65.39253700664153,21.797512335547175,-43.59502467109435,4.359502467109436,174.3800986843774,-21.797512335547175,108.98756167773587,32.696268503320766,54.493780838867934,-87.1900493421887,10.898756167773588,43.59502467109435
86.80000000000001,87.10907235875,130.663608538125,65.3318042690625,21.7772680896875,-43.554536179375,4.3554536179375,174.2181447175,-21.7772680896875,108.8863404484375,32.66590213453125,54.44317022421875,-87.10907235875,10.88863404484375,43.554536179375
86.9,87.03021843001514,130.54532764502272,65.27266382251136,21.757554607503785,-43.51510921500757,4.351510921500757,174.06043686003028,-21.757554607503785,108.78777303751892,32.63633191125568,54.39388651875946,-87.03021843001514,10.878777303751892,43.51510921500757
87.0,86.95350305522115,130.4302545828317,65.21512729141585,21.738375763805287,-43.476751527610574,4.347675152761058,173.9070061104423,-21.738375763805287,108.69187881902644,32.60756364570793,54.34593940951322,-86.95350305522115,10.869187881902644,43.476751527610574
87.10000000000001,86.87886835103636,130.31830252655453,65.15915126327727,21.71971708775909,-43.43943417551818,4.343943417551818,173.75773670207272,-21.71971708775909,108.59858543879545,32.57957563163863,54.29929271939773,-86.87886835103636,10.859858543879545,43.43943417551818
87.2,86.80622613651467,130.209339204772,65.104669602386,21.701556534128667,-43.40311306825733,4.3403113068257335,173.61245227302933,-21.701556534128667,108.50778267064334,32.552334801193,54.25389133532167,-86.80622613651467,10.850778267064333,43.40311306825733
87.30000000000001,86.73547863093171,130.10321794639756,65.05160897319878,21.683869657732927,-43.367739315465855,4.336773931546586,173.47095726186342,-21.683869657732927,108.41934828866464,32.52580448659939,54.20967414433232,-86.73547863093171,10.841934828866464,43.367739315465855
87.4,86.66654962620115,129.99982443930173,64.99991221965087,21.666637406550286,-43.33327481310057,4.333327481310057,173.3330992524023,-21.666637406550286,108.33318703275143,32.49995610982543,54.16659351637571,-86.66654962620115,10.833318703275143,43.33327481310057
87.5,86.5993337156958,129.8990005735437,64.94950028677185,21.64983342892395,-43.2996668578479,4.3299666857847905,173.1986674313916,-21.64983342892395,108.24916714461976,32.474750143385926,54.12458357230988,-86.5993337156958,10.824916714461976,43.2996668578479
87.60000000000001,86.53372200545031,129.80058300817547,64.90029150408773,21.63343050136258,-43.26686100272516,4.326686100272516,173.06744401090063,-21.63343050136258,108.1671525068129,32.450145752043866,54.08357625340645,-86.53372200545031,10.81671525068129,43.26686100272516
87.7,86.46954496273239,129.7043174440986,64.8521587220493,21.617386240683096,-43.23477248136619,4.323477248136619,172.93908992546477,-21.617386240683096,108.08693120341547,32.42607936102465,54.04346560170774,-86.46954496273239,10.808693120341548,43.23477248136619
87.80000000000001,86.40664492433027,129.60996738649538,64.80498369324769,21.601661231082566,-43.20332246216513,4.3203322462165135,172.81328984866053,-21.601661231082566,108.00830615541284,32.402491846623846,54.00415307770642,-86.40664492433027,10.800830615541283,43.20332246216513
87.9,86.3448968495589,129.51734527433837,64.75867263716918,21.586224212389727,-43.17244842477945,4.317244842477946,172.6897936991178,-21.586224212389727,107.93112106194863,32.37933631858459,53.965560530974315,-86.3448968495589,10.793112106194863,43.17244842477945
88.0,86.28427254706588,129.42640882059882,64.71320441029941,21.57106813676647,-43.14213627353294,4.314213627353294,172.56854509413176,-21.57106813676647,107.85534068383235,32.356602205149706,53.927670341916176,-86.28427254706588,10.785534068383235,43.14213627353294
88.10000000000001,86.22484493381252,129.3372674007188,64.6686337003594,21.55621123345313,-43.11242246690626,4.311242246690626,172.44968986762504,-21.55621123345313,107.78105616726565,32.3343168501797,53.89052808363282,-86.22484493381252,10.778105616726565,43.11242246690626
88.2,86.16667539422357,129.25001309133535,64.62500654566767,21.541668848555894,-43.08333769711179,4.3083337697111785,172.33335078844715,-21.541668848555894,107.70834424277948,32.31250327283384,53.85417212138974,-86.16667539422357,10.770834424277947,43.08333769711179
88.30000000000001,86.10977776718751,129.16466665078127,64.58233332539064,21.527444441796877,-43.054888883593755,4.305488888359376,172.21955553437502,-21.527444441796877,107.63722220898438,32.29116666269532,53.81861110449219,-86.10977776718751,10.763722220898439,43.054888883593755
88.4,86.05410209963871,129.08115314945806,64.54057657472903,21.513525524909678,-43.027051049819356,4.302705104981936,172.10820419927742,-21.513525524909678,107.5676276245484,32.270288287364515,53.7838138122742,-86.05410209963871,10.756762762454839,43.027051049819356
88.5,85.99953738411381,128.9993060761707,64.49965303808536,21.499884346028452,-42.999768692056904,4.2999768692056906,171.99907476822762,-21.499884346028452,107.49942173014226,32.24982651904268,53.74971086507113,-85.99953738411381,10.749942173014226,42.999768692056904
88.60000000000001,85.94586450942487,128.9187967641373,64.45939838206866,21.486466127356216,-42.97293225471243,4.297293225471243,171.89172901884973,-21.486466127356216,107.43233063678107,32.22969919103433,53.71616531839054,-85.94586450942487,10.743233063678108,42.97293225471243
88.7,85.89278735541352,128.83918103312027,64.41959051656013,21.47319683885338,-42.94639367770676,4.294639367770676,171.78557471082704,-21.47319683885338,107.3659841942669,32.20979525828007,53.68299209713345,-85.89278735541352,10.73659841942669,42.94639367770676
88.80000000000001,85.84006889526708,128.7601033429006,64.3800516714503,21.46001722381677,-42.92003444763354,4.292003444763354,171.68013779053416,-21.46001722381677,107.30008611908386,32.19002583572515,53.65004305954193,-85.84006889526708,10.730008611908385,42.92003444763354
88.9,85.78749451854344,128.68124177781516,64.34062088890758,21.44687362963586,-42.89374725927172,4.289374725927172,171.57498903708688,-21.44687362963586,107.2343681481793,32.17031044445379,53.61718407408965,-85.78749451854344,10.72343681481793,42.89374725927172
89.0,85.73484252024838,128.60226378037257,64.30113189018628,21.433710630062095,-42.86742126012419,4.286742126012419,171.46968504049676,-21.433710630062095,107.16855315031047,32.15056594509314,53.584276575155236,-85.73484252024838,10.716855315031047,42.86742126012419
89.10000000000001,85.68189602910314,128.52284404365471,64.26142202182736,21.420474007275786,-42.84094801455157,4.284094801455157,171.3637920582063,-21.420474007275786,107.10237003637893,32.13071101091368,53.551185018189464,-85.68189602910314,10.710237003637893,42.84094801455157
89.2,85.62851162650283,128.44276743975425,64.22138371987712,21.407127906625707,-42.814255813251414,4.281425581325141,171.25702325300566,-21.407127906625707,107.03563953312853,32.11069185993856,53.517819766564266,-85.62851162650283,10.703563953312853,42.814255813251414
89.30000000000001,85.57464391410261,128.36196587115393,64.18098293557696,21.393660978525652,-42.787321957051304,4.278732195705131,171.14928782820522,-21.393660978525652,106.96830489262825,32.09049146778848,53.48415244631413,-85.57464391410261,10.696830489262826,42.787321957051304
89.4,85.52030018829878,128.28045028244816,64.14022514122408,21.380075047074694,-42.76015009414939,4.276015009414939,171.04060037659755,-21.380075047074694,106.90037523537347,32.07011257061204,53.45018761768674,-85.52030018829878,10.690037523537347,42.76015009414939
89.5,85.46547998096153,128.1982199714423,64.09910998572116,21.366369995240383,-42.732739990480766,4.273273999048077,170.93095996192307,-21.366369995240383,106.83184997620191,32.04955499286058,53.415924988100954,-85.46547998096153,10.683184997620192,42.732739990480766
89.60000000000001,85.41015997816126,128.1152399672419,64.05761998362095,21.352539994540315,-42.70507998908063,4.270507998908063,170.82031995632252,-21.352539994540315,106.76269997270157,32.028809991810476,53.381349986350784,-85.41015997816126,10.676269997270158,42.70507998908063
89.7,85.35431176750737,128.03146765126104,64.01573382563052,21.338577941876842,-42.677155883753684,4.267715588375369,170.70862353501474,-21.338577941876842,106.69288970938422,32.00786691281526,53.34644485469211,-85.35431176750737,10.669288970938421,42.677155883753684
89.80000000000001,85.29796553199725,127.94694829799587,63.97347414899794,21.324491382999312,-42.648982765998625,4.264898276599863,170.5959310639945,-21.324491382999312,106.62245691499656,31.98673707449897,53.31122845749828,-85.29796553199725,10.662245691499656,42.648982765998625
89.9,85.24118065055981,127.86177097583972,63.93088548791986,21.310295162639953,-42.620590325279906,4.262059032527991,170.48236130111962,-21.310295162639953,106.55147581319977,31.96544274395993,53.275737906599886,-85.24118065055981,10.655147581319977,42.620590325279906
90.0,85.18399909311198,127.77599863966796,63.88799931983398,21.295999773277995,-42.59199954655599,4.259199954655599,170.36799818622396,-21.295999773277995,106.47999886638998,31.94399965991699,53.23999943319499,-85.18399909311198,10.647999886638997,42.59199954655599
90.10000000000001,85.12639429862566,127.68959144793848,63.84479572396924,21.281598574656414,-42.56319714931283,4.256319714931283,170.2527885972513,-21.281598574656414,106.40799287328207,31.92239786198462,53.203996436641035,-85.12639429862566,10.640799287328207,42.56319714931283
90.2,85.06829945117359,127.60244917676039,63.801224588380194,21.267074862793397,-42.53414972558679,4.253414972558679,170.13659890234717,-21.267074862793397,106.33537431396698,31.900612294190097,53.16768715698349,-85.06829945117359,10.633537431396698,42.53414972558679
90.30000000000001,85.00967376676047,127.5145106501407,63.75725532507035,21.252418441690118,-42.504836883380236,4.250483688338024,170.01934753352094,-21.252418441690118,106.26209220845058,31.878627662535177,53.13104610422529,-85.00967376676047,10.626209220845059,42.504836883380236
90.4,84.95050340660717,127.42575510991075,63.71287755495538,21.237625851651792,-42.475251703303584,4.247525170330358,169.90100681321434,-21.237625851651792,106.18812925825895,31.85643877747769,53.09406462912948,-84.95050340660717,10.618812925825896,42.475251703303584
90.5,84.89081362285911,127.33622043428866,63.66811021714433,21.22270340571478,-42.44540681142956,4.244540681142956,169.78162724571823,-21.22270340571478,106.1135170285739,31.834055108572166,53.05675851428695,-84.89081362285911,10.61135170285739,42.44540681142956
90.60000000000001,84.83064512476582,127.24596768714873,63.62298384357437,21.207661281191456,-42.41532256238291,4.241532256238291,169.66129024953165,-21.207661281191456,106.03830640595729,31.811491921787184,53.01915320297864,-84.83064512476582,10.603830640595728,42.41532256238291
90.7,84.7700498301059,127.15507474515886,63.57753737257943,21.192512457526476,-42.38502491505295,4.238502491505296,169.5400996602118,-21.192512457526476,105.96256228763238,31.788768686289714,52.98128114381619,-84.7700498301059,10.596256228763238,42.38502491505295
90.80000000000001,84.70910870547971,127.06366305821956,63.53183152910978,21.177277176369927,-42.354554352739854,4.235455435273986,169.41821741095941,-21.177277176369927,105.88638588184963,31.76591576455489,52.94319294092482,-84.70910870547971,10.588638588184963,42.354554352739854
90.9,84.64794953628629,126.97192430442944,63.48596215221472,21.161987384071573,-42.323974768143145,4.232397476814315,169.29589907257258,-21.161987384071573,105.80993692035787,31.74298107610736,52.904968460178935,-84.64794953628629,10.580993692035786,42.323974768143145
91.0,84.58674706574493,126.8801205986174,63.4400602993087,21.146686766436233,-42.293373532872465,4.229337353287247,169.17349413148986,-21.146686766436233,105.73343383218116,31.72003014965435,52.86671691609058,-84.58674706574493,10.573343383218116,42.293373532872465
91.10000000000001,84.52568721023975,126.78853081535962,63.39426540767981,21.131421802559938,-42.262843605119876,4.226284360511988,169.0513744204795,-21.131421802559938,105.6571090127997,31.697132703839905,52.82855450639985,-84.52568721023975,10.565710901279969,42.262843605119876
91.2,84.46495112368208,126.69742668552313,63.34871334276156,21.11623778092052,-42.23247556184104,4.223247556184105,168.92990224736417,-21.11623778092052,105.58118890460261,31.67435667138078,52.790594452301306,-84.46495112368208,10.55811889046026,42.23247556184104
91.30000000000001,84.40473451798736,126.60710177698104,63.30355088849052,21.10118362949684,-42.20236725899368,4.220236725899368,168.80946903597473,-21.10118362949684,105.50591814748421,31.65177544424526,52.752959073742105,-84.40473451798736,10.55059181474842,42.20236725899368
91.4,84.34525605986947,126.5178840898042,63.2589420449021,21.086314014967368,-42.172628029934735,4.217262802993473,168.69051211973894,-21.086314014967368,105.43157007483684,31.62947102245105,52.71578503741842,-84.34525605986947,10.543157007483684,42.172628029934735
91.5,84.28674322935595,126.43011484403392,63.21505742201696,21.071685807338987,-42.143371614677974,4.214337161467798,168.5734864587119,-21.071685807338987,105.35842903669493,31.60752871100848,52.679214518347464,-84.28674322935595,10.535842903669494,42.143371614677974
91.60000000000001,84.22939887058902,126.34409830588353,63.17204915294177,21.057349717647256,-42.11469943529451,4.211469943529451,168.45879774117805,-21.057349717647256,105.28674858823628,31.586024576470884,52.64337429411814,-84.22939887058902,10.528674858823628,42.11469943529451
91.7,84.17334736544508,126.26002104816763,63.130010524083815,21.04333684136127,-42.08667368272254,4.208667368272255,168.34669473089016,-21.04333684136127,105.21668420680635,31.565005262041907,52.608342103403174,-84.17334736544508,10.521668420680635,42.08667368272254
91.80000000000001,84.11864853246871,126.17797279870307,63.08898639935153,21.029662133117178,-42.059324266234356,4.205932426623436,168.23729706493742,-21.029662133117178,105.14831066558588,31.544493199675767,52.57415533279294,-84.11864853246871,10.514831066558589,42.059324266234356
91.9,84.06534840084782,126.09802260127174,63.04901130063587,21.016337100211956,-42.03267420042391,4.203267420042391,168.13069680169565,-21.016337100211956,105.08168550105978,31.524505650317934,52.54084275052989,-84.06534840084782,10.508168550105978,42.03267420042391
92.0,84.01342112835249,126.02013169252874,63.01006584626437,21.003355282088123,-42.006710564176245,4.200671056417625,168.02684225670498,-21.003355282088123,105.01677641044061,31.505032923132184,52.50838820522031,-84.01342112835249,10.501677641044061,42.006710564176245
92.10000000000001,83.96290012707428,125.94435019061142,62.97217509530571,20.99072503176857,-41.98145006353714,4.198145006353714,167.92580025414856,-20.99072503176857,104.95362515884284,31.486087547652854,52.47681257942142,-83.96290012707428,10.495362515884285,41.98145006353714
92.2,83.91383671167222,125.87075506750833,62.93537753375416,20.978459177918054,-41.95691835583611,4.195691835583611,167.82767342334444,-20.978459177918054,104.89229588959027,31.46768876687708,52.446147944795136,-83.91383671167222,10.489229588959027,41.95691835583611
92.30000000000001,83.86630183014928,125.79945274522393,62.899726372611966,20.96657545753732,-41.93315091507464,4.193315091507464,167.73260366029857,-20.96657545753732,104.8328772876866,31.449863186305983,52.4164386438433,-83.86630183014928,10.48328772876866,41.93315091507464
92.4,83.8204314993618,125.7306472490427,62.86532362452135,20.95510787484045,-41.9102157496809,4.19102157496809,167.6408629987236,-20.95510787484045,104.77553937420225,31.432661812260676,52.38776968710113,-83.8204314993618,10.477553937420225,41.9102157496809
92.5,83.77642322204919,125.66463483307379,62.832317416536895,20.944105805512297,-41.888211611024595,4.188821161102459,167.55284644409838,-20.944105805512297,104.72052902756148,31.416158708268448,52.36026451378074,-83.77642322204919,10.472052902756149,41.888211611024595
92.60000000000001,83.73453687072484,125.60180530608726,62.80090265304363,20.93363421768121,-41.86726843536242,4.186726843536242,167.46907374144968,-20.93363421768121,104.66817108840604,31.400451326521814,52.33408554420302,-83.73453687072484,10.466817108840605,41.86726843536242
92.7,83.69502237178119,125.54253355767179,62.771266778835894,20.923755592945298,-41.847511185890596,4.18475111858906,167.39004474356238,-20.923755592945298,104.61877796472649,31.385633389417947,52.309388982363245,-83.69502237178119,10.461877796472649,41.847511185890596
92.80000000000001,83.65807009858301,125.48710514787452,62.74355257393726,20.914517524645753,-41.829035049291505,4.1829035049291505,167.31614019716602,-20.914517524645753,104.57258762322877,31.37177628696863,52.286293811614385,-83.65807009858301,10.457258762322876,41.829035049291505
92.9,83.62380533190883,125.43570799786323,62.717853998931616,20.905951332977207,-41.81190266595441,4.181190266595442,167.24761066381765,-20.905951332977207,104.52975666488604,31.358926999465808,52.26487833244302,-83.62380533190883,10.452975666488603,41.81190266595441
93.0,83.59235842724897,125.38853764087345,62.694268820436726,20.898089606812242,-41.796179213624484,4.179617921362449,167.18471685449794,-20.898089606812242,104.49044803406122,31.347134410218363,52.24522401703061,-83.59235842724897,10.449044803406121,41.796179213624484
93.10000000000001,83.56386163905538,125.34579245858306,62.67289622929153,20.890965409763844,-41.78193081952769,4.178193081952769,167.12772327811075,-20.890965409763844,104.45482704881923,31.336448114645766,52.22741352440961,-83.56386163905538,10.445482704881922,41.78193081952769
93.2,83.53841118324918,125.30761677487376,62.65380838743688,20.884602795812295,-41.76920559162459,4.176920559162459,167.07682236649836,-20.884602795812295,104.42301397906148,31.32690419371844,52.21150698953074,-83.53841118324918,10.442301397906148,41.76920559162459
93.30000000000001,83.51599950761722,125.27399926142584,62.63699963071292,20.878999876904306,-41.75799975380861,4.175799975380861,167.03199901523445,-20.878999876904306,104.39499938452153,31.31849981535646,52.19749969226076,-83.51599950761722,10.439499938452153,41.75799975380861
93.4,83.4965727528049,125.24485912920734,62.62242956460367,20.874143188201224,-41.74828637640245,4.174828637640245,166.9931455056098,-20.874143188201224,104.37071594100613,31.311214782301835,52.18535797050306,-83.4965727528049,10.437071594100612,41.74828637640245
93.5,83.48005651366735,125.22008477050102,62.61004238525051,20.870014128416837,-41.740028256833675,4.174002825683368,166.9601130273347,-20.870014128416837,104.35007064208419,31.305021192625254,52.175035321042095,-83.48005651366735,10.435007064208419,41.740028256833675
93.60000000000001,83.46638453852114,125.19957680778171,62.599788403890855,20.866596134630285,-41.73319226926057,4.173319226926057,166.93276907704228,-20.866596134630285,104.33298067315143,31.299894201945428,52.16649033657571,-83.46638453852114,10.433298067315143,41.73319226926057
93.7,83.45550165555404,125.18325248333107,62.59162624166554,20.86387541388851,-41.72775082777702,4.172775082777703,166.9110033111081,-20.86387541388851,104.31937706944255,31.29581312083277,52.159688534721276,-83.45550165555404,10.431937706944256,41.72775082777702
93.80000000000001,83.44739324163687,125.17108986245532,62.58554493122766,20.86184831040922,-41.72369662081844,4.172369662081844,166.89478648327375,-20.86184831040922,104.30924155204609,31.29277246561383,52.154620776023044,-83.44739324163687,10.43092415520461,41.72369662081844
93.9,83.44205673533773,125.1630851030066,62.5815425515033,20.860514183834432,-41.721028367668865,4.172102836766887,166.88411347067546,-20.860514183834432,104.30257091917215,31.29077127575165,52.15128545958608,-83.44205673533773,10.430257091917216,41.721028367668865
94.0,83.4394492472285,125.15917387084275,62.579586935421375,20.859862311807124,-41.71972462361425,4.171972462361425,166.878898494457,-20.859862311807124,104.29931155903562,31.289793467710687,52.14965577951781,-83.4394492472285,10.429931155903562,41.71972462361425
94.10000000000001,83.43946831035616,125.15920246553424,62.57960123276712,20.85986707758904,-41.71973415517808,4.171973415517808,166.87893662071232,-20.85986707758904,104.2993353879452,31.28980061638356,52.1496676939726,-83.43946831035616,10.42993353879452,41.71973415517808
94.2,83.44200473710727,125.16300710566091,62.581503552830455,20.860501184276817,-41.721002368553634,4.172100236855363,166.88400947421454,-20.860501184276817,104.30250592138408,31.290751776415227,52.15125296069204,-83.44200473710727,10.430250592138409,41.721002368553634
94.30000000000001,83.44701523748981,125.17052285623471,62.585261428117356,20.861753809372452,-41.723507618744904,4.17235076187449,166.89403047497962,-20.861753809372452,104.30876904686227,31.292630714058678,52.15438452343113,-83.44701523748981,10.430876904686226,41.723507618744904
94.4,83.4544505740362,125.1816758610543,62.59083793052715,20.86361264350905,-41.7272252870181,4.172722528701811,166.9089011480724,-20.86361264350905,104.31806321754524,31.295418965263575,52.15903160877262,-83.4544505740362,10.431806321754525,41.7272252870181
94.5,83.46433969204094,125.1965095380614,62.5982547690307,20.866084923010234,-41.73216984602047,4.173216984602047,166.92867938408187,-20.866084923010234,104.33042461505117,31.29912738451535,52.165212307525586,-83.46433969204094,10.433042461505117,41.73216984602047
94.60000000000001,83.47666677066823,125.21500015600235,62.60750007800117,20.869166692667058,-41.738333385334116,4.173833338533412,166.95333354133646,-20.869166692667058,104.34583346333528,31.303750039000587,52.17291673166764,-83.47666677066823,10.434583346333529,41.738333385334116
94.7,83.49132319415314,125.2369847912297,62.61849239561485,20.872830798538285,-41.74566159707657,4.174566159707657,166.98264638830628,-20.872830798538285,104.36415399269143,31.309246197807425,52.182076996345714,-83.49132319415314,10.436415399269142,41.74566159707657
94.80000000000001,83.50819996082443,125.26229994123665,62.631149970618324,20.877049990206107,-41.754099980412214,4.175409998041221,167.01639992164885,-20.877049990206107,104.38524995103053,31.315574985309162,52.192624975515265,-83.50819996082443,10.438524995103053,41.754099980412214
94.9,83.52726990155077,125.29090485232615,62.645452426163075,20.88181747538769,-41.76363495077538,4.176363495077538,167.05453980310153,-20.88181747538769,104.40908737693846,31.322726213081538,52.20454368846923,-83.52726990155077,10.440908737693846,41.76363495077538
95.0,83.54854461047165,125.32281691570748,62.66140845785374,20.887136152617913,-41.774272305235826,4.177427230523583,167.0970892209433,-20.887136152617913,104.43568076308956,31.33070422892687,52.21784038154478,-83.54854461047165,10.443568076308956,41.774272305235826
95.10000000000001,83.57213193703237,125.35819790554855,62.679098952774275,20.89303298425809,-41.78606596851618,4.178606596851618,167.14426387406473,-20.89303298425809,104.46516492129047,31.339549476387138,52.23258246064523,-83.57213193703237,10.446516492129046,41.78606596851618
95.2,83.59813128396358,125.39719692594537,62.69859846297268,20.899532820990895,-41.79906564198179,4.17990656419818,167.19626256792716,-20.899532820990895,104.49766410495448,31.34929923148634,52.24883205247724,-83.59813128396358,10.449766410495448,41.79906564198179
95.30000000000001,83.6266586200062,125.4399879300093,62.71999396500465,20.90666465500155,-41.8133293100031,4.18133293100031,167.2533172400124,-20.90666465500155,104.53332327500775,31.359996982502324,52.26666163750387,-83.6266586200062,10.453332327500775,41.8133293100031
95.4,83.65781147037461,125.48671720556192,62.74335860278096,20.914452867593653,-41.828905735187305,4.182890573518731,167.31562294074922,-20.914452867593653,104.57226433796826,31.37167930139048,52.28613216898413,-83.65781147037461,10.457226433796826,41.828905735187305
95.5,83.69162743661475,125.53744115492213,62.76872057746107,20.922906859153688,-41.845813718307376,4.184581371830737,167.3832548732295,-20.922906859153688,104.61453429576844,31.384360288730534,52.30726714788422,-83.69162743661475,10.461453429576844,41.845813718307376
95.60000000000001,83.72808600066065,125.59212900099098,62.79606450049549,20.932021500165163,-41.86404300033033,4.186404300033033,167.4561720013213,-20.932021500165163,104.66010750082582,31.398032250247745,52.33005375041291,-83.72808600066065,10.466010750082582,41.86404300033033
95.7,83.76717814501892,125.65076721752837,62.825383608764184,20.94179453625473,-41.88358907250946,4.188358907250946,167.53435629003783,-20.94179453625473,104.70897268127365,31.412691804382092,52.354486340636825,-83.76717814501892,10.470897268127365,41.88358907250946
95.80000000000001,83.8088809536085,125.71332143041275,62.856660715206374,20.952220238402123,-41.90444047680425,4.190444047680425,167.617761907217,-20.952220238402123,104.76110119201061,31.428330357603187,52.38055059600531,-83.8088809536085,10.476110119201062,41.90444047680425
95.9,83.85317107668855,125.77975661503282,62.88987830751641,20.96329276917214,-41.92658553834428,4.192658553834428,167.7063421533771,-20.96329276917214,104.8164638458607,31.444939153758206,52.40823192293035,-83.85317107668855,10.48164638458607,41.92658553834428
96.0,83.90003881582378,125.85005822373566,62.92502911186783,20.975009703955944,-41.95001940791189,4.195001940791189,167.80007763164755,-20.975009703955944,104.87504851977972,31.462514555933915,52.43752425988986,-83.90003881582378,10.487504851977972,41.95001940791189
96.10000000000001,83.94948476234966,125.92422714352449,62.962113571762245,20.987371190587414,-41.97474238117483,4.197474238117483,167.8989695246993,-20.987371190587414,104.93685595293707,31.481056785881123,52.46842797646853,-83.94948476234966,10.493685595293707,41.97474238117483
96.2,84.0015199301765,126.00227989526475,63.001139947632375,21.000379982544125,-42.00075996508825,4.200075996508825,168.003039860353,-21.000379982544125,105.00189991272063,31.500569973816187,52.500949956360316,-84.0015199301765,10.500189991272062,42.00075996508825
96.30000000000001,84.05612706724406,126.0841906008661,63.04209530043305,21.014031766811016,-42.02806353362203,4.202806353362203,168.11225413448813,-21.014031766811016,105.07015883405508,31.521047650216524,52.53507941702754,-84.05612706724406,10.507015883405508,42.02806353362203
96.4,84.11322010718173,126.16983016077259,63.084915080386295,21.028305026795433,-42.056610053590866,4.205661005359087,168.22644021436346,-21.028305026795433,105.14152513397717,31.542457540193148,52.570762566988584,-84.11322010718173,10.514152513397717,42.056610053590866
96.5,84.17257646854785,126.25886470282177,63.129432351410884,21.04314411713696,-42.08628823427392,4.208628823427392,168.3451529370957,-21.04314411713696,105.2157205856848,31.564716175705442,52.6078602928424,-84.17257646854785,10.52157205856848,42.08628823427392
96.60000000000001,84.23391375281926,126.3508706292289,63.17543531461445,21.058478438204816,-42.11695687640963,4.2116956876409635,168.46782750563852,-21.058478438204816,105.29239219102408,31.587717657307223,52.64619609551204,-84.23391375281926,10.529239219102408,42.11695687640963
96.7,84.29699035214122,126.44548552821183,63.22274276410592,21.074247588035306,-42.14849517607061,4.214849517607061,168.59398070428244,-21.074247588035306,105.37123794017653,31.61137138205296,52.685618970088264,-84.29699035214122,10.537123794017653,42.14849517607061
96.80000000000001,84.36157280371087,126.5423592055663,63.27117960278315,21.090393200927718,-42.180786401855435,4.218078640185544,168.72314560742174,-21.090393200927718,105.45196600463859,31.635589801391575,52.725983002319296,-84.36157280371087,10.545196600463859,42.180786401855435
96.9,84.4275095763399,126.64126436450985,63.320632182254926,21.106877394084975,-42.21375478816995,4.221375478816995,168.8550191526798,-21.106877394084975,105.53438697042488,31.660316091127463,52.76719348521244,-84.4275095763399,10.553438697042488,42.21375478816995
97.0,84.49465840544134,126.74198760816202,63.37099380408101,21.123664601360336,-42.24732920272067,4.224732920272067,168.98931681088268,-21.123664601360336,105.61832300680167,31.685496902040505,52.80916150340084,-84.49465840544134,10.561832300680168,42.24732920272067
97.10000000000001,84.56281580316303,126.84422370474455,63.422111852372275,21.14070395079076,-42.28140790158152,4.228140790158152,169.12563160632607,-21.14070395079076,105.7035197539538,31.711055926186138,52.8517598769769,-84.56281580316303,10.57035197539538,42.28140790158152
97.2,84.6317698231275,126.94765473469124,63.47382736734562,21.157942455781875,-42.31588491156375,4.2315884911563755,169.263539646255,-21.157942455781875,105.78971227890938,31.73691368367281,52.89485613945469,-84.6317698231275,10.578971227890937,42.31588491156375
97.30000000000001,84.70138654560174,127.0520798184026,63.5260399092013,21.175346636400434,-42.35069327280087,4.235069327280087,169.40277309120347,-21.175346636400434,105.87673318200217,31.76301995460065,52.938366591001085,-84.70138654560174,10.587673318200217,42.35069327280087
97.4,84.77154664063715,127.15731996095573,63.578659980477866,21.19288666015929,-42.38577332031858,4.238577332031858,169.5430932812743,-21.19288666015929,105.96443330079644,31.789329990238933,52.98221665039822,-84.77154664063715,10.596443330079644,42.38577332031858
97.5,84.84211764181224,127.26317646271835,63.631588231359174,21.21052941045306,-42.42105882090612,4.242105882090612,169.68423528362447,-21.21052941045306,106.0526470522653,31.815794115679587,53.02632352613265,-84.84211764181224,10.60526470522653,42.42105882090612
97.60000000000001,84.91298977481651,127.36948466222476,63.68474233111238,21.228247443704127,-42.456494887408255,4.245649488740826,169.82597954963302,-21.228247443704127,106.14123721852064,31.84237116555619,53.07061860926032,-84.91298977481651,10.614123721852064,42.456494887408255
97.7,84.98405780931937,127.47608671397904,63.73804335698952,21.24601445232984,-42.49202890465968,4.249202890465969,169.96811561863873,-21.24601445232984,106.23007226164921,31.86902167849476,53.115036130824606,-84.98405780931937,10.62300722616492,42.49202890465968
97.80000000000001,85.05525591397247,127.58288387095871,63.791441935479355,21.26381397849312,-42.52762795698624,4.252762795698624,170.11051182794495,-21.26381397849312,106.31906989246559,31.895720967739678,53.159534946232796,-85.05525591397247,10.63190698924656,42.52762795698624
97.9,85.12653377868163,127.68980066802246,63.84490033401123,21.28163344467041,-42.56326688934082,4.256326688934082,170.25306755736327,-21.28163344467041,106.40816722335204,31.922450167005614,53.20408361167602,-85.12653377868163,10.640816722335204,42.56326688934082
98.0,85.19788260534166,127.7968239080125,63.89841195400625,21.299470651335415,-42.59894130267083,4.259894130267083,170.39576521068332,-21.299470651335415,106.49735325667707,31.949205977003125,53.248676628338536,-85.19788260534166,10.649735325667708,42.59894130267083
98.10000000000001,85.26931588807273,127.90397383210909,63.951986916054544,21.31732897201818,-42.63465794403636,4.263465794403636,170.53863177614545,-21.31732897201818,106.5866448600909,31.975993458027272,53.29332243004545,-85.26931588807273,10.65866448600909,42.63465794403636
98.2,85.34081594870332,128.01122392305498,64.00561196152749,21.33520398717583,-42.67040797435166,4.2670407974351665,170.68163189740665,-21.33520398717583,106.67601993587915,32.002805980763746,53.33800996793958,-85.34081594870332,10.667601993587915,42.67040797435166
98.30000000000001,85.41231212847066,128.118468192706,64.059234096353,21.353078032117665,-42.70615606423533,4.270615606423533,170.82462425694132,-21.353078032117665,106.76539016058832,32.0296170481765,53.38269508029416,-85.41231212847066,10.676539016058832,42.70615606423533
98.4,85.4837306919325,128.22559603789875,64.11279801894938,21.370932672983123,-42.74186534596625,4.274186534596625,170.967461383865,-21.370932672983123,106.85466336491561,32.05639900947469,53.427331682457805,-85.4837306919325,10.685466336491562,42.74186534596625
98.5,85.55499253153131,128.33248879729697,64.16624439864849,21.388748132882828,-42.777496265765656,4.277749626576566,171.10998506306262,-21.388748132882828,106.94374066441414,32.083122199324244,53.47187033220707,-85.55499253153131,10.694374066441414,42.777496265765656
98.60000000000001,85.62596139669688,128.43894209504532,64.21947104752266,21.40649034917422,-42.81298069834844,4.281298069834844,171.25192279339376,-21.40649034917422,107.0324517458711,32.10973552376133,53.51622587293555,-85.62596139669688,10.70324517458711,42.81298069834844
98.7,85.69651825350572,128.54477738025858,64.27238869012929,21.42412956337643,-42.84825912675286,4.284825912675286,171.39303650701143,-21.42412956337643,107.12064781688214,32.136194345064645,53.56032390844107,-85.69651825350572,10.712064781688214,42.84825912675286
98.80000000000001,85.766616538469,128.64992480770348,64.32496240385174,21.44165413461725,-42.8833082692345,4.28833082692345,171.533233076938,-21.44165413461725,107.20827067308625,32.16248120192587,53.60413533654312,-85.766616538469,10.720827067308624,42.8833082692345
98.9,85.8362068699044,128.7543103048566,64.3771551524283,21.4590517174761,-42.9181034349522,4.291810343495221,171.6724137398088,-21.4590517174761,107.2952585873805,32.18857757621415,53.64762929369025,-85.8362068699044,10.72952585873805,42.9181034349522
99.0,85.90519752126022,128.85779628189033,64.42889814094517,21.476299380315055,-42.95259876063011,4.295259876063011,171.81039504252044,-21.476299380315055,107.38149690157528,32.21444907047258,53.69074845078764,-85.90519752126022,10.738149690157528,42.95259876063011
99.10000000000001,85.97353724390264,128.96030586585397,64.48015293292698,21.49338431097566,-42.98676862195132,4.298676862195133,171.94707448780528,-21.49338431097566,107.4669215548783,32.24007646646349,53.73346077743915,-85.97353724390264,10.74669215548783,42.98676862195132
99.2,86.04119865485966,129.06179798228948,64.53089899114474,21.510299663714914,-43.02059932742983,4.302059932742983,172.0823973097193,-21.510299663714914,107.55149831857457,32.26544949557237,53.77574915928729,-86.04119865485966,10.755149831857457,43.02059932742983
99.30000000000001,86.10813852906684,129.16220779360026,64.58110389680013,21.52703463226671,-43.05406926453342,4.305406926453342,172.21627705813367,-21.52703463226671,107.63517316133354,32.290551948400065,53.81758658066677,-86.10813852906684,10.763517316133354,43.05406926453342
99.4,86.17432042386997,129.26148063580496,64.63074031790248,21.543580105967493,-43.087160211934986,4.308716021193499,172.34864084773994,-21.543580105967493,107.71790052983746,32.31537015895124,53.85895026491873,-86.17432042386997,10.771790052983746,43.087160211934986
99.5,86.23977606826315,129.35966410239473,64.67983205119737,21.55994401706579,-43.11988803413158,4.311988803413158,172.4795521365263,-21.55994401706579,107.79972008532894,32.33991602559868,53.89986004266447,-86.23977606826315,10.779972008532894,43.11988803413158
99.60000000000001,86.3045438240016,129.4568157360024,64.7284078680012,21.5761359560004,-43.1522719120008,4.31522719120008,172.6090876480032,-21.5761359560004,107.880679780002,32.3642039340006,53.940339890001,-86.3045438240016,10.7880679780002,43.1522719120008
99.7,86.36860808564042,129.55291212846063,64.77645606423032,21.592152021410104,-43.18430404282021,4.318430404282021,172.73721617128083,-21.592152021410104,107.96076010705052,32.38822803211516,53.98038005352526,-86.36860808564042,10.796076010705052,43.18430404282021
99.80000000000001,86.43195156161481,129.6479273424222,64.8239636712111,21.607987890403702,-43.215975780807405,4.32159757808074,172.86390312322962,-21.607987890403702,108.03993945201852,32.41198183560555,54.01996972600926,-86.43195156161481,10.803993945201851,43.215975780807405
99.9,86.494556391606,129.741834587409,64.8709172937045,21.6236390979015,-43.247278195803,4.3247278195803,172.989112783212,-21.6236390979015,108.1181954895075,32.43545864685225,54.05909774475375,-86.494556391606,10.81181954895075,43.247278195803
100.0,86.55648507137371,129.8347276070606,64.9173638035303,21.63912126784343,-43.27824253568686,4.327824253568686,173.11297014274743,-21.63912126784343,108.19560633921714,32.45868190176515,54.09780316960857,-86.55648507137371,10.819560633921714,43.27824253568686
100.10000000000001,86.61782018928166,129.9267302839225,64.96336514196125,21.654455047320415,-43.30891009464083,4.330891009464083,173.23564037856332,-21.654455047320415,108.27227523660207,32.481682570980624,54.136137618301035,-86.61782018928166,10.827227523660207,43.30891009464083
100.2,86.67869580845603,130.01804371268403,65.00902185634202,21.669673952114007,-43.33934790422801,4.333934790422801,173.35739161691205,-21.669673952114007,108.34836976057004,32.50451092817101,54.17418488028502,-86.67869580845603,10.834836976057003,43.33934790422801
100.30000000000001,86.73930538892975,130.1089580833946,65.0544790416973,21.684826347232438,-43.369652694464875,4.3369652694464875,173.4786107778595,-21.684826347232438,108.4241317361622,32.52723952084865,54.2120658680811,-86.73930538892975,10.842413173616219,43.369652694464875
100.4,86.79978265124994,130.19967397687492,65.09983698843746,21.699945662812485,-43.39989132562497,4.339989132562497,173.59956530249988,-21.699945662812485,108.49972831406242,32.54991849421873,54.24986415703121,-86.79978265124994,10.849972831406243,43.39989132562497
100.5,86.86020627712395,130.29030941568593,65.14515470784296,21.715051569280988,-43.430103138561975,4.3430103138561975,173.7204125542479,-21.715051569280988,108.57525784640494,32.57257735392148,54.28762892320247,-86.86020627712395,10.857525784640494,43.430103138561975
100.60000000000001,86.92066490195442,130.38099735293164,65.19049867646582,21.730166225488606,-43.46033245097721,4.346033245097721,173.84132980390885,-21.730166225488606,108.65083112744303,32.59524933823291,54.32541556372151,-86.92066490195442,10.865083112744303,43.46033245097721
100.7,86.98124726670153,130.4718709000523,65.23593545002615,21.745311816675382,-43.490623633350765,4.349062363335077,173.96249453340306,-21.745311816675382,108.72655908337691,32.617967725013074,54.363279541688456,-86.98124726670153,10.872655908337691,43.490623633350765
100.80000000000001,87.04201856117575,130.56302784176364,65.28151392088182,21.760504640293938,-43.521009280587876,4.352100928058788,174.0840371223515,-21.760504640293938,108.80252320146968,32.64075696044091,54.40126160073484,-87.04201856117575,10.880252320146969,43.521009280587876
100.9,87.10302289902089,130.65453434853134,65.32726717426567,21.77575572475522,-43.55151144951044,4.355151144951044,174.20604579804177,-21.77575572475522,108.8787786237761,32.663633587132836,54.43938931188805,-87.10302289902089,10.88787786237761,43.55151144951044
101.0,87.164268574255,130.7464028613825,65.37320143069125,21.79106714356375,-43.5821342871275,4.358213428712751,174.32853714851,-21.79106714356375,108.95533571781876,32.68660071534563,54.47766785890938,-87.164268574255,10.895533571781876,43.5821342871275
101.10000000000001,87.22576877508024,130.83865316262035,65.41932658131017,21.80644219377006,-43.61288438754012,4.361288438754012,174.45153755016048,-21.80644219377006,109.03221096885031,32.70966329065509,54.516105484425154,-87.22576877508024,10.90322109688503,43.61288438754012
101.2,87.2875508791009,130.93132631865137,65.46566315932569,21.821887719775226,-43.64377543955045,4.364377543955046,174.5751017582018,-21.821887719775226,109.10943859887612,32.73283157966284,54.55471929943806,-87.2875508791009,10.910943859887613,43.64377543955045
101.30000000000001,87.34969262836408,131.02453894254612,65.51226947127306,21.83742315709102,-43.67484631418204,4.367484631418204,174.69938525672816,-21.83742315709102,109.1871157854551,32.75613473563653,54.59355789272755,-87.34969262836408,10.91871157854551,43.67484631418204
101.4,87.41230933293268,131.118463999399,65.5592319996995,21.85307733323317,-43.70615466646634,4.370615466646634,174.82461866586536,-21.85307733323317,109.26538666616585,32.77961599984975,54.632693333082926,-87.41230933293268,10.926538666616585,43.70615466646634
101.5,87.47549304091285,131.21323956136928,65.60661978068464,21.868873260228213,-43.737746520456426,4.373774652045642,174.9509860818257,-21.868873260228213,109.34436630114106,32.80330989034232,54.67218315057053,-87.47549304091285,10.934436630114106,43.737746520456426
101.60000000000001,87.53932598181136,131.30898897271703,65.65449448635852,21.88483149545284,-43.76966299090568,4.376966299090568,175.07865196362272,-21.88483149545284,109.4241574772642,32.82724724317926,54.7120787386321,-87.53932598181136,10.94241574772642,43.76966299090568
101.7,87.60385617484043,131.40578426226065,65.70289213113033,21.900964043710108,-43.801928087420215,4.380192808742022,175.20771234968086,-21.900964043710108,109.50482021855053,32.85144606556516,54.75241010927527,-87.60385617484043,10.950482021855054,43.801928087420215
101.80000000000001,87.66909099657954,131.5036364948693,65.75181824743466,21.917272749144885,-43.83454549828977,4.383454549828977,175.33818199315908,-21.917272749144885,109.58636374572443,32.87590912371733,54.79318187286221,-87.66909099657954,10.958636374572443,43.83454549828977
101.9,87.73498346847038,131.60247520270556,65.80123760135278,21.933745867117594,-43.86749173423519,4.386749173423519,175.46996693694075,-21.933745867117594,109.66872933558797,32.90061880067639,54.834364667793984,-87.73498346847038,10.966872933558797,43.86749173423519
102.0,87.80151375111863,131.70227062667794,65.85113531333897,21.95037843777966,-43.90075687555932,4.390075687555932,175.60302750223727,-21.95037843777966,109.7518921888983,32.925567656669486,54.87594609444915,-87.80151375111863,10.97518921888983,43.90075687555932
102.10000000000001,87.86870669278088,131.80306003917133,65.90153001958566,21.96717667319522,-43.93435334639044,4.393435334639044,175.73741338556175,-21.96717667319522,109.83588336597609,32.95076500979283,54.917941682988044,-87.86870669278088,10.98358833659761,43.93435334639044
102.2,87.93661100698633,131.9049165104795,65.95245825523975,21.98415275174658,-43.96830550349316,4.396830550349317,175.87322201397265,-21.98415275174658,109.9207637587329,32.976229127619874,54.96038187936645,-87.93661100698633,10.99207637587329,43.96830550349316
102.30000000000001,88.00526497497043,132.00789746245565,66.00394873122782,22.001316243742608,-44.002632487485215,4.400263248748522,176.01052994994086,-22.001316243742608,110.00658121871304,33.00197436561391,55.00329060935652,-88.00526497497043,11.000658121871304,44.002632487485215
102.4,88.07469344299935,132.11204016449904,66.05602008224952,22.018673360749837,-44.037346721499674,4.403734672149968,176.1493868859987,-22.018673360749837,110.09336680374918,33.02801004112476,55.04668340187459,-88.07469344299935,11.009336680374918,44.037346721499674
102.5,88.14493391932886,132.2174008789933,66.10870043949664,22.036233479832216,-44.07246695966443,4.407246695966443,176.28986783865773,-22.036233479832216,110.18116739916108,33.05435021974832,55.09058369958054,-88.14493391932886,11.018116739916108,44.07246695966443
102.60000000000001,88.21603821495026,132.3240573224254,66.1620286612127,22.054009553737565,-44.10801910747513,4.410801910747513,176.43207642990052,-22.054009553737565,110.27004776868782,33.08101433060635,55.13502388434391,-88.21603821495026,11.027004776868782,44.10801910747513
102.7,88.28803895032608,132.43205842548912,66.21602921274456,22.07200973758152,-44.14401947516304,4.414401947516304,176.57607790065217,-22.07200973758152,110.36004868790761,33.10801460637228,55.180024343953804,-88.28803895032608,11.03600486879076,44.14401947516304
102.80000000000001,88.36096915888453,132.5414537383268,66.2707268691634,22.090242289721132,-44.180484579442265,4.418048457944226,176.72193831776906,-22.090242289721132,110.45121144860566,33.1353634345817,55.22560572430283,-88.36096915888453,11.045121144860566,44.180484579442265
102.9,88.43486819757675,132.65230229636512,66.32615114818256,22.108717049394187,-44.217434098788374,4.421743409878838,176.8697363951535,-22.108717049394187,110.54358524697093,33.16307557409128,55.27179262348547,-88.43486819757675,11.054358524697093,44.217434098788374
103.0,88.50983020302216,132.76474530453325,66.38237265226662,22.12745755075554,-44.25491510151108,4.425491510151108,177.01966040604432,-22.12745755075554,110.6372877537777,33.19118632613331,55.31864387688885,-88.50983020302216,11.06372877537777,44.25491510151108
103.10000000000001,88.58591058246353,132.8788658736953,66.43943293684765,22.14647764561588,-44.29295529123176,4.429295529123176,177.17182116492705,-22.14647764561588,110.7323882280794,33.219716468423826,55.3661941140397,-88.58591058246353,11.07323882280794,44.29295529123176
103.2,88.66313091528365,132.99469637292546,66.49734818646273,22.16578272882091,-44.33156545764182,4.433156545764183,177.3262618305673,-22.16578272882091,110.82891364410456,33.248674093231365,55.41445682205228,-88.66313091528365,11.082891364410456,44.33156545764182
103.30000000000001,88.74157261944941,133.11235892917412,66.55617946458706,22.185393154862354,-44.37078630972471,4.437078630972471,177.48314523889883,-22.185393154862354,110.92696577431177,33.27808973229353,55.463482887155884,-88.74157261944941,11.092696577431177,44.37078630972471
103.4,88.82127905030819,133.2319185754623,66.61595928773114,22.205319762577048,-44.410639525154096,4.441063952515409,177.64255810061638,-22.205319762577048,111.02659881288524,33.30797964386557,55.51329940644262,-88.82127905030819,11.102659881288524,44.410639525154096
103.5,88.90227561354176,133.35341342031265,66.67670671015632,22.22556890338544,-44.45113780677088,4.445113780677088,177.80455122708352,-22.22556890338544,111.1278445169272,33.33835335507816,55.5639222584636,-88.90227561354176,11.11278445169272,44.45113780677088
103.60000000000001,88.98460811940956,133.47691217911432,66.73845608955716,22.24615202985239,-44.49230405970478,4.449230405970478,177.96921623881912,-22.24615202985239,111.23076014926195,33.36922804477858,55.61538007463098,-88.98460811940956,11.123076014926195,44.49230405970478
103.7,89.0683164322152,133.6024746483228,66.8012373241614,22.2670791080538,-44.5341582161076,4.45341582161076,178.1366328644304,-22.2670791080538,111.33539554026899,33.4006186620807,55.667697770134495,-89.0683164322152,11.1335395540269,44.5341582161076
103.80000000000001,89.153459741439,133.73018961215848,66.86509480607924,22.28836493535975,-44.5767298707195,4.45767298707195,178.306919482878,-22.28836493535975,111.44182467679875,33.43254740303962,55.72091233839937,-89.153459741439,11.144182467679874,44.5767298707195
103.9,89.24012130949122,133.86018196423683,66.93009098211841,22.310030327372804,-44.62006065474561,4.462006065474561,178.48024261898243,-22.310030327372804,111.55015163686402,33.46504549105921,55.77507581843201,-89.24012130949122,11.155015163686402,44.62006065474561
104.0,89.32835092032845,133.99252638049268,66.99626319024634,22.33208773008211,-44.66417546016422,4.466417546016422,178.6567018406569,-22.33208773008211,111.66043865041055,33.49813159512317,55.83021932520528,-89.32835092032845,11.166043865041056,44.66417546016422
104.10000000000001,89.41816143610416,134.12724215415625,67.06362107707812,22.35454035902604,-44.70908071805208,4.470908071805208,178.8363228722083,-22.35454035902604,111.77270179513019,33.53181053853906,55.886350897565094,-89.41816143610416,11.17727017951302,44.70908071805208
104.2,89.5095502662403,134.26432539936044,67.13216269968022,22.377387566560074,-44.75477513312015,4.475477513312015,179.0191005324806,-22.377387566560074,111.88693783280037,33.56608134984011,55.943468916400185,-89.5095502662403,11.188693783280037,44.75477513312015
104.30000000000001,89.6025902667991,134.40388540019865,67.20194270009932,22.400647566699774,-44.80129513339955,4.480129513339955,179.2051805335982,-22.400647566699774,112.00323783349887,33.60097135004966,56.001618916749436,-89.6025902667991,11.200323783349887,44.80129513339955
104.4,89.69737844086568,134.5460676612985,67.27303383064925,22.42434461021642,-44.84868922043284,4.484868922043284,179.39475688173135,-22.42434461021642,112.1217230510821,33.63651691532463,56.06086152554105,-89.69737844086568,11.21217230510821,44.84868922043284
104.5,89.79399093861522,134.69098640792282,67.34549320396141,22.448497734653806,-44.89699546930761,4.489699546930761,179.58798187723045,-22.448497734653806,112.24248867326904,33.672746601980705,56.12124433663452,-89.79399093861522,11.224248867326903,44.89699546930761
104.60000000000001,89.8925136896464,134.8387705344696,67.4193852672348,22.4731284224116,-44.9462568448232,4.494625684482321,179.7850273792928,-22.4731284224116,112.36564211205801,33.7096926336174,56.182821056029006,-89.8925136896464,11.2365642112058,44.9462568448232
104.7,89.9929903965105,134.98948559476577,67.49474279738288,22.498247599127627,-44.99649519825525,4.4996495198255255,179.985980793021,-22.498247599127627,112.49123799563813,33.74737139869144,56.245618997819065,-89.9929903965105,11.249123799563813,44.99649519825525
104.80000000000001,90.09537063901067,135.14305595851602,67.57152797925801,22.523842659752667,-45.047685319505334,4.504768531950534,180.19074127802133,-22.523842659752667,112.61921329876333,33.785763989629004,56.309606649381664,-90.09537063901067,11.261921329876333,45.047685319505334
104.9,90.19956905437083,135.29935358155623,67.64967679077812,22.549892263592707,-45.09978452718541,4.509978452718541,180.39913810874165,-22.549892263592707,112.74946131796354,33.82483839538906,56.37473065898177,-90.19956905437083,11.274946131796353,45.09978452718541
105.0,90.30550958214161,135.45826437321242,67.72913218660621,22.576377395535403,-45.152754791070805,4.515275479107081,180.61101916428322,-22.576377395535403,112.88188697767701,33.864566093303104,56.440943488838506,-90.30550958214161,11.288188697767701,45.152754791070805
105.10000000000001,90.41311919609863,135.61967879414794,67.80983939707397,22.60327979902466,-45.20655959804932,4.520655959804932,180.82623839219727,-22.60327979902466,113.0163989951233,33.904919698536986,56.50819949756165,-90.41311919609863,11.30163989951233,45.20655959804932
105.2,90.52230675145697,135.78346012718544,67.89173006359272,22.63057668786424,-45.26115337572848,4.526115337572849,181.04461350291393,-22.63057668786424,113.15288343932122,33.94586503179636,56.57644171966061,-90.52230675145697,11.31528834393212,45.26115337572848
105.30000000000001,90.63295662987929,135.94943494481893,67.97471747240947,22.658239157469822,-45.316478314939644,4.531647831493965,181.26591325975858,-22.658239157469822,113.29119578734911,33.98735873620473,56.645597893674555,-90.63295662987929,11.329119578734911,45.316478314939644
105.4,90.7449188197067,136.11737822956005,68.05868911478002,22.686229704926674,-45.37245940985335,4.537245940985335,181.4898376394134,-22.686229704926674,113.43114852463337,34.02934455739001,56.715574262316686,-90.7449188197067,11.343114852463337,45.37245940985335
105.5,90.85812401595281,136.28718602392922,68.14359301196461,22.714531003988203,-45.429062007976405,4.542906200797641,181.71624803190562,-22.714531003988203,113.57265501994101,34.071796505982306,56.786327509970505,-90.85812401595281,11.357265501994101,45.429062007976405
105.60000000000001,90.97254059053078,136.45881088579617,68.22940544289808,22.743135147632696,-45.48627029526539,4.548627029526539,181.94508118106157,-22.743135147632696,113.71567573816348,34.11470272144904,56.85783786908174,-90.97254059053078,11.371567573816348,45.48627029526539
105.7,91.0881344526527,136.63220167897904,68.31610083948952,22.772033613163174,-45.54406722632635,4.554406722632635,182.1762689053054,-22.772033613163174,113.86016806581587,34.15805041974476,56.930084032907935,-91.0881344526527,11.386016806581587,45.54406722632635
105.80000000000001,91.20489410858904,136.80734116288357,68.40367058144179,22.80122352714726,-45.60244705429452,4.560244705429453,182.4097882171781,-22.80122352714726,114.0061176357363,34.201835290720894,57.00305881786815,-91.20489410858904,11.40061176357363,45.60244705429452
105.9,91.32285148348734,136.984277225231,68.4921386126155,22.830712870871835,-45.66142574174367,4.566142574174367,182.64570296697468,-22.830712870871835,114.15356435435918,34.24606930630775,57.07678217717959,-91.32285148348734,11.415356435435918,45.66142574174367
106.0,91.44206726739084,137.16310090108627,68.58155045054313,22.86051681684771,-45.72103363369542,4.572103363369542,182.88413453478168,-22.86051681684771,114.30258408423855,34.29077522527157,57.15129204211927,-91.44206726739084,11.430258408423855,45.72103363369542
106.10000000000001,91.56258268900405,137.34387403350607,68.67193701675303,22.89064567225101,-45.78129134450202,4.578129134450203,183.1251653780081,-22.89064567225101,114.45322836125506,34.33596850837652,57.22661418062753,-91.56258268900405,11.445322836125506,45.78129134450202
106.2,91.68436634131314,137.5265495119697,68.76327475598485,22.921091585328284,-45.84218317065657,4.584218317065657,183.36873268262627,-22.921091585328284,114.60545792664142,34.381637377992426,57.30272896332071,-91.68436634131314,11.460545792664142,45.84218317065657
106.30000000000001,91.80743540567622,137.71115310851434,68.85557655425717,22.951858851419054,-45.90371770283811,4.590371770283811,183.61487081135243,-22.951858851419054,114.75929425709526,34.427788277128585,57.37964712854763,-91.80743540567622,11.475929425709527,45.90371770283811
106.4,91.93180800703973,137.8977120105596,68.9488560052798,22.982952001759934,-45.96590400351987,4.596590400351987,183.86361601407947,-22.982952001759934,114.91476000879968,34.4744280026399,57.45738000439984,-91.93180800703973,11.491476000879967,45.96590400351987
106.5,92.05748749361672,138.0862312404251,69.04311562021255,23.01437187340418,-46.02874374680836,4.6028743746808365,184.11497498723344,-23.01437187340418,115.07185936702089,34.52155781010627,57.535929683510446,-92.05748749361672,11.50718593670209,46.02874374680836
106.60000000000001,92.18452114924976,138.27678172387465,69.13839086193732,23.04613028731244,-46.09226057462488,4.609226057462489,184.36904229849952,-23.04613028731244,115.2306514365622,34.56919543096866,57.6153257182811,-92.18452114924976,11.52306514365622,46.09226057462488
106.7,92.31299481338573,138.4694922200786,69.2347461100393,23.078248703346432,-46.156497406692864,4.615649740669286,184.62598962677146,-23.078248703346432,115.39124351673216,34.61737305501965,57.69562175836608,-92.31299481338573,11.539124351673216,46.156497406692864
106.80000000000001,92.44296028707947,138.6644404306192,69.3322202153096,23.110740071769868,-46.221480143539736,4.622148014353974,184.88592057415894,-23.110740071769868,115.55370035884934,34.6661101076548,57.77685017942467,-92.44296028707947,11.555370035884934,46.221480143539736
106.9,92.5745161467285,138.86177422009274,69.43088711004637,23.143629036682125,-46.28725807336425,4.6287258073364255,185.149032293457,-23.143629036682125,115.71814518341063,34.715443555023185,57.85907259170531,-92.5745161467285,11.571814518341062,46.28725807336425
107.0,92.70774864934177,139.06162297401266,69.53081148700633,23.17693716233544,-46.35387432467088,4.6353874324670885,185.41549729868353,-23.17693716233544,115.8846858116772,34.765405743503166,57.9423429058386,-92.70774864934177,11.58846858116772,46.35387432467088
107.10000000000001,92.84273923759336,139.26410885639004,69.63205442819502,23.21068480939834,-46.42136961879668,4.642136961879668,185.68547847518673,-23.21068480939834,116.05342404699171,34.81602721409751,58.026712023495854,-92.84273923759336,11.60534240469917,46.42136961879668
107.2,92.97962662405735,139.46943993608602,69.73471996804301,23.244906656014336,-46.48981331202867,4.648981331202868,185.9592532481147,-23.244906656014336,116.22453328007168,34.867359984021505,58.11226664003584,-92.97962662405735,11.622453328007168,46.48981331202867
107.30000000000001,93.11852157682414,139.6777823652362,69.8388911826181,23.279630394206034,-46.55926078841207,4.655926078841207,186.23704315364827,-23.279630394206034,116.39815197103017,34.91944559130905,58.19907598551509,-93.11852157682414,11.639815197103017,46.55926078841207
107.4,93.25948166905467,139.889222503582,69.944611251791,23.314870417263666,-46.62974083452733,4.662974083452734,186.51896333810933,-23.314870417263666,116.57435208631833,34.9723056258955,58.287176043159164,-93.25948166905467,11.657435208631833,46.62974083452733
107.5,93.40255817302804,140.10383725954205,70.05191862977102,23.35063954325701,-46.70127908651402,4.670127908651402,186.80511634605608,-23.35063954325701,116.75319771628506,35.02595931488551,58.37659885814253,-93.40255817302804,11.675319771628505,46.70127908651402
107.60000000000001,93.54777184837853,140.3216577725678,70.1608288862839,23.386942962094633,-46.773885924189265,4.677388592418927,187.09554369675706,-23.386942962094633,116.93471481047317,35.08041444314195,58.467357405236584,-93.54777184837853,11.693471481047316,46.773885924189265
107.7,93.6951404815802,140.5427107223703,70.27135536118514,23.42378512039505,-46.8475702407901,4.68475702407901,187.3902809631604,-23.42378512039505,117.11892560197525,35.13567768059257,58.559462800987625,-93.6951404815802,11.711892560197525,46.8475702407901
107.80000000000001,93.8447040965523,140.76705614482847,70.38352807241424,23.461176024138076,-46.92235204827615,4.6922352048276155,187.6894081931046,-23.461176024138076,117.30588012069038,35.19176403620712,58.65294006034519,-93.8447040965523,11.730588012069038,46.92235204827615
107.9,93.99646695420303,140.99470043130455,70.49735021565228,23.499116738550757,-46.998233477101515,4.699823347710152,187.99293390840606,-23.499116738550757,117.49558369275378,35.24867510782614,58.74779184637689,-93.99646695420303,11.749558369275379,46.998233477101515
108.0,94.15036079256382,141.22554118884574,70.61277059442287,23.537590198140954,-47.07518039628191,4.707518039628191,188.30072158512763,-23.537590198140954,117.68795099070476,35.306385297211435,58.84397549535238,-94.15036079256382,11.768795099070477,47.07518039628191
108.10000000000001,94.30626990592704,141.45940485889057,70.72970242944528,23.57656747648176,-47.15313495296352,4.7153134952963525,188.61253981185408,-23.57656747648176,117.8828373824088,35.36485121472264,58.9414186912044,-94.30626990592704,11.78828373824088,47.15313495296352
108.2,94.46409328526275,141.69613992789414,70.84806996394707,23.616023321315687,-47.232046642631374,4.723204664263138,188.9281865705255,-23.616023321315687,118.08011660657843,35.424034981973534,59.040058303289214,-94.46409328526275,11.808011660657844,47.232046642631374
108.30000000000001,94.62370845697365,141.93556268546047,70.96778134273023,23.65592711424341,-47.31185422848682,4.731185422848682,189.2474169139473,-23.65592711424341,118.27963557121706,35.48389067136512,59.13981778560853,-94.62370845697365,11.827963557121706,47.31185422848682
108.4,94.78491926742375,142.17737890113563,71.08868945056781,23.696229816855936,-47.39245963371187,4.739245963371188,189.5698385348475,-23.696229816855936,118.48114908427968,35.544344725283906,59.24057454213984,-94.78491926742375,11.848114908427968,47.39245963371187
108.5,94.94753709817084,142.42130564725625,71.21065282362812,23.73688427454271,-47.47376854908542,4.747376854908542,189.89507419634168,-23.73688427454271,118.68442137271356,35.60532641181406,59.34221068635678,-94.94753709817084,11.868442137271355,47.47376854908542
108.60000000000001,95.11136811443538,142.66705217165307,71.33352608582653,23.777842028608845,-47.55568405721769,4.755568405721769,190.22273622887076,-23.777842028608845,118.88921014304422,35.66676304291327,59.44460507152211,-95.11136811443538,11.888921014304422,47.55568405721769
108.7,95.27616239042285,142.91424358563427,71.45712179281713,23.819040597605714,-47.63808119521143,4.763808119521143,190.5523247808457,-23.819040597605714,119.09520298802857,35.72856089640857,59.54760149401429,-95.27616239042285,11.909520298802857,47.63808119521143
108.80000000000001,95.44164270382667,143.16246405574,71.58123202787,23.86041067595667,-47.72082135191334,4.772082135191334,190.88328540765335,-23.86041067595667,119.30205337978335,35.790616013935,59.65102668989167,-95.44164270382667,11.930205337978334,47.72082135191334
108.9,95.6075519777351,143.41132796660264,71.70566398330132,23.901887994433775,-47.80377598886755,4.780377598886755,191.2151039554702,-23.901887994433775,119.50943997216888,35.85283199165066,59.75471998608444,-95.6075519777351,11.950943997216887,47.80377598886755
109.0,95.7736992966529,143.66054894497933,71.83027447248966,23.943424824163223,-47.88684964832645,4.788684964832645,191.5473985933058,-23.943424824163223,119.71712412081612,35.91513723624483,59.85856206040806,-95.7736992966529,11.971712412081612,47.88684964832645
109.10000000000001,95.93991245275775,143.90986867913662,71.95493433956831,23.984978113189438,-47.969956226378876,4.796995622637888,191.8798249055155,-23.984978113189438,119.9248905659472,35.977467169784155,59.9624452829736,-95.93991245275775,11.992489056594719,47.969956226378876
109.2,96.10606708401019,144.1591006260153,72.07955031300764,24.026516771002548,-48.053033542005096,4.80530335420051,192.21213416802038,-24.026516771002548,120.13258385501274,36.03977515650382,60.06629192750637,-96.10606708401019,12.013258385501274,48.053033542005096
109.30000000000001,96.27207645065567,144.4081146759835,72.20405733799176,24.06801911266392,-48.13603822532784,4.813603822532784,192.54415290131135,-24.06801911266392,120.3400955633196,36.10202866899588,60.1700477816598,-96.27207645065567,12.03400955633196,48.13603822532784
109.4,96.43789811550096,144.65684717325144,72.32842358662572,24.10947452887524,-48.21894905775048,4.821894905775048,192.8757962310019,-24.10947452887524,120.5473726443762,36.16421179331286,60.2736863221881,-96.43789811550096,12.05473726443762,48.21894905775048
109.5,96.60349267228015,144.90523900842024,72.45261950421012,24.15087316807004,-48.30174633614008,4.830174633614008,193.2069853445603,-24.15087316807004,120.75436584035019,36.22630975210506,60.377182920175095,-96.60349267228015,12.07543658403502,48.30174633614008
109.60000000000001,96.76883228536286,145.1532484280443,72.57662421402215,24.192208071340715,-48.38441614268143,4.8384416142681435,193.53766457072572,-24.192208071340715,120.96104035670358,36.28831210701107,60.48052017835179,-96.76883228536286,12.096104035670358,48.38441614268143
109.7,96.93386446541567,145.4007966981235,72.70039834906174,24.233466116353917,-48.46693223270783,4.846693223270783,193.86772893083133,-24.233466116353917,121.16733058176959,36.35019917453087,60.583665290884795,-96.93386446541567,12.116733058176958,48.46693223270783
109.80000000000001,97.09849691218058,145.64774536827088,72.82387268413544,24.274624228045145,-48.54924845609029,4.8549248456090295,194.19699382436116,-24.274624228045145,121.37312114022572,36.41193634206772,60.68656057011286,-97.09849691218058,12.137312114022572,48.54924845609029
109.9,97.26262723527869,145.89394085291804,72.94697042645902,24.31565680881967,-48.63131361763934,4.8631313617639345,194.52525447055737,-24.31565680881967,121.57828404409835,36.47348521322951,60.78914202204918,-97.26262723527869,12.157828404409836,48.63131361763934
110.0,97.42610588544312,146.13915882816468,73.06957941408234,24.35652647136078,-48.71305294272156,4.871305294272156,194.85221177088624,-24.35652647136078,121.7826323568039,36.53478970704117,60.89131617840195,-97.42610588544312,12.17826323568039,48.71305294272156
110.10000000000001,97.58879111228593,146.3831866684289,73.19159333421445,24.397197778071483,-48.794395556142966,4.879439555614297,195.17758222457186,-24.397197778071483,121.98598889035742,36.59579666710722,60.99299444517871,-97.58879111228593,12.198598889035742,48.794395556142966
110.2,97.75063130200733,146.625946953011,73.3129734765055,24.437657825501834,-48.87531565100367,4.8875315651003675,195.50126260401467,-24.437657825501834,122.18828912750917,36.65648673825275,61.09414456375458,-97.75063130200733,12.218828912750917,48.87531565100367
110.30000000000001,97.9115838442044,146.8673757663066,73.4336878831533,24.4778959610511,-48.9557919221022,4.895579192210221,195.8231676884088,-24.4778959610511,122.3894798052555,36.71684394157665,61.19473990262775,-97.9115838442044,12.23894798052555,48.9557919221022
110.4,98.07153811732428,147.10730717598642,73.55365358799321,24.51788452933107,-49.03576905866214,4.903576905866214,196.14307623464856,-24.51788452933107,122.58942264665535,36.776826793996605,61.294711323327675,-98.07153811732428,12.258942264665535,49.03576905866214
110.5,98.2303269635839,147.34549044537584,73.67274522268792,24.557581740895976,-49.11516348179195,4.9115163481791955,196.4606539271678,-24.557581740895976,122.78790870447989,36.83637261134396,61.393954352239945,-98.2303269635839,12.278790870447988,49.11516348179195
110.60000000000001,98.38777960590909,147.58166940886363,73.79083470443182,24.596944901477272,-49.193889802954544,4.919388980295455,196.77555921181818,-24.596944901477272,122.98472450738636,36.89541735221591,61.49236225369318,-98.38777960590909,12.298472450738636,49.193889802954544
110.7,98.54367934943653,147.8155190241548,73.9077595120774,24.635919837359133,-49.271839674718265,4.9271839674718265,197.08735869887306,-24.635919837359133,123.17959918679566,36.9538797560387,61.58979959339783,-98.54367934943653,12.317959918679566,49.271839674718265
110.80000000000001,98.69786999374483,148.04680499061726,74.02340249530863,24.674467498436208,-49.348934996872416,4.934893499687242,197.39573998748966,-24.674467498436208,123.37233749218103,37.011701247654315,61.686168746090516,-98.69786999374483,12.337233749218104,49.348934996872416
110.9,98.85029548445812,148.27544322668717,74.13772161334359,24.71257387111453,-49.42514774222906,4.942514774222906,197.70059096891623,-24.71257387111453,123.56286935557264,37.06886080667179,61.78143467778632,-98.85029548445812,12.356286935557264,49.42514774222906
111.0,99.00095029520679,148.5014254428102,74.2507127214051,24.750237573801698,-49.500475147603396,4.95004751476034,198.00190059041358,-24.750237573801698,123.75118786900849,37.12535636070255,61.875593934504245,-99.00095029520679,12.375118786900849,49.500475147603396
111.10000000000001,99.14982751672906,148.7247412750936,74.3623706375468,24.787456879182265,-49.57491375836453,4.957491375836454,198.29965503345812,-24.787456879182265,123.93728439591132,37.1811853187734,61.96864219795566,-99.14982751672906,12.393728439591133,49.57491375836453
111.2,99.2968759320172,148.9453138980258,74.4726569490129,24.8242189830043,-49.6484379660086,4.96484379660086,198.5937518640344,-24.8242189830043,124.1210949150215,37.23632847450645,62.06054745751075,-99.2968759320172,12.41210949150215,49.6484379660086
111.30000000000001,99.44199305542604,149.16298958313905,74.58149479156953,24.86049826385651,-49.72099652771302,4.972099652771302,198.88398611085208,-24.86049826385651,124.30249131928255,37.29074739578476,62.151245659641276,-99.44199305542604,12.430249131928255,49.72099652771302
111.4,99.58501772126374,149.3775265818956,74.6887632909478,24.896254430315935,-49.79250886063187,4.979250886063188,199.17003544252748,-24.896254430315935,124.48127215157967,37.3443816454739,62.24063607578984,-99.58501772126374,12.448127215157967,49.79250886063187
111.5,99.72570232561168,149.58855348841752,74.79427674420876,24.93142558140292,-49.86285116280584,4.986285116280584,199.45140465122336,-24.93142558140292,124.6571279070146,37.39713837210438,62.3285639535073,-99.72570232561168,12.46571279070146,49.86285116280584
111.60000000000001,99.86378615740381,149.7956792361057,74.89783961805286,24.965946539350952,-49.931893078701904,4.993189307870191,199.72757231480762,-24.965946539350952,124.82973269675476,37.44891980902643,62.41486634837738,-99.86378615740381,12.482973269675476,49.931893078701904
111.7,99.99902455619075,149.9985368342861,74.99926841714306,24.999756139047687,-49.999512278095374,4.999951227809538,199.9980491123815,-24.999756139047687,124.99878069523844,37.49963420857153,62.49939034761922,-99.99902455619075,12.499878069523843,49.999512278095374
111.80000000000001,100.13121022633801,150.19681533950703,75.09840766975351,25.032802556584503,-50.065605113169006,5.006560511316901,200.26242045267603,-25.032802556584503,125.16401278292251,37.54920383487676,62.582006391461256,-100.13121022633801,12.516401278292252,50.065605113169006
111.9,100.26014722825039,150.39022084237558,75.19511042118779,25.065036807062597,-50.130073614125195,5.0130073614125195,200.52029445650078,-25.065036807062597,125.32518403531299,37.597555210593896,62.66259201765649,-100.26014722825039,12.532518403531299,50.130073614125195
112.0,100.38566680930003,150.57850021395006,75.28925010697503,25.09641670232501,-50.19283340465002,5.019283340465002,200.77133361860007,-25.09641670232501,125.48208351162504,37.644625053487516,62.74104175581252,-100.38566680930003,12.548208351162504,50.19283340465002
112.10000000000001,100.50763712816082,150.76145569224124,75.38072784612062,25.126909282040206,-50.25381856408041,5.025381856408042,201.01527425632165,-25.126909282040206,125.63454641020103,37.69036392306031,62.81727320510051,-100.50763712816082,12.563454641020103,50.25381856408041
112.2,100.62601545701726,150.93902318552588,75.46951159276294,25.156503864254315,-50.31300772850863,5.031300772850863,201.25203091403452,-25.156503864254315,125.78251932127158,37.73475579638147,62.89125966063579,-100.62601545701726,12.578251932127158,50.31300772850863
112.30000000000001,100.74073544778048,151.11110317167072,75.55555158583536,25.18518386194512,-50.37036772389024,5.037036772389024,201.48147089556096,-25.18518386194512,125.9259193097256,37.77777579291768,62.9629596548628,-100.74073544778048,12.59259193097256,50.37036772389024
112.4,100.85177156218633,151.2776573432795,75.63882867163974,25.212942890546582,-50.425885781093164,5.042588578109317,201.70354312437266,-25.212942890546582,126.06471445273291,37.81941433581987,63.03235722636646,-100.85177156218633,12.606471445273291,50.425885781093164
112.5,100.95914798192344,151.43872197288516,75.71936098644258,25.23978699548086,-50.47957399096172,5.047957399096172,201.91829596384687,-25.23978699548086,126.19893497740429,37.85968049322129,63.099467488702146,-100.95914798192344,12.61989349774043,50.47957399096172
112.60000000000001,101.06292005506265,151.59438008259397,75.79719004129699,25.265730013765662,-50.531460027531324,5.053146002753133,202.1258401101253,-25.265730013765662,126.32865006882831,37.89859502064849,63.164325034414155,-101.06292005506265,12.632865006882831,50.531460027531324
112.7,101.16314020323276,151.74471030484915,75.87235515242457,25.29078505080819,-50.58157010161638,5.058157010161638,202.32628040646551,-25.29078505080819,126.45392525404094,37.93617757621229,63.22696262702047,-101.16314020323276,12.645392525404095,50.58157010161638
112.80000000000001,101.25984116012417,151.88976174018626,75.94488087009313,25.314960290031042,-50.629920580062084,5.062992058006209,202.51968232024834,-25.314960290031042,126.5748014501552,37.972440435046565,63.2874007250776,-101.25984116012417,12.657480145015521,50.629920580062084
112.9,101.35302280901084,152.02953421351626,76.01476710675813,25.33825570225271,-50.67651140450542,5.067651140450542,202.70604561802168,-25.33825570225271,126.69127851126355,38.007383553379064,63.345639255631774,-101.35302280901084,12.669127851126355,50.67651140450542
113.0,101.44268976985528,152.1640346547829,76.08201732739145,25.36067244246382,-50.72134488492764,5.072134488492765,202.88537953971056,-25.36067244246382,126.8033622123191,38.04100866369573,63.40168110615955,-101.44268976985528,12.68033622123191,50.72134488492764
113.10000000000001,101.52895240083804,152.29342860125706,76.14671430062853,25.38223810020951,-50.76447620041902,5.076447620041902,203.05790480167607,-25.38223810020951,126.91119050104754,38.073357150314266,63.45559525052377,-101.52895240083804,12.691119050104755,50.76447620041902
113.2,101.61197609068971,152.41796413603456,76.20898206801728,25.402994022672427,-50.805988045344854,5.080598804534485,203.22395218137942,-25.402994022672427,127.01497011336214,38.10449103400864,63.50748505668107,-101.61197609068971,12.701497011336214,50.805988045344854
113.30000000000001,101.69192777070523,152.53789165605787,76.26894582802893,25.42298194267631,-50.84596388535262,5.084596388535262,203.38385554141047,-25.42298194267631,127.11490971338154,38.13447291401447,63.55745485669077,-101.69192777070523,12.711490971338154,50.84596388535262
113.4,101.76893804407143,152.65340706610715,76.32670353305357,25.44223451101786,-50.88446902203572,5.088446902203572,203.53787608814287,-25.44223451101786,127.21117255508929,38.16335176652679,63.605586277544646,-101.76893804407143,12.72111725550893,50.88446902203572
113.5,101.84312205576506,152.76468308364758,76.38234154182379,25.460780513941266,-50.92156102788253,5.092156102788254,203.68624411153013,-25.460780513941266,127.30390256970634,38.191170770911896,63.65195128485317,-101.84312205576506,12.730390256970633,50.92156102788253
113.60000000000001,101.91460881335661,152.8719132200349,76.43595661001746,25.478652203339152,-50.957304406678304,5.095730440667831,203.82921762671322,-25.478652203339152,127.39326101669576,38.21797830500873,63.69663050834788,-101.91460881335661,12.739326101669576,50.957304406678304
113.7,101.9835466134059,152.97531992010886,76.48765996005443,25.495886653351477,-50.99177330670295,5.099177330670296,203.9670932268118,-25.495886653351477,127.47943326675738,38.243829980027215,63.73971663337869,-101.9835466134059,12.747943326675738,50.99177330670295
113.80000000000001,102.05006341667041,153.07509512500562,76.53754756250281,25.512515854167603,-51.025031708335206,5.102503170833521,204.10012683334082,-25.512515854167603,127.56257927083801,38.268773781251404,63.78128963541901,-102.05006341667041,12.756257927083801,51.025031708335206
113.9,102.11422894466426,153.1713434169964,76.5856717084982,25.528557236166066,-51.05711447233213,5.1057114472332135,204.22845788932852,-25.528557236166066,127.64278618083033,38.2928358542491,63.821393090415164,-102.11422894466426,12.764278618083033,51.05711447233213
114.0,102.17606720824367,153.26410081236548,76.63205040618274,25.544016802060916,-51.08803360412183,5.108803360412184,204.35213441648733,-25.544016802060916,127.72008401030459,38.31602520309137,63.860042005152295,-102.17606720824367,12.772008401030458,51.08803360412183
114.10000000000001,102.23562237086847,153.35343355630272,76.67671677815136,25.558905592717117,-51.117811185434235,5.111781118543424,204.47124474173694,-25.558905592717117,127.79452796358558,38.33835838907568,63.89726398179279,-102.23562237086847,12.779452796358559,51.117811185434235
114.2,102.29293330092659,153.43939995138987,76.71969997569494,25.573233325231648,-51.146466650463296,5.11464666504633,204.58586660185318,-25.573233325231648,127.86616662615825,38.35984998784747,63.93308331307912,-102.29293330092659,12.786616662615824,51.146466650463296
114.30000000000001,102.34806206551708,153.52209309827563,76.76104654913782,25.58701551637927,-51.17403103275854,5.117403103275855,204.69612413103417,-25.58701551637927,127.93507758189635,38.38052327456891,63.967538790948176,-102.34806206551708,12.793507758189635,51.17403103275854
114.4,102.40112563997756,153.60168845996634,76.80084422998317,25.60028140999439,-51.20056281998878,5.120056281998878,204.80225127995513,-25.60028140999439,128.00140704997196,38.400422114991585,64.00070352498598,-102.40112563997756,12.800140704997196,51.20056281998878
114.5,102.45220316663942,153.67830474995912,76.83915237497956,25.613050791659855,-51.22610158331971,5.122610158331971,204.90440633327884,-25.613050791659855,128.06525395829928,38.41957618748978,64.03262697914964,-102.45220316663942,12.806525395829928,51.22610158331971
114.60000000000001,102.50132843230159,153.7519926484524,76.8759963242262,25.625332108075398,-51.250664216150795,5.12506642161508,205.00265686460318,-25.625332108075398,128.12666054037697,38.4379981621131,64.06333027018849,-102.50132843230159,12.812666054037699,51.250664216150795
114.7,102.54849921021977,153.82274881532965,76.91137440766482,25.637124802554943,-51.27424960510989,5.127424960510989,205.09699842043955,-25.637124802554943,128.18562401277472,38.45568720383241,64.09281200638736,-102.54849921021977,12.818562401277472,51.27424960510989
114.80000000000001,102.59362836901697,153.89044255352545,76.94522127676272,25.648407092254242,-51.296814184508484,5.129681418450849,205.18725673803394,-25.648407092254242,128.2420354612712,38.47261063838136,64.1210177306356,-102.59362836901697,12.824203546127121,51.296814184508484
114.9,102.63662725917736,153.95494088876603,76.97747044438302,25.65915681479434,-51.31831362958868,5.131831362958868,205.27325451835472,-25.65915681479434,128.2957840739717,38.48873522219151,64.14789203698585,-102.63662725917736,12.82957840739717,51.31831362958868
115.0,102.6774246865053,154.01613702975794,77.00806851487897,25.669356171626326,-51.33871234325265,5.133871234325266,205.3548493730106,-25.669356171626326,128.34678085813164,38.504034257439486,64.17339042906582,-102.6774246865053,12.834678085813163,51.33871234325265
115.10000000000001,102.71596262845499,154.0739439426825,77.03697197134125,25.678990657113747,-51.357981314227494,5.135798131422749,205.43192525690998,-25.678990657113747,128.39495328556873,38.51848598567062,64.19747664278437,-102.71596262845499,12.839495328556874,51.357981314227494
115.2,102.75225811391434,154.12838717087152,77.06419358543576,25.688064528478584,-51.37612905695717,5.137612905695717,205.50451622782867,-25.688064528478584,128.4403226423929,38.53209679271788,64.22016132119646,-102.75225811391434,12.844032264239292,51.37612905695717
115.30000000000001,102.78633588945087,154.1795038341763,77.08975191708815,25.696583972362717,-51.393167944725434,5.139316794472544,205.57267177890174,-25.696583972362717,128.48291986181357,38.544875958544075,64.24145993090679,-102.78633588945087,12.848291986181358,51.393167944725434
115.4,102.81820218349858,154.2273032752479,77.11365163762395,25.704550545874646,-51.40910109174929,5.140910109174929,205.63640436699717,-25.704550545874646,128.52275272937322,38.55682581881197,64.26137636468661,-102.81820218349858,12.852275272937323,51.40910109174929
115.5,102.84792337604279,154.27188506406418,77.13594253203209,25.711980844010697,-51.42396168802139,5.14239616880214,205.69584675208557,-25.711980844010697,128.55990422005348,38.567971266016045,64.27995211002674,-102.84792337604279,12.855990422005348,51.42396168802139
115.60000000000001,102.87564493983555,154.31346740975334,77.15673370487667,25.718911234958888,-51.437822469917776,5.143782246991778,205.7512898796711,-25.718911234958888,128.59455617479443,38.578366852438336,64.29727808739722,-102.87564493983555,12.859455617479444,51.437822469917776
115.7,102.90154170604161,154.35231255906243,77.17615627953121,25.725385426510403,-51.450770853020806,5.145077085302081,205.80308341208323,-25.725385426510403,128.62692713255203,38.58807813976561,64.31346356627601,-102.90154170604161,12.862692713255202,51.450770853020806
115.80000000000001,102.92576342599921,154.3886451389988,77.1943225694994,25.731440856499802,-51.462881712999604,5.146288171299961,205.85152685199841,-25.731440856499802,128.657204282499,38.5971612847497,64.3286021412495,-102.92576342599921,12.865720428249901,51.462881712999604
115.9,102.94840921787758,154.42261382681636,77.21130691340818,25.737102304469396,-51.47420460893879,5.14742046089388,205.89681843575516,-25.737102304469396,128.68551152234699,38.60565345670409,64.34275576117349,-102.94840921787758,12.868551152234698,51.47420460893879
116.0,102.96959460440102,154.45439190660153,77.22719595330076,25.742398651100256,-51.48479730220051,5.148479730220052,205.93918920880205,-25.742398651100256,128.71199325550128,38.61359797665038,64.35599662775064,-102.96959460440102,12.871199325550128,51.48479730220051
116.10000000000001,102.98942203830927,154.4841330574639,77.24206652873195,25.747355509577318,-51.494711019154636,5.149471101915464,205.97884407661854,-25.747355509577318,128.7367775478866,38.62103326436598,64.3683887739433,-102.98942203830927,12.873677754788659,51.494711019154636
116.2,103.0079006513009,154.51185097695134,77.25592548847567,25.751975162825225,-51.50395032565045,5.150395032565045,206.0158013026018,-25.751975162825225,128.75987581412613,38.627962744237834,64.37993790706307,-103.0079006513009,12.875987581412613,51.50395032565045
116.30000000000001,103.02505894419747,154.53758841629622,77.26879420814811,25.756264736049367,-51.512529472098734,5.151252947209874,206.05011788839494,-25.756264736049367,128.78132368024683,38.634397104074054,64.39066184012341,-103.02505894419747,12.878132368024684,51.512529472098734
116.4,103.04085477452429,154.56128216178644,77.28064108089322,25.760213693631073,-51.520427387262146,5.152042738726215,206.08170954904858,-25.760213693631073,128.80106846815536,38.64032054044661,64.40053423407768,-103.04085477452429,12.880106846815536,51.520427387262146
116.5,103.05522536270936,154.58283804406403,77.29141902203202,25.76380634067734,-51.52761268135468,5.152761268135468,206.11045072541873,-25.76380634067734,128.8190317033867,38.64570951101601,64.40951585169336,-103.05522536270936,12.88190317033867,51.52761268135468
116.60000000000001,103.06808960191148,154.60213440286722,77.30106720143361,25.76702240047787,-51.53404480095574,5.153404480095574,206.13617920382296,-25.76702240047787,128.83511200238934,38.650533600716805,64.41755600119467,-103.06808960191148,12.883511200238935,51.53404480095574
116.7,103.0794232220522,154.6191348330783,77.30956741653915,25.76985580551305,-51.5397116110261,5.153971161102611,206.1588464441044,-25.76985580551305,128.84927902756525,38.654783708269576,64.42463951378262,-103.0794232220522,12.884927902756525,51.5397116110261
116.80000000000001,103.08920512744326,154.6338076911649,77.31690384558244,25.772301281860816,-51.54460256372163,5.154460256372164,206.17841025488653,-25.772301281860816,128.86150640930407,38.65845192279122,64.43075320465204,-103.08920512744326,12.886150640930408,51.54460256372163
116.9,103.09740711638668,154.64611067458003,77.32305533729001,25.77435177909667,-51.54870355819334,5.154870355819334,206.19481423277335,-25.77435177909667,128.87175889548334,38.66152766864501,64.43587944774167,-103.09740711638668,12.887175889548335,51.54870355819334
117.0,103.10400087979514,154.6560013196927,77.32800065984635,25.776000219948784,-51.55200043989757,5.155200043989757,206.20800175959027,-25.776000219948784,128.88000109974394,38.66400032992318,64.44000054987197,-103.10400087979514,12.888000109974392,51.55200043989757
117.10000000000001,103.10899714533892,154.6634957180084,77.3317478590042,25.77724928633473,-51.55449857266946,5.155449857266946,206.21799429067784,-25.77724928633473,128.88624643167364,38.6658739295021,64.44312321583682,-103.10899714533892,12.888624643167365,51.55449857266946
117.2,103.11248015730837,154.66872023596255,77.33436011798128,25.778120039327092,-51.556240078654184,5.155624007865419,206.22496031461674,-25.778120039327092,128.89060019663546,38.66718005899064,64.44530009831773,-103.11248015730837,12.889060019663546,51.556240078654184
117.30000000000001,103.11461459275236,154.67192188912855,77.33596094456428,25.77865364818809,-51.55730729637618,5.155730729637618,206.22922918550472,-25.77865364818809,128.89326824094044,38.66798047228214,64.44663412047022,-103.11461459275236,12.889326824094045,51.55730729637618
117.4,103.11552424018609,154.67328636027912,77.33664318013956,25.778881060046523,-51.557762120093045,5.155776212009305,206.23104848037218,-25.778881060046523,128.89440530023262,38.66832159006978,64.44720265011631,-103.11552424018609,12.889440530023261,51.557762120093045
117.5,103.11533893973078,154.67300840959615,77.33650420479808,25.778834734932694,-51.55766946986539,5.155766946986539,206.23067787946155,-25.778834734932694,128.89417367466348,38.66825210239904,64.44708683733174,-103.11533893973078,12.889417367466347,51.55766946986539
117.60000000000001,103.11415089147013,154.6712263372052,77.3356131686026,25.778537722867533,-51.557075445735066,5.155707544573507,206.22830178294026,-25.778537722867533,128.89268861433766,38.6678065843013,64.44634430716883,-103.11415089147013,12.889268861433766,51.557075445735066
117.7,103.11198261482895,154.66797392224342,77.33398696112171,25.777995653707237,-51.55599130741447,5.1555991307414475,206.2239652296579,-25.777995653707237,128.8899782685362,38.666993480560855,64.4449891342681,-103.11198261482895,12.888997826853618,51.55599130741447
117.80000000000001,103.10881497890065,154.66322246835097,77.33161123417548,25.777203744725163,-51.55440748945033,5.155440748945033,206.2176299578013,-25.777203744725163,128.88601872362582,38.66580561708774,64.44300936181291,-103.10881497890065,12.888601872362582,51.55440748945033
117.9,103.10461473782307,154.6569221067346,77.3284610533673,25.776153684455767,-51.552307368911535,5.155230736891154,206.20922947564614,-25.776153684455767,128.88076842227883,38.66423052668365,64.44038421113942,-103.10461473782307,12.888076842227884,51.552307368911535
118.0,103.09945046143721,154.64917569215584,77.32458784607792,25.774862615359304,-51.54972523071861,5.154972523071861,206.19890092287443,-25.774862615359304,128.8743130767965,38.66229392303896,64.43715653839826,-103.09945046143721,12.887431307679652,51.54972523071861
118.10000000000001,103.09341194637915,154.64011791956872,77.32005895978436,25.773352986594787,-51.546705973189574,5.154670597318958,206.1868238927583,-25.773352986594787,128.86676493297392,38.66002947989218,64.43338246648696,-103.09341194637915,12.886676493297394,51.546705973189574
118.2,103.08658973963243,154.62988460944865,77.31494230472433,25.771647434908107,-51.543294869816215,5.154329486981622,206.17317947926486,-25.771647434908107,128.85823717454053,38.65747115236216,64.42911858727027,-103.08658973963243,12.885823717454054,51.543294869816215
118.30000000000001,103.07914310409926,154.61871465614888,77.30935732807444,25.769785776024815,-51.53957155204963,5.153957155204964,206.15828620819852,-25.769785776024815,128.84892888012408,38.65467866403722,64.42446444006204,-103.07914310409926,12.884892888012407,51.53957155204963
118.4,103.07127067632602,154.60690601448903,77.30345300724451,25.767817669081506,-51.53563533816301,5.1535635338163015,206.14254135265205,-25.767817669081506,128.83908834540753,38.65172650362226,64.41954417270377,-103.07127067632602,12.883908834540753,51.53563533816301
118.5,103.06319873036712,154.5947980955507,77.29739904777534,25.76579968259178,-51.53159936518356,5.153159936518357,206.12639746073424,-25.76579968259178,128.8289984129589,38.64869952388767,64.41449920647945,-103.06319873036712,12.88289984129589,51.53159936518356
118.60000000000001,103.05515903776059,154.5827385566409,77.29136927832045,25.763789759440147,-51.527579518880295,5.15275795188803,206.11031807552118,-25.763789759440147,128.81894879720073,38.64568463916022,64.40947439860037,-103.05515903776059,12.881894879720074,51.527579518880295
118.7,103.04739289725647,154.5710893458847,77.28554467294235,25.761848224314118,-51.523696448628236,5.152369644862824,206.09478579451294,-25.761848224314118,128.80924112157058,38.642772336471175,64.40462056078529,-103.04739289725647,12.880924112157059,51.523696448628236
118.80000000000001,103.04013622110341,154.56020433165511,77.28010216582756,25.760034055275852,-51.520068110551705,5.152006811055171,206.08027244220682,-25.760034055275852,128.80017027637928,38.64005108291378,64.40008513818964,-103.04013622110341,12.880017027637926,51.520068110551705
118.9,103.03360667964773,154.5504100194716,77.2752050097358,25.758401669911933,-51.516803339823866,5.151680333982387,206.06721335929547,-25.758401669911933,128.79200834955967,38.6376025048679,64.39600417477983,-103.03360667964773,12.879200834955967,51.516803339823866
119.0,103.02797115780794,154.5419567367119,77.27097836835596,25.756992789451985,-51.51398557890397,5.151398557890397,206.05594231561588,-25.756992789451985,128.78496394725994,38.63548918417798,64.39248197362997,-103.02797115780794,12.878496394725993,51.51398557890397
119.10000000000001,103.02333605635475,154.53500408453212,77.26750204226606,25.755834014088688,-51.511668028177375,5.1511668028177375,206.0466721127095,-25.755834014088688,128.77917007044343,38.63375102113303,64.38958503522171,-103.02333605635475,12.877917007044344,51.511668028177375
119.2,103.01969527691492,154.52954291537236,77.26477145768618,25.75492381922873,-51.50984763845746,5.150984763845746,206.03939055382983,-25.75492381922873,128.77461909614365,38.63238572884309,64.38730954807183,-103.01969527691492,12.877461909614365,51.50984763845746
119.30000000000001,103.01703874758118,154.52555812137177,77.26277906068589,25.754259686895296,-51.50851937379059,5.150851937379059,206.03407749516236,-25.754259686895296,128.77129843447648,38.63138953034294,64.38564921723824,-103.01703874758118,12.877129843447648,51.50851937379059
119.4,103.01539447811415,154.5230917171712,77.2615458585856,25.753848619528537,-51.50769723905707,5.150769723905707,206.0307889562283,-25.753848619528537,128.7692430976427,38.6307729292928,64.38462154882134,-103.01539447811415,12.876924309764268,51.50769723905707
119.5,103.01474186666196,154.52211279999295,77.26105639999648,25.75368546666549,-51.50737093333098,5.150737093333099,206.02948373332393,-25.75368546666549,128.76842733332745,38.63052819999824,64.38421366666373,-103.01474186666196,12.876842733332746,51.50737093333098
119.60000000000001,103.01494017598051,154.52241026397076,77.26120513198538,25.75373504399513,-51.50747008799026,5.150747008799026,206.02988035196103,-25.75373504399513,128.76867521997565,38.63060256599269,64.38433760998782,-103.01494017598051,12.876867521997564,51.50747008799026
119.7,103.01580096769199,154.523701451538,77.261850725769,25.753950241922997,-51.507900483845994,5.1507900483846,206.03160193538397,-25.753950241922997,128.76975120961498,38.6309253628845,64.38487560480749,-103.01580096769199,12.876975120961498,51.507900483845994
119.80000000000001,103.01710898219619,154.5256634732943,77.26283173664714,25.754277245549048,-51.508554491098096,5.15085544910981,206.03421796439238,-25.754277245549048,128.77138622774524,38.63141586832357,64.38569311387262,-103.01710898219619,12.877138622774524,51.508554491098096
119.9,103.01869000460285,154.52803500690428,77.26401750345214,25.75467250115071,-51.50934500230142,5.150934500230143,206.0373800092057,-25.75467250115071,128.77336250575357,38.63200875172607,64.38668125287678,-103.01869000460285,12.877336250575356,51.50934500230142
120.0,103.02038249429502,154.53057374144254,77.26528687072127,25.755095623573755,-51.51019124714751,5.151019124714751,206.04076498859004,-25.755095623573755,128.77547811786877,38.632643435360634,64.38773905893439,-103.02038249429502,12.877547811786878,51.51019124714751
120.10000000000001,103.02205752719314,154.5330862907897,77.26654314539485,25.755514381798285,-51.51102876359657,5.151102876359658,206.04411505438628,-25.755514381798285,128.77757190899143,38.633271572697424,64.38878595449572,-103.02205752719314,12.877757190899143,51.51102876359657
120.2,103.02365400532724,154.53548100799088,77.26774050399544,25.75591350133181,-51.51182700266362,5.151182700266363,206.0473080106545,-25.75591350133181,128.77956750665905,38.63387025199772,64.38978375332952,-103.02365400532724,12.877956750665906,51.51182700266362
120.30000000000001,103.02520806376819,154.53781209565227,77.26890604782614,25.756302015942047,-51.512604031884095,5.1512604031884095,206.05041612753638,-25.756302015942047,128.78151007971024,38.63445302391307,64.39075503985512,-103.02520806376819,12.878151007971024,51.512604031884095
120.4,103.02669759379604,154.54004639069407,77.27002319534704,25.75667439844901,-51.51334879689802,5.151334879689802,206.0533951875921,-25.75667439844901,128.78337199224507,38.63501159767352,64.39168599612253,-103.02669759379604,12.878337199224505,51.51334879689802
120.5,103.02807580241101,154.5421137036165,77.27105685180825,25.757018950602752,-51.514037901205505,5.1514037901205505,206.05615160482202,-25.757018950602752,128.78509475301377,38.63552842590413,64.39254737650688,-103.02807580241101,12.878509475301376,51.514037901205505
120.60000000000001,103.0292909266996,154.5439363900494,77.2719681950247,25.7573227316749,-51.5146454633498,5.151464546334981,206.0585818533992,-25.7573227316749,128.7866136583745,38.63598409751235,64.39330682918725,-103.0292909266996,12.87866136583745,51.5146454633498
120.7,103.03027850778165,154.54541776167247,77.27270888083623,25.75756962694541,-51.51513925389082,5.151513925389082,206.0605570155633,-25.75756962694541,128.78784813472706,38.63635444041812,64.39392406736353,-103.03027850778165,12.878784813472706,51.51513925389082
120.80000000000001,103.0309993789719,154.54649906845785,77.27324953422892,25.757749844742975,-51.51549968948595,5.151549968948595,206.0619987579438,-25.757749844742975,128.7887492237149,38.63662476711446,64.39437461185744,-103.0309993789719,12.878874922371487,51.51549968948595
120.9,103.03135615097814,154.54703422646722,77.27351711323361,25.757839037744535,-51.51567807548907,5.151567807548908,206.06271230195628,-25.757839037744535,128.7891951887227,38.636758556616805,64.39459759436134,-103.03135615097814,12.878919518872268,51.51567807548907
121.0,103.03132664751001,154.54698997126502,77.27349498563251,25.757831661877503,-51.51566332375501,5.151566332375501,206.06265329502003,-25.757831661877503,128.78915830938752,38.636747492816255,64.39457915469376,-103.03132664751001,12.878915830938752,51.51566332375501
121.10000000000001,103.03093056466021,154.54639584699032,77.27319792349516,25.757732641165052,-51.515465282330105,5.151546528233011,206.06186112932042,-25.757732641165052,128.78866320582526,38.63659896174758,64.39433160291263,-103.03093056466021,12.878866320582526,51.515465282330105
121.2,103.03019638177595,154.54529457266392,77.27264728633196,25.757549095443988,-51.515098190887976,5.151509819088798,206.0603927635519,-25.757549095443988,128.78774547721994,38.63632364316598,64.39387273860997,-103.03019638177595,12.878774547721994,51.515098190887976
121.30000000000001,103.02909351921934,154.543640278829,77.2718201394145,25.757273379804836,-51.51454675960967,5.151454675960967,206.0581870384387,-25.757273379804836,128.7863668990242,38.63591006970725,64.3931834495121,-103.02909351921934,12.878636689902418,51.51454675960967
121.4,103.02761553952458,154.54142330928687,77.27071165464343,25.756903884881144,-51.51380776976229,5.151380776976229,206.05523107904915,-25.756903884881144,128.78451942440572,38.63535582732172,64.39225971220286,-103.02761553952458,12.878451942440572,51.51380776976229
121.5,103.0258101350145,154.53871520252176,77.26935760126088,25.756452533753624,-51.51290506750725,5.151290506750725,206.051620270029,-25.756452533753624,128.7822626687681,38.63467880063044,64.39113133438406,-103.0258101350145,12.878226266876812,51.51290506750725
121.60000000000001,103.0237601487704,154.5356402231556,77.2678201115778,25.7559400371926,-51.5118800743852,5.15118800743852,206.0475202975408,-25.7559400371926,128.779700185963,38.6339100557889,64.3898500929815,-103.0237601487704,12.8779700185963,51.5118800743852
121.7,103.02162631900512,154.53243947850768,77.26621973925384,25.75540657975128,-51.51081315950256,5.151081315950257,206.04325263801024,-25.75540657975128,128.7770328987564,38.63310986962692,64.3885164493782,-103.02162631900512,12.87770328987564,51.51081315950256
121.80000000000001,103.01956654331266,154.529349814969,77.2646749074845,25.754891635828166,-51.50978327165633,5.1509783271656335,206.03913308662533,-25.754891635828166,128.77445817914082,38.63233745374225,64.38722908957041,-103.01956654331266,12.877445817914083,51.50978327165633
121.9,103.01772172992567,154.5265825948885,77.26329129744425,25.754430432481417,-51.508860864962834,5.150886086496284,206.03544345985134,-25.754430432481417,128.77215216240708,38.63164564872213,64.38607608120354,-103.01772172992567,12.877215216240709,51.508860864962834
122.0,103.01623558297676,154.52435337446514,77.26217668723257,25.75405889574419,-51.50811779148838,5.150811779148839,206.03247116595352,-25.75405889574419,128.77029447872096,38.631088343616284,64.38514723936048,-103.01623558297676,12.877029447872095,51.50811779148838
122.10000000000001,103.01528329384121,154.5229249407618,77.2614624703809,25.753820823460302,-51.507641646920604,5.1507641646920606,206.03056658768242,-25.753820823460302,128.7691041173015,38.63073123519045,64.38455205865075,-103.01528329384121,12.876910411730151,51.507641646920604
122.2,103.01508029453255,154.52262044179884,77.26131022089942,25.753770073633138,-51.507540147266276,5.150754014726628,206.0301605890651,-25.753770073633138,128.7688503681657,38.63065511044971,64.38442518408284,-103.01508029453255,12.876885036816569,51.507540147266276
122.30000000000001,103.01578651360724,154.52367977041087,77.26183988520543,25.75394662840181,-51.50789325680362,5.150789325680362,206.03157302721448,-25.75394662840181,128.76973314200904,38.630919942602716,64.38486657100452,-103.01578651360724,12.876973314200905,51.50789325680362
122.4,103.01752511873467,154.526287678102,77.263143839051,25.754381279683667,-51.508762559367334,5.150876255936733,206.03505023746933,-25.754381279683667,128.77190639841834,38.6315719195255,64.38595319920917,-103.01752511873467,12.877190639841833,51.508762559367334
122.5,103.02040075381166,154.53060113071749,77.26530056535874,25.755100188452914,-51.51020037690583,5.151020037690583,206.0408015076233,-25.755100188452914,128.77550094226456,38.63265028267937,64.38775047113228,-103.02040075381166,12.877550094226457,51.51020037690583
122.60000000000001,103.02448939587865,154.53673409381798,77.26836704690899,25.75612234896966,-51.51224469793932,5.151224469793933,206.0489787917573,-25.75612234896966,128.7806117448483,38.634183523454496,64.39030587242415,-103.02448939587865,12.87806117448483,51.51224469793932
122.7,103.02987360936682,154.54481041405023,77.27240520702512,25.757468402341704,-51.51493680468341,5.1514936804683416,206.05974721873363,-25.757468402341704,128.78734201170852,38.63620260351256,64.39367100585426,-103.02987360936682,12.878734201170852,51.51493680468341
122.80000000000001,103.03662302819103,154.55493454228656,77.27746727114328,25.759155757047758,-51.518311514095515,5.151831151409552,206.07324605638206,-25.759155757047758,128.79577878523878,38.63873363557164,64.39788939261939,-103.03662302819103,12.879577878523879,51.518311514095515
122.9,103.04482428623065,154.56723642934597,77.28361821467298,25.761206071557663,-51.522412143115325,5.152241214311533,206.0896485724613,-25.761206071557663,128.8060303577883,38.64180910733649,64.40301517889415,-103.04482428623065,12.880603035778831,51.522412143115325
123.0,103.05453693378018,154.58180540067028,77.29090270033514,25.763634233445046,-51.52726846689009,5.15272684668901,206.10907386756037,-25.763634233445046,128.81817116722522,38.64545135016757,64.40908558361261,-103.05453693378018,12.881817116722523,51.52726846689009
123.10000000000001,103.06582273024797,154.59873409537195,77.29936704768598,25.766455682561993,-51.53291136512399,5.153291136512399,206.13164546049595,-25.766455682561993,128.83227841280996,38.64968352384299,64.41613920640498,-103.06582273024797,12.883227841280997,51.53291136512399
123.2,103.07879351025613,154.61819026538421,77.30909513269211,25.769698377564033,-51.53939675512807,5.153939675512807,206.15758702051227,-25.769698377564033,128.84849188782016,38.654547566346054,64.42424594391008,-103.07879351025613,12.884849188782017,51.53939675512807
123.30000000000001,103.09355374923848,154.64033062385772,77.32016531192886,25.77338843730962,-51.54677687461924,5.154677687461924,206.18710749847696,-25.77338843730962,128.8669421865481,38.66008265596443,64.43347109327405,-103.09355374923848,12.88669421865481,51.54677687461924
123.4,103.11026132398649,154.66539198597974,77.33269599298987,25.777565330996623,-51.555130661993246,5.155513066199325,206.22052264797298,-25.777565330996623,128.88782665498312,38.666347996494935,64.44391332749156,-103.11026132398649,12.888782665498312,51.555130661993246
123.5,103.12909263439836,154.69363895159753,77.34681947579877,25.78227315859959,-51.56454631719918,5.156454631719918,206.25818526879672,-25.78227315859959,128.91136579299794,38.673409737899384,64.45568289649897,-103.12909263439836,12.891136579299795,51.56454631719918
123.60000000000001,103.1501532284112,154.72522984261678,77.36261492130839,25.7875383071028,-51.5750766142056,5.15750766142056,206.3003064568224,-25.7875383071028,128.937691535514,38.681307460654196,64.468845767757,-103.1501532284112,12.8937691535514,51.5750766142056
123.7,103.17353340801438,154.76030011202158,77.38015005601079,25.793383352003595,-51.58676670400719,5.15867667040072,206.34706681602876,-25.793383352003595,128.96691676001797,38.690075028005396,64.48345838000898,-103.17353340801438,12.896691676001797,51.58676670400719
123.80000000000001,103.19930217512142,154.79895326268212,77.39947663134106,25.799825543780354,-51.59965108756071,5.159965108756071,206.39860435024283,-25.799825543780354,128.99912771890178,38.69973831567053,64.49956385945089,-103.19930217512142,12.899912771890177,51.59965108756071
123.9,103.22752500305208,154.84128750457813,77.42064375228907,25.80688125076302,-51.61376250152604,5.161376250152604,206.45505000610416,-25.80688125076302,129.0344062538151,38.71032187614453,64.51720312690755,-103.22752500305208,12.90344062538151,51.61376250152604
124.0,103.25824533403407,154.8873680010511,77.44368400052555,25.814561333508518,-51.629122667017036,5.162912266701704,206.51649066806814,-25.814561333508518,129.07280666754258,38.721842000262775,64.53640333377129,-103.25824533403407,12.907280666754259,51.629122667017036
124.10000000000001,103.29147105418024,154.93720658127035,77.46860329063517,25.82286776354506,-51.64573552709012,5.164573552709012,206.58294210836047,-25.82286776354506,129.1143388177253,38.734301645317586,64.55716940886265,-103.29147105418024,12.91143388177253,51.64573552709012
124.2,103.32712580915532,154.990688713733,77.4953443568665,25.83178145228883,-51.66356290457766,5.166356290457767,206.65425161831064,-25.83178145228883,129.15890726144414,38.74767217843325,64.57945363072207,-103.32712580915532,12.915890726144415,51.66356290457766
124.30000000000001,103.36519658195776,155.04779487293663,77.52389743646832,25.84129914548944,-51.68259829097888,5.168259829097888,206.73039316391552,-25.84129914548944,129.2064957274472,38.76194871823416,64.6032478637236,-103.36519658195776,12.92064957274472,51.68259829097888
124.4,103.40569936601413,155.1085490490212,77.5542745245106,25.851424841503533,-51.70284968300707,5.170284968300707,206.81139873202827,-25.851424841503533,129.25712420751768,38.7771372622553,64.62856210375884,-103.40569936601413,12.925712420751767,51.70284968300707
124.5,103.44861512933933,155.172922694009,77.5864613470045,25.862153782334833,-51.724307564669665,5.172430756466967,206.89723025867866,-25.862153782334833,129.31076891167416,38.79323067350225,64.65538445583708,-103.44861512933933,12.931076891167416,51.724307564669665
124.60000000000001,103.49393381873338,155.2409007281001,77.62045036405004,25.873483454683345,-51.74696690936669,5.17469669093667,206.98786763746676,-25.873483454683345,129.36741727341672,38.81022518202502,64.68370863670836,-103.49393381873338,12.936741727341673,51.74696690936669
124.7,103.54163563284962,155.31245344927441,77.65622672463721,25.885408908212405,-51.77081781642481,5.177081781642482,207.08327126569924,-25.885408908212405,129.42704454106203,38.828113362318604,64.71352227053102,-103.54163563284962,12.942704454106202,51.77081781642481
124.80000000000001,103.59174217740271,155.38761326610407,77.69380663305203,25.897935544350677,-51.795871088701354,5.179587108870136,207.18348435480542,-25.897935544350677,129.4896777217534,38.84690331652602,64.7448388608767,-103.59174217740271,12.948967772175338,51.795871088701354
124.9,103.64429334203712,155.46644001305566,77.73322000652783,25.91107333550928,-51.82214667101856,5.1822146671018565,207.28858668407423,-25.91107333550928,129.5553666775464,38.866610003263915,64.7776833387732,-103.64429334203712,12.95553666775464,51.82214667101856
125.0,103.69930715123404,155.54896072685105,77.77448036342552,25.92482678780851,-51.84965357561702,5.184965357561702,207.39861430246808,-25.92482678780851,129.62413393904254,38.88724018171276,64.81206696952127,-103.69930715123404,12.962413393904255,51.84965357561702
125.10000000000001,103.75668222589191,155.63502333883787,77.81751166941893,25.939170556472977,-51.878341112945954,5.187834111294595,207.51336445178381,-25.939170556472977,129.69585278236488,38.90875583470947,64.84792639118244,-103.75668222589191,12.969585278236488,51.878341112945954
125.2,103.81627940495346,155.7244191074302,77.8622095537151,25.954069851238366,-51.90813970247673,5.190813970247674,207.63255880990693,-25.954069851238366,129.77034925619182,38.93110477685755,64.88517462809591,-103.81627940495346,12.977034925619183,51.90813970247673
125.30000000000001,103.87794726326527,155.81692089489792,77.90846044744896,25.969486815816317,-51.938973631632635,5.193897363163264,207.75589452653054,-25.969486815816317,129.84743407908158,38.95423022372448,64.92371703954079,-103.87794726326527,12.984743407908159,51.938973631632635
125.4,103.94148415852275,155.91222623778413,77.95611311889206,25.98537103963069,-51.97074207926138,5.197074207926138,207.8829683170455,-25.98537103963069,129.92685519815345,38.97805655944603,64.96342759907672,-103.94148415852275,12.992685519815344,51.97074207926138
125.5,104.00670045640129,156.01005068460194,78.00502534230097,26.001675114100323,-52.003350228200645,5.200335022820065,208.01340091280258,-26.001675114100323,130.0083755705016,39.002512671150484,65.0041877852508,-104.00670045640129,13.000837557050161,52.003350228200645
125.60000000000001,104.07342885992213,156.11014328988318,78.05507164494159,26.018357214980533,-52.036714429961066,5.203671442996107,208.14685771984426,-26.018357214980533,130.09178607490267,39.027535822470796,65.04589303745134,-104.07342885992213,13.009178607490266,52.036714429961066
125.7,104.14156543740864,156.21234815611297,78.10617407805648,26.03539135935216,-52.07078271870432,5.207078271870433,208.2831308748173,-26.03539135935216,130.1769567967608,39.05308703902824,65.0884783983804,-104.14156543740864,13.01769567967608,52.07078271870432
125.80000000000001,104.21097342252344,156.31646013378514,78.15823006689257,26.05274335563086,-52.10548671126172,5.210548671126173,208.42194684504688,-26.05274335563086,130.2637167781543,39.079115033446286,65.13185838907715,-104.21097342252344,13.02637167781543,52.10548671126172
125.9,104.281465899376,156.422198849064,78.211099424532,26.070366474844,-52.140732949688,5.2140732949688005,208.562931798752,-26.070366474844,130.35183237422,39.105549712266,65.17591618711,-104.281465899376,13.035183237422,52.140732949688
126.0,104.35285235603676,156.52927853405515,78.26463926702758,26.08821308900919,-52.17642617801838,5.217642617801839,208.70570471207353,-26.08821308900919,130.44106544504595,39.13231963351379,65.22053272252298,-104.35285235603676,13.044106544504595,52.17642617801838
126.10000000000001,104.42502284335401,156.63753426503104,78.31876713251552,26.106255710838504,-52.21251142167701,5.221251142167701,208.85004568670803,-26.106255710838504,130.5312785541925,39.15938356625776,65.26563927709626,-104.42502284335401,13.053127855419252,52.21251142167701
126.2,104.49791487399985,156.74687231099978,78.37343615549989,26.12447871849996,-52.24895743699992,5.224895743699992,208.9958297479997,-26.12447871849996,130.6223935924998,39.186718077749944,65.3111967962499,-104.49791487399985,13.06223935924998,52.24895743699992
126.30000000000001,104.5714896268774,156.8572344403161,78.42861722015805,26.14287240671935,-52.2857448134387,5.22857448134387,209.1429792537548,-26.14287240671935,130.71436203359673,39.21430861007902,65.35718101679836,-104.5714896268774,13.071436203359674,52.2857448134387
126.4,104.64568405693187,156.9685260853978,78.4842630426989,26.161421014232968,-52.322842028465935,5.232284202846594,209.29136811386374,-26.161421014232968,130.80710507116484,39.24213152134945,65.40355253558242,-104.64568405693187,13.080710507116484,52.322842028465935
126.5,104.72041100090436,157.08061650135653,78.54030825067827,26.18010275022609,-52.36020550045218,5.236020550045218,209.44082200180873,-26.18010275022609,130.90051375113046,39.27015412533913,65.45025687556523,-104.72041100090436,13.090051375113045,52.36020550045218
126.60000000000001,104.79556662485336,157.19334993728006,78.59667496864003,26.19889165621334,-52.39778331242668,5.239778331242668,209.59113324970673,-26.19889165621334,130.9944582810667,39.298337484320015,65.49722914053335,-104.79556662485336,13.09944582810667,52.39778331242668
126.7,104.87102283690498,157.30653425535746,78.65326712767873,26.217755709226246,-52.43551141845249,5.243551141845249,209.74204567380997,-26.217755709226246,131.08877854613124,39.326633563839366,65.54438927306562,-104.87102283690498,13.108877854613123,52.43551141845249
126.80000000000001,104.94659001526463,157.41988502289695,78.70994251144847,26.236647503816158,-52.473295007632316,5.247329500763232,209.89318003052927,-26.236647503816158,131.1832375190808,39.35497125572424,65.5916187595404,-104.94659001526463,13.118323751908079,52.473295007632316
126.9,105.02209879154049,157.53314818731073,78.76657409365536,26.25552469788512,-52.51104939577024,5.251104939577025,210.04419758308097,-26.25552469788512,131.2776234894256,39.38328704682768,65.6388117447128,-105.02209879154049,13.12776234894256,52.51104939577024
127.0,105.09742788735608,157.64614183103413,78.82307091551706,26.27435697183902,-52.54871394367804,5.254871394367804,210.19485577471215,-26.27435697183902,131.3717848591951,39.41153545775853,65.68589242959754,-105.09742788735608,13.13717848591951,52.54871394367804
127.10000000000001,105.17244676536043,157.75867014804066,78.87933507402033,26.29311169134011,-52.58622338268022,5.258622338268022,210.34489353072087,-26.29311169134011,131.46555845670053,39.439667537010166,65.73277922835027,-105.17244676536043,13.146555845670054,52.58622338268022
127.2,105.24707653925805,157.87061480888707,78.93530740444353,26.31176913481451,-52.62353826962902,5.262353826962903,210.4941530785161,-26.31176913481451,131.55884567407256,39.46765370222177,65.77942283703628,-105.24707653925805,13.155884567407256,52.62353826962902
127.30000000000001,105.32135628134293,157.9820344220144,78.9910172110072,26.330339070335732,-52.660678140671465,5.266067814067147,210.64271256268586,-26.330339070335732,131.65169535167865,39.4955086055036,65.82584767583933,-105.32135628134293,13.165169535167866,52.660678140671465
127.4,105.39536491970883,158.09304737956325,79.04652368978162,26.348841229927206,-52.69768245985441,5.269768245985442,210.79072983941765,-26.348841229927206,131.74420614963603,39.52326184489081,65.87210307481801,-105.39536491970883,13.174420614963603,52.69768245985441
127.5,105.46915826692353,158.2037374003853,79.10186870019265,26.367289566730882,-52.734579133461764,5.273457913346177,210.93831653384706,-26.367289566730882,131.8364478336544,39.55093435009633,65.9182239168272,-105.46915826692353,13.183644783365441,52.734579133461764
127.60000000000001,105.54274968618813,158.3141245292822,79.1570622646411,26.385687421547033,-52.771374843094065,5.2771374843094065,211.08549937237626,-26.385687421547033,131.92843710773516,39.57853113232055,65.96421855386758,-105.54274968618813,13.192843710773516,52.771374843094065
127.7,105.61607932153716,158.42411898230574,79.21205949115287,26.40401983038429,-52.80803966076858,5.280803966076858,211.2321586430743,-26.40401983038429,132.02009915192144,39.606029745576436,66.01004957596072,-105.61607932153716,13.202009915192145,52.80803966076858
127.80000000000001,105.68907992669371,158.53361989004057,79.26680994502028,26.422269981673427,-52.844539963346854,5.284453996334686,211.37815985338742,-26.422269981673427,132.11134990836715,39.63340497251014,66.05567495418357,-105.68907992669371,13.211134990836713,52.844539963346854
127.9,105.76171280638104,158.64256920957155,79.32128460478577,26.44042820159526,-52.88085640319052,5.288085640319053,211.52342561276208,-26.44042820159526,132.2021410079763,39.66064230239289,66.10107050398815,-105.76171280638104,13.22021410079763,52.88085640319052
128.0,105.83399471375168,158.75099207062752,79.37549603531376,26.45849867843792,-52.91699735687584,5.291699735687584,211.66798942750336,-26.45849867843792,132.2924933921896,39.68774801765688,66.1462466960948,-105.83399471375168,13.22924933921896,52.91699735687584
128.1,105.90599176999872,158.8589876549981,79.42949382749904,26.47649794249968,-52.95299588499936,5.295299588499937,211.81198353999744,-26.47649794249968,132.3824897124984,39.71474691374952,66.1912448562492,-105.90599176999872,13.23824897124984,52.95299588499936
128.20000000000002,105.97769723397722,158.96654585096584,79.48327292548292,26.494424308494306,-52.98884861698861,5.298884861698862,211.95539446795445,-26.494424308494306,132.47212154247154,39.74163646274146,66.23606077123577,-105.97769723397722,13.247212154247153,52.98884861698861
128.3,106.04908402048932,159.07362603073398,79.53681301536699,26.51227100512233,-53.02454201024466,5.302454201024466,212.09816804097863,-26.51227100512233,132.56135502561165,39.768406507683494,66.28067751280582,-106.04908402048932,13.256135502561165,53.02454201024466
128.4,106.12011601578067,159.180174023671,79.5900870118355,26.530029003945167,-53.06005800789033,5.306005800789034,212.24023203156133,-26.530029003945167,132.65014501972584,39.79504350591775,66.32507250986292,-106.12011601578067,13.265014501972583,53.06005800789033
128.5,106.19075883740203,159.28613825610304,79.64306912805152,26.547689709350507,-53.095379418701015,5.309537941870102,212.38151767480406,-26.547689709350507,132.73844854675252,39.82153456402576,66.36922427337626,-106.19075883740203,13.273844854675254,53.095379418701015
128.6,106.2609725073006,159.39145876095088,79.69572938047544,26.56524312682515,-53.1304862536503,5.31304862536503,212.5219450146012,-26.56524312682515,132.82621563412573,39.84786469023772,66.41310781706287,-106.2609725073006,13.282621563412574,53.1304862536503
128.70000000000002,106.33071563460601,159.496073451909,79.7480367259545,26.582678908651502,-53.165357817303004,5.316535781730301,212.66143126921202,-26.582678908651502,132.9133945432575,39.87401836297725,66.45669727162876,-106.33071563460601,13.291339454325751,53.165357817303004
128.8,106.39997234890826,159.5999585233624,79.7999792616812,26.599993087227066,-53.19998617445413,5.319998617445414,212.79994469781653,-26.599993087227066,132.99996543613534,39.8999896308406,66.49998271806767,-106.39997234890826,13.299996543613533,53.19998617445413
128.9,106.46874086014198,159.70311129021297,79.85155564510649,26.617185215035494,-53.23437043007099,5.323437043007099,212.93748172028396,-26.617185215035494,133.08592607517747,39.92577782255324,66.54296303758873,-106.46874086014198,13.308592607517747,53.23437043007099
129.0,106.53701153463078,159.80551730194617,79.90275865097308,26.634252883657695,-53.26850576731539,5.326850576731539,213.07402306926156,-26.634252883657695,133.17126441828847,39.95137932548654,66.58563220914424,-106.53701153463078,13.317126441828847,53.26850576731539
129.1,106.60471058482045,159.90706587723068,79.95353293861534,26.651177646205113,-53.302355292410226,5.330235529241023,213.2094211696409,-26.651177646205113,133.25588823102555,39.97676646930767,66.62794411551278,-106.60471058482045,13.325588823102557,53.302355292410226
129.20000000000002,106.67174099493722,160.00761149240583,80.00380574620291,26.667935248734306,-53.33587049746861,5.333587049746861,213.34348198987445,-26.667935248734306,133.33967624367153,40.00190287310146,66.66983812183577,-106.67174099493722,13.333967624367153,53.33587049746861
129.3,106.73790343048384,160.10685514572577,80.05342757286289,26.68447585762096,-53.36895171524192,5.336895171524192,213.47580686096768,-26.68447585762096,133.4223792881048,40.02671378643144,66.7111896440524,-106.73790343048384,13.34223792881048,53.36895171524192
129.4,106.80295301971691,160.20442952957535,80.10221476478767,26.700738254929227,-53.401476509858455,5.340147650985846,213.60590603943382,-26.700738254929227,133.50369127464614,40.05110738239384,66.75184563732307,-106.80295301971691,13.350369127464614,53.401476509858455
129.5,106.8666882626272,160.3000323939408,80.1500161969704,26.7166720656568,-53.4333441313136,5.343334413131361,213.7333765252544,-26.7166720656568,133.58336032828402,40.0750080984852,66.79168016414201,-106.8666882626272,13.3583360328284,53.4333441313136
129.6,106.92892989058655,160.3933948358798,80.1966974179399,26.732232472646636,-53.46446494529327,5.346446494529328,213.8578597811731,-26.732232472646636,133.6611623632332,40.09834870896995,66.8305811816166,-106.92892989058655,13.366116236323318,53.46446494529327
129.70000000000002,106.9895362270286,160.4843043405429,80.24215217027145,26.74738405675715,-53.4947681135143,5.34947681135143,213.9790724540572,-26.74738405675715,133.73692028378574,40.121076085135726,66.86846014189287,-106.9895362270286,13.373692028378574,53.4947681135143
129.8,107.04835128710889,160.57252693066334,80.28626346533167,26.76208782177722,-53.52417564355444,5.352417564355445,214.09670257421777,-26.76208782177722,133.8104391088861,40.143131732665836,66.90521955444305,-107.04835128710889,13.38104391088861,53.52417564355444
129.9,107.10522911620042,160.65784367430064,80.32892183715032,26.776307279050105,-53.55261455810021,5.355261455810021,214.21045823240084,-26.776307279050105,133.88153639525052,40.16446091857516,66.94076819762526,-107.10522911620042,13.388153639525052,53.55261455810021
130.0,107.16009680584683,160.74014520877026,80.37007260438513,26.79002420146171,-53.58004840292342,5.358004840292342,214.32019361169367,-26.79002420146171,133.95012100730855,40.185036302192565,66.97506050365428,-107.16009680584683,13.395012100730854,53.58004840292342
130.1,107.21291325751791,160.81936988627686,80.40968494313843,26.803228314379478,-53.606456628758956,5.360645662875896,214.42582651503582,-26.803228314379478,134.01614157189738,40.204842471569215,67.00807078594869,-107.21291325751791,13.401614157189739,53.606456628758956
130.20000000000002,107.26368819208919,160.89553228813378,80.44776614406689,26.815922048022298,-53.631844096044595,5.36318440960446,214.52737638417838,-26.815922048022298,134.0796102401115,40.223883072033445,67.03980512005575,-107.26368819208919,13.407961024011149,53.631844096044595
130.3,107.3124294026936,160.96864410404038,80.48432205202019,26.8281073506734,-53.6562147013468,5.3656214701346805,214.6248588053872,-26.8281073506734,134.140536753367,40.242161026010095,67.0702683766835,-107.3124294026936,13.4140536753367,53.6562147013468
130.4,107.3591931733346,161.03878976000192,80.51939488000096,26.83979829333365,-53.6795965866673,5.367959658666731,214.7183863466692,-26.83979829333365,134.19899146666825,40.25969744000048,67.09949573333412,-107.3591931733346,13.419899146666825,53.6795965866673
130.5,107.40403132463996,161.10604698695994,80.55302349347997,26.85100783115999,-53.70201566231998,5.370201566231998,214.80806264927992,-26.85100783115999,134.25503915579995,40.276511746739985,67.12751957789997,-107.40403132463996,13.425503915579995,53.70201566231998
130.6,107.44698931235001,161.17048396852502,80.58524198426251,26.861747328087503,-53.723494656175006,5.372349465617501,214.89397862470003,-26.861747328087503,134.30873664043753,40.292620992131255,67.15436832021877,-107.44698931235001,13.430873664043752,53.723494656175006
130.70000000000002,107.48812605747973,161.2321890862196,80.6160945431098,26.872031514369933,-53.744063028739866,5.374406302873987,214.97625211495946,-26.872031514369933,134.36015757184967,40.3080472715549,67.18007878592483,-107.48812605747973,13.436015757184967,53.744063028739866
130.8,107.52756772054306,161.2913515808146,80.6456757904073,26.881891930135765,-53.76378386027153,5.376378386027153,215.05513544108612,-26.881891930135765,134.40945965067883,40.32283789520365,67.20472982533941,-107.52756772054306,13.440945965067883,53.76378386027153
130.9,107.56538396084025,161.3480759412604,80.6740379706302,26.891345990210063,-53.782691980420125,5.3782691980420125,215.1307679216805,-26.891345990210063,134.4567299510503,40.3370189853151,67.22836497552515,-107.56538396084025,13.445672995105031,53.782691980420125
131.0,107.6016803107547,161.40252046613205,80.70126023306602,26.900420077688675,-53.80084015537735,5.380084015537736,215.2033606215094,-26.900420077688675,134.50210038844338,40.35063011653301,67.25105019422169,-107.6016803107547,13.450210038844338,53.80084015537735
131.1,107.6365927639515,161.45488914592724,80.72744457296362,26.909148190987874,-53.81829638197575,5.381829638197575,215.273185527903,-26.909148190987874,134.54574095493936,40.36372228648181,67.27287047746968,-107.6365927639515,13.454574095493937,53.81829638197575
131.20000000000002,107.6701978218042,161.50529673270628,80.75264836635314,26.91754945545105,-53.8350989109021,5.38350989109021,215.3403956436084,-26.91754945545105,134.58774727725523,40.37632418317657,67.29387363862762,-107.6701978218042,13.458774727725524,53.8350989109021
131.3,107.70252632272042,161.55378948408062,80.77689474204031,26.925631580680104,-53.85126316136021,5.385126316136021,215.40505264544083,-26.925631580680104,134.6281579034005,40.388447371020156,67.31407895170025,-107.70252632272042,13.462815790340052,53.85126316136021
131.4,107.73359853401246,161.6003978010187,80.80019890050934,26.933399633503115,-53.86679926700623,5.386679926700623,215.46719706802492,-26.933399633503115,134.66699816751557,40.40009945025467,67.33349908375779,-107.73359853401246,13.466699816751557,53.86679926700623
131.5,107.76349744654635,161.64524616981953,80.82262308490976,26.940874361636588,-53.881748723273176,5.388174872327318,215.5269948930927,-26.940874361636588,134.70437180818294,40.41131154245488,67.35218590409147,-107.76349744654635,13.470437180818294,53.881748723273176
131.6,107.7922736695949,161.68841050439235,80.84420525219618,26.948068417398726,-53.89613683479745,5.3896136834797455,215.5845473391898,-26.948068417398726,134.74034208699362,40.42210262609809,67.37017104349681,-107.7922736695949,13.474034208699363,53.89613683479745
131.70000000000002,107.81995297775985,161.7299294666398,80.8649647333199,26.954988244439964,-53.90997648887993,5.390997648887993,215.6399059555197,-26.954988244439964,134.77494122219983,40.43248236665995,67.38747061109991,-107.81995297775985,13.477494122219982,53.90997648887993
131.8,107.84655813422592,161.76983720133887,80.88491860066944,26.96163953355648,-53.92327906711296,5.392327906711296,215.69311626845183,-26.96163953355648,134.8081976677824,40.44245930033472,67.4040988338912,-107.84655813422592,13.48081976677824,53.92327906711296
131.9,107.87212793913505,161.80819190870258,80.90409595435129,26.968031984783764,-53.93606396956753,5.393606396956753,215.7442558782701,-26.968031984783764,134.8401599239188,40.452047977175646,67.4200799619594,-107.87212793913505,13.484015992391882,53.93606396956753
132.0,107.89672180320292,161.84508270480438,80.92254135240219,26.97418045080073,-53.94836090160146,5.394836090160147,215.79344360640584,-26.97418045080073,134.87090225400365,40.461270676201096,67.43545112700183,-107.89672180320292,13.487090225400365,53.94836090160146
132.1,107.92038923036074,161.8805838455411,80.94029192277056,26.980097307590185,-53.96019461518037,5.396019461518037,215.84077846072148,-26.980097307590185,134.90048653795094,40.47014596138528,67.45024326897547,-107.92038923036074,13.490048653795093,53.96019461518037
132.20000000000002,107.94317161048062,161.91475741572094,80.95737870786047,26.985792902620155,-53.97158580524031,5.397158580524032,215.88634322096124,-26.985792902620155,134.92896451310077,40.478689353930235,67.46448225655038,-107.94317161048062,13.492896451310077,53.97158580524031
132.3,107.9650813052897,161.94762195793456,80.97381097896728,26.991270326322425,-53.98254065264485,5.398254065264485,215.9301626105794,-26.991270326322425,134.95635163161214,40.48690548948364,67.47817581580607,-107.9650813052897,13.495635163161213,53.98254065264485
132.4,107.986095558688,161.979143338032,80.989571669016,26.996523889672,-53.993047779344,5.3993047779344,215.972191117376,-26.996523889672,134.98261944836,40.494785834508,67.49130972418,-107.986095558688,13.498261944836,53.993047779344
132.5,108.00623741996833,162.0093561299525,81.00467806497625,27.001559354992082,-54.003118709984165,5.400311870998417,216.01247483993666,-27.001559354992082,135.0077967749604,40.50233903248812,67.5038983874802,-108.00623741996833,13.500779677496041,54.003118709984165
132.6,108.02558478242564,162.03837717363845,81.01918858681923,27.00639619560641,-54.01279239121282,5.4012792391212825,216.05116956485128,-27.00639619560641,135.03198097803204,40.50959429340961,67.51599048901602,-108.02558478242564,13.503198097803205,54.01279239121282
132.70000000000002,108.04423462218253,162.06635193327378,81.03317596663689,27.011058655545632,-54.022117311091264,5.4022117311091264,216.08846924436506,-27.011058655545632,135.05529327772817,40.516587983318445,67.52764663886408,-108.04423462218253,13.505529327772816,54.022117311091264
132.8,108.06226955221325,162.09340432831988,81.04670216415994,27.015567388053313,-54.031134776106626,5.403113477610663,216.1245391044265,-27.015567388053313,135.07783694026656,40.52335108207997,67.53891847013328,-108.06226955221325,13.507783694026656,54.031134776106626
132.9,108.07973259374018,162.11959889061026,81.05979944530513,27.019933148435044,-54.03986629687009,5.403986629687009,216.15946518748035,-27.019933148435044,135.0996657421752,40.529899722652566,67.5498328710876,-108.07973259374018,13.509966574217522,54.03986629687009
133.0,108.09662105238556,162.14493157857834,81.07246578928917,27.02415526309639,-54.04831052619278,5.404831052619278,216.19324210477112,-27.02415526309639,135.12077631548195,40.536232894644584,67.56038815774097,-108.09662105238556,13.512077631548195,54.04831052619278
133.1,108.1128444333327,162.16926664999903,81.08463332499952,27.028211108333174,-54.05642221666635,5.4056422216666355,216.2256888666654,-27.028211108333174,135.14105554166588,40.54231666249976,67.57052777083294,-108.1128444333327,13.514105554166587,54.05642221666635
133.20000000000002,108.12821516840799,162.19232275261197,81.09616137630599,27.032053792101998,-54.064107584203995,5.4064107584203995,216.25643033681598,-27.032053792101998,135.16026896051,40.54808068815299,67.580134480255,-108.12821516840799,13.516026896050999,54.064107584203995
133.3,108.14254951211744,162.21382426817615,81.10691213408808,27.03563737802936,-54.07127475605872,5.407127475605872,216.28509902423488,-27.03563737802936,135.1781868901468,40.55345606704404,67.5890934450734,-108.14254951211744,13.51781868901468,54.07127475605872
133.4,108.15575242963769,162.23362864445653,81.11681432222827,27.03893810740942,-54.07787621481884,5.4077876214818845,216.31150485927537,-27.03893810740942,135.1946905370471,40.55840716111413,67.59734526852355,-108.15575242963769,13.51946905370471,54.07787621481884
133.5,108.16781085315498,162.25171627973248,81.12585813986624,27.041952713288744,-54.08390542657749,5.408390542657749,216.33562170630995,-27.041952713288744,135.2097635664437,40.56292906993312,67.60488178322186,-108.16781085315498,13.520976356644372,54.08390542657749
133.6,108.17871127565483,162.26806691348224,81.13403345674112,27.04467781891371,-54.08935563782742,5.408935563782742,216.35742255130967,-27.04467781891371,135.22338909456855,40.56701672837056,67.61169454728427,-108.17871127565483,13.522338909456854,54.08935563782742
133.70000000000002,108.18844343439974,162.28266515159962,81.14133257579981,27.047110858599936,-54.09422171719987,5.409422171719988,216.3768868687995,-27.047110858599936,135.23555429299967,40.570666287899904,67.61777714649983,-108.18844343439974,13.523555429299968,54.09422171719987
133.8,108.19704512426203,162.29556768639304,81.14778384319652,27.049261281065508,-54.098522562131016,5.409852256213102,216.39409024852407,-27.049261281065508,135.24630640532754,40.57389192159826,67.62315320266377,-108.19704512426203,13.524630640532754,54.098522562131016
133.9,108.20453673514747,162.3068051027212,81.1534025513606,27.051134183786868,-54.102268367573735,5.410226836757374,216.40907347029494,-27.051134183786868,135.25567091893433,40.5767012756803,67.62783545946716,-108.20453673514747,13.525567091893434,54.102268367573735
134.0,108.21094839239169,162.31642258858753,81.15821129429376,27.05273709809792,-54.10547419619584,5.410547419619585,216.42189678478337,-27.05273709809792,135.2636854904896,40.57910564714688,67.6318427452448,-108.21094839239169,13.52636854904896,54.10547419619584
134.1,108.21637369100759,162.3245605365114,81.1622802682557,27.054093422751897,-54.108186845503795,5.41081868455038,216.43274738201518,-27.054093422751897,135.27046711375948,40.58114013412785,67.63523355687974,-108.21637369100759,13.527046711375949,54.108186845503795
134.20000000000002,108.22093650249825,162.33140475374736,81.16570237687368,27.055234125624562,-54.110468251249124,5.411046825124913,216.4418730049965,-27.055234125624562,135.2761706281228,40.58285118843684,67.6380853140614,-108.22093650249825,13.527617062812281,54.110468251249124
134.3,108.22480013911239,162.33720020866858,81.16860010433429,27.056200034778097,-54.112400069556195,5.4112400069556195,216.44960027822478,-27.056200034778097,135.28100017389048,40.584300052167144,67.64050008694524,-108.22480013911239,13.528100017389049,54.112400069556195
134.4,108.22811798670254,162.3421769800538,81.1710884900269,27.057029496675636,-54.11405899335127,5.4114058993351275,216.4562359734051,-27.057029496675636,135.28514748337818,40.58554424501345,67.64257374168909,-108.22811798670254,13.528514748337818,54.11405899335127
134.5,108.23107789224382,162.34661683836572,81.17330841918286,27.057769473060954,-54.11553894612191,5.411553894612191,216.46215578448763,-27.057769473060954,135.28884736530478,40.58665420959143,67.64442368265239,-108.23107789224382,13.528884736530477,54.11553894612191
134.6,108.23391789890906,162.35087684836358,81.17543842418179,27.058479474727264,-54.11695894945453,5.411695894945453,216.4678357978181,-27.058479474727264,135.29239737363633,40.587719212090896,67.64619868681817,-108.23391789890906,13.529239737363632,54.11695894945453
134.70000000000002,108.23688273071666,162.35532409607498,81.17766204803749,27.059220682679165,-54.11844136535833,5.411844136535834,216.47376546143332,-27.059220682679165,135.29610341339583,40.588831024018745,67.64805170669791,-108.23688273071666,13.529610341339582,54.11844136535833
134.8,108.24018362023251,162.36027543034876,81.18013771517438,27.06004590505813,-54.12009181011626,5.412009181011626,216.48036724046503,-27.06004590505813,135.30022952529063,40.59006885758719,67.65011476264532,-108.24018362023251,13.530022952529064,54.12009181011626
134.9,108.2440000922,162.3660001383,81.18300006915,27.06100002305,-54.1220000461,5.41220000461,216.4880001844,-27.06100002305,135.30500011524998,40.591500034575,67.65250005762499,-108.2440000922,13.530500011525,54.1220000461
135.0,108.24842978493369,162.37264467740053,81.18632233870026,27.062107446233423,-54.124214892466846,5.412421489246685,216.49685956986738,-27.062107446233423,135.3105372311671,40.59316116935013,67.65526861558355,-108.24842978493369,13.531053723116711,54.124214892466846
135.1,108.25358107130361,162.3803716069554,81.1901858034777,27.063395267825904,-54.12679053565181,5.412679053565181,216.50716214260723,-27.063395267825904,135.31697633912952,40.59509290173885,67.65848816956476,-108.25358107130361,13.531697633912952,54.12679053565181
135.20000000000002,108.25960046444835,162.38940069667254,81.19470034833627,27.06490011611209,-54.12980023222418,5.412980023222418,216.5192009288967,-27.06490011611209,135.32450058056045,40.597350174168135,67.66225029028023,-108.25960046444835,13.532450058056044,54.12980023222418
135.3,108.26668648150452,162.4000297222568,81.2000148611284,27.06667162037613,-54.13334324075226,5.413334324075226,216.53337296300904,-27.06667162037613,135.33335810188066,40.6000074305642,67.66667905094033,-108.26668648150452,13.533335810188065,54.13334324075226
135.4,108.2750523908962,162.4125785863443,81.20628929317215,27.06876309772405,-54.1375261954481,5.413752619544811,216.5501047817924,-27.06876309772405,135.34381548862027,40.603144646586074,67.67190774431013,-108.2750523908962,13.534381548862026,54.1375261954481
135.5,108.28493095932008,162.4273964389801,81.21369821949006,27.07123273983002,-54.14246547966004,5.4142465479660045,216.56986191864016,-27.07123273983002,135.3561636991501,40.60684910974503,67.67808184957505,-108.28493095932008,13.53561636991501,54.14246547966004
135.6,108.29656201873264,162.44484302809897,81.22242151404949,27.07414050468316,-54.14828100936632,5.414828100936632,216.5931240374653,-27.07414050468316,135.37070252341582,40.61121075702474,67.68535126170791,-108.29656201873264,13.53707025234158,54.14828100936632
135.70000000000002,108.31018465221823,162.46527697832732,81.23263848916366,27.077546163054556,-54.15509232610911,5.415509232610912,216.62036930443645,-27.077546163054556,135.3877308152728,40.61631924458183,67.6938654076364,-108.31018465221823,13.538773081527278,54.15509232610911
135.8,108.32602235438725,162.48903353158087,81.24451676579044,27.081505588596812,-54.163011177193624,5.416301117719363,216.6520447087745,-27.081505588596812,135.40752794298407,40.62225838289522,67.70376397149204,-108.32602235438725,13.540752794298406,54.163011177193624
135.9,108.34420829144067,162.516312437161,81.2581562185805,27.086052072860166,-54.17210414572033,5.4172104145720335,216.68841658288133,-27.086052072860166,135.43026036430084,40.62907810929025,67.71513018215042,-108.34420829144067,13.543026036430083,54.17210414572033
136.0,108.36487471122979,162.54731206684468,81.27365603342234,27.091218677807447,-54.182437355614894,5.418243735561489,216.72974942245958,-27.091218677807447,135.45609338903722,40.63682801671117,67.72804669451861,-108.36487471122979,13.545609338903724,54.182437355614894
136.1,108.3881157109832,162.5821735664748,81.2910867832374,27.0970289277458,-54.1940578554916,5.41940578554916,216.7762314219664,-27.0970289277458,135.485144638729,40.6455433916187,67.7425723193645,-108.3881157109832,13.5485144638729,54.1940578554916
136.20000000000002,108.41396263020181,162.6209439453027,81.31047197265136,27.103490657550452,-54.206981315100904,5.420698131510091,216.82792526040362,-27.103490657550452,135.51745328775226,40.65523598632568,67.75872664387613,-108.41396263020181,13.551745328775226,54.206981315100904
136.3,108.44240842473437,162.66361263710155,81.33180631855078,27.110602106183592,-54.221204212367184,5.422120421236719,216.88481684946873,-27.110602106183592,135.55301053091796,40.66590315927539,67.77650526545898,-108.44240842473437,13.555301053091796,54.221204212367184
136.4,108.47338859491731,162.71008289237597,81.35504144618798,27.118347148729328,-54.236694297458655,5.423669429745866,216.94677718983462,-27.118347148729328,135.59173574364664,40.67752072309399,67.79586787182332,-108.47338859491731,13.559173574364664,54.236694297458655
136.5,108.5068404654976,162.7602606982464,81.3801303491232,27.1267101163744,-54.2534202327488,5.42534202327488,217.0136809309952,-27.1267101163744,135.63355058187202,40.6900651745616,67.81677529093601,-108.5068404654976,13.5633550581872,54.2534202327488
136.6,108.54263615181243,162.81395422771865,81.40697711385933,27.135659037953108,-54.271318075906215,5.427131807590622,217.08527230362486,-27.135659037953108,135.67829518976555,40.70348855692966,67.83914759488277,-108.54263615181243,13.567829518976554,54.271318075906215
136.70000000000002,108.58059158279994,162.87088737419992,81.43544368709996,27.145147895699985,-54.29029579139997,5.429029579139997,217.16118316559988,-27.145147895699985,135.72573947849992,40.71772184354998,67.86286973924996,-108.58059158279994,13.572573947849992,54.29029579139997
136.8,108.62048087288792,162.9307213093319,81.46536065466594,27.15512021822198,-54.31024043644396,5.431024043644396,217.24096174577585,-27.15512021822198,135.7756010911099,40.73268032733297,67.88780054555495,-108.62048087288792,13.57756010911099,54.31024043644396
136.9,108.66205968115261,162.9930895217289,81.49654476086445,27.165514920288153,-54.331029840576306,5.433102984057631,217.32411936230523,-27.165514920288153,135.82757460144077,40.748272380432226,67.91378730072039,-108.66205968115261,13.582757460144077,54.331029840576306
137.0,108.70511621240442,163.05767431860664,81.52883715930332,27.176279053101105,-54.35255810620221,5.435255810620221,217.41023242480884,-27.176279053101105,135.88139526550552,40.76441857965166,67.94069763275276,-108.70511621240442,13.588139526550552,54.35255810620221
137.1,108.74953353701679,163.1243003055252,81.5621501527626,27.187383384254197,-54.374766768508394,5.43747667685084,217.49906707403358,-27.187383384254197,135.93691692127098,40.7810750763813,67.96845846063549,-108.74953353701679,13.593691692127098,54.374766768508394
137.20000000000002,108.7952642655234,163.1928963982851,81.59644819914254,27.19881606638085,-54.3976321327617,5.43976321327617,217.5905285310468,-27.19881606638085,135.99408033190426,40.79822409957127,67.99704016595213,-108.7952642655234,13.599408033190425,54.3976321327617
137.3,108.84231453120722,163.26347179681085,81.63173589840542,27.210578632801806,-54.42115726560361,5.4421157265603615,217.68462906241444,-27.210578632801806,136.05289316400902,40.81586794920271,68.02644658200451,-108.84231453120722,13.605289316400903,54.42115726560361
137.4,108.89067198872391,163.33600798308586,81.66800399154293,27.222667997180977,-54.445335994361955,5.444533599436196,217.78134397744782,-27.222667997180977,136.11333998590487,40.834001995771466,68.05666999295244,-108.89067198872391,13.611333998590489,54.445335994361955
137.5,108.94027349640267,163.410410244604,81.705205122302,27.235068374100667,-54.470136748201334,5.447013674820134,217.88054699280534,-27.235068374100667,136.17534187050333,40.852602561151,68.08767093525167,-108.94027349640267,13.617534187050333,54.470136748201334
137.6,108.99101337924093,163.48652006886138,81.74326003443069,27.24775334481023,-54.49550668962046,5.449550668962047,217.98202675848185,-27.24775334481023,136.23876672405115,40.871630017215345,68.11938336202557,-108.99101337924093,13.623876672405116,54.49550668962046
137.70000000000002,109.04275355919226,163.5641303387884,81.7820651693942,27.260688389798066,-54.52137677959613,5.452137677959613,218.08550711838453,-27.260688389798066,136.30344194899033,40.8910325846971,68.15172097449516,-109.04275355919226,13.630344194899033,54.52137677959613
137.8,109.09538051151817,163.64307076727727,81.82153538363863,27.273845127879543,-54.547690255759086,5.454769025575909,218.19076102303634,-27.273845127879543,136.3692256393977,40.910767691819316,68.18461281969886,-109.09538051151817,13.636922563939772,54.547690255759086
137.9,109.14881274797014,163.7232191219552,81.8616095609776,27.287203186992535,-54.57440637398507,5.457440637398507,218.29762549594028,-27.287203186992535,136.43601593496268,40.9308047804888,68.21800796748134,-109.14881274797014,13.643601593496268,54.57440637398507
138.0,109.20295699544295,163.80443549316442,81.90221774658221,27.300739248860737,-54.60147849772147,5.460147849772148,218.4059139908859,-27.300739248860737,136.50369624430368,40.951108873291105,68.25184812215184,-109.20295699544295,13.650369624430368,54.60147849772147
138.1,109.25771994988594,163.8865799248289,81.94328996241445,27.314429987471485,-54.62885997494297,5.462885997494297,218.51543989977188,-27.314429987471485,136.57214993735744,40.97164498120723,68.28607496867872,-109.25771994988594,13.657214993735742,54.62885997494297
138.20000000000002,109.31307619650192,163.9696142947529,81.98480714737644,27.32826904912548,-54.65653809825096,5.465653809825096,218.62615239300385,-27.32826904912548,136.6413452456274,40.99240357368822,68.3206726228137,-109.31307619650192,13.66413452456274,54.65653809825096
138.3,109.36906469958822,164.05359704938235,82.02679852469117,27.342266174897055,-54.68453234979411,5.468453234979411,218.73812939917644,-27.342266174897055,136.71133087448527,41.01339926234559,68.35566543724264,-109.36906469958822,13.671133087448528,54.68453234979411
138.4,109.4257399970868,164.1386099956302,82.0693049978151,27.3564349992717,-54.7128699985434,5.47128699985434,218.8514799941736,-27.3564349992717,136.7821749963585,41.03465249890755,68.39108749817925,-109.4257399970868,13.67821749963585,54.7128699985434
138.5,109.48318876389249,164.22478314583873,82.11239157291936,27.37079719097312,-54.74159438194624,5.474159438194625,218.96637752778497,-27.37079719097312,136.8539859548656,41.05619578645968,68.4269929774328,-109.48318876389249,13.68539859548656,54.74159438194624
138.6,109.54156116615735,164.31234174923603,82.15617087461801,27.385390291539338,-54.770780583078675,5.4770780583078675,219.0831223323147,-27.385390291539338,136.9269514576967,41.07808543730901,68.46347572884835,-109.54156116615735,13.692695145769669,54.770780583078675
138.70000000000002,109.60108136389226,164.4016220458384,82.2008110229192,27.400270340973066,-54.80054068194613,5.4800540681946135,219.20216272778453,-27.400270340973066,137.00135170486533,41.1004055114596,68.50067585243266,-109.60108136389226,13.700135170486533,54.80054068194613
138.8,109.66198158903445,164.4929723835517,82.24648619177584,27.415495397258614,-54.83099079451723,5.483099079451723,219.3239631780689,-27.415495397258614,137.07747698629308,41.12324309588792,68.53873849314654,-109.66198158903445,13.707747698629307,54.83099079451723
138.9,109.72442371056434,164.5866355658465,82.29331778292325,27.431105927641084,-54.86221185528217,5.486221185528217,219.44884742112868,-27.431105927641084,137.15552963820542,41.14665889146163,68.57776481910271,-109.72442371056434,13.715552963820542,54.86221185528217
139.0,109.78858528932977,164.68287793399466,82.34143896699733,27.447146322332443,-54.89429264466489,5.489429264466489,219.57717057865955,-27.447146322332443,137.23573161166223,41.170719483498665,68.61786580583112,-109.78858528932977,13.723573161166222,54.89429264466489
139.1,109.85461700276701,164.78192550415054,82.39096275207527,27.463654250691754,-54.92730850138351,5.492730850138351,219.70923400553403,-27.463654250691754,137.31827125345876,41.195481376037634,68.65913562672938,-109.85461700276701,13.731827125345877,54.92730850138351
139.20000000000002,109.92264036467817,164.88396054701727,82.44198027350863,27.480660091169543,-54.96132018233909,5.496132018233909,219.84528072935635,-27.480660091169543,137.40330045584773,41.22099013675432,68.70165022792386,-109.92264036467817,13.740330045584772,54.96132018233909
139.3,109.99278014662863,164.98917021994293,82.49458510997147,27.498195036657158,-54.996390073314316,5.499639007331432,219.98556029325727,-27.498195036657158,137.4909751832858,41.247292554985734,68.7454875916429,-109.99278014662863,13.749097518328579,54.996390073314316
139.4,110.0651424047367,165.09771360710505,82.54885680355252,27.516285601184176,-55.03257120236835,5.503257120236835,220.1302848094734,-27.516285601184176,137.58142800592088,41.27442840177626,68.79071400296044,-110.0651424047367,13.758142800592088,55.03257120236835
139.5,110.13977970797576,165.20966956196364,82.60483478098182,27.53494492699394,-55.06988985398788,5.506988985398788,220.27955941595152,-27.53494492699394,137.6747246349697,41.30241739049091,68.83736231748485,-110.13977970797576,13.76747246349697,55.06988985398788
139.6,110.21677211560876,165.32515817341314,82.66257908670657,27.55419302890219,-55.10838605780438,5.510838605780439,220.43354423121752,-27.55419302890219,137.77096514451097,41.331289543353286,68.88548257225548,-110.21677211560876,13.777096514451095,55.10838605780438
139.70000000000002,110.29622613199639,165.4443391979946,82.7221695989973,27.574056532999098,-55.148113065998196,5.51481130659982,220.59245226399278,-27.574056532999098,137.8702826649955,41.36108479949865,68.93514133249775,-110.29622613199639,13.787028266499549,55.148113065998196
139.8,110.378264045641,165.5673960684615,82.78369803423075,27.59456601141025,-55.1891320228205,5.51891320228205,220.756528091282,-27.59456601141025,137.97283005705125,41.391849017115376,68.98641502852563,-110.378264045641,13.797283005705125,55.1891320228205
139.9,110.46300033153663,165.69450049730494,82.84725024865247,27.61575008288416,-55.23150016576832,5.523150016576832,220.92600066307327,-27.61575008288416,138.0787504144208,41.423625124326236,69.0393752072104,-110.46300033153663,13.80787504144208,55.23150016576832
140.0,110.55053600642785,165.8258040096418,82.9129020048209,27.637634001606962,-55.275268003213924,5.527526800321393,221.1010720128557,-27.637634001606962,138.1881700080348,41.45645100241045,69.0940850040174,-110.55053600642785,13.818817000803481,55.275268003213924
140.1,110.64096125618086,165.9614418842713,82.98072094213565,27.660240314045215,-55.32048062809043,5.532048062809043,221.28192251236172,-27.660240314045215,138.30120157022608,41.490360471067824,69.15060078511304,-110.64096125618086,13.830120157022607,55.32048062809043
140.20000000000002,110.73434764224297,166.10152146336446,83.05076073168223,27.68358691056074,-55.36717382112148,5.5367173821121485,221.46869528448593,-27.68358691056074,138.4179345528037,41.525380365841116,69.20896727640185,-110.73434764224297,13.84179345528037,55.36717382112148
140.3,110.83071953681053,166.2460793052158,83.1230396526079,27.707679884202634,-55.41535976840527,5.541535976840527,221.66143907362107,-27.707679884202634,138.53839942101317,41.56151982630395,69.26919971050658,-110.83071953681053,13.853839942101317,55.41535976840527
140.4,110.93006801993788,166.3951020299068,83.1975510149534,27.73251700498447,-55.46503400996894,5.546503400996894,221.86013603987575,-27.73251700498447,138.66258502492235,41.5987755074767,69.33129251246118,-110.93006801993788,13.866258502492235,55.46503400996894
140.5,111.03237640409375,166.54856460614064,83.27428230307032,27.75809410102344,-55.51618820204688,5.551618820204688,222.0647528081875,-27.75809410102344,138.79047050511718,41.63714115153516,69.39523525255859,-111.03237640409375,13.87904705051172,55.51618820204688
140.6,111.13761379394347,166.7064206909152,83.3532103454576,27.784403448485868,-55.568806896971736,5.556880689697174,222.27522758788695,-27.784403448485868,138.92201724242935,41.6766051727288,69.46100862121467,-111.13761379394347,13.892201724242934,55.568806896971736
140.70000000000002,111.24574947003772,166.8686242050566,83.4343121025283,27.81143736750943,-55.62287473501886,5.562287473501886,222.49149894007545,-27.81143736750943,139.05718683754716,41.71715605126415,69.52859341877358,-111.24574947003772,13.905718683754715,55.62287473501886
140.8,111.35675463422771,167.03513195134155,83.51756597567078,27.839188658556928,-55.678377317113856,5.567837731711386,222.71350926845543,-27.839188658556928,139.19594329278465,41.75878298783539,69.59797164639232,-111.35675463422771,13.919594329278464,55.678377317113856
140.9,111.47056885531188,167.20585328296784,83.60292664148392,27.86764221382797,-55.73528442765594,5.5735284427655944,222.94113771062376,-27.86764221382797,139.33821106913985,41.80146332074196,69.66910553456992,-111.47056885531188,13.933821106913985,55.73528442765594
141.0,111.58712431447509,167.38068647171264,83.69034323585632,27.896781078618773,-55.793562157237545,5.579356215723755,223.17424862895018,-27.896781078618773,139.48390539309386,41.84517161792816,69.74195269654693,-111.58712431447509,13.948390539309386,55.793562157237545
141.1,111.70632819297043,167.55949228945565,83.77974614472782,27.926582048242608,-55.853164096485216,5.585316409648522,223.41265638594086,-27.926582048242608,139.63291024121304,41.88987307236391,69.81645512060652,-111.70632819297043,13.963291024121304,55.853164096485216
141.20000000000002,111.82806093495168,167.74209140242752,83.87104570121376,27.95701523373792,-55.91403046747584,5.591403046747584,223.65612186990336,-27.95701523373792,139.7850761686896,41.93552285060688,69.8925380843448,-111.82806093495168,13.97850761686896,55.91403046747584
141.3,111.95218371731833,167.9282755759775,83.96413778798875,27.988045929329584,-55.97609185865917,5.597609185865917,223.90436743463667,-27.988045929329584,139.9402296466479,41.982068893994374,69.97011482332395,-111.95218371731833,13.994022964664792,55.97609185865917
141.4,112.07854097593349,168.11781146390024,84.05890573195012,28.019635243983373,-56.039270487966746,5.603927048796675,224.15708195186699,-28.019635243983373,140.09817621991687,42.02945286597506,70.04908810995843,-112.07854097593349,14.009817621991687,56.039270487966746
141.5,112.20694413008718,168.31041619513076,84.15520809756538,28.051736032521795,-56.10347206504359,5.610347206504359,224.41388826017436,-28.051736032521795,140.25868016260898,42.07760404878269,70.12934008130449,-112.20694413008718,14.025868016260898,56.10347206504359
141.6,112.33716558478454,168.50574837717681,84.25287418858841,28.084291396196136,-56.16858279239227,5.616858279239228,224.6743311695691,-28.084291396196136,140.42145698098068,42.126437094294204,70.21072849049034,-112.33716558478454,14.042145698098068,56.16858279239227
141.70000000000002,112.46899281731956,168.70348922597935,84.35174461298968,28.11724820432989,-56.23449640865978,5.623449640865978,224.93798563463912,-28.11724820432989,140.58624102164944,42.17587230649484,70.29312051082472,-112.46899281731956,14.058624102164945,56.23449640865978
141.8,112.6022275467139,168.90334132007087,84.45167066003543,28.150556886678476,-56.30111377335695,5.630111377335695,225.2044550934278,-28.150556886678476,140.75278443339238,42.225835330017716,70.37639221669619,-112.6022275467139,14.075278443339238,56.30111377335695
141.9,112.73663614779514,169.1049542216927,84.55247711084635,28.184159036948785,-56.36831807389757,5.636831807389758,225.47327229559028,-28.184159036948785,140.92079518474392,42.27623855542318,70.46039759237196,-112.73663614779514,14.092079518474392,56.36831807389757
142.0,112.87195242538026,169.3079286380704,84.6539643190352,28.217988106345064,-56.43597621269013,5.643597621269013,225.74390485076052,-28.217988106345064,141.08994053172532,42.3269821595176,70.54497026586266,-112.87195242538026,14.108994053172532,56.43597621269013
142.1,113.00786439054195,169.51179658581293,84.75589829290647,28.25196609763549,-56.50393219527098,5.650393219527098,226.0157287810839,-28.25196609763549,141.25983048817744,42.37794914645323,70.62991524408872,-113.00786439054195,14.125983048817744,56.50393219527098
142.20000000000002,113.1440884540644,169.7161326810966,84.8580663405483,28.2860221135161,-56.5720442270322,5.65720442270322,226.2881769081288,-28.2860221135161,141.4301105675805,42.42903317027415,70.71505528379025,-113.1440884540644,14.14301105675805,56.5720442270322
142.3,113.28037400894306,169.92056101341458,84.96028050670729,28.320093502235764,-56.64018700447153,5.664018700447153,226.5607480178861,-28.320093502235764,141.6004675111788,42.480140253353646,70.8002337555894,-113.28037400894306,14.160046751117882,56.64018700447153
142.4,113.41648821789033,170.1247323268355,85.06236616341775,28.354122054472583,-56.708244108945166,5.670824410894517,226.83297643578067,-28.354122054472583,141.77061027236292,42.531183081708875,70.88530513618146,-113.41648821789033,14.177061027236292,56.708244108945166
142.5,113.55220999795648,170.32831499693472,85.16415749846736,28.38805249948912,-56.77610499897824,5.677610499897824,227.10441999591296,-28.38805249948912,141.9402624974456,42.58207874923368,70.9701312487228,-113.55220999795648,14.19402624974456,56.77610499897824
142.6,113.68734407920071,170.53101611880106,85.26550805940053,28.42183601980018,-56.84367203960036,5.684367203960036,227.37468815840143,-28.42183601980018,142.1091800990009,42.632754029700266,71.05459004950045,-113.68734407920071,14.21091800990009,56.84367203960036
142.70000000000002,113.82176965850638,170.7326544877596,85.3663272438798,28.455442414626596,-56.91088482925319,5.69108848292532,227.64353931701277,-28.455442414626596,142.27721207313297,42.6831636219399,71.13860603656649,-113.82176965850638,14.227721207313298,56.91088482925319
142.8,113.95536300936821,170.9330445140523,85.46652225702616,28.488840752342053,-56.97768150468411,5.697768150468411,227.91072601873643,-28.488840752342053,142.44420376171027,42.73326112851308,71.22210188085513,-113.95536300936821,14.244420376171027,56.97768150468411
142.9,114.08791159293123,171.13186738939686,85.56593369469843,28.52197789823281,-57.04395579646562,5.704395579646562,228.17582318586247,-28.52197789823281,142.60988949116404,42.782966847349215,71.30494474558202,-114.08791159293123,14.260988949116404,57.04395579646562
143.0,114.21912769316558,171.32869153974838,85.66434576987419,28.554781923291394,-57.10956384658279,5.710956384658279,228.43825538633115,-28.554781923291394,142.77390961645696,42.832172884937094,71.38695480822848,-114.21912769316558,14.277390961645697,57.10956384658279
143.1,114.34873784252058,171.52310676378087,85.76155338189044,28.587184460630144,-57.17436892126029,5.717436892126029,228.69747568504116,-28.587184460630144,142.93592230315073,42.88077669094522,71.46796115157537,-114.34873784252058,14.293592230315072,57.17436892126029
143.20000000000002,114.47646137697475,171.71469206546215,85.85734603273107,28.61911534424369,-57.23823068848738,5.723823068848738,228.9529227539495,-28.61911534424369,143.09557672121844,42.928673016365536,71.54778836060922,-114.47646137697475,14.309557672121844,57.23823068848738
143.3,114.60195046963352,171.9029257044503,85.95146285222515,28.65048761740838,-57.30097523481676,5.7300975234816764,229.20390093926704,-28.65048761740838,143.2524380870419,42.975731426112574,71.62621904352095,-114.60195046963352,14.32524380870419,57.30097523481676
143.4,114.72489974531918,172.08734961797876,86.04367480898938,28.681224936329794,-57.36244987265959,5.736244987265959,229.44979949063836,-28.681224936329794,143.40612468164898,43.02183740449469,71.70306234082449,-114.72489974531918,14.340612468164897,57.36244987265959
143.5,114.84501341631129,172.26752012446693,86.13376006223346,28.711253354077822,-57.422506708155645,5.742250670815565,229.69002683262258,-28.711253354077822,143.5562667703891,43.06688003111673,71.77813338519455,-114.84501341631129,14.355626677038911,57.422506708155645
143.6,114.96205253477923,172.44307880216886,86.22153940108443,28.740513133694808,-57.481026267389616,5.748102626738962,229.92410506955846,-28.740513133694808,143.70256566847405,43.110769700542214,71.85128283423703,-114.96205253477923,14.370256566847404,57.481026267389616
143.70000000000002,115.0758824343101,172.61382365146517,86.30691182573258,28.768970608577526,-57.53794121715505,5.753794121715505,230.1517648686202,-28.768970608577526,143.84485304288762,43.15345591286629,71.92242652144381,-115.0758824343101,14.384485304288763,57.53794121715505
143.8,115.18638293572201,172.779574403583,86.3897872017915,28.796595733930502,-57.593191467861004,5.759319146786101,230.37276587144402,-28.796595733930502,143.9829786696525,43.19489360089575,71.99148933482626,-115.18638293572201,14.398297866965251,57.593191467861004
143.9,115.29337592059153,172.9400638808873,86.47003194044365,28.823343980147882,-57.646687960295765,5.764668796029577,230.58675184118306,-28.823343980147882,144.1167199007394,43.23501597022182,72.0583599503697,-115.29337592059153,14.411671990073941,57.646687960295765
144.0,115.39664088638726,173.09496132958088,86.54748066479044,28.849160221596815,-57.69832044319363,5.769832044319363,230.79328177277452,-28.849160221596815,144.24580110798408,43.27374033239522,72.12290055399204,-115.39664088638726,14.424580110798408,57.69832044319363
144.1,115.49600167199054,173.2440025079858,86.6220012539929,28.874000417997635,-57.74800083599527,5.774800083599527,230.99200334398108,-28.874000417997635,144.3700020899882,43.31100062699645,72.1850010449941,-115.49600167199054,14.437000208998818,57.74800083599527
144.20000000000002,115.59132505715922,173.38698758573884,86.69349379286942,28.897831264289806,-57.79566252857961,5.779566252857961,231.18265011431845,-28.897831264289806,144.48915632144903,43.34674689643471,72.24457816072452,-115.59132505715922,14.448915632144903,57.79566252857961
144.3,115.68252767296065,173.52379150944097,86.76189575472048,28.92063191824016,-57.84126383648032,5.784126383648033,231.3650553459213,-28.92063191824016,144.6031595912008,43.38094787736024,72.3015797956004,-115.68252767296065,14.46031595912008,57.84126383648032
144.4,115.76959421135031,173.65439131702547,86.82719565851274,28.942398552837577,-57.884797105675155,5.788479710567516,231.53918842270062,-28.942398552837577,144.7119927641879,43.41359782925637,72.35599638209395,-115.76959421135031,14.471199276418789,57.884797105675155
144.5,115.85246014899933,173.77869022349898,86.88934511174949,28.963115037249832,-57.926230074499664,5.792623007449967,231.70492029799865,-28.963115037249832,144.81557518624916,43.444672555874746,72.40778759312458,-115.85246014899933,14.481557518624916,57.926230074499664
144.6,115.93101055595827,173.8965158339374,86.9482579169687,28.982752638989567,-57.96550527797913,5.796550527797914,231.86202111191653,-28.982752638989567,144.91376319494782,43.47412895848435,72.45688159747391,-115.93101055595827,14.491376319494783,57.96550527797913
144.70000000000002,116.00509865378115,174.00764798067172,87.00382399033586,29.001274663445287,-58.00254932689057,5.800254932689057,232.0101973075623,-29.001274663445287,145.00637331722643,43.50191199516793,72.50318665861322,-116.00509865378115,14.500637331722643,58.00254932689057
144.8,116.07459614728526,174.1118942209279,87.05594711046395,29.018649036821316,-58.03729807364263,5.803729807364263,232.14919229457053,-29.018649036821316,145.0932451841066,43.52797355523197,72.5466225920533,-116.07459614728526,14.509324518410658,58.03729807364263
144.9,116.13934181366281,174.20901272049423,87.10450636024711,29.034835453415702,-58.069670906831405,5.806967090683141,232.27868362732562,-29.034835453415702,145.1741772670785,43.55225318012356,72.58708863353925,-116.13934181366281,14.517417726707851,58.069670906831405
145.0,116.19918601627317,174.29877902440975,87.14938951220488,29.049796504068294,-58.09959300813659,5.809959300813659,232.39837203254635,-29.049796504068294,145.24898252034146,43.57469475610244,72.62449126017073,-116.19918601627317,14.524898252034147,58.09959300813659
145.1,116.2539753015136,174.3809629522704,87.1904814761352,29.0634938253784,-58.1269876507568,5.81269876507568,232.5079506030272,-29.0634938253784,145.317469126892,43.5952407380676,72.658734563446,-116.2539753015136,14.5317469126892,58.1269876507568
145.20000000000002,116.30356531006039,174.4553479650906,87.2276739825453,29.075891327515098,-58.151782655030196,5.81517826550302,232.60713062012078,-29.075891327515098,145.3794566375755,43.61383699127265,72.68972831878774,-116.30356531006039,14.537945663757549,58.151782655030196
145.3,116.34790789005814,174.5218618350872,87.2609309175436,29.086976972514535,-58.17395394502907,5.817395394502907,232.69581578011628,-29.086976972514535,145.4348848625727,43.6304654587718,72.71744243128634,-116.34790789005814,14.543488486257267,58.17395394502907
145.4,116.38701583687167,174.5805237553075,87.29026187765375,29.096753959217917,-58.193507918435834,5.819350791843584,232.77403167374334,-29.096753959217917,145.48376979608958,43.645130938826874,72.74188489804479,-116.38701583687167,14.548376979608959,58.193507918435834
145.5,116.42094962819036,174.63142444228555,87.31571222114277,29.10523740704759,-58.21047481409518,5.8210474814095186,232.8418992563807,-29.10523740704759,145.52618703523794,43.65785611057139,72.76309351761897,-116.42094962819036,14.552618703523795,58.21047481409518
145.6,116.44986510698251,174.67479766047376,87.33739883023688,29.11246627674563,-58.22493255349126,5.822493255349126,232.89973021396503,-29.11246627674563,145.56233138372815,43.66869941511844,72.78116569186408,-116.44986510698251,14.556233138372814,58.22493255349126
145.70000000000002,116.47394598445345,174.71091897668018,87.35545948834009,29.118486496113363,-58.236972992226725,5.8236972992226725,232.9478919689069,-29.118486496113363,145.5924324805668,43.677729744170044,72.7962162402834,-116.47394598445345,14.559243248056681,58.236972992226725
145.8,116.49333443390678,174.74000165086017,87.37000082543008,29.123333608476695,-58.24666721695339,5.82466672169534,232.98666886781356,-29.123333608476695,145.61666804238348,43.68500041271504,72.80833402119174,-116.49333443390678,14.561666804238348,58.24666721695339
145.9,116.50814040022692,174.76221060034038,87.38110530017019,29.12703510005673,-58.25407020011346,5.825407020011347,233.01628080045384,-29.12703510005673,145.63517550028365,43.690552650085095,72.81758775014183,-116.50814040022692,14.563517550028365,58.25407020011346
146.0,116.51848531291708,174.77772796937563,87.38886398468782,29.12962132822927,-58.25924265645854,5.825924265645854,233.03697062583416,-29.12962132822927,145.64810664114634,43.69443199234391,72.82405332057317,-116.51848531291708,14.564810664114635,58.25924265645854
146.1,116.52450533453356,174.78675800180034,87.39337900090017,29.13112633363339,-58.26225266726678,5.826225266726678,233.04901066906712,-29.13112633363339,145.65563166816696,43.696689500450084,72.82781583408348,-116.52450533453356,14.565563166816695,58.26225266726678
146.20000000000002,116.52637055249573,174.7895558287436,87.3947779143718,29.131592638123934,-58.26318527624787,5.826318527624787,233.05274110499147,-29.131592638123934,145.65796319061968,43.6973889571859,72.82898159530984,-116.52637055249573,14.565796319061967,58.26318527624787
146.3,116.52426036103307,174.78639054154962,87.39319527077481,29.131065090258268,-58.262130180516536,5.826213018051654,233.04852072206614,-29.131065090258268,145.65532545129133,43.696597635387405,72.82766272564567,-116.52426036103307,14.565532545129134,58.262130180516536
146.4,116.51835624511139,174.7775343676671,87.38876718383355,29.129589061277848,-58.259178122555696,5.82591781225557,233.03671249022278,-29.129589061277848,145.64794530638923,43.694383591916775,72.82397265319462,-116.51835624511139,14.564794530638924,58.259178122555696
146.5,116.50880281137495,174.76320421706242,87.38160210853121,29.127200702843737,-58.254401405687474,5.825440140568748,233.0176056227499,-29.127200702843737,145.6360035142187,43.690801054265606,72.81800175710934,-116.50880281137495,14.563600351421869,58.254401405687474
146.6,116.49569493073247,174.7435423960987,87.37177119804934,29.123923732683117,-58.247847465366235,5.824784746536624,232.99138986146494,-29.123923732683117,145.6196186634156,43.68588559902467,72.8098093317078,-116.49569493073247,14.561961866341559,58.247847465366235
146.70000000000002,116.47904577307858,174.71856865961786,87.35928432980893,29.119761443269645,-58.23952288653929,5.823952288653929,232.95809154615716,-29.119761443269645,145.59880721634823,43.679642164904465,72.79940360817412,-116.47904577307858,14.559880721634823,58.23952288653929
146.8,116.45882076890629,174.68823115335942,87.34411557667971,29.114705192226573,-58.229410384453146,5.822941038445315,232.91764153781259,-29.114705192226573,145.57352596113287,43.672057788339856,72.78676298056644,-116.45882076890629,14.557352596113287,58.229410384453146
146.9,116.43500646153393,174.6525096923009,87.32625484615045,29.108751615383483,-58.217503230766965,5.821750323076697,232.87001292306786,-29.108751615383483,145.5437580769174,43.663127423075224,72.7718790384587,-116.43500646153393,14.554375807691741,58.217503230766965
147.0,116.40760475921611,174.61140713882418,87.30570356941209,29.10190118980403,-58.20380237960806,5.820380237960806,232.81520951843223,-29.10190118980403,145.50950594902014,43.652851784706044,72.75475297451007,-116.40760475921611,14.550950594902014,58.20380237960806
147.1,116.37669292898923,174.56503939348386,87.28251969674193,29.094173232247307,-58.188346464494614,5.818834646449462,232.75338585797846,-29.094173232247307,145.47086616123653,43.641259848370964,72.73543308061826,-116.37669292898923,14.547086616123654,58.188346464494614
147.20000000000002,116.34239917104603,174.51359875656902,87.25679937828451,29.085599792761506,-58.17119958552301,5.8171199585523015,232.68479834209205,-29.085599792761506,145.42799896380754,43.628399689142256,72.71399948190377,-116.34239917104603,14.542799896380753,58.17119958552301
147.3,116.3048401045963,174.45726015689445,87.22863007844722,29.076210026149074,-58.15242005229815,5.815242005229815,232.6096802091926,-29.076210026149074,145.38105013074536,43.61431503922361,72.69052506537268,-116.3048401045963,14.538105013074537,58.15242005229815
147.4,116.264100421326,174.396150631989,87.1980753159945,29.0660251053315,-58.132050210663,5.813205021066301,232.528200842652,-29.0660251053315,145.3301255266575,43.59903765799725,72.66506276332875,-116.264100421326,14.53301255266575,58.132050210663
147.5,116.2202354877964,174.3303532316946,87.1651766158473,29.0550588719491,-58.1101177438982,5.81101177438982,232.4404709755928,-29.0550588719491,145.2752943597455,43.58258830792365,72.63764717987274,-116.2202354877964,14.52752943597455,58.1101177438982
147.6,116.17329566053998,174.25994349080997,87.12997174540499,29.043323915134994,-58.08664783026999,5.808664783026999,232.34659132107996,-29.043323915134994,145.21661957567497,43.56498587270249,72.60830978783748,-116.17329566053998,14.521661957567497,58.08664783026999
147.70000000000002,116.12331140481425,174.18496710722138,87.09248355361069,29.03082785120356,-58.06165570240712,5.8061655702407124,232.2466228096285,-29.03082785120356,145.1541392560178,43.546241776805346,72.5770696280089,-116.12331140481425,14.51541392560178,58.06165570240712
147.8,116.07029457075653,174.1054418561348,87.0527209280674,29.017573642689133,-58.035147285378265,5.803514728537827,232.14058914151306,-29.017573642689133,145.08786821344566,43.5263604640337,72.54393410672283,-116.07029457075653,14.508786821344566,58.035147285378265
147.9,116.0142616091226,174.02139241368388,87.01069620684194,29.00356540228065,-58.0071308045613,5.800713080456131,232.0285232182452,-29.00356540228065,145.01782701140326,43.50534810342097,72.50891350570163,-116.0142616091226,14.501782701140325,58.0071308045613
148.0,115.95520061285356,173.93280091928034,86.96640045964017,28.98880015321339,-57.97760030642678,5.797760030642678,231.91040122570712,-28.98880015321339,144.94400076606695,43.483200229820085,72.47200038303347,-115.95520061285356,14.494400076606695,57.97760030642678
148.1,115.89311462921114,173.8396719438167,86.91983597190836,28.973278657302785,-57.94655731460557,5.794655731460558,231.78622925842228,-28.973278657302785,144.86639328651393,43.45991798595418,72.43319664325696,-115.89311462921114,14.486639328651393,57.94655731460557
148.20000000000002,115.82802712623636,173.74204068935455,86.87102034467728,28.95700678155909,-57.91401356311818,5.791401356311819,231.65605425247273,-28.95700678155909,144.78503390779545,43.43551017233864,72.39251695389773,-115.82802712623636,14.478503390779546,57.91401356311818
148.3,115.76000093752242,173.64000140628363,86.82000070314182,28.940000234380605,-57.88000046876121,5.788000046876121,231.52000187504484,-28.940000234380605,144.700001171903,43.41000035157091,72.3500005859515,-115.76000093752242,14.470000117190303,57.88000046876121
148.4,115.68908946784232,173.53363420176348,86.76681710088174,28.92227236696058,-57.84454473392116,5.784454473392117,231.37817893568464,-28.92227236696058,144.6113618348029,43.38340855044087,72.30568091740145,-115.68908946784232,14.46113618348029,57.84454473392116
148.5,115.61535623863321,173.4230343579498,86.7115171789749,28.903839059658303,-57.807678119316606,5.780767811931661,231.23071247726642,-28.903839059658303,144.51919529829152,43.35575858948745,72.25959764914576,-115.61535623863321,14.451919529829151,57.807678119316606
148.6,115.53891238788148,173.3083685818222,86.6541842909111,28.88472809697037,-57.76945619394074,5.776945619394074,231.07782477576296,-28.88472809697037,144.42364048485186,43.32709214545555,72.21182024242593,-115.53891238788148,14.442364048485185,57.76945619394074
148.70000000000002,115.45985277275429,173.18977915913143,86.59488957956572,28.864963193188572,-57.729926386377144,5.772992638637715,230.91970554550858,-28.864963193188572,144.32481596594286,43.29744478978286,72.16240798297143,-115.45985277275429,14.432481596594286,57.729926386377144
148.8,115.37824343108204,173.06736514662305,86.53368257331152,28.84456085777051,-57.68912171554102,5.768912171554103,230.75648686216408,-28.84456085777051,144.22280428885256,43.26684128665576,72.11140214442628,-115.37824343108204,14.422280428885255,57.68912171554102
148.9,115.29419768315725,172.9412965247359,86.47064826236794,28.823549420789313,-57.647098841578625,5.764709884157863,230.5883953663145,-28.823549420789313,144.11774710394656,43.23532413118397,72.05887355197328,-115.29419768315725,14.411774710394656,57.647098841578625
149.0,115.20794150727463,172.81191226091192,86.40595613045596,28.801985376818656,-57.60397075363731,5.7603970753637315,230.41588301454925,-28.801985376818656,144.0099268840933,43.20297806522798,72.00496344204664,-115.20794150727463,14.400992688409328,57.60397075363731
149.1,115.11979399935672,172.67969099903507,86.33984549951754,28.77994849983918,-57.55989699967836,5.755989699967836,230.23958799871343,-28.77994849983918,143.8997424991959,43.16992274975877,71.94987124959795,-115.11979399935672,14.38997424991959,57.55989699967836
149.20000000000002,115.03006359160113,172.54509538740172,86.27254769370086,28.757515897900284,-57.51503179580057,5.751503179580057,230.06012718320227,-28.757515897900284,143.7875794895014,43.13627384685043,71.8937897447507,-115.03006359160113,14.378757948950142,57.51503179580057
149.3,114.93904272218646,172.40856408327969,86.20428204163984,28.734760680546614,-57.46952136109323,5.746952136109323,229.8780854443729,-28.734760680546614,143.67380340273309,43.10214102081992,71.83690170136654,-114.93904272218646,14.367380340273307,57.46952136109323
149.4,114.84700049704007,172.2705007455601,86.13525037278005,28.711750124260018,-57.423500248520035,5.742350024852004,229.69400099408014,-28.711750124260018,143.55875062130008,43.067625186390025,71.77937531065004,-114.84700049704007,14.355875062130009,57.423500248520035
149.5,114.75416650651192,172.13124975976788,86.06562487988394,28.68854162662798,-57.37708325325596,5.737708325325596,229.50833301302384,-28.68854162662798,143.4427081331399,43.03281243994197,71.72135406656994,-114.75416650651192,14.34427081331399,57.37708325325596
149.6,114.66076512808512,171.99114769212767,85.99557384606383,28.66519128202128,-57.33038256404256,5.733038256404257,229.32153025617023,-28.66519128202128,143.3259564101064,42.99778692303192,71.6629782050532,-114.66076512808512,14.33259564101064,57.33038256404256
149.70000000000002,114.56703125311864,171.85054687967795,85.92527343983897,28.64175781327966,-57.28351562655932,5.7283515626559325,229.13406250623729,-28.64175781327966,143.2087890663983,42.96263671991949,71.60439453319916,-114.56703125311864,14.32087890663983,57.28351562655932
149.8,114.47324081535302,171.70986122302952,85.85493061151476,28.618310203838256,-57.23662040767651,5.7236620407676515,228.94648163070605,-28.618310203838256,143.0915510191913,42.92746530575738,71.54577550959564,-114.47324081535302,14.309155101919128,57.23662040767651
149.9,114.37965037191196,171.56947555786795,85.78473777893397,28.59491259297799,-57.18982518595598,5.718982518595599,228.75930074382393,-28.59491259297799,142.97456296488997,42.89236888946699,71.48728148244498,-114.37965037191196,14.297456296488996,57.18982518595598
150.0,114.28639338869122,171.42959008303683,85.71479504151841,28.571598347172806,-57.14319669434561,5.714319669434562,228.57278677738245,-28.571598347172806,142.85799173586403,42.85739752075921,71.42899586793202,-114.28639338869122,14.285799173586403,57.14319669434561
150.1,114.19353750721228,171.29030626081843,85.64515313040921,28.54838437680307,-57.09676875360614,5.709676875360614,228.38707501442457,-28.54838437680307,142.74192188401537,42.822576565204606,71.37096094200768,-114.19353750721228,14.274192188401535,57.09676875360614
150.20000000000002,114.10113285156274,171.1516992773441,85.57584963867205,28.525283212890685,-57.05056642578137,5.705056642578137,228.20226570312548,-28.525283212890685,142.62641606445342,42.78792481933603,71.31320803222671,-114.10113285156274,14.262641606445342,57.05056642578137
150.3,114.00927033153116,171.01390549729672,85.50695274864836,28.50231758288279,-57.00463516576558,5.7004635165765585,228.0185406630623,-28.50231758288279,142.51158791441395,42.75347637432418,71.25579395720698,-114.00927033153116,14.251158791441394,57.00463516576558
150.4,113.91811892072698,170.87717838109046,85.43858919054523,28.479529730181746,-56.95905946036349,5.6959059460363495,227.83623784145396,-28.479529730181746,142.39764865090874,42.719294595272615,71.19882432545437,-113.91811892072698,14.239764865090873,56.95905946036349
150.5,113.82772752319718,170.7415912847958,85.3707956423979,28.456931880799296,-56.91386376159859,5.691386376159859,227.65545504639437,-28.456931880799296,142.28465940399647,42.68539782119895,71.14232970199824,-113.82772752319718,14.228465940399648,56.91386376159859
150.6,113.73810137159498,170.60715205739245,85.30357602869623,28.434525342898745,-56.86905068579749,5.686905068579749,227.47620274318996,-28.434525342898745,142.17262671449373,42.651788014348114,71.08631335724687,-113.73810137159498,14.217262671449372,56.86905068579749
150.70000000000002,113.64921886157316,170.47382829235974,85.23691414617987,28.41230471539329,-56.82460943078658,5.682460943078659,227.29843772314632,-28.41230471539329,142.06152357696647,42.618457073089935,71.03076178848323,-113.64921886157316,14.206152357696645,56.82460943078658
150.8,113.5611306478475,170.34169597177126,85.17084798588563,28.390282661961876,-56.78056532392375,5.678056532392375,227.122261295695,-28.390282661961876,141.95141330980937,42.585423992942815,70.97570665490468,-113.5611306478475,14.195141330980938,56.78056532392375
150.9,113.473871033475,170.2108065502125,85.10540327510626,28.36846775836875,-56.7369355167375,5.67369355167375,226.94774206695,-28.36846775836875,141.84233879184376,42.55270163755313,70.92116939592188,-113.473871033475,14.184233879184376,56.7369355167375
151.0,113.3875344933206,170.08130173998092,85.04065086999046,28.34688362333015,-56.6937672466603,5.66937672466603,226.7750689866412,-28.34688362333015,141.73441811665074,42.52032543499523,70.86720905832537,-113.3875344933206,14.173441811665075,56.6937672466603
151.1,113.30224077396602,169.95336116094904,84.97668058047452,28.325560193491505,-56.65112038698301,5.665112038698301,226.60448154793204,-28.325560193491505,141.62780096745752,42.48834029023726,70.81390048372876,-113.30224077396602,14.162780096745752,56.65112038698301
151.20000000000002,113.21804375395435,169.82706563093151,84.91353281546576,28.304510938488587,-56.609021876977174,5.660902187697718,226.4360875079087,-28.304510938488587,141.52255469244292,42.45676640773288,70.76127734622146,-113.21804375395435,14.152255469244293,56.609021876977174
151.3,113.13494853553068,169.70242280329603,84.85121140164802,28.28373713388267,-56.56747426776534,5.656747426776534,226.26989707106137,-28.28373713388267,141.41868566941335,42.42560570082401,70.70934283470667,-113.13494853553068,14.141868566941335,56.56747426776534
151.4,113.05294925229424,169.57942387844136,84.78971193922068,28.26323731307356,-56.52647462614712,5.652647462614713,226.10589850458848,-28.26323731307356,141.3161865653678,42.39485596961034,70.6580932826839,-113.05294925229424,14.13161865653678,56.52647462614712
151.5,112.97203626183236,169.45805439274852,84.72902719637426,28.24300906545809,-56.48601813091618,5.648601813091618,225.94407252366472,-28.24300906545809,141.21504532729045,42.36451359818713,70.60752266364523,-112.97203626183236,14.121504532729045,56.48601813091618
151.6,112.8921468170361,169.33822022555415,84.66911011277708,28.223036704259027,-56.44607340851805,5.644607340851806,225.7842936340722,-28.223036704259027,141.11518352129514,42.33455505638854,70.55759176064757,-112.8921468170361,14.111518352129513,56.44607340851805
151.70000000000002,112.8132712725015,169.21990690875225,84.60995345437613,28.203317818125374,-56.40663563625075,5.6406635636250755,225.626542545003,-28.203317818125374,141.01658909062687,42.30497672718806,70.50829454531343,-112.8132712725015,14.101658909062687,56.40663563625075
151.8,112.73544315345282,169.10316473017923,84.55158236508962,28.183860788363205,-56.36772157672641,5.636772157672642,225.47088630690564,-28.183860788363205,140.91930394181603,42.27579118254481,70.45965197090801,-112.73544315345282,14.091930394181603,56.36772157672641
151.9,112.65872779311825,168.98809168967736,84.49404584483868,28.16468194827956,-56.32936389655912,5.632936389655913,225.3174555862365,-28.16468194827956,140.8234097413978,42.24702292241934,70.4117048706989,-112.65872779311825,14.08234097413978,56.32936389655912
152.0,112.58320643310017,168.87480964965027,84.43740482482514,28.145801608275043,-56.29160321655009,5.629160321655009,225.16641286620035,-28.145801608275043,140.7290080413752,42.21870241241257,70.3645040206876,-112.58320643310017,14.072900804137522,56.29160321655009
152.1,112.50898274289789,168.76347411434682,84.38173705717341,28.12724568572447,-56.25449137144894,5.625449137144894,225.01796548579577,-28.12724568572447,140.63622842862236,42.190868528586705,70.31811421431118,-112.50898274289789,14.063622842862236,56.25449137144894
152.20000000000002,112.43616780361076,168.65425170541613,84.32712585270806,28.10904195090269,-56.21808390180538,5.621808390180538,224.87233560722152,-28.10904195090269,140.54520975451345,42.16356292635403,70.27260487725673,-112.43616780361076,14.054520975451345,56.21808390180538
152.3,112.36487547254441,168.5473132088166,84.2736566044083,28.091218868136103,-56.182437736272206,5.618243773627221,224.72975094508882,-28.091218868136103,140.45609434068052,42.13682830220415,70.22804717034026,-112.36487547254441,14.045609434068052,56.182437736272206
152.4,112.29517160729675,168.44275741094512,84.22137870547256,28.073792901824188,-56.147585803648376,5.614758580364838,224.5903432145935,-28.073792901824188,140.36896450912093,42.11068935273628,70.18448225456046,-112.29517160729675,14.036896450912094,56.147585803648376
152.5,112.22712402337942,168.34068603506913,84.17034301753456,28.056781005844854,-56.11356201168971,5.611356201168971,224.45424804675883,-28.056781005844854,140.2839050292243,42.08517150876728,70.14195251461214,-112.22712402337942,14.028390502922427,56.11356201168971
152.6,112.16076659547645,168.24114989321467,84.12057494660733,28.04019164886911,-56.08038329773822,5.608038329773823,224.3215331909529,-28.04019164886911,140.20095824434554,42.06028747330367,70.10047912217277,-112.16076659547645,14.020095824434556,56.08038329773822
152.70000000000002,112.09609682060453,168.1441452309068,84.0720726154534,28.024024205151132,-56.048048410302265,5.6048048410302265,224.19219364120906,-28.024024205151132,140.12012102575565,42.0360363077267,70.06006051287783,-112.09609682060453,14.012012102575566,56.048048410302265
152.8,112.03304490175464,168.04956735263195,84.02478367631598,28.00826122543866,-56.01652245087732,5.601652245087732,224.06608980350927,-28.00826122543866,140.0413061271933,42.01239183815799,70.02065306359665,-112.03304490175464,14.00413061271933,56.01652245087732
152.9,111.97152748247382,167.95729122371074,83.97864561185537,27.992881870618454,-55.98576374123691,5.598576374123692,223.94305496494763,-27.992881870618454,139.96440935309226,41.989322805927685,69.98220467654613,-111.97152748247382,13.996440935309227,55.98576374123691
153.0,111.91146584040578,167.8671987606087,83.93359938030434,27.977866460101446,-55.95573292020289,5.59557329202029,223.82293168081156,-27.977866460101446,139.88933230050722,41.96679969015217,69.94466615025361,-111.91146584040578,13.988933230050723,55.95573292020289
153.1,111.85277800790129,167.77916701185194,83.88958350592597,27.963194501975323,-55.926389003950646,5.592638900395065,223.70555601580259,-27.963194501975323,139.81597250987662,41.944791752962985,69.90798625493831,-111.85277800790129,13.981597250987662,55.926389003950646
153.20000000000002,111.79537387834961,167.6930608175244,83.8465304087622,27.948843469587402,-55.897686939174804,5.589768693917481,223.59074775669922,-27.948843469587402,139.74421734793702,41.9232652043811,69.87210867396851,-111.79537387834961,13.974421734793701,55.897686939174804
153.3,111.73917471243135,167.60876206864702,83.80438103432351,27.934793678107837,-55.869587356215675,5.586958735621568,223.4783494248627,-27.934793678107837,139.6739683905392,41.902190517161756,69.8369841952696,-111.73917471243135,13.967396839053919,55.869587356215675
153.4,111.68409048205697,167.52613572308547,83.76306786154274,27.921022620514243,-55.84204524102849,5.584204524102849,223.36818096411395,-27.921022620514243,139.6051131025712,41.88153393077137,69.8025565512856,-111.68409048205697,13.960511310257122,55.84204524102849
153.5,111.62998937214692,167.44498405822037,83.72249202911019,27.90749734303673,-55.81499468607346,5.581499468607347,223.25997874429385,-27.90749734303673,139.53748671518366,41.86124601455509,69.76874335759183,-111.62998937214692,13.953748671518365,55.81499468607346
153.60000000000002,111.57673629249345,167.36510443874016,83.68255221937008,27.894184073123363,-55.788368146246725,5.5788368146246725,223.1534725849869,-27.894184073123363,139.47092036561682,41.84127610968504,69.73546018280841,-111.57673629249345,13.947092036561681,55.788368146246725
153.70000000000002,111.5242197855089,167.28632967826337,83.64316483913169,27.881054946377226,-55.76210989275445,5.576210989275445,223.0484395710178,-27.881054946377226,139.40527473188612,41.82158241956584,69.70263736594306,-111.5242197855089,13.940527473188613,55.76210989275445
153.8,111.47233755425714,167.2085063313857,83.60425316569285,27.868084388564284,-55.73616877712857,5.573616877712857,222.94467510851428,-27.868084388564284,139.34042194282142,41.80212658284643,69.67021097141071,-111.47233755425714,13.934042194282142,55.73616877712857
153.9,111.42092155748958,167.13138233623437,83.56569116811718,27.855230389372394,-55.71046077874479,5.571046077874479,222.84184311497916,-27.855230389372394,139.27615194686197,41.78284558405859,69.63807597343099,-111.42092155748958,13.927615194686197,55.71046077874479
154.0,111.36982048132174,167.0547307219826,83.5273653609913,27.842455120330435,-55.68491024066087,5.568491024066088,222.73964096264348,-27.842455120330435,139.21227560165218,41.76368268049565,69.60613780082609,-111.36982048132174,13.921227560165217,55.68491024066087
154.10000000000002,111.3190020468416,166.9785030702624,83.4892515351312,27.8297505117104,-55.6595010234208,5.5659501023420805,222.6380040936832,-27.8297505117104,139.14875255855202,41.7446257675656,69.57437627927601,-111.3190020468416,13.9148752558552,55.6595010234208
154.20000000000002,111.26841044299447,166.9026156644917,83.45130783224585,27.817102610748616,-55.63420522149723,5.563420522149723,222.53682088598893,-27.817102610748616,139.08551305374309,41.72565391612292,69.54275652687154,-111.26841044299447,13.908551305374308,55.63420522149723
154.3,111.2179241991968,166.82688629879522,83.41344314939761,27.8044810497992,-55.6089620995984,5.56089620995984,222.4358483983936,-27.8044810497992,139.022405248996,41.706721574698804,69.511202624498,-111.2179241991968,13.9022405248996,55.6089620995984
154.4,111.16741122559631,166.75111683839447,83.37555841919723,27.791852806399078,-55.583705612798155,5.5583705612798155,222.33482245119262,-27.791852806399078,138.9592640319954,41.68777920959862,69.4796320159977,-111.16741122559631,13.895926403199539,55.583705612798155
154.5,111.11674632639702,166.67511948959555,83.33755974479777,27.779186581599255,-55.55837316319851,5.555837316319852,222.23349265279404,-27.779186581599255,138.89593290799627,41.668779872398886,69.44796645399813,-111.11674632639702,13.889593290799628,55.55837316319851
154.60000000000002,111.06585439737097,166.59878159605645,83.29939079802823,27.766463599342742,-55.532927198685485,5.553292719868549,222.13170879474194,-27.766463599342742,138.8323179967137,41.649695399014114,69.41615899835685,-111.06585439737097,13.883231799671371,55.532927198685485
154.70000000000002,111.01467055701393,166.5220058355209,83.26100291776045,27.753667639253482,-55.507335278506964,5.550733527850697,222.02934111402786,-27.753667639253482,138.76833819626742,41.630501458880225,69.38416909813371,-111.01467055701393,13.876833819626741,55.507335278506964
154.8,110.9631365813872,166.44470487208082,83.22235243604041,27.7407841453468,-55.4815682906936,5.54815682906936,221.9262731627744,-27.7407841453468,138.703920726734,41.611176218020205,69.351960363367,-110.9631365813872,13.8703920726734,55.4815682906936
154.9,110.91121004185587,166.36681506278381,83.18340753139191,27.727802510463967,-55.45560502092793,5.545560502092794,221.82242008371173,-27.727802510463967,138.63901255231983,41.591703765695954,69.31950627615991,-110.91121004185587,13.863901255231983,55.45560502092793
155.0,110.85884681482034,166.2882702222305,83.14413511111525,27.714711703705085,-55.42942340741017,5.542942340741018,221.71769362964068,-27.714711703705085,138.57355851852543,41.572067555557624,69.28677925926272,-110.85884681482034,13.857355851852542,55.42942340741017
155.10000000000002,110.80605746620286,166.2090861993043,83.10454309965215,27.701514366550715,-55.40302873310143,5.540302873310143,221.61211493240572,-27.701514366550715,138.50757183275357,41.552271549826074,69.25378591637678,-110.80605746620286,13.850757183275357,55.40302873310143
155.20000000000002,110.75286645299038,166.12929967948557,83.06464983974278,27.688216613247594,-55.37643322649519,5.537643322649519,221.50573290598075,-27.688216613247594,138.44108306623798,41.53232491987139,69.22054153311899,-110.75286645299038,13.844108306623797,55.37643322649519
155.3,110.69928817898227,166.0489322684734,83.0244661342367,27.674822044745568,-55.349644089491136,5.534964408949114,221.39857635796454,-27.674822044745568,138.37411022372783,41.51223306711835,69.18705511186391,-110.69928817898227,13.837411022372784,55.349644089491136
155.4,110.64533695776731,165.96800543665097,82.98400271832548,27.66133423944183,-55.32266847888366,5.532266847888366,221.29067391553463,-27.66133423944183,138.30667119720914,41.49200135916274,69.15333559860457,-110.64533695776731,13.830667119720914,55.32266847888366
155.5,110.59108499659413,165.8866274948912,82.9433137474456,27.647771249148533,-55.29554249829707,5.529554249829707,221.18216999318827,-27.647771249148533,138.23885624574268,41.4716568737228,69.11942812287134,-110.59108499659413,13.823885624574267,55.29554249829707
155.60000000000002,110.53661086910802,165.80491630366203,82.90245815183101,27.634152717277004,-55.26830543455401,5.526830543455401,221.07322173821603,-27.634152717277004,138.17076358638502,41.451229075915506,69.08538179319251,-110.53661086910802,13.817076358638502,55.26830543455401
155.70000000000002,110.48201866041912,165.72302799062868,82.86151399531434,27.62050466510478,-55.24100933020956,5.524100933020956,220.96403732083823,-27.62050466510478,138.1025233255239,41.43075699765717,69.05126166276195,-110.48201866041912,13.81025233255239,55.24100933020956
155.8,110.42748596844989,165.64122895267482,82.82061447633741,27.60687149211247,-55.21374298422494,5.5213742984224945,220.85497193689977,-27.60687149211247,138.03435746056235,41.410307238168706,69.01717873028117,-110.42748596844989,13.803435746056236,55.21374298422494
155.9,110.3731798227804,165.5597697341706,82.7798848670853,27.5932949556951,-55.1865899113902,5.51865899113902,220.7463596455608,-27.5932949556951,137.96647477847551,41.38994243354265,68.98323738923776,-110.3731798227804,13.79664747784755,55.1865899113902
156.0,110.31923470440154,165.4788520566023,82.73942602830115,27.579808676100384,-55.15961735220077,5.515961735220078,220.63846940880308,-27.579808676100384,137.89904338050192,41.36971301415058,68.94952169025096,-110.31923470440154,13.789904338050192,55.15961735220077
156.10000000000002,110.26579610642713,165.39869415964068,82.69934707982034,27.566449026606783,-55.132898053213566,5.513289805321357,220.53159221285426,-27.566449026606783,137.83224513303392,41.34967353991017,68.91612256651696,-110.26579610642713,13.783224513303391,55.132898053213566
156.20000000000002,110.21290727186538,165.31936090779806,82.65968045389903,27.553226817966344,-55.10645363593269,5.5106453635932695,220.42581454373075,-27.553226817966344,137.76613408983172,41.329840226949514,68.88306704491586,-110.21290727186538,13.776613408983172,55.10645363593269
156.3,110.16055120079612,165.24082680119417,82.62041340059709,27.54013780019903,-55.08027560039806,5.508027560039807,220.32110240159224,-27.54013780019903,137.70068900099514,41.310206700298544,68.85034450049757,-110.16055120079612,13.770068900099515,55.08027560039806
156.4,110.10878689076803,165.16318033615204,82.58159016807602,27.527196722692008,-55.054393445384015,5.505439344538402,220.21757378153606,-27.527196722692008,137.63598361346004,41.29079508403801,68.81799180673002,-110.10878689076803,13.763598361346004,55.054393445384015
156.5,110.05770559311233,165.08655838966848,82.54327919483424,27.514426398278083,-55.028852796556166,5.502885279655617,220.11541118622466,-27.514426398278083,137.57213199139042,41.27163959741712,68.78606599569521,-110.05770559311233,13.757213199139041,55.028852796556166
156.60000000000002,110.00738988866948,165.01108483300422,82.50554241650211,27.50184747216737,-55.00369494433474,5.500369494433475,220.01477977733896,-27.50184747216737,137.50923736083683,41.252771208251055,68.75461868041842,-110.00738988866948,13.750923736083685,55.00369494433474
156.70000000000002,109.95794156160052,164.93691234240077,82.46845617120039,27.48948539040013,-54.97897078080026,5.497897078080026,219.91588312320104,-27.48948539040013,137.44742695200065,41.23422808560019,68.72371347600033,-109.95794156160052,13.744742695200065,54.97897078080026
156.8,109.90946256913455,164.8641938537018,82.4320969268509,27.477365642283637,-54.95473128456727,5.4954731284567275,219.8189251382691,-27.477365642283637,137.3868282114182,41.21604846342545,68.6934141057091,-109.90946256913455,13.738682821141818,54.95473128456727
156.9,109.86199790778804,164.79299686168207,82.39649843084104,27.46549947694701,-54.93099895389402,5.493099895389403,219.72399581557607,-27.46549947694701,137.32749738473504,41.19824921542052,68.66374869236752,-109.86199790778804,13.732749738473505,54.93099895389402
157.0,109.8155465298451,164.72331979476763,82.36165989738382,27.453886632461273,-54.90777326492255,5.490777326492255,219.6310930596902,-27.453886632461273,137.26943316230637,41.18082994869191,68.63471658115319,-109.8155465298451,13.726943316230637,54.90777326492255
157.10000000000002,109.77010479168293,164.6551571875244,82.3275785937622,27.44252619792073,-54.88505239584146,5.488505239584146,219.54020958336585,-27.44252619792073,137.21263098960367,41.1637892968811,68.60631549480183,-109.77010479168293,13.721263098960366,54.88505239584146
157.20000000000002,109.72569364324754,164.5885404648713,82.29427023243565,27.431423410811885,-54.86284682162377,5.486284682162378,219.45138728649508,-27.431423410811885,137.15711705405943,41.147135116217825,68.57855852702971,-109.72569364324754,13.715711705405942,54.86284682162377
157.3,109.68229860769992,164.52344791154988,82.26172395577494,27.42057465192498,-54.84114930384996,5.4841149303849965,219.36459721539984,-27.42057465192498,137.10287325962491,41.13086197788747,68.55143662981246,-109.68229860769992,13.71028732596249,54.84114930384996
157.4,109.63983699974725,164.45975549962088,82.22987774981044,27.40995924993681,-54.81991849987362,5.481991849987363,219.2796739994945,-27.40995924993681,137.04979624968405,41.11493887490522,68.52489812484203,-109.63983699974725,13.704979624968406,54.81991849987362
157.5,109.59822746759181,164.39734120138772,82.19867060069386,27.399556866897953,-54.799113733795906,5.479911373379591,219.19645493518362,-27.399556866897953,136.99778433448978,41.09933530034693,68.49889216724489,-109.59822746759181,13.699778433448977,54.799113733795906
157.60000000000002,109.55745113377859,164.33617670066786,82.16808835033393,27.389362783444646,-54.77872556688929,5.477872556688929,219.11490226755717,-27.389362783444646,136.94681391722324,41.084044175166966,68.47340695861162,-109.55745113377859,13.694681391722323,54.77872556688929
157.70000000000002,109.51745836243857,164.27618754365787,82.13809377182893,27.379364590609644,-54.75872918121929,5.4758729181219294,219.03491672487715,-27.379364590609644,136.89682295304823,41.06904688591447,68.44841147652411,-109.51745836243857,13.689682295304822,54.75872918121929
157.8,109.47823873480374,164.2173581022056,82.1086790511028,27.369559683700935,-54.73911936740187,5.473911936740187,218.95647746960748,-27.369559683700935,136.84779841850468,41.0543395255514,68.42389920925234,-109.47823873480374,13.684779841850467,54.73911936740187
157.9,109.4398946575472,164.1598419863208,82.0799209931604,27.3599736643868,-54.7199473287736,5.47199473287736,218.8797893150944,-27.3599736643868,136.799868321934,41.0399604965802,68.399934160967,-109.4398946575472,13.6799868321934,54.7199473287736
158.0,109.40253769759529,164.10380654639295,82.05190327319647,27.350634424398823,-54.701268848797646,5.470126884879765,218.80507539519058,-27.350634424398823,136.7531721219941,41.025951636598236,68.37658606099706,-109.40253769759529,13.675317212199412,54.701268848797646
158.10000000000002,109.36630570895953,164.0494585634393,82.02472928171964,27.341576427239882,-54.683152854479765,5.468315285447977,218.73261141791906,-27.341576427239882,136.7078821361994,41.01236464085982,68.3539410680997,-109.36630570895953,13.670788213619941,54.683152854479765
158.20000000000002,109.3313656562291,163.99704848434365,81.99852424217183,27.332841414057274,-54.66568282811455,5.466568282811455,218.6627313124582,-27.332841414057274,136.66420707028638,40.99926212108591,68.33210353514319,-109.3313656562291,13.666420707028637,54.66568282811455
158.3,109.29780150968865,163.94670226453297,81.97335113226649,27.324450377422163,-54.64890075484433,5.464890075484433,218.5956030193773,-27.324450377422163,136.62225188711082,40.98667556613324,68.31112594355541,-109.29780150968865,13.662225188711082,54.64890075484433
158.4,109.26562485459357,163.89843728189035,81.94921864094518,27.316406213648392,-54.632812427296784,5.463281242729678,218.53124970918714,-27.316406213648392,136.58203106824197,40.97460932047259,68.29101553412099,-109.26562485459357,13.658203106824196,54.632812427296784
158.5,109.23476834793706,163.8521525219056,81.9260762609528,27.308692086984266,-54.61738417396853,5.4617384173968535,218.46953669587413,-27.308692086984266,136.54346043492131,40.9630381304764,68.27173021746066,-109.23476834793706,13.654346043492133,54.61738417396853
158.60000000000002,109.20508980561861,163.8076347084279,81.90381735421396,27.301272451404653,-54.602544902809306,5.460254490280931,218.41017961123723,-27.301272451404653,136.50636225702326,40.95190867710698,68.25318112851163,-109.20508980561861,13.650636225702327,54.602544902809306
158.70000000000002,109.17641664839826,163.7646249725974,81.8823124862987,27.294104162099565,-54.58820832419913,5.458820832419914,218.35283329679652,-27.294104162099565,136.47052081049782,40.94115624314935,68.23526040524891,-109.17641664839826,13.647052081049782,54.58820832419913
158.8,109.14866419889067,163.722996298336,81.861498149168,27.287166049722668,-54.574332099445336,5.457433209944534,218.29732839778134,-27.287166049722668,136.43583024861334,40.930749074584,68.21791512430667,-109.14866419889067,13.643583024861334,54.574332099445336
158.9,109.12188384280172,163.6828257642026,81.8414128821013,27.28047096070043,-54.56094192140086,5.456094192140086,218.24376768560344,-27.28047096070043,136.40235480350216,40.92070644105065,68.20117740175108,-109.12188384280172,13.640235480350215,54.56094192140086
159.0,109.09614593315314,163.6442188997297,81.82210944986485,27.274036483288285,-54.54807296657657,5.454807296657657,218.19229186630628,-27.274036483288285,136.37018241644142,40.91105472493243,68.18509120822071,-109.09614593315314,13.637018241644142,54.54807296657657
159.10000000000002,109.0714758848483,163.60721382727246,81.80360691363623,27.267868971212074,-54.53573794242415,5.453573794242415,218.1429517696966,-27.267868971212074,136.33934485606036,40.901803456818115,68.16967242803018,-109.0714758848483,13.633934485606037,54.53573794242415
159.20000000000002,109.04788423620424,163.57182635430635,81.78591317715318,27.26197105905106,-54.52394211810212,5.452394211810212,218.09576847240848,-27.26197105905106,136.3098552952553,40.89295658857659,68.15492764762764,-109.04788423620424,13.63098552952553,54.52394211810212
159.3,109.0253275519202,163.5379913278803,81.76899566394015,27.25633188798005,-54.5126637759601,5.45126637759601,218.0506551038404,-27.25633188798005,136.28165943990024,40.88449783197007,68.14082971995012,-109.0253275519202,13.628165943990025,54.5126637759601
159.4,109.0037782326678,163.5056673490017,81.75283367450085,27.25094455816695,-54.5018891163339,5.45018891163339,218.0075564653356,-27.25094455816695,136.25472279083476,40.876416837250424,68.12736139541738,-109.0037782326678,13.625472279083475,54.5018891163339
159.5,108.98324444883245,163.47486667324867,81.73743333662433,27.245811112208113,-54.491622224416226,5.449162222441623,217.9664888976649,-27.245811112208113,136.22905556104055,40.86871666831217,68.11452778052028,-108.98324444883245,13.622905556104056,54.491622224416226
159.60000000000002,108.96381520961427,163.4457228144214,81.7228614072107,27.240953802403567,-54.481907604807134,5.448190760480713,217.92763041922854,-27.240953802403567,136.20476901201783,40.86143070360535,68.10238450600892,-108.96381520961427,13.620476901201783,54.481907604807134
159.70000000000002,108.94562721840562,163.41844082760844,81.70922041380422,27.236406804601405,-54.47281360920281,5.4472813609202815,217.89125443681124,-27.236406804601405,136.18203402300702,40.85461020690211,68.09101701150351,-108.94562721840562,13.618203402300702,54.47281360920281
159.8,108.92873780628395,163.39310670942592,81.69655335471296,27.232184451570987,-54.464368903141974,5.446436890314198,217.8574756125679,-27.232184451570987,136.16092225785493,40.84827667735648,68.08046112892747,-108.92873780628395,13.616092225785493,54.464368903141974
159.9,108.91313649959835,163.36970474939753,81.68485237469876,27.228284124899588,-54.456568249799176,5.445656824979918,217.8262729991967,-27.228284124899588,136.14142062449793,40.84242618734938,68.07071031224896,-108.91313649959835,13.614142062449794,54.456568249799176
160.0,108.89879280002916,163.34818920004375,81.67409460002187,27.22469820000729,-54.44939640001458,5.444939640001458,217.7975856000583,-27.22469820000729,136.12349100003644,40.83704730001094,68.06174550001822,-108.89879280002916,13.612349100003645,54.44939640001458
160.10000000000002,108.8856789180939,163.32851837714085,81.66425918857043,27.221419729523475,-54.44283945904695,5.444283945904695,217.7713578361878,-27.221419729523475,136.10709864761736,40.83212959428521,68.05354932380868,-108.8856789180939,13.610709864761738,54.44283945904695
160.20000000000002,108.87378033977707,163.3106705096656,81.6553352548328,27.218445084944268,-54.436890169888535,5.443689016988854,217.74756067955414,-27.218445084944268,136.09222542472133,40.8276676274164,68.04611271236067,-108.87378033977707,13.609222542472134,54.436890169888535
160.3,108.8631191198906,163.2946786798359,81.64733933991795,27.21577977997265,-54.4315595599453,5.443155955994531,217.7262382397812,-27.21577977997265,136.07889889986325,40.823669669958974,68.03944944993162,-108.8631191198906,13.607889889986325,54.4315595599453
160.4,108.8536987879909,163.28054818198635,81.64027409099317,27.213424696997723,-54.42684939399545,5.442684939399545,217.7073975759818,-27.213424696997723,136.06712348498863,40.82013704549659,68.03356174249431,-108.8536987879909,13.606712348498862,54.42684939399545
160.5,108.84549728667098,163.26824593000646,81.63412296500323,27.211374321667744,-54.42274864333549,5.442274864333549,217.69099457334195,-27.211374321667744,136.05687160833872,40.817061482501614,68.02843580416936,-108.84549728667098,13.605687160833872,54.42274864333549
160.60000000000002,108.83841558427295,163.2576233764094,81.6288116882047,27.209603896068238,-54.419207792136476,5.441920779213648,217.6768311685459,-27.209603896068238,136.0480194803412,40.81440584410235,68.0240097401706,-108.83841558427295,13.604801948034119,54.419207792136476
160.70000000000002,108.83229671015572,163.24844506523357,81.62422253261678,27.20807417753893,-54.41614835507786,5.441614835507786,217.66459342031143,-27.20807417753893,136.04037088769465,40.81211126630839,68.02018544384732,-108.83229671015572,13.604037088769465,54.41614835507786
160.8,108.82706591540577,163.24059887310864,81.62029943655432,27.206766478851442,-54.413532957702884,5.441353295770289,217.65413183081154,-27.206766478851442,136.03383239425722,40.81014971827716,68.01691619712861,-108.82706591540577,13.603383239425721,54.413532957702884
160.9,108.8226712990891,163.23400694863363,81.61700347431682,27.205667824772274,-54.41133564954455,5.441133564954455,217.6453425981782,-27.205667824772274,136.02833912386137,40.80850173715841,68.01416956193069,-108.8226712990891,13.602833912386137,54.41133564954455
161.0,108.81905861754115,163.22858792631172,81.61429396315586,27.204764654385286,-54.40952930877057,5.4409529308770574,217.6381172350823,-27.204764654385286,136.02382327192643,40.80714698157793,68.01191163596322,-108.81905861754115,13.602382327192643,54.40952930877057
161.10000000000002,108.81610474487252,163.22415711730878,81.61207855865439,27.20402618621813,-54.40805237243626,5.440805237243627,217.63220948974504,-27.20402618621813,136.02013093109065,40.806039279327194,68.01006546554532,-108.81610474487252,13.602013093109065,54.40805237243626
161.20000000000002,108.8137282326478,163.2205923489717,81.61029617448585,27.20343205816195,-54.4068641163239,5.440686411632391,217.6274564652956,-27.20343205816195,136.01716029080976,40.80514808724293,68.00858014540488,-108.8137282326478,13.601716029080976,54.4068641163239
161.3,108.8119346129821,163.21790191947315,81.60895095973657,27.202983653245525,-54.40596730649105,5.440596730649105,217.6238692259642,-27.202983653245525,136.01491826622762,40.80447547986829,68.00745913311381,-108.8119346129821,13.601491826622762,54.40596730649105
161.4,108.81074295514031,163.21611443271047,81.60805721635523,27.20268573878508,-54.40537147757016,5.440537147757016,217.62148591028063,-27.20268573878508,136.0134286939254,40.80402860817762,68.0067143469627,-108.81074295514031,13.60134286939254,54.40537147757016
161.5,108.81019736901357,163.21529605352035,81.60764802676017,27.20254934225339,-54.40509868450678,5.440509868450679,217.62039473802713,-27.20254934225339,136.01274671126697,40.80382401338009,68.00637335563349,-108.81019736901357,13.601274671126696,54.40509868450678
161.60000000000002,108.81035918281619,163.21553877422429,81.60776938711214,27.202589795704046,-54.40517959140809,5.440517959140809,217.62071836563237,-27.202589795704046,136.01294897852023,40.80388469355607,68.00647448926011,-108.81035918281619,13.601294897852023,54.40517959140809
161.70000000000002,108.8112796639717,163.21691949595754,81.60845974797877,27.202819915992926,-54.40563983198585,5.440563983198586,217.6225593279434,-27.202819915992926,136.01409957996464,40.804229873989385,68.00704978998232,-108.8112796639717,13.601409957996463,54.40563983198585
161.8,108.81302014175303,163.21953021262954,81.60976510631477,27.203255035438257,-54.406510070876514,5.440651007087652,217.62604028350606,-27.203255035438257,136.0162751771913,40.804882553157384,68.00813758859564,-108.81302014175303,13.601627517719129,54.406510070876514
161.9,108.81554523146588,163.2233178471988,81.6116589235994,27.20388630786647,-54.40777261573294,5.440777261573294,217.63109046293175,-27.20388630786647,136.01943153933234,40.8058294617997,68.00971576966617,-108.81554523146588,13.601943153933234,54.40777261573294
162.0,108.8187839629079,163.22817594436185,81.61408797218093,27.204695990726975,-54.40939198145395,5.440939198145395,217.6375679258158,-27.204695990726975,136.02347995363488,40.80704398609046,68.01173997681744,-108.8187839629079,13.602347995363488,54.40939198145395
162.10000000000002,108.822605536902,163.233908305353,81.6169541526765,27.2056513842255,-54.411302768451,5.441130276845101,217.645211073804,-27.2056513842255,136.0282569211275,40.80847707633825,68.01412846056375,-108.822605536902,13.60282569211275,54.411302768451
162.20000000000002,108.82686315112753,163.24029472669127,81.62014736334564,27.20671578778188,-54.41343157556376,5.441343157556377,217.65372630225505,-27.20671578778188,136.03357893890941,40.81007368167282,68.01678946945471,-108.82686315112753,13.60335789389094,54.41343157556376
162.3,108.83142729494554,163.2471409424183,81.62357047120915,27.207856823736385,-54.41571364747277,5.441571364747277,217.66285458989108,-27.207856823736385,136.03928411868193,40.811785235604574,68.01964205934097,-108.83142729494554,13.603928411868193,54.41571364747277
162.4,108.83615080590516,163.25422620885774,81.62711310442887,27.20903770147629,-54.41807540295258,5.441807540295258,217.67230161181033,-27.20903770147629,136.04518850738145,40.813556552214436,68.02259425369073,-108.83615080590516,13.604518850738145,54.41807540295258
162.5,108.84079511637074,163.26119267455613,81.63059633727806,27.210198779092686,-54.42039755818537,5.442039755818538,217.68159023274148,-27.210198779092686,136.05099389546342,40.81529816863903,68.02549694773171,-108.84079511637074,13.605099389546343,54.42039755818537
162.60000000000002,108.84511843979924,163.26767765969885,81.63383882984942,27.21127960994981,-54.42255921989962,5.442255921989962,217.69023687959847,-27.21127960994981,136.05639804974905,40.81691941492471,68.02819902487452,-108.84511843979924,13.605639804974905,54.42255921989962
162.70000000000002,108.84892164578926,163.2733824686839,81.63669123434195,27.212230411447315,-54.42446082289463,5.442446082289464,217.69784329157852,-27.212230411447315,136.06115205723657,40.818345617170976,68.03057602861828,-108.84892164578926,13.606115205723658,54.42446082289463
162.8,108.8520740192842,163.2781110289263,81.63905551446315,27.21301850482105,-54.4260370096421,5.44260370096421,217.7041480385684,-27.21301850482105,136.06509252410524,40.819527757231576,68.03254626205262,-108.8520740192842,13.606509252410525,54.4260370096421
162.9,108.85450010828215,163.28175016242324,81.64087508121162,27.213625027070538,-54.427250054141076,5.442725005414108,217.7090002165643,-27.213625027070538,136.0681251353527,40.82043754060581,68.03406256767634,-108.85450010828215,13.606812513535269,54.427250054141076
163.0,108.85611786478867,163.28417679718302,81.64208839859151,27.214029466197168,-54.428058932394336,5.442805893239434,217.71223572957734,-27.214029466197168,136.07014733098583,40.821044199295756,68.03507366549292,-108.85611786478867,13.607014733098584,54.428058932394336
163.10000000000002,108.8569002059023,163.28535030885345,81.64267515442673,27.214225051475577,-54.42845010295115,5.442845010295116,217.7138004118046,-27.214225051475577,136.07112525737787,40.82133757721336,68.03556262868894,-108.8569002059023,13.607112525737788,54.42845010295115
163.20000000000002,108.85684247780885,163.28526371671327,81.64263185835664,27.214210619452214,-54.42842123890443,5.442842123890443,217.7136849556177,-27.214210619452214,136.07105309726106,40.82131592917832,68.03552654863053,-108.85684247780885,13.607105309726107,54.42842123890443
163.3,108.85596133938486,163.2839420090773,81.64197100453865,27.213990334846216,-54.42798066969243,5.442798066969243,217.71192267876972,-27.213990334846216,136.06995167423108,40.82098550226932,68.03497583711554,-108.85596133938486,13.606995167423108,54.42798066969243
163.4,108.85432410106162,163.28148615159245,81.64074307579622,27.213581025265405,-54.42716205053081,5.442716205053081,217.70864820212324,-27.213581025265405,136.06790512632702,40.82037153789811,68.03395256316351,-108.85432410106162,13.606790512632703,54.42716205053081
163.5,108.85200731014862,163.27801096522293,81.63900548261147,27.213001827537155,-54.42600365507431,5.442600365507431,217.70401462029724,-27.213001827537155,136.06500913768576,40.81950274130573,68.03250456884288,-108.85200731014862,13.606500913768578,54.42600365507431
163.60000000000002,108.84908547523975,163.27362821285962,81.63681410642981,27.212271368809937,-54.42454273761987,5.442454273761988,217.6981709504795,-27.212271368809937,136.06135684404967,40.818407053214905,68.03067842202483,-108.84908547523975,13.606135684404968,54.42454273761987
163.70000000000002,108.84565234806422,163.26847852209633,81.63423926104817,27.211413087016055,-54.42282617403211,5.442282617403212,217.69130469612844,-27.211413087016055,136.0570654350803,40.81711963052408,68.02853271754014,-108.84565234806422,13.605706543508028,54.42282617403211
163.8,108.84182099704282,163.26273149556422,81.63136574778211,27.210455249260704,-54.42091049852141,5.4420910498521415,217.68364199408563,-27.210455249260704,136.0522762463035,40.815682873891056,68.02613812315175,-108.84182099704282,13.605227624630352,54.42091049852141
163.9,108.83768961839331,163.25653442758997,81.62826721379498,27.209422404598328,-54.418844809196656,5.441884480919666,217.67537923678663,-27.209422404598328,136.04711202299166,40.81413360689749,68.02355601149583,-108.83768961839331,13.604711202299164,54.418844809196656
164.0,108.8333872001896,163.25008080028442,81.62504040014221,27.2083468000474,-54.4166936000948,5.441669360009481,217.6667744003792,-27.2083468000474,136.041734000237,40.812520200071106,68.0208670001185,-108.8333872001896,13.6041734000237,54.4166936000948
164.10000000000002,108.829042697625,163.24356404643748,81.62178202321874,27.20726067440625,-54.4145213488125,5.44145213488125,217.65808539525,-27.20726067440625,136.03630337203126,40.81089101160937,68.01815168601563,-108.829042697625,13.603630337203125,54.4145213488125
164.20000000000002,108.82479321631756,163.23718982447633,81.61859491223817,27.20619830407939,-54.41239660815878,5.441239660815878,217.64958643263512,-27.20619830407939,136.03099152039695,40.80929745611908,68.01549576019848,-108.82479321631756,13.603099152039695,54.41239660815878
164.3,108.82080015336061,163.2312002300409,81.61560011502046,27.205200038340152,-54.410400076680304,5.441040007668031,217.64160030672122,-27.205200038340152,136.02600019170075,40.80780005751023,68.01300009585037,-108.82080015336061,13.602600019170076,54.410400076680304
164.4,108.8171735363699,163.22576030455485,81.61288015227743,27.204293384092477,-54.40858676818495,5.440858676818496,217.6343470727398,-27.204293384092477,136.0214669204624,40.80644007613871,68.0107334602312,-108.8171735363699,13.602146692046238,54.40858676818495
164.5,108.81397457602233,163.22096186403348,81.61048093201674,27.203493644005583,-54.406987288011166,5.440698728801117,217.62794915204466,-27.203493644005583,136.01746822002792,40.80524046600837,68.00873411001396,-108.81397457602233,13.601746822002792,54.406987288011166
164.60000000000002,108.81124315829598,163.21686473744398,81.60843236872199,27.202810789573995,-54.40562157914799,5.440562157914799,217.62248631659196,-27.202810789573995,136.01405394786997,40.804216184360996,68.00702697393498,-108.81124315829598,13.601405394786998,54.40562157914799
164.70000000000002,108.8090288087611,163.21354321314163,81.60677160657082,27.202257202190275,-54.40451440438055,5.440451440438055,217.6180576175222,-27.202257202190275,136.01128601095138,40.80338580328541,68.00564300547569,-108.8090288087611,13.601128601095137,54.40451440438055
164.8,108.80737368853212,163.21106053279817,81.60553026639909,27.20184342213303,-54.40368684426606,5.440368684426606,217.61474737706425,-27.20184342213303,136.00921711066516,40.80276513319954,68.00460855533258,-108.80737368853212,13.600921711066515,54.40368684426606
164.9,108.80627110115884,163.20940665173828,81.60470332586914,27.20156777528971,-54.40313555057942,5.4403135550579425,217.61254220231768,-27.20156777528971,136.00783887644855,40.80235166293457,68.00391943822427,-108.80627110115884,13.600783887644855,54.40313555057942
165.0,108.80570100011128,163.20855150016692,81.60427575008346,27.20142525002782,-54.40285050005564,5.440285050005564,217.61140200022257,-27.20142525002782,136.0071262501391,40.80213787504173,68.00356312506955,-108.80570100011128,13.60071262501391,54.40285050005564
165.10000000000002,108.80564639719145,163.20846959578716,81.60423479789358,27.201411599297863,-54.402823198595726,5.440282319859573,217.6112927943829,-27.201411599297863,136.00705799648932,40.80211739894679,68.00352899824466,-108.80564639719145,13.600705799648932,54.402823198595726
165.20000000000002,108.80614399152506,163.2092159872876,81.6046079936438,27.201535997881265,-54.40307199576253,5.440307199576253,217.61228798305012,-27.201535997881265,136.0076799894063,40.8023039968219,68.00383999470316,-108.80614399152506,13.600767998940633,54.40307199576253
165.3,108.8072349707802,163.2108524561703,81.60542622808515,27.20180874269505,-54.4036174853901,5.4403617485390106,217.6144699415604,-27.20180874269505,136.00904371347525,40.802713114042575,68.00452185673763,-108.8072349707802,13.600904371347525,54.4036174853901
165.4,108.80893240701482,163.21339861052223,81.60669930526112,27.202233101753706,-54.40446620350741,5.440446620350741,217.61786481402964,-27.202233101753706,136.01116550876853,40.80334965263056,68.00558275438426,-108.80893240701482,13.601116550876853,54.40446620350741
165.5,108.81116285805709,163.21674428708565,81.60837214354282,27.202790714514272,-54.405581429028544,5.440558142902855,217.62232571611418,-27.202790714514272,136.01395357257135,40.80418607177141,68.00697678628568,-108.81116285805709,13.601395357257136,54.405581429028544
165.60000000000002,108.81379154006967,163.2206873101045,81.61034365505225,27.203447885017418,-54.406895770034836,5.440689577003484,217.62758308013935,-27.203447885017418,136.0172394250871,40.805171827526124,68.00861971254355,-108.81379154006967,13.601723942508709,54.406895770034836
165.70000000000002,108.81664098452912,163.22496147679368,81.61248073839684,27.20416024613228,-54.40832049226456,5.440832049226456,217.63328196905823,-27.20416024613228,136.0208012306614,40.80624036919842,68.0104006153307,-108.81664098452912,13.60208012306614,54.40832049226456
165.8,108.81953124391632,163.22929686587446,81.61464843293723,27.20488281097908,-54.40976562195816,5.440976562195816,217.63906248783263,-27.20488281097908,136.0244140548954,40.807324216468615,68.0122070274477,-108.81953124391632,13.60244140548954,54.40976562195816
165.9,108.82237870338611,163.23356805507916,81.61678402753958,27.205594675846527,-54.411189351693054,5.441118935169306,217.64475740677221,-27.205594675846527,136.02797337923263,40.80839201376979,68.01398668961632,-108.82237870338611,13.602797337923263,54.411189351693054
166.0,108.82509029297833,163.2376354394675,81.61881771973376,27.206272573244583,-54.412545146489165,5.441254514648917,217.65018058595666,-27.206272573244583,136.0313628662229,40.80940885986688,68.01568143311145,-108.82509029297833,13.603136286622291,54.412545146489165
166.10000000000002,108.82752373746845,163.24128560620267,81.62064280310133,27.206880934367113,-54.41376186873423,5.441376186873423,217.6550474749369,-27.206880934367113,136.03440467183557,40.81032140155067,68.01720233591779,-108.82752373746845,13.603440467183557,54.41376186873423
166.20000000000002,108.82952720335896,163.24429080503845,81.62214540251922,27.20738180083974,-54.41476360167948,5.441476360167949,217.65905440671793,-27.20738180083974,136.03690900419872,40.81107270125961,68.01845450209936,-108.82952720335896,13.60369090041987,54.41476360167948
166.3,108.83093249328314,163.2463987399247,81.62319936996235,27.207733123320786,-54.41546624664157,5.4415466246641575,217.6618649865663,-27.207733123320786,136.03866561660394,40.811599684981175,68.01933280830197,-108.83093249328314,13.603866561660393,54.41546624664157
166.4,108.83156562351034,163.2473484352655,81.62367421763275,27.207891405877586,-54.41578281175517,5.441578281175517,217.6631312470207,-27.207891405877586,136.03945702938793,40.81183710881638,68.01972851469397,-108.83156562351034,13.603945702938793,54.41578281175517
166.5,108.83130848113444,163.24696272170166,81.62348136085083,27.20782712028361,-54.41565424056722,5.441565424056723,217.66261696226888,-27.20782712028361,136.03913560141805,40.811740680425416,68.01956780070903,-108.83130848113444,13.603913560141805,54.41565424056722
166.60000000000002,108.83007302114899,163.24510953172347,81.62255476586174,27.207518255287248,-54.415036510574495,5.44150365105745,217.66014604229798,-27.207518255287248,136.03759127643625,40.81127738293087,68.01879563821812,-108.83007302114899,13.603759127643624,54.415036510574495
166.70000000000002,108.82780937455456,163.24171406183183,81.62085703091591,27.20695234363864,-54.41390468727728,5.441390468727729,217.65561874910912,-27.20695234363864,136.0347617181932,40.81042851545796,68.0173808590966,-108.82780937455456,13.60347617181932,54.41390468727728
166.8,108.82454833794174,163.2368225069126,81.6184112534563,27.206137084485434,-54.41227416897087,5.441227416897087,217.64909667588347,-27.206137084485434,136.03068542242715,40.80920562672815,68.01534271121358,-108.82454833794174,13.603068542242717,54.41227416897087
166.9,108.82035906682528,163.2305386002379,81.61526930011895,27.20508976670632,-54.41017953341264,5.441017953341264,217.64071813365055,-27.20508976670632,136.02544883353158,40.80763465005948,68.01272441676579,-108.82035906682528,13.60254488335316,54.41017953341264
167.0,108.81524355430113,163.22286533145171,81.61143266572586,27.203810888575283,-54.40762177715057,5.440762177715057,217.63048710860227,-27.203810888575283,136.0190544428764,40.80571633286293,68.0095272214382,-108.81524355430113,13.601905444287642,54.40762177715057
167.10000000000002,108.80910218171968,163.2136532725795,81.60682663628975,27.20227554542992,-54.40455109085984,5.440455109085985,217.61820436343936,-27.20227554542992,136.0113777271496,40.80341331814488,68.0056888635748,-108.80910218171968,13.60113777271496,54.40455109085984
167.20000000000002,108.80184971524048,163.20277457286073,81.60138728643037,27.20046242881012,-54.40092485762024,5.440092485762024,217.60369943048096,-27.20046242881012,136.0023121440506,40.80069364321518,68.0011560720253,-108.80184971524048,13.60023121440506,54.40092485762024
167.3,108.79339362279715,163.19009043419572,81.59504521709786,27.19834840569929,-54.39669681139858,5.439669681139858,217.5867872455943,-27.19834840569929,135.99174202849645,40.79752260854893,67.99587101424822,-108.79339362279715,13.599174202849644,54.39669681139858
167.4,108.78361712558572,163.1754256883786,81.5877128441893,27.19590428139643,-54.39180856279286,5.439180856279286,217.56723425117144,-27.19590428139643,135.97952140698214,40.79385642209465,67.98976070349107,-108.78361712558572,13.597952140698215,54.39180856279286
167.5,108.77244496949062,163.15866745423594,81.57933372711797,27.193111242372655,-54.38622248474531,5.438622248474531,217.54488993898124,-27.193111242372655,135.9655562118633,40.789666863558985,67.98277810593164,-108.77244496949062,13.596555621186328,54.38622248474531
167.60000000000002,108.75982939044117,163.13974408566176,81.56987204283088,27.189957347610292,-54.379914695220585,5.437991469522059,217.51965878088234,-27.189957347610292,135.94978673805147,40.78493602141544,67.97489336902574,-108.75982939044117,13.594978673805146,54.379914695220585
167.70000000000002,108.74570707923979,163.1185606188597,81.55928030942985,27.186426769809948,-54.372853539619896,5.43728535396199,217.49141415847959,-27.186426769809948,135.93213384904973,40.779640154714926,67.96606692452487,-108.74570707923979,13.593213384904974,54.372853539619896
167.8,108.730047328977,163.0950709934655,81.54753549673275,27.18251183224425,-54.3650236644885,5.43650236644885,217.460094657954,-27.18251183224425,135.91255916122125,40.773767748366375,67.95627958061063,-108.730047328977,13.591255916122124,54.3650236644885
167.9,108.71285575595496,163.06928363393246,81.53464181696623,27.17821393898874,-54.35642787797748,5.4356427877977485,217.42571151190992,-27.17821393898874,135.8910696949437,40.767320908483114,67.94553484747185,-108.71285575595496,13.58910696949437,54.35642787797748
168.0,108.694128861358,163.041193292037,81.5205966460185,27.1735322153395,-54.347064430679,5.4347064430679,217.388257722716,-27.1735322153395,135.8676610766975,40.76029832300925,67.93383053834874,-108.694128861358,13.58676610766975,54.347064430679
168.10000000000002,108.67381036720897,163.01071555081347,81.50535777540674,27.168452591802243,-54.336905183604486,5.433690518360449,217.34762073441794,-27.168452591802243,135.8422629590112,40.75267888770337,67.9211314795056,-108.67381036720897,13.584226295901122,54.336905183604486
168.20000000000002,108.65179604668222,162.97769407002335,81.48884703501167,27.162949011670555,-54.32589802334111,5.432589802334111,217.30359209336444,-27.162949011670555,135.81474505835277,40.74442351750584,67.90737252917639,-108.65179604668222,13.581474505835278,54.32589802334111
168.3,108.62790511304647,162.94185766956969,81.47092883478484,27.156976278261617,-54.31395255652323,5.4313952556523235,217.25581022609293,-27.156976278261617,135.7848813913081,40.73546441739242,67.89244069565405,-108.62790511304647,13.578488139130808,54.31395255652323
168.4,108.60185464356462,162.90278196534695,81.45139098267347,27.150463660891155,-54.30092732178231,5.430092732178231,217.20370928712924,-27.150463660891155,135.75231830445577,40.72569549133674,67.87615915222788,-108.60185464356462,13.575231830445578,54.30092732178231
168.5,108.57342003967624,162.86013005951435,81.43006502975717,27.14335500991906,-54.28671001983812,5.428671001983812,217.14684007935247,-27.14335500991906,135.7167750495953,40.71503251487859,67.85838752479765,-108.57342003967624,13.57167750495953,54.28671001983812
168.60000000000002,108.54245099377039,162.81367649065558,81.40683824532779,27.135612748442597,-54.271225496885194,5.427122549688519,217.08490198754077,-27.135612748442597,135.678063742213,40.703419122663895,67.8390318711065,-108.54245099377039,13.567806374221298,54.271225496885194
168.70000000000002,108.50893928060935,162.76340892091403,81.38170446045702,27.12723482015234,-54.25446964030468,5.425446964030468,217.0178785612187,-27.12723482015234,135.6361741007617,40.69085223022851,67.81808705038085,-108.50893928060935,13.56361741007617,54.25446964030468
168.8,108.47295971831402,162.70943957747102,81.35471978873551,27.118239929578504,-54.23647985915701,5.423647985915701,216.94591943662803,-27.118239929578504,135.59119964789252,40.677359894367754,67.79559982394626,-108.47295971831402,13.559119964789252,54.23647985915701
168.9,108.43459099872223,162.65188649808334,81.32594324904167,27.108647749680557,-54.217295499361114,5.421729549936112,216.86918199744446,-27.108647749680557,135.54323874840279,40.662971624520836,67.77161937420139,-108.43459099872223,13.554323874840279,54.217295499361114
169.0,108.3939143599691,162.59087153995364,81.29543576997682,27.098478589992276,-54.19695717998455,5.419695717998455,216.7878287199382,-27.098478589992276,135.49239294996138,40.64771788498841,67.74619647498069,-108.3939143599691,13.549239294996138,54.19695717998455
169.10000000000002,108.35105289403671,162.52657934105508,81.26328967052754,27.087763223509178,-54.175526447018356,5.417552644701836,216.70210578807342,-27.087763223509178,135.43881611754588,40.63164483526377,67.71940805877294,-108.35105289403671,13.543881611754589,54.175526447018356
169.20000000000002,108.30616937937414,162.45925406906122,81.22962703453061,27.076542344843535,-54.15308468968707,5.415308468968707,216.61233875874828,-27.076542344843535,135.38271172421767,40.614813517265304,67.69135586210884,-108.30616937937414,13.538271172421767,54.15308468968707
169.3,108.25944845116595,162.38917267674893,81.19458633837446,27.064862112791488,-54.129724225582976,5.412972422558298,216.5188969023319,-27.064862112791488,135.32431056395745,40.59729316918723,67.66215528197873,-108.25944845116595,13.532431056395744,54.129724225582976
169.4,108.21108030997001,162.316620464955,81.1583102324775,27.052770077492504,-54.10554015498501,5.4105540154985015,216.42216061994003,-27.052770077492504,135.26385038746253,40.57915511623875,67.63192519373126,-108.21108030997001,13.526385038746252,54.10554015498501
169.5,108.16118901253824,162.24178351880738,81.12089175940369,27.04029725313456,-54.08059450626912,5.408059450626912,216.3223780250765,-27.04029725313456,135.2014862656728,40.560445879701845,67.6007431328364,-108.16118901253824,13.52014862656728,54.08059450626912
169.60000000000002,108.10990973196047,162.16486459794072,81.08243229897036,27.027477432990118,-54.054954865980235,5.405495486598024,216.21981946392094,-27.027477432990118,135.13738716495058,40.54121614948518,67.56869358247529,-108.10990973196047,13.513738716495059,54.054954865980235
169.70000000000002,108.05742929210777,162.08614393816165,81.04307196908083,27.014357323026942,-54.028714646053885,5.402871464605389,216.11485858421554,-27.014357323026942,135.07178661513473,40.521535984540414,67.53589330756736,-108.05742929210777,13.507178661513471,54.028714646053885
169.8,108.00395115107472,162.00592672661207,81.00296336330604,27.00098778776868,-54.00197557553736,5.400197557553736,216.00790230214943,-27.00098778776868,135.0049389388434,40.50148168165302,67.5024694694217,-108.00395115107472,13.50049389388434,54.00197557553736
169.9,107.94969400259636,161.92454100389455,80.96227050194727,26.98742350064909,-53.97484700129818,5.3974847001298185,215.89938800519272,-26.98742350064909,134.93711750324545,40.48113525097364,67.46855875162272,-107.94969400259636,13.493711750324545,53.97484700129818
170.0,107.894911012703,161.8423665190545,80.92118325952725,26.97372775317575,-53.9474555063515,5.39474555063515,215.789822025406,-26.97372775317575,134.86863876587876,40.46059162976363,67.43431938293938,-107.894911012703,13.486863876587876,53.9474555063515
170.10000000000002,107.83985932264744,161.75978898397116,80.87989449198558,26.95996483066186,-53.91992966132372,5.3919929661323724,215.67971864529488,-26.95996483066186,134.79982415330932,40.43994724599279,67.39991207665466,-107.83985932264744,13.47998241533093,53.91992966132372
170.20000000000002,107.7847881493501,161.67718222402516,80.83859111201258,26.946197037337527,-53.89239407467505,5.389239407467506,215.5695762987002,-26.946197037337527,134.73098518668763,40.41929555600629,67.36549259334382,-107.7847881493501,13.473098518668763,53.89239407467505
170.3,107.72988413812061,161.59482620718092,80.79741310359046,26.932471034530153,-53.864942069060305,5.386494206906031,215.45976827624122,-26.932471034530153,134.66235517265076,40.39870655179523,67.33117758632538,-107.72988413812061,13.466235517265076,53.864942069060305
170.4,107.6753464592544,161.5130196888816,80.7565098444408,26.9188366148136,-53.8376732296272,5.38376732296272,215.3506929185088,-26.9188366148136,134.59418307406798,40.3782549222204,67.29709153703399,-107.6753464592544,13.4594183074068,53.8376732296272
170.5,107.62142550188477,161.43213825282714,80.71606912641357,26.905356375471193,-53.810712750942386,5.381071275094239,215.24285100376954,-26.905356375471193,134.52678187735597,40.358034563206786,67.26339093867799,-107.62142550188477,13.452678187735597,53.810712750942386
170.60000000000002,107.568415199703,161.3526227995545,80.67631139977725,26.89210379992575,-53.7842075998515,5.378420759985151,215.136830399406,-26.89210379992575,134.46051899962873,40.338155699888624,67.23025949981437,-107.568415199703,13.446051899962875,53.7842075998515
170.70000000000002,107.51654392203287,161.2748158830493,80.63740794152466,26.879135980508217,-53.75827196101643,5.3758271961016435,215.03308784406573,-26.879135980508217,134.39567990254108,40.31870397076233,67.19783995127054,-107.51654392203287,13.439567990254108,53.75827196101643
170.8,107.46607935657215,161.19911903485823,80.59955951742911,26.866519839143038,-53.733039678286076,5.373303967828608,214.9321587131443,-26.866519839143038,134.3325991957152,40.29977975871456,67.1662995978576,-107.46607935657215,13.433259919571519,53.733039678286076
170.9,107.41724835823803,161.12587253735705,80.56293626867853,26.854312089559507,-53.70862417911901,5.370862417911901,214.83449671647605,-26.854312089559507,134.27156044779753,40.28146813433926,67.13578022389876,-107.41724835823803,13.427156044779753,53.70862417911901
171.0,107.37019136366264,161.05528704549397,80.52764352274698,26.84254784091566,-53.68509568183132,5.368509568183132,214.74038272732528,-26.84254784091566,134.2127392045783,40.26382176137349,67.10636960228915,-107.37019136366264,13.42127392045783,53.68509568183132
171.10000000000002,107.32500865382053,160.9875129807308,80.4937564903654,26.831252163455133,-53.662504326910266,5.366250432691027,214.65001730764106,-26.831252163455133,134.15626081727567,40.2468782451827,67.07813040863783,-107.32500865382053,13.415626081727567,53.662504326910266
171.20000000000002,107.28166478835747,160.9224971825362,80.4612485912681,26.82041619708937,-53.64083239417874,5.364083239417874,214.56332957671495,-26.82041619708937,134.10208098544683,40.23062429563405,67.05104049272342,-107.28166478835747,13.410208098544684,53.64083239417874
171.3,107.24007639935597,160.86011459903395,80.43005729951697,26.810019099838993,-53.620038199677985,5.362003819967799,214.48015279871194,-26.810019099838993,134.05009549919495,40.21502864975849,67.02504774959748,-107.24007639935597,13.405009549919496,53.620038199677985
171.4,107.2002273755329,160.80034106329936,80.40017053164968,26.800056843883226,-53.60011368776645,5.360011368776646,214.4004547510658,-26.800056843883226,134.00028421941613,40.20008526582484,67.00014210970807,-107.2002273755329,13.400028421941613,53.60011368776645
171.5,107.16210677639253,160.7431601645888,80.3715800822944,26.790526694098133,-53.58105338819627,5.358105338819627,214.32421355278507,-26.790526694098133,133.95263347049067,40.1857900411472,66.97631673524533,-107.16210677639253,13.395263347049067,53.58105338819627
171.60000000000002,107.12572331791645,160.68858497687467,80.34429248843733,26.781430829479113,-53.56286165895823,5.356286165895823,214.2514466358329,-26.781430829479113,133.90715414739557,40.172146244218666,66.95357707369779,-107.12572331791645,13.390715414739557,53.56286165895823
171.70000000000002,107.09110535020946,160.6366580253142,80.3183290126571,26.772776337552365,-53.54555267510473,5.354555267510474,214.18221070041892,-26.772776337552365,133.86388168776182,40.15916450632855,66.93194084388091,-107.09110535020946,13.386388168776183,53.54555267510473
171.8,107.05823535557988,160.58735303336982,80.29367651668491,26.76455883889497,-53.52911767778994,5.352911767778995,214.11647071115976,-26.76455883889497,133.82279419447485,40.146838258342456,66.91139709723743,-107.05823535557988,13.382279419447485,53.52911767778994
171.9,107.02701335820889,160.54052003731334,80.27026001865667,26.756753339552223,-53.513506679104445,5.351350667910445,214.05402671641778,-26.756753339552223,133.7837666977611,40.135130009328336,66.89188334888055,-107.02701335820889,13.378376669776111,53.513506679104445
172.0,106.99738368247766,160.49607552371648,80.24803776185824,26.749345920619415,-53.49869184123883,5.349869184123883,213.99476736495532,-26.749345920619415,133.74672960309707,40.12401888092912,66.87336480154853,-106.99738368247766,13.374672960309708,53.49869184123883
172.10000000000002,106.96932121438198,160.45398182157297,80.22699091078648,26.742330303595494,-53.48466060719099,5.348466060719099,213.93864242876396,-26.742330303595494,133.7116515179775,40.11349545539324,66.85582575898874,-106.96932121438198,13.371165151797747,53.48466060719099
172.20000000000002,106.94283872280131,160.41425808420198,80.20712904210099,26.735709680700328,-53.471419361400656,5.347141936140066,213.88567744560262,-26.735709680700328,133.67854840350165,40.103564521050494,66.83927420175083,-106.94283872280131,13.367854840350164,53.471419361400656
172.3,106.91800071237714,160.3770010685657,80.18850053428285,26.729500178094284,-53.45900035618857,5.3459000356188575,213.83600142475427,-26.729500178094284,133.6475008904714,40.094250267141426,66.8237504452357,-106.91800071237714,13.364750089047142,53.45900035618857
172.4,106.8949152821854,160.3423729232781,80.17118646163905,26.72372882054635,-53.4474576410927,5.34474576410927,213.7898305643708,-26.72372882054635,133.61864410273174,40.085593230819526,66.80932205136587,-106.8949152821854,13.361864410273174,53.4474576410927
172.5,106.8736662882563,160.31049943238446,80.15524971619223,26.718416572064076,-53.43683314412815,5.343683314412815,213.7473325765126,-26.718416572064076,133.59208286032037,40.077624858096115,66.79604143016019,-106.8736662882563,13.359208286032038,53.43683314412815
172.60000000000002,106.85426899919847,160.28140349879772,80.14070174939886,26.713567249799617,-53.427134499599234,5.342713449959923,213.70853799839693,-26.713567249799617,133.56783624899808,40.07035087469943,66.78391812449904,-106.85426899919847,13.356783624899808,53.427134499599234
172.70000000000002,106.83670227480386,160.25505341220577,80.12752670610288,26.709175568700964,-53.41835113740193,5.341835113740193,213.6734045496077,-26.709175568700964,133.54587784350483,40.06376335305144,66.77293892175241,-106.83670227480386,13.354587784350482,53.41835113740193
172.8,106.82097929986173,160.2314689497926,80.1157344748963,26.705244824965433,-53.41048964993087,5.341048964993087,213.64195859972347,-26.705244824965433,133.52622412482717,40.05786723744815,66.76311206241358,-106.82097929986173,13.352622412482717,53.41048964993087
172.9,106.8071096933697,160.21066454005455,80.10533227002728,26.701777423342424,-53.40355484668485,5.3403554846684855,213.6142193867394,-26.701777423342424,133.50888711671212,40.05266613501364,66.75444355835606,-106.8071096933697,13.350888711671212,53.40355484668485
173.0,106.79510171604807,160.1926525740721,80.09632628703605,26.698775429012017,-53.39755085802403,5.339755085802404,213.59020343209613,-26.698775429012017,133.49387714506008,40.048163143518025,66.74693857253004,-106.79510171604807,13.349387714506008,53.39755085802403
173.10000000000002,106.78501721240347,160.1775258186052,80.0887629093026,26.69625430310087,-53.39250860620174,5.339250860620174,213.57003442480695,-26.69625430310087,133.48127151550435,40.0443814546513,66.74063575775217,-106.78501721240347,13.348127151550434,53.39250860620174
173.20000000000002,106.7768710369921,160.16530655548814,80.08265327774407,26.694217759248026,-53.38843551849605,5.338843551849606,213.5537420739842,-26.694217759248026,133.47108879624014,40.041326638872036,66.73554439812007,-106.7768710369921,13.347108879624013,53.38843551849605
173.3,106.77064342387524,160.15596513581286,80.07798256790643,26.69266085596881,-53.38532171193762,5.338532171193762,213.54128684775048,-26.69266085596881,133.46330427984407,40.038991283953216,66.73165213992203,-106.77064342387524,13.346330427984405,53.38532171193762
173.4,106.766196465962,160.14929469894298,80.07464734947149,26.6915491164905,-53.383098232981,5.3383098232981006,213.532392931924,-26.6915491164905,133.4577455824525,40.037323674735745,66.72887279122625,-106.766196465962,13.34577455824525,53.383098232981
173.5,106.76339751869094,160.14509627803642,80.07254813901821,26.690849379672734,-53.38169875934547,5.338169875934547,213.52679503738187,-26.690849379672734,133.45424689836366,40.036274069509105,66.72712344918183,-106.76339751869094,13.345424689836367,53.38169875934547
173.60000000000002,106.76216097978272,160.14324146967408,80.07162073483704,26.69054024494568,-53.38108048989136,5.338108048989136,213.52432195956544,-26.69054024494568,133.4527012247284,40.03581036741852,66.7263506123642,-106.76216097978272,13.34527012247284,53.38108048989136
173.70000000000002,106.76242059181718,160.14363088772575,80.07181544386287,26.690605147954294,-53.38121029590859,5.338121029590859,213.52484118363435,-26.690605147954294,133.45302573977148,40.03590772193144,66.72651286988574,-106.76242059181718,13.345302573977147,53.38121029590859
173.8,106.76410195381604,160.14615293072404,80.07307646536202,26.69102548845401,-53.38205097690802,5.338205097690802,213.52820390763208,-26.69102548845401,133.45512744227005,40.03653823268101,66.72756372113503,-106.76410195381604,13.345512744227005,53.38205097690802
173.9,106.76711305508559,160.15066958262838,80.07533479131419,26.691778263771397,-53.383556527542794,5.33835565275428,213.53422611017118,-26.691778263771397,133.45889131885698,40.037667395657095,66.72944565942849,-106.76711305508559,13.345889131885698,53.383556527542794
174.0,106.77131333043121,160.15696999564682,80.07848499782341,26.692828332607803,-53.385656665215606,5.338565666521561,213.54262666086242,-26.692828332607803,133.46414166303902,40.039242498911705,66.73207083151951,-106.77131333043121,13.346414166303902,53.385656665215606
174.10000000000002,106.776616494456,160.164924741684,80.082462370842,26.694154123614,-53.388308247228,5.3388308247228,213.553232988912,-26.694154123614,133.47077061807,40.041231185421,66.735385309035,-106.776616494456,13.347077061807,53.388308247228
174.20000000000002,106.7830110253548,160.1745165380322,80.0872582690161,26.6957527563387,-53.3915055126774,5.33915055126774,213.5660220507096,-26.6957527563387,133.4787637816935,40.04362913450805,66.73938189084674,-106.7830110253548,13.34787637816935,53.3915055126774
174.3,106.79055072918078,160.18582609377117,80.09291304688558,26.697637682295195,-53.39527536459039,5.339527536459039,213.58110145836156,-26.697637682295195,133.48818841147596,40.04645652344279,66.74409420573798,-106.79055072918078,13.348818841147597,53.39527536459039
174.4,106.79931496086155,160.1989724412923,80.09948622064616,26.699828740215388,-53.399657480430776,5.3399657480430776,213.5986299217231,-26.699828740215388,133.49914370107695,40.04974311032308,66.74957185053847,-106.79931496086155,13.349914370107694,53.399657480430776
174.5,106.80940694642875,160.21411041964313,80.10705520982157,26.702351736607188,-53.404703473214376,5.340470347321438,213.6188138928575,-26.702351736607188,133.51175868303594,40.053527604910784,66.75587934151797,-106.80940694642875,13.351175868303594,53.404703473214376
174.60000000000002,106.8209335902591,160.23140038538867,80.11570019269433,26.705233397564776,-53.41046679512955,5.341046679512956,213.6418671805182,-26.705233397564776,133.52616698782387,40.05785009634717,66.76308349391194,-106.8209335902591,13.352616698782388,53.41046679512955
174.70000000000002,106.83395551482388,160.25093327223584,80.12546663611792,26.70848887870597,-53.41697775741194,5.341697775741195,213.66791102964777,-26.70848887870597,133.54244439352985,40.06273331805896,66.77122219676492,-106.83395551482388,13.354244439352986,53.41697775741194
174.8,106.84843647688626,160.2726547153294,80.1363273576647,26.712109119221566,-53.42421823844313,5.3424218238443135,213.69687295377253,-26.712109119221566,133.56054559610783,40.06816367883235,66.78027279805391,-106.84843647688626,13.356054559610783,53.42421823844313
174.9,106.86431146459115,160.29646719688674,80.14823359844337,26.71607786614779,-53.43215573229558,5.343215573229558,213.7286229291823,-26.71607786614779,133.58038933073894,40.074116799221684,66.79019466536947,-106.86431146459115,13.358038933073894,53.43215573229558
175.0,106.88153448968318,160.32230173452476,80.16115086726238,26.720383622420794,-53.44076724484159,5.344076724484159,213.76306897936635,-26.720383622420794,133.60191811210396,40.08057543363119,66.80095905605198,-106.88153448968318,13.360191811210397,53.44076724484159
175.10000000000002,106.90006678239529,160.35010017359292,80.17505008679646,26.72501669559882,-53.45003339119764,5.345003339119764,213.80013356479057,-26.72501669559882,133.6250834779941,40.08752504339823,66.81254173899706,-106.90006678239529,13.36250834779941,53.45003339119764
175.20000000000002,106.919842296991,160.3797634454865,80.18988172274325,26.72996057424775,-53.4599211484955,5.345992114849551,213.839684593982,-26.72996057424775,133.64980287123876,40.094940861371626,66.82490143561938,-106.919842296991,13.364980287123876,53.4599211484955
175.3,106.94076960730797,160.41115441096196,80.20557720548098,26.735192401826993,-53.470384803653985,5.3470384803653985,213.88153921461594,-26.735192401826993,133.67596200913496,40.10278860274049,66.83798100456748,-106.94076960730797,13.367596200913496,53.470384803653985
175.4,106.96277546606706,160.4441631991006,80.2220815995503,26.740693866516764,-53.48138773303353,5.348138773303353,213.92555093213412,-26.740693866516764,133.70346933258384,40.11104079977515,66.85173466629192,-106.96277546606706,13.370346933258382,53.48138773303353
175.5,106.98584617751999,160.47876926627998,80.23938463313999,26.746461544379997,-53.492923088759994,5.349292308876,213.97169235503998,-26.746461544379997,133.73230772189999,40.119692316569996,66.86615386094999,-106.98584617751999,13.373230772189999,53.492923088759994
175.60000000000002,107.00996225455461,160.51494338183193,80.25747169091596,26.752490563638652,-53.504981127277304,5.350498112727731,214.01992450910922,-26.752490563638652,133.76245281819325,40.12873584545798,66.88122640909663,-107.00996225455461,13.376245281819326,53.504981127277304
175.70000000000002,107.03506250214646,160.5525937532197,80.27629687660985,26.758765625536615,-53.51753125107323,5.351753125107323,214.07012500429292,-26.758765625536615,133.79382812768307,40.138148438304924,66.89691406384154,-107.03506250214646,13.379382812768307,53.51753125107323
175.8,107.0610651452594,160.5915977178891,80.29579885894455,26.76526628631485,-53.5305325726297,5.353053257262971,214.1221302905188,-26.76526628631485,133.82633143157426,40.147899429472275,66.91316571578713,-107.0610651452594,13.382633143157426,53.5305325726297
175.9,107.08786986141997,160.63180479212997,80.31590239606498,26.771967465354994,-53.54393493070999,5.354393493070999,214.17573972283995,-26.771967465354994,133.85983732677497,40.15795119803249,66.92991866338748,-107.08786986141997,13.385983732677497,53.54393493070999
176.0,107.11540384720358,160.67310577080536,80.33655288540268,26.778850961800895,-53.55770192360179,5.355770192360179,214.23080769440716,-26.778850961800895,133.89425480900448,40.16827644270134,66.94712740450224,-107.11540384720358,13.389425480900448,53.55770192360179
176.10000000000002,107.14360339531592,160.71540509297387,80.35770254648693,26.78590084882898,-53.57180169765796,5.357180169765797,214.28720679063184,-26.78590084882898,133.9295042441449,40.17885127324347,66.96475212207245,-107.14360339531592,13.39295042441449,53.57180169765796
176.20000000000002,107.17240352193704,160.75860528290556,80.37930264145278,26.79310088048426,-53.58620176096852,5.358620176096853,214.34480704387408,-26.79310088048426,133.9655044024213,40.18965132072639,66.98275220121064,-107.17240352193704,13.39655044024213,53.58620176096852
176.3,107.20173335366,160.80260003049,80.401300015245,26.800433338415,-53.60086667683,5.360086667683,214.40346670732,-26.800433338415,134.002166692075,40.2006500076225,67.0010833460375,-107.20173335366,13.4002166692075,53.60086667683
176.4,107.23150070349857,160.84725105524785,80.42362552762393,26.807875175874642,-53.615750351749284,5.361575035174929,214.46300140699714,-26.807875175874642,134.0393758793732,40.21181276381196,67.0196879396866,-107.23150070349857,13.403937587937321,53.615750351749284
176.5,107.26158302168017,160.89237453252025,80.44618726626013,26.81539575542004,-53.63079151084008,5.363079151084008,214.52316604336033,-26.81539575542004,134.0769787771002,40.22309363313006,67.0384893885501,-107.26158302168017,13.40769787771002,53.63079151084008
176.60000000000002,107.29197195841286,160.93795793761927,80.46897896880964,26.822992989603215,-53.64598597920643,5.364598597920644,214.58394391682572,-26.822992989603215,134.11496494801608,40.23448948440482,67.05748247400804,-107.29197195841286,13.411496494801607,53.64598597920643
176.70000000000002,107.32268458713651,160.98402688070476,80.49201344035238,26.830671146784127,-53.661342293568254,5.366134229356826,214.64536917427301,-26.830671146784127,134.15335573392065,40.24600672017619,67.07667786696032,-107.32268458713651,13.415335573392063,53.661342293568254
176.8,107.35367986158786,161.0305197923818,80.5152598961909,26.838419965396966,-53.67683993079393,5.367683993079393,214.70735972317573,-26.838419965396966,134.19209982698482,40.25762994809545,67.09604991349241,-107.35367986158786,13.419209982698483,53.67683993079393
176.9,107.38489867839337,161.07734801759005,80.53867400879503,26.846224669598342,-53.692449339196685,5.369244933919669,214.76979735678674,-26.846224669598342,134.2311233479917,40.269337004397514,67.11556167399586,-107.38489867839337,13.423112334799171,53.692449339196685
177.0,107.41628777491849,161.12443166237773,80.56221583118887,26.854071943729622,-53.708143887459244,5.3708143887459245,214.83257554983697,-26.854071943729622,134.2703597186481,40.28110791559443,67.13517985932405,-107.41628777491849,13.427035971864811,53.708143887459244
177.10000000000002,107.44778740067262,161.17168110100894,80.58584055050447,26.861946850168156,-53.72389370033631,5.372389370033631,214.89557480134525,-26.861946850168156,134.3097342508408,40.292920275252236,67.1548671254204,-107.44778740067262,13.430973425084078,53.72389370033631
177.20000000000002,107.47933314851618,161.21899972277427,80.60949986138714,26.869833287129044,-53.73966657425809,5.373966657425809,214.95866629703235,-26.869833287129044,134.34916643564523,40.30474993069357,67.17458321782262,-107.47933314851618,13.434916643564522,53.73966657425809
177.3,107.51091879256684,161.26637818885027,80.63318909442513,26.87772969814171,-53.75545939628342,5.375545939628342,215.02183758513368,-26.87772969814171,134.38864849070856,40.31659454721257,67.19432424535428,-107.51091879256684,13.438864849070855,53.75545939628342
177.4,107.54262694298262,161.31394041447393,80.65697020723697,26.885656735745656,-53.77131347149131,5.377131347149131,215.08525388596524,-26.885656735745656,134.4282836787283,40.32848510361848,67.21414183936415,-107.54262694298262,13.442828367872828,53.77131347149131
177.5,107.57453066011246,161.36179599016867,80.68089799508434,26.893632665028115,-53.78726533005623,5.378726533005623,215.14906132022492,-26.893632665028115,134.46816332514058,40.34044899754217,67.23408166257029,-107.57453066011246,13.446816332514057,53.78726533005623
177.60000000000002,107.60665688770413,161.4099853315562,80.7049926657781,26.901664221926033,-53.80332844385207,5.380332844385207,215.21331377540827,-26.901664221926033,134.50832110963017,40.35249633288905,67.25416055481509,-107.60665688770413,13.450832110963017,53.80332844385207
177.70000000000002,107.63902185085868,161.45853277628802,80.72926638814401,26.90975546271467,-53.81951092542934,5.381951092542934,215.27804370171737,-26.90975546271467,134.54877731357334,40.364633194072006,67.27438865678667,-107.63902185085868,13.454877731357335,53.81951092542934
177.8,107.67158658327472,161.5073798749121,80.75368993745604,26.91789664581868,-53.83579329163736,5.383579329163736,215.34317316654943,-26.91789664581868,134.5894832290934,40.37684496872802,67.2947416145467,-107.67158658327472,13.45894832290934,53.83579329163736
177.9,107.70422848584977,161.55634272877467,80.77817136438733,26.926057121462442,-53.852114242924884,5.385211424292489,215.40845697169954,-26.926057121462442,134.6302856073122,40.38908568219367,67.3151428036561,-107.70422848584977,13.463028560731221,53.852114242924884
178.0,107.7367652809648,161.6051479214472,80.8025739607236,26.9341913202412,-53.8683826404824,5.38683826404824,215.4735305619296,-26.9341913202412,134.670956601206,40.4012869803618,67.335478300603,-107.7367652809648,13.4670956601206,53.8683826404824
178.10000000000002,107.76905512148119,161.65358268222178,80.82679134111089,26.942263780370297,-53.884527560740594,5.388452756074059,215.53811024296238,-26.942263780370297,134.71131890185148,40.413395670555445,67.35565945092574,-107.76905512148119,13.471131890185148,53.884527560740594
178.20000000000002,107.80105555289104,161.70158332933656,80.85079166466828,26.95026388822276,-53.90052777644552,5.390052777644552,215.6021111057821,-26.95026388822276,134.7513194411138,40.42539583233414,67.3756597205569,-107.80105555289104,13.47513194411138,53.90052777644552
178.3,107.83276287374284,161.74914431061427,80.87457215530713,26.95819071843571,-53.91638143687142,5.391638143687143,215.66552574748567,-26.95819071843571,134.79095359217854,40.43728607765357,67.39547679608927,-107.83276287374284,13.479095359217855,53.91638143687142
178.4,107.86417336183217,161.79626004274826,80.89813002137413,26.966043340458043,-53.932086680916086,5.393208668091609,215.72834672366434,-26.966043340458043,134.83021670229022,40.449065010687065,67.41510835114511,-107.86417336183217,13.483021670229022,53.932086680916086
178.5,107.89527458110425,161.84291187165638,80.92145593582819,26.97381864527606,-53.94763729055212,5.394763729055213,215.7905491622085,-26.97381864527606,134.8690932263803,40.460727967914096,67.43454661319015,-107.89527458110425,13.48690932263803,53.94763729055212
178.60000000000002,107.92602302373903,161.88903453560854,80.94451726780427,26.98150575593476,-53.96301151186952,5.396301151186952,215.85204604747807,-26.98150575593476,134.90752877967378,40.472258633902136,67.45376438983689,-107.92602302373903,13.49075287796738,53.96301151186952
178.70000000000002,107.95640393195589,161.93460589793384,80.96730294896692,26.989100982988973,-53.978201965977945,5.397820196597795,215.91280786391178,-26.989100982988973,134.94550491494488,40.48365147448346,67.47275245747244,-107.95640393195589,13.494550491494486,53.978201965977945
178.8,107.9863826966456,161.97957404496842,80.98978702248421,26.9965956741614,-53.9931913483228,5.399319134832281,215.9727653932912,-26.9965956741614,134.98297837080702,40.494893511242104,67.49148918540351,-107.9863826966456,13.4982978370807,53.9931913483228
178.9,108.01594190058402,162.02391285087603,81.01195642543802,27.003985475146006,-54.00797095029201,5.400797095029201,216.03188380116805,-27.003985475146006,135.01992737573002,40.50597821271901,67.50996368786501,-108.01594190058402,13.501992737573003,54.00797095029201
179.0,108.04508569967503,162.06762854951253,81.03381427475627,27.011271424918757,-54.022542849837514,5.402254284983751,216.09017139935006,-27.011271424918757,135.05635712459377,40.51690713737813,67.52817856229689,-108.04508569967503,13.505635712459378,54.022542849837514
179.10000000000002,108.07378086409096,162.11067129613645,81.05533564806822,27.01844521602274,-54.03689043204548,5.403689043204548,216.14756172818193,-27.01844521602274,135.0922260801137,40.52766782403411,67.54611304005685,-108.07378086409096,13.50922260801137,54.03689043204548
179.20000000000002,108.10193671684767,162.15290507527152,81.07645253763576,27.02548417921192,-54.05096835842384,5.405096835842384,216.20387343369535,-27.02548417921192,135.1274208960596,40.53822626881788,67.5637104480298,-108.10193671684767,13.51274208960596,54.05096835842384
179.3,108.12945150154951,162.19417725232427,81.09708862616213,27.032362875387378,-54.064725750774755,5.406472575077476,216.25890300309902,-27.032362875387378,135.1618143769369,40.54854431308107,67.58090718846844,-108.12945150154951,13.516181437693689,54.064725750774755
179.4,108.15624348939697,162.23436523409546,81.11718261704773,27.039060872349243,-54.078121744698485,5.407812174469849,216.31248697879394,-27.039060872349243,135.19530436174622,40.558591308523866,67.59765218087311,-108.15624348939697,13.519530436174621,54.078121744698485
179.5,108.18224887199919,162.27337330799878,81.13668665399939,27.045562217999798,-54.091124435999596,5.40911244359996,216.36449774399838,-27.045562217999798,135.227811089999,40.568343326999695,67.6139055449995,-108.18224887199919,13.522781108999899,54.091124435999596
179.60000000000002,108.20746026374118,162.3111903956118,81.1555951978059,27.051865065935296,-54.10373013187059,5.410373013187059,216.41492052748237,-27.051865065935296,135.25932532967647,40.57779759890295,67.62966266483824,-108.20746026374118,13.525932532967648,54.10373013187059
179.70000000000002,108.2318772601609,162.34781589024135,81.17390794512067,27.057969315040225,-54.11593863008045,5.411593863008045,216.4637545203218,-27.057969315040225,135.28984657520112,40.58695397256034,67.64492328760056,-108.2318772601609,13.528984657520112,54.11593863008045
179.8,108.25546924326,162.38320386489,81.191601932445,27.063867310815,-54.12773462163,5.412773462163,216.51093848652,-27.063867310815,135.319336554075,40.5958009662225,67.6596682770375,-108.25546924326,13.5319336554075,54.12773462163
179.9,108.27819069020035,162.41728603530052,81.20864301765026,27.069547672550087,-54.13909534510017,5.413909534510018,216.5563813804007,-27.069547672550087,135.34773836275042,40.60432150882513,67.67386918137521,-108.27819069020035,13.534773836275043,54.13909534510017
180.0,108.2999315845463,162.44989737681945,81.22494868840973,27.074982896136575,-54.14996579227315,5.414996579227315,216.5998631690926,-27.074982896136575,135.3749144806829,40.61247434420486,67.68745724034144,-108.2999315845463,13.537491448068288,54.14996579227315
180.10000000000002,108.32050906966214,162.4807636044932,81.2403818022466,27.080127267415534,-54.16025453483107,5.416025453483107,216.64101813932427,-27.080127267415534,135.40063633707769,40.6201909011233,67.70031816853884,-108.32050906966214,13.540063633707767,54.16025453483107
180.20000000000002,108.33972028923182,162.50958043384773,81.25479021692387,27.084930072307955,-54.16986014461591,5.416986014461592,216.67944057846364,-27.084930072307955,135.42465036153976,40.62739510846193,67.71232518076988,-108.33972028923182,13.542465036153978,54.16986014461591
180.3,108.35739106783612,162.53608660175416,81.26804330087708,27.08934776695903,-54.17869553391806,5.417869553391807,216.71478213567224,-27.08934776695903,135.44673883479516,40.63402165043854,67.72336941739758,-108.35739106783612,13.544673883479515,54.17869553391806
180.4,108.37339853535045,162.56009780302566,81.28004890151283,27.09334963383761,-54.18669926767522,5.418669926767523,216.7467970707009,-27.09334963383761,135.46674816918807,40.640024450756414,67.73337408459403,-108.37339853535045,13.546674816918806,54.18669926767522
180.5,108.38767591345297,162.58151387017944,81.29075693508972,27.09691897836324,-54.19383795672648,5.4193837956726485,216.77535182690593,-27.09691897836324,135.48459489181622,40.64537846754486,67.74229744590811,-108.38767591345297,13.54845948918162,54.19383795672648
180.60000000000002,108.40016848439808,162.60025272659712,81.30012636329856,27.10004212109952,-54.20008424219904,5.420008424219905,216.80033696879616,-27.10004212109952,135.5002106054976,40.65006318164928,67.7501053027488,-108.40016848439808,13.55002106054976,54.20008424219904
180.70000000000002,108.4108344517999,162.61625167769984,81.30812583884992,27.102708612949975,-54.20541722589995,5.420541722589995,216.8216689035998,-27.102708612949975,135.51354306474988,40.65406291942496,67.75677153237494,-108.4108344517999,13.551354306474988,54.20541722589995
180.8,108.41962832432972,162.62944248649458,81.31472124324729,27.10490708108243,-54.20981416216486,5.420981416216486,216.83925664865944,-27.10490708108243,135.52453540541217,40.657360621623646,67.76226770270608,-108.41962832432972,13.552453540541215,54.20981416216486
180.9,108.4264764426822,162.6397146640233,81.31985733201165,27.10661911067055,-54.2132382213411,5.42132382213411,216.8529528853644,-27.10661911067055,135.53309555335275,40.659928666005825,67.76654777667638,-108.4264764426822,13.553309555335275,54.2132382213411
181.0,108.43130759236787,162.6469613885518,81.3234806942759,27.107826898091968,-54.215653796183936,5.421565379618394,216.86261518473574,-27.107826898091968,135.53913449045984,40.66174034713795,67.76956724522992,-108.43130759236787,13.553913449045984,54.215653796183936
181.10000000000002,108.43407109917409,162.65110664876113,81.32555332438056,27.108517774793523,-54.217035549587045,5.421703554958705,216.86814219834818,-27.108517774793523,135.54258887396762,40.66277666219028,67.77129443698381,-108.43407109917409,13.554258887396761,54.217035549587045
181.20000000000002,108.43476501760905,162.6521475264136,81.3260737632068,27.108691254402263,-54.217382508804526,5.421738250880453,216.8695300352181,-27.108691254402263,135.54345627201133,40.6630368816034,67.77172813600566,-108.43476501760905,13.554345627201132,54.217382508804526
181.3,108.43335694639076,162.65003541958615,81.32501770979307,27.10833923659769,-54.21667847319538,5.421667847319538,216.86671389278152,-27.10833923659769,135.54169618298846,40.66250885489654,67.77084809149423,-108.43335694639076,13.554169618298845,54.21667847319538
181.4,108.4297764405323,162.64466466079844,81.32233233039922,27.107444110133073,-54.21488822026615,5.421488822026615,216.8595528810646,-27.107444110133073,135.53722055066538,40.66116616519961,67.76861027533269,-108.4297764405323,13.553722055066537,54.21488822026615
181.5,108.4239978952391,162.63599684285865,81.31799842142932,27.105999473809774,-54.21199894761955,5.421199894761955,216.8479957904782,-27.105999473809774,135.52999736904889,40.65899921071466,67.76499868452444,-108.4239978952391,13.552999736904887,54.21199894761955
181.60000000000002,108.41599468454241,162.62399202681362,81.31199601340681,27.103998671135603,-54.207997342271206,5.420799734227121,216.83198936908482,-27.103998671135603,135.51999335567803,40.655998006703406,67.75999667783901,-108.41599468454241,13.551999335567801,54.207997342271206
181.70000000000002,108.40571769225357,162.60857653838036,81.30428826919018,27.101429423063394,-54.20285884612679,5.420285884612679,216.81143538450715,-27.101429423063394,135.50714711531697,40.65214413459509,67.75357355765848,-108.40571769225357,13.550714711531697,54.20285884612679
181.8,108.3931256178594,162.5896884267891,81.29484421339455,27.09828140446485,-54.1965628089297,5.41965628089297,216.7862512357188,-27.09828140446485,135.49140702232424,40.64742210669728,67.74570351116212,-108.3931256178594,13.549140702232425,54.1965628089297
181.9,108.37820919317383,162.56731378976076,81.28365689488038,27.094552298293458,-54.189104596586915,5.418910459658692,216.75641838634766,-27.094552298293458,135.47276149146728,40.64182844744019,67.73638074573364,-108.37820919317383,13.547276149146729,54.189104596586915
182.0,108.36098562367323,162.54147843550984,81.27073921775492,27.090246405918307,-54.180492811836615,5.418049281183662,216.72197124734646,-27.090246405918307,135.45123202959155,40.63536960887746,67.72561601479578,-108.36098562367323,13.545123202959154,54.180492811836615
182.10000000000002,108.34143652177536,162.51215478266306,81.25607739133153,27.08535913044384,-54.17071826088768,5.417071826088769,216.68287304355073,-27.08535913044384,135.4267956522192,40.628038695665765,67.7133978261096,-108.34143652177536,13.54267956522192,54.17071826088768
182.20000000000002,108.3194713540544,162.47920703108161,81.23960351554081,27.0798678385136,-54.1597356770272,5.4159735677027205,216.6389427081088,-27.0798678385136,135.399339192568,40.619801757770404,67.699669596284,-108.3194713540544,13.5399339192568,54.1597356770272
182.3,108.29501372819911,162.44252059229865,81.22126029614932,27.073753432049777,-54.147506864099554,5.414750686409956,216.59002745639822,-27.073753432049777,135.3687671602489,40.61063014807466,67.68438358012445,-108.29501372819911,13.536876716024889,54.147506864099554
182.4,108.26804159287293,162.4020623893094,81.2010311946547,27.067010398218233,-54.13402079643647,5.413402079643647,216.53608318574587,-27.067010398218233,135.33505199109118,40.60051559732735,67.66752599554559,-108.26804159287293,13.533505199109117,54.13402079643647
182.5,108.23857774406159,162.3578666160924,81.1789333080462,27.059644436015397,-54.11928887203079,5.4119288872030795,216.47715548812317,-27.059644436015397,135.29822218007698,40.5894666540231,67.64911109003849,-108.23857774406159,13.529822218007698,54.11928887203079
182.60000000000002,108.20667183728784,162.31000775593176,81.15500387796588,27.05166795932196,-54.10333591864392,5.410333591864393,216.41334367457569,-27.05166795932196,135.2583397966098,40.57750193898294,67.6291698983049,-108.20667183728784,13.52583397966098,54.10333591864392
182.70000000000002,108.1723377306966,162.2585065960449,81.12925329802245,27.04308443267415,-54.0861688653483,5.40861688653483,216.3446754613932,-27.04308443267415,135.21542216337076,40.564626649011224,67.60771108168538,-108.1723377306966,13.521542216337075,54.0861688653483
182.8,108.13553010407533,162.203295156113,81.1016475780565,27.033882526018832,-54.067765052037664,5.406776505203767,216.27106020815066,-27.033882526018832,135.16941263009417,40.55082378902825,67.58470631504709,-108.13553010407533,13.516941263009416,54.067765052037664
182.9,108.09619747244784,162.14429620867176,81.07214810433588,27.02404936811196,-54.04809873622392,5.404809873622392,216.19239494489568,-27.02404936811196,135.1202468405598,40.53607405216794,67.5601234202799,-108.09619747244784,13.51202468405598,54.04809873622392
183.0,108.05433613821825,162.08150420732738,81.04075210366369,27.01358403455456,-54.02716806910912,5.402716806910913,216.1086722764365,-27.01358403455456,135.0679201727728,40.520376051831846,67.5339600863864,-108.05433613821825,13.50679201727728,54.02716806910912
183.10000000000002,108.01002653559839,162.01503980339757,81.00751990169879,27.002506633899596,-54.00501326779919,5.40050132677992,216.02005307119677,-27.002506633899596,135.01253316949797,40.50375995084939,67.50626658474899,-108.01002653559839,13.501253316949798,54.00501326779919
183.20000000000002,107.96337649678173,161.9450647451726,80.9725323725863,26.990844124195434,-53.98168824839087,5.398168824839087,215.92675299356347,-26.990844124195434,134.95422062097717,40.48626618629315,67.47711031048858,-107.96337649678173,13.495422062097717,53.98168824839087
183.3,107.91455510810869,161.87183266216303,80.93591633108151,26.97863877702717,-53.95727755405434,5.395727755405435,215.82911021621737,-26.97863877702717,134.89319388513587,40.46795816554076,67.44659694256794,-107.91455510810869,13.489319388513586,53.95727755405434
183.4,107.86381593338925,161.79572390008389,80.89786195004194,26.965953983347312,-53.931907966694624,5.3931907966694626,215.7276318667785,-26.965953983347312,134.82976991673655,40.44893097502097,67.41488495836828,-107.86381593338925,13.482976991673656,53.931907966694624
183.5,107.8114378399896,161.7171567599844,80.8585783799922,26.9528594599974,-53.9057189199948,5.39057189199948,215.6228756799792,-26.9528594599974,134.764297299987,40.4292891899961,67.3821486499935,-107.8114378399896,13.4764297299987,53.9057189199948
183.60000000000002,107.75774485518477,161.63661728277714,80.81830864138857,26.939436213796192,-53.878872427592384,5.387887242759239,215.51548971036954,-26.939436213796192,134.69718106898097,40.409154320694284,67.34859053449048,-107.75774485518477,13.469718106898096,53.878872427592384
183.70000000000002,107.70309058322763,161.55463587484144,80.77731793742072,26.92577264580691,-53.85154529161382,5.385154529161382,215.40618116645527,-26.92577264580691,134.62886322903455,40.38865896871036,67.31443161451728,-107.70309058322763,13.462886322903454,53.85154529161382
183.8,107.64780970214233,161.47171455321347,80.73585727660674,26.91195242553558,-53.82390485107116,5.382390485107116,215.29561940428465,-26.91195242553558,134.5597621276779,40.36792863830337,67.27988106383896,-107.64780970214233,13.45597621276779,53.82390485107116
183.9,107.59225249486322,161.38837874229483,80.69418937114742,26.898063123715804,-53.79612624743161,5.379612624743161,215.18450498972643,-26.898063123715804,134.49031561857902,40.34709468557371,67.24515780928951,-107.59225249486322,13.449031561857902,53.79612624743161
184.0,107.53674610807055,161.30511916210583,80.65255958105291,26.884186527017636,-53.76837305403527,5.3768373054035274,215.0734922161411,-26.884186527017636,134.42093263508818,40.326279790526456,67.21046631754409,-107.53674610807055,13.442093263508818,53.76837305403527
184.10000000000002,107.48161392558022,161.22242088837032,80.61121044418516,26.870403481395055,-53.74080696279011,5.3740806962790115,214.96322785116044,-26.870403481395055,134.35201740697528,40.30560522209258,67.17600870348764,-107.48161392558022,13.435201740697527,53.74080696279011
184.20000000000002,107.42710651853227,161.14065977779842,80.57032988889921,26.856776629633067,-53.713553259266135,5.371355325926614,214.85421303706454,-26.856776629633067,134.28388314816533,40.285164944449605,67.14194157408267,-107.42710651853227,13.428388314816534,53.713553259266135
184.3,107.37338541347341,161.0600781202101,80.53003906010505,26.843346353368354,-53.68669270673671,5.368669270673671,214.74677082694683,-26.843346353368354,134.21673176684178,40.26501953005253,67.10836588342089,-107.37338541347341,13.421673176684177,53.68669270673671
184.4,107.32052988509584,160.98079482764376,80.49039741382188,26.83013247127396,-53.66026494254792,5.366026494254792,214.64105977019167,-26.83013247127396,134.1506623563698,40.24519870691094,67.0753311781849,-107.32052988509584,13.41506623563698,53.66026494254792
184.5,107.26858069258513,160.9028710388777,80.45143551943885,26.817145173146283,-53.634290346292566,5.363429034629257,214.53716138517026,-26.817145173146283,134.0857258657314,40.22571775971942,67.0428629328657,-107.26858069258513,13.408572586573142,53.634290346292566
184.60000000000002,107.21762249317035,160.82643373975554,80.41321686987777,26.80440562329259,-53.60881124658518,5.360881124658518,214.4352449863407,-26.80440562329259,134.02202811646293,40.206608434938886,67.01101405823147,-107.21762249317035,13.402202811646294,53.60881124658518
184.70000000000002,107.1677382556014,160.7516073834021,80.37580369170105,26.79193456390035,-53.5838691278007,5.3583869127800705,214.3354765112028,-26.79193456390035,133.95967281950175,40.187901845850526,66.97983640975087,-107.1677382556014,13.395967281950176,53.5838691278007
184.8,107.11891137728253,160.6783670659238,80.3391835329619,26.779727844320632,-53.559455688641265,5.355945568864127,214.23782275456506,-26.779727844320632,133.89863922160316,40.16959176648095,66.94931961080158,-107.11891137728253,13.389863922160316,53.559455688641265
184.9,107.07110746980148,160.60666120470222,80.30333060235111,26.76777686745037,-53.53555373490074,5.3535553734900745,214.14221493960295,-26.76777686745037,133.83888433725184,40.151665301175555,66.91944216862592,-107.07110746980148,13.383888433725184,53.53555373490074
185.0,107.02431485249161,160.53647227873742,80.26823613936871,26.756078713122903,-53.51215742624581,5.351215742624581,214.04862970498323,-26.756078713122903,133.78039356561453,40.134118069684355,66.89019678280727,-107.02431485249161,13.378039356561452,53.51215742624581
185.10000000000002,106.97851914003124,160.46777871004684,80.23388935502342,26.74462978500781,-53.48925957001562,5.348925957001562,213.95703828006248,-26.74462978500781,133.72314892503906,40.11694467751171,66.86157446251953,-106.97851914003124,13.372314892503905,53.48925957001562
185.20000000000002,106.93380123945992,160.4007018591899,80.20035092959495,26.73345030986498,-53.46690061972996,5.346690061972996,213.86760247891985,-26.73345030986498,133.6672515493249,40.10017546479747,66.83362577466245,-106.93380123945992,13.36672515493249,53.46690061972996
185.3,106.89024720398862,160.33537080598293,80.16768540299147,26.722561800997156,-53.44512360199431,5.344512360199431,213.78049440797724,-26.722561800997156,133.61280900498576,40.08384270149573,66.80640450249288,-106.89024720398862,13.361280900498578,53.44512360199431
185.4,106.84790199034245,160.27185298551368,80.13592649275684,26.711975497585613,-53.423950995171225,5.342395099517123,213.6958039806849,-26.711975497585613,133.55987748792808,40.06796324637842,66.77993874396404,-106.84790199034245,13.355987748792806,53.423950995171225
185.5,106.80681944329496,160.21022916494243,80.10511458247122,26.70170486082374,-53.40340972164748,5.340340972164748,213.6136388865899,-26.70170486082374,133.50852430411868,40.05255729123561,66.75426215205934,-106.80681944329496,13.35085243041187,53.40340972164748
185.60000000000002,106.76705470938944,160.15058206408418,80.07529103204209,26.69176367734736,-53.38352735469472,5.338352735469472,213.53410941877888,-26.69176367734736,133.4588183867368,40.037645516021044,66.7294091933684,-106.76705470938944,13.34588183867368,53.38352735469472
185.70000000000002,106.72871794384362,160.09307691576544,80.04653845788272,26.682179485960905,-53.36435897192181,5.336435897192182,213.45743588768724,-26.682179485960905,133.41089742980452,40.02326922894136,66.70544871490226,-106.72871794384362,13.341089742980452,53.36435897192181
185.8,106.6919116215089,160.03786743226334,80.01893371613167,26.672977905377223,-53.34595581075445,5.334595581075445,213.3838232430178,-26.672977905377223,133.36488952688612,40.009466858065835,66.68244476344306,-106.6919116215089,13.336488952688612,53.34595581075445
185.9,106.65673683548644,159.98510525322968,79.99255262661484,26.66418420887161,-53.32836841774322,5.332836841774323,213.31347367097288,-26.66418420887161,133.32092104435804,39.99627631330742,66.66046052217902,-106.65673683548644,13.332092104435805,53.32836841774322
186.0,106.6233005433921,159.93495081508814,79.96747540754407,26.655825135848026,-53.31165027169605,5.331165027169606,213.2466010867842,-26.655825135848026,133.27912567924014,39.983737703772036,66.63956283962007,-106.6233005433921,13.327912567924013,53.31165027169605
186.10000000000002,106.59165968984026,159.8874895347604,79.9437447673802,26.647914922460064,-53.29582984492013,5.3295829844920135,213.1833193796805,-26.647914922460064,133.23957461230032,39.9718723836901,66.61978730615016,-106.59165968984026,13.323957461230032,53.29582984492013
186.20000000000002,106.56178164932948,159.8426724739942,79.9213362369971,26.64044541233237,-53.28089082466474,5.328089082466474,213.12356329865895,-26.64044541233237,133.20222706166186,39.96066811849855,66.60111353083093,-106.56178164932948,13.320222706166184,53.28089082466474
186.3,106.53356881995313,159.8003532299297,79.90017661496485,26.633392204988283,-53.266784409976566,5.326678440997657,213.06713763990626,-26.633392204988283,133.16696102494143,39.950088307482424,66.58348051247071,-106.53356881995313,13.316696102494141,53.266784409976566
186.4,106.50690636760221,159.76035955140333,79.88017977570166,26.626726591900553,-53.253453183801106,5.325345318380111,213.01381273520443,-26.626726591900553,133.13363295950276,39.94008988785083,66.56681647975138,-106.50690636760221,13.313363295950277,53.253453183801106
186.5,106.48171065725624,159.72256598588436,79.86128299294218,26.62042766431406,-53.24085532862812,5.324085532862813,212.9634213145125,-26.62042766431406,133.1021383215703,39.93064149647109,66.55106916078515,-106.48171065725624,13.31021383215703,53.24085532862812
186.60000000000002,106.45791947796873,159.6868792169531,79.84343960847654,26.614479869492182,-53.228959738984365,5.3228959738984365,212.91583895593746,-26.614479869492182,133.0723993474609,39.92171980423827,66.53619967373045,-106.45791947796873,13.307239934746091,53.228959738984365
186.70000000000002,106.43551887827331,159.65327831740996,79.82663915870498,26.60887971956833,-53.21775943913666,5.321775943913666,212.87103775654663,-26.60887971956833,133.04439859784165,39.91331957935249,66.52219929892082,-106.43551887827331,13.304439859784164,53.21775943913666
186.8,106.41450299201801,159.62175448802702,79.81087724401351,26.603625748004504,-53.20725149600901,5.320725149600901,212.82900598403603,-26.603625748004504,133.01812874002252,39.905438622006756,66.50906437001126,-106.41450299201801,13.301812874002252,53.20725149600901
186.9,106.39482102061115,159.5922315309167,79.79611576545835,26.598705255152787,-53.19741051030557,5.319741051030558,212.7896420412223,-26.598705255152787,132.99352627576394,39.89805788272918,66.49676313788197,-106.39482102061115,13.299352627576393,53.19741051030557
187.0,106.37642568432818,159.56463852649227,79.78231926324614,26.594106421082046,-53.18821284216409,5.318821284216409,212.75285136865637,-26.594106421082046,132.97053210541023,39.89115963162307,66.48526605270511,-106.37642568432818,13.297053210541023,53.18821284216409
187.10000000000002,106.35926013671104,159.53889020506656,79.76944510253328,26.58981503417776,-53.17963006835552,5.317963006835552,212.7185202734221,-26.58981503417776,132.94907517088882,39.88472255126664,66.47453758544441,-106.35926013671104,13.29490751708888,53.17963006835552
187.20000000000002,106.34327846496515,159.51491769744774,79.75745884872387,26.585819616241288,-53.171639232482576,5.317163923248258,212.6865569299303,-26.585819616241288,132.92909808120643,39.878729424361936,66.46454904060322,-106.34327846496515,13.292909808120644,53.171639232482576
187.3,106.32844051966455,159.49266077949682,79.74633038974841,26.58211012991614,-53.16422025983228,5.316422025983228,212.6568810393291,-26.58211012991614,132.9105506495807,39.873165194874204,66.45527532479035,-106.32844051966455,13.29105506495807,53.16422025983228
187.4,106.3147557074448,159.4721335611672,79.7360667805836,26.5786889268612,-53.1573778537224,5.3157377853722405,212.6295114148896,-26.5786889268612,132.893444634306,39.8680333902918,66.446722317153,-106.3147557074448,13.2893444634306,53.1573778537224
187.5,106.30228871346728,159.4534330702009,79.72671653510045,26.57557217836682,-53.15114435673364,5.315114435673364,212.60457742693455,-26.57557217836682,132.8778608918341,39.863358267550225,66.43893044591705,-106.30228871346728,13.28778608918341,53.15114435673364
187.60000000000002,106.2911523808469,159.43672857127035,79.71836428563518,26.572788095211724,-53.14557619042345,5.314557619042345,212.5823047616938,-26.572788095211724,132.86394047605862,39.85918214281759,66.43197023802931,-106.2911523808469,13.286394047605862,53.14557619042345
187.70000000000002,106.28145720420241,159.42218580630362,79.71109290315181,26.570364301050603,-53.140728602101206,5.314072860210121,212.56291440840482,-26.570364301050603,132.851821505253,39.855546451575904,66.4259107526265,-106.28145720420241,13.285182150525301,53.140728602101206
187.8,106.2733069586759,159.40996043801385,79.70498021900693,26.568326739668976,-53.13665347933795,5.313665347933796,212.5466139173518,-26.568326739668976,132.84163369834488,39.852490109503464,66.42081684917244,-106.2733069586759,13.284163369834488,53.13665347933795
187.9,106.26678531744476,159.40017797616713,79.70008898808356,26.56669632936119,-53.13339265872238,5.313339265872238,212.53357063488951,-26.56669632936119,132.83348164680595,39.85004449404178,66.41674082340298,-106.26678531744476,13.283348164680595,53.13339265872238
188.0,106.26196443204546,159.39294664806818,79.69647332403409,26.565491108011365,-53.13098221602273,5.3130982216022735,212.52392886409092,-26.565491108011365,132.82745554005683,39.848236662017044,66.41372777002842,-106.26196443204546,13.282745554005682,53.13098221602273
188.10000000000002,106.25890429055107,159.3883564358266,79.6941782179133,26.564726072637768,-53.129452145275536,5.312945214527554,212.51780858110214,-26.564726072637768,132.82363036318884,39.84708910895665,66.41181518159442,-106.25890429055107,13.282363036318884,53.129452145275536
188.20000000000002,106.25759585423566,159.3863937813535,79.69319689067675,26.564398963558915,-53.12879792711783,5.312879792711783,212.51519170847132,-26.564398963558915,132.82199481779458,39.84659844533837,66.41099740889729,-106.25759585423566,13.282199481779458,53.12879792711783
188.3,106.25794059696071,159.38691089544108,79.69345544772054,26.564485149240177,-53.128970298480354,5.312897029848036,212.51588119392142,-26.564485149240177,132.82242574620088,39.84672772386027,66.41121287310044,-106.25794059696071,13.282242574620089,53.128970298480354
188.4,106.2598182036075,159.38972730541124,79.69486365270562,26.564954550901874,-53.12990910180375,5.312990910180375,212.519636407215,-26.564954550901874,132.82477275450935,39.84743182635281,66.41238637725468,-106.2598182036075,13.282477275450937,53.12990910180375
188.5,106.26309806739053,159.3946471010858,79.6973235505429,26.565774516847632,-53.131549033695265,5.313154903369527,212.52619613478106,-26.565774516847632,132.82887258423816,39.84866177527145,66.41443629211908,-106.26309806739053,13.282887258423816,53.131549033695265
188.60000000000002,106.26763455057107,159.4014518258566,79.7007259129283,26.56690863764277,-53.13381727528554,5.313381727528554,212.53526910114215,-26.56690863764277,132.83454318821384,39.85036295646415,66.41727159410692,-106.26763455057107,13.283454318821384,53.13381727528554
188.70000000000002,106.27326215628551,159.40989323442827,79.70494661721413,26.568315539071378,-53.136631078142756,5.313663107814276,212.54652431257102,-26.568315539071378,132.84157769535688,39.85247330860707,66.42078884767844,-106.27326215628551,13.284157769535689,53.136631078142756
188.8,106.27979337221748,159.41969005832624,79.70984502916312,26.56994834305437,-53.13989668610874,5.3139896686108745,212.55958674443497,-26.56994834305437,132.84974171527185,39.85492251458156,66.42487085763592,-106.27979337221748,13.284974171527185,53.13989668610874
188.9,106.28695410395756,159.43043115593633,79.71521557796817,26.57173852598939,-53.14347705197878,5.3143477051978785,212.5739082079151,-26.57173852598939,132.85869262994694,39.85760778898408,66.42934631497347,-106.28695410395756,13.285869262994694,53.14347705197878
189.0,106.29441941607136,159.44162912410704,79.72081456205352,26.57360485401784,-53.14720970803568,5.3147209708035685,212.58883883214273,-26.57360485401784,132.8680242700892,39.86040728102676,66.4340121350446,-106.29441941607136,13.28680242700892,53.14720970803568
189.10000000000002,106.3019395119311,159.45290926789664,79.72645463394832,26.575484877982774,-53.15096975596555,5.315096975596555,212.6038790238622,-26.575484877982774,132.87742438991387,39.86322731697416,66.43871219495693,-106.3019395119311,13.287742438991387,53.15096975596555
189.20000000000002,106.30938507762953,159.46407761644429,79.73203880822214,26.577346269407382,-53.154692538814764,5.315469253881477,212.61877015525906,-26.577346269407382,132.8867313470369,39.86601940411107,66.44336567351846,-106.30938507762953,13.288673134703691,53.154692538814764
189.3,106.31673970136688,159.47510955205033,79.73755477602516,26.57918492534172,-53.15836985068344,5.315836985068344,212.63347940273377,-26.57918492534172,132.89592462670862,39.86877738801258,66.44796231335431,-106.31673970136688,13.28959246267086,53.15836985068344
189.4,106.32401542572987,159.48602313859482,79.74301156929741,26.581003856432467,-53.162007712864934,5.316200771286494,212.64803085145974,-26.581003856432467,132.90501928216233,39.871505784648704,66.45250964108116,-106.32401542572987,13.290501928216234,53.162007712864934
189.5,106.33121618173261,159.49682427259893,79.74841213629946,26.582804045433154,-53.16560809086631,5.316560809086631,212.66243236346523,-26.582804045433154,132.91402022716576,39.87420606814973,66.45701011358288,-106.33121618173261,13.291402022716577,53.16560809086631
189.60000000000002,106.33835023795325,159.50752535692988,79.75376267846494,26.584587559488313,-53.169175118976625,5.316917511897663,212.6767004759065,-26.584587559488313,132.92293779744156,39.87688133923247,66.46146889872078,-106.33835023795325,13.292293779744156,53.169175118976625
189.70000000000002,106.34546961749838,159.51820442624756,79.75910221312378,26.586367404374595,-53.17273480874919,5.31727348087492,212.69093923499676,-26.586367404374595,132.93183702187298,39.87955110656189,66.46591851093649,-106.34546961749838,13.293183702187298,53.17273480874919
189.8,106.35265474808202,159.528982122123,79.7644910610615,26.588163687020504,-53.17632737404101,5.317632737404101,212.70530949616403,-26.588163687020504,132.94081843510253,39.88224553053075,66.47040921755126,-106.35265474808202,13.294081843510252,53.17632737404101
189.9,106.35996928184932,159.53995392277398,79.76997696138699,26.58999232046233,-53.17998464092466,5.317998464092466,212.71993856369863,-26.58999232046233,132.94996160231165,39.884988480693494,66.47498080115582,-106.35996928184932,13.294996160231165,53.17998464092466
190.0,106.36754255682621,159.5513138352393,79.77565691761966,26.591885639206552,-53.183771278413104,5.318377127841311,212.73508511365242,-26.591885639206552,132.95942819603277,39.88782845880983,66.47971409801639,-106.36754255682621,13.295942819603276,53.183771278413104
190.10000000000002,106.37548017713438,159.56322026570157,79.78161013285079,26.593870044283594,-53.18774008856719,5.318774008856719,212.75096035426876,-26.593870044283594,132.96935022141798,39.89080506642539,66.48467511070899,-106.37548017713438,13.296935022141797,53.18774008856719
190.20000000000002,106.38384604321934,159.575769064829,79.7878845324145,26.595961510804834,-53.19192302160967,5.3191923021609675,212.76769208643867,-26.595961510804834,132.97980755402418,39.89394226620725,66.48990377701209,-106.38384604321934,13.297980755402417,53.19192302160967
190.3,106.39269044904312,159.58903567356467,79.79451783678233,26.59817261226078,-53.19634522452156,5.319634522452156,212.78538089808623,-26.59817261226078,132.99086306130388,39.89725891839117,66.49543153065194,-106.39269044904312,13.29908630613039,53.19634522452156
190.4,106.40211991403937,159.60317987105907,79.80158993552953,26.600529978509844,-53.20105995701969,5.320105995701969,212.80423982807875,-26.600529978509844,133.00264989254921,39.90079496776477,66.50132494627461,-106.40211991403937,13.300264989254922,53.20105995701969
190.5,106.41226515833756,159.61839773750634,79.80919886875317,26.60306628958439,-53.20613257916878,5.320613257916879,212.82453031667512,-26.60306628958439,133.01533144792194,39.904599434376586,66.50766572396097,-106.41226515833756,13.301533144792195,53.20613257916878
190.60000000000002,106.42324543080319,159.63486814620478,79.81743407310239,26.605811357700798,-53.211622715401596,5.32116227154016,212.84649086160638,-26.605811357700798,133.029056788504,39.908717036551195,66.514528394252,-106.42324543080319,13.302905678850399,53.211622715401596
190.70000000000002,106.4351063563695,159.65265953455426,79.82632976727713,26.608776589092376,-53.21755317818475,5.321755317818475,212.870212712739,-26.608776589092376,133.0438829454619,39.913164883638565,66.52194147273094,-106.4351063563695,13.304388294546188,53.21755317818475
190.8,106.4477889408639,159.67168341129585,79.83584170564792,26.611947235215975,-53.22389447043195,5.322389447043196,212.8955778817278,-26.611947235215975,133.05973617607987,39.91792085282396,66.52986808803993,-106.4477889408639,13.305973617607988,53.22389447043195
190.9,106.46117229504164,159.69175844256245,79.84587922128122,26.61529307376041,-53.23058614752082,5.323058614752082,212.92234459008327,-26.61529307376041,133.07646536880205,39.92293961064061,66.53823268440102,-106.46117229504164,13.307646536880204,53.23058614752082
191.0,106.47512541153228,159.7126881172984,79.8563440586492,26.61878135288307,-53.23756270576614,5.323756270576614,212.95025082306455,-26.61878135288307,133.09390676441535,39.9281720293246,66.54695338220768,-106.47512541153228,13.309390676441534,53.23756270576614
191.10000000000002,106.4895857884882,159.7343786827323,79.86718934136616,26.62239644712205,-53.2447928942441,5.32447928942441,212.9791715769764,-26.62239644712205,133.11198223561024,39.93359467068308,66.55599111780512,-106.4895857884882,13.311198223561025,53.2447928942441
191.20000000000002,106.50447655637845,159.75671483456767,79.87835741728384,26.626119139094612,-53.252238278189225,5.325223827818923,213.0089531127569,-26.626119139094612,133.13059569547306,39.93917870864192,66.56529784773653,-106.50447655637845,13.313059569547306,53.252238278189225
191.3,106.519692497684,159.77953874652601,79.88976937326301,26.629923124421,-53.259846248842,5.3259846248842,213.039384995368,-26.629923124421,133.14961562210502,39.944884686631504,66.57480781105251,-106.519692497684,13.3149615622105,53.259846248842
191.4,106.53516205561536,159.80274308342302,79.90137154171151,26.63379051390384,-53.26758102780768,5.326758102780769,213.07032411123072,-26.63379051390384,133.1689525695192,39.950685770855756,66.5844762847596,-106.53516205561536,13.31689525695192,53.26758102780768
191.5,106.55089484906377,159.82634227359566,79.91317113679783,26.63772371226594,-53.27544742453188,5.327544742453188,213.10178969812753,-26.63772371226594,133.18861856132972,39.956585568398914,66.59430928066486,-106.55089484906377,13.31886185613297,53.27544742453188
191.60000000000002,106.56693137762781,159.8503970664417,79.92519853322085,26.641732844406953,-53.283465688813905,5.328346568881391,213.13386275525562,-26.641732844406953,133.20866422203477,39.962599266610425,66.60433211101738,-106.56693137762781,13.320866422203476,53.283465688813905
191.70000000000002,106.58325257836765,159.87487886755147,79.93743943377574,26.645813144591912,-53.291626289183824,5.329162628918382,213.1665051567353,-26.645813144591912,133.22906572295955,39.96871971688787,66.61453286147977,-106.58325257836765,13.322906572295956,53.291626289183824
191.8,106.59985010992474,159.8997751648871,79.94988758244355,26.649962527481186,-53.29992505496237,5.329992505496238,213.1997002198495,-26.649962527481186,133.24981263740594,39.974943791221776,66.62490631870297,-106.59985010992474,13.324981263740593,53.29992505496237
191.9,106.61676064632236,159.92514096948355,79.96257048474178,26.65419016158059,-53.30838032316118,5.330838032316119,213.23352129264472,-26.65419016158059,133.27095080790295,39.98128524237089,66.63547540395147,-106.61676064632236,13.327095080790295,53.30838032316118
192.0,106.63413046558402,159.95119569837604,79.97559784918802,26.658532616396005,-53.31706523279201,5.331706523279202,213.26826093116804,-26.658532616396005,133.29266308198004,39.98779892459401,66.64633154099002,-106.63413046558402,13.329266308198003,53.31706523279201
192.10000000000002,106.65206915446592,159.97810373169887,79.98905186584943,26.66301728861648,-53.32603457723296,5.332603457723296,213.30413830893184,-26.66301728861648,133.3150864430824,39.99452593292472,66.6575432215412,-106.65206915446592,13.33150864430824,53.32603457723296
192.20000000000002,106.67070114634443,160.00605171951665,80.00302585975832,26.667675286586107,-53.335350573172214,5.3335350573172216,213.34140229268885,-26.667675286586107,133.33837643293054,40.00151292987916,66.66918821646527,-106.67070114634443,13.333837643293053,53.335350573172214
192.3,106.69017061350428,160.03525592025642,80.01762796012821,26.67254265337607,-53.34508530675214,5.3345085306752145,213.38034122700856,-26.67254265337607,133.36271326688035,40.008813980064104,66.68135663344017,-106.69017061350428,13.336271326688035,53.34508530675214
192.4,106.71062688615376,160.06594032923064,80.03297016461532,26.67765672153844,-53.35531344307688,5.335531344307689,213.42125377230752,-26.67765672153844,133.3882836076922,40.01648508230766,66.6941418038461,-106.71062688615376,13.33882836076922,53.35531344307688
192.5,106.73226085229918,160.09839127844876,80.04919563922438,26.683065213074794,-53.36613042614959,5.336613042614959,213.46452170459835,-26.683065213074794,133.41532606537396,40.02459781961219,66.70766303268698,-106.73226085229918,13.341532606537397,53.36613042614959
192.60000000000002,106.75519780213713,160.1327967032057,80.06639835160286,26.688799450534283,-53.377598901068566,5.337759890106857,213.51039560427427,-26.688799450534283,133.4439972526714,40.03319917580143,66.7219986263357,-106.75519780213713,13.344399725267142,53.377598901068566
192.70000000000002,106.77950146770925,160.1692522015639,80.08462610078195,26.694875366927313,-53.389750733854626,5.338975073385463,213.5590029354185,-26.694875366927313,133.47437683463656,40.04231305039097,66.73718841731828,-106.77950146770925,13.347437683463657,53.389750733854626
192.8,106.80511348111744,160.20767022167615,80.10383511083808,26.70127837027936,-53.40255674055872,5.340255674055872,213.6102269622349,-26.70127837027936,133.5063918513968,40.05191755541904,66.7531959256984,-106.80511348111744,13.35063918513968,53.40255674055872
192.9,106.8319096556269,160.24786448344037,80.12393224172018,26.707977413906725,-53.41595482781345,5.341595482781345,213.6638193112538,-26.707977413906725,133.53988706953362,40.06196612086009,66.76994353476681,-106.8319096556269,13.353988706953363,53.41595482781345
193.0,106.85973441186502,160.28960161779753,80.14480080889876,26.714933602966255,-53.42986720593251,5.3429867205932515,213.71946882373004,-26.714933602966255,133.57466801483127,40.07240040444938,66.78733400741564,-106.85973441186502,13.357466801483127,53.42986720593251
193.10000000000002,106.8884149897493,160.33262248462393,80.16631124231196,26.722103747437323,-53.44420749487465,5.344420749487465,213.7768299794986,-26.722103747437323,133.61051873718662,40.08315562115598,66.80525936859331,-106.8884149897493,13.361051873718662,53.44420749487465
193.20000000000002,106.9177485231225,160.37662278468375,80.18831139234187,26.729437130780624,-53.45887426156125,5.345887426156125,213.835497046245,-26.729437130780624,133.64718565390314,40.09415569617094,66.82359282695157,-106.9177485231225,13.364718565390312,53.45887426156125
193.3,106.94748474253092,160.42122711379636,80.21061355689818,26.73687118563273,-53.47374237126546,5.347374237126546,213.89496948506184,-26.73687118563273,133.68435592816365,40.10530677844909,66.84217796408183,-106.94748474253092,13.368435592816365,53.47374237126546
193.4,106.97736684799122,160.46605027198683,80.23302513599342,26.744341711997805,-53.48868342399561,5.3488683423995615,213.95473369598244,-26.744341711997805,133.72170855998903,40.11651256799671,66.86085427999451,-106.97736684799122,13.372170855998903,53.48868342399561
193.5,107.00720632698264,160.51080949047395,80.25540474523697,26.75180158174566,-53.50360316349132,5.350360316349132,214.01441265396528,-26.75180158174566,133.7590079087283,40.12770237261849,66.87950395436415,-107.00720632698264,13.37590079087283,53.50360316349132
193.60000000000002,107.03685778310718,160.55528667466078,80.27764333733039,26.759214445776795,-53.51842889155359,5.3518428891553596,214.07371556621436,-26.759214445776795,133.796072228884,40.138821668665194,66.898036114442,-107.03685778310718,13.379607222888398,53.51842889155359
193.70000000000002,107.06616462759966,160.59924694139949,80.29962347069974,26.766541156899915,-53.53308231379983,5.353308231379984,214.13232925519932,-26.766541156899915,133.83270578449958,40.14981173534987,66.91635289224979,-107.06616462759966,13.383270578449958,53.53308231379983
193.8,107.09502609161108,160.6425391374166,80.3212695687083,26.77375652290277,-53.54751304580554,5.354751304580554,214.19005218322215,-26.77375652290277,133.86878261451383,40.16063478435415,66.93439130725692,-107.09502609161108,13.386878261451384,53.54751304580554
193.9,107.12339248553829,160.68508872830745,80.34254436415372,26.780848121384572,-53.561696242769145,5.356169624276915,214.24678497107658,-26.780848121384572,133.90424060692285,40.17127218207686,66.95212030346143,-107.12339248553829,13.390424060692286,53.561696242769145
194.0,107.15126890281547,160.72690335422323,80.36345167711161,26.78781722570387,-53.57563445140774,5.357563445140774,214.30253780563095,-26.78781722570387,133.93908612851934,40.181725838555806,66.96954306425967,-107.15126890281547,13.393908612851934,53.57563445140774
194.10000000000002,107.17860467037647,160.76790700556472,80.38395350278236,26.794651167594118,-53.589302335188236,5.358930233518824,214.35720934075295,-26.794651167594118,133.97325583797058,40.19197675139118,66.98662791898529,-107.17860467037647,13.397325583797059,53.589302335188236
194.20000000000002,107.20532586238775,160.80798879358161,80.40399439679081,26.801331465596938,-53.602662931193876,5.360266293119388,214.4106517247755,-26.801331465596938,134.0066573279847,40.201997198395404,67.00332866399235,-107.20532586238775,13.400665732798469,53.602662931193876
194.3,107.23141772821344,160.84712659232017,80.42356329616008,26.80785443205336,-53.61570886410672,5.361570886410672,214.4628354564269,-26.80785443205336,134.03927216026682,40.21178164808004,67.01963608013341,-107.23141772821344,13.40392721602668,53.61570886410672
194.4,107.25690441861967,160.8853566279295,80.44267831396475,26.814226104654917,-53.628452209309835,5.362845220930984,214.51380883723934,-26.814226104654917,134.07113052327458,40.221339156982374,67.03556526163729,-107.25690441861967,13.407113052327459,53.628452209309835
194.5,107.28179949356058,160.92269924034088,80.46134962017044,26.820449873390146,-53.64089974678029,5.36408997467803,214.56359898712117,-26.820449873390146,134.10224936695073,40.23067481008522,67.05112468347536,-107.28179949356058,13.410224936695073,53.64089974678029
194.60000000000002,107.30610730491854,160.9591609573778,80.4795804786889,26.826526826229635,-53.65305365245927,5.365305365245927,214.61221460983708,-26.826526826229635,134.13263413114817,40.23979023934445,67.06631706557408,-107.30610730491854,13.413263413114818,53.65305365245927
194.70000000000002,107.32988660599901,160.9948299089985,80.49741495449925,26.832471651499752,-53.664943302999504,5.36649433029995,214.65977321199802,-26.832471651499752,134.16235825749877,40.248707477249624,67.08117912874938,-107.32988660599901,13.416235825749876,53.664943302999504
194.8,107.35322434441363,161.02983651662043,80.51491825831022,26.838306086103408,-53.676612172206816,5.367661217220682,214.70644868882727,-26.838306086103408,134.19153043051705,40.25745912915511,67.09576521525852,-107.35322434441363,13.419153043051704,53.676612172206816
194.9,107.37621728662015,161.06432592993022,80.53216296496511,26.844054321655037,-53.68810864331007,5.3688108643310075,214.7524345732403,-26.844054321655037,134.2202716082752,40.266081482482555,67.1101358041376,-107.37621728662015,13.422027160827518,53.68810864331007
195.0,107.39894678041401,161.098420170621,80.5492100853105,26.849736695103502,-53.699473390207004,5.369947339020701,214.79789356082802,-26.849736695103502,134.2486834755175,40.27460504265525,67.12434173775875,-107.39894678041401,13.424868347551751,53.699473390207004
195.10000000000002,107.42151493620639,161.1322724043096,80.5661362021548,26.855378734051598,-53.710757468103196,5.37107574681032,214.84302987241279,-26.855378734051598,134.276893670258,40.2830681010774,67.138446835129,-107.42151493620639,13.427689367025799,53.710757468103196
195.20000000000002,107.44402412430776,161.16603618646164,80.58301809323082,26.86100603107694,-53.72201206215388,5.372201206215388,214.88804824861552,-26.86100603107694,134.3050301553847,40.29150904661541,67.15251507769236,-107.44402412430776,13.43050301553847,53.72201206215388
195.3,107.46658221072212,161.1998733160832,80.5999366580416,26.86664555268053,-53.73329110536106,5.3733291105361065,214.93316442144425,-26.86664555268053,134.33322776340265,40.2999683290208,67.16661388170132,-107.46658221072212,13.433322776340265,53.73329110536106
195.4,107.48931815280818,161.23397722921226,80.61698861460613,26.872329538202045,-53.74465907640409,5.37446590764041,214.97863630561636,-26.872329538202045,134.36164769101023,40.308494307303064,67.18082384550512,-107.48931815280818,13.436164769101023,53.74465907640409
195.5,107.51239442838185,161.26859164257277,80.63429582128639,26.878098607095463,-53.75619721419093,5.375619721419093,215.0247888567637,-26.878098607095463,134.3904930354773,40.31714791064319,67.19524651773865,-107.51239442838185,13.439049303547732,53.75619721419093
195.60000000000002,107.53592372912404,161.30388559368606,80.65194279684303,26.88398093228101,-53.76796186456202,5.376796186456202,215.07184745824807,-26.88398093228101,134.41990466140504,40.325971398421515,67.20995233070252,-107.53592372912404,13.441990466140505,53.76796186456202
195.70000000000002,107.56005571748156,161.34008357622236,80.67004178811118,26.89001392937039,-53.78002785874078,5.378002785874078,215.12011143496312,-26.89001392937039,134.45006964685194,40.33502089405559,67.22503482342597,-107.56005571748156,13.445006964685195,53.78002785874078
195.8,107.58491633466589,161.37737450199884,80.68868725099942,26.896229083666473,-53.792458167332946,5.379245816733295,215.16983266933178,-26.896229083666473,134.48114541833237,40.34434362549971,67.24057270916619,-107.58491633466589,13.448114541833236,53.792458167332946
195.9,107.61063043112262,161.41594564668392,80.70797282334196,26.902657607780654,-53.80531521556131,5.380531521556131,215.22126086224523,-26.902657607780654,134.51328803890328,40.35398641167098,67.25664401945164,-107.61063043112262,13.451328803890327,53.80531521556131
196.0,107.63729944394814,161.45594916592222,80.72797458296111,26.909324860987034,-53.81864972197407,5.381864972197407,215.27459888789627,-26.909324860987034,134.54662430493516,40.363987291480555,67.27331215246758,-107.63729944394814,13.454662430493517,53.81864972197407
196.10000000000002,107.66495575887843,161.49743363831766,80.74871681915883,26.91623893971961,-53.83247787943922,5.3832477879439224,215.32991151775687,-26.91623893971961,134.58119469859804,40.374358409579415,67.29059734929902,-107.66495575887843,13.458119469859804,53.83247787943922
196.20000000000002,107.69354094670356,161.54031142005533,80.77015571002767,26.92338523667589,-53.84677047335178,5.384677047335178,215.38708189340713,-26.92338523667589,134.61692618337946,40.38507785501383,67.30846309168973,-107.69354094670356,13.461692618337946,53.84677047335178
196.3,107.72301144655177,161.58451716982765,80.79225858491382,26.93075286163794,-53.86150572327588,5.386150572327589,215.44602289310353,-26.93075286163794,134.6537643081897,40.39612929245691,67.32688215409485,-107.72301144655177,13.46537643081897,53.86150572327588
196.4,107.7533065933759,161.62995989006384,80.81497994503192,26.938326648343974,-53.87665329668795,5.3876653296687955,215.5066131867518,-26.938326648343974,134.69163324171987,40.40748997251596,67.34581662085994,-107.7533065933759,13.469163324171987,53.87665329668795
196.5,107.78441416089913,161.6766212413487,80.83831062067435,26.946103540224783,-53.892207080449566,5.389220708044957,215.56882832179826,-26.946103540224783,134.73051770112392,40.419155310337175,67.36525885056196,-107.78441416089913,13.473051770112392,53.892207080449566
196.60000000000002,107.81637311754196,161.72455967631294,80.86227983815647,26.95409327938549,-53.90818655877098,5.390818655877098,215.6327462350839,-26.95409327938549,134.77046639692745,40.431139919078234,67.38523319846372,-107.81637311754196,13.477046639692745,53.90818655877098
196.70000000000002,107.84918763914692,161.77378145872038,80.88689072936019,26.96229690978673,-53.92459381957346,5.392459381957346,215.69837527829384,-26.96229690978673,134.81148454893366,40.443445364680095,67.40574227446683,-107.84918763914692,13.481148454893365,53.92459381957346
196.8,107.88280537293521,161.82420805940282,80.91210402970141,26.970701343233802,-53.941402686467605,5.394140268646761,215.76561074587042,-26.970701343233802,134.85350671616902,40.456052014850705,67.42675335808451,-107.88280537293521,13.485350671616901,53.941402686467605
196.9,107.91710552701048,161.87565829051573,80.93782914525787,26.97927638175262,-53.95855276350524,5.395855276350524,215.83421105402095,-26.97927638175262,134.8963819087631,40.46891457262893,67.44819095438154,-107.91710552701048,13.48963819087631,53.95855276350524
197.0,107.95196575713533,161.927948635703,80.9639743178515,26.98799143928383,-53.97598287856766,5.397598287856766,215.90393151427065,-26.98799143928383,134.93995719641916,40.48198715892575,67.46997859820958,-107.95196575713533,13.493995719641916,53.97598287856766
197.10000000000002,107.9872543469848,161.9808815204772,80.9904407602386,26.9968135867462,-53.9936271734924,5.3993627173492404,215.9745086939696,-26.9968135867462,134.984067933731,40.4952203801193,67.4920339668655,-107.9872543469848,13.4984067933731,53.9936271734924
197.20000000000002,108.02291757274331,162.03437635911496,81.01718817955748,27.005729393185828,-54.011458786371655,5.401145878637166,216.04583514548662,-27.005729393185828,135.02864696592914,40.50859408977874,67.51432348296457,-108.02291757274331,13.502864696592914,54.011458786371655
197.3,108.05890868787544,162.08836303181317,81.04418151590659,27.01472717196886,-54.02945434393772,5.402945434393772,216.1178173757509,-27.01472717196886,135.0736358598443,40.52209075795329,67.53681792992215,-108.05890868787544,13.50736358598443,54.02945434393772
197.4,108.09508416206869,162.14262624310302,81.07131312155151,27.023771040517172,-54.047542081034344,5.4047542081034345,216.19016832413737,-27.023771040517172,135.11885520258585,40.535656560775756,67.55942760129292,-108.09508416206869,13.511885520258586,54.047542081034344
197.5,108.13119112924896,162.19678669387343,81.09839334693672,27.03279778231224,-54.06559556462448,5.406559556462448,216.26238225849792,-27.03279778231224,135.1639889115612,40.54919667346836,67.5819944557806,-108.13119112924896,13.51639889115612,54.06559556462448
197.60000000000002,108.16695804164252,162.2504370624638,81.1252185312319,27.04173951041063,-54.08347902082126,5.408347902082126,216.33391608328503,-27.04173951041063,135.20869755205314,40.56260926561595,67.60434877602657,-108.16695804164252,13.520869755205315,54.08347902082126
197.70000000000002,108.20216410982786,162.30324616474178,81.15162308237089,27.050541027456966,-54.10108205491393,5.410108205491394,216.40432821965572,-27.050541027456966,135.25270513728483,40.575811541185445,67.62635256864242,-108.20216410982786,13.525270513728483,54.10108205491393
197.8,108.2366116353763,162.35491745306444,81.17745872653222,27.059152908844077,-54.11830581768815,5.4118305817688155,216.4732232707526,-27.059152908844077,135.2957645442204,40.58872936326611,67.6478822721102,-108.2366116353763,13.529576454422038,54.11830581768815
197.9,108.27008630658136,162.40512945987206,81.20256472993603,27.06752157664534,-54.13504315329068,5.413504315329068,216.54017261316272,-27.06752157664534,135.3376078832267,40.601282364968014,67.66880394161335,-108.27008630658136,13.53376078832267,54.13504315329068
198.0,108.3023447475515,162.45351712132725,81.22675856066363,27.075586186887875,-54.15117237377575,5.415117237377576,216.604689495103,-27.075586186887875,135.37793093443938,40.61337928033181,67.68896546721969,-108.3023447475515,13.537793093443938,54.15117237377575
198.10000000000002,108.333145685777,162.49971852866548,81.24985926433274,27.08328642144425,-54.1665728428885,5.41665728428885,216.666291371554,-27.08328642144425,135.41643210722125,40.62492963216637,67.70821605361063,-108.333145685777,13.541643210722125,54.1665728428885
198.20000000000002,108.36234365346135,162.543515480192,81.271757740096,27.090585913365338,-54.181171826730676,5.418117182673068,216.7246873069227,-27.090585913365338,135.4529295668267,40.635878870048,67.72646478341335,-108.36234365346135,13.545292956682669,54.181171826730676
198.3,108.38982721614886,162.58474082422327,81.29237041211164,27.097456804037215,-54.19491360807443,5.419491360807443,216.77965443229772,-27.097456804037215,135.48728402018608,40.64618520605582,67.74364201009304,-108.38982721614886,13.548728402018607,54.19491360807443
198.4,108.41546767714246,162.62320151571367,81.31160075785684,27.103866919285615,-54.20773383857123,5.4207733838571235,216.83093535428492,-27.103866919285615,135.51933459642808,40.65580037892842,67.75966729821404,-108.41546767714246,13.551933459642807,54.20773383857123
198.5,108.43916790477286,162.6587518571593,81.32937592857965,27.109791976193215,-54.21958395238643,5.421958395238644,216.87833580954572,-27.109791976193215,135.54895988096607,40.664687964289826,67.77447994048303,-108.43916790477286,13.554895988096607,54.21958395238643
198.60000000000002,108.4608892723223,162.69133390848344,81.34566695424172,27.115222318080576,-54.23044463616115,5.423044463616115,216.9217785446446,-27.115222318080576,135.5761115904029,40.67283347712086,67.78805579520144,-108.4608892723223,13.557611159040288,54.23044463616115
198.70000000000002,108.48065999174501,162.72098998761751,81.36049499380876,27.120164997936254,-54.24032999587251,5.424032999587251,216.96131998349003,-27.120164997936254,135.60082498968126,40.68024749690438,67.80041249484063,-108.48065999174501,13.560082498968127,54.24032999587251
198.8,108.49852272427896,162.74778408641845,81.37389204320922,27.12463068106974,-54.24926136213948,5.424926136213948,216.9970454485579,-27.12463068106974,135.6231534053487,40.68694602160461,67.81157670267434,-108.49852272427896,13.56231534053487,54.24926136213948
198.9,108.5144357551739,162.77165363276086,81.38582681638043,27.128608938793477,-54.25721787758695,5.425721787758696,217.0288715103478,-27.128608938793477,135.6430446939674,40.692913408190215,67.8215223469837,-108.5144357551739,13.564304469396738,54.25721787758695
199.0,108.52837458233282,162.7925618734992,81.3962809367496,27.132093645583204,-54.26418729116641,5.426418729116641,217.05674916466563,-27.132093645583204,135.66046822791603,40.6981404683748,67.83023411395801,-108.52837458233282,13.566046822791602,54.26418729116641
199.10000000000002,108.54031559399434,162.8104733909915,81.40523669549574,27.135078898498584,-54.27015779699717,5.427015779699717,217.08063118798867,-27.135078898498584,135.67539449249293,40.70261834774787,67.83769724624646,-108.54031559399434,13.567539449249292,54.27015779699717
199.20000000000002,108.5502760219486,162.8254140329229,81.41270701646145,27.13756900548715,-54.2751380109743,5.42751380109743,217.1005520438972,-27.13756900548715,135.68784502743574,40.70635350823073,67.84392251371787,-108.5502760219486,13.568784502743576,54.2751380109743
199.3,108.55826249246076,162.83739373869113,81.41869686934557,27.13956562311519,-54.27913124623038,5.427913124623038,217.1165249849215,-27.13956562311519,135.69782811557593,40.70934843467278,67.84891405778797,-108.55826249246076,13.569782811557594,54.27913124623038
199.4,108.56430410232574,162.8464561534886,81.4232280767443,27.141076025581434,-54.28215205116287,5.428215205116287,217.12860820465147,-27.141076025581434,135.70538012790718,40.71161403837215,67.85269006395359,-108.56430410232574,13.570538012790717,54.28215205116287
199.5,108.56853759855477,162.85280639783215,81.42640319891608,27.142134399638692,-54.284268799277385,5.428426879927739,217.13707519710954,-27.142134399638692,135.71067199819345,40.71320159945804,67.85533599909672,-108.56853759855477,13.571067199819346,54.284268799277385
199.60000000000002,108.57115706416582,162.8567355962487,81.42836779812436,27.142789266041454,-54.28557853208291,5.428557853208291,217.14231412833163,-27.142789266041454,135.71394633020728,40.71418389906218,67.85697316510364,-108.57115706416582,13.571394633020727,54.28557853208291
199.70000000000002,108.57231838809349,162.85847758214024,81.42923879107012,27.143079597023373,-54.286159194046746,5.428615919404675,217.14463677618699,-27.143079597023373,135.71539798511685,40.71461939553506,67.85769899255843,-108.57231838809349,13.571539798511687,54.286159194046746
199.8,108.57223272050135,162.85834908075202,81.42917454037601,27.143058180125337,-54.28611636025067,5.428611636025067,217.1444654410027,-27.143058180125337,135.71529090062668,40.714587270188005,67.85764545031334,-108.57223272050135,13.571529090062668,54.28611636025067
199.9,108.57108734410946,162.8566310161642,81.4283155080821,27.142771836027364,-54.28554367205473,5.428554367205473,217.14217468821892,-27.142771836027364,135.7138591801368,40.71415775404105,67.8569295900684,-108.57108734410946,13.571385918013682,54.28554367205473
200.0,108.56903344049137,162.85355016073706,81.42677508036853,27.14225836012284,-54.28451672024568,5.428451672024568,217.13806688098273,-27.14225836012284,135.71129180061422,40.713387540184264,67.85564590030711,-108.56903344049137,13.57112918006142,54.28451672024568
