t,TN2,Tm,Thp,Tf,c[1],c[2],c[3],c[4],c[5],c[6],n,rho_dollars,Q_to_steam,drumAngleDeg
0.0,90.0,135.0,67.5,22.5,-45.0,4.5,180.0,-22.5,112.5,33.75,56.25,-90.0,11.25,45.0
0.1,90.0,135.0,67.5,22.5,-45.0,4.5,180.0,-22.5,112.5,33.75,56.25,-90.0,11.25,45.0
0.2,90.00000374926529,135.00000562389795,67.50000281194897,22.500000937316322,-45.000001874632645,4.5000001874632645,180.00000749853058,-22.500000937316322,112.5000046865816,33.75000140597449,56.2500023432908,-90.00000374926529,11.250000468658161,45.000001874632645
0.30000000000000004,90.00001587966315,135.00002381949474,67.50001190974737,22.500003969915788,-45.000007939831576,4.500000793983157,180.0000317593263,-22.500003969915788,112.50001984957893,33.750005954873686,56.25000992478947,-90.00001587966315,11.250001984957894,45.000007939831576
0.4,90.00003959584296,135.00005939376445,67.50002969688222,22.50000989896074,-45.00001979792148,4.500001979792148,180.00007919168593,-22.50000989896074,112.5000494948037,33.75001484844111,56.25002474740185,-90.00003959584296,11.25000494948037,45.00001979792148
0.5,90.00007735454044,135.00011603181065,67.50005801590532,22.50001933863511,-45.00003867727022,4.500003867727022,180.00015470908087,-22.50001933863511,112.50009669317555,33.75002900795266,56.250048346587775,-90.00007735454044,11.250009669317555,45.00003867727022
0.6000000000000001,90.00013084746753,135.0001962712013,67.50009813560065,22.500032711866883,-45.000065423733766,4.500006542373376,180.00026169493506,-22.500032711866883,112.50016355933441,33.750049067800326,56.250081779667205,-90.00013084746753,11.250016355933441,45.000065423733766
0.7000000000000001,90.00019964146666,135.0002994622,67.5001497311,22.500049910366666,-45.00009982073333,4.500009982073333,180.00039928293333,-22.500049910366666,112.50024955183333,33.75007486555,56.25012477591667,-90.00019964146666,11.250024955183333,45.00009982073333
0.8,90.00028346767219,135.00042520150828,67.50021260075414,22.500070866918048,-45.000141733836095,4.50001417338361,180.00056693534438,-22.500070866918048,112.50035433459024,33.75010630037707,56.25017716729512,-90.00028346767219,11.250035433459024,45.000141733836095
0.9,90.00038121011745,135.0005718151762,67.5002859075881,22.500095302529363,-45.00019060505873,4.500019060505873,180.0007624202349,-22.500095302529363,112.50047651264681,33.75014295379405,56.25023825632341,-90.00038121011745,11.250047651264682,45.00019060505873
1.0,90.00049281396524,135.00073922094785,67.50036961047392,22.50012320349131,-45.00024640698262,4.500024640698262,180.00098562793048,-22.50012320349131,112.50061601745655,33.75018480523696,56.250308008728275,-90.00049281396524,11.250061601745655,45.00024640698262
1.1,90.0006186854379,135.00092802815686,67.50046401407843,22.500154671359475,-45.00030934271895,4.500030934271895,180.0012373708758,-22.500154671359475,112.50077335679737,33.750232007039216,56.250386678398684,-90.0006186854379,11.250077335679737,45.00030934271895
1.2000000000000002,90.00075872801636,135.00113809202455,67.50056904601227,22.50018968200409,-45.00037936400818,4.500037936400818,180.00151745603273,-22.50018968200409,112.50094841002046,33.75028452300614,56.25047420501023,-90.00075872801636,11.250094841002046,45.00037936400818
1.3,90.00091247209473,135.00136870814208,67.50068435407104,22.50022811802368,-45.00045623604736,4.500045623604737,180.00182494418945,-22.50022811802368,112.50114059011841,33.75034217703552,56.250570295059205,-90.00091247209473,11.25011405901184,45.00045623604736
1.4000000000000001,90.00107984417913,135.0016197662687,67.50080988313435,22.500269961044783,-45.000539922089565,4.500053992208957,180.00215968835826,-22.500269961044783,112.50134980522391,33.750404941567176,56.250674902611955,-90.00107984417913,11.250134980522391,45.000539922089565
1.5,90.0012624437894,135.0018936656841,67.50094683284205,22.50031561094735,-45.0006312218947,4.50006312218947,180.0025248875788,-22.50031561094735,112.50157805473675,33.75047341642102,56.25078902736838,-90.0012624437894,11.250157805473675,45.0006312218947
1.6,90.00146216637103,135.00219324955654,67.50109662477827,22.500365541592757,-45.000731083185514,4.500073108318552,180.00292433274205,-22.500365541592757,112.50182770796378,33.750548312389135,56.25091385398189,-90.00146216637103,11.250182770796378,45.000731083185514
1.7000000000000002,90.00168216564792,135.00252324847187,67.50126162423594,22.50042054141198,-45.00084108282396,4.500084108282397,180.00336433129584,-22.50042054141198,112.5021027070599,33.75063081211797,56.25105135352995,-90.00168216564792,11.25021027070599,45.00084108282396
1.8,90.00192509653633,135.0028876448045,67.50144382240225,22.50048127413408,-45.00096254826816,4.500096254826817,180.00385019307265,-22.50048127413408,112.5024063706704,33.750721911201126,56.2512031853352,-90.00192509653633,11.25024063706704,45.00096254826816
1.9000000000000001,90.00219542748987,135.0032931412348,67.5016465706174,22.500548856872467,-45.00109771374493,4.500109771374493,180.00439085497973,-22.500548856872467,112.50274428436234,33.7508232853087,56.25137214218117,-90.00219542748987,11.250274428436233,45.00109771374493
2.0,90.00249663220553,135.0037449483083,67.50187247415415,22.500624158051384,-45.00124831610277,4.500124831610277,180.00499326441107,-22.500624158051384,112.50312079025692,33.75093623707708,56.25156039512846,-90.00249663220553,11.250312079025692,45.00124831610277
2.1,90.00283225254951,135.00424837882426,67.50212418941213,22.500708063137377,-45.001416126274755,4.500141612627476,180.00566450509902,-22.500708063137377,112.50354031568689,33.751062094706064,56.251770157843445,-90.00283225254951,11.250354031568689,45.001416126274755
2.2,90.00320628748652,135.00480943122977,67.50240471561489,22.50080157187163,-45.00160314374326,4.500160314374326,180.00641257497304,-22.50080157187163,112.50400785935815,33.75120235780744,56.25200392967908,-90.00320628748652,11.250400785935815,45.00160314374326
2.3000000000000003,90.0036233465155,135.00543501977324,67.50271750988662,22.500905836628874,-45.00181167325775,4.500181167325775,180.007246693031,-22.500905836628874,112.50452918314437,33.75135875494331,56.252264591572185,-90.0036233465155,11.250452918314437,45.00181167325775
2.4000000000000004,90.00408929303407,135.0061339395511,67.50306696977555,22.501022323258518,-45.002044646517035,4.500204464651704,180.00817858606814,-22.501022323258518,112.5051116162926,33.75153348488777,56.2525558081463,-90.00408929303407,11.250511161629259,45.002044646517035
2.5,90.00461046869033,135.0069157030355,67.50345785151775,22.501152617172583,-45.002305234345165,4.500230523434516,180.00922093738066,-22.501152617172583,112.50576308586291,33.751728925758876,56.252881542931455,-90.00461046869033,11.250576308586291,45.002305234345165
2.6,90.00519243343932,135.00778865015897,67.50389432507949,22.50129810835983,-45.00259621671966,4.500259621671966,180.01038486687864,-22.50129810835983,112.50649054179915,33.75194716253974,56.253245270899576,-90.00519243343932,11.250649054179915,45.00259621671966
2.7,90.0058413848643,135.00876207729644,67.50438103864822,22.501460346216074,-45.00292069243215,4.500292069243215,180.0116827697286,-22.501460346216074,112.50730173108037,33.75219051932411,56.25365086554019,-90.0058413848643,11.250730173108037,45.00292069243215
2.8000000000000003,90.00656333490224,135.00984500235336,67.50492250117668,22.50164083372556,-45.00328166745112,4.5003281667451125,180.01312666980448,-22.50164083372556,112.5082041686278,33.75246125058834,56.2541020843139,-90.00656333490224,11.25082041686278,45.00328166745112
2.9000000000000004,90.00736347832245,135.01104521748368,67.50552260874184,22.50184086958061,-45.00368173916122,4.500368173916122,180.0147269566449,-22.50184086958061,112.50920434790305,33.75276130437092,56.254602173951525,-90.00736347832245,11.250920434790306,45.00368173916122
3.0,90.00824586352046,135.01236879528068,67.50618439764034,22.502061465880114,-45.00412293176023,4.500412293176023,180.01649172704091,-22.502061465880114,112.51030732940058,33.75309219882017,56.25515366470029,-90.00824586352046,11.251030732940057,45.00412293176023
3.1,90.00921419042764,135.01382128564146,67.50691064282073,22.50230354760691,-45.00460709521382,4.500460709521382,180.01842838085528,-22.50230354760691,112.51151773803456,33.753455321410364,56.25575886901728,-90.00921419042764,11.251151773803455,45.00460709521382
3.2,90.01027131890692,135.01540697836037,67.50770348918019,22.50256782972673,-45.00513565945346,4.500513565945346,180.02054263781383,-22.50256782972673,112.51283914863365,33.753851744590094,56.25641957431682,-90.01027131890692,11.251283914863365,45.00513565945346
3.3000000000000003,90.01142004635726,135.01713006953588,67.50856503476794,22.502855011589315,-45.00571002317863,4.500571002317863,180.02284009271452,-22.502855011589315,112.51427505794658,33.75428251738397,56.25713752897329,-90.01142004635726,11.251427505794657,45.00571002317863
3.4000000000000004,90.01266280484224,135.01899420726335,67.50949710363167,22.50316570121056,-45.00633140242112,4.500633140242112,180.02532560968447,-22.50316570121056,112.5158285060528,33.75474855181584,56.2579142530264,-90.01266280484224,11.25158285060528,45.00633140242112
3.5,90.01400167841075,135.02100251761613,67.51050125880806,22.503500419602688,-45.007000839205375,4.500700083920537,180.0280033568215,-22.503500419602688,112.51750209801344,33.75525062940403,56.25875104900672,-90.01400167841075,11.251750209801344,45.007000839205375
3.6,90.01543872991341,135.02315809487013,67.51157904743506,22.503859682478353,-45.007719364956706,4.500771936495671,180.03087745982683,-22.503859682478353,112.51929841239176,33.75578952371753,56.25964920619588,-90.01543872991341,11.251929841239177,45.007719364956706
3.7,90.0169763857388,135.0254645786082,67.5127322893041,22.5042440964347,-45.0084881928694,4.50084881928694,180.0339527714776,-22.5042440964347,112.5212204821735,33.75636614465205,56.26061024108675,-90.0169763857388,11.25212204821735,45.0084881928694
3.8000000000000003,90.01861794836904,135.02792692255355,67.51396346127677,22.50465448709226,-45.00930897418452,4.500930897418452,180.03723589673808,-22.50465448709226,112.52327243546131,33.75698173063839,56.261636217730654,-90.01861794836904,11.25232724354613,45.00930897418452
3.9000000000000004,90.02036594348365,135.0305489152255,67.51527445761275,22.505091485870913,-45.01018297174183,4.501018297174183,180.0407318869673,-22.505091485870913,112.52545742935456,33.757637228806374,56.26272871467728,-90.02036594348365,11.252545742935457,45.01018297174183
4.0,90.02222432574338,135.03333648861508,67.51666824430754,22.505556081435845,-45.01111216287169,4.501111216287169,180.04444865148676,-22.505556081435845,112.52778040717922,33.75833412215377,56.26389020358961,-90.02222432574338,11.252778040717923,45.01111216287169
4.1000000000000005,90.024196122307,135.0362941834605,67.51814709173026,22.50604903057675,-45.0120980611535,4.501209806115351,180.048392244614,-22.50604903057675,112.53024515288375,33.75907354586513,56.265122576441875,-90.024196122307,11.253024515288375,45.0120980611535
4.2,90.0262841351299,135.03942620269484,67.51971310134742,22.506571033782475,-45.01314206756495,4.501314206756495,180.0525682702598,-22.506571033782475,112.53285516891238,33.75985655067371,56.26642758445619,-90.0262841351299,11.253285516891237,45.01314206756495
4.3,90.0284890908657,135.04273363629855,67.52136681814927,22.507122272716426,-45.01424454543285,4.501424454543286,180.0569781817314,-22.507122272716426,112.53561136358213,33.76068340907464,56.26780568179107,-90.0284890908657,11.253561136358213,45.01424454543285
4.4,90.03081059504976,135.04621589257465,67.52310794628733,22.50770264876244,-45.01540529752488,4.501540529752488,180.06162119009952,-22.50770264876244,112.53851324381219,33.76155397314366,56.269256621906095,-90.03081059504976,11.25385132438122,45.01540529752488
4.5,90.03324633195622,135.04986949793434,67.52493474896717,22.508311582989055,-45.01662316597811,4.501662316597812,180.06649266391244,-22.508311582989055,112.54155791494527,33.762467374483585,56.270778957472636,-90.03324633195622,11.254155791494528,45.01662316597811
4.6000000000000005,90.0357920966373,135.05368814495594,67.52684407247797,22.508948024159324,-45.01789604831865,4.501789604831865,180.0715841932746,-22.508948024159324,112.54474012079662,33.763422036238985,56.27237006039831,-90.0357920966373,11.254474012079662,45.01789604831865
4.7,90.0384429097384,135.0576643646076,67.5288321823038,22.5096107274346,-45.0192214548692,4.50192214548692,180.0768858194768,-22.5096107274346,112.54805363717298,33.7644160911519,56.27402681858649,-90.0384429097384,11.2548053637173,45.0192214548692
4.800000000000001,90.04119440528767,135.0617916079315,67.53089580396575,22.510298601321917,-45.020597202643835,4.502059720264383,180.08238881057534,-22.510298601321917,112.55149300660959,33.765447901982874,56.275746503304795,-90.04119440528767,11.255149300660959,45.020597202643835
4.9,90.04404327819711,135.06606491729565,67.53303245864782,22.511010819549277,-45.022021639098554,4.502202163909856,180.08808655639422,-22.511010819549277,112.55505409774639,33.76651622932391,56.277527048873196,-90.04404327819711,11.255505409774639,45.022021639098554
5.0,90.04698571288236,135.07047856932354,67.53523928466177,22.51174642822059,-45.02349285644118,4.502349285644118,180.09397142576472,-22.51174642822059,112.55873214110295,33.767619642330885,56.279366070551475,-90.04698571288236,11.255873214110295,45.02349285644118
5.1000000000000005,90.05001621780974,135.0750243267146,67.5375121633573,22.512504054452435,-45.02500810890487,4.502500810890488,180.10003243561948,-22.512504054452435,112.56252027226218,33.76875608167865,56.28126013613109,-90.05001621780974,11.256252027226218,45.02500810890487
5.2,90.05312866696451,135.07969300044675,67.53984650022338,22.513282166741128,-45.026564333482256,4.502656433348226,180.10625733392902,-22.513282166741128,112.56641083370565,33.76992325011169,56.28320541685282,-90.05312866696451,11.256641083370564,45.026564333482256
5.300000000000001,90.05631691727658,135.08447537591485,67.54223768795742,22.514079229319144,-45.02815845863829,4.502815845863829,180.11263383455315,-22.514079229319144,112.57039614659573,33.77111884397871,56.28519807329786,-90.05631691727658,11.257039614659572,45.02815845863829
5.4,90.05957381389904,135.08936072084856,67.54468036042428,22.51489345347476,-45.02978690694952,4.502978690694952,180.11914762779807,-22.51489345347476,112.57446726737379,33.77234018021214,56.287233633686895,-90.05957381389904,11.25744672673738,45.02978690694952
5.5,90.06289185546363,135.09433778319544,67.54716889159772,22.515722963865908,-45.031445927731816,4.5031445927731815,180.12578371092727,-22.515722963865908,112.57861481932954,33.77358444579886,56.28930740966477,-90.06289185546363,11.257861481932954,45.031445927731816
5.6000000000000005,90.06626404199856,135.09939606299784,67.54969803149892,22.51656601049964,-45.03313202099928,4.503313202099928,180.13252808399713,-22.51656601049964,112.58283005249821,33.77484901574946,56.291415026249105,-90.06626404199856,11.25828300524982,45.03313202099928
5.7,90.06968361936737,135.10452542905105,67.55226271452553,22.517420904841842,-45.034841809683684,4.5034841809683686,180.13936723873474,-22.517420904841842,112.58710452420921,33.77613135726276,56.293552262104605,-90.06968361936737,11.258710452420921,45.034841809683684
5.800000000000001,90.07314442551441,135.1097166382716,67.5548583191358,22.518286106378604,-45.03657221275721,4.503657221275721,180.14628885102883,-22.518286106378604,112.59143053189302,33.7774291595679,56.29571526594651,-90.07314442551441,11.259143053189302,45.03657221275721
5.9,90.07664131659877,135.11496197489816,67.55748098744908,22.519160329149692,-45.038320658299384,4.503832065829939,180.15328263319753,-22.519160329149692,112.59580164574845,33.77874049372454,56.297900822874226,-90.07664131659877,11.259580164574846,45.038320658299384
6.0,90.08016912335012,135.12025368502518,67.56012684251259,22.52004228083753,-45.04008456167506,4.504008456167506,180.16033824670023,-22.52004228083753,112.60021140418765,33.780063421256294,56.30010570209382,-90.08016912335012,11.260021140418765,45.04008456167506
6.1000000000000005,90.08372136099968,135.1255820414995,67.56279102074976,22.52093034024992,-45.04186068049984,4.504186068049984,180.16744272199935,-22.52093034024992,112.6046517012496,33.78139551037488,56.3023258506248,-90.08372136099968,11.26046517012496,45.04186068049984
6.2,90.0872901677763,135.13093525166445,67.56546762583223,22.521822541944076,-45.04364508388815,4.504364508388815,180.1745803355526,-22.521822541944076,112.60911270972038,33.78273381291611,56.30455635486019,-90.0872901677763,11.260911270972038,45.04364508388815
6.300000000000001,90.09086833684836,135.13630250527254,67.56815125263627,22.52271708421209,-45.04543416842418,4.504543416842418,180.18173667369672,-22.52271708421209,112.61358542106045,33.784075626318135,56.306792710530225,-90.09086833684836,11.261358542106045,45.04543416842418
6.4,90.09445035675886,135.1416755351383,67.57083776756915,22.523612589189714,-45.04722517837943,4.504722517837943,180.1889007135177,-22.523612589189714,112.61806294594857,33.78541888378457,56.30903147297428,-90.09445035675886,11.261806294594857,45.04722517837943
6.5,90.09803087698556,135.14704631547835,67.57352315773917,22.52450771924639,-45.04901543849278,4.504901543849278,180.19606175397112,-22.52450771924639,112.62253859623195,33.78676157886959,56.311269298115974,-90.09803087698556,11.262253859623195,45.04901543849278
6.6000000000000005,90.10160547870215,135.15240821805324,67.57620410902662,22.52540136967554,-45.05080273935108,4.505080273935108,180.2032109574043,-22.52540136967554,112.62700684837769,33.78810205451331,56.313503424188845,-90.10160547870215,11.26270068483777,45.05080273935108
6.7,90.10517232105025,135.15775848157537,67.57887924078769,22.526293080262562,-45.052586160525124,4.5052586160525125,180.2103446421005,-22.526293080262562,112.63146540131281,33.78943962039384,56.315732700656405,-90.10517232105025,11.263146540131281,45.052586160525124
6.800000000000001,90.10872991909278,135.16309487863919,67.58154743931959,22.527182479773195,-45.05436495954639,4.50543649595464,180.21745983818556,-22.527182479773195,112.63591239886597,33.790773719659796,56.317956199432984,-90.10872991909278,11.263591239886598,45.05436495954639
6.9,90.11227677648418,135.16841516472627,67.58420758236313,22.528069194121045,-45.05613838824209,4.5056138388242095,180.22455355296836,-22.528069194121045,112.64034597060522,33.79210379118157,56.32017298530261,-90.11227677648418,11.264034597060522,45.05613838824209
7.0,90.11581107679385,135.17371661519076,67.58685830759538,22.52895276919846,-45.05790553839692,4.5057905538396925,180.2316221535877,-22.52895276919846,112.64476384599232,33.79342915379769,56.32238192299616,-90.11581107679385,11.26447638459923,45.05790553839692
7.1000000000000005,90.11933302643283,135.17899953964923,67.58949976982461,22.529833256608207,-45.05966651321641,4.505966651321642,180.23866605286565,-22.529833256608207,112.64916628304104,33.79474988491231,56.32458314152052,-90.11933302643283,11.264916628304103,45.05966651321641
7.2,90.12284327621767,135.1842649143265,67.59213245716325,22.530710819054416,-45.06142163810883,4.506142163810884,180.24568655243533,-22.530710819054416,112.65355409527209,33.79606622858162,56.32677704763604,-90.12284327621767,11.265355409527208,45.06142163810883
7.300000000000001,90.12634177254868,135.18951265882302,67.59475632941151,22.53158544313717,-45.06317088627434,4.506317088627434,180.25268354509737,-22.53158544313717,112.65792721568586,33.797378164705755,56.32896360784293,-90.12634177254868,11.265792721568586,45.06317088627434
7.4,90.1298305038961,135.19474575584417,67.59737287792208,22.532457625974025,-45.06491525194805,4.5064915251948054,180.2596610077922,-22.532457625974025,112.66228812987012,33.79868643896104,56.33114406493506,-90.1298305038961,11.266228812987013,45.06491525194805
7.5,90.13331213920614,135.1999682088092,67.5999841044046,22.533328034801535,-45.06665606960307,4.506665606960307,180.26662427841228,-22.533328034801535,112.66664017400768,33.7999920522023,56.33332008700384,-90.13331213920614,11.266664017400768,45.06665606960307
7.6000000000000005,90.13678856023039,135.20518284034557,67.60259142017279,22.534197140057596,-45.06839428011519,4.50683942801152,180.27357712046077,-22.534197140057596,112.67098570028799,33.80129571008639,56.33549285014399,-90.13678856023039,11.267098570028798,45.06839428011519
7.7,90.14026112067904,135.21039168101856,67.60519584050928,22.53506528016976,-45.07013056033952,4.507013056033952,180.28052224135809,-22.53506528016976,112.6753264008488,33.80259792025464,56.3376632004244,-90.14026112067904,11.26753264008488,45.07013056033952
7.800000000000001,90.14373064777759,135.21559597166637,67.60779798583319,22.535932661944397,-45.071865323888794,4.50718653238888,180.28746129555518,-22.535932661944397,112.67966330972199,33.803898992916594,56.339831654860994,-90.14373064777759,11.267966330972198,45.071865323888794
7.9,90.14719715709452,135.2207957356418,67.6103978678209,22.53679928927363,-45.07359857854726,4.507359857854726,180.29439431418905,-22.53679928927363,112.68399644636816,33.80519893391045,56.34199822318408,-90.14719715709452,11.268399644636816,45.07359857854726
8.0,90.15066142680138,135.22599214020207,67.61299607010103,22.537665356700344,-45.07533071340069,4.507533071340069,180.30132285360276,-22.537665356700344,112.68832678350172,33.80649803505052,56.34416339175086,-90.15066142680138,11.268832678350172,45.07533071340069
8.1,90.15412448570122,135.23118672855182,67.61559336427591,22.538531121425304,-45.07706224285061,4.507706224285061,180.30824897140243,-22.538531121425304,112.69265560712653,33.807796682137955,56.34632780356326,-90.15412448570122,11.269265560712652,45.07706224285061
8.200000000000001,90.1575871453769,135.23638071806533,67.61819035903267,22.539396786344224,-45.07879357268845,4.507879357268845,180.3151742907538,-22.539396786344224,112.69698393172112,33.80909517951633,56.34849196586056,-90.1575871453769,11.269698393172112,45.07879357268845
8.3,90.1610496816993,135.24157452254894,67.62078726127447,22.540262420424824,-45.08052484084965,4.508052484084965,180.3220993633986,-22.540262420424824,112.70131210212412,33.810393630637236,56.35065605106206,-90.1610496816993,11.270131210212412,45.08052484084965
8.4,90.16451156782274,135.24676735173412,67.62338367586706,22.541127891955686,-45.08225578391137,4.508225578391137,180.32902313564549,-22.541127891955686,112.70563945977842,33.81169183793353,56.35281972988921,-90.16451156782274,11.270563945977843,45.08225578391137
8.5,90.16797183450491,135.25195775175737,67.62597887587869,22.541992958626228,-45.083985917252456,4.508398591725245,180.33594366900982,-22.541992958626228,112.70996479313114,33.81298943793934,56.35498239656557,-90.16797183450491,11.270996479313114,45.083985917252456
8.6,90.17142918627516,135.25714377941273,67.62857188970636,22.54285729656879,-45.08571459313758,4.5085714593137585,180.34285837255032,-22.54285729656879,112.71428648284396,33.81428594485318,56.35714324142198,-90.17142918627516,11.271428648284395,45.08571459313758
8.700000000000001,90.17488189427817,135.26232284141724,67.63116142070862,22.543720473569543,-45.087440947139086,4.508744094713909,180.34976378855634,-22.543720473569543,112.71860236784772,33.81558071035431,56.35930118392386,-90.17488189427817,11.271860236784772,45.087440947139086
8.8,90.17832783951793,135.2674917592769,67.63374587963845,22.544581959879483,-45.08916391975897,4.508916391975897,180.35665567903587,-22.544581959879483,112.72290979939741,33.81687293981923,56.36145489969871,-90.17832783951793,11.272290979939742,45.08916391975897
8.9,90.18176573198961,135.2726485979844,67.6363242989922,22.545441432997404,-45.09088286599481,4.509088286599481,180.36353146397923,-22.545441432997404,112.72720716498702,33.8181621494961,56.36360358249351,-90.18176573198961,11.272720716498702,45.09088286599481
9.0,90.18519467628114,135.27779201442172,67.63889600721086,22.546298669070286,-45.09259733814057,4.509259733814058,180.37038935256228,-22.546298669070286,112.73149334535142,33.81944800360543,56.36574667267571,-90.18519467628114,11.273149334535143,45.09259733814057
9.1,90.18861348211708,135.2829202231756,67.6414601115878,22.54715337052927,-45.09430674105854,4.509430674105854,180.37722696423415,-22.54715337052927,112.73576685264635,33.8207300557939,56.367883426323175,-90.18861348211708,11.273576685264635,45.09430674105854
9.200000000000001,90.19201929464279,135.28802894196417,67.64401447098209,22.548004823660698,-45.096009647321395,4.509600964732139,180.38403858928558,-22.548004823660698,112.7400241183035,33.82200723549104,56.37001205915175,-90.19201929464279,11.274002411830349,45.096009647321395
9.3,90.19541009074054,135.2931151361108,67.6465575680554,22.548852522685134,-45.09770504537027,4.509770504537027,180.39082018148108,-22.548852522685134,112.74426261342568,33.8232787840277,56.37213130671284,-90.19541009074054,11.274426261342567,45.09770504537027
9.4,90.19878476279757,135.29817714419636,67.64908857209818,22.549696190699393,-45.099392381398786,4.509939238139879,180.39756952559515,-22.549696190699393,112.74848095349697,33.82454428604909,56.37424047674848,-90.19878476279757,11.274848095349697,45.099392381398786
9.5,90.20214280978824,135.30321421468236,67.65160710734118,22.55053570244706,-45.10107140489412,4.510107140489413,180.40428561957648,-22.55053570244706,112.7526785122353,33.82580355367059,56.37633925611765,-90.20214280978824,11.27526785122353,45.10107140489412
9.600000000000001,90.20548483851839,135.3082272577776,67.6541136288888,22.551371209629597,-45.102742419259194,4.510274241925919,180.41096967703677,-22.551371209629597,112.75685604814798,33.8270568144444,56.37842802407399,-90.20548483851839,11.275685604814798,45.102742419259194
9.700000000000001,90.20881150065907,135.3132172509886,67.6566086254943,22.552202875164767,-45.10440575032953,4.510440575032954,180.41762300131813,-22.552202875164767,112.76101437582383,33.82830431274715,56.38050718791192,-90.20881150065907,11.276101437582383,45.10440575032953
9.8,90.21212388379972,135.31818582569957,67.65909291284979,22.55303097094993,-45.10606194189986,4.510606194189986,180.42424776759944,-22.55303097094993,112.76515485474965,33.82954645642489,56.38257742737483,-90.21212388379972,11.276515485474965,45.10606194189986
9.9,90.21542280383176,135.32313420574764,67.66156710287382,22.55385570095794,-45.10771140191588,4.510771140191588,180.4308456076635,-22.55385570095794,112.7692785047897,33.83078355143691,56.38463925239485,-90.21542280383176,11.27692785047897,45.10771140191588
10.0,90.21870888003475,135.32806332005214,67.66403166002607,22.55467722000869,-45.10935444001738,4.5109354440017375,180.4374177600695,-22.55467722000869,112.77338610004344,33.832015830013034,56.38669305002172,-90.21870888003475,11.277338610004344,45.10935444001738
10.100000000000001,90.22198242864378,135.33297364296567,67.66648682148283,22.555495607160946,-45.11099121432189,4.511099121432189,180.44396485728757,-22.555495607160946,112.77747803580473,33.83324341074142,56.38873901790237,-90.22198242864378,11.277747803580473,45.11099121432189
10.200000000000001,90.22524319353948,135.33786479030923,67.66893239515461,22.55631079838487,-45.11262159676974,4.511262159676974,180.45048638707897,-22.55631079838487,112.78155399192435,33.834466197577306,56.39077699596218,-90.22524319353948,11.278155399192435,45.11262159676974
10.3,90.22848987560852,135.3427348134128,67.6713674067064,22.55712246890213,-45.11424493780426,4.511424493780426,180.45697975121703,-22.55712246890213,112.78561234451064,33.8356837033532,56.39280617225532,-90.22848987560852,11.278561234451065,45.11424493780426
10.4,90.23172004818481,135.34758007227722,67.67379003613861,22.557930012046203,-45.115860024092406,4.511586002409241,180.46344009636962,-22.557930012046203,112.78965006023101,33.836895018069306,56.394825030115506,-90.23172004818481,11.278965006023101,45.115860024092406
10.5,90.23492930448336,135.35239395672505,67.67619697836253,22.55873232612084,-45.11746465224168,4.511746465224168,180.46985860896672,-22.55873232612084,112.79366163060419,33.83809848918126,56.396830815302096,-90.23492930448336,11.27936616306042,45.11746465224168
10.600000000000001,90.23811280835697,135.35716921253547,67.67858460626773,22.559528202089243,-45.11905640417849,4.511905640417849,180.47622561671395,-22.559528202089243,112.79764101044621,33.83929230313387,56.39882050522311,-90.23811280835697,11.279764101044622,45.11905640417849
10.700000000000001,90.2412657421074,135.3618986131611,67.68094930658054,22.56031643552685,-45.1206328710537,4.51206328710537,180.4825314842148,-22.56031643552685,112.80158217763426,33.84047465329027,56.40079108881713,-90.2412657421074,11.280158217763425,45.1206328710537
10.8,90.24438327827383,135.36657491741073,67.68328745870537,22.561095819568457,-45.122191639136915,4.5122191639136915,180.48876655654766,-22.561095819568457,112.8054790978423,33.84164372935268,56.40273954892115,-90.24438327827383,11.280547909784229,45.122191639136915
10.9,90.24746051055463,135.37119076583195,67.68559538291598,22.561865127638658,-45.123730255277316,4.512373025527732,180.49492102110926,-22.561865127638658,112.80932563819329,33.84279769145799,56.40466281909664,-90.24746051055463,11.280932563819329,45.123730255277316
11.0,90.25049359458875,135.3757403918831,67.68787019594156,22.562623398647187,-45.12524679729437,4.512524679729437,180.5009871891775,-22.562623398647187,112.81311699323594,33.84393509797078,56.40655849661797,-90.25049359458875,11.281311699323593,45.12524679729437
11.100000000000001,90.2534793802783,135.38021907041747,67.69010953520873,22.563369845069577,-45.12673969013915,4.512673969013916,180.5069587605566,-22.563369845069577,112.81684922534788,33.84505476760437,56.40842461267394,-90.2534793802783,11.281684922534788,45.12673969013915
11.200000000000001,90.25641544608872,135.38462316913308,67.69231158456654,22.56410386152218,-45.12820772304436,4.512820772304436,180.51283089217745,-22.56410386152218,112.82051930761091,33.84615579228327,56.410259653805454,-90.25641544608872,11.28205193076109,45.12820772304436
11.3,90.25930060962617,135.38895091443925,67.69447545721962,22.56482515240654,-45.12965030481308,4.5129650304813085,180.51860121925233,-22.56482515240654,112.82412576203271,33.84723772860981,56.412062881016354,-90.25930060962617,11.28241257620327,45.12965030481308
11.4,90.26213500456882,135.39320250685324,67.69660125342662,22.565533751142205,-45.13106750228441,4.513106750228441,180.52427000913764,-22.565533751142205,112.82766875571102,33.84830062671331,56.41383437785551,-90.26213500456882,11.282766875571102,45.13106750228441
11.5,90.26491822788086,135.39737734182128,67.69868867091064,22.566229556970214,-45.13245911394043,4.513245911394043,180.5298364557617,-22.566229556970214,112.83114778485107,33.84934433545532,56.415573892425535,-90.26491822788086,11.283114778485107,45.13245911394043
11.600000000000001,90.2676483689036,135.4014725533554,67.7007362766777,22.5669120922259,-45.1338241844518,4.51338241844518,180.5352967378072,-22.5669120922259,112.83456046112948,33.85036813833885,56.41728023056474,-90.2676483689036,11.28345604611295,45.1338241844518
11.700000000000001,90.27032347173903,135.40548520760854,67.70274260380427,22.56758086793476,-45.13516173586952,4.513516173586952,180.54064694347807,-22.56758086793476,112.8379043396738,33.851371301902134,56.4189521698369,-90.27032347173903,11.28379043396738,45.13516173586952
11.8,90.2729421197101,135.40941317956515,67.70470658978257,22.568235529927524,-45.13647105985505,4.513647105985505,180.5458842394202,-22.568235529927524,112.84117764963761,33.85235329489129,56.42058882481881,-90.2729421197101,11.284117764963762,45.13647105985505
11.9,90.27550391736698,135.41325587605047,67.70662793802524,22.568875979341744,-45.13775195868349,4.513775195868349,180.55100783473395,-22.568875979341744,112.84437989670872,33.85331396901262,56.42218994835436,-90.27550391736698,11.284437989670872,45.13775195868349
12.0,90.27800873152694,135.4170130972904,67.7085065486452,22.569502182881735,-45.13900436576347,4.513900436576347,180.55601746305388,-22.569502182881735,112.84751091440867,33.8542532743226,56.42375545720434,-90.27800873152694,11.284751091440867,45.13900436576347
12.100000000000001,90.28045862519751,135.42068793779626,67.71034396889813,22.570114656299378,-45.140229312598755,4.514022931259876,180.56091725039502,-22.570114656299378,112.85057328149689,33.855171984449065,56.425286640748446,-90.28045862519751,11.285057328149689,45.140229312598755
12.200000000000001,90.28285594500946,135.42428391751417,67.71214195875709,22.570713986252365,-45.14142797250473,4.514142797250473,180.56571189001892,-22.570713986252365,112.85356993126183,33.85607097937854,56.426784965630915,-90.28285594500946,11.285356993126182,45.14142797250473
12.3,90.28520291680135,135.42780437520202,67.71390218760101,22.57130072920034,-45.14260145840068,4.514260145840068,180.5704058336027,-22.57130072920034,112.8565036460017,33.856951093800504,56.42825182300085,-90.28520291680135,11.28565036460017,45.14260145840068
12.4,90.28750073889613,135.43125110834418,67.71562555417209,22.571875184724032,-45.143750369448064,4.514375036944807,180.57500147779226,-22.571875184724032,112.85937592362016,33.857812777086046,56.42968796181008,-90.28750073889613,11.285937592362016,45.143750369448064
12.5,90.28975117231722,135.43462675847584,67.71731337923792,22.572437793079306,-45.14487558615861,4.514487558615861,180.57950234463445,-22.572437793079306,112.86218896539653,33.85865668961896,56.43109448269826,-90.28975117231722,11.286218896539653,45.14487558615861
12.600000000000001,90.29195600567454,135.4379340085118,67.7189670042559,22.572989001418634,-45.14597800283727,4.514597800283727,180.58391201134907,-22.572989001418634,112.86494500709317,33.85948350212795,56.432472503546585,-90.29195600567454,11.286494500709317,45.14597800283727
12.700000000000001,90.29411547494462,135.4411732124169,67.72058660620846,22.573528868736155,-45.14705773747231,4.514705773747231,180.58823094988924,-22.573528868736155,112.86764434368078,33.86029330310423,56.43382217184039,-90.29411547494462,11.286764434368077,45.14705773747231
12.8,90.29622974942589,135.44434462413884,67.72217231206942,22.574057437356473,-45.148114874712945,4.514811487471294,180.59245949885178,-22.574057437356473,112.87028718678236,33.86108615603471,56.43514359339118,-90.29622974942589,11.287028718678236,45.148114874712945
12.9,90.29829977811089,135.44744966716632,67.72372483358316,22.574574944527722,-45.149149889055444,4.514914988905544,180.59659955622178,-22.574574944527722,112.87287472263861,33.86186241679158,56.43643736131931,-90.29829977811089,11.287287472263861,45.149149889055444
13.0,90.30032546855496,135.45048820283245,67.72524410141622,22.57508136713874,-45.15016273427748,4.515016273427748,180.60065093710992,-22.57508136713874,112.8754068356937,33.86262205070811,56.43770341784685,-90.30032546855496,11.28754068356937,45.15016273427748
13.100000000000001,90.30230648836256,135.45345973254385,67.72672986627192,22.57557662209064,-45.15115324418128,4.515115324418129,180.60461297672512,-22.57557662209064,112.8778831104532,33.86336493313596,56.4389415552266,-90.30230648836256,11.28778831104532,45.15115324418128
13.200000000000001,90.30424127556569,135.45636191334853,67.72818095667427,22.57606031889142,-45.15212063778284,4.515212063778285,180.60848255113137,-22.57606031889142,112.88030159445711,33.86409047833713,56.440150797228554,-90.30424127556569,11.28803015944571,45.15212063778284
13.3,90.30612739195769,135.45919108793652,67.72959554396826,22.576531847989422,-45.153063695978844,4.515306369597885,180.61225478391538,-22.576531847989422,112.88265923994712,33.86479777198413,56.44132961997356,-90.30612739195769,11.288265923994711,45.153063695978844
13.4,90.30796287052571,135.46194430578856,67.73097215289428,22.57699071763143,-45.15398143526286,4.515398143526286,180.61592574105143,-22.57699071763143,112.88495358815715,33.86548607644714,56.44247679407857,-90.30796287052571,11.288495358815714,45.15398143526286
13.5,90.30974624171085,135.46461936256628,67.73230968128314,22.577436560427714,-45.15487312085543,4.5154873120855425,180.6194924834217,-22.577436560427714,112.88718280213857,33.86615484064157,56.443591401069284,-90.30974624171085,11.288718280213857,45.15487312085543
13.600000000000001,90.31147621554553,135.46721432331827,67.73360716165914,22.57786905388638,-45.15573810777276,4.515573810777276,180.62295243109105,-22.57786905388638,112.88934526943191,33.86680358082957,56.44467263471596,-90.31147621554553,11.28893452694319,45.15573810777276
13.700000000000001,90.31315171069525,135.46972756604288,67.73486378302144,22.578287927673813,-45.156575855347626,4.515657585534763,180.6263034213905,-22.578287927673813,112.89143963836906,33.86743189151072,56.44571981918453,-90.31315171069525,11.289143963836906,45.156575855347626
13.8,90.31477126417823,135.47215689626734,67.73607844813367,22.57869281604456,-45.15738563208912,4.515738563208912,180.62954252835647,-22.57869281604456,112.8934640802228,33.868039224066834,56.4467320401114,-90.31477126417823,11.28934640802228,45.15738563208912
13.9,90.316333318041,135.4744999770615,67.73724998853075,22.57908332951025,-45.1581666590205,4.51581666590205,180.632666636082,-22.57908332951025,112.89541664755126,33.868624994265375,56.44770832377563,-90.316333318041,11.289541664755125,45.1581666590205
14.0,90.31783707548585,135.4767556132288,67.7383778066144,22.579459268871464,-45.15891853774293,4.515891853774293,180.6356741509717,-22.579459268871464,112.89729634435731,33.8691889033072,56.44864817217866,-90.31783707548585,11.289729634435732,45.15891853774293
14.100000000000001,90.31928081575514,135.4789212236327,67.73946061181636,22.579820203938784,-45.15964040787757,4.515964040787757,180.63856163151027,-22.579820203938784,112.89910101969392,33.86973030590818,56.44955050984696,-90.31928081575514,11.289910101969392,45.15964040787757
14.200000000000001,90.32066345379855,135.48099518069782,67.74049759034891,22.580165863449636,-45.16033172689927,4.516033172689927,180.6413269075971,-22.580165863449636,112.90082931724818,33.870248795174454,56.45041465862409,-90.32066345379855,11.290082931724818,45.16033172689927
14.3,90.32198524952295,135.48297787428442,67.74148893714221,22.58049631238074,-45.16099262476148,4.516099262476148,180.6439704990459,-22.58049631238074,112.9024815619037,33.870744468571104,56.45124078095185,-90.32198524952295,11.29024815619037,45.16099262476148
14.4,90.32324627559102,135.48486941338652,67.74243470669326,22.580811568897754,-45.16162313779551,4.516162313779551,180.64649255118204,-22.580811568897754,112.90405784448878,33.87121735334663,56.45202892224439,-90.32324627559102,11.290405784448877,45.16162313779551
14.5,90.32444673955636,135.48667010933454,67.74333505466727,22.58111168488909,-45.16222336977818,4.516222336977818,180.64889347911273,-22.58111168488909,112.90555842444546,33.871667527333635,56.45277921222273,-90.32444673955636,11.290555842444546,45.16222336977818
14.600000000000001,90.32558685250548,135.48838027875823,67.74419013937911,22.58139671312637,-45.16279342625274,4.516279342625274,180.65117370501096,-22.58139671312637,112.90698356563185,33.87209506968956,56.453491782815924,-90.32558685250548,11.290698356563185,45.16279342625274
14.700000000000001,90.32666689064874,135.4900003359731,67.74500016798655,22.581666722662185,-45.16333344532437,4.516333344532437,180.65333378129748,-22.581666722662185,112.90833361331093,33.87250008399327,56.454166806655465,-90.32666689064874,11.290833361331092,45.16333344532437
14.8,90.32768707762894,135.4915306164434,67.7457653082217,22.581921769407234,-45.16384353881447,4.516384353881447,180.65537415525787,-22.581921769407234,112.90960884703617,33.87288265411085,56.454804423518084,-90.32768707762894,11.290960884703617,45.16384353881447
14.9,90.3286480984466,135.49297214766992,67.74648607383496,22.58216202461165,-45.1643240492233,4.51643240492233,180.6572961968932,-22.58216202461165,112.91081012305825,33.87324303691748,56.45540506152913,-90.3286480984466,11.291081012305826,45.1643240492233
15.0,90.32955155589728,135.49432733384592,67.74716366692296,22.58238788897432,-45.16477577794864,4.5164775777948645,180.65910311179456,-22.58238788897432,112.9119394448716,33.87358183346148,56.4559697224358,-90.32955155589728,11.29119394448716,45.16477577794864
15.100000000000001,90.33039775313053,135.4955966296958,67.7477983148479,22.58259943828263,-45.16519887656526,4.516519887656527,180.66079550626105,-22.58259943828263,112.91299719141315,33.87389915742395,56.45649859570658,-90.33039775313053,11.291299719141316,45.16519887656526
15.200000000000001,90.33118595899779,135.49677893849667,67.74838946924834,22.582796489749448,-45.165592979498896,4.51655929794989,180.66237191799559,-22.582796489749448,112.91398244874725,33.87419473462417,56.456991224373624,-90.33118595899779,11.291398244874724,45.165592979498896
15.3,90.3319155048458,135.49787325726868,67.74893662863434,22.58297887621145,-45.1659577524229,4.51659577524229,180.6638310096916,-22.58297887621145,112.91489438105725,33.87446831431717,56.457447190528626,-90.3319155048458,11.291489438105724,45.1659577524229
15.4,90.332586097214,135.498879145821,67.7494395729105,22.5831465243035,-45.166293048607,4.5166293048607,180.665172194428,-22.5831465243035,112.9157326215175,33.87471978645525,56.45786631075875,-90.332586097214,11.29157326215175,45.166293048607
15.5,90.33319704725425,135.49979557088136,67.74989778544068,22.58329926181356,-45.16659852362712,4.516659852362713,180.6663940945085,-22.58329926181356,112.91649630906781,33.87494889272034,56.458248154533905,-90.33319704725425,11.29164963090678,45.16659852362712
15.600000000000001,90.33374658109216,135.50061987163824,67.75030993581912,22.58343664527304,-45.16687329054608,4.516687329054608,180.66749316218431,-22.58343664527304,112.9171832263652,33.87515496790956,56.4585916131826,-90.33374658109216,11.29171832263652,45.16687329054608
15.700000000000001,90.33423305468064,135.50134958202096,67.75067479101048,22.58355826367016,-45.16711652734032,4.516711652734032,180.66846610936128,-22.58355826367016,112.9177913183508,33.87533739550524,56.4588956591754,-90.33423305468064,11.29177913183508,45.16711652734032
15.8,90.3346555855816,135.50198337837242,67.75099168918621,22.5836638963954,-45.1673277927908,4.516732779279081,180.6693111711632,-22.5836638963954,112.918319481977,33.875495844593104,56.4591597409885,-90.3346555855816,11.2918319481977,45.1673277927908
15.9,90.3350143317332,135.50252149759982,67.75126074879991,22.5837535829333,-45.1675071658666,4.51675071658666,180.6700286634664,-22.5837535829333,112.9187679146665,33.875630374399954,56.45938395733325,-90.3350143317332,11.29187679146665,45.1675071658666
16.0,90.33530906954087,135.5029636043113,67.75148180215565,22.583827267385217,-45.167654534770435,4.516765453477044,180.67061813908174,-22.583827267385217,112.91913633692609,33.875740901077826,56.45956816846304,-90.33530906954087,11.291913633692609,45.167654534770435
16.1,90.3355411967051,135.50331179505764,67.75165589752882,22.583885299176274,-45.16777059835255,4.516777059835255,180.6710823934102,-22.583885299176274,112.91942649588137,33.87582794876441,56.459713247940684,-90.3355411967051,11.291942649588137,45.16777059835255
16.2,90.33571323146795,135.50356984720193,67.75178492360097,22.583928307866987,-45.167856615733974,4.5167856615733974,180.6714264629359,-22.583928307866987,112.91964153933493,33.87589246180048,56.459820769667466,-90.33571323146795,11.291964153933494,45.167856615733974
16.3,90.33582742504429,135.50374113756644,67.75187056878322,22.58395685626107,-45.16791371252214,4.516791371252214,180.67165485008857,-22.58395685626107,112.91978428130535,33.87593528439161,56.45989214065268,-90.33582742504429,11.291978428130536,45.16791371252214
16.400000000000002,90.33588764075364,135.50383146113046,67.75191573056523,22.58397191018841,-45.16794382037682,4.516794382037682,180.67177528150728,-22.58397191018841,112.91985955094205,33.875957865282615,56.459929775471025,-90.33588764075364,11.291985955094205,45.16794382037682
16.5,90.33589893483261,135.50384840224893,67.75192420112447,22.583974733708153,-45.16794946741631,4.516794946741631,180.67179786966523,-22.583974733708153,112.91987366854076,33.875962100562234,56.45993683427038,-90.33589893483261,11.291987366854077,45.16794946741631
16.6,90.33586682890518,135.50380024335777,67.75190012167889,22.583966707226296,-45.16793341445259,4.5167933414452595,180.67173365781036,-22.583966707226296,112.91983353613148,33.87595006083944,56.45991676806574,-90.33586682890518,11.291983353613148,45.16793341445259
16.7,90.33579451211502,135.50369176817253,67.75184588408626,22.583948628028754,-45.16789725605751,4.516789725605751,180.67158902423003,-22.583948628028754,112.91974314014377,33.87592294204313,56.45987157007188,-90.33579451211502,11.291974314014377,45.16789725605751
16.8,90.33568457471378,135.50352686207066,67.75176343103533,22.583921143678445,-45.16784228735689,4.516784228735689,180.67136914942756,-22.583921143678445,112.91960571839223,33.875881715517664,56.45980285919612,-90.33568457471378,11.291960571839223,45.16784228735689
16.900000000000002,90.3355395413061,135.50330931195916,67.75165465597958,22.583884885326526,-45.16776977065305,4.516776977065305,180.6710790826122,-22.583884885326526,112.91942442663263,33.87582732798979,56.459712213316315,-90.3355395413061,11.291942442663263,45.16776977065305
17.0,90.3353620427126,135.5030430640689,67.75152153203445,22.58384051067815,-45.1676810213563,4.5167681021356305,180.6707240854252,-22.58384051067815,112.91920255339076,33.87576076601722,56.45960127669538,-90.3353620427126,11.291920255339075,45.1676810213563
17.1,90.33515595609556,135.50273393414335,67.75136696707168,22.58378898902389,-45.16757797804778,4.516757797804778,180.67031191219112,-22.58378898902389,112.91894494511945,33.87568348353584,56.459472472559725,-90.33515595609556,11.291894494511945,45.16757797804778
17.2,90.3349258199487,135.50238872992304,67.75119436496152,22.583731454987173,-45.16746290997435,4.5167462909974345,180.6698516398974,-22.583731454987173,112.91865727493587,33.87559718248076,56.459328637467934,-90.3349258199487,11.291865727493587,45.16746290997435
17.3,90.33467505643269,135.50201258464904,67.75100629232452,22.58366876410817,-45.16733752821634,4.516733752821635,180.66935011286537,-22.58366876410817,112.91834382054085,33.87550314616226,56.45917191027043,-90.33467505643269,11.291834382054086,45.16733752821634
17.400000000000002,90.33440603962885,135.50160905944327,67.75080452972163,22.58360150990721,-45.16720301981442,4.516720301981443,180.6688120792577,-22.58360150990721,112.91800754953606,33.87540226486082,56.45900377476803,-90.33440603962885,11.291800754953606,45.16720301981442
17.5,90.33412074300132,135.50118111450197,67.75059055725099,22.58353018575033,-45.16706037150066,4.516706037150066,180.66824148600264,-22.58353018575033,112.91765092875166,33.875295278625494,56.45882546437583,-90.33412074300132,11.291765092875165,45.16706037150066
17.6,90.33381968903426,135.50072953355138,67.75036476677569,22.583454922258564,-45.16690984451713,4.516690984451713,180.66763937806851,-22.583454922258564,112.91727461129283,33.875182383387845,56.45863730564641,-90.33381968903426,11.291727461129282,45.16690984451713
17.7,90.33350232481622,135.50025348722434,67.75012674361217,22.583375581204056,-45.16675116240811,4.516675116240811,180.66700464963245,-22.583375581204056,112.91687790602028,33.875063371806085,56.45843895301014,-90.33350232481622,11.291687790602028,45.16675116240811
17.8,90.33316934398565,135.49975401597845,67.74987700798923,22.58329233599641,-45.16658467199282,4.516658467199282,180.6663386879713,-22.58329233599641,112.91646167998206,33.87493850399461,56.45823083999103,-90.33316934398565,11.291646167998206,45.16658467199282
17.900000000000002,90.33282284853767,135.49923427280652,67.74961713640326,22.58320571213442,-45.16641142426884,4.5166411424268835,180.66564569707535,-22.58320571213442,112.91602856067209,33.87480856820163,56.458014280336045,-90.33282284853767,11.29160285606721,45.16641142426884
18.0,90.33246636421593,135.4986995463239,67.74934977316195,22.583116591053983,-45.166233182107966,4.516623318210796,180.66493272843186,-22.583116591053983,112.91558295526991,33.874674886580976,56.457791477634956,-90.33246636421593,11.291558295526992,45.166233182107966
18.1,90.33210427902293,135.4981564185344,67.7490782092672,22.583026069755732,-45.166052139511464,4.516605213951147,180.66420855804586,-22.583026069755732,112.91513034877866,33.8745391046336,56.45756517438933,-90.33210427902293,11.291513034877866,45.166052139511464
18.2,90.33174150925825,135.4976122638874,67.7488061319437,22.582935377314563,-45.165870754629125,4.516587075462913,180.6634830185165,-22.582935377314563,112.9146768865728,33.87440306597185,56.4573384432864,-90.33174150925825,11.291467688657281,45.165870754629125
18.3,90.3313833463575,135.49707501953625,67.74853750976813,22.582845836589374,-45.16569167317875,4.516569167317875,180.662766692715,-22.582845836589374,112.91422918294687,33.87426875488406,56.457114591473434,-90.3313833463575,11.291422918294687,45.16569167317875
18.400000000000002,90.33103637027682,135.49655455541523,67.74827727770761,22.582759092569205,-45.16551818513841,4.516551818513841,180.66207274055364,-22.582759092569205,112.91379546284602,33.87413863885381,56.45689773142301,-90.33103637027682,11.291379546284602,45.16551818513841
18.5,90.33070923867052,135.49606385800578,67.74803192900289,22.58267730966763,-45.16535461933526,4.516535461933526,180.66141847734104,-22.58267730966763,112.91338654833815,33.874015964501446,56.456693274169076,-90.33070923867052,11.291338654833815,45.16535461933526
18.6,90.33041062453346,135.4956159368002,67.7478079684001,22.582602656133364,-45.16520531226673,4.516520531226673,180.6608212490669,-22.582602656133364,112.91301328066682,33.87390398420005,56.45650664033341,-90.33041062453346,11.291301328066682,45.16520531226673
18.7,90.33014799891001,135.49522199836503,67.74761099918251,22.582536999727502,-45.165073999455004,4.5165073999455005,180.66029599782001,-22.582536999727502,112.9126849986375,33.873805499591256,56.45634249931875,-90.33014799891001,11.291268499863751,45.165073999455004
18.8,90.32992647577616,135.49488971366424,67.74744485683212,22.58248161894404,-45.16496323788808,4.516496323788808,180.65985295155232,-22.58248161894404,112.9124080947202,33.87372242841606,56.4562040473601,-90.32992647577616,11.29124080947202,45.16496323788808
18.900000000000002,90.32974903242217,135.49462354863326,67.74731177431663,22.582437258105543,-45.164874516211086,4.516487451621109,180.65949806484434,-22.582437258105543,112.91218629052771,33.873655887158314,56.45609314526386,-90.32974903242217,11.291218629052771,45.164874516211086
19.0,90.3296184744323,135.49442771164843,67.74721385582421,22.582404618608074,-45.16480923721615,4.516480923721615,180.6592369488646,-22.582404618608074,112.91202309304037,33.87360692791211,56.45601154652019,-90.3296184744323,11.291202309304037,45.16480923721615
19.1,90.32953633403265,135.494304501049,67.7471522505245,22.582384083508163,-45.16476816701633,4.5164768167016325,180.6590726680653,-22.582384083508163,112.91192041754081,33.87357612526225,56.455960208770406,-90.32953633403265,11.291192041754082,45.16476816701633
19.200000000000003,90.32950486998021,135.49425730497032,67.74712865248516,22.582376217495053,-45.164752434990106,4.516475243499011,180.65900973996042,-22.582376217495053,112.91188108747527,33.87356432624258,56.45594054373763,-90.32950486998021,11.291188108747527,45.164752434990106
19.3,90.32952685964844,135.49429028947264,67.74714514473632,22.58238171491211,-45.16476342982422,4.516476342982422,180.65905371929688,-22.58238171491211,112.91190857456056,33.87357257236816,56.45595428728028,-90.32952685964844,11.291190857456055,45.16476342982422
19.400000000000002,90.32960682671792,135.4944102400769,67.74720512003844,22.58240170667948,-45.16480341335896,4.516480341335896,180.65921365343584,-22.58240170667948,112.9120085333974,33.87360256001922,56.4560042666987,-90.32960682671792,11.29120085333974,45.16480341335896
19.5,90.32974940388132,135.49462410582197,67.74731205291098,22.58243735097033,-45.16487470194066,4.5164874701940665,180.65949880776265,-22.58243735097033,112.91218675485166,33.87365602645549,56.45609337742583,-90.32974940388132,11.291218675485165,45.16487470194066
19.6,90.32995862375823,135.49493793563735,67.74746896781868,22.582489655939558,-45.164979311879115,4.516497931187912,180.65991724751646,-22.582489655939558,112.91244827969778,33.87373448390934,56.45622413984889,-90.32995862375823,11.291244827969779,45.164979311879115
19.700000000000003,90.33023756575648,135.49535634863472,67.74767817431736,22.58255939143912,-45.16511878287824,4.516511878287824,180.66047513151295,-22.58255939143912,112.9127969571956,33.87383908715868,56.4563984785978,-90.33023756575648,11.29127969571956,45.16511878287824
19.8,90.33058866853217,135.49588300279825,67.74794150139913,22.582647167133043,-45.165294334266086,4.516529433426609,180.66117733706434,-22.582647167133043,112.91323583566522,33.87397075069956,56.45661791783261,-90.33058866853217,11.291323583566522,45.165294334266086
19.900000000000002,90.33101477826985,135.49652216740478,67.74826108370239,22.58275369456746,-45.16550738913492,4.516550738913493,180.6620295565397,-22.58275369456746,112.9137684728373,33.874130541851194,56.45688423641865,-90.33101477826985,11.29137684728373,45.16550738913492
20.0,90.3315187719456,135.4972781579184,67.7486390789592,22.5828796929864,-45.1657593859728,4.51657593859728,180.6630375438912,-22.5828796929864,112.91439846493199,33.8743195394796,56.457199232465996,-90.3315187719456,11.2914398464932,45.1657593859728
20.1,90.3321038118109,135.49815571771634,67.74907785885817,22.583025952952724,-45.16605190590545,4.516605190590545,180.6642076236218,-22.583025952952724,112.91512976476362,33.874538929429086,56.45756488238181,-90.3321038118109,11.291512976476362,45.16605190590545
20.200000000000003,90.33277292926074,135.49915939389112,67.74957969694556,22.583193232315185,-45.16638646463037,4.516638646463037,180.66554585852148,-22.583193232315185,112.91596616157592,33.87478984847278,56.45798308078796,-90.33277292926074,11.291596616157593,45.16638646463037
20.3,90.33352943130234,135.5002941469535,67.75014707347675,22.583382357825585,-45.16676471565117,4.516676471565117,180.66705886260468,-22.583382357825585,112.91691178912792,33.87507353673838,56.45845589456396,-90.33352943130234,11.291691178912792,45.16676471565117
20.400000000000002,90.33437726510347,135.5015658976552,67.7507829488276,22.583594316275867,-45.167188632551735,4.516718863255174,180.66875453020694,-22.583594316275867,112.91797158137933,33.8753914744138,56.45898579068967,-90.33437726510347,11.291797158137934,45.167188632551735
20.5,90.33531952074885,135.5029792811233,67.75148964056164,22.583829880187213,-45.16765976037443,4.516765976037443,180.6706390414977,-22.583829880187213,112.91914940093606,33.87574482028082,56.45957470046803,-90.33531952074885,11.291914940093607,45.16765976037443
20.6,90.33635888550477,135.50453832825715,67.75226916412858,22.58408972137619,-45.16817944275238,4.516817944275238,180.67271777100953,-22.58408972137619,112.92044860688095,33.87613458206429,56.46022430344048,-90.33635888550477,11.292044860688096,45.16817944275238
20.700000000000003,90.33749694702315,135.50624542053473,67.75312271026736,22.58437423675579,-45.16874847351158,4.516874847351158,180.6749938940463,-22.58437423675579,112.92187118377895,33.87656135513368,56.46093559188947,-90.33749694702315,11.292187118377894,45.16874847351158
20.8,90.33873565701096,135.50810348551644,67.75405174275822,22.58468391425274,-45.16936782850548,4.516936782850548,180.67747131402191,-22.58468391425274,112.9234195712637,33.87702587137911,56.46170978563185,-90.33873565701096,11.29234195712637,45.16936782850548
20.900000000000002,90.34007694321117,135.51011541481677,67.75505770740838,22.585019235802793,-45.17003847160559,4.5170038471605585,180.68015388642235,-22.585019235802793,112.92509617901396,33.87752885370419,56.46254808950698,-90.34007694321117,11.292509617901397,45.17003847160559
21.0,90.3415224973277,135.51228374599157,67.75614187299578,22.585380624331926,-45.17076124866385,4.517076124866385,180.6830449946554,-22.585380624331926,112.92690312165962,33.87807093649789,56.46345156082981,-90.3415224973277,11.292690312165963,45.17076124866385
21.1,90.34307514938811,135.51461272408216,67.75730636204108,22.58576878734703,-45.17153757469406,4.517153757469406,180.68615029877623,-22.58576878734703,112.92884393673515,33.87865318102054,56.464421968367574,-90.34307514938811,11.292884393673514,45.17153757469406
21.200000000000003,90.34473678228434,135.5171051734265,67.75855258671325,22.586184195571086,-45.17236839114217,4.517236839114218,180.6894735645687,-22.586184195571086,112.93092097785544,33.879276293356625,56.46546048892772,-90.34473678228434,11.293092097785543,45.17236839114217
21.3,90.34651014506008,135.51976521759013,67.75988260879507,22.58662753626502,-45.17325507253004,4.5173255072530045,180.69302029012016,-22.58662753626502,112.93313768132509,33.87994130439753,56.466568840662546,-90.34651014506008,11.29331376813251,45.17325507253004
21.400000000000002,90.34839646167183,135.52259469250774,67.76129734625387,22.587099115417956,-45.17419823083591,4.517419823083592,180.69679292334365,-22.587099115417956,112.93549557708978,33.880648673126935,56.46774778854489,-90.34839646167183,11.293549557708978,45.17419823083591
21.5,90.35039710662633,135.52559565993948,67.76279782996974,22.587599276656583,-45.175198553313166,4.517519855331317,180.70079421325266,-22.587599276656583,112.93799638328292,33.88139891498487,56.46899819164146,-90.35039710662633,11.293799638328291,45.175198553313166
21.6,90.3525131217726,135.5287696826589,67.76438484132944,22.58812828044315,-45.1762565608863,4.51762565608863,180.7050262435452,-22.58812828044315,112.94064140221576,33.88219242066472,56.47032070110788,-90.3525131217726,11.294064140221575,45.1762565608863
21.700000000000003,90.35474396027656,135.53211594041485,67.76605797020743,22.58868599006914,-45.17737198013828,4.517737198013829,180.70948792055313,-22.58868599006914,112.9434299503457,33.883028985103714,56.47171497517285,-90.35474396027656,11.29434299503457,45.17737198013828
21.8,90.3570868867742,135.5356303301613,67.76781516508065,22.58927172169355,-45.1785434433871,4.51785434433871,180.7141737735484,-22.58927172169355,112.94635860846775,33.883907582540324,56.473179304233874,-90.3570868867742,11.294635860846775,45.1785434433871
21.900000000000002,90.35953883678592,135.53930825517887,67.76965412758943,22.58988470919648,-45.17976941839296,4.517976941839296,180.71907767357183,-22.58988470919648,112.9494235459824,33.88482706379472,56.4747117729912,-90.35953883678592,11.29494235459824,45.17976941839296
22.0,90.36209706451814,135.5431455967772,67.7715727983886,22.590524266129535,-45.18104853225907,4.518104853225907,180.72419412903628,-22.590524266129535,112.95262133064767,33.8857863991943,56.47631066532384,-90.36209706451814,11.295262133064767,45.18104853225907
22.1,90.36475919219346,135.5471387882902,67.7735693941451,22.591189798048365,-45.18237959609673,4.518237959609674,180.72951838438692,-22.591189798048365,112.95594899024182,33.88678469707255,56.47797449512091,-90.36475919219346,11.295594899024183,45.18237959609673
22.200000000000003,90.36752316475477,135.55128474713217,67.77564237356609,22.591880791188693,-45.183761582377386,4.518376158237738,180.73504632950954,-22.591880791188693,112.95940395594346,33.88782118678304,56.47970197797173,-90.36752316475477,11.295940395594346,45.183761582377386
22.3,90.37038568206171,135.55557852309255,67.77778926154627,22.592596420515427,-45.185192841030855,4.5185192841030855,180.74077136412342,-22.592596420515427,112.96298210257714,33.88889463077314,56.48149105128857,-90.37038568206171,11.296298210257714,45.185192841030855
22.400000000000002,90.37334157412195,135.56001236118294,67.78000618059147,22.593335393530488,-45.186670787060976,4.518667078706097,180.7466831482439,-22.593335393530488,112.96667696765243,33.890003090295735,56.483338483826216,-90.37334157412195,11.296667696765244,45.186670787060976
22.5,90.37638540097277,135.56457810145915,67.78228905072957,22.59409635024319,-45.18819270048638,4.518819270048638,180.75277080194553,-22.59409635024319,112.97048175121596,33.89114452536479,56.48524087560798,-90.37638540097277,11.297048175121596,45.18819270048638
22.6,90.37951158822251,135.56926738233378,67.78463369116689,22.59487789705563,-45.18975579411126,4.5189755794111255,180.75902317644503,-22.59487789705563,112.97438948527814,33.892316845583444,56.48719474263907,-90.37951158822251,11.297438948527814,45.18975579411126
22.700000000000003,90.3827162646202,135.5740743969303,67.78703719846516,22.59567906615505,-45.1913581323101,4.51913581323101,180.7654325292404,-22.59567906615505,112.97839533077524,33.89351859923258,56.48919766538762,-90.3827162646202,11.297839533077525,45.1913581323101
22.8,90.3859945170964,135.57899177564462,67.78949588782231,22.5964986292741,-45.1929972585482,4.519299725854821,180.7719890341928,-22.5964986292741,112.9824931463705,33.894747943911156,56.49124657318525,-90.3859945170964,11.29824931463705,45.1929972585482
22.900000000000002,90.38934248278957,135.58401372418436,67.79200686209218,22.597335620697393,-45.194671241394786,4.519467124139479,180.77868496557915,-22.597335620697393,112.98667810348697,33.89600343104609,56.49333905174348,-90.38934248278957,11.298667810348697,45.194671241394786
23.0,90.39275704049805,135.58913556074708,67.79456778037354,22.598189260124514,-45.19637852024903,4.5196378520249025,180.7855140809961,-22.598189260124514,112.99094630062257,33.89728389018677,56.495473150311284,-90.39275704049805,11.299094630062257,45.19637852024903
23.1,90.39623559782105,135.59435339673158,67.79717669836579,22.59905889945526,-45.19811779891052,4.519811779891053,180.7924711956421,-22.59905889945526,112.9952944972763,33.898588349182894,56.49764724863815,-90.39623559782105,11.29952944972763,45.19811779891052
23.200000000000003,90.39977527381618,135.59966291072425,67.79983145536212,22.599943818454044,-45.19988763690809,4.519988763690809,180.79955054763235,-22.599943818454044,112.99971909227023,33.89991572768106,56.49985954613511,-90.39977527381618,11.299971909227022,45.19988763690809
23.3,90.40337253371268,135.60505880056903,67.80252940028451,22.60084313342817,-45.20168626685634,4.520168626685634,180.80674506742537,-22.60084313342817,113.00421566714085,33.90126470014226,56.50210783357043,-90.40337253371268,11.300421566714085,45.20168626685634
23.400000000000002,90.40702234385557,135.61053351578335,67.80526675789167,22.601755585963893,-45.20351117192779,4.520351117192779,180.81404468771115,-22.601755585963893,113.00877792981947,33.902633378945836,56.50438896490974,-90.40702234385557,11.300877792981947,45.20351117192779
23.5,90.4107179571115,135.61607693566725,67.80803846783363,22.602679489277875,-45.20535897855575,4.520535897855575,180.821435914223,-22.602679489277875,113.01339744638938,33.90401923391681,56.50669872319469,-90.4107179571115,11.301339744638938,45.20535897855575
23.6,90.41445293927158,135.62167940890737,67.81083970445368,22.603613234817896,-45.20722646963579,4.52072264696358,180.82890587854317,-22.603613234817896,113.01806617408948,33.90541985222684,56.50903308704474,-90.41445293927158,11.301806617408948,45.20722646963579
23.700000000000003,90.41821895010078,135.62732842515118,67.81366421257559,22.604554737525195,-45.20910947505039,4.5209109475050395,180.83643790020156,-22.604554737525195,113.02277368762597,33.906832106287794,56.511386843812986,-90.41821895010078,11.302277368762597,45.20910947505039
23.8,90.4220068928072,135.6330103392108,67.8165051696054,22.6055017232018,-45.2110034464036,4.52110034464036,180.8440137856144,-22.6055017232018,113.027508616009,33.9082525848027,56.5137543080045,-90.4220068928072,11.3027508616009,45.2110034464036
23.900000000000002,90.42580676960388,135.63871015440583,67.81935507720291,22.60645169240097,-45.21290338480194,4.521290338480195,180.85161353920776,-22.60645169240097,113.03225846200485,33.90967753860146,56.516129231002424,-90.42580676960388,11.303225846200485,45.21290338480194
24.0,90.42960731102383,135.64441096653576,67.82220548326788,22.607401827755957,-45.214803655511915,4.5214803655511915,180.85921462204766,-22.607401827755957,113.03700913877978,33.91110274163394,56.51850456938989,-90.42960731102383,11.303700913877979,45.214803655511915
24.1,90.43339656721469,135.65009485082203,67.82504742541101,22.60834914180367,-45.21669828360734,4.521669828360735,180.86679313442937,-22.60834914180367,113.04174570901836,33.91252371270551,56.52087285450918,-90.43339656721469,11.304174570901836,45.21669828360734
24.200000000000003,90.43716229827417,135.65574344741125,67.82787172370563,22.609290574568544,-45.21858114913709,4.521858114913709,180.87432459654835,-22.609290574568544,113.04645287284272,33.91393586185281,56.52322643642136,-90.43716229827417,11.304645287284272,45.21858114913709
24.3,90.44089391181005,135.66134086771507,67.83067043385753,22.610223477952513,-45.220446955905025,4.522044695590503,180.8817878236201,-22.610223477952513,113.05111738976257,33.91533521692877,56.52555869488128,-90.44089391181005,11.305111738976256,45.220446955905025
24.400000000000002,90.44458312698036,135.66687469047054,67.83343734523527,22.61114578174509,-45.22229156349018,4.5222291563490185,180.88916625396072,-22.61114578174509,113.05572890872546,33.916718672617634,56.52786445436273,-90.44458312698036,11.305572890872545,45.22229156349018
24.5,90.44822303755973,135.6723345563396,67.8361672781698,22.612055759389932,-45.224111518779864,4.522411151877987,180.89644607511946,-22.612055759389932,113.06027879694966,33.9180836390849,56.53013939847483,-90.44822303755973,11.306027879694966,45.224111518779864
24.6,90.45180688368154,135.6777103255223,67.83885516276115,22.612951720920385,-45.22590344184077,4.522590344184077,180.90361376736308,-22.612951720920385,113.06475860460193,33.919427581380575,56.53237930230097,-90.45180688368154,11.306475860460193,45.22590344184077
24.700000000000003,90.45532904040286,135.6829935606043,67.84149678030215,22.613832260100715,-45.22766452020143,4.522766452020143,180.91065808080572,-22.613832260100715,113.06916130050357,33.920748390151076,56.53458065025178,-90.45532904040286,11.306916130050357,45.22766452020143
24.8,90.45878420647928,135.68817630971893,67.84408815485946,22.61469605161982,-45.22939210323964,4.5229392103239645,180.91756841295856,-22.61469605161982,113.0734802580991,33.92204407742973,56.53674012904955,-90.45878420647928,11.30734802580991,45.22939210323964
24.900000000000002,90.46216588658085,135.69324882987127,67.84662441493563,22.615541471645212,-45.231082943290424,4.523108294329043,180.9243317731617,-22.615541471645212,113.07770735822606,33.923312207467816,56.53885367911303,-90.46216588658085,11.307770735822606,45.231082943290424
25.0,90.46546881571594,135.6982032235739,67.84910161178695,22.616367203928984,-45.23273440785797,4.523273440785797,180.93093763143187,-22.616367203928984,113.08183601964492,33.924550805893475,56.54091800982246,-90.46546881571594,11.308183601964492,45.23273440785797
25.1,90.46868680694118,135.70303021041178,67.85151510520589,22.617171701735295,-45.23434340347059,4.523434340347059,180.93737361388236,-22.617171701735295,113.08585850867647,33.925757552602946,56.54292925433823,-90.46868680694118,11.308585850867647,45.23434340347059
25.200000000000003,90.47181565056891,135.70772347585336,67.85386173792668,22.61795391264223,-45.23590782528446,4.523590782528446,180.94363130113783,-22.61795391264223,113.08976956321115,33.92693086896334,56.544884781605575,-90.47181565056891,11.308976956321114,45.23590782528446
25.3,90.47485378299172,135.71228067448757,67.85614033724379,22.61871344574793,-45.23742689149586,4.523742689149586,180.94970756598343,-22.61871344574793,113.09356722873964,33.92807016862189,56.54678361436982,-90.47485378299172,11.309356722873964,45.23742689149586
25.400000000000002,90.47780109844382,135.71670164766573,67.85835082383286,22.619450274610955,-45.23890054922191,4.523890054922191,180.95560219688764,-22.619450274610955,113.09725137305477,33.92917541191643,56.54862568652739,-90.47780109844382,11.309725137305477,45.23890054922191
25.5,90.48065818577868,135.72098727866802,67.86049363933401,22.62016454644467,-45.24032909288934,4.524032909288934,180.96131637155736,-22.62016454644467,113.10082273222335,33.930246819667005,56.550411366111675,-90.48065818577868,11.310082273222335,45.24032909288934
25.6,90.48342571994898,135.72513857992348,67.86256928996174,22.620856429987246,-45.24171285997449,4.52417128599745,180.96685143989797,-22.620856429987246,113.10428214993622,33.93128464498087,56.55214107496811,-90.48342571994898,11.310428214993623,45.24171285997449
25.700000000000003,90.4861047890004,135.7291571835006,67.8645785917503,22.6215261972501,-45.2430523945002,4.52430523945002,180.9722095780008,-22.6215261972501,113.10763098625048,33.93228929587515,56.55381549312524,-90.4861047890004,11.31076309862505,45.2430523945002
25.8,90.48869787483557,135.73304681225335,67.86652340612667,22.62217446870889,-45.24434893741778,4.524434893741779,180.97739574967113,-22.62217446870889,113.11087234354446,33.93326170306334,56.55543617177223,-90.48869787483557,11.311087234354446,45.24434893741778
25.900000000000002,90.49120642591537,135.73680963887304,67.86840481943652,22.62280160647884,-45.24560321295768,4.524560321295769,180.98241285183073,-22.62280160647884,113.11400803239421,33.93420240971826,56.557004016197105,-90.49120642591537,11.31140080323942,45.24560321295768
26.0,90.49363180834094,135.7404477125114,67.8702238562557,22.623407952085234,-45.24681590417047,4.524681590417047,180.98726361668187,-22.623407952085234,113.11703976042617,33.93511192812785,56.55851988021308,-90.49363180834094,11.311703976042617,45.24681590417047
26.1,90.49597385781126,135.7439607867169,67.87198039335846,22.623993464452816,-45.24798692890563,4.524798692890563,180.99194771562253,-22.623993464452816,113.11996732226407,33.93599019667923,56.55998366113204,-90.49597385781126,11.311996732226408,45.24798692890563
26.200000000000003,90.49823180122267,135.747347701834,67.873673850917,22.624557950305668,-45.249115900611336,4.524911590061134,180.99646360244535,-22.624557950305668,113.12278975152834,33.9368369254585,56.56139487576417,-90.49823180122267,11.312278975152834,45.249115900611336
26.3,90.5004058609013,135.75060879135194,67.87530439567597,22.625101465225324,-45.25020293045065,4.525020293045065,181.0008117218026,-22.625101465225324,113.12550732612662,33.937652197837984,56.56275366306331,-90.5004058609013,11.312550732612662,45.25020293045065
26.400000000000002,90.5024957769094,135.75374366536408,67.87687183268204,22.62562394422735,-45.2512478884547,4.52512478884547,181.0049915538188,-22.62562394422735,113.12811972113676,33.93843591634102,56.56405986056838,-90.5024957769094,11.312811972113675,45.2512478884547
26.5,90.50450236073297,135.75675354109944,67.87837677054972,22.626125590183243,-45.252251180366486,4.525225118036649,181.00900472146594,-22.626125590183243,113.13062795091622,33.93918838527486,56.56531397545811,-90.50450236073297,11.313062795091621,45.252251180366486
26.6,90.50642624402373,135.7596393660356,67.8798196830178,22.626606561005932,-45.253213122011864,4.525321312201187,181.01285248804746,-22.626606561005932,113.13303280502966,33.9399098415089,56.56651640251483,-90.50642624402373,11.313303280502966,45.253213122011864
26.700000000000003,90.50826776371801,135.76240164557703,67.88120082278851,22.627066940929502,-45.254133881859005,4.525413388185901,181.01653552743602,-22.627066940929502,113.1353347046475,33.94060041139426,56.56766735232375,-90.50826776371801,11.313533470464751,45.254133881859005
26.8,90.51002673816781,135.7650401072517,67.88252005362585,22.627506684541952,-45.255013369083905,4.52550133690839,181.02005347633562,-22.627506684541952,113.13753342270977,33.94126002681293,56.56876671135488,-90.51002673816781,11.313753342270976,45.255013369083905
26.900000000000002,90.51170348943859,135.7675552341579,67.88377761707895,22.627925872359647,-45.255851744719294,4.52558517447193,181.02340697887718,-22.627925872359647,113.13962936179823,33.941888808539474,56.569814680899114,-90.51170348943859,11.313962936179824,45.255851744719294
27.0,90.5132971807526,135.7699457711289,67.88497288556445,22.62832429518815,-45.2566485903763,4.52566485903763,181.0265943615052,-22.62832429518815,113.14162147594075,33.942486442782226,56.570810737970376,-90.5132971807526,11.314162147594075,45.2566485903763
27.1,90.51480703083908,135.77221054625863,67.88610527312932,22.62870175770977,-45.25740351541954,4.5257403515419545,181.02961406167816,-22.62870175770977,113.14350878854884,33.94305263656466,56.57175439427442,-90.51480703083908,11.314350878854885,45.25740351541954
27.200000000000003,90.51623276925918,135.77434915388875,67.88717457694437,22.629058192314794,-45.25811638462959,4.525811638462959,181.03246553851835,-22.629058192314794,113.14529096157398,33.94358728847219,56.57264548078699,-90.51623276925918,11.314529096157397,45.25811638462959
27.3,90.51757375939569,135.77636063909353,67.88818031954676,22.629393439848922,-45.258786879697844,4.525878687969785,181.03514751879138,-22.629393439848922,113.14696719924461,33.94409015977338,56.57348359962231,-90.51757375939569,11.314696719924461,45.258786879697844
27.400000000000002,90.51882868950383,135.77824303425575,67.88912151712788,22.62970717237596,-45.25941434475192,4.525941434475192,181.03765737900767,-22.62970717237596,113.1485358618798,33.94456075856394,56.5742679309399,-90.51882868950383,11.31485358618798,45.25941434475192
27.5,90.51999636844427,135.7799945526664,67.8899972763332,22.629999092111067,-45.259998184222134,4.525999818422213,181.03999273688854,-22.629999092111067,113.14999546055533,33.9449986381666,56.574997730277666,-90.51999636844427,11.314999546055533,45.259998184222134
27.6,90.52107521482864,135.78161282224295,67.89080641112147,22.63026880370716,-45.26053760741432,4.526053760741433,181.04215042965728,-22.63026880370716,113.15134401853581,33.94540320556074,56.575672009267905,-90.52107521482864,11.31513440185358,45.26053760741432
27.700000000000003,90.52206574286762,135.78309861430142,67.89154930715071,22.630516435716906,-45.26103287143381,4.526103287143381,181.04413148573525,-22.630516435716906,113.15258217858454,33.945774653575356,56.57629108929227,-90.52206574286762,11.315258217858453,45.26103287143381
27.8,90.52296979233724,135.78445468850586,67.89222734425293,22.63074244808431,-45.26148489616862,4.526148489616862,181.04593958467447,-22.63074244808431,113.15371224042154,33.946113672126465,56.57685612021077,-90.52296979233724,11.315371224042154,45.26148489616862
27.900000000000002,90.52378953085687,135.7856842962853,67.89284214814265,22.63094738271422,-45.26189476542844,4.526189476542844,181.04757906171375,-22.63094738271422,113.1547369135711,33.946421074071324,56.57736845678555,-90.52378953085687,11.31547369135711,45.26189476542844
28.0,90.52452811266613,135.7867921689992,67.8933960844996,22.631132028166533,-45.262264056333066,4.526226405633307,181.04905622533227,-22.631132028166533,113.15566014083267,33.9466980422498,56.57783007041633,-90.52452811266613,11.315566014083267,45.262264056333066
28.1,90.52518949243901,135.7877842386585,67.89389211932925,22.631297373109753,-45.262594746219506,4.526259474621951,181.05037898487802,-22.631297373109753,113.15648686554877,33.946946059664626,56.578243432774386,-90.52518949243901,11.315648686554876,45.262594746219506
28.200000000000003,90.5257767804808,135.7886651707212,67.8943325853606,22.6314441951202,-45.2628883902404,4.52628883902404,181.0515535609616,-22.6314441951202,113.15722097560099,33.9471662926803,56.578610487800496,-90.5257767804808,11.3157220975601,45.2628883902404
28.3,90.52629239767425,135.7894385965114,67.8947192982557,22.631573099418564,-45.26314619883713,4.5263146198837125,181.0525847953485,-22.631573099418564,113.15786549709281,33.94735964912785,56.57893274854641,-90.52629239767425,11.315786549709282,45.26314619883713
28.400000000000002,90.52673785276463,135.79010677914692,67.89505338957346,22.631684463191156,-45.26336892638231,4.5263368926382315,181.05347570552925,-22.631684463191156,113.15842231595579,33.94752669478673,56.579211157977895,-90.52673785276463,11.315842231595578,45.26336892638231
28.5,90.52711429684358,135.79067144526536,67.89533572263268,22.631778574210895,-45.26355714842179,4.526355714842179,181.05422859368716,-22.631778574210895,113.15889287105448,33.94766786131634,56.57944643552724,-90.52711429684358,11.315889287105447,45.26355714842179
28.6,90.5274236950921,135.79113554263813,67.89556777131907,22.631855923773024,-45.26371184754605,4.526371184754605,181.0548473901842,-22.631855923773024,113.15927961886513,33.94778388565953,56.579639809432564,-90.5274236950921,11.315927961886512,45.26371184754605
28.700000000000003,90.5276678302874,135.7915017454311,67.89575087271555,22.63191695757185,-45.2638339151437,4.52638339151437,181.0553356605748,-22.63191695757185,113.15958478785925,33.947875436357776,56.57979239392962,-90.5276678302874,11.315958478785925,45.2638339151437
28.8,90.52784597765655,135.79176896648482,67.89588448324241,22.63196149441414,-45.26392298882828,4.526392298882828,181.0556919553131,-22.63196149441414,113.1598074720707,33.947942241621206,56.57990373603535,-90.52784597765655,11.31598074720707,45.26392298882828
28.900000000000002,90.52795530860699,135.7919329629105,67.89596648145525,22.631988827151748,-45.263977654303496,4.5263977654303496,181.05591061721398,-22.631988827151748,113.15994413575874,33.94798324072762,56.57997206787937,-90.52795530860699,11.315994413575874,45.263977654303496
29.0,90.52799306837682,135.79198960256522,67.89599480128261,22.631998267094204,-45.26399653418841,4.526399653418841,181.05598613675363,-22.631998267094204,113.15999133547102,33.947997400641306,56.57999566773551,-90.52799306837682,11.315999133547102,45.26399653418841
29.1,90.52795826276515,135.79193739414774,67.89596869707387,22.63198956569129,-45.26397913138258,4.526397913138258,181.0559165255303,-22.63198956569129,113.15994782845644,33.947984348536934,56.57997391422822,-90.52795826276515,11.315994782845644,45.26397913138258
29.200000000000003,90.52785056224562,135.79177584336844,67.89588792168422,22.631962640561404,-45.26392528112281,4.526392528112281,181.05570112449124,-22.631962640561404,113.15981320280702,33.94794396084211,56.57990660140351,-90.52785056224562,11.315981320280702,45.26392528112281
29.3,90.52766832782036,135.79150249173054,67.89575124586527,22.63191708195509,-45.26383416391018,4.526383416391019,181.05533665564073,-22.63191708195509,113.15958540977546,33.947875622932635,56.57979270488773,-90.52766832782036,11.315958540977546,45.26383416391018
29.400000000000002,90.52740838737107,135.7911125810566,67.8955562905283,22.631852096842767,-45.263704193685534,4.526370419368553,181.05481677474214,-22.631852096842767,113.15926048421383,33.94777814526415,56.579630242106916,-90.52740838737107,11.315926048421383,45.263704193685534
29.5,90.52706702292875,135.79060053439312,67.89530026719656,22.631766755732187,-45.263533511464374,4.5263533511464376,181.0541340458575,-22.631766755732187,113.15883377866093,33.94765013359828,56.57941688933047,-90.52706702292875,11.315883377866093,45.263533511464374
29.6,90.52664080552856,135.78996120829282,67.89498060414641,22.63166020138214,-45.26332040276428,4.526332040276428,181.05328161105712,-22.63166020138214,113.1583010069107,33.947490302073206,56.57915050345535,-90.52664080552856,11.31583010069107,45.26332040276428
29.700000000000003,90.52612714877007,135.78919072315512,67.89459536157756,22.631531787192518,-45.263063574385036,4.526306357438504,181.05225429754014,-22.631531787192518,113.15765893596259,33.94729768078878,56.57882946798129,-90.52612714877007,11.315765893596259,45.263063574385036
29.8,90.52552271239455,135.78828406859182,67.89414203429591,22.631380678098637,-45.262761356197274,4.526276135619727,181.0510454247891,-22.631380678098637,113.15690339049318,33.947071017147955,56.57845169524659,-90.52552271239455,11.315690339049318,45.262761356197274
29.900000000000002,90.52482497120849,135.78723745681273,67.89361872840637,22.631206242802122,-45.262412485604244,4.526241248560424,181.04964994241698,-22.631206242802122,113.15603121401061,33.94680936420318,56.578015607005305,-90.52482497120849,11.315603121401061,45.262412485604244
30.0,90.52403205441802,135.78604808162703,67.89302404081351,22.631008013604504,-45.26201602720901,4.526201602720901,181.04806410883603,-22.631008013604504,113.15504006802252,33.94651202040676,56.57752003401126,-90.52403205441802,11.315504006802252,45.26201602720901
30.1,90.5231421253044,135.7847131879566,67.8923565939783,22.6307855313261,-45.2615710626522,4.52615710626522,181.0462842506088,-22.6307855313261,113.1539276566305,33.94617829698915,56.57696382831525,-90.5231421253044,11.31539276566305,45.2615710626522
30.200000000000003,90.52215473211145,135.78323209816716,67.89161604908358,22.63053868302786,-45.26107736605572,4.526107736605573,181.0443094642229,-22.63053868302786,113.15269341513931,33.94580802454179,56.576346707569655,-90.52215473211145,11.31526934151393,45.26107736605572
30.3,90.5210692287443,135.78160384311644,67.89080192155822,22.630267307186074,-45.26053461437215,4.526053461437215,181.0421384574886,-22.630267307186074,113.15133653593037,33.94540096077911,56.575668267965185,-90.5210692287443,11.315133653593037,45.26053461437215
30.400000000000002,90.5198850227893,135.77982753418394,67.88991376709197,22.629971255697324,-45.25994251139465,4.525994251139465,181.0397700455786,-22.629971255697324,113.14985627848662,33.944956883545984,56.57492813924331,-90.5198850227893,11.314985627848662,45.25994251139465
30.5,90.51860155144463,135.77790232716694,67.88895116358347,22.629650387861158,-45.259300775722316,4.525930077572232,181.03720310288926,-22.629650387861158,113.1482519393058,33.944475581791735,56.5741259696529,-90.51860155144463,11.314825193930579,45.259300775722316
30.6,90.51721785169552,135.77582677754327,67.88791338877164,22.62930446292388,-45.25860892584776,4.5258608925847765,181.03443570339104,-22.62930446292388,113.1465223146194,33.94395669438582,56.5732611573097,-90.51721785169552,11.31465223146194,45.25860892584776
30.700000000000003,90.51573313777895,135.77359970666842,67.88679985333421,22.628933284444738,-45.257866568889476,4.525786656888948,181.0314662755579,-22.628933284444738,113.1446664222237,33.943399926667105,56.57233321111185,-90.51573313777895,11.314466642222369,45.257866568889476
30.8,90.51414736598588,135.77122104897882,67.88561052448941,22.62853684149647,-45.25707368299294,4.525707368299294,181.02829473197176,-22.62853684149647,113.14268420748235,33.942805262244704,56.57134210374117,-90.51414736598588,11.314268420748235,45.25707368299294
30.900000000000002,90.51245865151353,135.7686879772703,67.88434398863515,22.62811466287838,-45.25622932575676,4.5256229325756765,181.02491730302705,-22.62811466287838,113.1405733143919,33.942171994317576,56.57028665719595,-90.51245865151353,11.31405733143919,45.25622932575676
31.0,90.51066448653398,135.76599672980097,67.88299836490049,22.627666121633496,-45.25533224326699,4.5255332243267,181.02132897306797,-22.627666121633496,113.13833060816748,33.941499182450244,56.56916530408374,-90.51066448653398,11.313833060816748,45.25533224326699
31.1,90.50876350182325,135.7631452527349,67.88157262636744,22.627190875455813,-45.25438175091163,4.525438175091163,181.0175270036465,-22.627190875455813,113.13595437727906,33.94078631318372,56.56797718863953,-90.50876350182325,11.313595437727907,45.25438175091163
31.200000000000003,90.50675389627044,135.76013084440567,67.88006542220283,22.62668847406761,-45.25337694813522,4.525337694813522,181.01350779254088,-22.62668847406761,113.13344237033805,33.940032711101416,56.56672118516902,-90.50675389627044,11.313344237033805,45.25337694813522
31.3,90.5046351257936,135.7569526886904,67.8784763443452,22.6261587814484,-45.2523175628968,4.52523175628968,181.0092702515872,-22.6261587814484,113.130793907242,33.9392381721726,56.565396953621,-90.5046351257936,11.3130793907242,45.2523175628968
31.400000000000002,90.50240698554644,135.75361047831967,67.87680523915984,22.62560174638661,-45.25120349277322,4.525120349277322,181.0048139710929,-22.62560174638661,113.12800873193305,33.93840261957992,56.564004365966525,-90.50240698554644,11.312800873193305,45.25120349277322
31.5,90.5000678642807,135.75010179642103,67.87505089821052,22.625016966070174,-45.25003393214035,4.5250033932140346,181.0001357285614,-22.625016966070174,113.12508483035087,33.93752544910526,56.562542415175436,-90.5000678642807,11.312508483035087,45.25003393214035
31.6,90.49761679954045,135.7464251993107,67.87321259965535,22.624404199885113,-45.248808399770226,4.524880839977023,180.9952335990809,-22.624404199885113,113.12202099942556,33.93660629982767,56.56101049971278,-90.49761679954045,11.312202099942557,45.248808399770226
31.700000000000003,90.4950534940153,135.74258024102295,67.87129012051147,22.623763373503824,-45.24752674700765,4.524752674700765,180.9901069880306,-22.623763373503824,113.11881686751912,33.93564506025574,56.55940843375956,-90.4950534940153,11.311881686751912,45.24752674700765
31.8,90.49237767917768,135.7385665187665,67.86928325938325,22.62309441979442,-45.24618883958884,4.524618883958884,180.98475535835536,-22.62309441979442,113.1154720989721,33.934641629691626,56.55773604948605,-90.49237767917768,11.31154720989721,45.24618883958884
31.900000000000002,90.48958831805544,135.73438247708316,67.86719123854158,22.62239707951386,-45.24479415902772,4.524479415902772,180.97917663611088,-22.62239707951386,113.1119853975693,33.93359561927079,56.55599269878465,-90.48958831805544,11.31119853975693,45.24479415902772
32.0,90.48668530818144,135.73002796227215,67.86501398113607,22.62167132704536,-45.24334265409072,4.524334265409072,180.97337061636287,-22.62167132704536,113.1083566352268,33.93250699056804,56.5541783176134,-90.48668530818144,11.31083566352268,45.24334265409072
32.1,90.48366989993264,135.72550484989895,67.86275242494948,22.62091747498316,-45.24183494996632,4.524183494996632,180.96733979986527,-22.62091747498316,113.1045873749158,33.93137621247474,56.5522936874579,-90.48366989993264,11.31045873749158,45.24183494996632
32.2,90.48054309055661,135.72081463583493,67.86040731791746,22.620135772639152,-45.240271545278304,4.524027154527831,180.96108618111322,-22.620135772639152,113.10067886319575,33.93020365895873,56.55033943159788,-90.48054309055661,11.310067886319576,45.240271545278304
32.300000000000004,90.4773060069645,135.71595901044674,67.85797950522337,22.619326501741124,-45.23865300348225,4.523865300348225,180.954612013929,-22.619326501741124,113.09663250870562,33.928989752611685,56.54831625435281,-90.4773060069645,11.309663250870562,45.23865300348225
32.4,90.47395868727823,135.71093803091733,67.85546901545867,22.618489671819557,-45.23697934363911,4.523697934363912,180.94791737455645,-22.618489671819557,113.09244835909779,33.92773450772933,56.546224179548894,-90.47395868727823,11.309244835909778,45.23697934363911
32.5,90.47050185199923,135.70575277799884,67.85287638899942,22.617625462999808,-45.235250925999615,4.523525092599962,180.94100370399846,-22.617625462999808,113.08812731499904,33.92643819449971,56.54406365749952,-90.47050185199923,11.308812731499904,45.235250925999615
32.6,90.46693598881129,135.70040398321692,67.85020199160846,22.61673399720282,-45.23346799440564,4.5233467994405645,180.93387197762257,-22.61673399720282,113.08366998601412,33.92510099580423,56.54183499300706,-90.46693598881129,11.30836699860141,45.23346799440564
32.7,90.46326041760302,135.69489062640454,67.84744531320227,22.615815104400756,-45.23163020880151,4.523163020880151,180.92652083520605,-22.615815104400756,113.07907552200378,33.923722656601136,56.53953776100189,-90.46326041760302,11.307907552200378,45.23163020880151
32.800000000000004,90.45947593895575,135.68921390843363,67.84460695421681,22.614868984738937,-45.229737969477874,4.522973796947787,180.9189518779115,-22.614868984738937,113.07434492369468,33.92230347710841,56.53717246184734,-90.45947593895575,11.307434492369469,45.229737969477874
32.9,90.4555840927287,135.68337613909304,67.84168806954652,22.613896023182175,-45.22779204636435,4.522779204636435,180.9111681854574,-22.613896023182175,113.06948011591088,33.92084403477326,56.53474005795544,-90.4555840927287,11.306948011591087,45.22779204636435
33.0,90.45158709688123,135.67738064532185,67.83869032266092,22.612896774220307,-45.22579354844061,4.522579354844061,180.90317419376245,-22.612896774220307,113.06448387110153,33.91934516133046,56.532241935550765,-90.45158709688123,11.306448387110153,45.22579354844061
33.1,90.4474862524431,135.67122937866463,67.83561468933232,22.611871563110775,-45.22374312622155,4.522374312622155,180.8949725048862,-22.611871563110775,113.05935781555388,33.91780734466616,56.52967890777694,-90.4474862524431,11.305935781555387,45.22374312622155
33.2,90.44328305930486,135.6649245889573,67.83246229447865,22.610820764826215,-45.22164152965243,4.522164152965243,180.88656611860972,-22.610820764826215,113.05410382413108,33.91623114723932,56.52705191206554,-90.44328305930486,11.305410382413108,45.22164152965243
33.300000000000004,90.43897998068931,135.65846997103398,67.82923498551699,22.609744995172328,-45.219489990344655,4.521948999034466,180.87795996137862,-22.609744995172328,113.04872497586163,33.914617492758495,56.524362487930816,-90.43897998068931,11.304872497586164,45.219489990344655
33.4,90.43457986378905,135.65186979568358,67.82593489784179,22.608644965947263,-45.21728993189453,4.521728993189453,180.8691597275781,-22.608644965947263,113.04322482973632,33.912967448920895,56.52161241486816,-90.43457986378905,11.304322482973632,45.21728993189453
33.5,90.43008511992626,135.64512767988938,67.82256383994469,22.607521279981565,-45.21504255996313,4.521504255996313,180.86017023985252,-22.607521279981565,113.03760639990783,33.911281919972346,56.518803199953915,-90.43008511992626,11.303760639990783,45.21504255996313
33.6,90.42549781589317,135.63824672383976,67.81912336191988,22.60637445397329,-45.21274890794658,4.5212748907946585,180.85099563178633,-22.60637445397329,113.03187226986645,33.90956168095994,56.51593613493323,-90.42549781589317,11.303187226986646,45.21274890794658
33.7,90.42082059650755,135.63123089476133,67.81561544738067,22.60520514912689,-45.21041029825378,4.521041029825378,180.8416411930151,-22.60520514912689,113.02602574563444,33.90780772369033,56.51301287281722,-90.42082059650755,11.302602574563444,45.21041029825378
33.800000000000004,90.41605760838006,135.62408641257008,67.81204320628504,22.604014402095014,-45.20802880419003,4.520802880419003,180.83211521676012,-22.604014402095014,113.02007201047508,33.90602160314252,56.51003600523754,-90.41605760838006,11.302007201047507,45.20802880419003
33.9,90.41121374256966,135.6168206138545,67.80841030692724,22.602803435642414,-45.20560687128483,4.520560687128483,180.82242748513931,-22.602803435642414,113.01401717821207,33.90420515346362,56.507008589106036,-90.41121374256966,11.301401717821207,45.20560687128483
34.0,90.40629386642078,135.60944079963116,67.80472039981558,22.601573466605196,-45.20314693321039,4.52031469332104,180.81258773284156,-22.601573466605196,113.00786733302598,33.90236019990779,56.50393366651299,-90.40629386642078,11.300786733302598,45.20314693321039
34.1,90.40130294728418,135.60195442092626,67.80097721046313,22.600325736821045,-45.20065147364209,4.5200651473642095,180.80260589456836,-22.600325736821045,113.00162868410523,33.900488605231565,56.500814342052614,-90.40130294728418,11.300162868410522,45.20065147364209
34.2,90.39624591385272,135.59436887077908,67.79718443538954,22.59906147846318,-45.19812295692636,4.5198122956926365,180.79249182770545,-22.59906147846318,112.99530739231591,33.89859221769477,56.497653696157954,-90.39624591385272,11.29953073923159,45.19812295692636
34.300000000000004,90.39112624713184,135.58668937069774,67.79334468534887,22.59778156178296,-45.19556312356592,4.519556312356592,180.78225249426367,-22.59778156178296,112.9889078089148,33.896672342674435,56.4944539044574,-90.39112624713184,11.29889078089148,45.19556312356592
34.4,90.3859478871692,135.57892183075379,67.78946091537689,22.5964869717923,-45.1929739435846,4.51929739435846,180.7718957743384,-22.5964869717923,112.9824348589615,33.894730457688446,56.49121742948075,-90.3859478871692,11.29824348589615,45.1929739435846
34.5,90.38071647948883,135.57107471923325,67.78553735961663,22.595179119872206,-45.19035823974441,4.519035823974441,180.76143295897765,-22.595179119872206,112.97589559936102,33.89276867980831,56.48794779968051,-90.38071647948883,11.297589559936103,45.19035823974441
34.6,90.3754370642164,135.5631555963246,67.7815777981623,22.5938592660541,-45.1877185321082,4.51877185321082,180.7508741284328,-22.5938592660541,112.9692963302705,33.89078889908115,56.48464816513525,-90.3754370642164,11.29692963302705,45.1877185321082
34.7,90.3701145446168,135.5551718169252,67.7775859084626,22.5925286361542,-45.1850572723084,4.51850572723084,180.7402290892336,-22.5925286361542,112.962643180771,33.8887929542313,56.4813215903855,-90.3701145446168,11.2962643180771,45.1850572723084
34.800000000000004,90.3647532396899,135.54712985953486,67.77356492976743,22.591188309922476,-45.18237661984495,4.518237661984496,180.7295064793798,-22.591188309922476,112.95594154961238,33.886782464883716,56.47797077480619,-90.3647532396899,11.295594154961238,45.18237661984495
34.9,90.35935570132405,135.53903355198608,67.76951677599304,22.589838925331012,-45.179677850662024,4.517967785066203,180.7187114026481,-22.589838925331012,112.94919462665506,33.88475838799652,56.47459731332753,-90.35935570132405,11.294919462665506,45.179677850662024
35.0,90.35392431315613,135.53088646973418,67.76544323486709,22.588481078289032,-45.176962156578064,4.517696215657806,180.70784862631226,-22.588481078289032,112.94240539144516,33.882721617433546,56.47120269572258,-90.35392431315613,11.294240539144516,45.176962156578064
35.1,90.34846308675539,135.5226946301331,67.76134731506654,22.587115771688847,-45.174231543377694,4.517423154337769,180.69692617351078,-22.587115771688847,112.93557885844423,33.88067365753327,56.467789429222115,-90.34846308675539,11.293557885844423,45.174231543377694
35.2,90.34297592814931,135.51446389222397,67.75723194611199,22.58574398203733,-45.17148796407466,4.517148796407466,180.68595185629863,-22.58574398203733,112.92871991018664,33.87861597305599,56.46435995509332,-90.34297592814931,11.292871991018664,45.17148796407466
35.300000000000004,90.33746851958702,135.50620277938054,67.75310138969027,22.584367129896755,-45.16873425979351,4.516873425979351,180.67493703917404,-22.584367129896755,112.92183564948377,33.876550694845136,56.460917824741884,-90.33746851958702,11.292183564948377,45.16873425979351
35.4,90.33194782218733,135.497921733281,67.7489608666405,22.582986955546833,-45.165973911093666,4.516597391109367,180.66389564437466,-22.582986955546833,112.91493477773416,33.87448043332025,56.45746738886708,-90.33194782218733,11.291493477773416,45.165973911093666
35.5,90.32641953695709,135.48962930543564,67.74481465271782,22.581604884239272,-45.163209768478545,4.5163209768478545,180.65283907391418,-22.581604884239272,112.90802442119636,33.87240732635891,56.45401221059818,-90.32641953695709,11.290802442119636,45.163209768478545
35.6,90.32088877789609,135.48133316684414,67.74066658342207,22.580222194474022,-45.160444388948044,4.516044438894805,180.64177755579217,-22.580222194474022,112.9011109723701,33.870333291711034,56.45055548618505,-90.32088877789609,11.290111097237011,45.160444388948044
35.7,90.31535980553683,135.47303970830524,67.73651985415262,22.578839951384207,-45.157679902768415,4.515767990276841,180.63071961107366,-22.578839951384207,112.89419975692104,33.86825992707631,56.44709987846052,-90.31535980553683,11.289419975692104,45.157679902768415
35.800000000000004,90.30983742158654,135.46475613237982,67.73237806618991,22.577459355396634,-45.15491871079327,4.515491871079327,180.61967484317307,-22.577459355396634,112.88729677698316,33.866189033094955,56.44364838849158,-90.30983742158654,11.288729677698317,45.15491871079327
35.9,90.30432723656097,135.45649085484143,67.72824542742072,22.57608180914024,-45.15216361828048,4.515216361828048,180.60865447312193,-22.57608180914024,112.88040904570121,33.86412271371036,56.44020452285061,-90.30432723656097,11.28804090457012,45.15216361828048
36.0,90.29883416809999,135.44825125215,67.724125626075,22.574708542024997,-45.14941708404999,4.514941708405,180.59766833619997,-22.574708542024997,112.87354271012498,33.8620628130375,56.43677135506249,-90.29883416809999,11.287354271012498,45.14941708404999
36.1,90.2933636298966,135.4400454448449,67.72002272242246,22.57334090747415,-45.1466818149483,4.51466818149483,180.5867272597932,-22.57334090747415,112.86670453737075,33.86001136121123,56.433352268685375,-90.2933636298966,11.286670453737075,45.1466818149483
36.2,90.28791892916163,135.43187839374247,67.71593919687123,22.57197973229041,-45.14395946458082,4.514395946458082,180.57583785832327,-22.57197973229041,112.85989866145204,33.857969598435616,56.42994933072602,-90.28791892916163,11.285989866145204,45.14395946458082
36.300000000000004,90.28250188071505,135.42375282107258,67.71187641053629,22.57062547017876,-45.14125094035752,4.5141250940357525,180.5650037614301,-22.57062547017876,112.8531273508938,33.855938205268146,56.4265636754469,-90.28250188071505,11.28531273508938,45.14125094035752
36.4,90.27711521832381,135.4156728274857,67.70783641374285,22.569278804580954,-45.13855760916191,4.513855760916191,180.55423043664763,-22.569278804580954,112.84639402290478,33.85391820687143,56.42319701145239,-90.27711521832381,11.284639402290477,45.13855760916191
36.5,90.27176178834067,135.407642682511,67.7038213412555,22.567940447085167,-45.135880894170334,4.513588089417033,180.54352357668134,-22.567940447085167,112.83970223542583,33.85191067062775,56.419851117712916,-90.27176178834067,11.283970223542584,45.135880894170334
36.6,90.26644431175559,135.39966646763338,67.69983323381669,22.566611077938898,-45.133222155877796,4.51332221558778,180.53288862351118,-22.566611077938898,112.8330553896945,33.849916616908345,56.41652769484725,-90.26644431175559,11.283305538969449,45.133222155877796
36.7,90.26116671693951,135.39175007540928,67.69587503770464,22.56529167923488,-45.13058335846976,4.513058335846976,180.52233343387903,-22.56529167923488,112.82645839617439,33.84793751885232,56.413229198087194,-90.26116671693951,11.28264583961744,45.13058335846976
36.800000000000004,90.25593260217349,135.38389890326022,67.69194945163011,22.563983150543372,-45.127966301086744,4.512796630108674,180.51186520434698,-22.563983150543372,112.81991575271687,33.845974725815054,56.40995787635843,-90.25593260217349,11.281991575271686,45.127966301086744
36.9,90.25074587274015,135.37611880911024,67.68805940455512,22.56268646818504,-45.12537293637008,4.512537293637008,180.5014917454803,-22.56268646818504,112.81343234092519,33.84402970227756,56.406716170462595,-90.25074587274015,11.28134323409252,45.12537293637008
37.0,90.24561139061373,135.3684170859206,67.6842085429603,22.561402847653433,-45.122805695306866,4.512280569530687,180.49122278122746,-22.561402847653433,112.80701423826716,33.84210427148015,56.40350711913358,-90.24561139061373,11.280701423826716,45.122805695306866
37.1,90.2405325411629,135.36079881174436,67.68039940587218,22.560133135290727,-45.12026627058145,4.5120266270581455,180.4810650823258,-22.560133135290727,112.80066567645363,33.84019970293609,56.40033283822682,-90.2405325411629,11.280066567645363,45.12026627058145
37.2,90.23551194846884,135.35326792270325,67.67663396135163,22.55887798711721,-45.11775597423442,4.511775597423442,180.47102389693768,-22.55887798711721,112.79438993558605,33.83831698067581,56.39719496779303,-90.23551194846884,11.279438993558605,45.11775597423442
37.300000000000004,90.23055187094621,135.34582780641932,67.67291390320966,22.557637967736554,-45.11527593547311,4.511527593547311,180.46110374189243,-22.557637967736554,112.78818983868277,33.83645695160483,56.394094919341384,-90.23055187094621,11.278818983868277,45.11527593547311
37.4,90.22565465518367,135.3384819827755,67.66924099138775,22.55641366379592,-45.11282732759184,4.511282732759184,180.45130931036735,-22.55641366379592,112.7820683189796,33.834620495693876,56.3910341594898,-90.22565465518367,11.27820683189796,45.11282732759184
37.5,90.22082233264634,135.3312334989695,67.66561674948476,22.555205583161584,-45.11041116632317,4.511041116632317,180.44164466529267,-22.555205583161584,112.77602791580792,33.83280837474238,56.38801395790396,-90.22082233264634,11.277602791580792,45.11041116632317
37.6,90.21605694453949,135.32408541680923,67.66204270840461,22.554014236134872,-45.108028472269744,4.510802847226975,180.43211388907898,-22.554014236134872,112.77007118067436,33.831021354202306,56.38503559033718,-90.21605694453949,11.277007118067436,45.108028472269744
37.7,90.21136021203776,135.31704031805663,67.65852015902831,22.55284005300944,-45.10568010601888,4.510568010601888,180.42272042407552,-22.55284005300944,112.76420026504721,33.82926007951416,56.382100132523604,-90.21136021203776,11.27642002650472,45.10568010601888
37.800000000000004,90.20673411576072,135.3101011736411,67.65505058682055,22.55168352894018,-45.10336705788036,4.510336705788037,180.41346823152145,-22.55168352894018,112.7584176447009,33.827525293410275,56.37920882235045,-90.20673411576072,11.27584176447009,45.10336705788036
37.9,90.20217984148427,135.3032697622264,67.6516348811132,22.550544960371067,-45.10108992074213,4.510108992074214,180.40435968296853,-22.550544960371067,112.75272480185534,33.8258174405566,56.37636240092767,-90.20217984148427,11.275272480185533,45.10108992074213
38.0,90.1976975760301,135.29654636404513,67.64827318202256,22.549424394007524,-45.09884878801505,4.509884878801505,180.3953951520602,-22.549424394007524,112.74712197003763,33.82413659101128,56.37356098501881,-90.1976975760301,11.274712197003762,45.09884878801505
38.1,90.19328664317422,135.2899299647613,67.64496498238066,22.548321660793555,-45.09664332158711,4.509664332158711,180.38657328634844,-22.548321660793555,112.74160830396778,33.82248249119033,56.37080415198389,-90.19328664317422,11.274160830396777,45.09664332158711
38.2,90.1889459006054,135.2834188509081,67.64170942545405,22.54723647515135,-45.0944729503027,4.50944729503027,180.3778918012108,-22.54723647515135,112.73618237575675,33.82085471272703,56.36809118787838,-90.1889459006054,11.273618237575675,45.0944729503027
38.300000000000004,90.18467594382304,135.27701391573456,67.63850695786728,22.54616898595576,-45.09233797191152,4.509233797191152,180.36935188764608,-22.54616898595576,112.7308449297788,33.81925347893364,56.3654224648894,-90.18467594382304,11.27308449297788,45.09233797191152
38.400000000000006,90.18047777992179,135.2707166698827,67.63535833494134,22.545119444980447,-45.090238889960894,4.509023888996089,180.36095555984357,-22.545119444980447,112.72559722490223,33.81767916747067,56.362798612451115,-90.18047777992179,11.272559722490223,45.090238889960894
38.5,90.17635277720075,135.26452916580112,67.63226458290056,22.544088194300187,-45.088176388600374,4.508817638860037,180.3527055544015,-22.544088194300187,112.72044097150093,33.81613229145028,56.36022048575047,-90.17635277720075,11.272044097150093,45.088176388600374
38.6,90.17230326614802,135.25845489922204,67.62922744961102,22.543075816537005,-45.08615163307401,4.508615163307401,180.34460653229604,-22.543075816537005,112.71537908268502,33.81461372480551,56.35768954134251,-90.17230326614802,11.271537908268503,45.08615163307401
38.7,90.16833242529424,135.25249863794136,67.62624931897068,22.54208310632356,-45.08416621264712,4.508416621264712,180.33666485058848,-22.54208310632356,112.7104155316178,33.81312465948534,56.3552077658089,-90.16833242529424,11.27104155316178,45.08416621264712
38.800000000000004,90.16444173659048,135.24666260488573,67.62333130244286,22.54111043414762,-45.08222086829524,4.508222086829524,180.32888347318095,-22.54111043414762,112.70555217073809,33.81166565122143,56.352776085369044,-90.16444173659048,11.27055521707381,45.08222086829524
38.900000000000006,90.16063184668788,135.24094777003182,67.62047388501591,22.54015796167197,-45.08031592334394,4.508031592334394,180.32126369337576,-22.54015796167197,112.70078980835984,33.810236942507956,56.35039490417992,-90.16063184668788,11.270078980835985,45.08031592334394
39.0,90.15690259957583,135.23535389936376,67.61767694968188,22.539225649893957,-45.078451299787915,4.507845129978792,180.31380519915166,-22.539225649893957,112.69612824946978,33.80883847484094,56.34806412473489,-90.15690259957583,11.269612824946979,45.078451299787915
39.1,90.15325425131897,135.22988137697845,67.61494068848923,22.538313562829742,-45.076627125659485,4.507662712565948,180.30650850263794,-22.538313562829742,112.69156781414871,33.807470344244614,56.345783907074356,-90.15325425131897,11.269156781414871,45.076627125659485
39.2,90.14968675841473,135.22453013762208,67.61226506881104,22.537421689603683,-45.074843379207366,4.5074843379207366,180.29937351682946,-22.537421689603683,112.68710844801842,33.80613253440552,56.34355422400921,-90.14968675841473,11.268710844801841,45.074843379207366
39.300000000000004,90.14620057429103,135.21930086143655,67.60965043071828,22.536550143572757,-45.073100287145515,4.507310028714552,180.29240114858206,-22.536550143572757,112.68275071786378,33.80482521535914,56.34137535893189,-90.14620057429103,11.268275071786379,45.073100287145515
39.400000000000006,90.142796181254,135.214194271881,67.6070971359405,22.5356990453135,-45.071398090627,4.5071398090627,180.285592362508,-22.5356990453135,112.67849522656749,33.80354856797025,56.339247613283746,-90.142796181254,11.26784952265675,45.071398090627
39.5,90.13947498105921,135.2092124715888,67.6046062357944,22.534868745264802,-45.069737490529604,4.50697374905296,180.27894996211842,-22.534868745264802,112.67434372632401,33.8023031178972,56.337171863162006,-90.13947498105921,11.267434372632401,45.069737490529604
39.6,90.13623707316276,135.20435560974414,67.60217780487207,22.53405926829069,-45.06811853658138,4.506811853658138,180.27247414632552,-22.53405926829069,112.67029634145345,33.801088902436035,56.335148170726725,-90.13623707316276,11.267029634145345,45.06811853658138
39.7,90.13308156706326,135.1996223505949,67.59981117529745,22.533270391765814,-45.06654078353163,4.506654078353163,180.26616313412651,-22.533270391765814,112.66635195882907,33.79990558764872,56.333175979414534,-90.13308156706326,11.266635195882907,45.06654078353163
39.800000000000004,90.13000685645534,135.195010284683,67.5975051423415,22.532501714113835,-45.06500342822767,4.5065003428227675,180.26001371291068,-22.532501714113835,112.66250857056917,33.79875257117075,56.33125428528459,-90.13000685645534,11.266250857056917,45.06500342822767
39.900000000000006,90.1270100706521,135.19051510597816,67.59525755298908,22.531752517663026,-45.06350503532605,4.506350503532605,180.2540201413042,-22.531752517663026,112.65876258831513,33.79762877649454,56.329381294157564,-90.1270100706521,11.265876258831513,45.06350503532605
40.0,90.12408671582155,135.18613007373233,67.59306503686616,22.531021678955387,-45.062043357910774,4.506204335791078,180.2481734316431,-22.531021678955387,112.65510839477693,33.79653251843308,56.327554197388466,-90.12408671582155,11.265510839477693,45.062043357910774
40.1,90.12123125489873,135.1818468823481,67.59092344117406,22.530307813724683,-45.060615627449366,4.506061562744937,180.24246250979746,-22.530307813724683,112.6515390686234,33.79546172058703,56.3257695343117,-90.12123125489873,11.265153906862341,45.060615627449366
40.2,90.11843772724067,135.177656590861,67.5888282954305,22.52960943181017,-45.05921886362034,4.505921886362034,180.23687545448135,-22.52960943181017,112.64804715905085,33.79441414771525,56.324023579525424,-90.11843772724067,11.264804715905084,45.05921886362034
40.300000000000004,90.11570088889265,135.17355133333896,67.58677566666948,22.52892522222316,-45.05785044444632,4.505785044444632,180.2314017777853,-22.52892522222316,112.64462611111581,33.79338783333474,56.322313055557906,-90.11570088889265,11.26446261111158,45.05785044444632
40.400000000000006,90.11301668625215,135.16952502937824,67.58476251468912,22.528254171563038,-45.056508343126076,4.505650834312608,180.2260333725043,-22.528254171563038,112.64127085781519,33.79238125734456,56.32063542890759,-90.11301668625215,11.264127085781519,45.056508343126076
40.5,90.11038222693134,135.165573340397,67.5827866701985,22.527595556732834,-45.05519111346567,4.505519111346567,180.22076445386267,-22.527595556732834,112.63797778366417,33.79139333509925,56.318988891832085,-90.11038222693134,11.263797778366417,45.05519111346567
40.6,90.1077942948968,135.16169144234522,67.58084572117261,22.5269485737242,-45.0538971474484,4.50538971474484,180.2155885897936,-22.5269485737242,112.634742868621,33.790422860586304,56.3173714343105,-90.1077942948968,11.2634742868621,45.0538971474484
40.7,90.10524879221339,135.15787318832008,67.57893659416004,22.526312198053347,-45.052624396106694,4.50526243961067,180.21049758442678,-22.526312198053347,112.63156099026673,33.78946829708002,56.31578049513337,-90.10524879221339,11.263156099026673,45.052624396106694
40.800000000000004,90.10273962488564,135.15410943732846,67.57705471866423,22.52568490622141,-45.05136981244282,4.5051369812442825,180.2054792497713,-22.52568490622141,112.62842453110706,33.788527359332114,56.31421226555353,-90.10273962488564,11.262842453110705,45.05136981244282
40.900000000000006,90.10026159644178,135.15039239466267,67.57519619733134,22.525065399110446,-45.05013079822089,4.505013079822089,180.20052319288357,-22.525065399110446,112.62532699555223,33.78759809866567,56.312663497776114,-90.10026159644178,11.262532699555223,45.05013079822089
41.0,90.0978101138118,135.1467151707177,67.57335758535885,22.52445252845295,-45.0489050569059,4.50489050569059,180.1956202276236,-22.52445252845295,112.62226264226476,33.786678792679425,56.31113132113238,-90.0978101138118,11.262226264226475,45.0489050569059
41.1,90.09538096821788,135.1430714523268,67.5715357261634,22.52384524205447,-45.04769048410894,4.504769048410894,180.19076193643576,-22.52384524205447,112.61922621027236,33.7857678630817,56.30961310513618,-90.09538096821788,11.261922621027235,45.04769048410894
41.2,90.09297090862276,135.13945636293414,67.56972818146707,22.52324272715569,-45.04648545431138,4.504648545431138,180.18594181724552,-22.52324272715569,112.61621363577845,33.784864090733535,56.308106817889225,-90.09297090862276,11.261621363577845,45.04648545431138
41.300000000000004,90.09057876492425,135.13586814738636,67.56793407369318,22.52264469123106,-45.04528938246212,4.504528938246213,180.1811575298485,-22.52264469123106,112.61322345615531,33.78396703684659,56.306611728077655,-90.09057876492425,11.26132234561553,45.04528938246212
41.400000000000006,90.08820537761483,135.13230806642224,67.56615403321112,22.522051344403707,-45.04410268880741,4.504410268880742,180.17641075522965,-22.522051344403707,112.61025672201853,33.78307701660556,56.30512836100927,-90.08820537761483,11.261025672201853,45.04410268880741
41.5,90.08585123693182,135.12877685539772,67.56438842769886,22.521462809232954,-45.04292561846591,4.504292561846591,180.17170247386363,-22.521462809232954,112.60731404616477,33.78219421384943,56.30365702308239,-90.08585123693182,11.260731404616477,45.04292561846591
41.6,90.08351614728315,135.12527422092472,67.56263711046236,22.520879036820787,-45.041758073641574,4.504175807364158,180.1670322945663,-22.520879036820787,112.60439518410394,33.78131855523118,56.30219759205197,-90.08351614728315,11.260439518410394,45.041758073641574
41.7,90.08120045729277,135.12180068593915,67.56090034296957,22.52030011432319,-45.04060022864638,4.504060022864638,180.16240091458553,-22.52030011432319,112.60150057161596,33.78045017148479,56.30075028580798,-90.08120045729277,11.260150057161596,45.04060022864638
41.800000000000004,90.0789057739645,135.11835866094674,67.55917933047337,22.519726443491123,-45.03945288698225,4.503945288698225,180.157811547929,-22.519726443491123,112.59863221745562,33.779589665236685,56.29931610872781,-90.0789057739645,11.259863221745562,45.03945288698225
41.900000000000006,90.07663416427765,135.11495124641647,67.55747562320823,22.519158541069412,-45.038317082138825,4.503831708213883,180.1532683285553,-22.519158541069412,112.59579270534707,33.77873781160412,56.29789635267353,-90.07663416427765,11.259579270534706,45.038317082138825
42.0,90.07438597670138,135.11157896505208,67.55578948252604,22.518596494175345,-45.03719298835069,4.503719298835069,180.14877195340276,-22.518596494175345,112.59298247087672,33.77789474126302,56.29649123543836,-90.07438597670138,11.259298247087672,45.03719298835069
42.1,90.07216104637753,135.1082415695663,67.55412078478315,22.518040261594383,-45.036080523188765,4.503608052318877,180.14432209275506,-22.518040261594383,112.59020130797191,33.777060392391576,56.295100653985955,-90.07216104637753,11.259020130797191,45.036080523188765
42.2,90.0699598943174,135.1049398414761,67.55246992073805,22.51748997357935,-45.0349799471587,4.503497994715871,180.1399197886348,-22.51748997357935,112.58744986789677,33.776234960369024,56.29372493394838,-90.0699598943174,11.258744986789676,45.0349799471587
42.300000000000004,90.06778391004494,135.10167586506742,67.55083793253371,22.516945977511234,-45.03389195502247,4.503389195502247,180.13556782008988,-22.516945977511234,112.58472988755616,33.775418966266855,56.29236494377808,-90.06778391004494,11.258472988755617,45.03389195502247
42.400000000000006,90.06563359745343,135.09845039618014,67.54922519809007,22.516408399363357,-45.032816798726714,4.503281679872671,180.13126719490685,-22.516408399363357,112.58204199681678,33.774612599045035,56.29102099840839,-90.06563359745343,11.258204199681678,45.032816798726714
42.5,90.06351016570211,135.09526524855318,67.54763262427659,22.515877541425528,-45.031755082851056,4.503175508285106,180.12702033140422,-22.515877541425528,112.57938770712764,33.773816312138294,56.28969385356382,-90.06351016570211,11.257938770712764,45.031755082851056
42.6,90.06141548094286,135.09212322141428,67.54606161070714,22.515353870235714,-45.03070774047143,4.503070774047143,180.1228309618857,-22.515353870235714,112.57676935117857,33.77303080535357,56.288384675589285,-90.06141548094286,11.257676935117857,45.03070774047143
42.7,90.05935158314432,135.08902737471647,67.54451368735823,22.51483789578608,-45.02967579157216,4.502967579157216,180.11870316628864,-22.51483789578608,112.5741894789304,33.772256843679116,56.2870947394652,-90.05935158314432,11.25741894789304,45.02967579157216
42.800000000000004,90.05732145507524,135.08598218261287,67.54299109130643,22.51433036376881,-45.02866072753762,4.502866072753762,180.11464291015048,-22.51433036376881,112.57165181884405,33.77149554565322,56.28582590942202,-90.05732145507524,11.257165181884405,45.02866072753762
42.900000000000006,90.05532973958259,135.08299460937388,67.54149730468694,22.513832434895647,-45.027664869791295,4.502766486979129,180.11065947916518,-22.513832434895647,112.56916217447824,33.77074865234347,56.28458108723912,-90.05532973958259,11.256916217447824,45.027664869791295
43.0,90.05338181473562,135.0800727221034,67.5400363610517,22.513345453683904,-45.02669090736781,4.502669090736781,180.10676362947123,-22.513345453683904,112.56672726841953,33.77001818052585,56.28336363420976,-90.05338181473562,11.256672726841952,45.02669090736781
43.1,90.05148243214826,135.0772236482224,67.5386118241112,22.512870608037066,-45.02574121607413,4.502574121607413,180.10296486429652,-22.512870608037066,112.56435304018532,33.7693059120556,56.28217652009266,-90.05148243214826,11.256435304018533,45.02574121607413
43.2,90.04963463234404,135.07445194851607,67.53722597425804,22.51240865808601,-45.02481731617202,4.502481731617202,180.09926926468808,-22.51240865808601,112.56204329043004,33.76861298712902,56.28102164521502,-90.04963463234404,11.256204329043005,45.02481731617202
43.300000000000004,90.04783959701516,135.07175939552275,67.53587969776137,22.51195989925379,-45.02391979850758,4.502391979850758,180.0956791940303,-22.51195989925379,112.55979949626894,33.76793984888069,56.27989974813447,-90.04783959701516,11.255979949626894,45.02391979850758
43.400000000000006,90.04609938445543,135.06914907668315,67.53457453834157,22.511524846113858,-45.023049692227715,4.502304969222772,180.09219876891086,-22.511524846113858,112.55762423056929,33.76728726917079,56.278812115284644,-90.04609938445543,11.255762423056929,45.023049692227715
43.5,90.04441499847904,135.06662249771855,67.53331124885928,22.51110374961976,-45.02220749923952,4.502220749923953,180.08882999695808,-22.51110374961976,112.5555187480988,33.76665562442964,56.2777593740494,-90.04441499847904,11.25555187480988,45.02220749923952
43.6,90.04278744877702,135.06418117316554,67.53209058658277,22.510696862194255,-45.02139372438851,4.502139372438851,180.08557489755404,-22.510696862194255,112.55348431097127,33.766045293291384,56.276742155485636,-90.04278744877702,11.255348431097127,45.02139372438851
43.7,90.04121918134524,135.06182877201786,67.53091438600893,22.51030479533631,-45.02060959067262,4.502060959067262,180.08243836269048,-22.51030479533631,112.55152397668155,33.765457193004465,56.275761988340776,-90.04121918134524,11.255152397668155,45.02060959067262
43.800000000000004,90.03971257735829,135.05956886603744,67.52978443301872,22.509928144339572,-45.019856288679144,4.5019856288679145,180.07942515471657,-22.509928144339572,112.54964072169786,33.76489221650936,56.27482036084893,-90.03971257735829,11.254964072169786,45.019856288679144
43.900000000000006,90.03827016852848,135.05740525279273,67.52870262639637,22.50956754213212,-45.01913508426424,4.501913508426425,180.07654033705697,-22.50956754213212,112.5478377106606,33.76435131319818,56.2739188553303,-90.03827016852848,11.25478377106606,45.01913508426424
44.0,90.0368946527748,135.05534197916222,67.52767098958111,22.5092236631937,-45.0184473263874,4.50184473263874,180.0737893055496,-22.5092236631937,112.5461183159685,33.763835494790555,56.27305915798425,-90.0368946527748,11.25461183159685,45.0184473263874
44.1,90.03558645310983,135.05337967966474,67.52668983983237,22.508896613277457,-45.017793226554915,4.501779322655492,180.07117290621966,-22.508896613277457,112.54448306638729,33.763344919916186,56.27224153319364,-90.03558645310983,11.254448306638729,45.017793226554915
44.2,90.03434484920973,135.0515172738146,67.5257586369073,22.508586212302433,-45.017172424604865,4.5017172424604865,180.06868969841946,-22.508586212302433,112.54293106151216,33.76287931845365,56.27146553075608,-90.03434484920973,11.254293106151216,45.017172424604865
44.300000000000004,90.03316918315637,135.04975377473457,67.52487688736728,22.508292295789094,-45.01658459157819,4.501658459157819,180.06633836631275,-22.508292295789094,112.54146147894546,33.76243844368364,56.27073073947273,-90.03316918315637,11.254146147894547,45.01658459157819
44.400000000000006,90.03206013968108,135.0480902095216,67.5240451047608,22.50801503492027,-45.01603006984054,4.5016030069840545,180.06412027936216,-22.50801503492027,112.54007517460136,33.7620225523804,56.27003758730068,-90.03206013968108,11.254007517460135,45.01603006984054
44.5,90.03101789020498,135.04652683530747,67.52326341765374,22.507754472551245,-45.01550894510249,4.501550894510249,180.06203578040996,-22.507754472551245,112.53877236275622,33.76163170882687,56.26938618137811,-90.03101789020498,11.253877236275622,45.01550894510249
44.6,90.03004169100653,135.0450625365098,67.5225312682549,22.507510422751633,-45.015020845503265,4.501502084550327,180.06008338201306,-22.507510422751633,112.53755211375817,33.76126563412745,56.268776056879084,-90.03004169100653,11.253755211375816,45.015020845503265
44.7,90.029130762944,135.043696144416,67.521848072208,22.507282690736,-45.014565381472,4.501456538147201,180.058261525888,-22.507282690736,112.53641345368001,33.760924036104,56.268206726840006,-90.029130762944,11.253641345368,45.014565381472
44.800000000000004,90.0282840739231,135.04242611088466,67.52121305544233,22.507071018480776,-45.01414203696155,4.5014142036961555,180.0565681478462,-22.507071018480776,112.53535509240388,33.760606527721166,56.26767754620194,-90.0282840739231,11.253535509240388,45.01414203696155
44.900000000000006,90.02749896799367,135.0412484519905,67.52062422599525,22.506874741998416,-45.01374948399683,4.501374948399683,180.05499793598733,-22.506874741998416,112.53437370999208,33.760312112997624,56.26718685499604,-90.02749896799367,11.253437370999208,45.01374948399683
45.0,90.02677332289542,135.04015998434312,67.52007999217156,22.506693330723856,-45.01338666144771,4.501338666144771,180.05354664579085,-22.506693330723856,112.53346665361929,33.76003999608578,56.26673332680964,-90.02677332289542,11.253346665361928,45.01338666144771
45.1,90.02610500926683,135.03915751390025,67.51957875695012,22.506526252316707,-45.013052504633414,4.501305250463342,180.05221001853366,-22.506526252316707,112.53263126158353,33.75978937847506,56.266315630791766,-90.02610500926683,11.253263126158354,45.013052504633414
45.2,90.02549146736078,135.03823720104117,67.51911860052059,22.506372866840195,-45.01274573368039,4.501274573368039,180.05098293472156,-22.506372866840195,112.53186433420098,33.75955930026029,56.26593216710049,-90.02549146736078,11.253186433420098,45.01274573368039
45.300000000000004,90.02493086113803,135.03739629170704,67.51869814585352,22.506232715284508,-45.012465430569016,4.501246543056902,180.04986172227606,-22.506232715284508,112.53116357642254,33.75934907292676,56.26558178821127,-90.02493086113803,11.253116357642254,45.012465430569016
45.400000000000006,90.0244208780882,135.03663131713228,67.51831565856614,22.50610521952205,-45.0122104390441,4.50122104390441,180.0488417561764,-22.50610521952205,112.53052609761025,33.75915782928307,56.265263048805124,-90.0244208780882,11.253052609761024,45.0122104390441
45.5,90.02395806999874,135.0359371049981,67.51796855249906,22.505989517499685,-45.01197903499937,4.501197903499937,180.04791613999748,-22.505989517499685,112.52994758749843,33.75898427624953,56.26497379374921,-90.02395806999874,11.252994758749843,45.01197903499937
45.6,90.02354168423716,135.03531252635574,67.51765626317787,22.50588542105929,-45.01177084211858,4.501177084211858,180.04708336847432,-22.50588542105929,112.52942710529645,33.758828131588935,56.264713552648224,-90.02354168423716,11.252942710529645,45.01177084211858
45.7,90.02317047691731,135.03475571537598,67.51737785768799,22.50579261922933,-45.01158523845866,4.501158523845866,180.04634095383463,-22.50579261922933,112.52896309614664,33.758688928843995,56.26448154807332,-90.02317047691731,11.252896309614664,45.01158523845866
45.800000000000004,90.02284264224147,135.0342639633622,67.5171319816811,22.505710660560368,-45.011421321120736,4.501142132112074,180.04568528448294,-22.505710660560368,112.52855330280184,33.75856599084055,56.26427665140092,-90.02284264224147,11.252855330280184,45.011421321120736
45.900000000000006,90.02255755204138,135.03383632806208,67.51691816403104,22.505639388010344,-45.01127877602069,4.501127877602069,180.04511510408275,-22.505639388010344,112.52819694005171,33.75845908201552,56.26409847002586,-90.02255755204138,11.252819694005172,45.01127877602069
46.0,90.02231397906795,135.03347096860193,67.51673548430097,22.505578494766986,-45.01115698953397,4.501115698953398,180.0446279581359,-22.505578494766986,112.52789247383492,33.75836774215048,56.26394623691746,-90.02231397906795,11.252789247383493,45.01115698953397
46.1,90.02210962353176,135.03316443529764,67.51658221764882,22.50552740588294,-45.01105481176588,4.501105481176588,180.04421924706352,-22.50552740588294,112.5276370294147,33.75829110882441,56.26381851470735,-90.02210962353176,11.25276370294147,45.01105481176588
46.2,90.02194167728919,135.0329125159338,67.5164562579669,22.505485419322298,-45.010970838644596,4.50109708386446,180.04388335457838,-22.505485419322298,112.52742709661149,33.75822812898345,56.263713548305745,-90.02194167728919,11.252742709661149,45.010970838644596
46.300000000000004,90.02180707136417,135.03271060704625,67.51635530352313,22.50545176784104,-45.01090353568208,4.501090353568208,180.04361414272833,-22.50545176784104,112.5272588392052,33.758177651761564,56.2636294196026,-90.02180707136417,11.25272588392052,45.01090353568208
46.400000000000006,90.02170115136016,135.03255172704024,67.51627586352012,22.50542528784004,-45.01085057568008,4.501085057568008,180.04340230272032,-22.50542528784004,112.5271264392002,33.75813793176006,56.2635632196001,-90.02170115136016,11.25271264392002,45.01085057568008
46.5,90.02162023959647,135.0324303593947,67.51621517969735,22.505405059899118,-45.010810119798236,4.5010810119798235,180.04324047919295,-22.505405059899118,112.52702529949559,33.75810758984868,56.263512649747796,-90.02162023959647,11.252702529949559,45.010810119798236
46.6,90.02156142996631,135.03234214494947,67.51617107247473,22.505390357491578,-45.010780714983156,4.501078071498315,180.04312285993262,-22.505390357491578,112.52695178745789,33.75808553623737,56.263475893728945,-90.02156142996631,11.252695178745789,45.010780714983156
46.7,90.02152178618002,135.03228267927003,67.51614133963501,22.505380446545004,-45.01076089309001,4.501076089309001,180.04304357236003,-22.505380446545004,112.52690223272502,33.758070669817506,56.26345111636251,-90.02152178618002,11.252690223272502,45.01076089309001
46.800000000000004,90.02149923884394,135.03224885826592,67.51612442913296,22.505374809710986,-45.01074961942197,4.501074961942197,180.0429984776879,-22.505374809710986,112.52687404855493,33.75806221456648,56.263437024277465,-90.02149923884394,11.252687404855493,45.01074961942197
46.900000000000006,90.0214896837255,135.03223452558825,67.51611726279413,22.505372420931376,-45.01074484186275,4.501074484186275,180.042979367451,-22.505372420931376,112.52686210465689,33.75805863139706,56.26343105232844,-90.0214896837255,11.252686210465688,45.01074484186275
47.0,90.021487938776,135.03223190816402,67.51611595408201,22.505371984694,-45.010743969388,4.5010743969388,180.042975877552,-22.505371984694,112.52685992347,33.758057977041005,56.263429961735,-90.021487938776,11.252685992347,45.010743969388
47.1,90.0214895073817,135.03223426107255,67.51611713053627,22.505372376845425,-45.01074475369085,4.5010744753690854,180.0429790147634,-22.505372376845425,112.52686188422713,33.758058565268136,56.263430942113565,-90.0214895073817,11.252686188422713,45.01074475369085
47.2,90.02149257065307,135.03223885597959,67.51611942798979,22.505373142663267,-45.01074628532653,4.5010746285326535,180.04298514130613,-22.505373142663267,112.52686571331634,33.758059713994896,56.26343285665817,-90.02149257065307,11.252686571331633,45.01074628532653
47.300000000000004,90.02149611360032,135.03224417040047,67.51612208520024,22.50537402840008,-45.01074805680016,4.501074805680016,180.04299222720064,-22.50537402840008,112.5268701420004,33.75806104260012,56.2634350710002,-90.02149611360032,11.25268701420004,45.01074805680016
47.400000000000006,90.0214995108911,135.03224926633666,67.51612463316833,22.505374877722776,-45.01074975544555,4.501074975544555,180.0429990217822,-22.505374877722776,112.52687438861388,33.758062316584166,56.26343719430694,-90.0214995108911,11.252687438861388,45.01074975544555
47.5,90.02150049740337,135.03225074610503,67.51612537305252,22.50537512435084,-45.01075024870168,4.501075024870168,180.04300099480673,-22.50537512435084,112.52687562175421,33.75806268652626,56.26343781087711,-90.02150049740337,11.25268756217542,45.01075024870168
47.6,90.02149672161882,135.03224508242823,67.51612254121412,22.505374180404704,-45.01074836080941,4.501074836080941,180.04299344323763,-22.505374180404704,112.52687090202352,33.75806127060706,56.26343545101176,-90.02149672161882,11.252687090202352,45.01074836080941
47.7,90.02148541117988,135.03222811676983,67.51611405838491,22.50537135279497,-45.01074270558994,4.501074270558994,180.04297082235976,-22.50537135279497,112.52685676397485,33.75805702919246,56.263428381987424,-90.02148541117988,11.252685676397485,45.01074270558994
47.800000000000004,90.02146382702026,135.03219574053037,67.51609787026518,22.505365956755064,-45.01073191351013,4.501073191351013,180.0429276540405,-22.505365956755064,112.52682978377533,33.75804893513259,56.26341489188766,-90.02146382702026,11.252682978377532,45.01073191351013
47.900000000000006,90.02143032814743,135.03214549222116,67.51607274611058,22.505357582036858,-45.010715164073716,4.501071516407372,180.04286065629486,-22.505357582036858,112.52678791018428,33.75803637305529,56.26339395509214,-90.02143032814743,11.252678791018429,45.010715164073716
48.0,90.021383767271,135.0320756509065,67.51603782545325,22.50534594181775,-45.0106918836355,4.501069188363551,180.042767534542,-22.50534594181775,112.52672970908876,33.75801891272663,56.26336485454438,-90.021383767271,11.252672970908876,45.0106918836355
48.1,90.02132315119601,135.031984726794,67.515992363397,22.505330787799004,-45.01066157559801,4.5010661575598006,180.04264630239203,-22.505330787799004,112.52665393899503,33.7579961816985,56.26332696949751,-90.02132315119601,11.252665393899502,45.01066157559801
48.2,90.02124842250437,135.03187263375656,67.51593631687828,22.505312105626093,-45.010624211252185,4.501062421125218,180.04249684500874,-22.505312105626093,112.52656052813046,33.75796815843914,56.26328026406523,-90.02124842250437,11.252656052813046,45.010624211252185
48.300000000000004,90.02115889431275,135.03173834146912,67.51586917073456,22.505289723578187,-45.010579447156374,4.501057944715638,180.0423177886255,-22.505289723578187,112.52644861789094,33.75793458536728,56.26322430894547,-90.02115889431275,11.252644861789094,45.010579447156374
48.400000000000006,90.02105319357737,135.03157979036607,67.51578989518303,22.505263298394343,-45.01052659678869,4.5010526596788685,180.04210638715475,-22.505263298394343,112.52631649197171,33.75789494759152,56.263158245985856,-90.02105319357737,11.252631649197172,45.01052659678869
48.5,90.02093003264335,135.031395048965,67.5156975244825,22.505232508160837,-45.010465016321675,4.5010465016321675,180.0418600652867,-22.505232508160837,112.5261625408042,33.75784876224125,56.2630812704021,-90.02093003264335,11.252616254080419,45.010465016321675
48.6,90.02078899132957,135.03118348699434,67.51559174349717,22.505197247832392,-45.010394495664784,4.501039449566479,180.04157798265913,-22.505197247832392,112.52598623916197,33.757795871748584,56.26299311958098,-90.02078899132957,11.252598623916196,45.010394495664784
48.7,90.02062915442002,135.03094373163003,67.51547186581502,22.505157288605005,-45.01031457721001,4.501031457721001,180.04125830884004,-22.505157288605005,112.52578644302503,33.75773593290751,56.26289322151251,-90.02062915442002,11.252578644302503,45.01031457721001
48.800000000000004,90.02045035371808,135.03067553057713,67.51533776528856,22.50511258842952,-45.01022517685904,4.501022517685904,180.04090070743615,-22.50511258842952,112.52556294214759,33.75766888264428,56.262781471073794,-90.02045035371808,11.25255629421476,45.01022517685904
48.900000000000006,90.0202534337064,135.0303801505596,67.5151900752798,22.5050633584266,-45.0101267168532,4.50101267168532,180.0405068674128,-22.5050633584266,112.525316792133,33.7575950376399,56.2626583960665,-90.0202534337064,11.2525316792133,45.0101267168532
49.0,90.02004013823078,135.03006020734617,67.51503010367308,22.505010034557696,-45.01002006911539,4.5010020069115395,180.04008027646157,-22.505010034557696,112.52505017278848,33.75751505183654,56.26252508639424,-90.02004013823078,11.252505017278848,45.01002006911539
49.1,90.01981221359439,135.0297183203916,67.5148591601958,22.504953053398598,-45.009906106797196,4.50099061067972,180.03962442718878,-22.504953053398598,112.52476526699299,33.7574295800979,56.26238263349649,-90.01981221359439,11.252476526699299,45.009906106797196
49.2,90.01957259945839,135.02935889918757,67.51467944959379,22.504893149864596,-45.00978629972919,4.500978629972919,180.03914519891677,-22.504893149864596,112.52446574932299,33.75733972479689,56.26223287466149,-90.01957259945839,11.252446574932298,45.00978629972919
49.300000000000004,90.01932392843331,135.02898589264996,67.51449294632498,22.504830982108327,-45.009661964216654,4.500966196421666,180.03864785686662,-22.504830982108327,112.52415491054164,33.75724647316249,56.26207745527082,-90.01932392843331,11.252415491054164,45.009661964216654
49.400000000000006,90.01906760574245,135.02860140861367,67.51430070430683,22.504766901435612,-45.009533802871225,4.500953380287123,180.0381352114849,-22.504766901435612,112.52383450717807,33.75715035215342,56.26191725358903,-90.01906760574245,11.252383450717806,45.009533802871225
49.5,90.01880446158206,135.0282066923731,67.51410334618654,22.504701115395516,-45.00940223079103,4.500940223079104,180.03760892316413,-22.504701115395516,112.52350557697758,33.75705167309327,56.26175278848879,-90.01880446158206,11.252350557697758,45.00940223079103
49.6,90.01853544362301,135.0278031654345,67.51390158271725,22.504633860905752,-45.009267721811504,4.500926772181151,180.03707088724602,-22.504633860905752,112.52316930452876,33.756950791358626,56.26158465226438,-90.01853544362301,11.252316930452876,45.009267721811504
49.7,90.0182613038885,135.02739195583274,67.51369597791637,22.504565325972123,-45.00913065194425,4.500913065194425,180.036522607777,-22.504565325972123,112.52282662986062,33.756847988958185,56.26141331493031,-90.0182613038885,11.252282662986062,45.00913065194425
49.800000000000004,90.01798115300117,135.02697172950175,67.51348586475088,22.504495288250293,-45.00899057650059,4.5008990576500585,180.03596230600235,-22.504495288250293,112.52247644125147,33.75674293237544,56.261238220625735,-90.01798115300117,11.252247644125147,45.00899057650059
49.900000000000006,90.01769430456072,135.02654145684107,67.51327072842054,22.50442357614018,-45.00884715228036,4.500884715228036,180.03538860912144,-22.50442357614018,112.5221178807009,33.75663536421027,56.26105894035045,-90.01769430456072,11.25221178807009,45.00884715228036
50.0,90.0174002955055,135.02610044325826,67.51305022162913,22.504350073876374,-45.00870014775275,4.500870014775275,180.034800591011,-22.504350073876374,112.52175036938186,33.756525110814565,56.26087518469093,-90.0174002955055,11.252175036938187,45.00870014775275
50.1,90.01709770413942,135.02564655620913,67.51282327810456,22.504274426034854,-45.00854885206971,4.500854885206971,180.03419540827883,-22.504274426034854,112.52137213017427,33.75641163905228,56.260686065087135,-90.01709770413942,11.252137213017427,45.00854885206971
50.2,90.01678419267917,135.02517628901876,67.51258814450938,22.504196048169792,-45.008392096339584,4.500839209633958,180.03356838535834,-22.504196048169792,112.52098024084896,33.75629407225469,56.26049012042448,-90.01678419267917,11.252098024084896,45.008392096339584
50.300000000000004,90.01645753959173,135.0246863093876,67.5123431546938,22.50411438489793,-45.00822876979586,4.500822876979586,180.03291507918345,-22.50411438489793,112.52057192448966,33.7561715773469,56.26028596224483,-90.01645753959173,11.252057192448966,45.00822876979586
50.400000000000006,90.01611496147041,135.0241724422056,67.5120862211028,22.504028740367602,-45.008057480735204,4.50080574807352,180.03222992294081,-22.504028740367602,112.52014370183801,33.7560431105514,56.260071850919005,-90.01611496147041,11.252014370183801,45.008057480735204
50.5,90.01575415726552,135.02363123589828,67.51181561794914,22.50393853931638,-45.00787707863276,4.500787707863276,180.03150831453104,-22.50393853931638,112.5196926965819,33.75590780897457,56.25984634829095,-90.01575415726552,11.25196926965819,45.00787707863276
50.6,90.01537275800902,135.02305913701355,67.51152956850677,22.503843189502255,-45.00768637900451,4.5007686379004515,180.03074551601804,-22.503843189502255,112.51921594751127,33.75576478425339,56.259607973755635,-90.01537275800902,11.251921594751128,45.00768637900451
50.7,90.014969092313,135.0224536384695,67.51122681923475,22.50374227307825,-45.0074845461565,4.50074845461565,180.029938184626,-22.50374227307825,112.51871136539124,33.755613409617375,56.25935568269562,-90.014969092313,11.251871136539124,45.0074845461565
50.800000000000004,90.01454010294711,135.02181015442068,67.51090507721034,22.503635025736777,-45.007270051473554,4.500727005147356,180.02908020589422,-22.503635025736777,112.51817512868388,33.75545253860517,56.25908756434194,-90.01454010294711,11.251817512868389,45.007270051473554
50.900000000000006,90.01408208664085,135.02112312996127,67.51056156498063,22.503520521660214,-45.00704104332043,4.500704104332043,180.0281641732817,-22.503520521660214,112.51760260830108,33.75528078249032,56.25880130415054,-90.01408208664085,11.251760260830107,45.00704104332043
51.0,90.01359263515259,135.0203889527289,67.51019447636445,22.503398158788148,-45.006796317576296,4.50067963175763,180.02718527030518,-22.503398158788148,112.51699079394074,33.75509723818222,56.25849539697037,-90.01359263515259,11.251699079394074,45.006796317576296
51.1,90.01307076671651,135.01960615007476,67.50980307503738,22.503267691679127,-45.006535383358255,4.5006535383358255,180.02614153343302,-22.503267691679127,112.51633845839564,33.75490153751869,56.25816922919782,-90.01307076671651,11.251633845839564,45.006535383358255
51.2,90.01251372111801,135.01877058167702,67.50938529083851,22.503128430279503,-45.006256860559006,4.5006256860559,180.02502744223602,-22.503128430279503,112.51564215139751,33.754692645419254,56.25782107569876,-90.01251372111801,11.251564215139751,45.006256860559006
51.300000000000004,90.01191832017778,135.0178774802667,67.50893874013335,22.502979580044446,-45.00595916008889,4.50059591600889,180.02383664035557,-22.502979580044446,112.51489790022222,33.75446937006667,56.25744895011111,-90.01191832017778,11.251489790022223,45.00595916008889
51.400000000000006,90.01128342410011,135.01692513615018,67.50846256807509,22.50282085602503,-45.00564171205006,4.5005641712050055,180.02256684820023,-22.50282085602503,112.51410428012514,33.754231284037544,56.25705214006257,-90.01128342410011,11.251410428012514,45.00564171205006
51.5,90.01060834065761,135.01591251098642,67.50795625549321,22.502652085164403,-45.005304170328806,4.500530417032881,180.02121668131522,-22.502652085164403,112.51326042582201,33.753978127746606,56.256630212911006,-90.01060834065761,11.251326042582201,45.005304170328806
51.6,90.00989508451774,135.0148426267766,67.5074213133883,22.502473771129434,-45.00494754225887,4.500494754225887,180.01979016903547,-22.502473771129434,112.51236885564717,33.75371065669415,56.256184427823584,-90.00989508451774,11.251236885564717,45.00494754225887
51.7,90.00914612092504,135.01371918138756,67.50685959069378,22.50228653023126,-45.00457306046252,4.500457306046252,180.01829224185008,-22.50228653023126,112.5114326511563,33.75342979534689,56.25571632557815,-90.00914612092504,11.25114326511563,45.00457306046252
51.800000000000004,90.00836373470317,135.01254560205476,67.50627280102738,22.50209093367579,-45.00418186735158,4.500418186735159,180.01672746940633,-22.50209093367579,112.51045466837896,33.75313640051369,56.25522733418948,-90.00836373470317,11.251045466837896,45.00418186735158
51.900000000000006,90.00755081803061,135.0113262270459,67.50566311352296,22.501887704507652,-45.003775409015304,4.500377540901531,180.01510163606122,-22.501887704507652,112.50943852253826,33.75283155676148,56.25471926126913,-90.00755081803061,11.250943852253826,45.003775409015304
52.0,90.0067109368832,135.01006640532478,67.50503320266239,22.5016777342208,-45.0033554684416,4.50033554684416,180.0134218737664,-22.5016777342208,112.508388671104,33.752516601331195,56.254194335552,-90.0067109368832,11.2508388671104,45.0033554684416
52.1,90.00584846528,135.00877269792,67.50438634896,22.50146211632,-45.00292423264,4.500292423264,180.01169693056,-22.50146211632,112.5073105816,33.75219317448,56.2536552908,-90.00584846528,11.25073105816,45.00292423264
52.2,90.00496832250795,135.00745248376194,67.50372624188097,22.501242080626987,-45.002484161253975,4.500248416125397,180.0099366450159,-22.501242080626987,112.50621040313493,33.751863120940484,56.253105201567465,-90.00496832250795,11.250621040313494,45.002484161253975
52.300000000000004,90.00407532089928,135.0061129813489,67.50305649067445,22.50101883022482,-45.00203766044964,4.500203766044964,180.00815064179855,-22.50101883022482,112.5050941511241,33.75152824533723,56.25254707556205,-90.00407532089928,11.25050941511241,45.00203766044964
52.400000000000006,90.00317365687394,135.0047604853109,67.50238024265545,22.500793414218485,-45.00158682843697,4.500158682843697,180.00634731374788,-22.500793414218485,112.50396707109243,33.751190121327724,56.251983535546216,-90.00317365687394,11.250396707109243,45.00158682843697
52.5,90.00226730072588,135.00340095108882,67.50170047554441,22.50056682518147,-45.00113365036294,4.500113365036294,180.00453460145175,-22.50056682518147,112.50283412590734,33.750850237772205,56.25141706295367,-90.00226730072588,11.250283412590734,45.00113365036294
52.6,90.001360648346,135.00204097251898,67.50102048625949,22.5003401620865,-45.000680324173,4.5000680324173,180.002721296692,-22.5003401620865,112.5017008104325,33.750510243129746,56.25085040521625,-90.001360648346,11.25017008104325,45.000680324173
52.7,90.00045695343475,135.00068543015212,67.50034271507606,22.500114238358687,-45.000228476717375,4.500022847671738,180.0009139068695,-22.500114238358687,112.50057119179344,33.75017135753803,56.25028559589672,-90.00045695343475,11.250057119179344,45.000228476717375
52.800000000000004,89.99955860430175,134.99933790645264,67.49966895322632,22.49988965107544,-44.99977930215088,4.4999779302150875,179.9991172086035,-22.49988965107544,112.49944825537719,33.74983447661316,56.249724127688594,-89.99955860430175,11.24994482553772,44.99977930215088
52.900000000000006,89.99866726123945,134.99800089185916,67.49900044592958,22.499666815309862,-44.999333630619724,4.499933363061973,179.9973345224789,-22.499666815309862,112.49833407654931,33.74950022296479,56.249167038274656,-89.99866726123945,11.249833407654931,44.999333630619724
53.0,89.9977847676775,134.99667715151625,67.49833857575813,22.499446191919375,-44.99889238383875,4.499889238383875,179.995569535355,-22.499446191919375,112.49723095959688,33.74916928787906,56.24861547979844,-89.9977847676775,11.249723095959688,44.99889238383875
53.1,89.99691294135916,134.99536941203874,67.49768470601937,22.49922823533979,-44.99845647067958,4.499845647067958,179.9938258827183,-22.49922823533979,112.49614117669894,33.748842353009685,56.24807058834947,-89.99691294135916,11.249614117669894,44.99845647067958
53.2,89.99605306302941,134.9940795945441,67.49703979727205,22.499013265757352,-44.998026531514704,4.4998026531514705,179.99210612605881,-22.499013265757352,112.49506632878676,33.748519898636026,56.24753316439338,-89.99605306302941,11.249506632878676,44.998026531514704
53.300000000000004,89.9952073927793,134.99281108916895,67.49640554458448,22.498801848194827,-44.99760369638965,4.499760369638966,179.9904147855586,-22.498801848194827,112.49400924097414,33.74820277229224,56.24700462048707,-89.9952073927793,11.249400924097413,44.99760369638965
53.400000000000006,89.99437847311827,134.9915677096774,67.4957838548387,22.49859461827957,-44.99718923655914,4.499718923655914,179.98875694623655,-22.49859461827957,112.49297309139784,33.74789192741935,56.24648654569892,-89.99437847311827,11.249297309139784,44.99718923655914
53.5,89.99356847845033,134.99035271767548,67.49517635883774,22.498392119612582,-44.996784239225164,4.499678423922517,179.98713695690066,-22.498392119612582,112.49196059806292,33.74758817941887,56.24598029903146,-89.99356847845033,11.249196059806291,44.996784239225164
53.6,89.99277934495373,134.98916901743058,67.49458450871529,22.498194836238433,-44.996389672476866,4.499638967247686,179.98555868990746,-22.498194836238433,112.49097418119217,33.747292254357646,56.245487090596086,-89.99277934495373,11.249097418119216,44.996389672476866
53.7,89.99201362573895,134.98802043860843,67.49401021930422,22.498003406434737,-44.996006812869474,4.499600681286948,179.9840272514779,-22.498003406434737,112.49001703217368,33.74700510965211,56.24500851608684,-89.99201362573895,11.249001703217369,44.996006812869474
53.800000000000004,89.99127306557475,134.9869095983621,67.49345479918105,22.497818266393686,-44.99563653278737,4.499563653278737,179.9825461311495,-22.497818266393686,112.48909133196844,33.746727399590526,56.24454566598422,-89.99127306557475,11.248909133196843,44.99563653278737
53.900000000000006,89.99055980139559,134.9858397020934,67.4929198510467,22.497639950348898,-44.995279900697795,4.4995279900697795,179.98111960279118,-22.497639950348898,112.48819975174449,33.74645992552335,56.244099875872244,-89.99055980139559,11.248819975174449,44.995279900697795
54.0,89.98987502628988,134.9848125394348,67.4924062697174,22.49746875657247,-44.99493751314494,4.499493751314494,179.97975005257976,-22.49746875657247,112.48734378286235,33.7462031348587,56.24367189143118,-89.98987502628988,11.248734378286235,44.99493751314494
54.1,89.98921953815494,134.9838293072324,67.4919146536162,22.497304884538735,-44.99460976907747,4.499460976907748,179.97843907630988,-22.497304884538735,112.48652442269368,33.7459573268081,56.24326221134684,-89.98921953815494,11.248652442269368,44.99460976907747
54.2,89.98859285622808,134.98288928434212,67.49144464217106,22.49714821405702,-44.99429642811404,4.499429642811404,179.97718571245616,-22.49714821405702,112.4857410702851,33.74572232108553,56.24287053514255,-89.98859285622808,11.24857410702851,44.99429642811404
54.300000000000004,89.98799470998958,134.98199206498435,67.49099603249218,22.496998677497395,-44.99399735499479,4.4993997354994795,179.97598941997916,-22.496998677497395,112.48499338748698,33.74549801624609,56.24249669374349,-89.98799470998958,11.248499338748697,44.99399735499479
54.400000000000006,89.98742656923437,134.98113985385157,67.49056992692579,22.496856642308593,-44.993713284617186,4.499371328461719,179.97485313846875,-22.496856642308593,112.48428321154296,33.74528496346289,56.24214160577148,-89.98742656923437,11.248428321154297,44.993713284617186
54.5,89.98688976946501,134.98033465419752,67.49016732709876,22.496722442366252,-44.993444884732504,4.499344488473251,179.97377953893002,-22.496722442366252,112.48361221183126,33.74508366354938,56.24180610591563,-89.98688976946501,11.248361221183126,44.993444884732504
54.6,89.98638351815163,134.97957527722744,67.48978763861372,22.496595879537907,-44.99319175907581,4.499319175907582,179.97276703630325,-22.496595879537907,112.48297939768953,33.74489381930686,56.24148969884477,-89.98638351815163,11.248297939768953,44.99319175907581
54.7,89.98590706631664,134.97886059947496,67.48943029973748,22.49647676657916,-44.99295353315832,4.499295353315833,179.97181413263328,-22.49647676657916,112.4823838328958,33.74471514986874,56.2411919164479,-89.98590706631664,11.24823838328958,44.99295353315832
54.800000000000004,89.98546033388055,134.97819050082083,67.48909525041041,22.49636508347014,-44.99273016694028,4.499273016694028,179.9709206677611,-22.49636508347014,112.48182541735069,33.74454762520521,56.240912708675346,-89.98546033388055,11.24818254173507,44.99273016694028
54.900000000000006,89.98504484960863,134.97756727441293,67.48878363720647,22.496261212402157,-44.992522424804314,4.4992522424804315,179.97008969921725,-22.496261212402157,112.48130606201079,33.74439181860323,56.240653031005394,-89.98504484960863,11.248130606201078,44.992522424804314
55.0,89.98466270475298,134.97699405712947,67.48849702856474,22.496165676188244,-44.99233135237649,4.499233135237649,179.96932540950596,-22.496165676188244,112.48082838094122,33.74424851428237,56.24041419047061,-89.98466270475298,11.248082838094122,44.99233135237649
55.1,89.98431636526314,134.97647454789472,67.48823727394736,22.496079091315785,-44.99215818263157,4.499215818263157,179.96863273052628,-22.496079091315785,112.48039545657892,33.74411863697368,56.24019772828946,-89.98431636526314,11.248039545657893,44.99215818263157
55.2,89.98400789324495,134.97601183986743,67.48800591993371,22.496001973311238,-44.992003946622475,4.499200394662248,179.9680157864899,-22.496001973311238,112.48000986655619,33.744002959966856,56.240004933278094,-89.98400789324495,11.248000986655619,44.992003946622475
55.300000000000004,89.9837401023808,134.9756101535712,67.4878050767856,22.4959350255952,-44.9918700511904,4.49918700511904,179.9674802047616,-22.4959350255952,112.47967512797601,33.7439025383928,56.239837563988004,-89.9837401023808,11.2479675127976,44.9918700511904
55.400000000000006,89.98351604700055,134.97527407050083,67.48763703525042,22.495879011750137,-44.991758023500275,4.4991758023500275,179.9670320940011,-22.495879011750137,112.47939505875068,33.74381851762521,56.23969752937534,-89.98351604700055,11.247939505875069,44.991758023500275
55.5,89.98333831292776,134.97500746939164,67.48750373469582,22.49583457823194,-44.99166915646388,4.499166915646388,179.9666766258555,-22.49583457823194,112.47917289115969,33.74375186734791,56.239586445579846,-89.98333831292776,11.24791728911597,44.99166915646388
55.6,89.98321084433228,134.9748162664984,67.4874081332492,22.49580271108307,-44.99160542216614,4.499160542216614,179.96642168866455,-22.49580271108307,112.47901355541535,33.7437040666246,56.239506777707675,-89.98321084433228,11.247901355541535,44.99160542216614
55.7,89.98313779823079,134.97470669734616,67.48735334867308,22.495784449557696,-44.99156889911539,4.499156889911539,179.96627559646157,-22.495784449557696,112.47892224778849,33.74367667433654,56.239461123894245,-89.98313779823079,11.247892224778848,44.99156889911539
55.800000000000004,89.98312243409131,134.97468365113696,67.48734182556848,22.49578060852283,-44.99156121704566,4.499156121704566,179.96624486818263,-22.49578060852283,112.47890304261415,33.74367091278424,56.239451521307075,-89.98312243409131,11.247890304261414,44.99156121704566
55.900000000000006,89.98316760599599,134.974751408994,67.487375704497,22.495791901498997,-44.991583802997994,4.499158380299799,179.96633521199198,-22.495791901498997,112.47895950749498,33.7436878522485,56.23947975374749,-89.98316760599599,11.247895950749498,44.991583802997994
56.0,89.98327453786219,134.97491180679327,67.48745590339664,22.495818634465547,-44.99163726893109,4.4991637268931095,179.96654907572437,-22.495818634465547,112.47909317232774,33.74372795169832,56.23954658616387,-89.98327453786219,11.247909317232773,44.99163726893109
56.1,89.98344491444477,134.97516737166717,67.48758368583358,22.495861228611194,-44.99172245722239,4.499172245722239,179.96688982888955,-22.495861228611194,112.47930614305596,33.74379184291679,56.23965307152798,-89.98344491444477,11.247930614305597,44.99172245722239
56.2,89.9836788343395,134.97551825150924,67.48775912575462,22.495919708584875,-44.99183941716975,4.499183941716975,179.967357668679,-22.495919708584875,112.47959854292438,33.74387956287731,56.23979927146219,-89.9836788343395,11.247959854292437,44.99183941716975
56.300000000000004,89.98397618719939,134.97596428079908,67.48798214039954,22.495994046799847,-44.991988093599694,4.49919880935997,179.96795237439878,-22.495994046799847,112.47997023399924,33.74399107019977,56.23998511699962,-89.98397618719939,11.247997023399924,44.991988093599694
56.400000000000006,89.98433728138065,134.97650592207097,67.48825296103549,22.49608432034516,-44.99216864069032,4.499216864069033,179.9686745627613,-22.49608432034516,112.48042160172581,33.74412648051774,56.240210800862904,-89.98433728138065,11.24804216017258,44.99216864069032
56.5,89.9847621490828,134.97714322362418,67.48857161181209,22.4961905372707,-44.9923810745414,4.49923810745414,179.9695242981656,-22.4961905372707,112.4809526863535,33.744285805906046,56.24047634317675,-89.9847621490828,11.24809526863535,44.9923810745414
56.6,89.98525046602931,134.97787569904398,67.48893784952199,22.49631261650733,-44.99262523301466,4.499262523301466,179.97050093205863,-22.49631261650733,112.48156308253664,33.744468924760994,56.24078154126832,-89.98525046602931,11.248156308253664,44.99262523301466
56.7,89.98580241945523,134.97870362918283,67.48935181459142,22.496450604863806,-44.99290120972761,4.499290120972762,179.97160483891045,-22.496450604863806,112.48225302431904,33.74467590729571,56.24112651215952,-89.98580241945523,11.248225302431903,44.99290120972761
56.800000000000004,89.98641897319965,134.97962845979947,67.48981422989974,22.496604743299912,-44.993209486599824,4.4993209486599826,179.9728379463993,-22.496604743299912,112.48302371649956,33.74490711494987,56.24151185824978,-89.98641897319965,11.248302371649956,44.993209486599824
56.900000000000006,89.98710163519722,134.98065245279582,67.49032622639791,22.496775408799305,-44.99355081759861,4.4993550817598615,179.97420327039444,-22.496775408799305,112.48387704399653,33.745163113198956,56.241938521998264,-89.98710163519722,11.248387704399653,44.99355081759861
57.0,89.98785141646222,134.98177712469334,67.49088856234667,22.496962854115555,-44.99392570823111,4.499392570823111,179.97570283292444,-22.496962854115555,112.48481427057777,33.745444281173334,56.242407135288886,-89.98785141646222,11.248481427057778,44.99392570823111
57.1,89.98867045407124,134.98300568110687,67.49150284055344,22.49716761351781,-44.99433522703562,4.499433522703562,179.97734090814248,-22.49716761351781,112.48583806758904,33.74575142027672,56.24291903379452,-89.98867045407124,11.248583806758905,44.99433522703562
57.2,89.98956159424871,134.98434239137308,67.49217119568654,22.497390398562178,-44.994780797124356,4.499478079712436,179.97912318849743,-22.497390398562178,112.48695199281089,33.74608559784327,56.243475996405444,-89.98956159424871,11.248695199281089,44.994780797124356
57.300000000000004,89.99052728833274,134.98579093249913,67.49289546624956,22.497631822083186,-44.99526364416637,4.499526364416638,179.98105457666549,-22.497631822083186,112.48815911041592,33.74644773312478,56.24407955520796,-89.99052728833274,11.248815911041593,44.99526364416637
57.400000000000006,89.99156948257605,134.9873542238641,67.49367711193204,22.497892370644013,-44.99578474128803,4.4995784741288025,179.9831389651521,-22.497892370644013,112.48946185322006,33.74683855596602,56.24473092661003,-89.99156948257605,11.248946185322007,44.99578474128803
57.5,89.9926889299809,134.98903339497136,67.49451669748568,22.498172232495225,-44.99634446499045,4.499634446499045,179.9853778599618,-22.498172232495225,112.49086116247612,33.74725834874284,56.24543058123806,-89.9926889299809,11.249086116247613,44.99634446499045
57.6,89.993885934927,134.9908289023905,67.49541445119524,22.49847148373175,-44.9969429674635,4.49969429674635,179.987771869854,-22.49847148373175,112.49235741865874,33.74770722559762,56.24617870932937,-89.993885934927,11.249235741865874,44.9969429674635
57.7,89.99516080933564,134.99274121400347,67.49637060700174,22.49879020233391,-44.99758040466782,4.499758040466783,179.9903216186713,-22.49879020233391,112.49395101166955,33.74818530350087,56.246975505834776,-89.99516080933564,11.249395101166956,44.99758040466782
57.800000000000004,89.99651284437076,134.99476926655615,67.49738463327807,22.49912821109269,-44.99825642218538,4.499825642218538,179.9930256887415,-22.49912821109269,112.49564105546344,33.74869231663904,56.24782052773172,-89.99651284437076,11.249564105546344,44.99825642218538
57.900000000000006,89.99794043148687,134.9969106472303,67.49845532361515,22.499485107871717,-44.998970215743434,4.499897021574344,179.99588086297373,-22.499485107871717,112.49742553935859,33.74922766180757,56.248712769679294,-89.99794043148687,11.249742553935858,44.998970215743434
58.0,89.99944296956951,134.9991644543543,67.49958222717714,22.49986074239238,-44.99972148478476,4.499972148478476,179.99888593913903,-22.49986074239238,112.49930371196189,33.74979111358857,56.24965185598094,-89.99944296956951,11.24993037119619,44.99972148478476
58.1,90.00102124855482,135.00153187283223,67.50076593641612,22.500255312138705,-45.00051062427741,4.500051062427741,180.00204249710964,-22.500255312138705,112.50127656069353,33.75038296820806,56.25063828034676,-90.00102124855482,11.250127656069353,45.00051062427741
58.2,90.00267757836856,135.00401636755285,67.50200818377643,22.50066939459214,-45.00133878918428,4.500133878918429,180.00535515673712,-22.50066939459214,112.5033469729607,33.75100409188821,56.25167348648035,-90.00267757836856,11.25033469729607,45.00133878918428
58.300000000000004,90.00441369379041,135.00662054068562,67.50331027034281,22.501103423447603,-45.002206846895206,4.500220684689521,180.00882738758082,-22.501103423447603,112.50551711723801,33.751655135171404,56.25275855861901,-90.00441369379041,11.250551711723801,45.002206846895206
58.400000000000006,90.00623220459696,135.00934830689545,67.50467415344772,22.50155805114924,-45.00311610229848,4.500311610229848,180.0124644091939,-22.50155805114924,112.50779025574619,33.75233707672386,56.25389512787309,-90.00623220459696,11.25077902557462,45.00311610229848
58.5,90.00813425844628,135.01220138766942,67.50610069383471,22.50203356461157,-45.00406712922314,4.500406712922314,180.01626851689255,-22.50203356461157,112.51016782305784,33.753050346917355,56.25508391152892,-90.00813425844628,11.251016782305785,45.00406712922314
58.6,90.0101209250547,135.01518138758203,67.50759069379102,22.502530231263673,-45.00506046252735,4.500506046252735,180.0202418501094,-22.502530231263673,112.51265115631837,33.75379534689551,56.256325578159185,-90.0101209250547,11.251265115631837,45.00506046252735
58.7,90.01219389728743,135.01829084593115,67.50914542296557,22.503048474321858,-45.006096948643716,4.500609694864372,180.02438779457486,-22.503048474321858,112.51524237160929,33.75457271148279,56.257621185804645,-90.01219389728743,11.251524237160929,45.006096948643716
58.800000000000004,90.01435547586846,135.02153321380268,67.51076660690134,22.503588868967114,-45.00717773793423,4.500717773793423,180.0287109517369,-22.503588868967114,112.51794434483557,33.75538330345067,56.258972172417785,-90.01435547586846,11.251794434483557,45.00717773793423
58.900000000000006,90.01660756715135,135.02491135072702,67.51245567536351,22.50415189178784,-45.00830378357568,4.500830378357568,180.0332151343027,-22.50415189178784,112.5207594589392,33.756227837681756,56.2603797294696,-90.01660756715135,11.25207594589392,45.00830378357568
59.0,90.01895359037503,135.02843038556256,67.51421519278128,22.50473839759376,-45.00947679518752,4.5009476795187515,180.03790718075007,-22.50473839759376,112.52369198796879,33.75710759639064,56.261845993984394,-90.01895359037503,11.25236919879688,45.00947679518752
59.1,90.02139652799825,135.03209479199737,67.51604739599868,22.505349131999562,-45.010698263999124,4.501069826399912,180.0427930559965,-22.505349131999562,112.52674565999781,33.75802369799934,56.26337282999891,-90.02139652799825,11.252674565999781,45.010698263999124
59.2,90.02393850402277,135.03590775603413,67.51795387801707,22.50598462600569,-45.01196925201138,4.501196925201138,180.04787700804553,-22.50598462600569,112.52992313002846,33.758976939008534,56.26496156501423,-90.02393850402277,11.252992313002846,45.01196925201138
59.300000000000004,90.02658057279564,135.03987085919346,67.51993542959673,22.50664514319891,-45.01329028639782,4.501329028639782,180.05316114559128,-22.50664514319891,112.53322571599455,33.759967714798364,56.26661285799727,-90.02658057279564,11.253322571599455,45.01329028639782
59.400000000000006,90.02932293255256,135.04398439882885,67.52199219941443,22.50733073313814,-45.01466146627628,4.501466146627628,180.05864586510512,-22.50733073313814,112.5366536656907,33.760996099707214,56.26832683284535,-90.02932293255256,11.25366536656907,45.01466146627628
59.5,90.03216553527065,135.04824830290596,67.52412415145298,22.508041383817663,-45.016082767635325,4.501608276763533,180.0643310705413,-22.508041383817663,112.54020691908832,33.76206207572649,56.27010345954416,-90.03216553527065,11.254020691908831,45.016082767635325
59.6,90.03510677323861,135.0526601598579,67.52633007992895,22.508776693309652,-45.017553386619305,4.501755338661931,180.07021354647722,-22.508776693309652,112.54388346654827,33.76316503996448,56.27194173327413,-90.03510677323861,11.254388346654826,45.017553386619305
59.7,90.03814277599565,135.05721416399348,67.52860708199674,22.509535693998913,-45.019071387997826,4.501907138799782,180.0762855519913,-22.509535693998913,112.54767846999457,33.76430354099837,56.27383923499728,-90.03814277599565,11.254767846999457,45.019071387997826
59.800000000000004,90.04127022022442,135.06190533033663,67.53095266516831,22.510317555056105,-45.02063511011221,4.5020635110112215,180.08254044044884,-22.510317555056105,112.55158777528052,33.76547633258416,56.27579388764026,-90.04127022022442,11.255158777528052,45.02063511011221
59.900000000000006,90.0444862943663,135.06672944154946,67.53336472077473,22.511121573591574,-45.02224314718315,4.5022243147183145,180.0889725887326,-22.511121573591574,112.55560786795786,33.766682360387364,56.27780393397893,-90.0444862943663,11.255560786795787,45.02224314718315
60.0,90.04778919181669,135.07168378772502,67.53584189386251,22.511947297954173,-45.023894595908345,4.502389459590835,180.09557838363338,-22.511947297954173,112.55973648977087,33.767920946931255,56.279868244885435,-90.04778919181669,11.255973648977086,45.023894595908345
60.1,90.05117693230552,135.0767653984583,67.53838269922915,22.51279423307638,-45.02558846615276,4.502558846615276,180.10235386461105,-22.51279423307638,112.5639711653819,33.76919134961457,56.28198558269095,-90.05117693230552,11.25639711653819,45.02558846615276
60.2,90.05464851601062,135.08197277401592,67.54098638700796,22.513662129002654,-45.02732425800531,4.502732425800531,180.10929703202123,-22.513662129002654,112.56831064501327,33.77049319350398,56.284155322506635,-90.05464851601062,11.256831064501327,45.02732425800531
60.300000000000004,90.05820146041397,135.08730219062096,67.54365109531048,22.514550365103492,-45.029100730206984,4.502910073020699,180.11640292082794,-22.514550365103492,112.57275182551746,33.77182554765524,56.28637591275873,-90.05820146041397,11.257275182551746,45.029100730206984
60.400000000000006,90.06183225765912,135.09274838648867,67.54637419324433,22.51545806441478,-45.03091612882956,4.503091612882956,180.12366451531824,-22.51545806441478,112.5772903220739,33.773187096622166,56.28864516103695,-90.06183225765912,11.25772903220739,45.03091612882956
60.5,90.06553926689479,135.09830890034218,67.54915445017109,22.516384816723697,-45.032769633447394,4.50327696334474,180.13107853378958,-22.516384816723697,112.58192408361849,33.774577225085544,56.290962041809244,-90.06553926689479,11.258192408361849,45.032769633447394
60.6,90.06932183887287,135.10398275830931,67.55199137915466,22.517330459718217,-45.03466091943643,4.503466091943643,180.13864367774573,-22.517330459718217,112.58665229859108,33.77599568957733,56.29332614929554,-90.06932183887287,11.258665229859108,45.03466091943643
60.7,90.07317956387811,135.10976934581717,67.55488467290859,22.51829489096953,-45.03658978193906,4.503658978193906,180.14635912775623,-22.51829489096953,112.59147445484764,33.77744233645429,56.29573722742382,-90.07317956387811,11.259147445484764,45.03658978193906
60.800000000000004,90.07711282489694,135.1156692373454,67.5578346186727,22.519278206224236,-45.03855641244847,4.503855641244847,180.1542256497939,-22.519278206224236,112.59639103112119,33.77891730933635,56.29819551556059,-90.07711282489694,11.259639103112118,45.03855641244847
60.900000000000006,90.08112103141067,135.121681547116,67.560840773558,22.52028025785267,-45.04056051570534,4.504056051570534,180.16224206282135,-22.52028025785267,112.60140128926335,33.780420386779,56.300700644631675,-90.08112103141067,11.260140128926334,45.04056051570534
61.0,90.08520388913843,135.12780583370764,67.56390291685382,22.521300972284607,-45.04260194456921,4.504260194456921,180.17040777827685,-22.521300972284607,112.60650486142303,33.78195145842691,56.30325243071152,-90.08520388913843,11.260650486142303,45.04260194456921
61.1,90.08936192724752,135.13404289087129,67.56702144543564,22.52234048181188,-45.04468096362376,4.504468096362376,180.17872385449505,-22.52234048181188,112.6117024090594,33.78351072271782,56.3058512045297,-90.08936192724752,11.26117024090594,45.04468096362376
61.2,90.09359544643011,135.14039316964517,67.57019658482258,22.52339886160753,-45.04679772321506,4.504679772321506,180.18719089286023,-22.52339886160753,112.61699430803765,33.78509829241129,56.30849715401882,-90.09359544643011,11.261699430803764,45.04679772321506
61.300000000000004,90.09790542100563,135.14685813150845,67.57342906575423,22.52447635525141,-45.04895271050282,4.504895271050282,180.19581084201127,-22.52447635525141,112.62238177625704,33.78671453287711,56.31119088812852,-90.09790542100563,11.262238177625704,45.04895271050282
61.400000000000006,90.10229318776042,135.15343978164063,67.57671989082031,22.525573296940106,-45.05114659388021,4.505114659388021,180.20458637552085,-22.525573296940106,112.62786648470053,33.78835994541016,56.31393324235027,-90.10229318776042,11.262786648470053,45.05114659388021
61.5,90.1067595880387,135.16013938205805,67.58006969102902,22.526689897009675,-45.05337979401935,4.5053379794019355,180.2135191760774,-22.526689897009675,112.63344948504837,33.79003484551451,56.31672474252419,-90.1067595880387,11.263344948504837,45.05337979401935
61.6,90.11130516134193,135.1669577420129,67.58347887100645,22.527826290335483,-45.055652580670966,4.505565258067096,180.22261032268386,-22.527826290335483,112.63913145167741,33.791739435503224,56.31956572583871,-90.11130516134193,11.263913145167741,45.055652580670966
61.7,90.11593131348442,135.17389697022662,67.58694848511331,22.528982828371106,-45.05796565674221,4.505796565674221,180.23186262696885,-22.528982828371106,112.64491414185554,33.793474242556655,56.32245707092777,-90.11593131348442,11.264491414185553,45.05796565674221
61.800000000000004,90.12063871499376,135.18095807249063,67.59047903624531,22.53015967874844,-45.06031935749688,4.5060319357496885,180.24127742998752,-22.53015967874844,112.6507983937422,33.795239518122656,56.3253991968711,-90.12063871499376,11.26507983937422,45.06031935749688
61.900000000000006,90.12542667024933,135.18814000537398,67.59407000268699,22.53135666756233,-45.06271333512466,4.5062713335124664,180.25085334049865,-22.53135666756233,112.65678333781166,33.797035001343495,56.32839166890583,-90.12542667024933,11.265678333781166,45.06271333512466
62.0,90.13029472236414,135.1954420835462,67.5977210417731,22.532573680591035,-45.06514736118207,4.506514736118207,180.26058944472828,-22.532573680591035,112.66286840295518,33.79886052088655,56.33143420147759,-90.13029472236414,11.266286840295518,45.06514736118207
62.1,90.13524354389646,135.2028653158447,67.60143265792235,22.533810885974116,-45.06762177194823,4.506762177194823,180.27048708779293,-22.533810885974116,112.66905442987058,33.80071632896117,56.33452721493529,-90.13524354389646,11.266905442987058,45.06762177194823
62.2,90.14027142516026,135.2104071377404,67.6052035688702,22.535067856290066,-45.07013571258013,4.507013571258013,180.28054285032053,-22.535067856290066,112.67533928145033,33.8026017844351,56.33766964072517,-90.14027142516026,11.267533928145033,45.07013571258013
62.300000000000004,90.14537618337249,135.21806427505874,67.60903213752937,22.536344045843123,-45.072688091686246,4.507268809168624,180.29075236674498,-22.536344045843123,112.68172022921561,33.804516068764684,56.34086011460781,-90.14537618337249,11.268172022921561,45.072688091686246
62.400000000000006,90.1505554692416,135.2258332038624,67.6129166019312,22.5376388673104,-45.0752777346208,4.50752777346208,180.3011109384832,-22.5376388673104,112.68819433655199,33.8064583009656,56.344097168275994,-90.1505554692416,11.2688194336552,45.0752777346208
62.5,90.15580691225423,135.23371036838137,67.61685518419068,22.53895172806356,-45.07790345612712,4.507790345612712,180.31161382450847,-22.53895172806356,112.69475864031779,33.80842759209534,56.34737932015889,-90.15580691225423,11.26947586403178,45.07790345612712
62.6,90.16112806891677,135.24169210337516,67.62084605168758,22.540282017229192,-45.080564034458384,4.508056403445838,180.32225613783353,-22.540282017229192,112.70141008614596,33.81042302584379,56.35070504307298,-90.16112806891677,11.270141008614596,45.080564034458384
62.7,90.16651651647409,135.24977477471114,67.62488738735557,22.541629129118522,-45.083258258237045,4.508325825823705,180.33303303294818,-22.541629129118522,112.70814564559261,33.812443693677785,56.354072822796304,-90.16651651647409,11.270814564559261,45.083258258237045
62.800000000000004,90.17197029013217,135.25795543519826,67.62897771759913,22.54299257253304,-45.08598514506608,4.508598514506608,180.34394058026433,-22.54299257253304,112.7149628626652,33.814488858799564,56.3574814313326,-90.17197029013217,11.27149628626652,45.08598514506608
62.900000000000006,90.17748931084121,135.2662339662618,67.6331169831309,22.544372327710303,-45.088744655420605,4.5088744655420605,180.35497862168242,-22.544372327710303,112.72186163855152,33.81655849156545,56.36093081927576,-90.17748931084121,11.272186163855151,45.088744655420605
63.0,90.18307304698288,135.27460957047433,67.63730478523716,22.54576826174572,-45.09153652349144,4.509153652349144,180.36614609396577,-22.54576826174572,112.7288413087286,33.81865239261858,56.3644206543643,-90.18307304698288,11.27288413087286,45.09153652349144
63.1,90.18871850658064,135.28307775987096,67.64153887993548,22.54717962664516,-45.09435925329032,4.509435925329032,180.37743701316128,-22.54717962664516,112.7358981332258,33.82076943996774,56.3679490666129,-90.18871850658064,11.27358981332258,45.09435925329032
63.2,90.19442324252061,135.29163486378093,67.64581743189046,22.548605810630153,-45.09721162126031,4.509721162126031,180.38884648504123,-22.548605810630153,112.74302905315076,33.82290871594523,56.37151452657538,-90.19442324252061,11.274302905315077,45.09721162126031
63.300000000000004,90.20018505727992,135.3002775859199,67.65013879295995,22.55004626431998,-45.10009252863996,4.510009252863997,180.40037011455985,-22.55004626431998,112.7502313215999,33.825069396479975,56.37511566079995,-90.20018505727992,11.27502313215999,45.10009252863996
63.400000000000006,90.20600276263545,135.3090041439532,67.6545020719766,22.551500690658862,-45.103001381317725,4.510300138131773,180.4120055252709,-22.551500690658862,112.7575034532943,33.8272510359883,56.37875172664715,-90.20600276263545,11.275750345329431,45.103001381317725
63.5,90.21187529947008,135.31781294920512,67.65890647460256,22.55296882486752,-45.10593764973504,4.510593764973504,180.42375059894016,-22.55296882486752,112.7648441243376,33.82945323730128,56.3824220621688,-90.21187529947008,11.27648441243376,45.10593764973504
63.6,90.21780120107775,135.32670180161662,67.66335090080831,22.554450300269437,-45.108900600538874,4.510890060053888,180.4356024021555,-22.554450300269437,112.77225150134718,33.831675450404155,56.38612575067359,-90.21780120107775,11.277225150134718,45.108900600538874
63.7,90.22377928979493,135.3356689346924,67.6678344673462,22.555944822448733,-45.11188964489747,4.5111889644897465,180.44755857958987,-22.555944822448733,112.77972411224367,33.8339172336731,56.389862056121835,-90.22377928979493,11.277972411224367,45.11188964489747
63.800000000000004,90.22980800030095,135.3447120004514,67.6723560002257,22.557452000075237,-45.114904000150474,4.511490400015048,180.4596160006019,-22.557452000075237,112.7872600003762,33.83617800011285,56.3936300001881,-90.22980800030095,11.278726000037619,45.114904000150474
63.900000000000006,90.23588447260906,135.35382670891357,67.67691335445679,22.558971118152265,-45.11794223630453,4.511794223630453,180.47176894521812,-22.558971118152265,112.79485559076133,33.83845667722839,56.397427795380665,-90.23588447260906,11.279485559076132,45.11794223630453
64.0,90.24200566961191,135.36300850441788,67.68150425220894,22.56050141740298,-45.12100283480596,4.512100283480596,180.48401133922383,-22.56050141740298,112.80250708701489,33.84075212610447,56.401253543507444,-90.24200566961191,11.28025070870149,45.12100283480596
64.10000000000001,90.24816872517165,135.37225308775749,67.68612654387874,22.562042181292913,-45.124084362585826,4.512408436258583,180.4963374503433,-22.562042181292913,112.81021090646456,33.84306327193937,56.40510545323228,-90.24816872517165,11.281021090646457,45.124084362585826
64.2,90.25437111779492,135.38155667669238,67.69077833834619,22.56359277944873,-45.12718555889746,4.512718555889746,180.50874223558984,-22.56359277944873,112.81796389724364,33.845389169173096,56.40898194862182,-90.25437111779492,11.281796389724365,45.12718555889746
64.3,90.2606099751103,135.39091496266545,67.69545748133272,22.565152493777575,-45.13030498755515,4.513030498755515,180.5212199502206,-22.565152493777575,112.82576246888787,33.84772874066636,56.41288123444394,-90.2606099751103,11.282576246888787,45.13030498755515
64.4,90.26688293629435,135.40032440444153,67.70016220222077,22.566720734073588,-45.133441468147176,4.513344146814718,180.5337658725887,-22.566720734073588,112.83360367036794,33.85008110111038,56.41680183518397,-90.26688293629435,11.283360367036794,45.133441468147176
64.5,90.27318950033815,135.40978425050722,67.70489212525361,22.568297375084537,-45.136594750169074,4.513659475016907,180.5463790006763,-22.568297375084537,112.84148687542269,33.852446062626804,56.420743437711344,-90.27318950033815,11.284148687542269,45.136594750169074
64.60000000000001,90.2795301237484,135.41929518562262,67.70964759281131,22.5698825309371,-45.1397650618742,4.51397650618742,180.5590602474968,-22.5698825309371,112.8494126546855,33.854823796405654,56.42470632734275,-90.2795301237484,11.28494126546855,45.1397650618742
64.7,90.28590572906754,135.42885859360132,67.71442929680066,22.571476432266884,-45.14295286453377,4.514295286453377,180.57181145813507,-22.571476432266884,112.85738216133441,33.85721464840033,56.42869108066721,-90.28590572906754,11.285738216133442,45.14295286453377
64.8,90.29231802980632,135.4384770447095,67.71923852235474,22.57307950745158,-45.14615901490316,4.514615901490316,180.58463605961265,-22.57307950745158,112.8653975372579,33.85961926117737,56.43269876862895,-90.29231802980632,11.28653975372579,45.14615901490316
64.9,90.29876623797546,135.4481493569632,67.7240746784816,22.574691559493864,-45.14938311898773,4.514938311898773,180.5975324759509,-22.574691559493864,112.87345779746931,33.8620373392408,56.43672889873466,-90.29876623797546,11.287345779746932,45.14938311898773
65.0,90.30525062831406,135.45787594247108,67.72893797123554,22.576312657078514,-45.15262531415703,4.515262531415703,180.6105012566281,-22.576312657078514,112.88156328539257,33.86446898561777,56.44078164269629,-90.30525062831406,11.288156328539257,45.15262531415703
65.10000000000001,90.31177166441098,135.46765749661648,67.73382874830824,22.577942916102746,-45.15588583220549,4.515588583220549,180.62354332882197,-22.577942916102746,112.88971458051373,33.86691437415412,56.44485729025686,-90.31177166441098,11.288971458051373,45.15588583220549
65.2,90.31833145676869,135.47749718515303,67.73874859257651,22.579582864192172,-45.159165728384345,4.515916572838434,180.63666291353738,-22.579582864192172,112.89791432096087,33.86937429628826,56.44895716048043,-90.31833145676869,11.289791432096086,45.159165728384345
65.3,90.32493281653583,135.48739922480377,67.74369961240188,22.58123320413396,-45.16246640826792,4.516246640826792,180.64986563307167,-22.58123320413396,112.90616602066979,33.87184980620094,56.45308301033489,-90.32493281653583,11.29061660206698,45.16246640826792
65.4,90.33157898643553,135.4973684796533,67.74868423982664,22.582894746608883,-45.165789493217765,4.516578949321777,180.66315797287106,-22.582894746608883,112.91447373304442,33.87434211991332,56.45723686652221,-90.33157898643553,11.291447373304441,45.165789493217765
65.5,90.33827117363978,135.50740676045967,67.75370338022984,22.584567793409946,-45.16913558681989,4.516913558681989,180.67654234727956,-22.584567793409946,112.92283896704973,33.87685169011492,56.461419483524864,-90.33827117363978,11.292283896704973,45.16913558681989
65.60000000000001,90.34500998643593,135.5175149796539,67.75875748982695,22.58625249660898,-45.17250499321796,4.517250499321796,180.69001997287185,-22.58625249660898,112.9312624830449,33.879378744913474,56.46563124152245,-90.34500998643593,11.29312624830449,45.17250499321796
65.7,90.3517963069435,135.52769446041526,67.76384723020763,22.587949076735875,-45.17589815347175,4.517589815347175,180.703592613887,-22.587949076735875,112.93974538367937,33.881923615103815,56.46987269183968,-90.3517963069435,11.293974538367937,45.17589815347175
65.8,90.35862945170528,135.53794417755793,67.76897208877897,22.58965736292632,-45.17931472585264,4.517931472585264,180.71725890341057,-22.58965736292632,112.9482868146316,33.88448604438948,56.4741434073158,-90.35862945170528,11.29482868146316,45.17931472585264
65.9,90.36550910738015,135.54826366107022,67.77413183053511,22.591377276845037,-45.182754553690074,4.518275455369007,180.7310182147603,-22.591377276845037,112.95688638422519,33.887065915267556,56.47844319211259,-90.36550910738015,11.295688638422519,45.182754553690074
66.0,90.37243485737785,135.55865228606677,67.77932614303339,22.593108714344464,-45.18621742868893,4.518621742868893,180.7448697147557,-22.593108714344464,112.96554357172232,33.88966307151669,56.48277178586116,-90.37243485737785,11.296554357172232,45.18621742868893
66.10000000000001,90.37940657339296,135.56910986008944,67.78455493004472,22.59485164334824,-45.18970328669648,4.518970328669648,180.7588131467859,-22.59485164334824,112.97425821674119,33.89227746502236,56.487129108370596,-90.37940657339296,11.29742582167412,45.18970328669648
66.2,90.38642497923163,135.57963746884747,67.78981873442373,22.59660624480791,-45.19321248961582,4.519321248961582,180.77284995846327,-22.59660624480791,112.98303122403954,33.894909367211866,56.49151561201977,-90.38642497923163,11.298303122403954,45.19321248961582
66.3,90.39349198296308,135.59023797444462,67.79511898722231,22.59837299574077,-45.19674599148154,4.519674599148154,180.78698396592617,-22.59837299574077,112.99186497870386,33.897559493611155,56.49593248935193,-90.39349198296308,11.299186497870386,45.19674599148154
66.4,90.40060938708814,135.6009140806322,67.8004570403161,22.600152346772035,-45.20030469354407,4.520030469354407,180.80121877417628,-22.600152346772035,113.00076173386017,33.90022852015805,56.50038086693009,-90.40060938708814,11.300076173386017,45.20030469354407
66.5,90.40777797797756,135.61166696696634,67.80583348348317,22.60194449449439,-45.20388898898878,4.5203888988988785,180.81555595595512,-22.60194449449439,113.00972247247195,33.902916741741585,56.504861236235975,-90.40777797797756,11.300972247247195,45.20388898898878
66.60000000000001,90.41499757794213,135.6224963669132,67.8112481834566,22.603749394485533,-45.207498788971066,4.5207498788971066,180.82999515588426,-22.603749394485533,113.01874697242766,33.9056240917283,56.50937348621383,-90.41499757794213,11.301874697242766,45.207498788971066
66.7,90.42226874725961,135.6334031208894,67.8167015604447,22.605567186814902,-45.211134373629804,4.52111343736298,180.84453749451922,-22.605567186814902,113.02783593407452,33.90835078022235,56.51391796703726,-90.42226874725961,11.302783593407451,45.211134373629804
66.8,90.42959007772066,135.644385116581,67.8221925582905,22.607397519430165,-45.21479503886033,4.521479503886034,180.85918015544132,-22.607397519430165,113.03698759715083,33.91109627914525,56.51849379857541,-90.42959007772066,11.303698759715083,45.21479503886033
66.9,90.4369595878842,135.6554393818263,67.82771969091316,22.60923989697105,-45.2184797939421,4.52184797939421,180.8739191757684,-22.60923989697105,113.04619948485525,33.91385984545658,56.523099742427625,-90.4369595878842,11.304619948485525,45.2184797939421
67.0,90.44437458364864,135.66656187547295,67.83328093773648,22.61109364591216,-45.22218729182432,4.522218729182432,180.88874916729728,-22.61109364591216,113.0554682295608,33.91664046886824,56.5277341147804,-90.44437458364864,11.30554682295608,45.22218729182432
67.10000000000001,90.45183214379391,135.67774821569085,67.83887410784543,22.612958035948477,-45.225916071896954,4.522591607189695,180.90366428758782,-22.612958035948477,113.06479017974239,33.919437053922714,56.532395089871194,-90.45183214379391,11.306479017974238,45.225916071896954
67.2,90.45932811364581,135.6889921704687,67.84449608523435,22.614832028411453,-45.229664056822905,4.522966405682291,180.91865622729162,-22.614832028411453,113.07416014205727,33.92224804261718,56.53708007102863,-90.45932811364581,11.307416014205726,45.229664056822905
67.3,90.46685906615942,135.70028859923912,67.85014429961956,22.616714766539854,-45.23342953307971,4.523342953307971,180.93371813231883,-22.616714766539854,113.08357383269927,33.92507214980978,56.541786916349636,-90.46685906615942,11.308357383269927,45.23342953307971
67.4,90.47442332553932,135.711634988309,67.8558174941545,22.61860583138483,-45.23721166276966,4.5237211662769665,180.94884665107864,-22.61860583138483,113.09302915692415,33.92790874707725,56.54651457846207,-90.47442332553932,11.309302915692415,45.23721166276966
67.5,90.48201963933407,135.7230294590011,67.86151472950056,22.620504909833517,-45.241009819667035,4.524100981966703,180.96403927866814,-22.620504909833517,113.10252454916758,33.93075736475028,56.55126227458379,-90.48201963933407,11.310252454916759,45.241009819667035
67.60000000000001,90.48964671748726,135.73447007623088,67.86723503811544,22.622411679371815,-45.24482335874363,4.524482335874363,180.97929343497452,-22.622411679371815,113.11205839685908,33.93361751905772,56.55602919842954,-90.48964671748726,11.311205839685908,45.24482335874363
67.7,90.49730400991183,135.74595601486774,67.87297800743387,22.624326002477957,-45.248652004955915,4.524865200495592,180.99460801982366,-22.624326002477957,113.12163001238979,33.936489003716936,56.56081500619489,-90.49730400991183,11.312163001238979,45.248652004955915
67.8,90.50499220234839,135.7574883035226,67.8787441517613,22.626248050587098,-45.252496101174195,4.525249610117419,181.00998440469678,-22.626248050587098,113.13124025293548,33.93937207588065,56.56562012646774,-90.50499220234839,11.313124025293549,45.252496101174195
67.9,90.51271146306847,135.7690671946027,67.88453359730136,22.628177865767118,-45.256355731534235,4.525635573153424,181.02542292613694,-22.628177865767118,113.14088932883558,33.94226679865068,56.57044466441779,-90.51271146306847,11.314088932883559,45.256355731534235
68.0,90.52046066190259,135.7806909928539,67.89034549642695,22.630115165475647,-45.260230330951295,4.52602303309513,181.04092132380518,-22.630115165475647,113.15057582737823,33.94517274821347,56.57528791368912,-90.52046066190259,11.315057582737824,45.260230330951295
68.10000000000001,90.52823867633893,135.7923580145084,67.8961790072542,22.632059669084732,-45.264119338169465,4.526411933816947,181.05647735267786,-22.632059669084732,113.16029834542366,33.9480895036271,56.58014917271183,-90.52823867633893,11.316029834542366,45.264119338169465
68.2,90.53604572424467,135.804068586367,67.9020342931835,22.634011431061168,-45.268022862122336,4.5268022862122335,181.07209144848935,-22.634011431061168,113.17005715530584,33.95101714659175,56.58502857765292,-90.53604572424467,11.317005715530584,45.268022862122336
68.3,90.54388120223352,135.81582180335027,67.90791090167514,22.63597030055838,-45.27194060111676,4.527194060111676,181.08776240446704,-22.63597030055838,113.1798515027919,33.95395545083757,56.58992575139595,-90.54388120223352,11.31798515027919,45.27194060111676
68.4,90.55174432618666,135.82761648928,67.91380824464,22.637936081546666,-45.27587216309333,4.527587216309334,181.10348865237333,-22.637936081546666,113.18968040773333,33.95690412232,56.59484020386667,-90.55174432618666,11.318968040773333,45.27587216309333
68.5,90.559634749798,135.839452124697,67.9197260623485,22.6399086874495,-45.279817374899,4.5279817374899,181.119269499596,-22.6399086874495,113.19954343724748,33.95986303117425,56.59977171862374,-90.559634749798,11.31995434372475,45.279817374899
68.60000000000001,90.56755207246293,135.8513281086944,67.9256640543472,22.641888018115733,-45.283776036231465,4.528377603623147,181.13510414492586,-22.641888018115733,113.20944009057867,33.9628320271736,56.60472004528933,-90.56755207246293,11.320944009057866,45.283776036231465
68.7,90.57549625680137,135.86324438520205,67.93162219260103,22.643874064200343,-45.287748128400686,4.528774812840068,181.15099251360274,-22.643874064200343,113.21937032100172,33.96581109630051,56.60968516050086,-90.57549625680137,11.321937032100172,45.287748128400686
68.8,90.58346697973167,135.8752004695975,67.93760023479875,22.645866744932917,-45.291733489865834,4.529173348986584,181.16693395946334,-22.645866744932917,113.22933372466458,33.968800117399375,56.61466686233229,-90.58346697973167,11.322933372466458,45.291733489865834
68.9,90.5914640699906,135.8871961049859,67.94359805249294,22.64786601749765,-45.2957320349953,4.52957320349953,181.1829281399812,-22.64786601749765,113.23933008748824,33.97179902624647,56.61966504374412,-90.5914640699906,11.323933008748824,45.2957320349953
69.0,90.59948634602017,135.89922951903026,67.94961475951513,22.649871586505043,-45.299743173010086,4.529974317301009,181.19897269204034,-22.649871586505043,113.24935793252521,33.974807379757564,56.62467896626261,-90.59948634602017,11.324935793252521,45.299743173010086
69.10000000000001,90.60753095536056,135.91129643304083,67.95564821652042,22.65188273884014,-45.30376547768028,4.530376547768028,181.21506191072112,-22.65188273884014,113.2594136942007,33.97782410826021,56.62970684710035,-90.60753095536056,11.32594136942007,45.30376547768028
69.2,90.61559635244826,135.9233945286724,67.9616972643362,22.653899088112066,-45.30779817622413,4.530779817622413,181.23119270489653,-22.653899088112066,113.26949544056033,33.9808486321681,56.63474772028017,-90.61559635244826,11.326949544056033,45.30779817622413
69.3,90.6236803962234,135.93552059433512,67.96776029716756,22.65592009905585,-45.3118401981117,4.53118401981117,181.2473607924468,-22.65592009905585,113.27960049527925,33.98388014858378,56.63980024763963,-90.6236803962234,11.327960049527926,45.3118401981117
69.4,90.63177934907863,135.94766902361795,67.97383451180897,22.657944837269657,-45.315889674539314,4.531588967453931,181.26355869815725,-22.657944837269657,113.28972418634828,33.98691725590449,56.64486209317414,-90.63177934907863,11.328972418634828,45.315889674539314
69.5,90.63989018336734,135.959835275051,67.9799176375255,22.659972545841836,-45.31994509168367,4.531994509168367,181.27978036673468,-22.659972545841836,113.29986272920918,33.98995881876275,56.64993136460459,-90.63989018336734,11.329986272920918,45.31994509168367
69.60000000000001,90.64800960732293,135.9720144109844,67.9860072054922,22.662002401830733,-45.32400480366147,4.532400480366147,181.29601921464587,-22.662002401830733,113.31001200915367,33.9930036027461,56.65500600457683,-90.64800960732293,11.331001200915367,45.32400480366147
69.7,90.65613388429196,135.98420082643793,67.99210041321896,22.66403347107299,-45.32806694214598,4.532806694214599,181.31226776858392,-22.66403347107299,113.32016735536496,33.99605020660948,56.66008367768248,-90.65613388429196,11.332016735536495,45.32806694214598
69.8,90.66425784850296,135.99638677275442,67.99819338637721,22.66606446212574,-45.33212892425148,4.533212892425148,181.3285156970059,-22.66606446212574,113.3303223106287,33.999096693188605,56.66516115531435,-90.66425784850296,11.33303223106287,45.33212892425148
69.9,90.67237630405008,136.0085644560751,68.00428222803755,22.66809407601252,-45.33618815202504,4.533618815202504,181.34475260810015,-22.66809407601252,113.3404703800626,34.00214111401878,56.6702351900313,-90.67237630405008,11.33404703800626,45.33618815202504
70.0,90.68048546962244,136.02072820443365,68.01036410221683,22.67012136740561,-45.34024273481122,4.534024273481122,181.36097093924488,-22.67012136740561,113.35060683702805,34.00518205110841,56.67530341851403,-90.68048546962244,11.335060683702805,45.34024273481122
70.10000000000001,90.68858063929387,136.0328709589408,68.0164354794704,22.67214515982347,-45.34429031964694,4.534429031964694,181.37716127858775,-22.67214515982347,113.36072579911735,34.0082177397352,56.68036289955867,-90.68858063929387,11.336072579911734,45.34429031964694
70.2,90.69665600558338,136.04498400837508,68.02249200418754,22.674164001395845,-45.34832800279169,4.534832800279169,181.39331201116676,-22.674164001395845,113.37082000697922,34.01124600209377,56.68541000348961,-90.69665600558338,11.337082000697922,45.34832800279169
70.3,90.70470611429661,136.0570591714449,68.02852958572245,22.676176528574153,-45.35235305714831,4.5352353057148305,181.40941222859323,-22.676176528574153,113.38088264287077,34.014264792861226,56.69044132143539,-90.70470611429661,11.338088264287077,45.35235305714831
70.4,90.71272494954135,136.06908742431204,68.03454371215602,22.67818123738534,-45.35636247477068,4.5356362474770675,181.4254498990827,-22.67818123738534,113.39090618692668,34.01727185607801,56.69545309346334,-90.71272494954135,11.33909061869267,45.35636247477068
70.5,90.72070595315056,136.08105892972583,68.04052946486291,22.68017648828764,-45.36035297657528,4.536035297657528,181.4414119063011,-22.68017648828764,113.4008824414382,34.02026473243146,56.7004412207191,-90.72070595315056,11.34008824414382,45.36035297657528
70.60000000000001,90.72864230346667,136.0929634552,68.0464817276,22.682160575866668,-45.364321151733336,4.536432115173334,181.45728460693334,-22.682160575866668,113.41080287933335,34.0232408638,56.70540143966667,-90.72864230346667,11.341080287933334,45.364321151733336
70.7,90.7365270590482,136.1047905885723,68.05239529428616,22.68413176476205,-45.3682635295241,4.53682635295241,181.4730541180964,-22.68413176476205,113.42065882381024,34.02619764714308,56.71032941190512,-90.7365270590482,11.342065882381025,45.3682635295241
70.8,90.7443525611445,136.11652884171673,68.05826442085836,22.686088140286124,-45.37217628057225,4.537217628057225,181.488705122289,-22.686088140286124,113.43044070143063,34.02913221042918,56.71522035071531,-90.7443525611445,11.343044070143062,45.37217628057225
70.9,90.75211186214332,136.12816779321497,68.06408389660749,22.68802796553583,-45.37605593107166,4.537605593107166,181.50422372428665,-22.68802796553583,113.44013982767916,34.03204194830374,56.72006991383958,-90.75211186214332,11.344013982767915,45.37605593107166
71.0,90.75979837559612,136.13969756339418,68.06984878169709,22.68994959389903,-45.37989918779806,4.5379899187798065,181.51959675119224,-22.68994959389903,113.44974796949515,34.034924390848545,56.724873984747575,-90.75979837559612,11.344974796949515,45.37989918779806
71.10000000000001,90.76740597593853,136.1511089639078,68.0755544819539,22.691851493984633,-45.383702987969265,4.538370298796926,181.53481195187706,-22.691851493984633,113.45925746992316,34.03777724097695,56.72962873496158,-90.76740597593853,11.345925746992316,45.383702987969265
71.2,90.77492726974896,136.16239090462344,68.08119545231172,22.69373181743724,-45.38746363487448,4.538746363487448,181.54985453949791,-22.69373181743724,113.4686590871862,34.04059772615586,56.7343295435931,-90.77492726974896,11.34686590871862,45.38746363487448
71.3,90.78235478110594,136.1735321716589,68.08676608582945,22.695588695276484,-45.39117739055297,4.539117739055297,181.56470956221187,-22.695588695276484,113.47794347638242,34.043383042914726,56.73897173819121,-90.78235478110594,11.347794347638242,45.39117739055297
71.4,90.78968048106256,136.18452072159386,68.09226036079693,22.69742012026564,-45.39484024053128,4.539484024053128,181.57936096212512,-22.69742012026564,113.4871006013282,34.046130180398464,56.7435503006641,-90.78968048106256,11.34871006013282,45.39484024053128
71.5,90.79689663771094,136.19534495656643,68.09767247828322,22.699224159427736,-45.39844831885547,4.5398448318855475,181.5937932754219,-22.699224159427736,113.49612079713867,34.04883623914161,56.748060398569336,-90.79689663771094,11.349612079713868,45.39844831885547
71.60000000000001,90.8039953714511,136.20599305717664,68.10299652858832,22.700998842862774,-45.40199768572555,4.540199768572555,181.6079907429022,-22.700998842862774,113.50499421431387,34.05149826429416,56.752497107156934,-90.8039953714511,11.350499421431387,45.40199768572555
71.7,90.81096822831003,136.21645234246506,68.10822617123253,22.702742057077508,-45.405484114155016,4.540548411415502,181.62193645662006,-22.702742057077508,113.51371028538753,34.054113085616265,56.756855142693766,-90.81096822831003,11.351371028538754,45.405484114155016
71.8,90.81780775640682,136.22671163461024,68.11335581730512,22.704451939101705,-45.40890387820341,4.540890387820341,181.63561551281364,-22.704451939101705,113.52225969550852,34.05667790865256,56.76112984775426,-90.81780775640682,11.352225969550853,45.40890387820341
71.9,90.82450682487608,136.23676023731412,68.11838011865706,22.70612670621902,-45.41225341243804,4.541225341243805,181.64901364975216,-22.70612670621902,113.5306335310951,34.05919005932853,56.76531676554755,-90.82450682487608,11.35306335310951,45.41225341243804
72.0,90.83105888159001,136.246588322385,68.1232941611925,22.707764720397503,-45.415529440795005,4.541552944079501,181.66211776318002,-22.707764720397503,113.53882360198752,34.06164708059625,56.76941180099376,-90.83105888159001,11.353882360198751,45.415529440795005
72.10000000000001,90.83745907084766,136.25618860627148,68.12809430313574,22.709364767711914,-45.41872953542383,4.541872953542383,181.67491814169531,-22.709364767711914,113.54682383855958,34.06404715156787,56.77341191927979,-90.83745907084766,11.354682383855957,45.41872953542383
72.2,90.84370327439434,136.26555491159152,68.13277745579576,22.710925818598586,-45.42185163719717,4.542185163719718,181.6874065487887,-22.710925818598586,113.55462909299293,34.06638872789788,56.77731454649646,-90.84370327439434,11.355462909299293,45.42185163719717
72.3,90.84978727491983,136.27468091237975,68.13734045618988,22.71244681872996,-45.42489363745992,4.542489363745992,181.69957454983967,-22.71244681872996,113.56223409364979,34.06867022809494,56.781117046824896,-90.84978727491983,11.35622340936498,45.42489363745992
72.4,90.85570929512755,136.28356394269133,68.14178197134567,22.71392732378189,-45.42785464756378,4.542785464756378,181.7114185902551,-22.71392732378189,113.56963661890944,34.07089098567283,56.78481830945472,-90.85570929512755,11.356963661890944,45.42785464756378
72.5,90.86146699121224,136.29220048681836,68.14610024340918,22.71536674780306,-45.43073349560612,4.543073349560612,181.72293398242448,-22.71536674780306,113.5768337390153,34.07305012170459,56.78841686950765,-90.86146699121224,11.35768337390153,45.43073349560612
72.60000000000001,90.86705707424555,136.30058561136832,68.15029280568416,22.716764268561388,-45.433528537122776,4.543352853712277,181.7341141484911,-22.716764268561388,113.58382134280694,34.07514640284208,56.79191067140347,-90.86705707424555,11.358382134280694,45.433528537122776
72.7,90.87247662855106,136.30871494282658,68.15435747141329,22.718119157137764,-45.43623831427553,4.543623831427553,181.7449532571021,-22.718119157137764,113.59059578568882,34.077178735706646,56.79529789284441,-90.87247662855106,11.359059578568882,45.43623831427553
72.8,90.87772124368203,136.31658186552306,68.15829093276153,22.719430310920508,-45.438860621841016,4.543886062184102,181.75544248736406,-22.719430310920508,113.59715155460253,34.079145466380766,56.79857577730127,-90.87772124368203,11.359715155460254,45.438860621841016
72.9,90.88278712161535,136.32418068242302,68.16209034121151,22.720696780403838,-45.441393560807676,4.544139356080768,181.7655742432307,-22.720696780403838,113.60348390201919,34.081045170605755,56.801741951009596,-90.88278712161535,11.360348390201919,45.441393560807676
73.0,90.88767018703406,136.33150528055108,68.16575264027554,22.721917546758515,-45.44383509351703,4.544383509351703,181.77534037406812,-22.721917546758515,113.60958773379258,34.08287632013777,56.80479386689629,-90.88767018703406,11.360958773379258,45.44383509351703
73.10000000000001,90.89236783175666,136.338551747635,68.1692758738175,22.723091957939165,-45.44618391587833,4.544618391587833,181.78473566351332,-22.723091957939165,113.61545978969582,34.08463793690875,56.80772989484791,-90.89236783175666,11.361545978969582,45.44618391587833
73.2,90.8968801682396,136.34532025235941,68.17266012617971,22.7242200420599,-45.4484400841198,4.544844008411981,181.7937603364792,-22.7242200420599,113.6211002102995,34.086330063089854,56.81055010514975,-90.8968801682396,11.36211002102995,45.4484400841198
73.3,90.90120851423697,136.35181277135547,68.17590638567773,22.725302128559242,-45.450604257118485,4.545060425711848,181.80241702847394,-22.725302128559242,113.6265106427962,34.08795319283887,56.8132553213981,-90.90120851423697,11.362651064279621,45.450604257118485
73.4,90.90535521677994,136.35803282516991,68.17901641258496,22.726338804194985,-45.45267760838997,4.545267760838997,181.81071043355988,-22.726338804194985,113.63169402097492,34.08950820629248,56.81584701048746,-90.90535521677994,11.363169402097492,45.45267760838997
73.5,90.90932346462475,136.3639851969371,68.18199259846855,22.727330866156187,-45.454661732312374,4.545466173231238,181.8186469292495,-22.727330866156187,113.63665433078094,34.09099629923428,56.81832716539047,-90.90932346462475,11.363665433078094,45.454661732312374
73.60000000000001,90.9131176025119,136.36967640376787,68.18483820188393,22.728279400627976,-45.45655880125595,4.5456558801255955,181.8262352050238,-22.728279400627976,113.64139700313987,34.09241910094197,56.820698501569936,-90.9131176025119,11.364139700313988,45.45655880125595
73.7,90.91674146069936,136.37511219104903,68.18755609552451,22.72918536517484,-45.45837073034968,4.545837073034968,181.8334829213987,-22.72918536517484,113.6459268258742,34.09377804776226,56.8229634129371,-90.91674146069936,11.36459268258742,45.45837073034968
73.8,90.92019844230806,136.3802976634621,68.19014883173105,22.730049610577016,-45.46009922115403,4.546009922115403,181.84039688461613,-22.730049610577016,113.65024805288508,34.095074415865525,56.82512402644254,-90.92019844230806,11.365024805288508,45.46009922115403
73.9,90.92349126742101,136.38523690113152,68.19261845056576,22.730872816855253,-45.46174563371051,4.546174563371051,181.84698253484203,-22.730872816855253,113.65436408427627,34.09630922528288,56.82718204213813,-90.92349126742101,11.365436408427627,45.46174563371051
74.0,90.92662156098109,136.38993234147165,68.19496617073582,22.731655390245272,-45.463310780490545,4.546331078049055,181.85324312196218,-22.731655390245272,113.65827695122636,34.09748308536791,56.82913847561318,-90.92662156098109,11.365827695122636,45.463310780490545
74.10000000000001,90.9295912198828,136.39438682982419,68.19719341491209,22.7323978049707,-45.4647956099414,4.54647956099414,181.8591824397656,-22.7323978049707,113.6619890248535,34.098596707456046,56.83099451242675,-90.9295912198828,11.36619890248535,45.4647956099414
74.2,90.93240264371515,136.39860396557273,68.19930198278637,22.733100660928788,-45.466201321857575,4.546620132185757,181.8648052874303,-22.733100660928788,113.66550330464393,34.09965099139318,56.83275165232197,-90.93240264371515,11.366550330464394,45.466201321857575
74.3,90.93505798471317,136.40258697706975,68.20129348853487,22.733764496178292,-45.467528992356584,4.546752899235659,181.87011596942634,-22.733764496178292,113.66882248089146,34.100646744267436,56.83441124044573,-90.93505798471317,11.366882248089146,45.467528992356584
74.4,90.93755872423935,136.40633808635903,68.20316904317951,22.734389681059838,-45.468779362119676,4.546877936211968,181.8751174484787,-22.734389681059838,113.67194840529919,34.10158452158976,56.835974202649595,-90.93755872423935,11.367194840529919,45.468779362119676
74.5,90.93990608578025,136.40985912867038,68.20492956433519,22.734976521445063,-45.469953042890126,4.5469953042890126,181.8798121715605,-22.734976521445063,113.67488260722531,34.102464782167594,56.83744130361266,-90.93990608578025,11.367488260722531,45.469953042890126
74.60000000000001,90.9421018618694,136.4131527928041,68.20657639640206,22.73552546546735,-45.4710509309347,4.54710509309347,181.8842037237388,-22.73552546546735,113.67762732733675,34.10328819820103,56.838813663668375,-90.9421018618694,11.367762732733675,45.4710509309347
74.7,90.94414945547297,136.41622418320947,68.20811209160473,22.736037363868242,-45.472074727736484,4.547207472773649,181.88829891094593,-22.736037363868242,113.6801868193412,34.104056045802366,56.8400934096706,-90.94414945547297,11.368018681934121,45.472074727736484
74.8,90.94605280375316,136.41907920562974,68.20953960281487,22.73651320093829,-45.47302640187658,4.547302640187659,181.89210560750632,-22.73651320093829,113.68256600469145,34.104769801407436,56.841283002345726,-90.94605280375316,11.368256600469145,45.47302640187658
74.9,90.94781693899398,136.42172540849097,68.21086270424549,22.736954234748495,-45.47390846949699,4.547390846949699,181.89563387798796,-22.736954234748495,113.68477117374248,34.10543135212274,56.84238558687124,-90.94781693899398,11.368477117374248,45.47390846949699
75.0,90.94944756737918,136.42417135106876,68.21208567553438,22.737361891844795,-45.47472378368959,4.547472378368959,181.89889513475836,-22.737361891844795,113.68680945922398,34.10604283776719,56.84340472961199,-90.94944756737918,11.368680945922398,45.47472378368959
75.10000000000001,90.95095107824004,136.42642661736005,68.21321330868003,22.73773776956001,-45.47547553912002,4.547547553912002,181.90190215648008,-22.73773776956001,113.68868884780005,34.10660665434001,56.844344423900026,-90.95095107824004,11.368868884780005,45.47547553912002
75.2,90.95233351079187,136.42850026618783,68.21425013309391,22.73808337769797,-45.47616675539594,4.547616675539594,181.90466702158375,-22.73808337769797,113.69041688848984,34.107125066546956,56.84520844424492,-90.95233351079187,11.369041688848984,45.47616675539594
75.3,90.95360156771993,136.4304023515799,68.21520117578994,22.738400391929982,-45.476800783859964,4.547680078385997,181.90720313543986,-22.738400391929982,113.69200195964991,34.10760058789497,56.84600097982496,-90.95360156771993,11.369200195964991,45.476800783859964
75.4,90.95476253650327,136.4321438047549,68.21607190237745,22.738690634125817,-45.477381268251634,4.5477381268251635,181.90952507300653,-22.738690634125817,113.69345317062908,34.108035951188725,56.84672658531454,-90.95476253650327,11.369345317062908,45.477381268251634
75.5,90.95582400235763,136.43373600353644,68.21686800176822,22.738956000589408,-45.477912001178815,4.5477912001178815,181.91164800471526,-22.738956000589408,113.69478000294704,34.10843400088411,56.84739000147352,-90.95582400235763,11.369478000294704,45.477912001178815
75.60000000000001,90.95679526903844,136.43519290355766,68.21759645177883,22.73919881725961,-45.47839763451922,4.547839763451922,181.91359053807687,-22.73919881725961,113.69599408629804,34.108798225889416,56.84799704314902,-90.95679526903844,11.369599408629805,45.47839763451922
75.7,90.95768516648305,136.43652774972458,68.21826387486229,22.73942129162076,-45.47884258324152,4.547884258324152,181.9153703329661,-22.73942129162076,113.6971064581038,34.109131937431144,56.8485532290519,-90.95768516648305,11.36971064581038,45.47884258324152
75.8,90.95850194714411,136.43775292071618,68.21887646035809,22.73962548678603,-45.47925097357206,4.547925097357206,181.91700389428823,-22.73962548678603,113.69812743393014,34.109438230179045,56.84906371696507,-90.95850194714411,11.369812743393014,45.47925097357206
75.9,90.95925312807573,136.4388796921136,68.2194398460568,22.739813282018932,-45.479626564037865,4.5479626564037865,181.91850625615146,-22.739813282018932,113.69906641009466,34.1097199230284,56.84953320504733,-90.95925312807573,11.369906641009466,45.479626564037865
76.0,90.95994562425872,136.4399184363881,68.21995921819405,22.73998640606468,-45.47997281212936,4.547997281212936,181.91989124851744,-22.73998640606468,113.6999320303234,34.109979609097024,56.8499660151617,-90.95994562425872,11.36999320303234,45.47997281212936
76.10000000000001,90.96058604676074,136.4408790701411,68.22043953507055,22.740146511690185,-45.48029302338037,4.548029302338037,181.92117209352148,-22.740146511690185,113.70073255845092,34.11021976753528,56.85036627922546,-90.96058604676074,11.370073255845092,45.48029302338037
76.2,90.96118029184917,136.44177043777376,68.22088521888688,22.740295072962294,-45.48059014592459,4.548059014592459,181.92236058369835,-22.740295072962294,113.70147536481147,34.11044260944344,56.850737682405736,-90.96118029184917,11.370147536481147,45.48059014592459
76.3,90.9617331893136,136.44259978397042,68.22129989198521,22.7404332973284,-45.4808665946568,4.548086659465681,181.9234663786272,-22.7404332973284,113.702166486642,34.110649945992606,56.851083243321,-90.9617331893136,11.3702166486642,45.4808665946568
76.4,90.96225019365815,136.4433752904872,68.2216876452436,22.740562548414538,-45.481125096829075,4.548112509682908,181.9245003873163,-22.740562548414538,113.7028127420727,34.1108438226218,56.85140637103635,-90.96225019365815,11.370281274207269,45.481125096829075
76.5,90.96273512776267,136.444102691644,68.222051345822,22.740683781940668,-45.481367563881335,4.548136756388134,181.92547025552534,-22.740683781940668,113.70341890970334,34.111025672911,56.85170945485167,-90.96273512776267,11.370341890970334,45.481367563881335
76.60000000000001,90.96318960079189,136.44478440118783,68.22239220059392,22.740797400197973,-45.481594800395946,4.548159480039595,181.92637920158379,-22.740797400197973,113.70398700098987,34.11119610029696,56.851993500494935,-90.96318960079189,11.370398700098987,45.481594800395946
76.7,90.963614745593,136.4454221183895,68.22271105919475,22.74090368639825,-45.4818073727965,4.54818073727965,181.927229491186,-22.74090368639825,113.70451843199126,34.111355529597375,56.85225921599563,-90.963614745593,11.370451843199126,45.4818073727965
76.80000000000001,90.96401194908361,136.44601792362542,68.22300896181271,22.741002987270903,-45.482005974541806,4.548200597454181,181.92802389816723,-22.741002987270903,113.70501493635452,34.111504480906355,56.85250746817726,-90.96401194908361,11.370501493635452,45.482005974541806
76.9,90.96438194058624,136.44657291087935,68.22328645543968,22.74109548514656,-45.48219097029312,4.548219097029312,181.92876388117247,-22.74109548514656,113.7054774257328,34.11164322771984,56.8527387128664,-90.96438194058624,11.37054774257328,45.48219097029312
77.0,90.96472479969407,136.4470871995411,68.22354359977055,22.741181199923517,-45.482362399847034,4.548236239984703,181.92944959938814,-22.741181199923517,113.70590599961758,34.111771799885275,56.85295299980879,-90.96472479969407,11.370590599961758,45.482362399847034
77.10000000000001,90.96504036361507,136.44756054542262,68.22378027271131,22.74126009090377,-45.48252018180754,4.5482520181807535,181.93008072723015,-22.74126009090377,113.70630045451884,34.111890136355655,56.85315022725942,-90.96504036361507,11.370630045451884,45.48252018180754
77.2,90.96532895769637,136.44799343654455,68.22399671827228,22.741332239424093,-45.482664478848186,4.548266447884819,181.93065791539274,-22.741332239424093,113.70666119712047,34.11199835913614,56.853330598560234,-90.96532895769637,11.370666119712046,45.482664478848186
77.30000000000001,90.96559191957967,136.4483878793695,68.22419393968475,22.741397979894916,-45.48279595978983,4.5482795959789835,181.93118383915933,-22.741397979894916,113.70698989947458,34.112096969842376,56.85349494973729,-90.96559191957967,11.370698989947458,45.48279595978983
77.4,90.96582994146672,136.44874491220008,68.22437245610004,22.74145748536668,-45.48291497073336,4.548291497073336,181.93165988293345,-22.74145748536668,113.7072874268334,34.11218622805002,56.8536437134167,-90.96582994146672,11.37072874268334,45.48291497073336
77.5,90.96604306533119,136.4490645979968,68.2245322989984,22.741510766332798,-45.483021532665596,4.54830215326656,181.93208613066238,-22.741510766332798,113.70755383166399,34.1122661494992,56.85377691583199,-90.96604306533119,11.370755383166399,45.483021532665596
77.60000000000001,90.96623122185187,136.4493468327778,68.2246734163889,22.741557805462968,-45.483115610925935,4.548311561092594,181.93246244370374,-22.741557805462968,113.70778902731485,34.11233670819445,56.85389451365742,-90.96623122185187,11.370778902731484,45.483115610925935
77.7,90.96639574432923,136.44959361649384,68.22479680824692,22.74159893608231,-45.48319787216462,4.548319787216462,181.93279148865847,-22.74159893608231,113.70799468041155,34.11239840412346,56.85399734020577,-90.96639574432923,11.370799468041154,45.48319787216462
77.80000000000001,90.96653905274846,136.4498085791227,68.22490428956135,22.741634763187115,-45.48326952637423,4.5483269526374235,181.93307810549692,-22.741634763187115,113.70817381593557,34.112452144780676,56.85408690796778,-90.96653905274846,11.370817381593557,45.48326952637423
77.9,90.96666333547104,136.44999500320657,68.22499750160328,22.74166583386776,-45.48333166773552,4.548333166773552,181.93332667094208,-22.74166583386776,113.7083291693388,34.11249875080164,56.8541645846694,-90.96666333547104,11.37083291693388,45.48333166773552
78.0,90.96677008339839,136.45015512509758,68.22507756254879,22.741692520849597,-45.483385041699194,4.548338504169919,181.93354016679677,-22.741692520849597,113.70846260424798,34.112538781274395,56.85423130212399,-90.96677008339839,11.370846260424798,45.483385041699194
78.10000000000001,90.96685948990704,136.45028923486055,68.22514461743027,22.74171487247676,-45.48342974495352,4.548342974495352,181.93371897981407,-22.74171487247676,113.7085743623838,34.11257230871514,56.8542871811919,-90.96685948990704,11.37085743623838,45.48342974495352
78.2,90.9669298428806,136.4503947643209,68.22519738216045,22.74173246072015,-45.4834649214403,4.54834649214403,181.9338596857612,-22.74173246072015,113.70866230360076,34.11259869108022,56.85433115180038,-90.9669298428806,11.370866230360075,45.4834649214403
78.30000000000001,90.96698180315495,136.45047270473242,68.22523635236621,22.741745450788738,-45.483490901577476,4.548349090157748,181.9339636063099,-22.741745450788738,113.70872725394369,34.112618176183105,56.854363626971846,-90.96698180315495,11.370872725394369,45.483490901577476
78.4,90.96701695628398,136.45052543442597,68.22526271721298,22.741754239070996,-45.48350847814199,4.548350847814199,181.93403391256797,-22.741754239070996,113.70877119535498,34.11263135860649,56.85438559767749,-90.96701695628398,11.370877119535498,45.48350847814199
78.5,90.96703703309552,136.4505555496433,68.22527777482165,22.74175925827388,-45.48351851654776,4.548351851654776,181.93407406619104,-22.74175925827388,113.7087962913694,34.112638887410824,56.8543981456847,-90.96703703309552,11.37087962913694,45.48351851654776
78.60000000000001,90.96704352745402,136.45056529118102,68.22528264559051,22.741760881863506,-45.48352176372701,4.548352176372702,181.93408705490805,-22.741760881863506,113.70880440931754,34.112641322795255,56.85440220465877,-90.96704352745402,11.370880440931753,45.48352176372701
78.7,90.96703801613151,136.45055702419728,68.22527851209864,22.741759504032878,-45.483519008065755,4.548351900806575,181.93407603226302,-22.741759504032878,113.70879752016438,34.11263925604932,56.85439876008219,-90.96703801613151,11.370879752016439,45.483519008065755
78.80000000000001,90.9670218805382,136.4505328208073,68.22526641040365,22.74175547013455,-45.4835109402691,4.54835109402691,181.9340437610764,-22.74175547013455,113.70877735067275,34.112633205201824,56.854388675336374,-90.9670218805382,11.370877735067275,45.4835109402691
78.9,90.96699547675195,136.45049321512792,68.22524660756396,22.741748869187987,-45.48349773837597,4.5483497738375975,181.9339909535039,-22.741748869187987,113.70874434593993,34.11262330378198,56.85437217296997,-90.96699547675195,11.370874434593993,45.48349773837597
79.0,90.96695892178074,136.4504383826711,68.22521919133555,22.741739730445186,-45.48347946089037,4.548347946089037,181.9339178435615,-22.741739730445186,113.70869865222593,34.11260959566778,56.85434932611297,-90.96695892178074,11.370869865222593,45.48347946089037
79.10000000000001,90.96691112220121,136.4503666833018,68.2251833416509,22.741727780550303,-45.483455561100605,4.5483455561100605,181.93382224440242,-22.741727780550303,113.70863890275152,34.11259167082545,56.85431945137576,-90.96691112220121,11.370863890275151,45.483455561100605
79.2,90.96684918216673,136.4502737732501,68.22513688662505,22.74171229554168,-45.48342459108336,4.548342459108336,181.93369836433345,-22.74171229554168,113.7085614777084,34.112568443312526,56.8542807388542,-90.96684918216673,11.37085614777084,45.48342459108336
79.30000000000001,90.96677117930676,136.45015676896014,68.22507838448007,22.74169279482669,-45.48338558965338,4.548338558965338,181.93354235861352,-22.74169279482669,113.70846397413345,34.112539192240035,56.854231987066726,-90.96677117930676,11.370846397413345,45.48338558965338
79.4,90.96667623490912,136.45001435236367,68.22500717618183,22.74166905872728,-45.48333811745456,4.548333811745456,181.93335246981823,-22.74166905872728,113.7083452936364,34.11250358809092,56.8541726468182,-90.96667623490912,11.37083452936364,45.48333811745456
79.5,90.96656442877432,136.4498466431615,68.22492332158075,22.74164110719358,-45.48328221438716,4.548328221438716,181.93312885754864,-22.74164110719358,113.70820553596789,34.11246166079037,56.854102767983946,-90.96656442877432,11.37082055359679,45.48328221438716
79.60000000000001,90.96643725999648,136.44965588999472,68.22482794499736,22.74160931499912,-45.48321862999824,4.548321862999824,181.93287451999296,-22.74160931499912,113.7080465749956,34.11241397249868,56.8540232874978,-90.96643725999648,11.37080465749956,45.48321862999824
79.7,90.96629737749379,136.44944606624068,68.22472303312034,22.741574344373447,-45.483148688746894,4.54831486887469,181.93259475498758,-22.741574344373447,113.70787172186724,34.11236151656017,56.85393586093362,-90.96629737749379,11.370787172186724,45.483148688746894
79.80000000000001,90.96614830331312,136.44922245496969,68.22461122748484,22.74153707582828,-45.48307415165656,4.548307415165656,181.93229660662624,-22.74153707582828,113.7076853791414,34.11230561374242,56.8538426895707,-90.96614830331312,11.37076853791414,45.48307415165656
79.9,90.96599248652782,136.44898872979172,68.22449436489586,22.741498121631956,-45.48299624326391,4.548299624326392,181.93198497305565,-22.741498121631956,113.70749060815979,34.11224718244793,56.853745304079894,-90.96599248652782,11.370749060815978,45.48299624326391
80.0,90.96583277878881,136.4487491681832,68.2243745840916,22.741458194697202,-45.482916389394404,4.548291638939441,181.93166555757762,-22.741458194697202,113.70729097348601,34.1121872920458,56.853645486743005,-90.96583277878881,11.370729097348601,45.482916389394404
80.10000000000001,90.96567174175324,136.44850761262987,68.22425380631493,22.74141793543831,-45.48283587087662,4.548283587087663,181.93134348350648,-22.74141793543831,113.70708967719155,34.11212690315747,56.853544838595774,-90.96567174175324,11.370708967719155,45.48283587087662
80.2,90.96550933253361,136.44826399880043,68.22413199940021,22.741377333133403,-45.48275466626681,4.548275466626681,181.93101866506723,-22.741377333133403,113.70688666566701,34.11206599970011,56.85344333283351,-90.96550933253361,11.370688666566702,45.48275466626681
80.30000000000001,90.96534401862853,136.4480160279428,68.2240080139714,22.741336004657132,-45.482672009314264,4.548267200931426,181.93068803725706,-22.741336004657132,113.70668002328566,34.1120040069857,56.85334001164283,-90.96534401862853,11.370668002328566,45.482672009314264
80.4,90.9651732207543,136.44775983113144,68.22387991556572,22.741293305188574,-45.48258661037715,4.548258661037715,181.9303464415086,-22.741293305188574,113.70646652594287,34.11193995778286,56.853233262971436,-90.9651732207543,11.370646652594287,45.48258661037715
80.5,90.9649944279277,136.44749164189156,68.22374582094578,22.741248606981927,-45.48249721396385,4.5482497213963855,181.9299888558554,-22.741248606981927,113.70624303490963,34.11187291047289,56.85312151745482,-90.9649944279277,11.370624303490963,45.48249721396385
80.60000000000001,90.96480526987531,136.44720790481296,68.22360395240648,22.74120131746883,-45.48240263493766,4.548240263493766,181.92961053975063,-22.74120131746883,113.70600658734415,34.11180197620324,56.853003293672074,-90.96480526987531,11.370600658734414,45.48240263493766
80.7,90.96460192266892,136.44690288400338,68.22345144200169,22.74115048066723,-45.48230096133446,4.548230096133446,181.92920384533784,-22.74115048066723,113.70575240333615,34.111725721000845,56.852876201668074,-90.96460192266892,11.370575240333615,45.48230096133446
80.80000000000001,90.96438056912973,136.4465708536946,68.2232854268473,22.741095142282433,-45.482190284564865,4.5482190284564865,181.92876113825946,-22.741095142282433,113.70547571141216,34.11164271342365,56.85273785570608,-90.96438056912973,11.370547571141216,45.482190284564865
80.9,90.96413584125959,136.4462037618894,68.2231018809447,22.741033960314898,-45.482067920629795,4.54820679206298,181.92827168251918,-22.741033960314898,113.70516980157448,34.11155094047235,56.85258490078724,-90.96413584125959,11.370516980157449,45.482067920629795
81.0,90.96386175793229,136.44579263689843,68.22289631844922,22.740965439483073,-45.481930878966146,4.548193087896615,181.92772351586459,-22.740965439483073,113.70482719741537,34.11144815922461,56.852413598707685,-90.96386175793229,11.370482719741537,45.481930878966146
81.10000000000001,90.96355235601906,136.4453285340286,68.2226642670143,22.740888089004766,-45.48177617800953,4.548177617800953,181.92710471203813,-22.740888089004766,113.70444044502383,34.11133213350715,56.85222022251192,-90.96355235601906,11.370444044502383,45.48177617800953
81.2,90.96320189713526,136.4448028457029,68.22240142285145,22.740800474283816,-45.48160094856763,4.5481600948567635,181.92640379427053,-22.740800474283816,113.70400237141908,34.111200711425724,56.85200118570954,-90.96320189713526,11.370400237141908,45.48160094856763
81.30000000000001,90.96280361082103,136.44420541623154,68.22210270811577,22.740700902705257,-45.48140180541051,4.5481401805410515,181.92560722164205,-22.740700902705257,113.70350451352628,34.111051354057885,56.85175225676314,-90.96280361082103,11.370350451352628,45.48140180541051
81.4,90.96235097814001,136.44352646721,68.221763233605,22.740587744535002,-45.481175489070004,4.548117548907,181.92470195628002,-22.740587744535002,113.70293872267501,34.1108816168025,56.85146936133751,-90.96235097814001,11.370293872267501,45.481175489070004
81.5,90.96183976099437,136.44275964149153,68.22137982074577,22.74045994024859,-45.48091988049718,4.548091988049719,181.92367952198873,-22.74045994024859,113.70229970124296,34.110689910372884,56.85114985062148,-90.96183976099437,11.370229970124296,45.48091988049718
81.60000000000001,90.9612683299077,136.44190249486155,68.22095124743078,22.740317082476924,-45.48063416495385,4.548063416495385,181.9225366598154,-22.740317082476924,113.70158541238462,34.11047562371539,56.85079270619231,-90.9612683299077,11.370158541238462,45.48063416495385
81.7,90.96063599579607,136.4409539936941,68.22047699684705,22.740158998949017,-45.480317997898034,4.548031799789803,181.92127199159214,-22.740158998949017,113.70079499474508,34.11023849842353,56.85039749737254,-90.96063599579607,11.370079499474508,45.480317997898034
81.80000000000001,90.95994258533031,136.43991387799548,68.21995693899774,22.739985646332578,-45.479971292665155,4.547997129266515,181.91988517066062,-22.739985646332578,113.69992823166288,34.10997846949887,56.84996411583144,-90.95994258533031,11.369992823166289,45.479971292665155
81.9,90.95918709960694,136.4387806494104,68.2193903247052,22.739796774901734,-45.47959354980347,4.547959354980347,181.91837419921387,-22.739796774901734,113.69898387450867,34.1096951623526,56.849491937254335,-90.95918709960694,11.369898387450867,45.47959354980347
82.0,90.95837018308467,136.43755527462702,68.21877763731351,22.739592545771167,-45.479185091542334,4.547918509154234,181.91674036616934,-22.739592545771167,113.69796272885583,34.109388818656754,56.848981364427914,-90.95837018308467,11.369796272885583,45.479185091542334
82.10000000000001,90.957491963832,136.436237945748,68.218118972874,22.739372990958,-45.478745981916,4.5478745981916004,181.914983927664,-22.739372990958,113.69686495479,34.109059486437,56.848432477395,-90.957491963832,11.369686495479,45.478745981916
82.2,90.95655111408213,136.4348266711232,68.2174133355616,22.739137778520533,-45.478275557041066,4.547827555704107,181.91310222816426,-22.739137778520533,113.69568889260266,34.1087066677808,56.84784444630133,-90.95655111408213,11.369568889260266,45.478275557041066
82.30000000000001,90.95554769162719,136.43332153744078,68.21666076872039,22.738886922906797,-45.477773845813594,4.54777738458136,181.91109538325438,-22.738886922906797,113.69443461453399,34.108330384360194,56.847217307266995,-90.95554769162719,11.369443461453399,45.477773845813594
82.4,90.95448159363721,136.43172239045583,68.21586119522792,22.738620398409303,-45.477240796818606,4.547724079681861,181.90896318727442,-22.738620398409303,113.69310199204651,34.10793059761396,56.846550996023254,-90.95448159363721,11.369310199204651,45.477240796818606
82.5,90.95335288447268,136.43002932670902,68.21501466335451,22.73833822111817,-45.47667644223634,4.547667644223634,181.90670576894536,-22.73833822111817,113.69169110559085,34.107507331677255,56.845845552795424,-90.95335288447268,11.369169110559085,45.47667644223634
82.60000000000001,90.95216090193536,136.42824135290303,68.21412067645151,22.73804022548384,-45.47608045096768,4.547608045096768,181.90432180387072,-22.73804022548384,113.6902011274192,34.10706033822576,56.8451005637096,-90.95216090193536,11.36902011274192,45.47608045096768
82.7,90.95090458405076,136.42635687607614,68.21317843803807,22.73772614601269,-45.47545229202538,4.547545229202538,181.90180916810152,-22.73772614601269,113.68863073006345,34.106589219019035,56.844315365031726,-90.95090458405076,11.368863073006345,45.47545229202538
82.80000000000001,90.94958221842141,136.4243733276321,68.21218666381606,22.737395554605353,-45.474791109210706,4.547479110921071,181.89916443684282,-22.737395554605353,113.68697777302677,34.10609333190803,56.843488886513384,-90.94958221842141,11.368697777302676,45.474791109210706
82.9,90.94819339967896,136.42229009951842,68.21114504975921,22.73704834991974,-45.47409669983948,4.547409669983948,181.8963867993579,-22.73704834991974,113.6852417495987,34.105572524879605,56.84262087479935,-90.94819339967896,11.36852417495987,45.47409669983948
83.0,90.94673673631213,136.4201051044682,68.2100525522341,22.736684184078033,-45.473368368156066,4.547336836815607,181.89347347262427,-22.736684184078033,113.68342092039016,34.10502627611705,56.84171046019508,-90.94673673631213,11.368342092039017,45.473368368156066
83.10000000000001,90.94521250098471,136.41781875147706,68.20890937573853,22.736303125246177,-45.472606250492355,4.547260625049236,181.89042500196942,-22.736303125246177,113.68151562623089,34.104454687869264,56.840757813115445,-90.94521250098471,11.368151562623089,45.472606250492355
83.2,90.94362030394872,136.4154304559231,68.20771522796154,22.73590507598718,-45.47181015197436,4.547181015197436,181.88724060789744,-22.73590507598718,113.6795253799359,34.10385761398077,56.83976268996795,-90.94362030394872,11.36795253799359,45.47181015197436
83.30000000000001,90.94195836924175,136.4129375538626,68.2064687769313,22.735489592310437,-45.47097918462087,4.547097918462088,181.8839167384835,-22.735489592310437,113.67744796155219,34.10323438846565,56.838723980776095,-90.94195836924175,11.367744796155218,45.47097918462087
83.4,90.94022523650496,136.41033785475744,68.20516892737872,22.73505630912624,-45.47011261825248,4.547011261825248,181.88045047300992,-22.73505630912624,113.6752815456312,34.10258446368936,56.8376407728156,-90.94022523650496,11.36752815456312,45.47011261825248
83.5,90.93842061960893,136.40763092941341,68.20381546470671,22.734605154902233,-45.46921030980447,4.546921030980447,181.87684123921787,-22.734605154902233,113.67302577451116,34.101907732353354,56.83651288725558,-90.93842061960893,11.367302577451117,45.46921030980447
83.60000000000001,90.93654411421386,136.4048161713208,68.2024080856604,22.734136028553465,-45.46827205710693,4.546827205710693,181.87308822842772,-22.734136028553465,113.67068014276732,34.1012040428302,56.83534007138366,-90.93654411421386,11.367068014276732,45.46827205710693
83.7,90.93459669885696,136.40189504828544,68.20094752414272,22.73364917471424,-45.46729834942848,4.546729834942848,181.86919339771393,-22.73364917471424,113.66824587357121,34.10047376207136,56.834122936785604,-90.93459669885696,11.36682458735712,45.46729834942848
83.80000000000001,90.93257845027027,136.3988676754054,68.1994338377027,22.733144612567568,-45.466289225135135,4.546628922513514,181.86515690054054,-22.733144612567568,113.66572306283784,34.09971691885135,56.83286153141892,-90.93257845027027,11.366572306283784,45.466289225135135
83.9,90.93048977400588,136.39573466100882,68.19786733050441,22.73262244350147,-45.46524488700294,4.546524488700294,181.86097954801176,-22.73262244350147,113.66311221750735,34.098933665252204,56.831556108753674,-90.93048977400588,11.366311221750735,45.46524488700294
84.0,90.92833077022959,136.3924961553444,68.1962480776722,22.732082692557398,-45.464165385114796,4.54641653851148,181.85666154045919,-22.732082692557398,113.66041346278699,34.0981240388361,56.830206731393496,-90.92833077022959,11.366041346278699,45.464165385114796
84.10000000000001,90.9261015143061,136.38915227145915,68.19457613572958,22.731525378576524,-45.46305075715305,4.546305075715305,181.8522030286122,-22.731525378576524,113.65762689288262,34.09728806786479,56.82881344644131,-90.9261015143061,11.365762689288262,45.46305075715305
84.2,90.9238009087538,136.3857013631307,68.19285068156535,22.73095022718845,-45.4619004543769,4.54619004543769,181.8476018175076,-22.73095022718845,113.65475113594226,34.09642534078267,56.82737556797113,-90.9238009087538,11.365475113594226,45.4619004543769
84.30000000000001,90.92142706826975,136.38214060240463,68.19107030120232,22.730356767067438,-45.460713534134875,4.546071353413487,181.8428541365395,-22.730356767067438,113.65178383533718,34.09553515060116,56.82589191766859,-90.92142706826975,11.365178383533719,45.460713534134875
84.4,90.91897975149149,136.37846962723722,68.18923481361861,22.729744937872873,-45.459489875745746,4.545948987574575,181.83795950298298,-22.729744937872873,113.64872468936437,34.094617406809306,56.824362344682186,-90.91897975149149,11.364872468936436,45.459489875745746
84.5,90.91645940794344,136.37468911191516,68.18734455595758,22.72911485198586,-45.45822970397172,4.545822970397172,181.83291881588687,-22.72911485198586,113.64557425992929,34.09367227797879,56.822787129964645,-90.91645940794344,11.36455742599293,45.45822970397172
84.60000000000001,90.91386826384867,136.370802395773,68.1854011978865,22.728467065962167,-45.456934131924335,4.545693413192434,181.82773652769734,-22.728467065962167,113.64233532981083,34.09270059894325,56.82116766490542,-90.91386826384867,11.364233532981084,45.456934131924335
84.7,90.91120938932937,136.36681408399406,68.18340704199703,22.727802347332343,-45.455604694664686,4.545560469466468,181.82241877865874,-22.727802347332343,113.63901173666171,34.091703520998514,56.81950586833086,-90.91120938932937,11.363901173666171,45.455604694664686
84.80000000000001,90.90848534236315,136.3627280135447,68.18136400677236,22.727121335590788,-45.454242671181575,4.5454242671181575,181.8169706847263,-22.727121335590788,113.63560667795394,34.09068200338618,56.81780333897697,-90.90848534236315,11.363560667795394,45.454242671181575
84.9,90.90569774888566,136.3585466233285,68.17927331166425,22.726424437221414,-45.45284887444283,4.545284887444283,181.81139549777131,-22.726424437221414,113.63212218610707,34.08963665583212,56.816061093053534,-90.90569774888566,11.363212218610707,45.45284887444283
85.0,90.90284839496078,136.3542725924412,68.1771362962206,22.725712098740196,-45.45142419748039,4.545142419748039,181.80569678992157,-22.725712098740196,113.62856049370097,34.0885681481103,56.81428024685049,-90.90284839496078,11.362856049370098,45.45142419748039
85.10000000000001,90.89993928485202,136.34990892727802,68.17495446363901,22.724984821213006,-45.44996964242601,4.544996964242602,181.79987856970405,-22.724984821213006,113.62492410606504,34.087477231819506,56.81246205303252,-90.89993928485202,11.362492410606503,45.44996964242601
85.2,90.89697349447783,136.34546024171675,68.17273012085838,22.72424337361946,-45.44848674723892,4.544848674723892,181.79394698895567,-22.72424337361946,113.62121686809729,34.08636506042919,56.810608434048646,-90.89697349447783,11.36212168680973,45.44848674723892
85.30000000000001,90.89395393592886,136.3409309038933,68.17046545194665,22.723488483982216,-45.44697696796443,4.544697696796443,181.78790787185773,-22.723488483982216,113.61744241991107,34.08523272597333,56.808721209955536,-90.89395393592886,11.361744241991108,45.44697696796443
85.4,90.89088405906213,136.33632608859318,68.16816304429659,22.722721014765533,-45.445442029531065,4.544544202953107,181.78176811812426,-22.722721014765533,113.61360507382767,34.084081522148296,56.806802536913835,-90.89088405906213,11.361360507382766,45.445442029531065
85.5,90.88776803186927,136.3316520478039,68.16582602390196,22.721942007967318,-45.443884015934636,4.544388401593464,181.77553606373854,-22.721942007967318,113.60971003983659,34.08291301195098,56.80485501991829,-90.88776803186927,11.360971003983659,45.443884015934636
85.60000000000001,90.88461093748447,136.3269164062267,68.16345820311335,22.721152734371117,-45.442305468742234,4.544230546874224,181.76922187496893,-22.721152734371117,113.60576367185558,34.081729101556675,56.80288183592779,-90.88461093748447,11.360576367185558,45.442305468742234
85.7,90.88141707821856,136.32212561732786,68.16106280866393,22.72035426955464,-45.44070853910928,4.544070853910928,181.76283415643712,-22.72035426955464,113.6017713477732,34.080531404331964,56.8008856738866,-90.88141707821856,11.36017713477732,45.44070853910928
85.80000000000001,90.87819027097062,136.31728540645594,68.15864270322797,22.719547567742655,-45.43909513548531,4.543909513548531,181.75638054194124,-22.719547567742655,113.59773783871327,34.079321351613984,56.798868919356636,-90.87819027097062,11.359773783871328,45.43909513548531
85.9,90.87493472528296,136.31240208792443,68.15620104396221,22.71873368132074,-45.43746736264148,4.543746736264148,181.7498694505659,-22.71873368132074,113.5936684066037,34.078100521981106,56.79683420330185,-90.87493472528296,11.35936684066037,45.43746736264148
86.0,90.87165529096922,136.30748293645382,68.15374146822691,22.717913822742304,-45.43582764548461,4.543582764548461,181.74331058193843,-22.717913822742304,113.58956911371152,34.076870734113456,56.79478455685576,-90.87165529096922,11.358956911371152,45.43582764548461
86.10000000000001,90.86835701999686,136.30253552999528,68.15126776499764,22.717089254999216,-45.43417850999843,4.543417850999844,181.73671403999373,-22.717089254999216,113.58544627499609,34.07563388249882,56.792723137498044,-90.86835701999686,11.358544627499608,45.43417850999843
86.2,90.86504686049015,136.29757029073522,68.14878514536761,22.71626171512254,-45.43252343024508,4.543252343024508,181.7300937209803,-22.71626171512254,113.5813085756127,34.074392572683806,56.79065428780635,-90.86504686049015,11.35813085756127,45.43252343024508
86.30000000000001,90.8617332617618,136.2925998926427,68.14629994632135,22.71543331544045,-45.4308666308809,4.54308666308809,181.7234665235236,-22.71543331544045,113.57716657720225,34.073149973160675,56.788583288601124,-90.8617332617618,11.357716657720225,45.4308666308809
86.4,90.85842487139962,136.28763730709943,68.14381865354972,22.714606217849905,-45.42921243569981,4.542921243569981,181.71684974279924,-22.714606217849905,113.57303108924953,34.07190932677486,56.78651554462476,-90.85842487139962,11.357303108924953,45.42921243569981
86.5,90.85513178124015,136.2826976718602,68.1413488359301,22.713782945310037,-45.42756589062007,4.542756589062008,181.7102635624803,-22.713782945310037,113.56891472655019,34.07067441796505,56.784457363275095,-90.85513178124015,11.356891472655018,45.42756589062007
86.60000000000001,90.85186430249755,136.2777964537463,68.13889822687315,22.712966075624387,-45.42593215124877,4.542593215124877,181.7037286049951,-22.712966075624387,113.56483037812194,34.069449113436576,56.78241518906097,-90.85186430249755,11.356483037812193,45.42593215124877
86.7,90.84863394034308,136.27295091051462,68.13647545525731,22.71215848508577,-45.42431697017154,4.542431697017154,181.69726788068616,-22.71215848508577,113.56079242542884,34.068237727628656,56.78039621271442,-90.84863394034308,11.356079242542885,45.42431697017154
86.80000000000001,90.84545251587416,136.26817877381123,68.13408938690561,22.71136312896854,-45.42272625793708,4.542272625793708,181.69090503174831,-22.71136312896854,113.5568156448427,34.06704469345281,56.77840782242135,-90.84545251587416,11.35568156448427,45.42272625793708
86.9,90.84233198236527,136.26349797354789,68.13174898677394,22.710582995591317,-45.42116599118263,4.5421165991182635,181.68466396473053,-22.710582995591317,113.55291497795659,34.06587449338697,56.776457488978295,-90.84233198236527,11.355291497795658,45.42116599118263
87.0,90.8392822938855,136.25892344082826,68.12946172041413,22.709820573471376,-45.41964114694275,4.5419641146942755,181.678564587771,-22.709820573471376,113.54910286735688,34.064730860207064,56.77455143367844,-90.8392822938855,11.354910286735688,45.41964114694275
87.10000000000001,90.83631309386126,136.2544696407919,68.12723482039596,22.709078273465316,-45.41815654693063,4.541815654693063,181.67262618772253,-22.709078273465316,113.54539136732657,34.06361741019798,56.77269568366329,-90.83631309386126,11.354539136732658,45.41815654693063
87.2,90.8334330973735,136.25014964606027,68.12507482303013,22.708358274343375,-45.41671654868675,4.541671654868675,181.666866194747,-22.708358274343375,113.54179137171687,34.062537411515066,56.770895685858434,-90.8334330973735,11.354179137171688,45.41671654868675
87.30000000000001,90.83064987918264,136.24597481877396,68.12298740938698,22.70766246979566,-45.41532493959132,4.541532493959132,181.6612997583653,-22.70766246979566,113.53831234897831,34.06149370469349,56.769156174489154,-90.83064987918264,11.35383123489783,45.41532493959132
87.4,90.82797086449202,136.241956296738,68.120978148369,22.706992716123004,-45.41398543224601,4.541398543224601,181.65594172898403,-22.706992716123004,113.53496358061503,34.0604890741845,56.767481790307514,-90.82797086449202,11.353496358061502,45.41398543224601
87.5,90.82540413874706,136.2381062081206,68.1190531040603,22.706351034686765,-45.41270206937353,4.541270206937353,181.65080827749412,-22.706351034686765,113.53175517343382,34.05952655203015,56.76587758671691,-90.82540413874706,11.353175517343383,45.41270206937353
87.60000000000001,90.82295747265671,136.23443620898507,68.11721810449254,22.705739368164178,-45.411478736328355,4.541147873632836,181.64591494531342,-22.705739368164178,113.52869684082088,34.05860905224627,56.76434842041044,-90.82295747265671,11.352869684082089,45.411478736328355
87.7,90.82063783555306,136.2309567533296,68.1154783766648,22.705159458888264,-45.41031891777653,4.541031891777653,181.64127567110611,-22.705159458888264,113.52579729444132,34.0577391883324,56.76289864722066,-90.82063783555306,11.352579729444132,45.41031891777653
87.80000000000001,90.81845057987186,136.2276758698078,68.1138379349039,22.704612644967966,-45.40922528993593,4.540922528993593,181.63690115974373,-22.704612644967966,113.52306322483983,34.05691896745195,56.761531612419915,-90.81845057987186,11.352306322483983,45.40922528993593
87.9,90.81639988658169,136.22459982987255,68.11229991493627,22.704099971645423,-45.408199943290846,4.540819994329085,181.63279977316338,-22.704099971645423,113.52049985822711,34.056149957468136,56.760249929113556,-90.81639988658169,11.352049985822712,45.408199943290846
88.0,90.8144897279211,136.22173459188164,68.11086729594082,22.703622431980275,-45.40724486396055,4.540724486396055,181.6289794558422,-22.703622431980275,113.51811215990138,34.05543364797041,56.75905607995069,-90.8144897279211,11.351811215990137,45.40724486396055
88.10000000000001,90.81272386990098,136.21908580485146,68.10954290242573,22.703180967475245,-45.40636193495049,4.540636193495049,181.62544773980196,-22.703180967475245,113.51590483737623,34.054771451212865,56.75795241868811,-90.81272386990098,11.351590483737622,45.40636193495049
88.2,90.81110732217523,136.21666098326284,68.10833049163142,22.702776830543808,-45.405553661087616,4.540555366108761,181.62221464435046,-22.702776830543808,113.51388415271904,34.05416524581571,56.75694207635952,-90.81110732217523,11.351388415271904,45.405553661087616
88.30000000000001,90.80964618457207,136.2144692768581,68.10723463842905,22.70241154614302,-45.40482309228604,4.5404823092286035,181.61929236914415,-22.70241154614302,113.5120577307151,34.053617319214524,56.75602886535755,-90.80964618457207,11.35120577307151,45.40482309228604
88.4,90.80834760232231,136.21252140348346,68.10626070174173,22.70208690058058,-45.40417380116116,4.540417380116116,181.61669520464463,-22.70208690058058,113.5104345029029,34.053130350870866,56.75521725145145,-90.80834760232231,11.35104345029029,45.40417380116116
88.5,90.80721744393091,136.21082616589638,68.10541308294819,22.701804360982727,-45.403608721965455,4.540360872196546,181.61443488786182,-22.701804360982727,113.50902180491363,34.052706541474095,56.754510902456815,-90.80721744393091,11.350902180491364,45.403608721965455
88.60000000000001,90.80625998030384,136.20938997045576,68.10469498522788,22.70156499507596,-45.40312999015192,4.540312999015192,181.61251996060767,-22.70156499507596,113.50782497537979,34.05234749261394,56.753912487689895,-90.80625998030384,11.35078249753798,45.40312999015192
88.7,90.8054789677318,136.2082184515977,68.10410922579885,22.70136974193295,-45.4027394838659,4.540273948386591,181.6109579354636,-22.70136974193295,113.50684870966475,34.052054612899425,56.753424354832376,-90.8054789677318,11.350684870966475,45.4027394838659
88.80000000000001,90.8048774873584,136.2073162310376,68.1036581155188,22.7012193718396,-45.4024387436792,4.54024387436792,181.6097549747168,-22.7012193718396,113.506096859198,34.0518290577594,56.753048429599,-90.8048774873584,11.3506096859198,45.4024387436792
88.9,90.80445756932811,136.20668635399215,68.10334317699608,22.701114392332027,-45.402228784664054,4.540222878466405,181.60891513865622,-22.701114392332027,113.50557196166014,34.05167158849804,56.75278598083007,-90.80445756932811,11.350557196166013,45.402228784664054
89.0,90.80421962286037,136.20632943429055,68.10316471714528,22.701054905715093,-45.402109811430186,4.5402109811430185,181.60843924572075,-22.701054905715093,113.50527452857547,34.05158235857264,56.752637264287735,-90.80421962286037,11.350527452857547,45.402109811430186
89.10000000000001,90.80416442124307,136.20624663186462,68.10312331593231,22.701041105310768,-45.402082210621536,4.540208221062154,181.60832884248615,-22.701041105310768,113.50520552655384,34.051561657966154,56.75260276327692,-90.80416442124307,11.350520552655384,45.402082210621536
89.2,90.80429456686123,136.20644185029184,68.10322092514592,22.701073641715308,-45.402147283430615,4.540214728343062,181.60858913372246,-22.701073641715308,113.50536820857654,34.05161046257296,56.75268410428827,-90.80429456686123,11.350536820857654,45.402147283430615
89.30000000000001,90.80461350990865,136.20692026486296,68.10346013243148,22.701153377477162,-45.402306754954324,4.540230675495432,181.6092270198173,-22.701153377477162,113.50576688738582,34.05173006621574,56.75288344369291,-90.80461350990865,11.350576688738581,45.402306754954324
89.4,90.80512612945607,136.2076891941841,68.10384459709205,22.701281532364018,-45.402563064728035,4.540256306472804,181.61025225891214,-22.701281532364018,113.50640766182009,34.051922298546025,56.753203830910046,-90.80512612945607,11.350640766182009,45.402563064728035
89.5,90.80583821925589,136.20875732888385,68.10437866444192,22.701459554813972,-45.402919109627945,4.540291910962795,181.61167643851178,-22.701459554813972,113.50729777406985,34.05218933222096,56.75364888703493,-90.80583821925589,11.350729777406986,45.402919109627945
89.60000000000001,90.8067532568865,136.21012988532974,68.10506494266487,22.701688314221624,-45.40337662844325,4.540337662844325,181.613506513773,-22.701688314221624,113.50844157110812,34.052532471332434,56.75422078555406,-90.8067532568865,11.350844157110812,45.40337662844325
89.7,90.80787378738644,136.21181068107967,68.10590534053983,22.70196844684661,-45.40393689369322,4.540393689369322,181.61574757477288,-22.70196844684661,113.50984223423305,34.05295267026992,56.754921117116524,-90.80787378738644,11.350984223423305,45.40393689369322
89.80000000000001,90.8092014695482,136.2138022043223,68.10690110216115,22.70230036738705,-45.4046007347741,4.54046007347741,181.6184029390964,-22.70230036738705,113.51150183693525,34.05345055108057,56.755750918467626,-90.8092014695482,11.351150183693525,45.4046007347741
89.9,90.81073737960712,136.21610606941067,68.10805303470534,22.70268434490178,-45.40536868980356,4.5405368689803565,181.62147475921424,-22.70268434490178,113.5134217245089,34.05402651735267,56.75671086225445,-90.81073737960712,11.35134217245089,45.40536868980356
90.0,90.81248245007244,136.21872367510866,68.10936183755433,22.70312061251811,-45.40624122503622,4.540624122503622,181.62496490014487,-22.70312061251811,113.51560306259054,34.054680918777166,56.75780153129527,-90.81248245007244,11.351560306259055,45.40624122503622
90.10000000000001,90.8144361317917,136.22165419768754,68.11082709884377,22.703609032947924,-45.40721806589585,4.540721806589585,181.6288722635834,-22.703609032947924,113.51804516473962,34.055413549421885,56.75902258236981,-90.8144361317917,11.351804516473962,45.40721806589585
90.2,90.81659715222946,136.2248957283442,68.1124478641721,22.704149288057366,-45.40829857611473,4.540829857611473,181.63319430445893,-22.704149288057366,113.52074644028683,34.05622393208605,56.760373220143414,-90.81659715222946,11.352074644028683,45.40829857611473
90.30000000000001,90.81896332744998,136.22844499117497,68.11422249558748,22.704740831862495,-45.40948166372499,4.540948166372499,181.63792665489996,-22.704740831862495,113.52370415931247,34.05711124779374,56.76185207965624,-90.81896332744998,11.352370415931247,45.40948166372499
90.4,90.82153109266036,136.23229663899053,68.11614831949527,22.70538277316509,-45.41076554633018,4.541076554633018,181.64306218532073,-22.70538277316509,113.52691386582546,34.05807415974763,56.76345693291273,-90.82153109266036,11.352691386582546,45.41076554633018
90.5,90.82429651842459,136.23644477763688,68.11822238881844,22.706074129606147,-45.412148259212294,4.541214825921229,181.64859303684918,-22.706074129606147,113.53037064803074,34.05911119440922,56.76518532401537,-90.82429651842459,11.353037064803074,45.412148259212294
90.60000000000001,90.82725462530215,136.24088193795322,68.12044096897661,22.706813656325536,-45.41362731265107,4.5413627312651075,181.6545092506043,-22.706813656325536,113.53406828162768,34.060220484488305,56.76703414081384,-90.82725462530215,11.353406828162768,45.41362731265107
90.7,90.83040001651158,136.24560002476736,68.12280001238368,22.707600004127894,-45.41520000825579,4.541520000825579,181.66080003302315,-22.707600004127894,113.53800002063947,34.06140000619184,56.769000010319736,-90.83040001651158,11.353800002063947,45.41520000825579
90.80000000000001,90.8337274989971,136.25059124849565,68.12529562424783,22.708431874749277,-45.41686374949855,4.5416863749498555,181.6674549979942,-22.708431874749277,113.54215937374639,34.06264781212391,56.77107968687319,-90.8337274989971,11.354215937374638,45.41686374949855
90.9,90.83723116976832,136.25584675465248,68.12792337732624,22.70930779244208,-45.41861558488416,4.541861558488416,181.67446233953663,-22.70930779244208,113.54653896221039,34.06396168866312,56.773269481105196,-90.83723116976832,11.35465389622104,45.41861558488416
91.0,90.84090570146066,136.26135855219098,68.13067927609549,22.710226425365164,-45.42045285073033,4.542045285073033,181.6818114029213,-22.710226425365164,113.55113212682582,34.065339638047746,56.77556606341291,-90.84090570146066,11.355113212682582,45.42045285073033
91.10000000000001,90.8447460254296,136.26711903814441,68.13355951907221,22.7111865063574,-45.4223730127148,4.54223730127148,181.6894920508592,-22.7111865063574,113.555932531787,34.066779759536104,56.7779662658935,-90.8447460254296,11.3555932531787,45.4223730127148
91.2,90.8487461477588,136.2731192216382,68.1365596108191,22.7121865369397,-45.4243730738794,4.5424373073879405,181.6974922955176,-22.7121865369397,113.5609326846985,34.06827980540955,56.78046634234925,-90.8487461477588,11.35609326846985,45.4243730738794
91.30000000000001,90.85290065469731,136.27935098204597,68.13967549102298,22.713225163674327,-45.426450327348654,4.542645032734866,181.70580130939462,-22.713225163674327,113.56612581837163,34.06983774551149,56.783062909185816,-90.85290065469731,11.356612581837163,45.426450327348654
91.4,90.85720536883342,136.28580805325012,68.14290402662506,22.714301342208355,-45.42860268441671,4.542860268441671,181.71441073766684,-22.714301342208355,113.57150671104178,34.07145201331253,56.78575335552089,-90.85720536883342,11.357150671104177,45.42860268441671
91.5,90.86165700261436,136.29248550392154,68.14624275196077,22.71541425065359,-45.43082850130718,4.543082850130719,181.72331400522873,-22.71541425065359,113.57707125326796,34.073121375980385,56.78853562663398,-90.86165700261436,11.357707125326796,45.43082850130718
91.60000000000001,90.86625206387586,136.29937809581378,68.14968904790689,22.716563015968966,-45.43312603193793,4.543312603193793,181.73250412775172,-22.716563015968966,113.58281507984483,34.074844523953445,56.79140753992242,-90.86625206387586,11.358281507984483,45.43312603193793
91.7,90.87098639834153,136.3064795975123,68.15323979875615,22.717746599585382,-45.435493199170764,4.5435493199170764,181.74197279668306,-22.717746599585382,113.58873299792691,34.07661989937807,56.794366498963456,-90.87098639834153,11.358873299792691,45.435493199170764
91.80000000000001,90.87585566336492,136.31378349504737,68.15689174752369,22.71896391584123,-45.43792783168246,4.543792783168246,181.75171132672983,-22.71896391584123,113.59481957920615,34.078445873761844,56.79740978960307,-90.87585566336492,11.359481957920615,45.43792783168246
91.9,90.88085370015703,136.32128055023554,68.16064027511777,22.72021342503926,-45.44042685007852,4.5440426850078515,181.76170740031407,-22.72021342503926,113.6010671251963,34.080320137558886,56.80053356259815,-90.88085370015703,11.36010671251963,45.44042685007852
92.0,90.88597366639205,136.32896049958808,68.16448024979404,22.721493416598012,-45.442986833196024,4.544298683319602,181.7719473327841,-22.721493416598012,113.60746708299006,34.08224012489702,56.80373354149503,-90.88597366639205,11.360746708299006,45.442986833196024
92.10000000000001,90.89120920797002,136.33681381195504,68.16840690597752,22.722802301992505,-45.44560460398501,4.544560460398501,181.78241841594004,-22.722802301992505,113.61401150996252,34.08420345298876,56.80700575498126,-90.89120920797002,11.361401150996253,45.44560460398501
92.2,90.89655382687721,136.3448307403158,68.1724153701579,22.724138456719302,-45.448276913438605,4.544827691343861,181.79310765375442,-22.724138456719302,113.62069228359651,34.08620768507895,56.810346141798256,-90.89655382687721,11.362069228359651,45.448276913438605
92.30000000000001,90.90200225833102,136.35300338749653,68.17650169374826,22.725500564582756,-45.45100112916551,4.545100112916551,181.80400451666205,-22.725500564582756,113.62750282291378,34.08825084687413,56.81375141145689,-90.90200225833102,11.362750282291378,45.45100112916551
92.4,90.90755041658419,136.3613256248763,68.18066281243814,22.726887604146047,-45.45377520829209,4.545377520829209,181.81510083316837,-22.726887604146047,113.63443802073023,34.09033140621907,56.817219010365115,-90.90755041658419,11.363443802073023,45.45377520829209
92.5,90.9131960021807,136.36979400327104,68.18489700163552,22.728299000545174,-45.45659800109035,4.545659800109035,181.8263920043614,-22.728299000545174,113.64149500272588,34.09244850081776,56.82074750136294,-90.9131960021807,11.364149500272587,45.45659800109035
92.60000000000001,90.91893686780995,136.3784053017149,68.18920265085745,22.729734216952487,-45.45946843390497,4.545946843390498,181.8378737356199,-22.729734216952487,113.64867108476244,34.09460132542873,56.82433554238122,-90.91893686780995,11.364867108476243,45.45946843390497
92.7,90.9247695391965,136.38715430879475,68.19357715439737,22.731192384799126,-45.46238476959825,4.546238476959825,181.849539078393,-22.731192384799126,113.65596192399563,34.09678857719869,56.82798096199782,-90.9247695391965,11.365596192399563,45.46238476959825
92.80000000000001,90.93068926451274,136.3960338967691,68.19801694838455,22.732672316128184,-45.46534463225637,4.546534463225637,181.86137852902547,-22.732672316128184,113.66336158064092,34.099008474192274,56.83168079032046,-90.93068926451274,11.366336158064092,45.46534463225637
92.9,90.93669015243752,136.4050352286563,68.20251761432814,22.73417253810938,-45.46834507621876,4.546834507621877,181.87338030487504,-22.73417253810938,113.6708626905469,34.10125880716407,56.83543134527345,-90.93669015243752,11.36708626905469,45.46834507621876
93.0,90.94276529898309,136.41414794847464,68.20707397423732,22.735691324745773,-45.471382649491545,4.5471382649491545,181.88553059796618,-22.735691324745773,113.67845662372886,34.10353698711866,56.83922831186443,-90.94276529898309,11.367845662372886,45.471382649491545
93.10000000000001,90.94890818920751,136.4233622838113,68.21168114190564,22.73722704730188,-45.47445409460376,4.547445409460376,181.89781637841503,-22.73722704730188,113.68613523650939,34.10584057095282,56.84306761825469,-90.94890818920751,11.36861352365094,45.47445409460376
93.2,90.9551129701036,136.4326694551554,68.2163347275777,22.7387782425259,-45.4775564850518,4.54775564850518,181.9102259402072,-22.7387782425259,113.6938912126295,34.10816736378885,56.84694560631475,-90.9551129701036,11.36938912126295,45.4775564850518
93.30000000000001,90.96137540923964,136.44206311385946,68.22103155692973,22.74034385230991,-45.48068770461982,4.548068770461982,181.92275081847927,-22.74034385230991,113.70171926154954,34.110515778464865,56.85085963077477,-90.96137540923964,11.370171926154955,45.48068770461982
93.4,90.96769031527053,136.4515354729058,68.2257677364529,22.741922578817633,-45.483845157635265,4.5483845157635265,181.93538063054106,-22.741922578817633,113.70961289408817,34.11288386822645,56.85480644704408,-90.96769031527053,11.370961289408816,45.483845157635265
93.5,90.97405146877861,136.46107720316792,68.23053860158396,22.743512867194653,-45.487025734389306,4.548702573438931,181.94810293755722,-22.743512867194653,113.71756433597326,34.11526930079198,56.85878216798663,-90.97405146877861,11.371756433597326,45.487025734389306
93.60000000000001,90.98045252595966,136.4706787889395,68.23533939446975,22.745113131489916,-45.49022626297983,4.549022626297983,181.96090505191933,-22.745113131489916,113.72556565744958,34.117669697234874,56.86278282872479,-90.98045252595966,11.372556565744958,45.49022626297983
93.7,90.9868879941647,136.48033199124706,68.24016599562353,22.746721998541176,-45.49344399708235,4.549344399708235,181.9737759883294,-22.746721998541176,113.73360999270588,34.120082997811764,56.86680499635294,-90.9868879941647,11.373360999270588,45.49344399708235
93.80000000000001,90.99335439167298,136.49003158750946,68.24501579375473,22.748338597918245,-45.49667719583649,4.549667719583649,181.98670878334596,-22.748338597918245,113.74169298959123,34.122507896877366,56.870846494795614,-90.99335439167298,11.374169298959123,45.49667719583649
93.9,90.99984925955532,136.49977388933297,68.24988694466649,22.74996231488883,-45.49992462977766,4.549992462977766,181.99969851911064,-22.74996231488883,113.74981157444415,34.12494347233324,56.874905787222076,-90.99984925955532,11.374981157444415,45.49992462977766
94.0,91.0063703659291,136.50955554889364,68.25477777444682,22.751592591482275,-45.50318518296455,4.550318518296455,182.0127407318582,-22.751592591482275,113.75796295741138,34.12738888722341,56.87898147870569,-91.0063703659291,11.375796295741138,45.50318518296455
94.10000000000001,91.01291581056397,136.51937371584594,68.25968685792297,22.753228952640992,-45.506457905281984,4.550645790528199,182.02583162112794,-22.753228952640992,113.76614476320496,34.129843428961486,56.88307238160248,-91.01291581056397,11.376614476320496,45.506457905281984
94.2,91.01948318763623,136.52922478145433,68.26461239072717,22.754870796909056,-45.50974159381811,4.550974159381812,182.03896637527245,-22.754870796909056,113.77435398454529,34.13230619536358,56.88717699227264,-91.01948318763623,11.377435398454528,45.50974159381811
94.30000000000001,91.0260703330205,136.53910549953076,68.26955274976538,22.756517583255125,-45.51303516651025,4.551303516651025,182.052140666041,-22.756517583255125,113.78258791627562,34.13477637488269,56.89129395813781,-91.0260703330205,11.378258791627562,45.51303516651025
94.4,91.03267627460556,136.54901441190833,68.27450720595417,22.75816906865139,-45.51633813730278,4.5516338137302785,182.06535254921113,-22.75816906865139,113.79084534325696,34.13725360297708,56.89542267162848,-91.03267627460556,11.379084534325695,45.51633813730278
94.5,91.03929946372274,136.55894919558412,68.27947459779206,22.759824865930685,-45.51964973186137,4.551964973186137,182.07859892744548,-22.759824865930685,113.79912432965342,34.13973729889603,56.89956216482671,-91.03929946372274,11.379912432965343,45.51964973186137
94.60000000000001,91.04593813964038,136.56890720946058,68.28445360473029,22.761484534910096,-45.52296906982019,4.552296906982019,182.09187627928077,-22.761484534910096,113.80742267455048,34.142226802365144,56.90371133727524,-91.04593813964038,11.380742267455048,45.52296906982019
94.7,91.0525913848913,136.57888707733696,68.28944353866848,22.763147846222825,-45.52629569244565,4.552629569244565,182.1051827697826,-22.763147846222825,113.81573923111412,34.14472176933424,56.90786961555706,-91.0525913848913,11.381573923111413,45.52629569244565
94.80000000000001,91.05925971810649,136.58888957715973,68.29444478857987,22.764814929526622,-45.529629859053244,4.5529629859053244,182.11851943621298,-22.764814929526622,113.82407464763311,34.14722239428993,56.912037323816556,-91.05925971810649,11.382407464763311,45.529629859053244
94.9,91.06594400978784,136.59891601468178,68.29945800734089,22.76648600244696,-45.53297200489392,4.553297200489392,182.13188801957568,-22.76648600244696,113.8324300122348,34.149729003670444,56.9162150061174,-91.06594400978784,11.38324300122348,45.53297200489392
95.0,91.07264639794573,136.6089695969186,68.3044847984593,22.768161599486433,-45.536323198972866,4.553632319897287,182.14529279589146,-22.768161599486433,113.84080799743217,34.15224239922965,56.92040399871608,-91.07264639794573,11.384080799743217,45.536323198972866
95.10000000000001,91.07936755920758,136.61905133881137,68.30952566940569,22.769841889801896,-45.53968377960379,4.55396837796038,182.15873511841517,-22.769841889801896,113.84920944900948,34.154762834702844,56.92460472450474,-91.07936755920758,11.384920944900948,45.53968377960379
95.2,91.08610768188474,136.6291615228271,68.31458076141355,22.771526920471185,-45.54305384094237,4.554305384094238,182.17221536376948,-22.771526920471185,113.85763460235593,34.157290380706776,56.928817301177965,-91.08610768188474,11.385763460235593,45.54305384094237
95.30000000000001,91.09286665311262,136.63929997966892,68.31964998983446,22.773216663278156,-45.54643332655631,4.5546433326556315,182.18573330622525,-22.773216663278156,113.86608331639079,34.15982499491723,56.93304165819539,-91.09286665311262,11.386608331639078,45.54643332655631
95.4,91.09964302508274,136.6494645376241,68.32473226881206,22.774910756270685,-45.54982151254137,4.554982151254137,182.19928605016548,-22.774910756270685,113.87455378135343,34.16236613440603,56.93727689067671,-91.09964302508274,11.387455378135343,45.54982151254137
95.5,91.10643604539543,136.65965406809315,68.32982703404657,22.776609011348857,-45.55321802269771,4.555321802269772,182.21287209079085,-22.776609011348857,113.88304505674428,34.16491351702329,56.94152252837214,-91.10643604539543,11.388304505674428,45.55321802269771
95.60000000000001,91.11324526875428,136.66986790313143,68.33493395156572,22.77831131718857,-45.55662263437714,4.555662263437714,182.22649053750857,-22.77831131718857,113.89155658594285,34.16746697578286,56.945778292971426,-91.11324526875428,11.389155658594285,45.55662263437714
95.7,91.12006882054429,136.68010323081643,68.34005161540821,22.780017205136073,-45.560034410272145,4.556003441027214,182.24013764108858,-22.780017205136073,113.90008602568037,34.17002580770411,56.95004301284018,-91.12006882054429,11.390008602568036,45.560034410272145
95.80000000000001,91.1269025918744,136.6903538878116,68.3451769439058,22.7817256479686,-45.5634512959372,4.55634512959372,182.2538051837488,-22.7817256479686,113.908628239843,34.1725884719529,56.9543141199215,-91.1269025918744,11.3908628239843,45.5634512959372
95.9,91.13374310031199,136.70061465046797,68.35030732523398,22.783435775077997,-45.566871550155994,4.5566871550156,182.26748620062398,-22.783435775077997,113.91717887539,34.17515366261699,56.958589437695,-91.13374310031199,11.391717887538999,45.566871550155994
96.0,91.1405875238902,136.7108812858353,68.35544064291766,22.78514688097255,-45.5702937619451,4.55702937619451,182.2811750477804,-22.78514688097255,113.92573440486275,34.17772032145883,56.962867202431376,-91.1405875238902,11.392573440486276,45.5702937619451
96.10000000000001,91.14743282252596,136.72114923378894,68.36057461689447,22.78685820563149,-45.57371641126298,4.557371641126298,182.2948656450519,-22.78685820563149,113.93429102815745,34.180287308447234,56.96714551407872,-91.14743282252596,11.393429102815745,45.57371641126298
96.2,91.15427655665198,136.73141483497795,68.36570741748898,22.788569139162995,-45.57713827832599,4.5577138278325995,182.30855311330396,-22.788569139162995,113.94284569581498,34.18285370874449,56.97142284790749,-91.15427655665198,11.394284569581497,45.57713827832599
96.30000000000001,91.16111703346333,136.741675550195,68.3708377750975,22.790279258365832,-45.580558516731664,4.558055851673166,182.32223406692665,-22.790279258365832,113.95139629182916,34.18541888754875,56.97569814591458,-91.16111703346333,11.395139629182916,45.580558516731664
96.4,91.16795239345534,136.751928590183,68.3759642950915,22.791988098363834,-45.58397619672767,4.558397619672767,182.33590478691067,-22.791988098363834,113.95994049181917,34.18798214754575,56.979970245909584,-91.16795239345534,11.395994049181917,45.58397619672767
96.5,91.17477898085717,136.76216847128575,68.38108423564287,22.793694745214292,-45.587389490428585,4.5587389490428585,182.34955796171434,-22.793694745214292,113.96847372607147,34.19054211782144,56.98423686303573,-91.17477898085717,11.396847372607146,45.587389490428585
96.60000000000001,91.1815922788498,136.77238841827472,68.38619420913736,22.79539806971245,-45.5907961394249,4.55907961394249,182.3631845576996,-22.79539806971245,113.97699034856225,34.19309710456868,56.98849517428113,-91.1815922788498,11.397699034856226,45.5907961394249
96.7,91.18838793302152,136.78258189953226,68.39129094976613,22.79709698325538,-45.59419396651076,4.559419396651076,182.37677586604303,-22.79709698325538,113.9854849162769,34.195645474883065,56.99274245813845,-91.18838793302152,11.39854849162769,45.59419396651076
96.80000000000001,91.19516199975199,136.792742999628,68.396371499814,22.798790499937997,-45.597580999875994,4.5597580999876,182.39032399950398,-22.798790499937997,113.99395249968998,34.198185749907,56.99697624984499,-91.19516199975199,11.399395249968999,45.597580999875994
96.9,91.20191205038908,136.80286807558363,68.40143403779182,22.80047801259727,-45.60095602519454,4.560095602519454,182.40382410077817,-22.80047801259727,114.00239006298635,34.20071701889591,57.001195031493175,-91.20191205038908,11.400239006298635,45.60095602519454
97.0,91.2086372097867,136.81295581468004,68.40647790734002,22.802159302446675,-45.60431860489335,4.560431860489335,182.4172744195734,-22.802159302446675,114.01079651223338,34.20323895367001,57.00539825611669,-91.2086372097867,11.401079651223338,45.60431860489335
97.10000000000001,91.21533724598132,136.82300586897196,68.41150293448598,22.80383431149533,-45.60766862299066,4.560766862299066,182.43067449196263,-22.80383431149533,114.01917155747665,34.20575146724299,57.00958577873833,-91.21533724598132,11.401917155747665,45.60766862299066
97.2,91.222010727615,136.8330160914225,68.41650804571125,22.80550268190375,-45.6110053638075,4.56110053638075,182.44402145523,-22.80550268190375,114.02751340951875,34.20825402285563,57.01375670475937,-91.222010727615,11.402751340951875,45.6110053638075
97.30000000000001,91.22865594723856,136.84298392085785,68.42149196042892,22.80716398680964,-45.61432797361928,4.561432797361928,182.45731189447713,-22.80716398680964,114.0358199340482,34.21074598021446,57.0179099670241,-91.22865594723856,11.40358199340482,45.61432797361928
97.4,91.23527143807414,136.8529071571112,68.4264535785556,22.808817859518534,-45.61763571903707,4.561763571903707,182.47054287614827,-22.808817859518534,114.04408929759268,34.2132267892778,57.02204464879634,-91.23527143807414,11.404408929759267,45.61763571903707
97.5,91.24185575567465,136.86278363351198,68.43139181675599,22.810463938918662,-45.620927877837325,4.562092787783732,182.4837115113493,-22.810463938918662,114.05231969459331,34.215695908377995,57.026159847296654,-91.24185575567465,11.405231969459331,45.620927877837325
97.60000000000001,91.24840806617756,136.87261209926635,68.43630604963317,22.81210201654439,-45.62420403308878,4.562420403308878,182.49681613235512,-22.81210201654439,114.06051008272195,34.21815302481659,57.030255041360974,-91.24840806617756,11.406051008272195,45.62420403308878
97.7,91.25492711164931,136.88239066747397,68.44119533373699,22.813731777912327,-45.627463555824654,4.562746355582465,182.50985422329862,-22.813731777912327,114.06865888956163,34.22059766686849,57.034329444780816,-91.25492711164931,11.406865888956164,45.627463555824654
97.80000000000001,91.26141059629697,136.89211589444545,68.44605794722273,22.815352649074242,-45.630705298148484,4.563070529814849,182.52282119259394,-22.815352649074242,114.07676324537121,34.22302897361136,57.038381622685606,-91.26141059629697,11.407676324537121,45.630705298148484
97.9,91.26785479583282,136.90178219374923,68.45089109687461,22.816963698958205,-45.63392739791641,4.563392739791641,182.53570959166564,-22.816963698958205,114.08481849479102,34.22544554843731,57.04240924739551,-91.26785479583282,11.408481849479102,45.63392739791641
98.0,91.27425591471216,136.91138387206823,68.45569193603411,22.81856397867804,-45.63712795735608,4.563712795735608,182.5485118294243,-22.81856397867804,114.0928198933902,34.22784596801706,57.0464099466951,-91.27425591471216,11.40928198933902,45.63712795735608
98.10000000000001,91.28060999659684,136.92091499489527,68.46045749744763,22.82015249914921,-45.64030499829842,4.564030499829842,182.56121999319367,-22.82015249914921,114.10076249574604,34.23022874872382,57.05038124787302,-91.28060999659684,11.410076249574605,45.64030499829842
98.2,91.28691386332682,136.9303707949902,68.4651853974951,22.821728465831704,-45.64345693166341,4.564345693166341,182.57382772665363,-22.821728465831704,114.10864232915853,34.23259269874755,57.054321164579264,-91.28691386332682,11.410864232915852,45.64345693166341
98.30000000000001,91.29316397971625,136.93974596957437,68.46987298478719,22.823290994929064,-45.64658198985813,4.564658198985813,182.5863279594325,-22.823290994929064,114.11645497464532,34.234936492393594,57.05822748732266,-91.29316397971625,11.411645497464532,45.64658198985813
98.4,91.29935582968781,136.94903374453173,68.47451687226587,22.824838957421953,-45.649677914843906,4.564967791484391,182.59871165937562,-22.824838957421953,114.12419478710976,34.23725843613293,57.06209739355488,-91.29935582968781,11.412419478710977,45.649677914843906
98.5,91.30548474728728,136.95822712093093,68.47911356046546,22.82637118682182,-45.65274237364364,4.565274237364364,182.61096949457456,-22.82637118682182,114.1318559341091,34.23955678023273,57.06592796705455,-91.30548474728728,11.41318559341091,45.65274237364364
98.60000000000001,91.31154630238983,136.96731945358474,68.48365972679237,22.827886575597457,-45.655773151194914,4.565577315119492,182.62309260477966,-22.827886575597457,114.13943287798729,34.241829863396184,57.069716438993645,-91.31154630238983,11.413943287798729,45.655773151194914
98.7,91.31753541953552,136.9763031293033,68.48815156465164,22.82938385488388,-45.65876770976776,4.565876770976776,182.63507083907103,-22.82938385488388,114.14691927441939,34.24407578232582,57.073459637209695,-91.31753541953552,11.41469192744194,45.65876770976776
98.80000000000001,91.32344737490688,136.9851710623603,68.49258553118015,22.83086184372672,-45.66172368745344,4.566172368745344,182.64689474981375,-22.83086184372672,114.1543092186336,34.24629276559008,57.0771546093168,-91.32344737490688,11.41543092186336,45.66172368745344
98.9,91.32927858115659,136.99391787173488,68.49695893586744,22.832319645289147,-45.66463929057829,4.5664639290578295,182.65855716231317,-22.832319645289147,114.16159822644573,34.24847946793372,57.08079911322287,-91.32927858115659,11.416159822644573,45.66463929057829
99.0,91.33502558613728,137.00253837920593,68.50126918960297,22.83375639653432,-45.66751279306864,4.566751279306864,182.67005117227455,-22.83375639653432,114.16878198267159,34.25063459480148,57.084390991335795,-91.33502558613728,11.41687819826716,45.66751279306864
99.10000000000001,91.34068559929976,137.01102839894963,68.50551419947482,22.83517139982494,-45.67034279964988,4.567034279964989,182.68137119859952,-22.83517139982494,114.1758569991247,34.25275709973741,57.08792849956235,-91.34068559929976,11.41758569991247,45.67034279964988
99.2,91.346255410295,137.0193831154425,68.50969155772125,22.83656385257375,-45.6731277051475,4.56731277051475,182.69251082059,-22.83656385257375,114.18281926286875,34.25484577886063,57.091409631434374,-91.346255410295,11.418281926286875,45.6731277051475
99.30000000000001,91.35173041724929,137.02759562587391,68.51379781293696,22.83793260431232,-45.67586520862464,4.567586520862465,182.70346083449857,-22.83793260431232,114.18966302156161,34.25689890646848,57.09483151078081,-91.35173041724929,11.41896630215616,45.67586520862464
99.4,91.35710670989086,137.0356600648363,68.51783003241815,22.839276677472714,-45.67855335494543,4.567855335494543,182.71421341978171,-22.839276677472714,114.19638338736357,34.25891501620907,57.098191693681784,-91.35710670989086,11.419638338736357,45.67855335494543
99.5,91.36238067147687,137.0435710072153,68.52178550360765,22.840595167869218,-45.681190335738435,4.5681190335738435,182.72476134295374,-22.840595167869218,114.2029758393461,34.26089275180382,57.10148791967305,-91.36238067147687,11.420297583934609,45.681190335738435
99.60000000000001,91.36754987576326,137.0513248136449,68.52566240682245,22.841887468940815,-45.68377493788163,4.568377493788163,182.73509975152652,-22.841887468940815,114.20943734470407,34.262831203411224,57.104718672352035,-91.36754987576326,11.420943734470407,45.68377493788163
99.7,91.3726114031602,137.05891710474032,68.52945855237016,22.84315285079005,-45.6863057015801,4.56863057015801,182.7452228063204,-22.84315285079005,114.21576425395025,34.26472927618508,57.10788212697513,-91.3726114031602,11.421576425395026,45.6863057015801
99.80000000000001,91.37756217589019,137.06634326383528,68.53317163191764,22.844390543972548,-45.688781087945095,4.56887810879451,182.75512435178038,-22.844390543972548,114.22195271986274,34.26658581595882,57.11097635993137,-91.37756217589019,11.422195271986274,45.688781087945095
99.9,91.38239877702763,137.07359816554145,68.53679908277073,22.845599694256908,-45.691199388513816,4.569119938851382,182.76479755405526,-22.845599694256908,114.22799847128454,34.268399541385364,57.11399923564227,-91.38239877702763,11.422799847128454,45.691199388513816
100.0,91.38711702946993,137.0806755442049,68.54033777210245,22.846779257367483,-45.69355851473497,4.569355851473497,182.77423405893987,-22.846779257367483,114.23389628683742,34.27016888605122,57.11694814341871,-91.38711702946993,11.423389628683742,45.69355851473497
100.10000000000001,91.39171234649947,137.0875685197492,68.5437842598746,22.84792808662487,-45.69585617324974,4.569585617324974,182.78342469299895,-22.84792808662487,114.23964043312435,34.2718921299373,57.119820216562175,-91.39171234649947,11.423964043312434,45.69585617324974
100.2,91.39618118700125,137.09427178050186,68.54713589025093,22.84904529675031,-45.69809059350062,4.569809059350063,182.7923623740025,-22.84904529675031,114.24522648375157,34.273567945125464,57.12261324187578,-91.39618118700125,11.424522648375156,45.69809059350062
100.30000000000001,91.40052086572541,137.10078129858812,68.55039064929406,22.850130216431353,-45.700260432862706,4.570026043286271,182.80104173145082,-22.850130216431353,114.25065108215676,34.27519532464703,57.12532554107838,-91.40052086572541,11.425065108215676,45.700260432862706
100.4,91.40472880576516,137.10709320864774,68.55354660432387,22.85118220144129,-45.70236440288258,4.570236440288258,182.80945761153032,-22.85118220144129,114.25591100720645,34.276773302161935,57.127955503603225,-91.40472880576516,11.425591100720645,45.70236440288258
100.5,91.40880374553642,137.11320561830462,68.55660280915231,22.852200936384104,-45.70440187276821,4.570440187276821,182.81760749107283,-22.852200936384104,114.26100468192053,34.278301404576155,57.13050234096026,-91.40880374553642,11.426100468192052,45.70440187276821
100.60000000000001,91.41274472746493,137.11911709119738,68.55955854559869,22.85318618186623,-45.70637236373246,4.570637236373247,182.82548945492985,-22.85318618186623,114.26593090933116,34.279779272799345,57.13296545466558,-91.41274472746493,11.426593090933116,45.70637236373246
100.7,91.41655175803218,137.12482763704827,68.56241381852413,22.854137939508046,-45.70827587901609,4.57082758790161,182.83310351606437,-22.854137939508046,114.27068969754023,34.28120690926207,57.13534484877012,-91.41655175803218,11.427068969754023,45.70827587901609
100.80000000000001,91.42022427578218,137.13033641367326,68.56516820683663,22.855056068945544,-45.71011213789109,4.571011213789109,182.84044855156435,-22.855056068945544,114.27528034472772,34.282584103418316,57.13764017236386,-91.42022427578218,11.427528034472772,45.71011213789109
100.9,91.42376062265976,137.13564093398963,68.56782046699482,22.85594015566494,-45.71188031132988,4.571188031132988,182.8475212453195,-22.85594015566494,114.2797007783247,34.28391023349741,57.13985038916235,-91.42376062265976,11.42797007783247,45.71188031132988
101.0,91.4271601085821,137.14074016287316,68.57037008143658,22.856790027145525,-45.71358005429105,4.571358005429105,182.8543202171642,-22.856790027145525,114.28395013572762,34.28518504071829,57.14197506786381,-91.4271601085821,11.428395013572763,45.71358005429105
101.10000000000001,91.43042159558621,137.14563239337932,68.57281619668966,22.857605398896553,-45.715210797793105,4.571521079779311,182.86084319117242,-22.857605398896553,114.28802699448276,34.28640809834483,57.14401349724138,-91.43042159558621,11.428802699448276,45.715210797793105
101.2,91.4335436408232,137.1503154612348,68.5751577306174,22.8583859102058,-45.7167718204116,4.57167718204116,182.8670872816464,-22.8583859102058,114.291929551029,34.2875788653087,57.1459647755145,-91.4335436408232,11.4291929551029,45.7167718204116
101.30000000000001,91.43652536238616,137.15478804357923,68.57739402178962,22.85913134059654,-45.71826268119308,4.571826268119309,182.87305072477233,-22.85913134059654,114.29565670298271,34.28869701089481,57.147828351491356,-91.43652536238616,11.42956567029827,45.71826268119308
101.4,91.4393674884398,137.1590512326597,68.57952561632985,22.85984187210995,-45.7196837442199,4.57196837442199,182.8787349768796,-22.85984187210995,114.29920936054975,34.28976280816492,57.14960468027488,-91.4393674884398,11.429920936054975,45.7196837442199
101.5,91.44207237456804,137.16310856185206,68.58155428092603,22.86051809364201,-45.72103618728402,4.572103618728402,182.88414474913608,-22.86051809364201,114.30259046821006,34.290777140463014,57.15129523410503,-91.44207237456804,11.430259046821005,45.72103618728402
101.60000000000001,91.44464113074906,137.1669616961236,68.5834808480618,22.861160282687266,-45.72232056537453,4.5722320565374535,182.88928226149812,-22.861160282687266,114.30580141343633,34.2917404240309,57.152900706718164,-91.44464113074906,11.430580141343633,45.72232056537453
101.7,91.44707278223395,137.17060917335093,68.58530458667546,22.861768195558486,-45.72353639111697,4.5723536391116975,182.8941455644679,-22.861768195558486,114.30884097779243,34.29265229333773,57.154420488896214,-91.44707278223395,11.430884097779243,45.72353639111697
101.80000000000001,91.4493664333906,137.1740496500859,68.58702482504295,22.86234160834765,-45.7246832166953,4.57246832166953,182.8987328667812,-22.86234160834765,114.31170804173824,34.29351241252147,57.15585402086912,-91.4493664333906,11.431170804173824,45.7246832166953
101.9,91.45152242250929,137.17728363376392,68.58864181688196,22.86288060562732,-45.72576121125464,4.572576121125464,182.90304484501857,-22.86288060562732,114.31440302813661,34.29432090844098,57.157201514068305,-91.45152242250929,11.43144030281366,45.72576121125464
102.0,91.45354166271512,137.1803124940727,68.59015624703635,22.86338541567878,-45.72677083135756,4.572677083135757,182.90708332543025,-22.86338541567878,114.3169270783939,34.295078123518174,57.15846353919695,-91.45354166271512,11.43169270783939,45.72677083135756
102.10000000000001,91.4554252187678,137.1831378281517,68.59156891407585,22.86385630469195,-45.7277126093839,4.57277126093839,182.9108504375356,-22.86385630469195,114.31928152345975,34.295784457037925,57.159640761729875,-91.4554252187678,11.431928152345975,45.7277126093839
102.2,91.45717304303244,137.18575956454868,68.59287978227434,22.86429326075811,-45.72858652151622,4.572858652151623,182.91434608606488,-22.86429326075811,114.32146630379054,34.29643989113717,57.16073315189527,-91.45717304303244,11.432146630379055,45.72858652151622
102.30000000000001,91.45878504691133,137.188177570367,68.5940887851835,22.864696261727833,-45.729392523455665,4.5729392523455665,182.91757009382266,-22.864696261727833,114.32348130863916,34.29704439259175,57.16174065431958,-91.45878504691133,11.432348130863916,45.729392523455665
102.4,91.46026202875812,137.1903930431372,68.5951965215686,22.86506550718953,-45.73013101437906,4.5730131014379065,182.92052405751625,-22.86506550718953,114.32532753594765,34.2975982607843,57.162663767973825,-91.46026202875812,11.432532753594765,45.73013101437906
102.5,91.46160500502543,137.19240750753815,68.59620375376907,22.86540125125636,-45.73080250251272,4.573080250251272,182.92321001005087,-22.86540125125636,114.32700625628179,34.29810187688454,57.163503128140896,-91.46160500502543,11.43270062562818,45.73080250251272
102.60000000000001,91.46281453648939,137.19422180473407,68.59711090236704,22.865703634122347,-45.731407268244695,4.5731407268244695,182.92562907297878,-22.865703634122347,114.32851817061174,34.29855545118352,57.16425908530587,-91.46281453648939,11.432851817061174,45.731407268244695
102.7,91.4638917981095,137.19583769716425,68.59791884858213,22.865972949527375,-45.73194589905475,4.573194589905476,182.927783596219,-22.865972949527375,114.32986474763688,34.29895942429106,57.16493237381844,-91.4638917981095,11.432986474763688,45.73194589905475
102.80000000000001,91.46483904355264,137.19725856532898,68.59862928266449,22.86620976088816,-45.73241952177632,4.573241952177632,182.9296780871053,-22.86620976088816,114.3310488044408,34.299314641332245,57.1655244022204,-91.46483904355264,11.43310488044408,45.73241952177632
102.9,91.46565932759299,137.19848899138947,68.59924449569473,22.866414831898247,-45.732829663796494,4.57328296637965,182.93131865518598,-22.866414831898247,114.33207415949124,34.29962224784737,57.16603707974562,-91.46565932759299,11.433207415949123,45.732829663796494
103.0,91.46635543584493,137.1995331537674,68.5997665768837,22.866588858961233,-45.733177717922466,4.573317771792246,182.93271087168986,-22.866588858961233,114.33294429480617,34.29988328844185,57.166472147403084,-91.46635543584493,11.433294429480616,45.733177717922466
103.10000000000001,91.46693116750369,137.20039675125554,68.60019837562777,22.866732791875922,-45.733465583751844,4.573346558375184,182.93386233500738,-22.866732791875922,114.3336639593796,34.300099187813885,57.1668319796898,-91.46693116750369,11.433366395937961,45.733465583751844
103.2,91.4673904409783,137.20108566146746,68.60054283073373,22.866847610244577,-45.73369522048915,4.573369522048916,182.9347808819566,-22.866847610244577,114.33423805122288,34.300271415366865,57.16711902561144,-91.4673904409783,11.433423805122288,45.73369522048915
103.30000000000001,91.46773770891548,137.20160656337322,68.60080328168661,22.86693442722887,-45.73386885445774,4.573386885445774,182.93547541783096,-22.86693442722887,114.33467213614435,34.300401640843305,57.167336068072174,-91.46773770891548,11.433467213614435,45.73386885445774
103.4,91.46797736466031,137.20196604699046,68.60098302349523,22.86699434116508,-45.73398868233016,4.573398868233016,182.93595472932063,-22.86699434116508,114.3349717058254,34.300491511747616,57.1674858529127,-91.46797736466031,11.43349717058254,45.73398868233016
103.5,91.46811276210857,137.20216914316285,68.60108457158142,22.867028190527144,-45.73405638105429,4.573405638105429,182.93622552421715,-22.867028190527144,114.33514095263573,34.30054228579071,57.16757047631786,-91.46811276210857,11.433514095263572,45.73405638105429
103.60000000000001,91.46814581230409,137.20221871845612,68.60110935922806,22.86703645307602,-45.73407290615204,4.573407290615204,182.93629162460817,-22.86703645307602,114.33518226538011,34.30055467961403,57.167591132690056,-91.46814581230409,11.43351822653801,45.73407290615204
103.7,91.46807709023399,137.202115635351,68.6010578176755,22.867019272558498,-45.734038545116995,4.5734038545116995,182.93615418046798,-22.867019272558498,114.33509636279248,34.30052890883775,57.16754818139624,-91.46807709023399,11.433509636279249,45.734038545116995
103.80000000000001,91.4679065161174,137.20185977417609,68.60092988708804,22.86697662902935,-45.7339532580587,4.57339532580587,182.9358130322348,-22.86697662902935,114.33488314514675,34.30046494354402,57.167441572573374,-91.4679065161174,11.433488314514674,45.7339532580587
103.9,91.46763428040576,137.20145142060863,68.60072571030432,22.86690857010144,-45.73381714020288,4.573381714020289,182.93526856081152,-22.86690857010144,114.3345428505072,34.30036285515216,57.1672714252536,-91.46763428040576,11.43345428505072,45.73381714020288
104.0,91.46726052990606,137.20089079485908,68.60044539742954,22.866815132476514,-45.73363026495303,4.573363026495303,182.9345210598121,-22.866815132476514,114.33407566238257,34.30022269871477,57.16703783119129,-91.46726052990606,11.433407566238257,45.73363026495303
104.10000000000001,91.46678417339425,137.20017626009138,68.60008813004569,22.86669604334856,-45.73339208669712,4.573339208669712,182.9335683467885,-22.86669604334856,114.3334802167428,34.300044065022846,57.1667401083714,-91.46678417339425,11.43334802167428,45.73339208669712
104.2,91.46620260084397,137.19930390126595,68.59965195063297,22.866550650210993,-45.733101300421986,4.5733101300421986,182.93240520168794,-22.866550650210993,114.33275325105497,34.29982597531649,57.166376625527484,-91.46620260084397,11.433275325105496,45.733101300421986
104.30000000000001,91.46551443996157,137.19827165994235,68.59913582997117,22.86637860999039,-45.73275721998078,4.573275721998079,182.93102887992313,-22.86637860999039,114.33189304995196,34.29956791498559,57.16594652497598,-91.46551443996157,11.433189304995196,45.73275721998078
104.4,91.46471920989443,137.19707881484163,68.59853940742082,22.866179802473606,-45.73235960494721,4.5732359604947215,182.92943841978885,-22.866179802473606,114.33089901236804,34.29926970371041,57.16544950618402,-91.46471920989443,11.433089901236803,45.73235960494721
104.5,91.46381669658464,137.19572504487695,68.59786252243848,22.86595417414616,-45.73190834829232,4.573190834829233,182.9276333931693,-22.86595417414616,114.32977087073081,34.29893126121924,57.164885435365406,-91.46381669658464,11.43297708707308,45.73190834829232
104.60000000000001,91.46280805861639,137.1942120879246,68.5971060439623,22.865702014654097,-45.731404029308194,4.57314040293082,182.92561611723278,-22.865702014654097,114.32851007327048,34.29855302198115,57.16425503663524,-91.46280805861639,11.432851007327049,45.731404029308194
104.7,91.4616954037858,137.19254310567868,68.59627155283934,22.86542385094645,-45.7308477018929,4.57308477018929,182.9233908075716,-22.86542385094645,114.32711925473225,34.29813577641967,57.163559627366126,-91.4616954037858,11.432711925473225,45.7308477018929
104.80000000000001,91.46048039530062,137.19072059295092,68.59536029647546,22.865120098825155,-45.73024019765031,4.573024019765032,182.92096079060124,-22.865120098825155,114.32560049412578,34.29768014823773,57.16280024706289,-91.46048039530062,11.432560049412578,45.73024019765031
104.9,91.45916451985737,137.18874677978604,68.59437338989302,22.864791129964342,-45.729582259928684,4.572958225992869,182.91832903971473,-22.864791129964342,114.32395564982171,34.29718669494651,57.161977824910856,-91.45916451985737,11.432395564982171,45.729582259928684
105.0,91.45775082209565,137.18662623314347,68.59331311657174,22.864437705523912,-45.728875411047824,4.572887541104783,182.9155016441913,-22.864437705523912,114.32218852761956,34.29665655828587,57.16109426380978,-91.45775082209565,11.432218852761956,45.728875411047824
105.10000000000001,91.45624178436258,137.18436267654386,68.59218133827193,22.864060446090644,-45.72812089218129,4.572812089218129,182.91248356872515,-22.864060446090644,114.32030223045322,34.296090669135964,57.16015111522661,-91.45624178436258,11.432030223045322,45.72812089218129
105.2,91.45463881401918,137.18195822102876,68.59097911051438,22.863659703504794,-45.72731940700959,4.572731940700959,182.90927762803835,-22.863659703504794,114.31829851752397,34.29548955525719,57.159149258761985,-91.45463881401918,11.431829851752397,45.72731940700959
105.30000000000001,91.45294204323044,137.17941306484565,68.58970653242282,22.86323551080761,-45.72647102161522,4.572647102161522,182.90588408646087,-22.86323551080761,114.31617755403805,34.29485326621141,57.158088777019024,-91.45294204323044,11.431617755403805,45.72647102161522
105.4,91.45114998622964,137.17672497934444,68.58836248967222,22.86278749655741,-45.72557499311482,4.572557499311482,182.90229997245928,-22.86278749655741,114.31393748278705,34.29418124483611,57.15696874139353,-91.45114998622964,11.431393748278705,45.72557499311482
105.5,91.44926196103314,137.17389294154972,68.58694647077486,22.862315490258286,-45.72463098051657,4.572463098051657,182.8985239220663,-22.862315490258286,114.31157745129143,34.29347323538743,57.155788725645714,-91.44926196103314,11.431157745129143,45.72463098051657
105.60000000000001,91.44727717556793,137.1709157633519,68.58545788167595,22.861819293891983,-45.72363858778397,4.572363858778397,182.89455435113587,-22.861819293891983,114.30909646945992,34.292728940837975,57.15454823472996,-91.44727717556793,11.430909646945992,45.72363858778397
105.7,91.44519499783071,137.16779249674607,68.58389624837304,22.861298749457678,-45.722597498915356,4.572259749891535,182.89038999566142,-22.861298749457678,114.30649374728839,34.29194812418652,57.15324687364419,-91.44519499783071,11.430649374728839,45.722597498915356
105.80000000000001,91.44301654487484,137.16452481731227,68.58226240865613,22.86075413621871,-45.72150827243742,4.572150827243742,182.88603308974967,-22.86075413621871,114.30377068109354,34.29113120432807,57.15188534054677,-91.44301654487484,11.430377068109355,45.72150827243742
105.9,91.44074431334808,137.1611164700221,68.58055823501105,22.86018607833702,-45.72037215667404,4.572037215667404,182.88148862669615,-22.86018607833702,114.3009303916851,34.29027911750553,57.15046519584255,-91.44074431334808,11.43009303916851,45.72037215667404
106.0,91.4383810167555,137.15757152513325,68.57878576256662,22.859595254188875,-45.71919050837775,4.571919050837775,182.876762033511,-22.859595254188875,114.29797627094437,34.28939288128331,57.14898813547219,-91.4383810167555,11.429797627094437,45.71919050837775
106.10000000000001,91.43592925535081,137.15389388302623,68.57694694151311,22.858982313837704,-45.71796462767541,4.571796462767541,182.87185851070163,-22.858982313837704,114.29491156918851,34.28847347075656,57.14745578459426,-91.43592925535081,11.429491156918852,45.71796462767541
106.2,91.433391107577,137.1500866613655,68.57504333068275,22.85834777689425,-45.7166955537885,4.57166955537885,182.866782215154,-22.85834777689425,114.29173888447124,34.28752166534137,57.14586944223562,-91.433391107577,11.429173888447124,45.7166955537885
106.30000000000001,91.43076861593441,137.1461529239016,68.5730764619508,22.857692153983603,-45.715384307967206,4.57153843079672,182.86153723186882,-22.857692153983603,114.28846076991802,34.2865382309754,57.14423038495901,-91.43076861593441,11.428846076991801,45.715384307967206
106.4,91.42806420675886,137.1420963101383,68.57104815506915,22.857016051689715,-45.71403210337943,4.571403210337944,182.85612841351772,-22.857016051689715,114.28508025844857,34.285524077534575,57.14254012922429,-91.42806420675886,11.428508025844858,45.71403210337943
106.5,91.4252787191079,137.13791807866184,68.56895903933092,22.856319679776973,-45.71263935955395,4.571263935955395,182.8505574382158,-22.856319679776973,114.28159839888487,34.28447951966546,57.140799199442434,-91.4252787191079,11.428159839888487,45.71263935955395
106.60000000000001,91.42241183855747,137.1336177578362,68.5668088789181,22.855602959639366,-45.71120591927873,4.5711205919278735,182.84482367711493,-22.855602959639366,114.27801479819684,34.28340443945905,57.13900739909842,-91.42241183855747,11.427801479819683,45.71120591927873
106.7,91.41946318249133,137.129194773737,68.5645973868685,22.854865795622832,-45.709731591245664,4.570973159124566,182.83892636498265,-22.854865795622832,114.27432897811416,34.28229869343425,57.13716448905708,-91.41946318249133,11.427432897811416,45.709731591245664
106.80000000000001,91.41643493963036,137.12465240944556,68.56232620472278,22.85410873490759,-45.70821746981518,4.570821746981518,182.83286987926073,-22.85410873490759,114.27054367453795,34.28116310236139,57.135271837268974,-91.41643493963036,11.427054367453795,45.70821746981518
106.9,91.41333042707129,137.11999564060693,68.55999782030347,22.85333260676782,-45.70666521353564,4.570666521353565,182.82666085414257,-22.85333260676782,114.26666303383911,34.27999891015173,57.133331516919554,-91.41333042707129,11.42666630338391,45.70666521353564
107.0,91.41015365966489,137.11523048949732,68.55761524474866,22.85253841491622,-45.70507682983244,4.570507682983244,182.82030731932977,-22.85253841491622,114.26269207458111,34.27880762237433,57.131346037290555,-91.41015365966489,11.42626920745811,45.70507682983244
107.10000000000001,91.40690889145378,137.11036333718067,68.55518166859034,22.851727222863445,-45.70345444572689,4.570345444572689,182.81381778290756,-22.851727222863445,114.25863611431723,34.27759083429517,57.12931805715861,-91.40690889145378,11.425863611431723,45.70345444572689
107.2,91.40360011973249,137.10540017959875,68.55270008979937,22.850900029933122,-45.701800059866244,4.570180005986624,182.80720023946498,-22.850900029933122,114.2545001496656,34.27635004489969,57.1272500748328,-91.40360011973249,11.425450014966561,45.701800059866244
107.30000000000001,91.40023087657751,137.10034631486627,68.55017315743314,22.850057719144377,-45.700115438288755,4.570011543828875,182.80046175315502,-22.850057719144377,114.25028859572188,34.27508657871657,57.12514429786094,-91.40023087657751,11.425028859572189,45.700115438288755
107.4,91.39680372623121,137.09520558934682,68.54760279467341,22.849200931557803,-45.698401863115606,4.569840186311561,182.79360745246242,-22.849200931557803,114.24600465778902,34.273801397336705,57.12300232889451,-91.39680372623121,11.424600465778902,45.698401863115606
107.5,91.39332106622551,137.08998159933827,68.54499079966914,22.848330266556378,-45.696660533112755,4.569666053311276,182.78664213245102,-22.848330266556378,114.24165133278188,34.27249539983457,57.12082566639094,-91.39332106622551,11.424165133278189,45.696660533112755
107.60000000000001,91.38978579956138,137.08467869934208,68.54233934967104,22.847446449890345,-45.69489289978069,4.569489289978069,182.77957159912276,-22.847446449890345,114.23723224945172,34.27116967483552,57.11861612472586,-91.38978579956138,11.423723224945173,45.69489289978069
107.7,91.38620253226138,137.07930379839206,68.53965189919603,22.846550633065345,-45.69310126613069,4.569310126613069,182.77240506452276,-22.846550633065345,114.23275316532673,34.269825949598015,57.116376582663364,-91.38620253226138,11.423275316532672,45.69310126613069
107.80000000000001,91.38257728745947,137.0738659311892,68.5369329655946,22.845644321864867,-45.691288643729735,4.569128864372973,182.76515457491894,-22.845644321864867,114.22822160932434,34.2684664827973,57.11411080466217,-91.38257728745947,11.422822160932434,45.691288643729735
107.9,91.3789158933375,137.06837384000625,68.53418692000312,22.844728973334377,-45.68945794666875,4.568945794666876,182.757831786675,-22.844728973334377,114.22364486667189,34.26709346000156,57.111822433335945,-91.3789158933375,11.422364486667188,45.68945794666875
108.0,91.37522340548361,137.0628351082254,68.5314175541127,22.843805851370902,-45.687611702741805,4.568761170274181,182.75044681096722,-22.843805851370902,114.21902925685451,34.26570877705635,57.109514628427256,-91.37522340548361,11.421902925685451,45.687611702741805
108.10000000000001,91.37150479956274,137.05725719934412,68.52862859967206,22.842876199890686,-45.68575239978137,4.568575239978137,182.7430095991255,-22.842876199890686,114.21438099945343,34.26431429983603,57.10719049972671,-91.37150479956274,11.421438099945343,45.68575239978137
108.2,91.36776286862612,137.05164430293917,68.52582215146958,22.84194071715653,-45.68388143431306,4.568388143431306,182.73552573725223,-22.84194071715653,114.20970358578265,34.26291107573479,57.104851792891324,-91.36776286862612,11.420970358578264,45.68388143431306
108.30000000000001,91.36399767056669,137.04599650585004,68.52299825292502,22.840999417641672,-45.681998835283345,4.568199883528335,182.72799534113338,-22.840999417641672,114.20499708820836,34.26149912646251,57.10249854410418,-91.36399767056669,11.420499708820836,45.681998835283345
108.4,91.36020936206835,137.0403140431025,68.52015702155126,22.840052340517087,-45.68010468103417,4.5680104681034175,182.7204187241367,-22.840052340517087,114.20026170258544,34.26007851077563,57.10013085129272,-91.36020936206835,11.420026170258543,45.68010468103417
108.5,91.35639894705061,137.03459842057592,68.51729921028796,22.839099736762652,-45.678199473525304,4.567819947352531,182.71279789410121,-22.839099736762652,114.19549868381326,34.25864960514398,57.09774934190663,-91.35639894705061,11.419549868381326,45.678199473525304
108.60000000000001,91.35256822361167,137.0288523354175,68.51442616770875,22.838142055902917,-45.676284111805835,4.567628411180584,182.70513644722334,-22.838142055902917,114.19071027951459,34.257213083854374,57.095355139757295,-91.35256822361167,11.419071027951459,45.676284111805835
108.7,91.34871881095978,137.02307821643967,68.51153910821984,22.837179702739945,-45.67435940547989,4.567435940547989,182.69743762191956,-22.837179702739945,114.18589851369973,34.25576955410992,57.09294925684986,-91.34871881095978,11.418589851369973,45.67435940547989
108.80000000000001,91.3448516522742,137.0172774784113,68.50863873920565,22.83621291306855,-45.6724258261371,4.56724258261371,182.6897033045484,-22.83621291306855,114.18106456534275,34.254319369602825,57.090532282671376,-91.3448516522742,11.418106456534275,45.6724258261371
108.9,91.34096852875322,137.01145279312982,68.50572639656491,22.835242132188306,-45.67048426437661,4.567048426437661,182.68193705750645,-22.835242132188306,114.17621066094154,34.252863198282455,57.08810533047077,-91.34096852875322,11.417621066094153,45.67048426437661
109.0,91.33707315562589,137.00560973343883,68.50280486671942,22.834268288906472,-45.668536577812944,4.566853657781294,182.67414631125177,-22.834268288906472,114.17134144453236,34.25140243335971,57.08567072226618,-91.33707315562589,11.417134144453236,45.668536577812944
109.10000000000001,91.33317025352187,136.9997553802828,68.4998776901414,22.833292563380468,-45.666585126760936,4.566658512676094,182.66634050704374,-22.833292563380468,114.16646281690234,34.2499388450707,57.08323140845117,-91.33317025352187,11.416646281690234,45.666585126760936
109.2,91.32926387093758,136.99389580640639,68.49694790320319,22.832315967734395,-45.66463193546879,4.56646319354688,182.65852774187516,-22.832315967734395,114.16157983867197,34.248473951601596,57.080789919335984,-91.32926387093758,11.416157983867198,45.66463193546879
109.30000000000001,91.32535709533323,136.98803564299985,68.49401782149992,22.831339273833308,-45.662678547666616,4.566267854766662,182.65071419066646,-22.831339273833308,114.15669636916654,34.24700891074996,57.07834818458327,-91.32535709533323,11.415669636916654,45.662678547666616
109.4,91.3214522280432,136.9821783420648,68.4910891710324,22.8303630570108,-45.6607261140216,4.56607261140216,182.6429044560864,-22.8303630570108,114.151815285054,34.2455445855162,57.075907642527,-91.3214522280432,11.4151815285054,45.6607261140216
109.5,91.31755087154191,136.97632630731286,68.48816315365643,22.829387717885478,-45.658775435770956,4.565877543577096,182.63510174308382,-22.829387717885478,114.14693858942739,34.244081576828215,57.073469294713696,-91.31755087154191,11.414693858942739,45.658775435770956
109.60000000000001,91.31365524176518,136.97048286264777,68.48524143132389,22.828413810441294,-45.65682762088259,4.565682762088259,182.62731048353035,-22.828413810441294,114.14206905220647,34.24262071566194,57.07103452610323,-91.31365524176518,11.414206905220647,45.65682762088259
109.7,91.30976810401494,136.9646521560224,68.4823260780112,22.827442026003734,-45.65488405200747,4.565488405200747,182.61953620802987,-22.827442026003734,114.13721013001867,34.2411630390056,57.068605065009336,-91.30976810401494,11.413721013001867,45.65488405200747
109.80000000000001,91.30589348336756,136.95884022505135,68.47942011252567,22.82647337084189,-45.65294674168378,4.565294674168378,182.6117869667351,-22.82647337084189,114.13236685420944,34.23971005626284,57.06618342710472,-91.30589348336756,11.413236685420944,45.65294674168378
109.9,91.30203375953582,136.95305063930374,68.47652531965187,22.825508439883954,-45.65101687976791,4.565101687976791,182.60406751907163,-22.825508439883954,114.12754219941976,34.238262659825935,57.06377109970988,-91.30203375953582,11.412754219941977,45.65101687976791
110.0,91.29818983389652,136.94728475084477,68.47364237542239,22.82454745847413,-45.64909491694826,4.564909491694826,182.59637966779303,-22.82454745847413,114.12273729237064,34.23682118771119,57.06136864618532,-91.29818983389652,11.412273729237064,45.64909491694826
110.10000000000001,91.29436091155291,136.94154136732936,68.47077068366468,22.82359022788823,-45.64718045577646,4.564718045577646,182.58872182310583,-22.82359022788823,114.11795113944115,34.23538534183234,57.05897556972057,-91.29436091155291,11.411795113944114,45.64718045577646
110.2,91.29054669968116,136.93582004952174,68.46791002476087,22.82263667492029,-45.64527334984058,4.564527334984058,182.58109339936232,-22.82263667492029,114.11318337460145,34.233955012380434,57.056591687300724,-91.29054669968116,11.411318337460145,45.64527334984058
110.30000000000001,91.28674515518458,136.93011773277686,68.46505886638843,22.821686288796144,-45.64337257759229,4.564337257759229,182.57349031036915,-22.821686288796144,114.10843144398072,34.232529433194216,57.05421572199036,-91.28674515518458,11.410843144398072,45.64337257759229
110.4,91.28295304195636,136.92442956293453,68.46221478146727,22.82073826048909,-45.64147652097818,4.564147652097819,182.56590608391272,-22.82073826048909,114.10369130244545,34.231107390733634,57.05184565122273,-91.28295304195636,11.410369130244545,45.64147652097818
110.5,91.2791662377186,136.9187493565779,68.45937467828895,22.81979155942965,-45.6395831188593,4.56395831188593,182.5583324754372,-22.81979155942965,114.09895779714824,34.229687339144476,57.04947889857412,-91.2791662377186,11.409895779714825,45.6395831188593
110.60000000000001,91.27537987646821,136.9130698147023,68.45653490735116,22.818844969117052,-45.637689938234104,4.563768993823411,182.55075975293641,-22.818844969117052,114.09422484558526,34.22826745367558,57.04711242279263,-91.27537987646821,11.409422484558526,45.637689938234104
110.7,91.27158894766131,136.90738342149197,68.45369171074599,22.81789723691533,-45.63579447383066,4.5635794473830655,182.54317789532263,-22.81789723691533,114.08948618457664,34.22684585537299,57.04474309228832,-91.27158894766131,11.408948618457664,45.63579447383066
110.80000000000001,91.26778832977624,136.90168249466436,68.45084124733218,22.81694708244406,-45.63389416488812,4.563389416488812,182.53557665955248,-22.81694708244406,114.0847354122203,34.22542062366609,57.04236770611015,-91.26778832977624,11.40847354122203,45.63389416488812
110.9,91.26397319920807,136.8959597988121,68.44797989940605,22.815993299802017,-45.63198659960403,4.5631986599604035,182.52794639841613,-22.815993299802017,114.07996649901008,34.223989949703025,57.03998324950504,-91.26397319920807,11.407996649901008,45.63198659960403
111.0,91.26013782267299,136.8902067340095,68.44510336700475,22.815034455668247,-45.630068911336494,4.563006891133649,182.52027564534598,-22.815034455668247,114.07517227834123,34.222551683502374,57.037586139170614,-91.26013782267299,11.407517227834123,45.630068911336494
111.10000000000001,91.25627602719781,136.8844140407967,68.44220702039836,22.814069006799453,-45.62813801359891,4.562813801359891,182.51255205439563,-22.814069006799453,114.07034503399727,34.22110351019918,57.035172516998635,-91.25627602719781,11.407034503399727,45.62813801359891
111.2,91.25238151122612,136.87857226683917,68.43928613341959,22.81309537780653,-45.62619075561306,4.562619075561306,182.50476302245224,-22.81309537780653,114.06547688903265,34.21964306670979,57.032738444516326,-91.25238151122612,11.406547688903265,45.62619075561306
111.30000000000001,91.24844878991328,136.87267318486994,68.43633659243497,22.81211219747832,-45.62422439495664,4.5624224394956645,182.49689757982657,-22.81211219747832,114.0605609873916,34.218168296217485,57.0302804936958,-91.24844878991328,11.40605609873916,45.62422439495664
111.4,91.24447327804265,136.866709917064,68.433354958532,22.811118319510662,-45.622236639021324,4.562223663902133,182.4889465560853,-22.811118319510662,114.0555915975533,34.216677479266,57.02779579877665,-91.24447327804265,11.405559159755331,45.622236639021324
111.5,91.24044970119766,136.86067455179648,68.43033727589824,22.810112425299415,-45.62022485059883,4.562022485059884,182.48089940239532,-22.810112425299415,114.05056212649708,34.21516863794912,57.02528106324854,-91.24044970119766,11.405056212649708,45.62022485059883
111.60000000000001,91.23637153973581,136.8545573096037,68.42727865480185,22.809092884933953,-45.61818576986791,4.5618185769867905,182.47274307947163,-22.809092884933953,114.04546442466977,34.21363932740093,57.02273221233489,-91.23637153973581,11.404546442466977,45.61818576986791
111.7,91.23223229375373,136.8483484406306,68.4241742203153,22.80805807343843,-45.61611614687686,4.561611614687687,182.46446458750745,-22.80805807343843,114.04029036719216,34.21208711015765,57.02014518359608,-91.23223229375373,11.404029036719216,45.61611614687686
111.80000000000001,91.22802538363744,136.84203807545617,68.42101903772809,22.80700634590936,-45.61401269181872,4.561401269181872,182.4560507672749,-22.80700634590936,114.0350317295468,34.21050951886404,57.0175158647734,-91.22802538363744,11.40350317295468,45.61401269181872
111.9,91.2237457789211,136.83561866838164,68.41780933419082,22.805936444730275,-45.61187288946055,4.561187288946055,182.4474915578422,-22.805936444730275,114.02968222365138,34.20890466709541,57.01484111182569,-91.2237457789211,11.402968222365137,45.61187288946055
112.0,91.2193877905834,136.8290816858751,68.41454084293755,22.80484694764585,-45.6096938952917,4.56096938952917,182.4387755811668,-22.80484694764585,114.02423473822924,34.20727042146878,57.01211736911462,-91.2193877905834,11.402423473822925,45.6096938952917
112.10000000000001,91.21494596362722,136.82241894544083,68.41120947272042,22.803736490906804,-45.60747298181361,4.560747298181361,182.42989192725443,-22.803736490906804,114.01868245453402,34.20560473636021,57.00934122726701,-91.21494596362722,11.401868245453402,45.60747298181361
112.2,91.2104156518712,136.8156234778068,68.4078117389034,22.8026039129678,-45.6052078259356,4.56052078259356,182.4208313037424,-22.8026039129678,114.013019564839,34.2039058694517,57.0065097824195,-91.2104156518712,11.4013019564839,45.6052078259356
112.30000000000001,91.20579349037001,136.80869023555502,68.40434511777751,22.801448372592503,-45.60289674518501,4.560289674518501,182.41158698074003,-22.801448372592503,114.00724186296252,34.202172558888755,57.00362093148126,-91.20579349037001,11.400724186296252,45.60289674518501
112.4,91.20107732150736,136.80161598226104,68.40080799113052,22.80026933037684,-45.60053866075368,4.560053866075368,182.4021546430147,-22.80026933037684,114.00134665188419,34.20040399556526,57.000673325942095,-91.20107732150736,11.40013466518842,45.60053866075368
112.5,91.19626325244718,136.79439487867077,68.39719743933539,22.799065813111795,-45.59813162622359,4.559813162622359,182.39252650489436,-22.799065813111795,113.99532906555898,34.19859871966769,56.99766453277949,-91.19626325244718,11.399532906555898,45.59813162622359
112.60000000000001,91.19134721616983,136.78702082425474,68.39351041212737,22.797836804042458,-45.595673608084915,4.559567360808492,182.38269443233966,-22.797836804042458,113.98918402021229,34.196755206063685,56.994592010106146,-91.19134721616983,11.398918402021229,45.595673608084915
112.7,91.18632519240376,136.77948778860565,68.38974389430282,22.79658129810094,-45.59316259620188,4.559316259620188,182.3726503848075,-22.79658129810094,113.98290649050469,34.19487194715141,56.991453245252345,-91.18632519240376,11.39829064905047,45.59316259620188
112.80000000000001,91.18119323851903,136.77178985777854,68.38589492888927,22.795298309629757,-45.590596619259514,4.559059661925952,182.36238647703806,-22.795298309629757,113.97649154814879,34.192947464444636,56.98824577407439,-91.18119323851903,11.397649154814879,45.590596619259514
112.9,91.17594807483621,136.7639221122543,68.38196105612715,22.793987018709053,-45.58797403741811,4.558797403741811,182.35189614967243,-22.793987018709053,113.96993509354527,34.19098052806358,56.98496754677264,-91.17594807483621,11.396993509354527,45.58797403741811
113.0,91.17058625319714,136.75587937979572,68.37793968989786,22.792646563299286,-45.58529312659857,4.558529312659857,182.3411725063943,-22.792646563299286,113.96323281649643,34.18896984494893,56.981616408248215,-91.17058625319714,11.396323281649643,45.58529312659857
113.10000000000001,91.1651052413022,136.74765786195331,68.37382893097666,22.79127631032555,-45.5825526206511,4.55825526206511,182.3302104826044,-22.79127631032555,113.95638155162774,34.18691446548833,56.97819077581387,-91.1651052413022,11.395638155162775,45.5825526206511
113.2,91.1595032969631,136.73925494544466,68.36962747272233,22.789875824240774,-45.57975164848155,4.557975164848155,182.3190065939262,-22.789875824240774,113.94937912120386,34.184813736361164,56.97468956060193,-91.1595032969631,11.394937912120387,45.57975164848155
113.30000000000001,91.15377996784309,136.73066995176464,68.36533497588232,22.788444991960773,-45.576889983921546,4.5576889983921545,182.30755993568619,-22.788444991960773,113.94222495980387,34.18266748794116,56.97111247990193,-91.15377996784309,11.394222495980387,45.576889983921546
113.4,91.14793312330887,136.72189968496332,68.36094984248166,22.78698328082722,-45.57396656165444,4.5573966561654435,182.29586624661775,-22.78698328082722,113.93491640413609,34.18047492124083,56.967458202068045,-91.14793312330887,11.39349164041361,45.57396656165444
113.5,91.14195996135624,136.71293994203435,68.35646997101718,22.78548999033906,-45.57097998067812,4.557097998067812,182.28391992271247,-22.78548999033906,113.9274499516953,34.17823498550859,56.96372497584765,-91.14195996135624,11.39274499516953,45.57097998067812
113.60000000000001,91.135857296867,136.7037859453005,68.35189297265025,22.78396432421675,-45.5679286484335,4.55679286484335,182.271714593734,-22.78396432421675,113.91982162108376,34.175946486325124,56.95991081054188,-91.135857296867,11.391982162108375,45.5679286484335
113.7,91.129621996715,136.6944329950725,68.34721649753625,22.78240549917875,-45.5648109983575,4.55648109983575,182.25924399343,-22.78240549917875,113.91202749589375,34.173608248768126,56.956013747946876,-91.129621996715,11.391202749589375,45.5648109983575
113.80000000000001,91.12325195712138,136.68487793568207,68.34243896784103,22.780812989280346,-45.56162597856069,4.556162597856069,182.24650391424277,-22.780812989280346,113.90406494640173,34.17121948392052,56.952032473200866,-91.12325195712138,11.390406494640173,45.56162597856069
113.9,91.11674542956004,136.67511814434005,68.33755907217002,22.77918635739001,-45.55837271478002,4.555837271478002,182.23349085912008,-22.77918635739001,113.89593178695006,34.16877953608501,56.94796589347503,-91.11674542956004,11.389593178695005,45.55837271478002
114.0,91.11010109065776,136.66515163598666,68.33257581799333,22.77752527266444,-45.55505054532888,4.555505054532889,182.22020218131553,-22.77752527266444,113.8876263633222,34.166287908996665,56.9438131816611,-91.11010109065776,11.38876263633222,45.55505054532888
114.10000000000001,91.10331845955189,136.65497768932784,68.32748884466392,22.77582961488797,-45.55165922977594,4.5551659229775945,182.20663691910377,-22.77582961488797,113.87914807443985,34.16374442233196,56.93957403721993,-91.10331845955189,11.387914807443986,45.55165922977594
114.2,91.09639613837726,136.6445942075659,68.32229710378294,22.774099034594315,-45.54819806918863,4.5548198069188635,182.19279227675452,-22.774099034594315,113.87049517297157,34.16114855189147,56.93524758648579,-91.09639613837726,11.387049517297157,45.54819806918863
114.30000000000001,91.08933189367967,136.6339978405195,68.31699892025975,22.772332973419918,-45.544665946839835,4.5544665946839835,182.17866378735934,-22.772332973419918,113.86166486709959,34.158499460129875,56.930832433549796,-91.08933189367967,11.386166486709959,45.544665946839835
114.4,91.08212335232895,136.62318502849342,68.31159251424671,22.770530838082237,-45.541061676164475,4.554106167616448,182.1642467046579,-22.770530838082237,113.85265419041119,34.155796257123356,56.92632709520559,-91.08212335232895,11.385265419041119,45.541061676164475
114.5,91.07476835977029,136.61215253965543,68.30607626982771,22.768692089942572,-45.537384179885144,4.553738417988515,182.14953671954058,-22.768692089942572,113.84346044971286,34.15303813491386,56.92173022485643,-91.07476835977029,11.384346044971286,45.537384179885144
114.60000000000001,91.0672636955328,136.6008955432992,68.3004477716496,22.7668159238832,-45.5336318477664,4.55336318477664,182.1345273910656,-22.7668159238832,113.834079619416,34.1502238858248,56.917039809708,-91.0672636955328,11.3834079619416,45.5336318477664
114.7,91.05960639762623,136.58940959643934,68.29470479821967,22.764901599406556,-45.52980319881311,4.5529803198813115,182.11921279525245,-22.764901599406556,113.82450799703278,34.147352399109835,56.91225399851639,-91.05960639762623,11.382450799703278,45.52980319881311
114.80000000000001,91.05179686716791,136.57769530075186,68.28884765037593,22.762949216791977,-45.525898433583954,4.552589843358396,182.10359373433582,-22.762949216791977,113.81474608395989,34.144423825187964,56.907373041979945,-91.05179686716791,11.381474608395989,45.525898433583954
114.9,91.04383862313792,136.56575793470688,68.28287896735344,22.76095965578448,-45.52191931156896,4.552191931156896,182.08767724627583,-22.76095965578448,113.80479827892239,34.14143948367672,56.902399139461195,-91.04383862313792,11.38047982789224,45.52191931156896
115.0,91.03573488952348,136.55360233428522,68.27680116714261,22.75893372238087,-45.51786744476174,4.551786744476174,182.07146977904696,-22.75893372238087,113.79466861190436,34.138400583571304,56.89733430595218,-91.03573488952348,11.379466861190435,45.51786744476174
115.10000000000001,91.02748945974894,136.5412341896234,68.2706170948117,22.756872364937234,-45.51374472987447,4.551374472987447,182.05497891949787,-22.756872364937234,113.78436182468617,34.13530854740585,56.892180912343086,-91.02748945974894,11.378436182468617,45.51374472987447
115.2,91.01910613361913,136.5286592004287,68.26432960021435,22.754776533404783,-45.509553066809566,4.550955306680957,182.03821226723826,-22.754776533404783,113.77388266702391,34.13216480010718,56.886941333511956,-91.01910613361913,11.377388266702392,45.509553066809566
115.30000000000001,91.01058973723867,136.51588460585802,68.25794230292901,22.75264743430967,-45.50529486861934,4.550529486861934,182.02117947447735,-22.75264743430967,113.76323717154834,34.128971151464505,56.88161858577417,-91.01058973723867,11.376323717154834,45.50529486861934
115.4,91.00194578048107,136.5029186707216,68.2514593353608,22.750486445120266,-45.50097289024053,4.550097289024054,182.00389156096213,-22.750486445120266,113.75243222560132,34.1257296676804,56.87621611280066,-91.00194578048107,11.375243222560133,45.50097289024053
115.5,90.99317828048125,136.48976742072188,68.24488371036094,22.74829457012031,-45.49658914024062,4.549658914024063,181.9863565609625,-22.74829457012031,113.74147285060155,34.12244185518047,56.87073642530078,-90.99317828048125,11.374147285060156,45.49658914024062
115.60000000000001,90.98429021634215,136.4764353245132,68.2382176622566,22.746072554085536,-45.49214510817107,4.549214510817108,181.9685804326843,-22.746072554085536,113.73036277042769,34.1191088311283,56.865181385213845,-90.98429021634215,11.373036277042768,45.49214510817107
115.7,90.97528535492101,136.4629280323815,68.23146401619076,22.743821338730253,-45.48764267746051,4.5487642677460505,181.95057070984203,-22.743821338730253,113.71910669365127,34.11573200809538,56.859553346825635,-90.97528535492101,11.371910669365127,45.48764267746051
115.80000000000001,90.96616909224282,136.44925363836424,68.22462681918212,22.741542273060706,-45.48308454612141,4.548308454612141,181.93233818448564,-22.741542273060706,113.70771136530352,34.11231340959106,56.85385568265176,-90.96616909224282,11.370771136530353,45.48308454612141
115.9,90.95694643505674,136.4354196525851,68.21770982629255,22.739236608764184,-45.47847321752837,4.547847321752837,181.91389287011347,-22.739236608764184,113.69618304382092,34.108854913146274,56.84809152191046,-90.95694643505674,11.369618304382092,45.47847321752837
116.0,90.9476202895811,136.42143043437164,68.21071521718582,22.736905072395274,-45.47381014479055,4.547381014479055,181.8952405791622,-22.736905072395274,113.68452536197637,34.10535760859291,56.842262680988185,-90.9476202895811,11.368452536197637,45.47381014479055
116.10000000000001,90.93819380165931,136.40729070248898,68.20364535124449,22.734548450414827,-45.469096900829655,4.546909690082965,181.87638760331862,-22.734548450414827,113.67274225207413,34.101822675622245,56.836371126037065,-90.93819380165931,11.367274225207414,45.469096900829655
116.2,90.9286693435908,136.3930040153862,68.1965020076931,22.7321673358977,-45.4643346717954,4.54643346717954,181.8573386871816,-22.7321673358977,113.6608366794885,34.09825100384655,56.83041833974425,-90.9286693435908,11.36608366794885,45.4643346717954
116.30000000000001,90.91905019682687,136.3785752952403,68.18928764762015,22.72976254920672,-45.45952509841344,4.545952509841344,181.83810039365375,-22.72976254920672,113.6488127460336,34.094643823810074,56.8244063730168,-90.91905019682687,11.36488127460336,45.45952509841344
116.4,90.90933949496116,136.36400924244174,68.18200462122087,22.72733487374029,-45.45466974748058,4.5454669747480585,181.81867898992232,-22.72733487374029,113.63667436870145,34.091002310610435,56.818337184350725,-90.90933949496116,11.363667436870145,45.45466974748058
116.5,90.89954028787739,136.3493104318161,68.17465521590805,22.724885071969346,-45.44977014393869,4.5449770143938695,181.79908057575477,-22.724885071969346,113.62442535984673,34.08732760795402,56.81221267992336,-90.89954028787739,11.362442535984673,45.44977014393869
116.60000000000001,90.88965744153178,136.33448616229768,68.16724308114884,22.722414360382945,-45.44482872076589,4.544482872076589,181.77931488306356,-22.722414360382945,113.61207180191472,34.08362154057442,56.80603590095736,-90.88965744153178,11.361207180191473,45.44482872076589
116.7,90.87969569928491,136.31954354892736,68.15977177446368,22.719923924821227,-45.439847849642454,4.543984784964246,181.75939139856982,-22.719923924821227,113.59961962410614,34.07988588723184,56.79980981205307,-90.87969569928491,11.359961962410614,45.439847849642454
116.80000000000001,90.86966032851626,136.3044904927744,68.1522452463872,22.717415082129065,-45.43483016425813,4.543483016425813,181.73932065703252,-22.717415082129065,113.58707541064533,34.0761226231936,56.79353770532266,-90.86966032851626,11.358707541064533,45.43483016425813
116.9,90.85955641932236,136.28933462898354,68.14466731449177,22.71488910483059,-45.42977820966118,4.542977820966118,181.71911283864472,-22.71488910483059,113.57444552415295,34.072333657245885,56.787222762076475,-90.85955641932236,11.357444552415295,45.42977820966118
117.0,90.84938939965781,136.2740840994867,68.13704204974336,22.712347349914452,-45.424694699828905,4.5424694699828905,181.69877879931562,-22.712347349914452,113.56173674957226,34.06852102487168,56.78086837478613,-90.84938939965781,11.356173674957226,45.424694699828905
117.10000000000001,90.83916476394202,136.25874714591305,68.12937357295652,22.709791190985506,-45.41958238197101,4.541958238197101,181.67832952788405,-22.709791190985506,113.54895595492752,34.06468678647826,56.77447797746376,-90.83916476394202,11.354895595492753,45.41958238197101
117.2,90.8288886302191,136.24333294532863,68.12166647266432,22.707222157554774,-45.41444431510955,4.541444431510955,181.6577772604382,-22.707222157554774,113.53611078777388,34.06083323633216,56.76805539388694,-90.8288886302191,11.353611078777387,45.41444431510955
117.30000000000001,90.81856774546083,136.22785161819124,68.11392580909562,22.704641936365206,-45.40928387273041,4.540928387273041,181.63713549092165,-22.704641936365206,113.52320968182603,34.05696290454781,56.761604840913016,-90.81856774546083,11.352320968182603,45.40928387273041
117.4,90.8082094041807,136.21231410627104,68.10615705313552,22.702052351045175,-45.40410470209035,4.540410470209035,181.6164188083614,-22.702052351045175,113.51026175522588,34.05307852656776,56.75513087761294,-90.8082094041807,11.351026175522588,45.40410470209035
117.5,90.79782149671581,136.19673224507372,68.09836612253686,22.699455374178953,-45.398910748357906,4.539891074835791,181.59564299343162,-22.699455374178953,113.49727687089477,34.04918306126843,56.74863843544738,-90.79782149671581,11.349727687089477,45.398910748357906
117.60000000000001,90.78741019499738,136.18111529249606,68.09055764624803,22.696852548749344,-45.39370509749869,4.539370509749869,181.57482038999476,-22.696852548749344,113.48426274374673,34.045278823124015,56.74213137187336,-90.78741019499738,11.348426274374672,45.39370509749869
117.7,90.77698113181049,136.16547169771573,68.08273584885787,22.694245282952622,-45.388490565905244,4.538849056590524,181.55396226362097,-22.694245282952622,113.47122641476311,34.04136792442893,56.735613207381554,-90.77698113181049,11.347122641476311,45.388490565905244
117.80000000000001,90.76653972188831,136.14980958283246,68.07490479141623,22.691634930472077,-45.383269860944154,4.5383269860944155,181.53307944377661,-22.691634930472077,113.45817465236038,34.037452395708115,56.72908732618019,-90.76653972188831,11.345817465236038,45.383269860944154
117.9,90.75609189843608,136.13413784765413,68.06706892382707,22.68902297460902,-45.37804594921804,4.537804594921805,181.51218379687216,-22.68902297460902,113.4451148730451,34.03353446191353,56.72255743652255,-90.75609189843608,11.34451148730451,45.37804594921804
118.0,90.74564519564599,136.118467793469,68.0592338967345,22.686411298911498,-45.372822597822996,4.5372822597823,181.49129039129198,-22.686411298911498,113.43205649455749,34.02961694836725,56.71602824727874,-90.74564519564599,11.343205649455749,45.372822597822996
118.10000000000001,90.73520782414839,136.10281173622258,68.05140586811129,22.683801956037097,-45.367603912074195,4.5367603912074195,181.47041564829678,-22.683801956037097,113.41900978018549,34.025702934055644,56.709504890092745,-90.73520782414839,11.341900978018549,45.367603912074195
118.2,90.72478739704508,136.08718109556762,68.04359054778381,22.68119684926127,-45.36239369852254,4.536239369852254,181.44957479409015,-22.68119684926127,113.40598424630635,34.021795273891904,56.70299212315317,-90.72478739704508,11.340598424630635,45.36239369852254
118.30000000000001,90.71439160825574,136.07158741238362,68.03579370619181,22.678597902063935,-45.35719580412787,4.535719580412787,181.42878321651148,-22.678597902063935,113.39298951031967,34.017896853095905,56.69649475515983,-90.71439160825574,11.339298951031967,45.35719580412787
118.4,90.70402838072125,136.0560425710819,68.02802128554094,22.676007095180314,-45.35201419036063,4.5352014190360626,181.4080567614425,-22.676007095180314,113.38003547590156,34.01401064277047,56.69001773795078,-90.70402838072125,11.338003547590157,45.35201419036063
118.5,90.69370492491011,136.04055738736517,68.02027869368258,22.673426231227527,-45.346852462455054,4.534685246245505,181.38740984982022,-22.673426231227527,113.36713115613763,34.01013934684129,56.683565578068816,-90.69370492491011,11.336713115613763,45.346852462455054
118.60000000000001,90.68342680533343,136.02514020800015,68.01257010400008,22.670856701333356,-45.34171340266671,4.5341713402666715,181.36685361066685,-22.670856701333356,113.35428350666677,34.00628505200004,56.67714175333339,-90.68342680533343,11.335428350666678,45.34171340266671
118.7,90.67319968173358,136.00979952260036,68.00489976130018,22.668299920433395,-45.33659984086679,4.533659984086679,181.34639936346716,-22.668299920433395,113.34149960216698,34.00244988065009,56.67074980108349,-90.67319968173358,11.334149960216697,45.33659984086679
118.80000000000001,90.66302854448865,135.99454281673297,67.99727140836649,22.665757136122163,-45.33151427224433,4.533151427224433,181.3260570889773,-22.665757136122163,113.32878568061082,33.99863570418324,56.66439284030541,-90.66302854448865,11.332878568061082,45.33151427224433
118.9,90.65291801497715,135.9793770224657,67.98968851123286,22.663229503744287,-45.32645900748857,4.532645900748857,181.3058360299543,-22.663229503744287,113.31614751872144,33.99484425561643,56.65807375936072,-90.65291801497715,11.331614751872143,45.32645900748857
119.0,90.6428728386564,135.9643092579846,67.9821546289923,22.6607182096641,-45.3214364193282,4.53214364193282,181.2857456773128,-22.6607182096641,113.3035910483205,33.99107731449615,56.65179552416025,-90.6428728386564,11.33035910483205,45.3214364193282
119.10000000000001,90.63289683990148,135.9493452598522,67.9746726299261,22.65822420997537,-45.31644841995074,4.531644841995074,181.26579367980295,-22.65822420997537,113.29112104987685,33.98733631496305,56.645560524938425,-90.63289683990148,11.329112104987685,45.31644841995074
119.2,90.62299277105069,135.93448915657603,67.96724457828802,22.655748192762672,-45.311496385525345,4.5311496385525345,181.24598554210138,-22.655748192762672,113.27874096381336,33.98362228914401,56.63937048190668,-90.62299277105069,11.327874096381336,45.311496385525345
119.30000000000001,90.61316308761351,135.91974463142026,67.95987231571013,22.65329077190338,-45.30658154380676,4.530658154380676,181.22632617522703,-22.65329077190338,113.2664538595169,33.979936157855064,56.63322692975845,-90.61316308761351,11.32664538595169,45.30658154380676
119.4,90.60341128244906,135.90511692367357,67.95255846183679,22.650852820612265,-45.30170564122453,4.530170564122453,181.20682256489812,-22.650852820612265,113.25426410306133,33.976279230918394,56.627132051530666,-90.60341128244906,11.325426410306132,45.30170564122453
119.5,90.59374146938775,135.89061220408163,67.94530610204082,22.648435367346938,-45.296870734693876,4.529687073469388,181.1874829387755,-22.648435367346938,113.24217683673469,33.97265305102041,56.62108841836734,-90.59374146938775,11.324217683673469,45.296870734693876
119.60000000000001,90.58415774366449,135.87623661549674,67.93811830774837,22.646039435916123,-45.292078871832246,4.529207887183225,181.16831548732898,-22.646039435916123,113.23019717958061,33.969059153874184,56.61509858979031,-90.58415774366449,11.323019717958061,45.292078871832246
119.7,90.57466468102923,135.86199702154386,67.93099851077193,22.64366617025731,-45.28733234051462,4.528733234051462,181.14932936205847,-22.64366617025731,113.21833085128654,33.965499255385964,56.60916542564327,-90.57466468102923,11.321833085128654,45.28733234051462
119.80000000000001,90.56526653607753,135.8478998041163,67.92394990205815,22.641316634019383,-45.282633268038765,4.528263326803876,181.13053307215506,-22.641316634019383,113.2065831700969,33.96197495102908,56.60329158504845,-90.56526653607753,11.320658317009691,45.282633268038765
119.9,90.55596684997647,135.8339502749647,67.91697513748235,22.638991712494118,-45.277983424988236,4.527798342498824,181.11193369995294,-22.638991712494118,113.19495856247059,33.95848756874118,56.597479281235294,-90.55596684997647,11.319495856247059,45.277983424988236
120.0,90.54676993635204,135.82015490452807,67.91007745226403,22.63669248408801,-45.27338496817602,4.527338496817602,181.09353987270407,-22.63669248408801,113.18346242044004,33.95503872613202,56.59173121022002,-90.54676993635204,11.318346242044004,45.27338496817602
120.10000000000001,90.53767998638611,135.80651997957915,67.90325998978958,22.634419996596527,-45.268839993193055,4.526883999319305,181.07535997277222,-22.634419996596527,113.17209998298264,33.95162999489479,56.58604999149132,-90.53767998638611,11.317209998298264,45.268839993193055
120.2,90.528702541296,135.793053811944,67.896526905972,22.632175635324,-45.264351270648,4.5264351270648,181.057405082592,-22.632175635324,113.16087817662,33.948263452986,56.58043908831,-90.528702541296,11.316087817662,45.264351270648
120.30000000000001,90.51984426280683,135.77976639421024,67.88988319710512,22.629961065701707,-45.259922131403414,4.525992213140341,181.03968852561366,-22.629961065701707,113.14980532850853,33.94494159855256,56.57490266425427,-90.51984426280683,11.314980532850853,45.259922131403414
120.4,90.51111152338429,135.76666728507644,67.88333364253822,22.62777788084607,-45.25555576169214,4.525555576169214,181.02222304676857,-22.62777788084607,113.13888940423035,33.94166682126911,56.56944470211518,-90.51111152338429,11.313888940423036,45.25555576169214
120.5,90.50251000344875,135.75376500517314,67.87688250258657,22.625627500862187,-45.251255001724374,4.525125500172438,181.0050200068975,-22.625627500862187,113.12813750431093,33.938441251293284,56.564068752155464,-90.50251000344875,11.312813750431093,45.251255001724374
120.60000000000001,90.49404577711756,135.74106866567635,67.87053433283818,22.62351144427939,-45.24702288855878,4.524702288855878,180.98809155423513,-22.62351144427939,113.11755722139695,33.93526716641909,56.558778610698475,-90.49404577711756,11.311755722139695,45.24702288855878
120.7,90.48572440603688,135.72858660905533,67.86429330452766,22.62143110150922,-45.24286220301844,4.524286220301844,180.97144881207376,-22.62143110150922,113.1071555075461,33.93214665226383,56.55357775377305,-90.48572440603688,11.31071555075461,45.24286220301844
120.80000000000001,90.47754991900256,135.71632487850383,67.85816243925191,22.61938747975064,-45.23877495950128,4.523877495950128,180.9550998380051,-22.61938747975064,113.0969373987532,33.92908121962596,56.5484686993766,-90.47754991900256,11.30969373987532,45.23877495950128
120.9,90.4695257521901,135.70428862828516,67.85214431414258,22.617381438047524,-45.23476287609505,4.523476287609505,180.9390515043802,-22.617381438047524,113.08690719023761,33.92607215707129,56.543453595118805,-90.4695257521901,11.308690719023762,45.23476287609505
121.0,90.46165486459522,135.69248229689282,67.84624114844641,22.615413716148804,-45.23082743229761,4.523082743229761,180.92330972919044,-22.615413716148804,113.07706858074403,33.923120574223205,56.53853429037201,-90.46165486459522,11.307706858074402,45.23082743229761
121.10000000000001,90.45393978086126,135.6809096712919,67.84045483564594,22.613484945215315,-45.22696989043063,4.522696989043063,180.90787956172252,-22.613484945215315,113.06742472607658,33.92022741782297,56.53371236303829,-90.45393978086126,11.306742472607658,45.22696989043063
121.2,90.44638146570654,135.66957219855982,67.83478609927991,22.611595366426634,-45.22319073285327,4.522319073285327,180.89276293141307,-22.611595366426634,113.05797683213316,33.917393049639955,56.52898841606658,-90.44638146570654,11.305797683213317,45.22319073285327
121.30000000000001,90.43898143648978,135.65847215473468,67.82923607736734,22.609745359122446,-45.21949071824489,4.52194907182449,180.87796287297957,-22.609745359122446,113.04872679561223,33.91461803868367,56.52436339780611,-90.43898143648978,11.304872679561223,45.21949071824489
121.4,90.43174255698877,135.64761383548316,67.82380691774158,22.60793563924719,-45.21587127849438,4.521587127849439,180.86348511397753,-22.60793563924719,113.03967819623595,33.91190345887079,56.51983909811798,-90.43174255698877,11.303967819623596,45.21587127849438
121.5,90.4246663436353,135.63699951545294,67.81849975772647,22.606166585908824,-45.21233317181765,4.521233317181765,180.8493326872706,-22.606166585908824,113.03083292954412,33.909249878863235,56.51541646477206,-90.4246663436353,11.303083292954412,45.21233317181765
121.60000000000001,90.41775348858022,135.62663023287033,67.81331511643516,22.604438372145054,-45.20887674429011,4.520887674429011,180.83550697716043,-22.604438372145054,113.02219186072527,33.90665755821758,56.511095930362636,-90.41775348858022,11.302219186072527,45.20887674429011
121.7,90.41100432336225,135.61650648504337,67.80825324252169,22.602751080840562,-45.205502161681125,4.520550216168113,180.8220086467245,-22.602751080840562,113.01375540420281,33.90412662126084,56.506877702101406,-90.41100432336225,11.301375540420281,45.205502161681125
121.80000000000001,90.40442141151132,135.606632117267,67.8033160586335,22.60110535287783,-45.20221070575566,4.520221070575566,180.80884282302264,-22.60110535287783,113.00552676438915,33.90165802931675,56.50276338219457,-90.40442141151132,11.300552676438915,45.20221070575566
121.9,90.39800773529096,135.59701160293645,67.79850580146822,22.59950193382274,-45.19900386764548,4.519900386764548,180.79601547058192,-22.59950193382274,112.9975096691137,33.89925290073411,56.49875483455685,-90.39800773529096,11.29975096691137,45.19900386764548
122.0,90.3917659503895,135.58764892558423,67.79382446279212,22.597941487597375,-45.19588297519475,4.519588297519475,180.783531900779,-22.597941487597375,112.98970743798688,33.89691223139606,56.49485371899344,-90.3917659503895,11.298970743798687,45.19588297519475
122.10000000000001,90.38569737240654,135.57854605860982,67.78927302930491,22.596424343101635,-45.19284868620327,4.5192848686203275,180.77139474481308,-22.596424343101635,112.98212171550817,33.894636514652454,56.491060857754086,-90.38569737240654,11.298212171550817,45.19284868620327
122.2,90.37980212303492,135.5697031845524,67.7848515922762,22.59495053075873,-45.18990106151746,4.518990106151747,180.75960424606984,-22.59495053075873,112.97475265379364,33.8924257961381,56.48737632689682,-90.37980212303492,11.297475265379365,45.18990106151746
122.30000000000001,90.37407958369542,135.56111937554311,67.78055968777156,22.593519895923855,-45.18703979184771,4.518703979184771,180.74815916739084,-22.593519895923855,112.96759947961928,33.89027984388578,56.48379973980964,-90.37407958369542,11.296759947961927,45.18703979184771
122.4,90.36852751895573,135.5527912784336,67.7763956392168,22.592131879738933,-45.184263759477865,4.5184263759477865,180.73705503791146,-22.592131879738933,112.96065939869466,33.8881978196084,56.48032969934733,-90.36852751895573,11.296065939869466,45.184263759477865
122.5,90.36314392446926,135.5447158867039,67.77235794335195,22.590785981117314,-45.18157196223463,4.518157196223463,180.7262878489385,-22.590785981117314,112.95392990558656,33.886178971675974,56.47696495279328,-90.36314392446926,11.295392990558657,45.18157196223463
122.60000000000001,90.35792734022102,135.53689101033154,67.76844550516577,22.589481835055256,-45.17896367011051,4.517896367011051,180.71585468044205,-22.589481835055256,112.94740917527628,33.884222752582886,56.47370458763814,-90.35792734022102,11.294740917527628,45.17896367011051
122.7,90.35287740100628,135.52931610150944,67.76465805075472,22.58821935025157,-45.17643870050314,4.517643870050314,180.70575480201256,-22.58821935025157,112.94109675125785,33.88232902537736,56.47054837562892,-90.35287740100628,11.294109675125785,45.17643870050314
122.80000000000001,90.34799399464058,135.52199099196088,67.76099549598044,22.586998498660144,-45.17399699732029,4.517399699732029,180.69598798928115,-22.586998498660144,112.93499249330071,33.88049774799022,56.467496246650356,-90.34799399464058,11.293499249330072,45.17399699732029
122.9,90.34327664069619,135.51491496104427,67.75745748052213,22.585819160174047,-45.171638320348094,4.51716383203481,180.68655328139238,-22.585819160174047,112.92909580087024,33.87872874026107,56.46454790043512,-90.34327664069619,11.292909580087024,45.171638320348094
123.0,90.3387244058165,135.50808660872477,67.75404330436238,22.584681101454127,-45.16936220290825,4.516936220290826,180.677448811633,-22.584681101454127,112.92340550727063,33.87702165218119,56.461702753635315,-90.3387244058165,11.292340550727063,45.16936220290825
123.10000000000001,90.33433723533132,135.50150585299698,67.75075292649849,22.58358430883283,-45.16716861766566,4.516716861766566,180.66867447066264,-22.58358430883283,112.91792154416414,33.875376463249246,56.45896077208207,-90.33433723533132,11.291792154416415,45.16716861766566
123.2,90.3301152135827,135.49517282037405,67.74758641018703,22.582528803395675,-45.16505760679135,4.516505760679135,180.6602304271654,-22.582528803395675,112.91264401697838,33.87379320509351,56.45632200848919,-90.3301152135827,11.291264401697838,45.16505760679135
123.30000000000001,90.32605712919796,135.48908569379694,67.74454284689847,22.58151428229949,-45.16302856459898,4.516302856459898,180.65211425839593,-22.58151428229949,112.90757141149746,33.872271423449234,56.45378570574873,-90.32605712919796,11.290757141149745,45.16302856459898
123.4,90.32216209541733,135.483243143126,67.741621571563,22.58054052385433,-45.16108104770866,4.516108104770867,180.64432419083465,-22.58054052385433,112.90270261927165,33.8708107857815,56.451351309635825,-90.32216209541733,11.290270261927166,45.16108104770866
123.5,90.31842789883967,135.4776418482595,67.73882092412975,22.579606974709918,-45.159213949419836,4.515921394941984,180.63685579767935,-22.579606974709918,112.89803487354959,33.86941046206488,56.449017436774795,-90.31842789883967,11.289803487354959,45.159213949419836
123.60000000000001,90.31485329323904,135.47227993985857,67.73613996992928,22.57871332330976,-45.15742664661952,4.5157426646619525,180.62970658647808,-22.57871332330976,112.8935666165488,33.86806998496464,56.4467833082744,-90.31485329323904,11.28935666165488,45.15742664661952
123.7,90.311437503222,135.467156254833,67.7335781274165,22.5778593758055,-45.155718751611,4.5155718751611,180.622875006444,-22.5778593758055,112.8892968790275,33.86678906370825,56.44464843951375,-90.311437503222,11.28892968790275,45.155718751611
123.80000000000001,90.30818003803036,135.46227005704554,67.73113502852277,22.57704500950759,-45.15409001901518,4.515409001901518,180.61636007606072,-22.57704500950759,112.88522504753794,33.865567514261386,56.44261252376897,-90.30818003803036,11.288522504753795,45.15409001901518
123.9,90.30507911722128,135.45761867583192,67.72880933791596,22.57626977930532,-45.15253955861064,4.5152539558610645,180.61015823444257,-22.57626977930532,112.8813488965266,33.86440466895798,56.4406744482633,-90.30507911722128,11.28813488965266,45.15253955861064
124.0,90.30213366656523,135.45320049984784,67.72660024992392,22.575533416641306,-45.15106683328261,4.515106683328262,180.60426733313045,-22.575533416641306,112.87766708320653,33.86330012496196,56.438833541603266,-90.30213366656523,11.287766708320653,45.15106683328261
124.10000000000001,90.29934353518966,135.4490153027845,67.72450765139224,22.574835883797416,-45.14967176759483,4.514967176759483,180.59868707037933,-22.574835883797416,112.87417941898708,33.86225382569612,56.43708970949354,-90.29934353518966,11.287417941898708,45.14967176759483
124.2,90.29670792927882,135.44506189391825,67.72253094695913,22.574176982319706,-45.14835396463941,4.514835396463941,180.59341585855765,-22.574176982319706,112.87088491159852,33.86126547347956,56.43544245579926,-90.29670792927882,11.287088491159853,45.14835396463941
124.30000000000001,90.2942256438136,135.4413384657204,67.7206692328602,22.5735564109534,-45.1471128219068,4.514711282190681,180.5884512876272,-22.5735564109534,112.867782054767,33.8603346164301,56.4338910273835,-90.2942256438136,11.2867782054767,45.1471128219068
124.4,90.29189572463622,135.43784358695433,67.71892179347716,22.572973931159055,-45.14594786231811,4.514594786231811,180.58379144927244,-22.572973931159055,112.86486965579527,33.85946089673858,56.43243482789764,-90.29189572463622,11.286486965579527,45.14594786231811
124.5,90.28971896215081,135.43457844322623,67.71728922161311,22.572429740537704,-45.14485948107541,4.514485948107541,180.57943792430163,-22.572429740537704,112.86214870268851,33.85864461080656,56.43107435134426,-90.28971896215081,11.286214870268852,45.14485948107541
124.60000000000001,90.28769655825361,135.43154483738041,67.71577241869021,22.571924139563404,-45.14384827912681,4.514384827912681,180.57539311650723,-22.571924139563404,112.85962069781702,33.857886209345104,56.42981034890851,-90.28769655825361,11.285962069781702,45.14384827912681
124.7,90.28582874781539,135.42874312172307,67.71437156086154,22.571457186953847,-45.14291437390769,4.51429143739077,180.57165749563077,-22.571457186953847,112.85728593476924,33.85718578043077,56.42864296738462,-90.28582874781539,11.285728593476923,45.14291437390769
124.80000000000001,90.28411508858161,135.4261726328724,67.7130863164362,22.571028772145404,-45.14205754429081,4.514205754429081,180.56823017716323,-22.571028772145404,112.85514386072703,33.8565431582181,56.42757193036351,-90.28411508858161,11.285514386072702,45.14205754429081
124.9,90.2825551105145,135.42383266577173,67.71191633288586,22.570638777628623,-45.14127755525725,4.514127755525725,180.565110221029,-22.570638777628623,112.85319388814312,33.85595816644293,56.42659694407156,-90.2825551105145,11.285319388814312,45.14127755525725
125.0,90.2811501849227,135.42172527738404,67.71086263869202,22.570287546230674,-45.14057509246135,4.514057509246135,180.5623003698454,-22.570287546230674,112.85143773115337,33.85543131934601,56.425718865576684,-90.2811501849227,11.285143773115337,45.14057509246135
125.10000000000001,90.2799020007763,135.41985300116446,67.70992650058223,22.569975500194076,-45.13995100038815,4.513995100038815,180.5598040015526,-22.569975500194076,112.84987750097038,33.854963250291114,56.42493875048519,-90.2799020007763,11.284987750097038,45.13995100038815
125.2,90.27881064227432,135.41821596341148,67.70910798170574,22.56970266056858,-45.13940532113716,4.5139405321137165,180.55762128454865,-22.56970266056858,112.8485133028429,33.85455399085287,56.42425665142145,-90.27881064227432,11.28485133028429,45.13940532113716
125.30000000000001,90.27787492578088,135.4168123886713,67.70840619433565,22.56946873144522,-45.13893746289044,4.513893746289044,180.55574985156176,-22.56946873144522,112.8473436572261,33.854203097167826,56.42367182861305,-90.27787492578088,11.28473436572261,45.13893746289044
125.4,90.27709322705981,135.4156398405897,67.70781992029485,22.569273306764952,-45.138546613529904,4.51385466135299,180.55418645411962,-22.569273306764952,112.84636653382476,33.853909960147426,56.42318326691238,-90.27709322705981,11.284636653382476,45.138546613529904
125.5,90.27646309514729,135.41469464272095,67.70734732136047,22.569115773786823,-45.138231547573646,4.513823154757365,180.55292619029458,-22.569115773786823,112.84557886893411,33.853673660680236,56.422789434467056,-90.27646309514729,11.284557886893412,45.138231547573646
125.60000000000001,90.27598154498801,135.41397231748203,67.70698615874102,22.568995386247003,-45.13799077249401,4.513799077249401,180.55196308997603,-22.568995386247003,112.84497693123501,33.85349307937051,56.422488465617505,-90.27598154498801,11.284497693123502,45.13799077249401
125.7,90.2756467148667,135.41347007230004,67.70673503615002,22.568911678716674,-45.13782335743335,4.513782335743335,180.5512934297334,-22.568911678716674,112.84455839358337,33.85336751807501,56.422279196791685,-90.2756467148667,11.284455839358337,45.13782335743335
125.80000000000001,90.27545800514831,135.41318700772246,67.70659350386123,22.568864501287077,-45.137729002574154,4.513772900257416,180.55091601029662,-22.568864501287077,112.84432250643539,33.853296751930614,56.422161253217695,-90.27545800514831,11.284432250643539,45.137729002574154
125.9,90.27541560367314,135.4131234055097,67.70656170275485,22.568853900918285,-45.13770780183657,4.513770780183657,180.55083120734628,-22.568853900918285,112.84426950459142,33.85328085137743,56.42213475229571,-90.27541560367314,11.284426950459142,45.13770780183657
126.0,90.2755190835431,135.41327862531466,67.70663931265733,22.568879770885776,-45.13775954177155,4.513775954177155,180.5510381670862,-22.568879770885776,112.84439885442887,33.853319656328665,56.42219942721444,-90.2755190835431,11.284439885442888,45.13775954177155
126.10000000000001,90.2757664762966,135.4136497144449,67.70682485722244,22.56894161907415,-45.1378832381483,4.51378832381483,180.5515329525932,-22.56894161907415,112.84470809537075,33.85341242861122,56.422354047685374,-90.2757664762966,11.284470809537074,45.1378832381483
126.2,90.27615469501814,135.4142320425272,67.7071160212636,22.569038673754534,-45.13807734750907,4.513807734750907,180.55230939003627,-22.569038673754534,112.84519336877267,33.8535580106318,56.422596684386335,-90.27615469501814,11.284519336877267,45.13807734750907
126.30000000000001,90.27668174879824,135.41502262319736,67.70751131159868,22.56917043719956,-45.13834087439912,4.513834087439912,180.55336349759648,-22.56917043719956,112.8458521859978,33.85375565579934,56.4229260929989,-90.27668174879824,11.28458521859978,45.13834087439912
126.4,90.27734708708279,135.4160206306242,67.7080103153121,22.569336771770697,-45.138673543541394,4.513867354354139,180.55469417416558,-22.569336771770697,112.84668385885348,33.85400515765605,56.42334192942674,-90.27734708708279,11.284668385885348,45.138673543541394
126.5,90.27815184620923,135.41722776931385,67.70861388465693,22.569537961552307,-45.13907592310461,4.513907592310462,180.55630369241845,-22.569537961552307,112.84768980776153,33.85430694232846,56.42384490388076,-90.27815184620923,11.284768980776153,45.13907592310461
126.60000000000001,90.27909685090056,135.41864527635084,67.70932263817542,22.56977421272514,-45.13954842545028,4.513954842545028,180.55819370180112,-22.56977421272514,112.8488710636257,33.85466131908771,56.42443553181285,-90.27909685090056,11.28488710636257,45.13954842545028
126.7,90.28018182289343,135.42027273434013,67.71013636717007,22.570045455723356,-45.14009091144671,4.514009091144671,180.56036364578685,-22.570045455723356,112.85022727861679,33.85506818358503,56.42511363930839,-90.28018182289343,11.285022727861678,45.14009091144671
126.80000000000001,90.2814055150904,135.4221082726356,67.7110541363178,22.5703513787726,-45.1407027575452,4.51407027575452,180.5628110301808,-22.5703513787726,112.851756893863,33.8555270681589,56.4258784469315,-90.2814055150904,11.2851756893863,45.1407027575452
126.9,90.28276845257383,135.42415267886076,67.71207633943038,22.57069211314346,-45.14138422628692,4.514138422628692,180.56553690514767,-22.57069211314346,112.85346056571728,33.85603816971519,56.42673028285864,-90.28276845257383,11.28534605657173,45.14138422628692
127.0,90.28427170272838,135.42640755409258,67.71320377704629,22.571067925682094,-45.14213585136419,4.514213585136419,180.56854340545675,-22.571067925682094,112.85533962841046,33.856601888523144,56.42766981420523,-90.28427170272838,11.285533962841047,45.14213585136419
127.10000000000001,90.28591594645462,135.42887391968193,67.71443695984097,22.571478986613656,-45.14295797322731,4.514295797322731,180.57183189290924,-22.571478986613656,112.85739493306828,33.85721847992048,56.42869746653414,-90.28591594645462,11.285739493306828,45.14295797322731
127.2,90.28770178470657,135.43155267705987,67.71577633852993,22.571925446176643,-45.143850892353285,4.514385089235328,180.57540356941314,-22.571925446176643,112.8596272308832,33.85788816926497,56.4298136154416,-90.28770178470657,11.285962723088321,45.143850892353285
127.30000000000001,90.2896301239878,135.4344451859817,67.71722259299085,22.57240753099695,-45.1448150619939,4.514481506199391,180.5792602479756,-22.57240753099695,112.86203765498476,33.858611296495425,56.43101882749238,-90.2896301239878,11.286203765498476,45.1448150619939
127.4,90.29170210168232,135.4375531525235,67.71877657626175,22.57292552542058,-45.14585105084116,4.514585105084116,180.58340420336464,-22.57292552542058,112.86462762710289,33.85938828813087,56.432313813551445,-90.29170210168232,11.28646276271029,45.14585105084116
127.5,90.29391900775899,135.4408785116385,67.72043925581924,22.573479751939747,-45.14695950387949,4.514695950387949,180.58783801551797,-22.573479751939747,112.86739875969873,33.86021962790962,56.433699379849365,-90.29391900775899,11.286739875969873,45.14695950387949
127.60000000000001,90.29628155911385,135.4444223386708,67.7222111693354,22.574070389778463,-45.148140779556925,4.514814077955693,180.5925631182277,-22.574070389778463,112.8703519488923,33.8611055846677,56.43517597444615,-90.29628155911385,11.287035194889231,45.148140779556925
127.7,90.29879131090532,135.44818696635798,67.72409348317899,22.57469782772633,-45.14939565545266,4.514939565545266,180.59758262181063,-22.57469782772633,112.87348913863164,33.862046741589495,56.43674456931582,-90.29879131090532,11.287348913863164,45.14939565545266
127.80000000000001,90.30145034343774,135.4521755151566,67.7260877575783,22.575362585859434,-45.15072517171887,4.515072517171887,180.60290068687547,-22.575362585859434,112.87681292929717,33.86304387878915,56.43840646464859,-90.30145034343774,11.287681292929717,45.15072517171887
127.9,90.30426157159197,135.45639235738795,67.72819617869398,22.57606539289799,-45.15213078579598,4.515213078579598,180.60852314318393,-22.57606539289799,112.88032696448995,33.86409808934699,56.44016348224498,-90.30426157159197,11.288032696448996,45.15213078579598
128.0,90.30722496031669,135.46083744047502,67.73041872023751,22.576806240079172,-45.153612480158344,4.515361248015835,180.61444992063338,-22.576806240079172,112.88403120039587,33.865209360118754,56.442015600197934,-90.30722496031669,11.288403120039586,45.153612480158344
128.1,90.31034015583829,135.46551023375744,67.73275511687872,22.577585038959572,-45.155170077919145,4.515517007791915,180.62068031167658,-22.577585038959572,112.88792519479786,33.86637755843936,56.44396259739893,-90.31034015583829,11.288792519479786,45.155170077919145
128.20000000000002,90.31360562681027,135.4704084402154,67.7352042201077,22.578401406702568,-45.156802813405136,4.515680281340514,180.62721125362054,-22.578401406702568,112.89200703351284,33.86760211005385,56.44600351675642,-90.31360562681027,11.289200703351284,45.156802813405136
128.3,90.31701876727459,135.47552815091188,67.73776407545594,22.579254691818647,-45.158509383637295,4.515850938363729,180.63403753454918,-22.579254691818647,112.89627345909324,33.86888203772797,56.44813672954662,-90.31701876727459,11.289627345909324,45.158509383637295
128.4,90.32057739760971,135.48086609641456,67.74043304820728,22.580144349402428,-45.160288698804855,4.516028869880485,180.64115479521942,-22.580144349402428,112.90072174701214,33.87021652410364,56.45036087350607,-90.32057739760971,11.290072174701214,45.160288698804855
128.5,90.32428050997953,135.4864207649693,67.74321038248465,22.581070127494883,-45.162140254989765,4.516214025498977,180.64856101995906,-22.581070127494883,112.90535063747441,33.871605191242324,56.45267531873721,-90.32428050997953,11.290535063747441,45.162140254989765
128.6,90.32812634236696,135.49218951355044,67.74609475677522,22.58203158559174,-45.16406317118348,4.516406317118348,180.65625268473391,-22.58203158559174,112.91015792795869,33.87304737838761,56.455078963979346,-90.32812634236696,11.29101579279587,45.16406317118348
128.70000000000002,90.3321107741096,135.4981661611644,67.7490830805822,22.5830276935274,-45.1660553870548,4.5166055387054795,180.6642215482192,-22.5830276935274,112.915138467637,33.8745415402911,56.4575692338185,-90.3321107741096,11.2915138467637,45.1660553870548
128.8,90.33622946083891,135.50434419125835,67.75217209562918,22.584057365209727,-45.168114730419454,4.516811473041946,180.67245892167782,-22.584057365209727,112.92028682604864,33.87608604781459,56.46014341302432,-90.33622946083891,11.292028682604863,45.168114730419454
128.9,90.34047826580644,135.51071739870966,67.75535869935483,22.58511956645161,-45.17023913290322,4.5170239132903225,180.68095653161288,-22.58511956645161,112.92559783225805,33.877679349677415,56.462798916129024,-90.34047826580644,11.292559783225805,45.17023913290322
129.0,90.34485228812143,135.51727843218214,67.75863921609107,22.586213072030358,-45.172426144060715,4.517242614406071,180.68970457624286,-22.586213072030358,112.93106536015179,33.879319608045535,56.465532680075896,-90.34485228812143,11.293106536015179,45.172426144060715
129.1,90.34934760289109,135.52402140433662,67.76201070216831,22.58733690072277,-45.17467380144554,4.517467380144555,180.69869520578217,-22.58733690072277,112.93668450361386,33.881005351084156,56.46834225180693,-90.34934760289109,11.293668450361386,45.17467380144554
129.20000000000002,90.35396118928573,135.5309417839286,67.7654708919643,22.58849029732143,-45.17698059464286,4.517698059464286,180.70792237857145,-22.58849029732143,112.94245148660715,33.88273544598215,56.47122574330358,-90.35396118928573,11.294245148660716,45.17698059464286
129.3,90.35869100767526,135.5380365115129,67.76901825575645,22.589672751918815,-45.17934550383763,4.517934550383763,180.71738201535052,-22.589672751918815,112.94836375959407,33.884509127878225,56.47418187979704,-90.35869100767526,11.294836375959408,45.17934550383763
129.4,90.36353395912205,135.54530093868308,67.77265046934154,22.590883489780513,-45.181766979561026,4.518176697956103,180.7270679182441,-22.590883489780513,112.95441744890256,33.88632523467077,56.47720872445128,-90.36353395912205,11.295441744890256,45.181766979561026
129.5,90.36848586469708,135.55272879704563,67.77636439852282,22.59212146617427,-45.18424293234854,4.518424293234854,180.73697172939416,-22.59212146617427,112.96060733087134,33.88818219926141,56.48030366543567,-90.36848586469708,11.296060733087135,45.18424293234854
129.6,90.37354180445061,135.56031270667592,67.78015635333796,22.593385451112653,-45.186770902225305,4.518677090222531,180.74708360890122,-22.593385451112653,112.96692725556326,33.89007817666898,56.48346362778163,-90.37354180445061,11.296692725556326,45.186770902225305
129.70000000000002,90.37869750899095,135.56804626348642,67.78402313174321,22.59467437724774,-45.18934875449548,4.518934875449548,180.7573950179819,-22.59467437724774,112.9733718862387,33.892011565871606,56.48668594311935,-90.37869750899095,11.29733718862387,45.18934875449548
129.8,90.3839494267989,135.57592414019837,67.78796207009918,22.595987356699727,-45.19197471339945,4.519197471339946,180.7678988535978,-22.595987356699727,112.97993678349863,33.89398103504959,56.489968391749315,-90.3839494267989,11.297993678349863,45.19197471339945
129.9,90.38929383441622,135.58394075162434,67.79197037581217,22.597323458604055,-45.19464691720811,4.5194646917208114,180.77858766883244,-22.597323458604055,112.98661729302027,33.895985187906085,56.49330864651014,-90.38929383441622,11.298661729302028,45.19464691720811
130.0,90.39472683832409,135.59209025748612,67.79604512874306,22.598681709581022,-45.197363419162045,4.519736341916205,180.78945367664818,-22.598681709581022,112.99340854790512,33.89802256437153,56.49670427395256,-90.39472683832409,11.299340854790511,45.197363419162045
130.1,90.4002431112161,135.60036466682413,67.80018233341207,22.600060777804025,-45.20012155560805,4.5200121555608055,180.8004862224322,-22.600060777804025,113.00030388902013,33.900091166706034,56.500151944510066,-90.4002431112161,11.300030388902012,45.20012155560805
130.20000000000002,90.4058384392792,135.6087576589188,67.8043788294594,22.6014596098198,-45.2029192196396,4.52029192196396,180.8116768785584,-22.6014596098198,113.00729804909899,33.9021894147297,56.503649024549496,-90.4058384392792,11.3007298049099,45.2029192196396
130.3,90.41150922690697,135.61726384036047,67.80863192018023,22.602877306726743,-45.205754613453486,4.520575461345349,180.82301845381394,-22.602877306726743,113.01438653363371,33.904315960090116,56.507193266816856,-90.41150922690697,11.301438653363372,45.205754613453486
130.4,90.41725217609657,135.62587826414486,67.81293913207243,22.604313044024142,-45.208626088048284,4.520862608804829,180.83450435219314,-22.604313044024142,113.0215652201207,33.906469566036215,56.51078261006035,-90.41725217609657,11.302156522012071,45.208626088048284
130.5,90.42306576875781,135.63459865313672,67.81729932656836,22.605766442189452,-45.211532884378904,4.52115328843789,180.84613153751562,-22.605766442189452,113.02883221094726,33.90864966328418,56.51441610547363,-90.42306576875781,11.302883221094726,45.211532884378904
130.6,90.42895082965447,135.6434262444817,67.82171312224085,22.607237707413617,-45.214475414827234,4.521447541482724,180.85790165930894,-22.607237707413617,113.03618853706809,33.910856561120426,56.51809426853404,-90.42895082965447,11.303618853706809,45.214475414827234
130.70000000000002,90.43490797722905,135.65236196584357,67.82618098292178,22.60872699430726,-45.21745398861452,4.521745398861452,180.8698159544581,-22.60872699430726,113.0436349715363,33.91309049146089,56.52181748576815,-90.43490797722905,11.30436349715363,45.21745398861452
130.8,90.44093787073798,135.66140680610698,67.83070340305349,22.610234467684496,-45.22046893536899,4.522046893536899,180.88187574147597,-22.610234467684496,113.05117233842248,33.915351701526745,56.52558616921124,-90.44093787073798,11.305117233842248,45.22046893536899
130.9,90.44703969725936,135.67055954588903,67.83527977294452,22.61175992431484,-45.22351984862968,4.522351984862968,180.8940793945187,-22.61175992431484,113.0587996215742,33.91763988647226,56.5293998107871,-90.44703969725936,11.30587996215742,45.22351984862968
131.0,90.45321095389339,135.67981643084008,67.83990821542004,22.613302738473347,-45.226605476946695,4.522660547694669,180.90642190778678,-22.613302738473347,113.06651369236674,33.91995410771002,56.53325684618337,-90.45321095389339,11.306651369236674,45.226605476946695
131.1,90.45944855812554,135.68917283718832,67.84458641859416,22.614862139531386,-45.22972427906277,4.522972427906278,180.9188971162511,-22.614862139531386,113.07431069765693,33.92229320929708,56.53715534882846,-90.45944855812554,11.307431069765693,45.22972427906277
131.20000000000002,90.46574904603253,135.69862356904878,67.84931178452439,22.616437261508132,-45.232874523016264,4.523287452301626,180.93149809206506,-22.616437261508132,113.08218630754067,33.924655892262194,56.54109315377033,-90.46574904603253,11.308218630754066,45.232874523016264
131.3,90.47210845274647,135.7081626791197,67.85408133955985,22.618027113186617,-45.236054226373234,4.523605422637323,180.94421690549294,-22.618027113186617,113.09013556593308,33.92704066977993,56.54506778296654,-90.47210845274647,11.309013556593309,45.236054226373234
131.4,90.47852340907663,135.71778511361495,67.85889255680748,22.619630852269157,-45.239261704538315,4.523926170453832,180.95704681815326,-22.619630852269157,113.09815426134578,33.92944627840374,56.54907713067289,-90.47852340907663,11.309815426134579,45.239261704538315
131.5,90.48499038877303,135.72748558315953,67.86374279157977,22.621247597193257,-45.242495194386514,4.524249519438651,180.96998077754606,-22.621247597193257,113.10623798596629,33.931871395789884,56.553118992983144,-90.48499038877303,11.310623798596628,45.242495194386514
131.6,90.49150511397916,135.73725767096875,67.86862883548437,22.62287627849479,-45.24575255698958,4.5245752556989585,180.98301022795832,-22.62287627849479,113.11438139247394,33.934314417742186,56.55719069623697,-90.49150511397916,11.311438139247395,45.24575255698958
131.70000000000002,90.49806279009957,135.74709418514936,67.87354709257468,22.624515697524892,-45.249031395049784,4.524903139504978,180.99612558019913,-22.624515697524892,113.12257848762445,33.93677354628734,56.561289243812226,-90.49806279009957,11.312257848762446,45.249031395049784
131.8,90.5046584055202,135.7569876082803,67.87849380414015,22.62616460138005,-45.2523292027601,4.52523292027601,181.0093168110404,-22.62616460138005,113.13082300690026,33.939246902070074,56.56541150345013,-90.5046584055202,11.313082300690025,45.2523292027601
131.9,90.51128739487385,135.76693109231076,67.88346554615538,22.62782184871846,-45.25564369743692,4.525564369743693,181.0225747897477,-22.62782184871846,113.13910924359232,33.94173277307769,56.56955462179616,-90.51128739487385,11.31391092435923,45.25564369743692
132.0,90.51794373847113,135.7769156077067,67.88845780385336,22.629485934617783,-45.258971869235566,4.525897186923557,181.03588747694226,-22.629485934617783,113.14742967308891,33.94422890192668,56.573714836544454,-90.51794373847113,11.314742967308892,45.258971869235566
132.1,90.52462118862627,135.7869317829394,67.8934658914697,22.631155297156567,-45.262310594313135,4.526231059431313,181.04924237725254,-22.631155297156567,113.15577648578284,33.94673294573485,56.57788824289142,-90.52462118862627,11.315577648578284,45.262310594313135
132.20000000000002,90.53131316607481,135.7969697491122,67.8984848745561,22.632828291518702,-45.265656583037405,4.526565658303741,181.06262633214962,-22.632828291518702,113.16414145759352,33.94924243727805,56.58207072879676,-90.53131316607481,11.316414145759351,45.265656583037405
132.3,90.53801391980173,135.80702087970258,67.90351043985129,22.634503479950432,-45.269006959900864,4.526900695990086,181.07602783960346,-22.634503479950432,113.17251739975217,33.951755219925644,56.58625869987608,-90.53801391980173,11.317251739975216,45.269006959900864
132.4,90.54471962866792,135.8170794430019,67.90853972150094,22.63617990716698,-45.27235981433396,4.527235981433396,181.08943925733584,-22.63617990716698,113.1808995358349,33.95426986075047,56.59044976791745,-90.54471962866792,11.31808995358349,45.27235981433396
132.5,90.55142622909491,135.8271393436424,67.9135696718212,22.63785655727373,-45.27571311454746,4.527571311454746,181.10285245818983,-22.63785655727373,113.18928278636864,33.9567848359106,56.59464139318432,-90.55142622909491,11.318928278636864,45.27571311454746
132.6,90.5581293678207,135.83719405173105,67.91859702586552,22.639532341955174,-45.27906468391035,4.527906468391035,181.1162587356414,-22.639532341955174,113.19766170977587,33.95929851293276,56.598830854887936,-90.5581293678207,11.319766170977587,45.27906468391035
132.70000000000002,90.56482477967853,135.8472371695178,67.9236185847589,22.641206194919633,-45.282412389839266,4.528241238983926,181.12964955935706,-22.641206194919633,113.20603097459816,33.96180929237945,56.60301548729908,-90.56482477967853,11.320603097459816,45.282412389839266
132.8,90.57150911094601,135.85726366641902,67.92863183320951,22.642877277736503,-45.285754555473005,4.5285754555473,181.14301822189202,-22.642877277736503,113.21438638868251,33.964315916604754,56.60719319434126,-90.57150911094601,11.321438638868251,45.285754555473005
132.9,90.57818009670058,135.86727014505087,67.93363507252543,22.644545024175144,-45.28909004835029,4.528909004835029,181.15636019340116,-22.644545024175144,113.22272512087572,33.96681753626272,56.61136256043786,-90.57818009670058,11.322272512087572,45.28909004835029
133.0,90.5848344965413,135.87725174481196,67.93862587240598,22.646208624135326,-45.29241724827065,4.529241724827066,181.1696689930826,-22.646208624135326,113.23104312067663,33.96931293620299,56.615521560338316,-90.5848344965413,11.323104312067663,45.29241724827065
133.1,90.59146848315753,135.88720272473628,67.94360136236814,22.647867120789382,-45.295734241578764,4.529573424157877,181.18293696631505,-22.647867120789382,113.23933560394691,33.97180068118407,56.619667801973456,-90.59146848315753,11.323933560394691,45.295734241578764
133.20000000000002,90.59807758334266,135.89711637501398,67.94855818750699,22.649519395835664,-45.29903879167133,4.529903879167133,181.19615516668532,-22.649519395835664,113.24759697917833,33.974279093753495,56.62379848958916,-90.59807758334266,11.324759697917832,45.29903879167133
133.3,90.60465888045367,135.9069883206805,67.95349416034026,22.651164720113417,-45.302329440226835,4.530232944022684,181.20931776090734,-22.651164720113417,113.25582360056708,33.97674708017013,56.62791180028354,-90.60465888045367,11.325582360056709,45.302329440226835
133.4,90.61121046017061,135.91681569025593,67.95840784512797,22.652802615042653,-45.305605230085305,4.530560523008531,181.22242092034122,-22.652802615042653,113.26401307521326,33.97920392256398,56.63200653760663,-90.61121046017061,11.326401307521326,45.305605230085305
133.5,90.61773158062154,135.9265973709323,67.96329868546616,22.654432895155384,-45.30886579031077,4.530886579031077,181.23546316124308,-22.654432895155384,113.27216447577692,33.98164934273308,56.63608223788846,-90.61773158062154,11.327216447577692,45.30886579031077
133.6,90.6242205479746,135.93633082196192,67.96816541098096,22.65605513699365,-45.3121102739873,4.53121102739873,181.2484410959492,-22.65605513699365,113.28027568496825,33.98408270549048,56.64013784248412,-90.6242205479746,11.328027568496825,45.3121102739873
133.70000000000002,90.63067499007141,135.94601248510713,67.97300624255357,22.657668747517853,-45.315337495035706,4.531533749503571,181.26134998014282,-22.657668747517853,113.28834373758926,33.98650312127678,56.64417186879463,-90.63067499007141,11.328834373758927,45.315337495035706
133.8,90.6370930456087,135.95563956841303,67.97781978420652,22.659273261402173,-45.31854652280435,4.531854652280435,181.2741860912174,-22.659273261402173,113.29636630701087,33.98890989210326,56.648183153505435,-90.6370930456087,11.329636630701087,45.31854652280435
133.9,90.64347377350944,135.96521066026418,67.98260533013209,22.66086844337736,-45.32173688675472,4.532173688675472,181.28694754701888,-22.66086844337736,113.3043422168868,33.991302665066044,56.6521711084434,-90.64347377350944,11.33043422168868,45.32173688675472
134.0,90.64981507177366,135.97472260766048,67.98736130383024,22.662453767943415,-45.32490753588683,4.532490753588683,181.29963014354732,-22.662453767943415,113.31226883971708,33.99368065191512,56.65613441985854,-90.64981507177366,11.331226883971707,45.32490753588683
134.1,90.65611438197585,135.9841715729638,67.9920857864819,22.664028595493964,-45.32805719098793,4.532805719098793,181.3122287639517,-22.664028595493964,113.32014297746981,33.99604289324095,56.66007148873491,-90.65611438197585,11.332014297746982,45.32805719098793
134.20000000000002,90.66236946568947,135.99355419853418,67.99677709926709,22.665592366422366,-45.33118473284473,4.533118473284474,181.32473893137893,-22.665592366422366,113.32796183211184,33.998388549633546,56.66398091605592,-90.66236946568947,11.332796183211183,45.33118473284473
134.3,90.66857909023501,136.0028686353525,68.00143431767626,22.667144772558753,-45.33428954511751,4.533428954511751,181.33715818047003,-22.667144772558753,113.33572386279377,34.00071715883813,56.667861931396885,-90.66857909023501,11.333572386279377,45.33428954511751
134.4,90.67474183624478,136.01211275436717,68.00605637718358,22.668685459061194,-45.33737091812239,4.533737091812239,181.34948367248955,-22.668685459061194,113.34342729530597,34.00302818859179,56.671713647652986,-90.67474183624478,11.334342729530597,45.33737091812239
134.5,90.68085728966365,136.02128593449547,68.01064296724773,22.670214322415912,-45.340428644831825,4.534042864483182,181.3617145793273,-22.670214322415912,113.35107161207956,34.00532148362387,56.67553580603978,-90.68085728966365,11.335107161207956,45.340428644831825
134.6,90.6869250524542,136.0303875786813,68.01519378934066,22.67173126311355,-45.3434625262271,4.5343462526227105,181.3738501049084,-22.67173126311355,113.35865631556774,34.00759689467033,56.67932815778387,-90.6869250524542,11.335865631556775,45.3434625262271
134.70000000000002,90.6929430058902,136.0394145088353,68.01970725441765,22.67323575147255,-45.3464715029451,4.53464715029451,181.3858860117804,-22.67323575147255,113.36617875736275,34.00985362720883,56.68308937868137,-90.6929430058902,11.336617875736275,45.3464715029451
134.8,90.69890915300566,136.04836372950848,68.02418186475424,22.674727288251415,-45.34945457650283,4.5349454576502835,181.39781830601132,-22.674727288251415,113.37363644125708,34.01209093237712,56.68681822062854,-90.69890915300566,11.337363644125707,45.34945457650283
134.9,90.70482173565577,136.05723260348367,68.02861630174183,22.676205433913942,-45.352410867827885,4.535241086782789,181.40964347131154,-22.676205433913942,113.3810271695697,34.01430815087092,56.69051358478485,-90.70482173565577,11.338102716956971,45.352410867827885
135.0,90.71068119699441,136.06602179549162,68.03301089774581,22.677670299248604,-45.35534059849721,4.535534059849721,181.42136239398883,-22.677670299248604,113.38835149624302,34.016505448872906,56.69417574812151,-90.71068119699441,11.338835149624302,45.35534059849721
135.1,90.71648906612134,136.07473359918203,68.03736679959101,22.679122266530335,-45.35824453306067,4.535824453306067,181.43297813224268,-22.679122266530335,113.39561133265167,34.018683399795506,56.697805666325834,-90.71648906612134,11.339561133265168,45.35824453306067
135.20000000000002,90.72224685357362,136.08337028036044,68.04168514018022,22.680561713393406,-45.36112342678681,4.536112342678681,181.44449370714725,-22.680561713393406,113.40280856696702,34.02084257009011,56.70140428348351,-90.72224685357362,11.340280856696703,45.36112342678681
135.3,90.72795665525032,136.0919349828755,68.04596749143775,22.68198916381258,-45.36397832762516,4.536397832762517,181.45591331050065,-22.68198916381258,113.4099458190629,34.022983745718875,56.70497290953145,-90.72795665525032,11.34099458190629,45.36397832762516
135.4,90.7336201132178,136.1004301698267,68.05021508491335,22.68340502830445,-45.3668100566089,4.53668100566089,181.4672402264356,-22.68340502830445,113.41702514152225,34.025107542456674,56.70851257076112,-90.7336201132178,11.341702514152225,45.3668100566089
135.5,90.73923838819455,136.10885758229182,68.05442879114591,22.684809597048638,-45.369619194097275,4.536961919409728,181.4784767763891,-22.684809597048638,113.42404798524319,34.027214395572955,56.712023992621596,-90.73923838819455,11.342404798524319,45.369619194097275
135.6,90.7448140594085,136.11722108911275,68.05861054455637,22.686203514852124,-45.37240702970425,4.537240702970425,181.489628118817,-22.686203514852124,113.43101757426062,34.02930527227819,56.71550878713031,-90.7448140594085,11.343101757426062,45.37240702970425
135.70000000000002,90.75035030275212,136.1255254541282,68.0627627270641,22.68758757568803,-45.37517515137606,4.537517515137607,181.50070060550425,-22.68758757568803,113.43793787844015,34.03138136353205,56.718968939220076,-90.75035030275212,11.343793787844016,45.37517515137606
135.8,90.75584953577683,136.13377430366523,68.06688715183262,22.688962383944208,-45.377924767888416,4.537792476788842,181.51169907155366,-22.688962383944208,113.44481191972105,34.03344357591631,56.722405959860524,-90.75584953577683,11.344481191972104,45.377924767888416
135.9,90.76131402672897,136.14197104009344,68.07098552004672,22.690328506682242,-45.380657013364484,4.538065701336449,181.52262805345794,-22.690328506682242,113.45164253341122,34.03549276002336,56.72582126670561,-90.76131402672897,11.345164253341121,45.380657013364484
136.0,90.76674468537317,136.15011702805975,68.07505851402988,22.691686171343292,-45.383372342686584,4.538337234268659,181.53348937074634,-22.691686171343292,113.45843085671646,34.03752925701494,56.72921542835823,-90.76674468537317,11.345843085671646,45.383372342686584
136.1,90.77214322936813,136.1582148440522,68.0791074220261,22.69303580734203,-45.38607161468406,4.5386071614684065,181.54428645873625,-22.69303580734203,113.46517903671015,34.03955371101305,56.73258951835508,-90.77214322936813,11.346517903671016,45.38607161468406
136.20000000000002,90.77751233308061,136.1662684996209,68.08313424981046,22.694378083270152,-45.388756166540304,4.538875616654031,181.55502466616122,-22.694378083270152,113.47189041635076,34.04156712490523,56.73594520817538,-90.77751233308061,11.347189041635076,45.388756166540304
136.3,90.78285441354961,136.17428162032442,68.08714081016221,22.695713603387404,-45.39142720677481,4.539142720677481,181.56570882709923,-22.695713603387404,113.47856801693702,34.043570405081105,56.73928400846851,-90.78285441354961,11.347856801693702,45.39142720677481
136.4,90.78817109726127,136.1822566458919,68.09112832294595,22.697042774315317,-45.394085548630635,4.539408554863064,181.57634219452254,-22.697042774315317,113.48521387157659,34.045564161472974,56.742606935788295,-90.78817109726127,11.348521387157659,45.394085548630635
136.5,90.79346427482591,136.19019641223886,68.09509820611943,22.698366068706477,-45.396732137412954,4.539673213741295,181.58692854965182,-22.698366068706477,113.49183034353238,34.047549103059715,56.74591517176619,-90.79346427482591,11.349183034353238,45.396732137412954
136.6,90.79873498316051,136.19810247474078,68.09905123737039,22.69968374579013,-45.39936749158026,4.539936749158026,181.59746996632103,-22.69968374579013,113.49841872895064,34.049525618685195,56.74920936447532,-90.79873498316051,11.349841872895064,45.39936749158026
136.70000000000002,90.80398390723002,136.20597586084503,68.10298793042251,22.700995976807505,-45.40199195361501,4.5401991953615015,181.60796781446004,-22.700995976807505,113.50497988403752,34.05149396521126,56.75248994201876,-90.80398390723002,11.350497988403752,45.40199195361501
136.8,90.80921192399636,136.21381788599453,68.10690894299726,22.70230298099909,-45.40460596199818,4.540460596199818,181.61842384799272,-22.70230298099909,113.51151490499545,34.05345447149863,56.755757452497726,-90.80921192399636,11.351151490499545,45.40460596199818
136.9,90.8144198966675,136.22162984500125,68.11081492250062,22.703604974166876,-45.40720994833375,4.540720994833375,181.628839793335,-22.703604974166876,113.51802487083438,34.05540746125031,56.75901243541719,-90.8144198966675,11.351802487083438,45.40720994833375
137.0,90.81960834334143,136.22941251501214,68.11470625750607,22.704902085835357,-45.409804171670714,4.540980417167072,181.63921668668286,-22.704902085835357,113.52451042917679,34.057353128753036,56.76225521458839,-90.81960834334143,11.352451042917679,45.409804171670714
137.1,90.8247779033581,136.23716685503715,68.11858342751857,22.706194475839524,-45.41238895167905,4.541238895167905,181.6495558067162,-22.706194475839524,113.53097237919762,34.059291713759286,56.76548618959881,-90.8247779033581,11.353097237919762,45.41238895167905
137.20000000000002,90.82992934599424,136.24489401899137,68.12244700949569,22.70748233649856,-45.41496467299712,4.541496467299712,181.6598586919885,-22.70748233649856,113.5374116824928,34.06122350474784,56.7687058412464,-90.82992934599424,11.35374116824928,45.41496467299712
137.3,90.83506390969477,136.25259586454214,68.12629793227107,22.708765977423692,-45.417531954847384,4.5417531954847385,181.67012781938953,-22.708765977423692,113.54382988711846,34.063148966135536,56.77191494355923,-90.83506390969477,11.354382988711846,45.417531954847384
137.4,90.84018168379093,136.2602725256864,68.1301362628432,22.710045420947733,-45.420090841895465,4.542009084189547,181.68036336758186,-22.710045420947733,113.55022710473867,34.0650681314216,56.77511355236933,-90.84018168379093,11.355022710473866,45.420090841895465
137.5,90.84528283259924,136.26792424889885,68.13396212444943,22.71132070814981,-45.42264141629962,4.542264141629962,181.69056566519848,-22.71132070814981,113.55660354074905,34.06698106222471,56.778301770374526,-90.84528283259924,11.355660354074905,45.42264141629962
137.6,90.85036811335432,136.2755521700315,68.13777608501574,22.71259202833858,-45.42518405667716,4.542518405667717,181.70073622670864,-22.71259202833858,113.5629601416929,34.06888804250787,56.78148007084645,-90.85036811335432,11.35629601416929,45.42518405667716
137.70000000000002,90.85543933720298,136.28315900580446,68.14157950290223,22.713859834300745,-45.42771966860149,4.542771966860149,181.71087867440596,-22.713859834300745,113.56929917150373,34.070789751451116,56.784649585751865,-90.85543933720298,11.356929917150373,45.42771966860149
137.8,90.8604988654373,136.29074829815593,68.14537414907797,22.715124716359323,-45.43024943271865,4.543024943271865,181.7209977308746,-22.715124716359323,113.57562358179662,34.07268707453898,56.78781179089831,-90.8604988654373,11.357562358179662,45.43024943271865
137.9,90.86554987937171,136.29832481905757,68.14916240952878,22.71638746984293,-45.43277493968586,4.543277493968586,181.73109975874343,-22.71638746984293,113.58193734921464,34.07458120476439,56.79096867460732,-90.86554987937171,11.358193734921464,45.43277493968586
138.0,90.8705941835397,136.30589127530953,68.15294563765477,22.717648545884924,-45.43529709176985,4.543529709176985,181.7411883670794,-22.717648545884924,113.58824272942462,34.07647281882738,56.79412136471231,-90.8705941835397,11.358824272942462,45.43529709176985
138.1,90.87563262163536,136.31344893245304,68.15672446622652,22.71890815540884,-45.43781631081768,4.543781631081768,181.75126524327072,-22.71890815540884,113.5945407770442,34.07836223311326,56.7972703885221,-90.87563262163536,11.35945407770442,45.43781631081768
138.20000000000002,90.8806652300367,136.32099784505505,68.16049892252752,22.720166307509174,-45.44033261501835,4.544033261501835,181.7613304600734,-22.720166307509174,113.60083153754587,34.08024946126376,56.800415768772936,-90.8806652300367,11.360083153754587,45.44033261501835
138.3,90.8856923384217,136.32853850763257,68.16426925381629,22.721423084605426,-45.44284616921085,4.544284616921085,181.7713846768434,-22.721423084605426,113.60711542302712,34.08213462690814,56.80355771151356,-90.8856923384217,11.360711542302713,45.44284616921085
138.4,90.89071458591434,136.3360718788715,68.16803593943575,22.722678646478585,-45.44535729295717,4.544535729295717,181.78142917182868,-22.722678646478585,113.61339323239292,34.08401796971788,56.80669661619646,-90.89071458591434,11.361339323239292,45.44535729295717
138.5,90.89573321931582,136.3435998289737,68.17179991448685,22.723933304828954,-45.44786660965791,4.544786660965791,181.79146643863163,-22.723933304828954,113.61966652414478,34.08589995724343,56.80983326207239,-90.89573321931582,11.361966652414477,45.44786660965791
138.6,90.90074921557084,136.35112382335626,68.17556191167813,22.72518730389271,-45.45037460778542,4.545037460778542,181.80149843114168,-22.72518730389271,113.62593651946355,34.087780955839065,56.812968259731775,-90.90074921557084,11.362593651946355,45.45037460778542
138.70000000000002,90.90576335230556,136.35864502845834,68.17932251422917,22.72644083807639,-45.45288167615278,4.545288167615278,181.8115267046111,-22.72644083807639,113.63220419038194,34.089661257114585,56.81610209519097,-90.90576335230556,11.363220419038194,45.45288167615278
138.8,90.91077485044076,136.36616227566114,68.18308113783057,22.72769371261019,-45.45538742522038,4.545538742522038,181.82154970088152,-22.72769371261019,113.63846856305095,34.091540568915285,56.819234281525475,-90.91077485044076,11.363846856305095,45.45538742522038
138.9,90.91578192748419,136.37367289122628,68.18683644561314,22.728945481871047,-45.457890963742095,4.54578909637421,181.83156385496838,-22.728945481871047,113.64472740935524,34.09341822280657,56.82236370467762,-90.91578192748419,11.364472740935524,45.457890963742095
139.0,90.92078384254182,136.38117576381273,68.19058788190637,22.730195960635456,-45.46039192127091,4.5460391921270915,181.84156768508365,-22.730195960635456,113.65097980317728,34.095293940953184,56.82548990158864,-90.92078384254182,11.365097980317728,45.46039192127091
139.1,90.9257805241553,136.38867078623295,68.19433539311648,22.731445131038825,-45.46289026207765,4.5462890262077655,181.8515610483106,-22.731445131038825,113.65722565519413,34.09716769655824,56.82861282759706,-90.9257805241553,11.365722565519413,45.46289026207765
139.20000000000002,90.9307719561182,136.39615793417732,68.19807896708866,22.73269298902955,-45.4653859780591,4.5465385978059105,181.8615439122364,-22.73269298902955,113.66346494514775,34.09903948354433,56.831732472573876,-90.9307719561182,11.366346494514776,45.4653859780591
139.3,90.93575893636418,136.40363840454626,68.20181920227313,22.733939734091045,-45.46787946818209,4.546787946818209,181.87151787272836,-22.733939734091045,113.66969867045523,34.100909601136564,56.83484933522762,-90.93575893636418,11.366969867045523,45.46787946818209
139.4,90.94074191388394,136.41111287082592,68.20555643541296,22.735185478470985,-45.47037095694197,4.547037095694197,181.88148382776788,-22.735185478470985,113.67592739235492,34.10277821770648,56.83796369617746,-90.94074191388394,11.367592739235493,45.47037095694197
139.5,90.94572013752756,136.41858020629132,68.20929010314566,22.73643003438189,-45.47286006876378,4.547286006876378,181.89144027505512,-22.73643003438189,113.68215017190946,34.10464505157283,56.84107508595473,-90.94572013752756,11.368215017190945,45.47286006876378
139.6,90.95069129715824,136.42603694573737,68.21301847286868,22.73767282428956,-45.47534564857912,4.547534564857912,181.9013825943165,-22.73767282428956,113.6883641214478,34.10650923643434,56.8441820607239,-90.95069129715824,11.36883641214478,45.47534564857912
139.70000000000002,90.95565323395695,136.43347985093544,68.21673992546772,22.738913308489238,-45.477826616978476,4.547782661697847,181.9113064679139,-22.738913308489238,113.69456654244618,34.10836996273386,56.84728327122309,-90.95565323395695,11.369456654244619,45.477826616978476
139.8,90.96060286560088,136.4409042984013,68.22045214920065,22.74015071640022,-45.48030143280044,4.548030143280044,181.92120573120175,-22.74015071640022,113.7007535820011,34.11022607460033,56.85037679100055,-90.96060286560088,11.37007535820011,45.48030143280044
139.9,90.96553863963906,136.4483079594586,68.2241539797293,22.741384659909766,-45.48276931981953,4.548276931981953,181.93107727927813,-22.741384659909766,113.70692329954883,34.11207698986465,56.85346164977442,-90.96553863963906,11.370692329954883,45.48276931981953
140.0,90.9704579402656,136.4556869103984,68.2278434551992,22.7426144850664,-45.4852289701328,4.548522897013281,181.9409158805312,-22.7426144850664,113.713072425332,34.1139217275996,56.856536212666,-90.9704579402656,11.3713072425332,45.4852289701328
140.1,90.97535718480104,136.46303577720155,68.23151788860078,22.74383929620026,-45.48767859240052,4.548767859240052,181.95071436960208,-22.74383929620026,113.7191964810013,34.11575894430039,56.85959824050065,-90.97535718480104,11.37191964810013,45.48767859240052
140.20000000000002,90.98023223651748,136.4703483547762,68.2351741773881,22.74505805912937,-45.49011611825874,4.5490116118258745,181.96046447303496,-22.74505805912937,113.72529029564686,34.11758708869405,56.86264514782343,-90.98023223651748,11.372529029564685,45.49011611825874
140.3,90.98507891113047,136.4776183666957,68.23880918334785,22.746269727782618,-45.492539455565236,4.549253945556524,181.97015782226094,-22.746269727782618,113.73134863891309,34.11940459167393,56.865674319456545,-90.98507891113047,11.373134863891309,45.492539455565236
140.4,90.98989261300572,136.48483891950858,68.24241945975429,22.74747315325143,-45.49494630650286,4.549494630650286,181.97978522601144,-22.74747315325143,113.73736576625716,34.121209729877144,56.86868288312858,-90.98989261300572,11.373736576625715,45.49494630650286
140.5,90.99466931921567,136.4920039788235,68.24600198941175,22.74866732980392,-45.49733465960784,4.5497334659607835,181.98933863843135,-22.74866732980392,113.7433366490196,34.123000994705876,56.8716683245098,-90.99466931921567,11.37433366490196,45.49733465960784
140.6,90.99940452540918,136.49910678811375,68.24955339405687,22.749851131352294,-45.49970226270459,4.549970226270459,181.99880905081835,-22.749851131352294,113.74925565676148,34.12477669702844,56.87462782838074,-90.99940452540918,11.374925565676147,45.49970226270459
140.70000000000002,91.00409332459115,136.50613998688672,68.25306999344336,22.75102333114779,-45.50204666229558,4.550204666229558,182.0081866491823,-22.75102333114779,113.75511665573895,34.12653499672168,56.87755832786947,-91.00409332459115,11.375511665573894,45.50204666229558
140.8,91.00872960024357,136.51309440036536,68.25654720018268,22.752182400060892,-45.504364800121785,4.550436480012179,182.01745920048714,-22.752182400060892,113.76091200030446,34.12827360009134,56.88045600015223,-91.00872960024357,11.376091200030446,45.504364800121785
140.9,91.01330737793928,136.51996106690893,68.25998053345447,22.75332684448482,-45.50665368896964,4.550665368896964,182.02661475587857,-22.75332684448482,113.7666342224241,34.12999026672723,56.88331711121205,-91.01330737793928,11.37666342224241,45.50665368896964
141.0,91.01781961972513,136.5267294295877,68.26336471479385,22.754454904931283,-45.508909809862566,4.5508909809862566,182.03563923945026,-22.754454904931283,113.77227452465641,34.131682357396926,56.886137262328205,-91.01781961972513,11.377227452465641,45.508909809862566
141.1,91.02225882667867,136.53338824001798,68.26669412000899,22.755564706669666,-45.51112941333933,4.551112941333933,182.04451765335733,-22.755564706669666,113.77782353334834,34.133347060004496,56.88891176667417,-91.02225882667867,11.377782353334833,45.51112941333933
141.20000000000002,91.0266169666057,136.53992544990854,68.26996272495427,22.756654241651425,-45.51330848330285,4.551330848330285,182.0532339332114,-22.756654241651425,113.78327120825713,34.134981362477134,56.89163560412857,-91.0266169666057,11.378327120825713,45.51330848330285
141.3,91.03088627427114,136.5463294114067,68.27316470570335,22.757721568567785,-45.51544313713557,4.551544313713557,182.06177254854228,-22.757721568567785,113.78860784283893,34.136582352851676,56.894303921419464,-91.03088627427114,11.378860784283892,45.51544313713557
141.4,91.03505847023405,136.55258770535107,68.27629385267554,22.758764617558512,-45.517529235117024,4.551752923511702,182.0701169404681,-22.758764617558512,113.79382308779256,34.13814692633777,56.89691154389628,-91.03505847023405,11.379382308779256,45.517529235117024
141.5,91.03912374725064,136.55868562087596,68.27934281043798,22.75978093681266,-45.51956187362532,4.551956187362532,182.07824749450128,-22.75978093681266,113.7989046840633,34.13967140521899,56.89945234203165,-91.03912374725064,11.37989046840633,45.51956187362532
141.6,91.04307103168216,136.56460654752323,68.28230327376161,22.76076775792054,-45.52153551584108,4.552153551584108,182.08614206336432,-22.76076775792054,113.80383878960271,34.14115163688081,56.901919394801354,-91.04307103168216,11.38038387896027,45.52153551584108
141.70000000000002,91.04688947756632,136.5703342163495,68.28516710817475,22.76172236939158,-45.52344473878316,4.552344473878317,182.09377895513265,-22.76172236939158,113.8086118469579,34.14258355408737,56.90430592347895,-91.04688947756632,11.38086118469579,45.52344473878316
141.8,91.05056932625638,136.57585398938457,68.28792699469228,22.762642331564095,-45.52528466312819,4.552528466312819,182.10113865251276,-22.762642331564095,113.81321165782047,34.14396349734614,56.90660582891024,-91.05056932625638,11.381321165782047,45.52528466312819
141.9,91.05410345138527,136.5811551770779,68.29057758853895,22.76352586284632,-45.52705172569264,4.552705172569264,182.10820690277055,-22.76352586284632,113.8176293142316,34.145288794269476,56.9088146571158,-91.05410345138527,11.38176293142316,45.52705172569264
142.0,91.0574859317219,136.58622889758286,68.29311444879143,22.764371482930475,-45.52874296586095,4.552874296586095,182.1149718634438,-22.764371482930475,113.82185741465237,34.146557224395714,56.910928707326185,-91.0574859317219,11.382185741465237,45.52874296586095
142.1,91.06071198526877,136.59106797790315,68.29553398895158,22.765177996317192,-45.530355992634384,4.553035599263438,182.12142397053753,-22.765177996317192,113.82588998158596,34.14776699447579,56.91294499079298,-91.06071198526877,11.382588998158596,45.530355992634384
142.20000000000002,91.06377853507507,136.5956678026126,68.2978339013063,22.76594463376877,-45.53188926753754,4.553188926753754,182.12755707015015,-22.76594463376877,113.82972316884384,34.14891695065315,56.91486158442192,-91.06377853507507,11.382972316884384,45.53188926753754
142.3,91.0666820449964,136.6000230674946,68.3000115337473,22.7666705112491,-45.5333410224982,4.55333410224982,182.1333640899928,-22.7666705112491,113.8333525562455,34.15000576687365,56.91667627812275,-91.0666820449964,11.38333525562455,45.5333410224982
142.4,91.06941863651052,136.60412795476577,68.30206397738289,22.76735465912763,-45.53470931825526,4.553470931825526,182.13883727302104,-22.76735465912763,113.83677329563815,34.15103198869144,56.91838664781908,-91.06941863651052,11.383677329563815,45.53470931825526
142.5,91.07198413382284,136.60797620073424,68.30398810036712,22.76799603345571,-45.53599206691142,4.553599206691142,182.14396826764568,-22.76799603345571,113.83998016727855,34.15199405018356,56.91999008363928,-91.07198413382284,11.383998016727855,45.53599206691142
142.6,91.07437499384456,136.61156249076683,68.30578124538341,22.76859374846114,-45.53718749692228,4.553718749692228,182.14874998768911,-22.76859374846114,113.8429687423057,34.15289062269171,56.92148437115285,-91.07437499384456,11.38429687423057,45.53718749692228
142.70000000000002,91.07658997735487,136.61488496603232,68.30744248301616,22.769147494338718,-45.538294988677436,4.553829498867744,182.15317995470974,-22.769147494338718,113.84573747169358,34.15372124150808,56.92286873584679,-91.07658997735487,11.384573747169359,45.538294988677436
142.8,91.07862948822846,136.6179442323427,68.30897211617135,22.769657372057114,-45.53931474411423,4.553931474411423,182.15725897645692,-22.769657372057114,113.84828686028557,34.15448605808567,56.924143430142784,-91.07862948822846,11.384828686028557,45.53931474411423
142.9,91.08049544364393,136.62074316546588,68.31037158273294,22.77012386091098,-45.54024772182196,4.5540247721821965,182.16099088728785,-22.77012386091098,113.85061930455491,34.15518579136647,56.925309652277456,-91.08049544364393,11.38506193045549,45.54024772182196
143.0,91.08219077312245,136.6232861596837,68.31164307984184,22.770547693280612,-45.541095386561224,4.554109538656123,182.1643815462449,-22.770547693280612,113.85273846640305,34.15582153992092,56.92636923320153,-91.08219077312245,11.385273846640306,45.541095386561224
143.1,91.08371726475569,136.62557589713353,68.31278794856676,22.770929316188923,-45.541858632377846,4.554185863237785,182.16743452951138,-22.770929316188923,113.85464658094462,34.15639397428338,56.92732329047231,-91.08371726475569,11.385464658094461,45.541858632377846
143.20000000000002,91.08507584388495,136.62761376582742,68.31380688291371,22.771268960971238,-45.542537921942476,4.554253792194248,182.1701516877699,-22.771268960971238,113.85634480485619,34.156903441456855,56.928172402428096,-91.08507584388495,11.385634480485619,45.542537921942476
143.3,91.08626720901088,136.62940081351633,68.31470040675816,22.77156680225272,-45.54313360450544,4.554313360450545,182.17253441802177,-22.77156680225272,113.8578340112636,34.15735020337908,56.9289170056318,-91.08626720901088,11.38578340112636,45.54313360450544
143.4,91.08729276041481,136.63093914062222,68.31546957031111,22.771823190103703,-45.543646380207406,4.554364638020741,182.17458552082962,-22.771823190103703,113.85911595051851,34.157734785155554,56.92955797525926,-91.08729276041481,11.385911595051851,45.543646380207406
143.5,91.08815415982417,136.63223123973626,68.31611561986813,22.772038539956043,-45.544077079912086,4.554407707991209,182.17630831964834,-22.772038539956043,113.86019269978021,34.158057809934064,56.93009634989011,-91.08815415982417,11.386019269978021,45.544077079912086
143.6,91.08885346561054,136.6332801984158,68.3166400992079,22.772213366402635,-45.54442673280527,4.554442673280527,182.17770693122108,-22.772213366402635,113.86106683201318,34.15832004960395,56.93053341600659,-91.08885346561054,11.386106683201318,45.54442673280527
143.70000000000002,91.08939393911571,136.63409090867356,68.31704545433678,22.772348484778927,-45.544696969557855,4.554469696955786,182.17878787823142,-22.772348484778927,113.86174242389464,34.15852272716839,56.93087121194732,-91.08939393911571,11.386174242389464,45.544696969557855
143.8,91.08978019882193,136.6346702982329,68.31733514911645,22.772445049705482,-45.544890099410964,4.554489009941096,182.17956039764385,-22.772445049705482,113.86222524852741,34.15866757455822,56.931112624263704,-91.08978019882193,11.386222524852741,45.544890099410964
143.9,91.09001550053819,136.63502325080728,68.31751162540364,22.772503875134547,-45.54500775026909,4.554500775026909,182.18003100107637,-22.772503875134547,113.86251937567273,34.15875581270182,56.931259687836366,-91.09001550053819,11.386251937567273,45.54500775026909
144.0,91.0901038962988,136.6351558444482,68.3175779222241,22.7725259740747,-45.5450519481494,4.55450519481494,182.1802077925976,-22.7725259740747,113.8626298703735,34.15878896111205,56.93131493518675,-91.0901038962988,11.38626298703735,45.5450519481494
144.1,91.09004983028458,136.6350747454269,68.31753737271345,22.772512457571146,-45.54502491514229,4.55450249151423,182.18009966056917,-22.772512457571146,113.86256228785572,34.15876868635672,56.93128114392786,-91.09004983028458,11.386256228785573,45.54502491514229
144.20000000000002,91.08985672280554,136.63478508420832,68.31739254210416,22.772464180701384,-45.54492836140277,4.554492836140277,182.17971344561107,-22.772464180701384,113.86232090350691,34.15869627105208,56.931160451753456,-91.08985672280554,11.386232090350692,45.54492836140277
144.3,91.08952736689483,136.63429105034226,68.31714552517113,22.772381841723707,-45.544763683447414,4.554476368344742,182.17905473378966,-22.772381841723707,113.86190920861853,34.158572762585564,56.930954604309264,-91.08952736689483,11.386190920861853,45.544763683447414
144.4,91.08906438812475,136.63359658218712,68.31679829109356,22.77226609703119,-45.54453219406238,4.554453219406238,182.1781287762495,-22.77226609703119,113.86133048515595,34.15839914554678,56.93066524257797,-91.08906438812475,11.386133048515594,45.54453219406238
144.5,91.0884691371956,136.6327037057934,68.3163518528967,22.7721172842989,-45.5442345685978,4.55442345685978,182.1769382743912,-22.7721172842989,113.8605864214945,34.15817592644835,56.93029321074725,-91.0884691371956,11.38605864214945,45.5442345685978
144.6,91.08774281958266,136.63161422937398,68.31580711468699,22.771935704895665,-45.54387140979133,4.554387140979133,182.17548563916532,-22.771935704895665,113.85967852447833,34.157903557343495,56.92983926223916,-91.08774281958266,11.385967852447832,45.54387140979133
144.70000000000002,91.0868852487463,136.63032787311946,68.31516393655973,22.771721312186575,-45.54344262437315,4.554344262437315,182.1737704974926,-22.771721312186575,113.85860656093287,34.157581968279864,56.929303280466435,-91.0868852487463,11.385860656093287,45.54344262437315
144.8,91.08589571681296,136.62884357521943,68.31442178760972,22.77147392920324,-45.54294785840648,4.554294785840648,182.1717914336259,-22.77147392920324,113.8573696460162,34.15721089380486,56.9286848230081,-91.08589571681296,11.38573696460162,45.54294785840648
144.9,91.08477403200207,136.6271610480031,68.31358052400155,22.77119350800052,-45.54238701600104,4.554238701600104,182.16954806400415,-22.77119350800052,113.8559675400026,34.156790262000776,56.9279837700013,-91.08477403200207,11.38559675400026,45.54238701600104
145.0,91.08352086719565,136.62528130079346,68.31264065039673,22.77088021679891,-45.54176043359782,4.554176043359782,182.1670417343913,-22.77088021679891,113.85440108399456,34.156320325198365,56.92720054199728,-91.08352086719565,11.385440108399456,45.54176043359782
145.1,91.08213737884729,136.62320606827095,68.31160303413547,22.770534344711823,-45.541068689423646,4.554106868942365,182.16427475769459,-22.770534344711823,113.85267172355911,34.15580151706774,56.926335861779556,-91.08213737884729,11.385267172355912,45.541068689423646
145.20000000000002,91.08062382232889,136.62093573349333,68.31046786674666,22.770155955582222,-45.540311911164444,4.554031191116445,182.16124764465778,-22.770155955582222,113.85077977791111,34.15523393337333,56.92538988895556,-91.08062382232889,11.385077977791111,45.540311911164444
145.3,91.07898063813131,136.61847095719696,68.30923547859848,22.769745159532828,-45.539490319065656,4.553949031906566,182.15796127626263,-22.769745159532828,113.84872579766414,34.15461773929924,56.92436289883207,-91.07898063813131,11.384872579766414,45.539490319065656
145.4,91.07720880969434,136.6158132145415,68.30790660727075,22.769302202423585,-45.53860440484717,4.553860440484717,182.15441761938868,-22.769302202423585,113.84651101211793,34.153953303635376,56.923255506058965,-91.07720880969434,11.384651101211793,45.53860440484717
145.5,91.07530951188117,136.61296426782175,68.30648213391088,22.768827377970293,-45.537654755940586,4.553765475594059,182.15061902376235,-22.768827377970293,113.84413688985147,34.15324106695544,56.922068444925735,-91.07530951188117,11.384413688985147,45.537654755940586
145.6,91.07328385940087,136.6099257891013,68.30496289455066,22.76832096485022,-45.53664192970044,4.553664192970044,182.14656771880175,-22.76832096485022,113.84160482425109,34.15248144727533,56.920802412125546,-91.07328385940087,11.38416048242511,45.53664192970044
145.70000000000002,91.07113237171306,136.6066985575696,68.3033492787848,22.767783092928266,-45.53556618585653,4.553556618585653,182.14226474342613,-22.767783092928266,113.83891546464133,34.1516746393924,56.919457732320666,-91.07113237171306,11.383891546464133,45.53556618585653
145.8,91.06885602205071,136.60328403307608,68.30164201653804,22.767214005512677,-45.534428011025355,4.553442801102536,182.13771204410142,-22.767214005512677,113.83607002756338,34.15082100826902,56.91803501378169,-91.06885602205071,11.383607002756339,45.534428011025355
145.9,91.06645660742885,136.59968491114327,68.29984245557164,22.766614151857212,-45.533228303714424,4.553322830371442,182.1329132148577,-22.766614151857212,113.83307075928606,34.14992122778582,56.91653537964303,-91.06645660742885,11.383307075928606,45.533228303714424
146.0,91.06393598601004,136.59590397901505,68.29795198950752,22.76598399650251,-45.53196799300502,4.553196799300502,182.12787197202007,-22.76598399650251,113.82991998251255,34.14897599475376,56.914959991256275,-91.06393598601004,11.382991998251255,45.53196799300502
146.1,91.0612955844211,136.59194337663166,68.29597168831583,22.765323896105276,-45.53064779221055,4.553064779221056,182.1225911688422,-22.765323896105276,113.82661948052638,34.147985844157915,56.91330974026319,-91.0612955844211,11.382661948052638,45.53064779221055
146.20000000000002,91.05853777089504,136.58780665634256,68.29390332817128,22.76463444272376,-45.52926888544752,4.552926888544753,182.1170755417901,-22.76463444272376,113.8231722136188,34.14695166408564,56.9115861068094,-91.05853777089504,11.38231722136188,45.52926888544752
146.3,91.05566490938438,136.58349736407655,68.29174868203827,22.763916227346094,-45.52783245469219,4.552783245469219,182.11132981876875,-22.763916227346094,113.81958113673048,34.14587434101914,56.90979056836524,-91.05566490938438,11.381958113673047,45.52783245469219
146.4,91.05267917046076,136.57901875569115,68.28950937784558,22.76316979261519,-45.52633958523038,4.552633958523038,182.10535834092153,-22.76316979261519,113.81584896307595,34.14475468892279,56.907924481537975,-91.05267917046076,11.381584896307595,45.52633958523038
146.5,91.04958179989801,136.574372699847,68.2871863499235,22.762395449974502,-45.524790899949004,4.5524790899949,182.09916359979601,-22.762395449974502,113.81197724987251,34.14359317496175,56.905988624936256,-91.04958179989801,11.381197724987251,45.524790899949004
146.6,91.04637330564634,136.5695599584695,68.28477997923476,22.761593326411585,-45.52318665282317,4.552318665282317,182.09274661129268,-22.761593326411585,113.80796663205793,34.14238998961738,56.90398331602896,-91.04637330564634,11.380796663205793,45.52318665282317
146.70000000000002,91.04305475228429,136.56458212842642,68.28229106421321,22.760763688071073,-45.521527376142146,4.552152737614215,182.08610950456858,-22.760763688071073,113.80381844035537,34.141145532106606,56.901909220177686,-91.04305475228429,11.380381844035536,45.521527376142146
146.8,91.03962686650223,136.55944029975336,68.27972014987668,22.759906716625558,-45.519813433251116,4.551981343325112,182.07925373300446,-22.759906716625558,113.79953358312778,34.13986007493834,56.89976679156389,-91.03962686650223,11.379953358312779,45.519813433251116
146.9,91.0360892230926,136.5541338346389,68.27706691731944,22.75902230577315,-45.5180446115463,4.551804461154631,182.0721784461852,-22.75902230577315,113.79511152886576,34.13853345865972,56.89755576443288,-91.0360892230926,11.379511152886575,45.5180446115463
147.0,91.03244231219988,136.54866346829982,68.27433173414991,22.75811057804997,-45.51622115609994,4.551622115609994,182.06488462439975,-22.75811057804997,113.79055289024984,34.137165867074955,56.89527644512492,-91.03244231219988,11.379055289024985,45.51622115609994
147.1,91.02868721121972,136.54303081682957,68.27151540841479,22.75717180280493,-45.51434360560986,4.551434360560986,182.05737442243944,-22.75717180280493,113.78585901402465,34.13575770420739,56.892929507012326,-91.02868721121972,11.378585901402465,45.51434360560986
147.20000000000002,91.02482589522057,136.53723884283085,68.26861942141542,22.756206473805143,-45.51241294761029,4.551241294761029,182.04965179044115,-22.756206473805143,113.78103236902572,34.13430971070771,56.89051618451286,-91.02482589522057,11.378103236902572,45.51241294761029
147.3,91.02086071327523,136.53129106991284,68.26564553495642,22.755215178318807,-45.51043035663761,4.551043035663762,182.04172142655045,-22.755215178318807,113.77607589159403,34.13282276747821,56.88803794579702,-91.02086071327523,11.377607589159403,45.51043035663761
147.4,91.01679213424433,136.5251882013665,68.26259410068324,22.75419803356108,-45.50839606712216,4.550839606712216,182.03358426848865,-22.75419803356108,113.77099016780541,34.13129705034162,56.885495083902704,-91.01679213424433,11.37709901678054,45.50839606712216
147.5,91.01262041137142,136.51893061705712,68.25946530852856,22.753155102842854,-45.50631020568571,4.550631020568571,182.02524082274283,-22.753155102842854,113.76577551421427,34.12973265426428,56.882887757107135,-91.01262041137142,11.376577551421427,45.50631020568571
147.6,91.0083464396452,136.51251965946778,68.25625982973389,22.7520866099113,-45.5041732198226,4.55041732198226,182.0166928792904,-22.7520866099113,113.7604330495565,34.128129914866946,56.88021652477825,-91.0083464396452,11.37604330495565,45.5041732198226
147.70000000000002,91.00397033249476,136.50595549874214,68.25297774937107,22.75099258312369,-45.50198516624738,4.5501985166247385,182.00794066498952,-22.75099258312369,113.75496291561845,34.126488874685535,56.877481457809225,-91.00397033249476,11.375496291561845,45.50198516624738
147.8,90.99949359523747,136.4992403928562,68.2496201964281,22.749873398809367,-45.499746797618734,4.549974679761873,181.99898719047494,-22.749873398809367,113.74936699404684,34.12481009821405,56.87468349702342,-90.99949359523747,11.374936699404683,45.499746797618734
147.9,90.99491836704787,136.4923775505718,68.2461887752859,22.74872959176197,-45.49745918352394,4.549745918352394,181.98983673409575,-22.74872959176197,113.74364795880985,34.12309438764295,56.87182397940492,-90.99491836704787,11.374364795880984,45.49745918352394
148.0,90.99024711659933,136.485370674899,68.2426853374495,22.747561779149834,-45.49512355829967,4.549512355829967,181.98049423319867,-22.747561779149834,113.73780889574917,34.12134266872475,56.868904447874584,-90.99024711659933,11.373780889574917,45.49512355829967
148.1,90.98548355588319,136.47822533382478,68.23911266691239,22.746370888970798,-45.492741777941596,4.549274177794159,181.97096711176638,-22.746370888970798,113.731854444854,34.119556333456195,56.865927222427,-90.98548355588319,11.373185444485399,45.492741777941596
148.20000000000002,90.98063256895723,136.47094885343586,68.23547442671793,22.74515814223931,-45.49031628447862,4.549031628447862,181.96126513791447,-22.74515814223931,113.72579071119654,34.117737213358964,56.86289535559827,-90.98063256895723,11.372579071119654,45.49031628447862
148.3,90.97570004002633,136.4635500600395,68.23177503001975,22.74392501000658,-45.48785002001316,4.548785002001316,181.95140008005265,-22.74392501000658,113.7196250500329,34.115887515009874,56.85981252501645,-90.97570004002633,11.37196250500329,45.48785002001316
148.4,90.97069194187412,136.45603791281118,68.22801895640559,22.74267298546853,-45.48534597093706,4.548534597093706,181.94138388374824,-22.74267298546853,113.71336492734265,34.114009478202796,56.856682463671326,-90.97069194187412,11.371336492734265,45.48534597093706
148.5,90.96561532611805,136.4484229891771,68.22421149458854,22.741403831529514,-45.48280766305903,4.548280766305903,181.9312306522361,-22.741403831529514,113.70701915764757,34.11210574729427,56.85350957882378,-90.96561532611805,11.370701915764757,45.48280766305903
148.6,90.96047885868798,136.44071828803197,68.22035914401599,22.740119714671994,-45.48023942934399,4.548023942934399,181.92095771737596,-22.740119714671994,113.70059857335997,34.11017957200799,56.850299286679984,-90.96047885868798,11.370059857335997,45.48023942934399
148.70000000000002,90.95528895776901,136.4329334366535,68.21646671832676,22.738822239442253,-45.47764447888451,4.547764447888451,181.91057791553803,-22.738822239442253,113.69411119721127,34.10823335916338,56.847055598605635,-90.95528895776901,11.369411119721127,45.47764447888451
148.8,90.95005074774635,136.42507612161953,68.21253806080976,22.737512686936586,-45.47502537387317,4.5475025373873175,181.9001014954927,-22.737512686936586,113.68756343468293,34.10626903040488,56.843781717341464,-90.95005074774635,11.368756343468293,45.47502537387317
148.9,90.94476926756954,136.4171539013543,68.20857695067716,22.736192316892385,-45.47238463378477,4.547238463378477,181.88953853513908,-22.736192316892385,113.68096158446193,34.10428847533858,56.84048079223096,-90.94476926756954,11.368096158446193,45.47238463378477
149.0,90.93944952619593,136.4091742892939,68.20458714464695,22.734862381548982,-45.469724763097965,4.546972476309796,181.87889905239186,-22.734862381548982,113.67431190774491,34.102293572323475,56.837155953872454,-90.93944952619593,11.367431190774491,45.469724763097965
149.1,90.93409567042092,136.40114350563138,68.20057175281569,22.73352391760523,-45.46704783521046,4.546704783521046,181.86819134084183,-22.73352391760523,113.66761958802614,34.100285876407845,56.83380979401307,-90.93409567042092,11.366761958802615,45.46704783521046
149.20000000000002,90.92871233384751,136.39306850077128,68.19653425038564,22.73217808346188,-45.46435616692376,4.546435616692376,181.85742466769503,-22.73217808346188,113.66089041730939,34.09826712519282,56.830445208654695,-90.92871233384751,11.36608904173094,45.46435616692376
149.3,90.92330365961735,136.38495548942603,68.19247774471302,22.730825914904337,-45.46165182980867,4.546165182980867,181.8466073192347,-22.730825914904337,113.65412957452168,34.09623887235651,56.82706478726084,-90.92330365961735,11.365412957452168,45.46165182980867
149.4,90.91787353620802,136.37681030431202,68.18840515215601,22.729468384052005,-45.45893676810401,4.545893676810401,181.83574707241604,-22.729468384052005,113.64734192026003,34.094202576078004,56.823670960130016,-90.91787353620802,11.364734192026003,45.45893676810401
149.5,90.91242627884102,136.36863941826152,68.18431970913076,22.728106569710256,-45.45621313942051,4.545621313942052,181.82485255768205,-22.728106569710256,113.64053284855129,34.09215985456538,56.820266424275644,-90.91242627884102,11.364053284855128,45.45621313942051
149.6,90.9069671962609,136.36045079439134,68.18022539719567,22.726741799065223,-45.45348359813045,4.545348359813045,181.8139343925218,-22.726741799065223,113.63370899532612,34.090112698597835,56.81685449766306,-90.9069671962609,11.363370899532612,45.45348359813045
149.70000000000002,90.90150198536838,136.35225297805258,68.17612648902629,22.725375496342096,-45.45075099268419,4.545075099268419,181.80300397073677,-22.725375496342096,113.62687748171048,34.088063244513144,56.81343874085524,-90.90150198536838,11.362687748171048,45.45075099268419
149.8,90.8960373920057,136.34405608800853,68.17202804400426,22.724009348001424,-45.44801869600285,4.544801869600285,181.7920747840114,-22.724009348001424,113.62004674000713,34.08601402200213,56.81002337000356,-90.8960373920057,11.362004674000712,45.44801869600285
149.9,90.8905805990019,136.33587089850283,68.16793544925142,22.722645149750473,-45.44529029950095,4.544529029950095,181.7811611980038,-22.722645149750473,113.61322574875237,34.08396772462571,56.806612874376185,-90.8905805990019,11.361322574875237,45.44529029950095
150.0,90.88513835702761,136.32770753554144,68.16385376777072,22.721284589256904,-45.44256917851381,4.5442569178513805,181.77027671405523,-22.721284589256904,113.60642294628451,34.08192688388536,56.803211473142255,-90.88513835702761,11.360642294628452,45.44256917851381
150.1,90.87971768070092,136.31957652105137,68.15978826052569,22.71992942017523,-45.43985884035046,4.543985884035046,181.75943536140184,-22.71992942017523,113.59964710087615,34.07989413026284,56.79982355043808,-90.87971768070092,11.359964710087615,45.43985884035046
150.20000000000002,90.874325340492,136.311488010738,68.155744005369,22.718581335123,-45.437162670246,4.5437162670246005,181.748650680984,-22.718581335123,113.59290667561501,34.0778720026845,56.796453337807506,-90.874325340492,11.3592906675615,45.437162670246
150.3,90.86896747061273,136.3034512059191,68.15172560295954,22.717241867653183,-45.434483735306365,4.543448373530636,181.73793494122546,-22.717241867653183,113.58620933826592,34.07586280147977,56.79310466913296,-90.86896747061273,11.358620933826591,45.434483735306365
150.4,90.86365013895737,136.29547520843605,68.14773760421802,22.715912534739342,-45.431825069478684,4.543182506947868,181.72730027791474,-22.715912534739342,113.57956267369671,34.07386880210901,56.78978133684836,-90.86365013895737,11.357956267369671,45.431825069478684
150.5,90.85837951604434,136.2875692740665,68.14378463703325,22.714594879011084,-45.42918975802217,4.542918975802217,181.71675903208867,-22.714594879011084,113.57297439505543,34.071892318516625,56.78648719752771,-90.85837951604434,11.357297439505542,45.42918975802217
150.6,90.85316273146005,136.27974409719008,68.13987204859504,22.71329068286501,-45.42658136573002,4.542658136573002,181.7063254629201,-22.71329068286501,113.56645341432505,34.06993602429752,56.78322670716253,-90.85316273146005,11.356645341432506,45.42658136573002
150.70000000000002,90.8480073522395,136.27201102835926,68.13600551417963,22.712001838059876,-45.42400367611975,4.542400367611975,181.696014704479,-22.712001838059876,113.56000919029938,34.068002757089815,56.78000459514969,-90.8480073522395,11.356000919029938,45.42400367611975
150.8,90.84291944808848,136.26437917213272,68.13218958606636,22.71072986202212,-45.42145972404424,4.542145972404424,181.68583889617696,-22.71072986202212,113.5536493101106,34.06609479303318,56.7768246550553,-90.84291944808848,11.35536493101106,45.42145972404424
150.9,90.83790268317507,136.25685402476262,68.12842701238131,22.70947567079377,-45.41895134158754,4.541895134158754,181.67580536635015,-22.70947567079377,113.54737835396884,34.064213506190654,56.77368917698442,-90.83790268317507,11.354737835396884,45.41895134158754
151.0,90.83296028913313,136.2494404336997,68.12472021684985,22.70824007228328,-45.41648014456656,4.541648014456657,181.66592057826625,-22.70824007228328,113.5412003614164,34.062360108424926,56.7706001807082,-90.83296028913313,11.35412003614164,45.41648014456656
151.1,90.82809405182246,136.2421410777337,68.12107053886685,22.707023512955615,-45.41404702591123,4.541404702591123,181.65618810364492,-22.707023512955615,113.53511756477808,34.06053526943342,56.76755878238904,-90.82809405182246,11.353511756477808,45.41404702591123
151.20000000000002,90.82330592692549,136.2349588903882,68.1174794451941,22.70582648173137,-45.41165296346274,4.541165296346274,181.64661185385097,-22.70582648173137,113.52913240865686,34.05873972259705,56.76456620432843,-90.82330592692549,11.352913240865686,45.41165296346274
151.3,90.81859708862545,136.22789563293819,68.11394781646909,22.704649272156363,-45.409298544312726,4.540929854431273,181.6371941772509,-22.704649272156363,113.52324636078181,34.056973908234546,56.761623180390906,-90.81859708862545,11.352324636078182,45.409298544312726
151.4,90.81396750856887,136.2209512628533,68.11047563142665,22.703491877142216,-45.40698375428443,4.540698375428444,181.62793501713773,-22.703491877142216,113.51745938571108,34.055237815713326,56.75872969285554,-90.81396750856887,11.351745938571108,45.40698375428443
151.5,90.80941563973491,136.21412345960238,68.10706172980119,22.702353909933727,-45.404707819867454,4.540470781986746,181.61883127946982,-22.702353909933727,113.51176954966863,34.053530864900594,56.755884774834314,-90.80941563973491,11.351176954966864,45.404707819867454
151.6,90.80493959376355,136.20740939064532,68.10370469532266,22.701234898440887,-45.402469796881775,4.5402469796881775,181.6098791875271,-22.701234898440887,113.50617449220444,34.05185234766133,56.75308724610222,-90.80493959376355,11.350617449220444,45.402469796881775
151.70000000000002,90.8005378337037,136.20080675055556,68.10040337527778,22.700134458425925,-45.40026891685185,4.540026891685185,181.6010756674074,-22.700134458425925,113.50067229212962,34.05020168763889,56.75033614606481,-90.8005378337037,11.350067229212963,45.40026891685185
151.8,90.79620957326914,136.1943143599037,68.09715717995185,22.699052393317285,-45.39810478663457,4.539810478663457,181.59241914653828,-22.699052393317285,113.49526196658643,34.048578589975925,56.74763098329321,-90.79620957326914,11.349526196658642,45.39810478663457
151.9,90.79195437071371,136.18793155607057,68.09396577803528,22.697988592678428,-45.395977185356855,4.539597718535686,181.58390874142742,-22.697988592678428,113.48994296339214,34.04698288901764,56.74497148169607,-90.79195437071371,11.348994296339214,45.395977185356855
152.0,90.78777174535453,136.1816576180318,68.0908288090159,22.696942936338633,-45.39388587267727,4.539388587267727,181.57554349070907,-22.696942936338633,113.48471468169316,34.04541440450795,56.74235734084658,-90.78777174535453,11.348471468169317,45.39388587267727
152.1,90.78366230702566,136.1754934605385,68.08774673026925,22.695915576756416,-45.39183115351283,4.539183115351284,181.56732461405133,-22.695915576756416,113.47957788378208,34.04387336513462,56.73978894189104,-90.78366230702566,11.347957788378208,45.39183115351283
152.20000000000002,90.77962589845721,136.16943884768583,68.08471942384291,22.694906474614303,-45.389812949228606,4.538981294922861,181.55925179691442,-22.694906474614303,113.47453237307151,34.042359711921456,56.737266186535756,-90.77962589845721,11.347453237307151,45.389812949228606
152.3,90.7756633566728,136.1634950350092,68.0817475175046,22.6939158391682,-45.3878316783364,4.53878316783364,181.5513267133456,-22.6939158391682,113.46957919584099,34.0408737587523,56.734789597920496,-90.7756633566728,11.3469579195841,45.3878316783364
152.4,90.77177712979709,136.15766569469562,68.07883284734781,22.69294428244927,-45.38588856489854,4.538588856489855,181.54355425959417,-22.69294428244927,113.46472141224636,34.039416423673906,56.73236070612318,-90.77177712979709,11.346472141224636,45.38588856489854
152.5,90.7679704234758,136.1519556352137,68.07597781760686,22.69199260586895,-45.3839852117379,4.53839852117379,181.5359408469516,-22.69199260586895,113.45996302934475,34.03798890880343,56.729981514672374,-90.7679704234758,11.345996302934475,45.3839852117379
152.6,90.76424637051119,136.1463695557668,68.0731847778834,22.691061592627797,-45.382123185255594,4.538212318525559,181.52849274102238,-22.691061592627797,113.45530796313898,34.0365923889417,56.72765398156949,-90.76424637051119,11.345530796313898,45.382123185255594
152.70000000000002,90.76060867632887,136.14091301449332,68.07045650724666,22.690152169082218,-45.380304338164436,4.538030433816444,181.52121735265774,-22.690152169082218,113.45076084541108,34.03522825362333,56.72538042270554,-90.76060867632887,11.345076084541109,45.380304338164436
152.8,90.75706235245008,136.13559352867512,68.06779676433756,22.68926558811252,-45.37853117622504,4.537853117622504,181.51412470490015,-22.68926558811252,113.4463279405626,34.03389838216878,56.7231639702813,-90.75706235245008,11.34463279405626,45.37853117622504
152.9,90.75361229886872,136.1304184483031,68.06520922415154,22.68840307471718,-45.37680614943436,4.537680614943436,181.50722459773743,-22.68840307471718,113.44201537358589,34.03260461207577,56.721007686792944,-90.75361229886872,11.34420153735859,45.37680614943436
153.0,90.75026283192665,136.12539424788997,68.06269712394499,22.687565707981662,-45.375131415963324,4.537513141596333,181.5005256638533,-22.687565707981662,113.43782853990831,34.03134856197249,56.718914269954155,-90.75026283192665,11.343782853990831,45.375131415963324
153.1,90.7470187577069,136.12052813656035,68.06026406828018,22.686754689426724,-45.37350937885345,4.537350937885345,181.4940375154138,-22.686754689426724,113.43377344713362,34.03013203414009,56.71688672356681,-90.7470187577069,11.343377344713362,45.37350937885345
153.20000000000002,90.74388408954349,136.11582613431523,68.05791306715761,22.68597102238587,-45.37194204477174,4.537194204477174,181.48776817908697,-22.68597102238587,113.42985511192936,34.02895653357881,56.71492755596468,-90.74388408954349,11.342985511192936,45.37194204477174
153.3,90.74086078465324,136.11129117697985,68.05564558848992,22.68521519616331,-45.37043039232662,4.537043039232662,181.48172156930647,-22.68521519616331,113.42607598081655,34.02782279424496,56.713037990408274,-90.74086078465324,11.342607598081655,45.37043039232662
153.4,90.73794982147187,136.1069247322078,68.0534623661039,22.684487455367968,-45.368974910735936,4.536897491073594,181.47589964294374,-22.684487455367968,113.42243727683984,34.02673118305195,56.71121863841992,-90.73794982147187,11.342243727683984,45.368974910735936
153.5,90.73515087752827,136.1027263162924,68.0513631581462,22.683787719382067,-45.367575438764135,4.536757543876414,181.47030175505654,-22.683787719382067,113.41893859691034,34.0256815790731,56.70946929845517,-90.73515087752827,11.341893859691034,45.367575438764135
153.60000000000002,90.73246403573134,136.098696053597,68.0493480267985,22.683116008932835,-45.36623201786567,4.5366232017865675,181.46492807146268,-22.683116008932835,113.41558004466418,34.02467401339925,56.70779002233209,-90.73246403573134,11.341558004466417,45.36623201786567
153.70000000000002,90.72988880802468,136.09483321203703,68.04741660601852,22.68247220200617,-45.36494440401234,4.536494440401234,181.45977761604937,-22.68247220200617,113.41236101003085,34.02370830300926,56.706180505015425,-90.72988880802468,11.341236101003085,45.36494440401234
153.8,90.72742556043573,136.0911383406536,68.0455691703268,22.681856390108933,-45.36371278021787,4.536371278021787,181.45485112087147,-22.681856390108933,113.40928195054467,34.0227845851634,56.70464097527233,-90.72742556043573,11.340928195054467,45.36371278021787
153.9,90.72507541978764,136.08761312968147,68.04380656484074,22.68126885494691,-45.36253770989382,4.536253770989382,181.4501508395753,-22.68126885494691,113.40634427473455,34.02190328242037,56.703172137367275,-90.72507541978764,11.340634427473455,45.36253770989382
154.0,90.7228372606016,136.0842558909024,68.0421279454512,22.6807093151504,-45.3614186303008,4.53614186303008,181.4456745212032,-22.6807093151504,113.40354657575199,34.0210639727256,56.701773287875994,-90.7228372606016,11.3403546575752,45.3614186303008
154.10000000000002,90.72070995188395,136.08106492782593,68.04053246391297,22.680177487970987,-45.36035497594197,4.536035497594198,181.4414199037679,-22.680177487970987,113.40088743985493,34.020266231956484,56.70044371992746,-90.72070995188395,11.340088743985493,45.36035497594197
154.20000000000002,90.71869143475203,136.07803715212805,68.03901857606402,22.679672858688008,-45.359345717376016,4.535934571737601,181.43738286950406,-22.679672858688008,113.39836429344004,34.01950928803201,56.69918214672002,-90.71869143475203,11.339836429344004,45.359345717376016
154.3,90.71677865287349,136.07516797931024,68.03758398965512,22.67919466321837,-45.35838932643674,4.535838932643674,181.43355730574697,-22.67919466321837,113.39597331609185,34.01879199482756,56.69798665804593,-90.71677865287349,11.339597331609186,45.35838932643674
154.4,90.71496810483066,136.072452157246,68.036226078623,22.678742026207665,-45.35748405241533,4.5357484052415336,181.42993620966132,-22.678742026207665,113.39371013103832,34.0181130393115,56.69685506551916,-90.71496810483066,11.339371013103833,45.35748405241533
154.5,90.71325711812491,136.06988567718736,68.03494283859368,22.67831427953123,-45.35662855906246,4.535662855906246,181.42651423624983,-22.67831427953123,113.39157139765615,34.01747141929684,56.695785698828075,-90.71325711812491,11.339157139765614,45.35662855906246
154.60000000000002,90.71164150866294,136.0674622629944,68.0337311314972,22.677910377165734,-45.35582075433147,4.535582075433147,181.42328301732587,-22.677910377165734,113.38955188582867,34.0168655657486,56.69477594291433,-90.71164150866294,11.338955188582867,45.35582075433147
154.70000000000002,90.71011709314283,136.06517563971425,68.03258781985713,22.677529273285707,-45.355058546571414,4.535505854657141,181.42023418628565,-22.677529273285707,113.38764636642853,34.016293909928564,56.69382318321426,-90.71011709314283,11.338764636642853,45.355058546571414
154.8,90.70867936251169,136.06301904376753,68.03150952188376,22.677169840627922,-45.354339681255844,4.535433968125584,181.41735872502338,-22.677169840627922,113.38584920313961,34.01575476094188,56.69292460156981,-90.70867936251169,11.338584920313961,45.354339681255844
154.9,90.70732466627076,136.06098699940614,68.03049349970307,22.67683116656769,-45.35366233313538,4.535366233313538,181.41464933254153,-22.67683116656769,113.38415583283846,34.015246749851535,56.69207791641923,-90.70732466627076,11.338415583283846,45.35366233313538
155.0,90.7060510064287,136.05907650964303,68.02953825482152,22.676512751607174,-45.35302550321435,4.535302550321435,181.4121020128574,-22.676512751607174,113.38256375803587,34.01476912741076,56.691281879017936,-90.7060510064287,11.338256375803587,45.35302550321435
155.10000000000002,90.70485614882783,136.05728422324174,68.02864211162087,22.676214037206957,-45.352428074413915,4.535242807441391,181.40971229765566,-22.676214037206957,113.38107018603479,34.014321055810434,56.690535093017395,-90.70485614882783,11.338107018603479,45.352428074413915
155.20000000000002,90.70373632469388,136.05560448704082,68.02780224352041,22.67593408117347,-45.35186816234694,4.535186816234694,181.40747264938776,-22.67593408117347,113.37967040586734,34.013901121760206,56.68983520293367,-90.70373632469388,11.337967040586735,45.35186816234694
155.3,90.70268727008501,136.05403090512752,68.02701545256376,22.675671817521252,-45.351343635042504,4.535134363504251,181.40537454017002,-22.675671817521252,113.37835908760626,34.01350772628188,56.68917954380313,-90.70268727008501,11.337835908760626,45.351343635042504
155.4,90.70170447837896,136.05255671756845,68.02627835878423,22.67542611959474,-45.35085223918948,4.535085223918948,181.40340895675791,-22.67542611959474,113.37713059797369,34.01313917939211,56.688565298986845,-90.70170447837896,11.33771305979737,45.35085223918948
155.5,90.7007841002955,136.05117615044324,68.02558807522162,22.675196025073873,-45.35039205014775,4.535039205014775,181.401568200591,-22.675196025073873,113.37598012536937,34.01279403761081,56.68799006268468,-90.7007841002955,11.337598012536937,45.35039205014775
155.60000000000002,90.69992253295153,136.0498837994273,68.02494189971365,22.674980633237883,-45.349961266475766,4.5349961266475765,181.39984506590307,-22.674980633237883,113.37490316618941,34.01247094985683,56.687451583094706,-90.69992253295153,11.337490316618942,45.349961266475766
155.70000000000002,90.69911618434193,136.04867427651288,68.02433713825644,22.674779046085483,-45.349558092170966,4.534955809217097,181.39823236868386,-22.674779046085483,113.37389523042742,34.01216856912822,56.68694761521371,-90.69911618434193,11.337389523042742,45.349558092170966
155.8,90.69836171519898,136.04754257279848,68.02377128639924,22.674590428799746,-45.34918085759949,4.53491808575995,181.39672343039797,-22.674590428799746,113.37295214399873,34.01188564319962,56.686476071999365,-90.69836171519898,11.337295214399873,45.34918085759949
155.9,90.69765508711474,136.0464826306721,68.02324131533605,22.674413771778685,-45.34882754355737,4.5348827543557375,181.39531017422948,-22.674413771778685,113.37206885889343,34.011620657668026,56.686034429446714,-90.69765508711474,11.337206885889342,45.34882754355737
156.0,90.69699164318402,136.04548746477604,68.02274373238802,22.674247910796005,-45.34849582159201,4.534849582159201,181.39398328636804,-22.674247910796005,113.37123955398002,34.01137186619401,56.68561977699001,-90.69699164318402,11.337123955398003,45.34849582159201
156.10000000000002,90.69636706116013,136.0445505917402,68.0222752958701,22.674091765290033,-45.348183530580066,4.534818353058006,181.39273412232026,-22.674091765290033,113.37045882645016,34.01113764793505,56.68522941322508,-90.69636706116013,11.337045882645016,45.348183530580066
156.20000000000002,90.69577682249964,136.04366523374946,68.02183261687473,22.67394420562491,-45.34788841124982,4.534788841124982,181.39155364499928,-22.67394420562491,113.36972102812454,34.010916308437366,56.68486051406227,-90.69577682249964,11.336972102812455,45.34788841124982
156.3,90.6952154732935,136.04282320994025,68.02141160497013,22.673803868323375,-45.34760773664675,4.534760773664675,181.390430946587,-22.673803868323375,113.36901934161688,34.01070580248506,56.68450967080844,-90.6952154732935,11.336901934161688,45.34760773664675
156.4,90.69467617658117,136.04201426487174,68.02100713243587,22.673669044145292,-45.347338088290584,4.534733808829059,181.38935235316234,-22.673669044145292,113.36834522072647,34.010503566217935,56.684172610363234,-90.69467617658117,11.336834522072646,45.347338088290584
156.5,90.69415315083515,136.0412297262527,68.02061486312635,22.673538287708787,-45.347076575417574,4.534707657541758,181.3883063016703,-22.673538287708787,113.36769143854394,34.01030743156318,56.68384571927197,-90.69415315083515,11.336769143854394,45.347076575417574
156.60000000000002,90.69364043339792,136.04046065009686,68.02023032504843,22.67341010834948,-45.34682021669896,4.534682021669896,181.38728086679583,-22.67341010834948,113.3670505417474,34.010115162524215,56.6835252708737,-90.69364043339792,11.33670505417474,45.34682021669896
156.70000000000002,90.69313135848202,136.03969703772304,68.01984851886152,22.673282839620505,-45.34656567924101,4.5346565679241015,181.38626271696404,-22.673282839620505,113.36641419810252,34.00992425943076,56.68320709905126,-90.69313135848202,11.336641419810253,45.34656567924101
156.8,90.69262061063807,136.0389309159571,68.01946545797855,22.67315515265952,-45.34631030531904,4.534631030531904,181.38524122127615,-22.67315515265952,113.36577576329759,34.00973272898928,56.682887881648796,-90.69262061063807,11.33657757632976,45.34631030531904
156.9,90.69210504344919,136.03815756517378,68.01907878258689,22.673026260862297,-45.346052521724594,4.53460525217246,181.38421008689838,-22.673026260862297,113.36513130431149,34.009539391293444,56.682565652155745,-90.69210504344919,11.336513130431149,45.346052521724594
157.0,90.69158216386448,136.03737324579672,68.01868662289836,22.67289554096612,-45.34579108193224,4.534579108193224,181.38316432772896,-22.67289554096612,113.3644777048306,34.00934331144918,56.6822388524153,-90.69158216386448,11.33644777048306,45.34579108193224
157.10000000000002,90.69104935580667,136.03657403371,68.018287016855,22.672762338951667,-45.345524677903335,4.534552467790333,181.38209871161334,-22.672762338951667,113.36381169475834,34.0091435084275,56.68190584737917,-90.69104935580667,11.336381169475834,45.345524677903335
157.20000000000002,90.69050253305103,136.03575379957655,68.01787689978828,22.672625633262758,-45.345251266525516,4.534525126652552,181.38100506610206,-22.672625633262758,113.36312816631379,34.00893844989414,56.68156408315689,-90.69050253305103,11.336312816631379,45.345251266525516
157.3,90.68993784549434,136.0349067682415,68.01745338412076,22.672484461373585,-45.34496892274717,4.534496892274717,181.37987569098868,-22.672484461373585,113.36242230686793,34.00872669206038,56.68121115343396,-90.68993784549434,11.336242230686793,45.34496892274717
157.4,90.68935243022524,136.03402864533786,68.01701432266893,22.67233810755631,-45.34467621511262,4.534467621511262,181.37870486045048,-22.67233810755631,113.36169053778156,34.008507161334464,56.68084526889078,-90.68935243022524,11.336169053778155,45.34467621511262
157.5,90.68874336129382,136.03311504194073,68.01655752097037,22.672185840323454,-45.34437168064691,4.534437168064691,181.37748672258763,-22.672185840323454,113.36092920161727,34.00827876048518,56.680464600808634,-90.68874336129382,11.336092920161727,45.34437168064691
157.60000000000002,90.6881073623686,136.0321610435529,68.01608052177644,22.67202684059215,-45.3440536811843,4.53440536811843,181.3762147247372,-22.67202684059215,113.36013420296075,34.00804026088822,56.680067101480375,-90.6881073623686,11.336013420296075,45.3440536811843
157.70000000000002,90.68743953325182,136.03115929987774,68.01557964993887,22.671859883312955,-45.34371976662591,4.534371976662591,181.37487906650364,-22.671859883312955,113.35929941656477,34.007789824969436,56.67964970828238,-90.68743953325182,11.335929941656477,45.34371976662591
157.8,90.68673350771073,136.03010026156608,68.01505013078304,22.67168337692768,-45.34336675385536,4.5343366753855365,181.37346701542145,-22.67168337692768,113.35841688463842,34.00752506539152,56.67920844231921,-90.68673350771073,11.33584168846384,45.34336675385536
157.9,90.6859833406283,136.02897501094245,68.01448750547122,22.671495835157074,-45.34299167031415,4.534299167031415,181.3719666812566,-22.671495835157074,113.35747917578537,34.00724375273561,56.678739587892686,-90.6859833406283,11.335747917578537,45.34299167031415
158.0,90.68518379951696,136.02777569927545,68.01388784963773,22.67129594987924,-45.34259189975848,4.534259189975848,181.37036759903393,-22.67129594987924,113.3564797493962,34.00694392481886,56.6782398746981,-90.68518379951696,11.33564797493962,45.34259189975848
158.10000000000002,90.68433028091123,136.02649542136683,68.01324771068342,22.671082570227806,-45.34216514045561,4.5342165140455615,181.36866056182245,-22.671082570227806,113.35541285113904,34.00662385534171,56.67770642556952,-90.68433028091123,11.335541285113903,45.34216514045561
158.20000000000002,90.6834176245595,136.02512643683923,68.01256321841961,22.670854406139874,-45.34170881227975,4.534170881227975,181.366835249119,-22.670854406139874,113.35427203069938,34.00628160920981,56.67713601534969,-90.6834176245595,11.335427203069937,45.34170881227975
158.3,90.68244120230285,136.02366180345427,68.01183090172714,22.670610300575714,-45.34122060115143,4.534122060115143,181.3648824046057,-22.670610300575714,113.35305150287857,34.00591545086357,56.676525751439286,-90.68244120230285,11.335305150287857,45.34122060115143
158.4,90.68139775802004,136.02209663703007,68.01104831851504,22.67034943950501,-45.34069887901002,4.534069887901002,181.36279551604008,-22.67034943950501,113.35174719752504,34.00552415925752,56.67587359876252,-90.68139775802004,11.335174719752505,45.34069887901002
158.5,90.68028558377527,136.0204283756629,68.01021418783145,22.67007139594382,-45.34014279188764,4.534014279188764,181.36057116755055,-22.67007139594382,113.3503569797191,34.005107093915726,56.67517848985955,-90.68028558377527,11.33503569797191,45.34014279188764
158.60000000000002,90.67910534081048,136.01865801121573,68.00932900560787,22.66977633520262,-45.33955267040524,4.5339552670405245,181.35821068162096,-22.66977633520262,113.3488816760131,34.004664502803934,56.67444083800655,-90.67910534081048,11.33488816760131,45.33955267040524
158.70000000000002,90.67785755844245,136.0167863376637,68.00839316883184,22.669464389610614,-45.33892877922123,4.533892877922123,181.3557151168849,-22.669464389610614,113.34732194805306,34.00419658441592,56.67366097402653,-90.67785755844245,11.334732194805307,45.33892877922123
158.8,90.6765421705948,136.0148132558922,68.0074066279461,22.6691355426487,-45.3382710852974,4.53382710852974,181.3530843411896,-22.6691355426487,113.3456777132435,34.00370331397305,56.67283885662175,-90.6765421705948,11.33456777132435,45.3382710852974
158.9,90.67515948365585,136.01273922548376,68.00636961274188,22.66878987091396,-45.33757974182792,4.533757974182793,181.3503189673117,-22.66878987091396,113.34394935456982,34.00318480637094,56.67197467728491,-90.67515948365585,11.33439493545698,45.33757974182792
159.0,90.67371040246952,136.0105656037043,68.00528280185215,22.66842760061738,-45.33685520123476,4.533685520123476,181.34742080493905,-22.66842760061738,113.3421380030869,34.00264140092607,56.67106900154345,-90.67371040246952,11.33421380030869,45.33685520123476
159.10000000000002,90.67219692891622,136.00829539337434,68.00414769668717,22.668049232229055,-45.33609846445811,4.533609846445811,181.34439385783244,-22.668049232229055,113.34024616114527,34.002073848343585,56.67012308057264,-90.67219692891622,11.334024616114528,45.33609846445811
159.20000000000002,90.67061998670108,136.00592998005163,68.00296499002582,22.66765499667527,-45.33530999335054,4.5335309993350545,181.34123997340217,-22.66765499667527,113.33827498337635,34.00148249501291,56.669137491688176,-90.67061998670108,11.333827498337635,45.33530999335054
159.3,90.66898043441032,136.0034706516155,68.00173532580774,22.66724510860258,-45.33449021720516,4.533449021720516,181.33796086882063,-22.66724510860258,113.33622554301289,34.00086766290387,56.66811277150644,-90.66898043441032,11.33362255430129,45.33449021720516
159.4,90.66727887940179,136.00091831910268,68.00045915955134,22.666819719850448,-45.333639439700896,4.53336394397009,181.33455775880358,-22.666819719850448,113.33409859925224,34.00022957977567,56.66704929962612,-90.66727887940179,11.333409859925224,45.333639439700896
159.5,90.66551613199854,135.99827419799783,67.99913709899892,22.666379032999636,-45.33275806599927,4.533275806599927,181.3310322639971,-22.666379032999636,113.33189516499817,33.99956854949946,56.665947582499086,-90.66551613199854,11.333189516499818,45.33275806599927
159.60000000000002,90.66369406108753,135.99554109163128,67.99777054581564,22.66592351527188,-45.33184703054376,4.533184703054377,181.32738812217505,-22.66592351527188,113.32961757635941,33.99888527290782,56.664808788179705,-90.66369406108753,11.33296175763594,45.33184703054376
159.70000000000002,90.66181475032346,135.9927221254852,67.9963610627426,22.665453687580865,-45.33090737516173,4.533090737516173,181.32362950064692,-22.665453687580865,113.32726843790432,33.9981805313713,56.66363421895216,-90.66181475032346,11.332726843790432,45.33090737516173
159.8,90.65988040587818,135.98982060881727,67.99491030440863,22.664970101469546,-45.32994020293909,4.532994020293909,181.31976081175637,-22.664970101469546,113.32485050734773,33.99745515220432,56.66242525367387,-90.65988040587818,11.332485050734773,45.32994020293909
159.9,90.65789373621537,135.98684060432305,67.99342030216152,22.664473434053843,-45.328946868107685,4.532894686810769,181.31578747243074,-22.664473434053843,113.32236717026922,33.99671015108076,56.66118358513461,-90.65789373621537,11.332236717026921,45.328946868107685
160.0,90.65585829118679,135.98378743678018,67.99189371839009,22.663964572796697,-45.327929145593394,4.53279291455934,181.31171658237358,-22.663964572796697,113.31982286398349,33.995946859195044,56.659911431991745,-90.65585829118679,11.331982286398349,45.327929145593394
160.10000000000002,90.65377864090442,135.98066796135663,67.99033398067832,22.663444660226105,-45.32688932045221,4.532688932045221,181.30755728180884,-22.663444660226105,113.31722330113053,33.99516699033916,56.65861165056526,-90.65377864090442,11.331722330113053,45.32688932045221
160.20000000000002,90.6516595970036,135.97748939550542,67.98874469775271,22.6629148992509,-45.3258297985018,4.53258297985018,181.3033191940072,-22.6629148992509,113.3145744962545,33.994372348876354,56.65728724812725,-90.6516595970036,11.33145744962545,45.3258297985018
160.3,90.64950541568722,135.97425812353083,67.98712906176542,22.662376353921804,-45.32475270784361,4.532475270784361,181.29901083137443,-22.662376353921804,113.31188176960902,33.99356453088271,56.65594088480451,-90.64950541568722,11.331188176960902,45.32475270784361
160.4,90.64732027685088,135.9709804152763,67.98549020763815,22.66183006921272,-45.32366013842544,4.532366013842544,181.29464055370175,-22.66183006921272,113.3091503460636,33.992745103819075,56.6545751730318,-90.64732027685088,11.33091503460636,45.32366013842544
160.5,90.64510884411875,135.96766326617814,67.98383163308907,22.661277211029688,-45.322554422059376,4.532255442205938,181.2902176882375,-22.661277211029688,113.30638605514844,33.991915816544534,56.65319302757422,-90.64510884411875,11.330638605514844,45.322554422059376
160.60000000000002,90.64287483236262,135.96431224854393,67.98215612427197,22.660718708090656,-45.32143741618131,4.532143741618131,181.28574966472524,-22.660718708090656,113.30359354045328,33.99107806213598,56.65179677022664,-90.64287483236262,11.330359354045328,45.32143741618131
160.70000000000002,90.64062186346501,135.96093279519752,67.98046639759876,22.660155465866254,-45.32031093173251,4.532031093173251,181.28124372693003,-22.660155465866254,113.30077732933127,33.99023319879938,56.650388664665634,-90.64062186346501,11.330077732933127,45.32031093173251
160.8,90.63835318000933,135.957529770014,67.978764885007,22.659588295002333,-45.319176590004666,4.531917659000467,181.27670636001866,-22.659588295002333,113.29794147501167,33.9893824425035,56.648970737505834,-90.63835318000933,11.329794147501167,45.319176590004666
160.9,90.63607309689542,135.95410964534312,67.97705482267156,22.659018274223854,-45.31803654844771,4.531803654844771,181.27214619379083,-22.659018274223854,113.29509137111927,33.98852741133578,56.647545685559635,-90.63607309689542,11.329509137111927,45.31803654844771
161.0,90.6337868729348,135.9506803094022,67.9753401547011,22.6584467182337,-45.3168934364674,4.5316893436467405,181.2675737458696,-22.6584467182337,113.29223359116851,33.98767007735055,56.646116795584255,-90.6337868729348,11.32922335911685,45.3168934364674
161.10000000000002,90.6315003929672,135.9472505894508,67.9736252947254,22.6578750982418,-45.3157501964836,4.53157501964836,181.2630007859344,-22.6578750982418,113.289375491209,33.9868126473627,56.6446877456045,-90.6315003929672,11.3289375491209,45.3157501964836
161.20000000000002,90.62921896621685,135.94382844932528,67.97191422466264,22.657304741554213,-45.31460948310843,4.531460948310843,181.2584379324337,-22.657304741554213,113.28652370777107,33.98595711233132,56.643261853885534,-90.62921896621685,11.328652370777107,45.31460948310843
161.3,90.62694857168172,135.94042285752258,67.97021142876129,22.65673714292043,-45.31347428584086,4.531347428584087,181.25389714336345,-22.65673714292043,113.28368571460216,33.985105714380644,56.64184285730108,-90.62694857168172,11.328368571460215,45.31347428584086
161.4,90.62469393950148,135.93704090925223,67.96852045462612,22.65617348487537,-45.31234696975074,4.5312346969750745,181.24938787900297,-22.65617348487537,113.28086742437685,33.98426022731306,56.640433712188425,-90.62469393950148,11.328086742437685,45.31234696975074
161.5,90.62246108993146,135.9336916348972,67.9668458174486,22.655615272482866,-45.31123054496573,4.5311230544965735,181.24492217986293,-22.655615272482866,113.27807636241432,33.9834229087243,56.63903818120716,-90.62246108993146,11.327807636241433,45.31123054496573
161.60000000000002,90.62025534657865,135.93038301986797,67.96519150993399,22.65506383664466,-45.31012767328932,4.531012767328932,181.2405106931573,-22.65506383664466,113.2753191832233,33.982595754966994,56.63765959161165,-90.62025534657865,11.32753191832233,45.31012767328932
161.70000000000002,90.61808098963972,135.92712148445958,67.96356074222979,22.65452024740993,-45.30904049481986,4.530904049481986,181.23616197927944,-22.65452024740993,113.27260123704966,33.981780371114894,56.63630061852483,-90.61808098963972,11.327260123704965,45.30904049481986
161.8,90.61594157643306,135.9239123646496,67.9619561823248,22.653985394108265,-45.30797078821653,4.530797078821653,181.23188315286612,-22.653985394108265,113.26992697054132,33.9809780911624,56.63496348527066,-90.61594157643306,11.326992697054132,45.30797078821653
161.9,90.61383957774015,135.92075936661024,67.96037968330512,22.653459894435038,-45.306919788870076,4.530691978887008,181.2276791554803,-22.653459894435038,113.26729947217518,33.98018984165256,56.63364973608759,-90.61383957774015,11.326729947217519,45.306919788870076
162.0,90.61177775223909,135.91766662835863,67.95883331417932,22.652944438059773,-45.305888876119546,4.530588887611954,181.22355550447818,-22.652944438059773,113.26472219029887,33.97941665708966,56.632361095149435,-90.61177775223909,11.326472219029887,45.305888876119546
162.10000000000002,90.6097585927476,135.9146378891214,67.9573189445607,22.6524396481869,-45.3048792963738,4.53048792963738,181.2195171854952,-22.6524396481869,113.2621982409345,33.97865947228035,56.63109912046725,-90.6097585927476,11.32621982409345,45.3048792963738
162.20000000000002,90.60778523020542,135.91167784530813,67.95583892265407,22.651946307551356,-45.30389261510271,4.530389261510272,181.21557046041085,-22.651946307551356,113.25973153775678,33.97791946132703,56.62986576887839,-90.60778523020542,11.325973153775678,45.30389261510271
162.3,90.60586171028835,135.90879256543252,67.95439628271626,22.651465427572088,-45.302930855144176,4.530293085514418,181.2117234205767,-22.651465427572088,113.25732713786044,33.97719814135813,56.62866356893022,-90.60586171028835,11.325732713786044,45.302930855144176
162.4,90.60399194321643,135.90598791482464,67.95299395741232,22.650997985804107,-45.301995971608214,4.530199597160822,181.20798388643286,-22.650997985804107,113.25498992902054,33.97649697870616,56.62749496451027,-90.60399194321643,11.325498992902054,45.301995971608214
162.5,90.60217941713606,135.90326912570407,67.95163456285204,22.650544854284014,-45.30108970856803,4.530108970856803,181.2043588342721,-22.650544854284014,113.25272427142008,33.97581728142602,56.62636213571004,-90.60217941713606,11.325272427142007,45.30108970856803
162.60000000000002,90.60042458704967,135.9006368805745,67.95031844028725,22.65010614676242,-45.30021229352484,4.530021229352484,181.20084917409935,-22.65010614676242,113.2505307338121,33.975159220143624,56.62526536690605,-90.60042458704967,11.32505307338121,45.30021229352484
162.70000000000002,90.5987275994216,135.8980913991324,67.9490456995662,22.6496818998554,-45.2993637997108,4.52993637997108,181.1974551988432,-22.6496818998554,113.24840949927699,33.9745228497831,56.624204749638494,-90.5987275994216,11.3248409499277,45.2993637997108
162.8,90.59708877409489,135.8956331611423,67.94781658057116,22.64927219352372,-45.29854438704744,4.529854438704745,181.19417754818977,-22.64927219352372,113.24636096761861,33.97390829028558,56.62318048380931,-90.59708877409489,11.32463609676186,45.29854438704744
162.9,90.59550870967348,135.89326306451022,67.94663153225511,22.64887717741837,-45.29775435483674,4.529775435483674,181.19101741934696,-22.64887717741837,113.24438588709185,33.973315766127556,56.622192943545926,-90.59550870967348,11.324438588709185,45.29775435483674
163.0,90.59398719253409,135.89098078880113,67.94549039440057,22.64849679813352,-45.29699359626704,4.529699359626704,181.18797438506817,-22.64849679813352,113.24248399066761,33.97274519720028,56.621241995333804,-90.59398719253409,11.32424839906676,45.29699359626704
163.10000000000002,90.59252264406436,135.88878396609653,67.94439198304826,22.64813066101609,-45.29626132203218,4.5296261322032185,181.18504528812872,-22.64813066101609,113.24065330508046,33.97219599152413,56.62032665254023,-90.59252264406436,11.324065330508045,45.29626132203218
163.20000000000002,90.5911137166736,135.8866705750104,67.9433352875052,22.6477784291684,-45.2955568583368,4.529555685833681,181.1822274333472,-22.6477784291684,113.238892145842,33.9716676437526,56.619446072921,-90.5911137166736,11.3238892145842,45.2955568583368
163.3,90.58976024721974,135.88464037082963,67.94232018541481,22.647440061804936,-45.29488012360987,4.5294880123609875,181.1795204944395,-22.647440061804936,113.23720030902467,33.97116009270741,56.618600154512336,-90.58976024721974,11.323720030902468,45.29488012360987
163.4,90.58846354085979,135.8826953112897,67.94134765564485,22.647115885214948,-45.294231770429896,4.52942317704299,181.17692708171958,-22.647115885214948,113.23557942607474,33.970673827822424,56.61778971303737,-90.58846354085979,11.323557942607474,45.294231770429896
163.5,90.5872270855796,135.8808406283694,67.9404203141847,22.6468067713949,-45.2936135427898,4.52936135427898,181.1744541711592,-22.6468067713949,113.23403385697449,33.97021015709235,56.617016928487246,-90.5872270855796,11.32340338569745,45.2936135427898
163.60000000000002,90.58605541728771,135.87908312593157,67.93954156296579,22.646513854321928,-45.293027708643855,4.529302770864386,181.17211083457542,-22.646513854321928,113.23256927160963,33.96977078148289,56.61628463580482,-90.58605541728771,11.323256927160964,45.293027708643855
163.70000000000002,90.58495478879625,135.87743218319437,67.93871609159719,22.646238697199063,-45.29247739439813,4.529247739439813,181.1699095775925,-22.646238697199063,113.23119348599532,33.96935804579859,56.61559674299766,-90.58495478879625,11.323119348599532,45.29247739439813
163.8,90.58393263194814,135.87589894792222,67.93794947396111,22.645983157987036,-45.29196631597407,4.529196631597407,181.1678652638963,-22.645983157987036,113.22991578993518,33.968974736980556,56.61495789496759,-90.58393263194814,11.322991578993518,45.29196631597407
163.9,90.58299666567562,135.87449499851343,67.93724749925671,22.645749166418906,-45.29149833283781,4.529149833283781,181.16599333135125,-22.645749166418906,113.22874583209453,33.96862374962836,56.614372916047266,-90.58299666567562,11.322874583209453,45.29149833283781
164.0,90.5821557766841,135.87323366502616,67.93661683251308,22.645538944171026,-45.29107788834205,4.529107788834206,181.1643115533682,-22.645538944171026,113.22769472085513,33.96830841625654,56.61384736042756,-90.5821557766841,11.322769472085513,45.29107788834205
164.10000000000002,90.5814187870547,135.87212818058205,67.93606409029103,22.645354696763675,-45.29070939352735,4.529070939352735,181.1628375741094,-22.645354696763675,113.22677348381838,33.96803204514551,56.61338674190919,-90.5814187870547,11.322677348381838,45.29070939352735
164.20000000000002,90.58079452207308,135.87119178310962,67.93559589155481,22.64519863051827,-45.29039726103654,4.529039726103654,181.16158904414615,-22.64519863051827,113.22599315259134,33.967797945777406,56.61299657629567,-90.58079452207308,11.322599315259135,45.29039726103654
164.3,90.58029141353366,135.8704371203005,67.93521856015025,22.645072853383414,-45.29014570676683,4.529014570676683,181.16058282706732,-22.645072853383414,113.22536426691707,33.96760928007512,56.612682133458534,-90.58029141353366,11.322536426691707,45.29014570676683
164.4,90.57991650515058,135.86987475772588,67.93493737886294,22.644979126287645,-45.28995825257529,4.528995825257529,181.15983301030116,-22.644979126287645,113.22489563143822,33.96746868943147,56.61244781571911,-90.57991650515058,11.322489563143822,45.28995825257529
164.5,90.579675713629,135.8695135704435,67.93475678522175,22.64491892840725,-45.2898378568145,4.52898378568145,181.159351427258,-22.64491892840725,113.22459464203625,33.967378392610875,56.612297321018126,-90.579675713629,11.322459464203625,45.2898378568145
164.60000000000002,90.57957522487438,135.86936283731157,67.93468141865579,22.644893806218594,-45.28978761243719,4.528978761243719,181.15915044974875,-22.644893806218594,113.22446903109297,33.96734070932789,56.61223451554648,-90.57957522487438,11.322446903109297,45.28978761243719
164.70000000000002,90.57962063815285,135.86943095722927,67.93471547861463,22.64490515953821,-45.28981031907642,4.528981031907643,181.1592412763057,-22.64490515953821,113.22452579769106,33.96735773930732,56.61226289884553,-90.57962063815285,11.322452579769106,45.28981031907642
164.8,90.57981670811724,135.86972506217586,67.93486253108793,22.64495417702931,-45.28990835405862,4.528990835405862,181.15963341623447,-22.64495417702931,113.22477088514654,33.967431265543965,56.61238544257327,-90.57981670811724,11.322477088514654,45.28990835405862
164.9,90.5801688808521,135.87025332127814,67.93512666063907,22.645042220213025,-45.29008444042605,4.5290084440426055,181.1603377617042,-22.645042220213025,113.22521110106513,33.967563330319535,56.612605550532564,-90.5801688808521,11.322521110106512,45.29008444042605
165.0,90.58068237363476,135.87102356045213,67.93551178022607,22.64517059340869,-45.29034118681738,4.529034118681738,181.16136474726952,-22.64517059340869,113.22585296704345,33.96775589011303,56.612926483521726,-90.58068237363476,11.322585296704345,45.29034118681738
165.10000000000002,90.58136111186407,135.8720416677961,67.93602083389806,22.645340277966017,-45.290680555932035,4.5290680555932035,181.16272222372814,-22.645340277966017,113.22670138983008,33.96801041694903,56.61335069491504,-90.58136111186407,11.322670138983009,45.290680555932035
165.20000000000002,90.5822065532453,135.87330982986794,67.93665491493397,22.645551638311325,-45.29110327662265,4.5291103276622655,181.1644131064906,-22.645551638311325,113.22775819155663,33.968327457466984,56.613879095778316,-90.5822065532453,11.322775819155662,45.29110327662265
165.3,90.58321931770016,135.87482897655025,67.93741448827512,22.64580482942504,-45.29160965885008,4.529160965885008,181.1664386354003,-22.64580482942504,113.22902414712519,33.96870724413756,56.614512073562594,-90.58321931770016,11.32290241471252,45.29160965885008
165.4,90.5844000301097,135.87660004516457,67.93830002258228,22.646100007527426,-45.29220001505485,4.529220001505485,181.1688000602194,-22.646100007527426,113.23050003763713,33.96915001129114,56.615250018818564,-90.5844000301097,11.323050003763713,45.29220001505485
165.5,90.58575177585897,135.87862766378845,67.93931383189422,22.64643794396474,-45.29287588792948,4.529287588792949,181.17150355171793,-22.64643794396474,113.23218971982371,33.96965691594711,56.616094859911854,-90.58575177585897,11.32321897198237,45.29287588792948
165.60000000000002,90.58727867749892,135.88091801624836,67.94045900812418,22.64681966937473,-45.29363933874946,4.529363933874946,181.17455735499783,-22.64681966937473,113.23409834687365,33.97022950406209,56.617049173436826,-90.58727867749892,11.323409834687364,45.29363933874946
165.70000000000002,90.58898479007927,135.8834771851189,67.94173859255945,22.647246197519816,-45.29449239503963,4.529449239503964,181.17796958015853,-22.647246197519816,113.23623098759909,33.97086929627972,56.61811549379954,-90.58898479007927,11.323623098759908,45.29449239503963
165.8,90.59087296061318,135.88630944091977,67.94315472045989,22.647718240153296,-45.29543648030659,4.52954364803066,181.18174592122637,-22.647718240153296,113.23859120076648,33.971577360229944,56.61929560038324,-90.59087296061318,11.323859120076648,45.29543648030659
165.9,90.59294574954312,135.8894186243147,67.94470931215734,22.64823643738578,-45.29647287477156,4.5296472874771565,181.18589149908624,-22.64823643738578,113.2411821869289,33.97235465607867,56.62059109346445,-90.59294574954312,11.32411821869289,45.29647287477156
166.0,90.59520556020223,135.89280834030336,67.94640417015168,22.648801390050558,-45.297602780101116,4.529760278010111,181.19041112040446,-22.648801390050558,113.24400695025278,33.97320208507584,56.62200347512639,-90.59520556020223,11.324400695025279,45.297602780101116
166.10000000000002,90.59765453903799,135.89648180855698,67.94824090427849,22.649413634759497,-45.298827269518995,4.529882726951899,181.19530907807598,-22.649413634759497,113.24706817379749,33.974120452139246,56.623534086898744,-90.59765453903799,11.324706817379749,45.298827269518995
166.20000000000002,90.6002937115154,135.9004405672731,67.95022028363655,22.65007342787885,-45.3001468557577,4.530014685575771,181.2005874230308,-22.65007342787885,113.25036713939426,33.97511014181828,56.62518356969713,-90.6002937115154,11.325036713939426,45.3001468557577
166.3,90.60312306549713,135.9046845982457,67.95234229912285,22.650780766374282,-45.301561532748565,4.530156153274857,181.20624613099426,-22.650780766374282,113.25390383187141,33.976171149561424,56.626951915935706,-90.60312306549713,11.325390383187141,45.301561532748565
166.4,90.60614080845141,135.90921121267712,67.95460560633856,22.651535202112854,-45.30307040422571,4.530307040422571,181.21228161690283,-22.651535202112854,113.25767601056427,33.97730280316928,56.628838005282134,-90.60614080845141,11.325767601056427,45.30307040422571
166.5,90.60934448240074,135.91401672360112,67.95700836180056,22.652336120600186,-45.30467224120037,4.530467224120037,181.2186889648015,-22.652336120600186,113.26168060300093,33.97850418090028,56.63084030150046,-90.60934448240074,11.326168060300093,45.30467224120037
166.60000000000002,90.61273264165014,135.9190989624752,67.9595494812376,22.653183160412535,-45.30636632082507,4.5306366320825076,181.22546528330028,-22.653183160412535,113.26591580206268,33.9797747406188,56.63295790103134,-90.61273264165014,11.326591580206268,45.30636632082507
166.70000000000002,90.61630340594544,135.92445510891815,67.96222755445908,22.65407585148636,-45.30815170297272,4.530815170297273,181.2326068118909,-22.65407585148636,113.27037925743181,33.98111377722954,56.63518962871591,-90.61630340594544,11.32703792574318,45.30815170297272
166.8,90.62005311619244,135.93007967428866,67.96503983714433,22.65501327904811,-45.31002655809622,4.531002655809622,181.24010623238487,-22.65501327904811,113.27506639524054,33.982519918572166,56.63753319762027,-90.62005311619244,11.327506639524055,45.31002655809622
166.9,90.62397581397316,135.93596372095973,67.96798186047987,22.65599395349329,-45.31198790698658,4.531198790698658,181.24795162794632,-22.65599395349329,113.27996976746645,33.98399093023993,56.63998488373323,-90.62397581397316,11.327996976746645,45.31198790698658
167.0,90.62806324529461,135.94209486794193,67.97104743397097,22.657015811323653,-45.314031622647306,4.531403162264731,181.25612649058922,-22.657015811323653,113.28507905661826,33.98552371698548,56.64253952830913,-90.62806324529461,11.328507905661827,45.314031622647306
167.10000000000002,90.63230443613753,135.9484566542063,67.97422832710315,22.658076109034383,-45.316152218068765,4.531615221806876,181.26460887227506,-22.658076109034383,113.29038054517191,33.987114163551574,56.64519027258596,-90.63230443613753,11.329038054517191,45.316152218068765
167.20000000000002,90.6366886069749,135.95503291046236,67.97751645523118,22.659172151743725,-45.31834430348745,4.531834430348745,181.2733772139498,-22.659172151743725,113.29586075871862,33.98875822761559,56.64793037935931,-90.6366886069749,11.329586075871863,45.31834430348745
167.3,90.64120372241835,135.96180558362752,67.98090279181376,22.66030093060459,-45.32060186120918,4.532060186120918,181.2824074448367,-22.66030093060459,113.30150465302295,33.99045139590688,56.65075232651147,-90.64120372241835,11.330150465302294,45.32060186120918
167.4,90.64583818532357,135.96875727798536,67.98437863899268,22.661459546330892,-45.322919092661785,4.532291909266179,181.29167637064714,-22.661459546330892,113.30729773165446,33.99218931949634,56.65364886582723,-90.64583818532357,11.330729773165446,45.322919092661785
167.5,90.65058044311814,135.97587066467722,67.98793533233861,22.662645110779536,-45.32529022155907,4.532529022155908,181.3011608862363,-22.662645110779536,113.31322555389768,33.993967666169304,56.65661277694884,-90.65058044311814,11.331322555389768,45.32529022155907
167.60000000000002,90.65541802838135,135.98312704257202,67.99156352128601,22.663854507095337,-45.327709014190674,4.532770901419068,181.3108360567627,-22.663854507095337,113.31927253547668,33.995781760643005,56.65963626773834,-90.65541802838135,11.331927253547668,45.327709014190674
167.70000000000002,90.6603370534986,135.99050558024788,67.99525279012394,22.66508426337465,-45.3301685267493,4.53301685267493,181.3206741069972,-22.66508426337465,113.32542131687325,33.99762639506197,56.66271065843662,-90.6603370534986,11.332542131687324,45.3301685267493
167.8,90.66532587187525,135.99798880781287,67.99899440390644,22.666331467968813,-45.33266293593763,4.533266293593763,181.3306517437505,-22.666331467968813,113.33165733984407,33.99949720195322,56.665828669922035,-90.66532587187525,11.333165733984407,45.33266293593763
167.9,90.67037243815896,136.00555865723845,68.00277932861923,22.66759310953974,-45.33518621907948,4.533518621907948,181.34074487631793,-22.66759310953974,113.3379655476987,34.00138966430961,56.66898277384935,-90.67037243815896,11.33379655476987,45.33518621907948
168.0,90.67546526076744,136.01319789115115,68.00659894557558,22.66886631519186,-45.33773263038372,4.5337732630383725,181.35093052153488,-22.66886631519186,113.3443315759593,34.00329947278779,56.67216578797965,-90.67546526076744,11.33443315759593,45.33773263038372
168.10000000000002,90.68059420426997,136.02089130640496,68.01044565320248,22.67014855106749,-45.34029710213498,4.534029710213498,181.36118840853993,-22.67014855106749,113.35074275533745,34.00522282660124,56.675371377668725,-90.68059420426997,11.335074275533746,45.34029710213498
168.20000000000002,90.68574930565315,136.02862395847973,68.01431197923986,22.671437326413287,-45.34287465282657,4.534287465282658,181.3714986113063,-22.671437326413287,113.35718663206643,34.00715598961993,56.678593316033215,-90.68574930565315,11.335718663206643,45.34287465282657
168.3,90.69092070347573,136.03638105521358,68.01819052760679,22.67273017586893,-45.34546035173786,4.534546035173786,181.38184140695145,-22.67273017586893,113.36365087934466,34.009095263803395,56.68182543967233,-90.69092070347573,11.336365087934466,45.34546035173786
168.4,90.69610017879464,136.04415026819197,68.02207513409599,22.67402504469866,-45.34805008939732,4.534805008939732,181.39220035758927,-22.67402504469866,113.37012522349329,34.01103756704799,56.685062611746645,-90.69610017879464,11.33701252234933,45.34805008939732
168.5,90.70128026386033,136.0519203957905,68.02596019789524,22.67532006596508,-45.35064013193016,4.535064013193017,181.40256052772065,-22.67532006596508,113.37660032982541,34.01298009894762,56.688300164912704,-90.70128026386033,11.33766003298254,45.35064013193016
168.60000000000002,90.70645451702133,136.059681775532,68.029840887766,22.676613629255332,-45.353227258510664,4.535322725851066,181.41290903404266,-22.676613629255332,113.38306814627666,34.014920443883,56.69153407313833,-90.70645451702133,11.338306814627666,45.353227258510664
168.70000000000002,90.7116179233344,136.0674268850016,68.0337134425008,22.6779044808336,-45.3558089616672,4.53558089616672,181.4232358466688,-22.6779044808336,113.389522404168,34.0168567212504,56.694761202084,-90.7116179233344,11.3389522404168,45.3558089616672
168.8,90.71676640362352,136.07514960543529,68.03757480271764,22.67919160090588,-45.35838320181176,4.535838320181177,181.43353280724705,-22.67919160090588,113.3959580045294,34.01878740135882,56.6979790022647,-90.71676640362352,11.33959580045294,45.35838320181176
168.9,90.7218956898889,136.08284353483333,68.04142176741667,22.680473922472224,-45.36094784494445,4.536094784494445,181.4437913797778,-22.680473922472224,113.40236961236113,34.02071088370833,56.701184806180564,-90.7218956898889,11.340236961236112,45.36094784494445
169.0,90.72700157085839,136.09050235628757,68.04525117814379,22.681750392714598,-45.363500785429196,4.536350078542919,181.45400314171678,-22.681750392714598,113.408751963573,34.02262558907189,56.7043759817865,-90.72700157085839,11.340875196357299,45.363500785429196
169.10000000000002,90.7320795992151,136.09811939882263,68.04905969941132,22.683019899803774,-45.36603979960755,4.536603979960755,181.4641591984302,-22.683019899803774,113.41509949901888,34.02452984970566,56.70754974950944,-90.7320795992151,11.341509949901887,45.36603979960755
169.20000000000002,90.73712619086449,136.10568928629672,68.05284464314836,22.68428154771612,-45.36856309543224,4.536856309543224,181.47425238172897,-22.68428154771612,113.42140773858061,34.02642232157418,56.710703869290306,-90.73712619086449,11.34214077385806,45.36856309543224
169.3,90.74213799785859,136.11320699678788,68.05660349839394,22.685534499464648,-45.371068998929296,4.53710689989293,181.48427599571718,-22.685534499464648,113.42767249732324,34.02830174919697,56.71383624866162,-90.74213799785859,11.342767249732324,45.371068998929296
169.4,90.74711271523995,136.12066907285993,68.06033453642996,22.686778178809988,-45.373556357619975,4.5373556357619975,181.4942254304799,-22.686778178809988,113.43389089404994,34.03016726821498,56.71694544702497,-90.74711271523995,11.343389089404994,45.373556357619975
169.5,90.75204778984688,136.12807168477033,68.06403584238517,22.68801194746172,-45.37602389492344,4.537602389492345,181.50409557969377,-22.68801194746172,113.4400597373086,34.03201792119258,56.7200298686543,-90.75204778984688,11.34400597373086,45.37602389492344
169.60000000000002,90.7569418725116,136.1354128087674,68.0677064043837,22.6892354681279,-45.3784709362558,4.53784709362558,181.5138837450232,-22.6892354681279,113.44617734063951,34.03385320219185,56.723088670319754,-90.7569418725116,11.34461773406395,45.3784709362558
169.70000000000002,90.76179608723875,136.14269413085813,68.07134706542907,22.690449021809687,-45.380898043619375,4.538089804361937,181.5235921744775,-22.690449021809687,113.45224510904843,34.03567353271453,56.72612255452422,-90.76179608723875,11.345224510904844,45.380898043619375
169.8,90.76661079830802,136.14991619746203,68.07495809873102,22.691652699577006,-45.38330539915401,4.5383305399154015,181.53322159661604,-22.691652699577006,113.45826349788503,34.03747904936551,56.729131748942514,-90.76661079830802,11.345826349788503,45.38330539915401
169.9,90.77138358515481,136.1570753777322,68.0785376888661,22.692845896288702,-45.385691792577404,4.538569179257741,181.54276717030962,-22.692845896288702,113.46422948144351,34.03926884443305,56.732114740721755,-90.77138358515481,11.346422948144351,45.385691792577404
170.0,90.77611177301586,136.1641676595238,68.0820838297619,22.694027943253964,-45.38805588650793,4.538805588650793,181.5522235460317,-22.694027943253964,113.47013971626981,34.04104191488095,56.735069858134906,-90.77611177301586,11.347013971626982,45.38805588650793
170.10000000000002,90.78079444567658,136.17119166851487,68.08559583425743,22.695198611419144,-45.39039722283829,4.539039722283829,181.56158889135315,-22.695198611419144,113.47599305709572,34.042797917128716,56.73799652854786,-90.78079444567658,11.347599305709572,45.39039722283829
170.20000000000002,90.78543086835117,136.17814630252676,68.08907315126338,22.696357717087793,-45.392715434175585,4.539271543417558,181.57086173670234,-22.696357717087793,113.48178858543896,34.04453657563169,56.74089429271948,-90.78543086835117,11.348178858543896,45.392715434175585
170.3,90.79001996670249,136.18502995005372,68.09251497502686,22.697504991675622,-45.395009983351244,4.539500998335124,181.58003993340498,-22.697504991675622,113.48752495837812,34.04625748751343,56.74376247918906,-90.79001996670249,11.348752495837811,45.395009983351244
170.4,90.79456026016378,136.19184039024566,68.09592019512283,22.698640065040944,-45.39728013008189,4.539728013008189,181.58912052032755,-22.698640065040944,113.49320032520473,34.047960097561415,56.74660016260236,-90.79456026016378,11.349320032520472,45.39728013008189
170.5,90.79904981745185,136.19857472617775,68.09928736308888,22.69976245436296,-45.39952490872592,4.539952490872593,181.5980996349037,-22.69976245436296,113.49881227181481,34.04964368154444,56.74940613590741,-90.79904981745185,11.34988122718148,45.39952490872592
170.60000000000002,90.80348851841723,136.20523277762584,68.10261638881292,22.700872129604306,-45.40174425920861,4.540174425920862,181.60697703683445,-22.700872129604306,113.50436064802153,34.05130819440646,56.752180324010766,-90.80348851841723,11.350436064802153,45.40174425920861
170.70000000000002,90.80787495877904,136.21181243816855,68.10590621908428,22.70196873969476,-45.40393747938952,4.5403937479389525,181.61574991755808,-22.70196873969476,113.5098436984738,34.05295310954214,56.7549218492369,-90.80787495877904,11.35098436984738,45.40393747938952
170.8,90.8122085970374,136.2183128955561,68.10915644777805,22.70305214925935,-45.4061042985187,4.54061042985187,181.6244171940748,-22.70305214925935,113.51526074629675,34.054578223889024,56.75763037314837,-90.8122085970374,11.351526074629675,45.4061042985187
170.9,90.81649072600716,136.22473608901075,68.11236804450537,22.70412268150179,-45.40824536300358,4.5408245363003585,181.63298145201432,-22.70412268150179,113.52061340750895,34.05618402225269,56.76030670375447,-90.81649072600716,11.352061340750895,45.40824536300358
171.0,90.82072359673887,136.23108539510832,68.11554269755416,22.705180899184718,-45.410361798369436,4.541036179836944,181.64144719347775,-22.705180899184718,113.52590449592358,34.05777134877708,56.76295224796179,-90.82072359673887,11.352590449592359,45.410361798369436
171.10000000000002,90.82490826328684,136.23736239493027,68.11868119746514,22.70622706582171,-45.41245413164342,4.541245413164343,181.6498165265737,-22.70622706582171,113.53113532910855,34.05934059873257,56.765567664554275,-90.82490826328684,11.353113532910855,45.41245413164342
171.20000000000002,90.82904512736171,136.24356769104256,68.12178384552128,22.707261281840427,-45.414522563680855,4.5414522563680855,181.65809025472342,-22.707261281840427,113.53630640920214,34.06089192276064,56.76815320460107,-90.82904512736171,11.353630640920214,45.414522563680855
171.3,90.83313317079649,136.24969975619473,68.12484987809736,22.70828329269912,-45.41656658539824,4.541656658539824,181.66626634159297,-22.70828329269912,113.54141646349561,34.06242493904868,56.770708231747804,-90.83313317079649,11.35414164634956,45.41656658539824
171.4,90.83717064382924,136.25575596574384,68.12787798287192,22.70929266095731,-45.41858532191462,4.541858532191462,181.67434128765848,-22.70929266095731,113.54646330478656,34.06393899143596,56.77323165239328,-90.83717064382924,11.354646330478655,45.41858532191462
171.5,90.84115573038665,136.26173359557998,68.13086679778999,22.71028893259666,-45.42057786519332,4.542057786519332,181.6823114607733,-22.71028893259666,113.5514446629833,34.065433398894996,56.77572233149165,-90.84115573038665,11.35514446629833,45.42057786519332
171.60000000000002,90.84508632815385,136.26762949223078,68.13381474611539,22.711271582038464,-45.42254316407693,4.542254316407693,181.6901726563077,-22.711271582038464,113.55635791019232,34.066907373057695,56.77817895509616,-90.84508632815385,11.355635791019232,45.42254316407693
171.70000000000002,90.84895981052804,136.27343971579205,68.13671985789603,22.71223995263201,-45.42447990526402,4.542447990526402,181.6979196210561,-22.71223995263201,113.56119976316006,34.06835992894801,56.78059988158003,-90.84895981052804,11.356119976316005,45.42447990526402
171.8,90.85277431438811,136.27916147158217,68.13958073579109,22.71319357859703,-45.42638715719406,4.542638715719406,181.70554862877623,-22.71319357859703,113.56596789298514,34.06979036789554,56.78298394649257,-90.85277431438811,11.356596789298514,45.42638715719406
171.9,90.85652850294115,136.2847927544117,68.14239637720586,22.714132125735286,-45.42826425147057,4.542826425147058,181.7130570058823,-22.714132125735286,113.57066062867644,34.07119818860293,56.78533031433822,-90.85652850294115,11.357066062867643,45.42826425147057
172.0,90.86022118861176,136.29033178291763,68.14516589145882,22.71505529715294,-45.43011059430588,4.543011059430588,181.72044237722352,-22.71505529715294,113.5752764857647,34.07258294572941,56.78763824288235,-90.86022118861176,11.35752764857647,45.43011059430588
172.10000000000002,90.86384999027298,136.29577498540948,68.14788749270474,22.715962497568245,-45.43192499513649,4.5431924995136495,181.72769998054596,-22.715962497568245,113.57981248784122,34.07394374635237,56.78990624392061,-90.86384999027298,11.357981248784123,45.43192499513649
172.20000000000002,90.86741317855233,136.30111976782848,68.15055988391424,22.71685329463808,-45.43370658927616,4.543370658927617,181.73482635710465,-22.71685329463808,113.58426647319041,34.07527994195712,56.792133236595205,-90.86741317855233,11.35842664731904,45.43370658927616
172.3,90.8709087726638,136.30636315899568,68.15318157949784,22.71772719316595,-45.4354543863319,4.54354543863319,181.7418175453276,-22.71772719316595,113.58863596582975,34.07659078974892,56.794317982914876,-90.8709087726638,11.358863596582975,45.4354543863319
172.4,90.87433545968084,136.31150318952126,68.15575159476063,22.71858386492021,-45.43716772984042,4.543716772984042,181.74867091936167,-22.71858386492021,113.59291932460104,34.077875797380315,56.79645966230052,-90.87433545968084,11.359291932460104,45.43716772984042
172.5,90.87769313565768,136.3165397034865,68.15826985174326,22.71942328391442,-45.43884656782884,4.543884656782884,181.75538627131536,-22.71942328391442,113.5971164195721,34.07913492587163,56.79855820978605,-90.87769313565768,11.35971164195721,45.43884656782884
172.60000000000002,90.88098160689502,136.32147241034252,68.16073620517126,22.720245401723755,-45.44049080344751,4.5440490803447515,181.76196321379004,-22.720245401723755,113.60122700861878,34.08036810258563,56.80061350430939,-90.88098160689502,11.360122700861877,45.44049080344751
172.70000000000002,90.8842005169638,136.3263007754457,68.16315038772285,22.72105012924095,-45.4421002584819,4.54421002584819,181.7684010339276,-22.72105012924095,113.60525064620475,34.081575193861426,56.802625323102376,-90.8842005169638,11.360525064620475,45.4421002584819
172.8,90.8873493614489,136.33102404217334,68.16551202108667,22.721837340362224,-45.44367468072445,4.544367468072445,181.7746987228978,-22.721837340362224,113.60918670181113,34.082756010543335,56.80459335090556,-90.8873493614489,11.360918670181112,45.44367468072445
172.9,90.89042721775235,136.33564082662852,68.16782041331426,22.722606804438087,-45.44521360887617,4.544521360887617,181.7808544355047,-22.722606804438087,113.61303402219043,34.08391020665713,56.80651701109522,-90.89042721775235,11.361303402219043,45.44521360887617
173.0,90.89343314735952,136.34014972103927,68.17007486051963,22.72335828683988,-45.44671657367976,4.544671657367976,181.78686629471903,-22.72335828683988,113.6167914341994,34.08503743025982,56.8083957170997,-90.89343314735952,11.36167914341994,45.44671657367976
173.10000000000002,90.89636760989269,136.34455141483903,68.17227570741952,22.724091902473173,-45.448183804946346,4.544818380494635,181.79273521978538,-22.724091902473173,113.62045951236587,34.08613785370976,56.810229756182935,-90.89636760989269,11.362045951236587,45.448183804946346
173.20000000000002,90.89923145937787,136.34884718906682,68.17442359453341,22.72480786484447,-45.44961572968894,4.5449615729688935,181.79846291875575,-22.72480786484447,113.62403932422234,34.087211797266704,56.81201966211117,-90.89923145937787,11.362403932422234,45.44961572968894
173.3,90.902027034546,136.353040551819,68.1765202759095,22.7255067586365,-45.451013517273,4.5451013517273,181.804054069092,-22.7255067586365,113.6275337931825,34.08826013795475,56.81376689659125,-90.902027034546,11.36275337931825,45.451013517273
173.4,90.904758052039,136.35713707805849,68.17856853902924,22.72618951300975,-45.4523790260195,4.54523790260195,181.809516104078,-22.72618951300975,113.63094756504876,34.08928426951462,56.81547378252438,-90.904758052039,11.363094756504875,45.4523790260195
173.5,90.90742951109962,136.36114426664943,68.18057213332472,22.726857377774905,-45.45371475554981,4.5453714755549814,181.81485902219924,-22.726857377774905,113.63428688887453,34.09028606666236,56.817143444437264,-90.90742951109962,11.363428688887453,45.45371475554981
173.60000000000002,90.91004649297591,136.36506973946388,68.18253486973194,22.727511623243977,-45.455023246487954,4.545502324648796,181.82009298595182,-22.727511623243977,113.63755811621988,34.09126743486597,56.81877905810994,-90.91004649297591,11.363755811621989,45.455023246487954
173.70000000000002,90.91261383927399,136.36892075891097,68.18446037945549,22.728153459818497,-45.456306919636994,4.5456306919637,181.82522767854798,-22.728153459818497,113.64076729909249,34.09223018972774,56.820383649546244,-90.91261383927399,11.364076729909248,45.456306919636994
173.8,90.91513787972748,136.37270681959123,68.18635340979561,22.72878446993187,-45.45756893986374,4.545756893986375,181.83027575945496,-22.72878446993187,113.64392234965935,34.09317670489781,56.821961174829674,-90.91513787972748,11.364392234965935,45.45756893986374
173.9,90.91762467473598,136.37643701210396,68.18821850605198,22.729406168683994,-45.45881233736799,4.545881233736799,181.83524934947195,-22.729406168683994,113.64703084341997,34.09410925302599,56.823515421709985,-90.91762467473598,11.364703084341997,45.45881233736799
174.0,90.92007821367069,136.38011732050603,68.19005866025302,22.730019553417673,-45.460039106835346,4.546003910683535,181.84015642734138,-22.730019553417673,113.65009776708837,34.09502933012651,56.825048883544184,-90.92007821367069,11.365009776708836,45.460039106835346
174.10000000000002,90.92250184457326,136.38375276685989,68.19187638342994,22.730625461143315,-45.46125092228663,4.546125092228663,181.84500368914652,-22.730625461143315,113.65312730571658,34.09593819171497,56.82656365285829,-90.92250184457326,11.365312730571658,45.46125092228663
174.20000000000002,90.9248970109446,136.3873455164169,68.19367275820845,22.73122425273615,-45.4624485054723,4.546244850547231,181.8497940218892,-22.73122425273615,113.65612126368076,34.096836379104225,56.82806063184038,-90.9248970109446,11.365612126368076,45.4624485054723
174.3,90.92726439122909,136.39089658684364,68.19544829342182,22.731816097807272,-45.463632195614544,4.546363219561455,181.85452878245817,-22.731816097807272,113.65908048903636,34.09772414671091,56.82954024451818,-90.92726439122909,11.365908048903636,45.463632195614544
174.4,90.92960536269942,136.39440804404913,68.19720402202456,22.732401340674855,-45.46480268134971,4.546480268134971,181.85921072539884,-22.732401340674855,113.66200670337427,34.09860201101228,56.83100335168714,-90.92960536269942,11.366200670337427,45.46480268134971
174.5,90.93192198162414,136.3978829724362,68.1989414862181,22.732980495406036,-45.46596099081207,4.546596099081207,181.86384396324829,-22.732980495406036,113.66490247703018,34.09947074310905,56.83245123851509,-90.93192198162414,11.366490247703018,45.46596099081207
174.60000000000002,90.93421686881221,136.40132530321833,68.20066265160916,22.733554217203054,-45.46710843440611,4.546710843440611,181.86843373762443,-22.733554217203054,113.66777108601526,34.10033132580458,56.83388554300763,-90.93421686881221,11.366777108601527,45.46710843440611
174.70000000000002,90.93649368658424,136.40474052987636,68.20237026493818,22.73412342164606,-45.46824684329212,4.546824684329212,181.87298737316848,-22.73412342164606,113.6706171082303,34.10118513246909,56.83530855411515,-90.93649368658424,11.36706171082303,45.46824684329212
174.8,90.9387579133567,136.40813687003504,68.20406843501752,22.734689478339174,-45.46937895667835,4.546937895667835,181.8775158267134,-22.734689478339174,113.67344739169587,34.10203421750876,56.83672369584794,-90.9387579133567,11.367344739169587,45.46937895667835
174.9,90.94101576785714,136.4115236517857,68.20576182589285,22.735253941964285,-45.47050788392857,4.547050788392857,181.88203153571428,-22.735253941964285,113.67626970982143,34.102880912946425,56.83813485491071,-90.94101576785714,11.367626970982142,45.47050788392857
175.0,90.94327088718741,136.41490633078112,68.20745316539056,22.735817721796852,-45.471635443593705,4.54716354435937,181.88654177437482,-22.735817721796852,113.67908860898426,34.10372658269528,56.83954430449213,-90.94327088718741,11.367908860898426,45.471635443593705
175.10000000000002,90.94552488987362,136.41828733481043,68.20914366740521,22.736381222468406,-45.47276244493681,4.547276244493681,181.89104977974725,-22.736381222468406,113.68190611234203,34.10457183370261,56.84095305617102,-90.94552488987362,11.368190611234203,45.47276244493681
175.20000000000002,90.9477779188521,136.42166687827813,68.21083343913907,22.736944479713024,-45.47388895942605,4.547388895942605,181.8955558377042,-22.736944479713024,113.68472239856513,34.10541671956953,56.842361199282564,-90.9477779188521,11.368472239856512,45.47388895942605
175.3,90.95002868881721,136.42504303322582,68.21252151661291,22.737507172204303,-45.475014344408606,4.547501434440861,181.90005737763443,-22.737507172204303,113.68753586102152,34.106260758306455,56.84376793051076,-90.95002868881721,11.368753586102152,45.475014344408606
175.4,90.95227559008147,136.4284133851222,68.2142066925611,22.738068897520368,-45.476137795040735,4.547613779504074,181.90455118016294,-22.738068897520368,113.69034448760183,34.10710334628055,56.84517224380092,-90.95227559008147,11.369034448760184,45.476137795040735
175.5,90.95451770047453,136.4317765507118,68.2158882753559,22.73862942511863,-45.47725885023726,4.547725885023726,181.90903540094905,-22.73862942511863,113.69314712559316,34.10794413767795,56.84657356279658,-90.95451770047453,11.369314712559316,45.47725885023726
175.60000000000002,90.95675494518221,136.43513241777333,68.21756620888667,22.739188736295553,-45.478377472591106,4.547837747259111,181.91350989036442,-22.739188736295553,113.69594368147776,34.10878310444333,56.84797184073888,-90.95675494518221,11.369594368147776,45.478377472591106
175.70000000000002,90.95898753467915,136.43848130201872,68.21924065100936,22.73974688366979,-45.47949376733958,4.547949376733958,181.9179750693583,-22.73974688366979,113.69873441834895,34.10962032550468,56.849367209174474,-90.95898753467915,11.369873441834894,45.47949376733958
175.8,90.96121445925593,136.4418216888839,68.22091084444195,22.740303614813982,-45.480607229627964,4.548060722962797,181.92242891851186,-22.740303614813982,113.70151807406991,34.11045542222097,56.850759037034955,-90.96121445925593,11.370151807406991,45.480607229627964
175.9,90.96343435162449,136.44515152743674,68.22257576371837,22.74085858790612,-45.48171717581224,4.548171717581225,181.92686870324897,-22.74085858790612,113.7042929395306,34.111287881859184,56.8521464697653,-90.96343435162449,11.37042929395306,45.48171717581224
176.0,90.96564676519012,136.44847014778517,68.22423507389259,22.74141169129753,-45.48282338259506,4.548282338259506,181.93129353038023,-22.74141169129753,113.70705845648764,34.11211753694629,56.85352922824382,-90.96564676519012,11.370705845648764,45.48282338259506
176.10000000000002,90.96785092080347,136.4517763812052,68.2258881906026,22.741962730200868,-45.483925460401736,4.548392546040174,181.93570184160694,-22.741962730200868,113.70981365100434,34.1129440953013,56.85490682550217,-90.96785092080347,11.370981365100434,45.483925460401736
176.20000000000002,90.97004487719174,136.4550673157876,68.2275336578938,22.742511219297935,-45.48502243859587,4.548502243859587,181.94008975438348,-22.742511219297935,113.71255609648968,34.1137668289469,56.85627804824484,-90.97004487719174,11.371255609648967,45.48502243859587
176.3,90.97222639047143,136.45833958570717,68.22916979285358,22.74305659761786,-45.48611319523572,4.548611319523572,181.94445278094287,-22.74305659761786,113.71528298808929,34.11458489642679,56.85764149404464,-90.97222639047143,11.37152829880893,45.48611319523572
176.4,90.97439309653991,136.46158964480986,68.23079482240493,22.74359827413498,-45.48719654826996,4.5487196548269955,181.94878619307983,-22.74359827413498,113.7179913706749,34.115397411202466,56.85899568533745,-90.97439309653991,11.37179913706749,45.48719654826996
176.5,90.97654339020944,136.46481508531417,68.23240754265709,22.74413584755236,-45.48827169510472,4.5488271695104725,181.9530867804189,-22.74413584755236,113.7206792377618,34.11620377132854,56.8603396188809,-90.97654339020944,11.37206792377618,45.48827169510472
176.60000000000002,90.97867609461373,136.4680141419206,68.2340070709603,22.744669023653433,-45.489338047306866,4.548933804730686,181.95735218922746,-22.744669023653433,113.72334511826716,34.11700353548015,56.86167255913358,-90.97867609461373,11.372334511826717,45.489338047306866
176.70000000000002,90.98078959086945,136.47118438630417,68.23559219315209,22.745197397717362,-45.490394795434725,4.549039479543473,181.9615791817389,-22.745197397717362,113.72598698858681,34.11779609657604,56.862993494293406,-90.98078959086945,11.372598698858681,45.490394795434725
176.8,90.98288125396533,136.474321880948,68.237160940474,22.745720313491333,-45.491440626982666,4.549144062698267,181.96576250793066,-22.745720313491333,113.72860156745666,34.118580470237,56.86430078372833,-90.98288125396533,11.372860156745666,45.491440626982666
176.9,90.98494793151019,136.4774218972653,68.23871094863264,22.746236982877548,-45.492473965755096,4.54924739657551,181.96989586302038,-22.746236982877548,113.73118491438774,34.11935547431632,56.86559245719387,-90.98494793151019,11.373118491438774,45.492473965755096
177.0,90.98698620890971,136.48047931336458,68.24023965668229,22.746746552227428,-45.493493104454856,4.549349310445486,181.97397241781943,-22.746746552227428,113.73373276113713,34.120119828341146,56.86686638056857,-90.98698620890971,11.373373276113714,45.493493104454856
177.10000000000002,90.98899339667909,136.48349009501862,68.24174504750931,22.747248349169773,-45.494496698339546,4.549449669833955,181.97798679335818,-22.747248349169773,113.73624174584887,34.120872523754656,56.868120872924436,-90.98899339667909,11.373624174584887,45.494496698339546
177.20000000000002,90.99096652173522,136.48644978260282,68.24322489130141,22.747741630433804,-45.49548326086761,4.549548326086761,181.98193304347043,-22.747741630433804,113.73870815216902,34.121612445650705,56.86935407608451,-90.99096652173522,11.373870815216902,45.49548326086761
177.3,90.99290261757994,136.48935392636992,68.24467696318496,22.748225654394986,-45.49645130878997,4.549645130878997,181.9858052351599,-22.748225654394986,113.74112827197493,34.12233848159248,56.870564135987465,-90.99290261757994,11.374112827197493,45.49645130878997
177.4,90.99480089551548,136.49220134327322,68.24610067163661,22.74870022387887,-45.49740044775774,4.549740044775774,181.98960179103096,-22.74870022387887,113.74350111939435,34.123050335818306,56.871750559697176,-90.99480089551548,11.374350111939435,45.49740044775774
177.5,90.99666076798991,136.49499115198486,68.24749557599243,22.749165191997477,-45.498330383994954,4.549833038399496,181.99332153597982,-22.749165191997477,113.74582595998739,34.123747787996216,56.87291297999369,-90.99666076798991,11.374582595998739,45.498330383994954
177.60000000000002,90.99848042616732,136.49772063925099,68.24886031962549,22.74962010654183,-45.49924021308366,4.5499240213083665,181.99696085233464,-22.74962010654183,113.74810053270915,34.124430159812746,56.87405026635457,-90.99848042616732,11.374810053270915,45.49924021308366
177.70000000000002,91.00025837893585,136.50038756840377,68.25019378420188,22.750064594733963,-45.50012918946793,4.550012918946793,182.0005167578717,-22.750064594733963,113.75032297366982,34.12509689210094,56.87516148683491,-91.00025837893585,11.375032297366982,45.50012918946793
177.8,91.00199141979499,136.50298712969249,68.25149356484624,22.750497854948748,-45.500995709897495,4.55009957098975,182.00398283958998,-22.750497854948748,113.75248927474374,34.12574678242312,56.87624463737187,-91.00199141979499,11.375248927474374,45.500995709897495
177.9,91.00367646119457,136.50551469179186,68.25275734589593,22.750919115298643,-45.501838230597286,4.5501838230597285,182.00735292238915,-22.750919115298643,113.75459557649322,34.126378672947965,56.87729778824661,-91.00367646119457,11.375459557649322,45.501838230597286
178.0,91.0053098361289,136.50796475419335,68.25398237709668,22.751327459032225,-45.50265491806445,4.550265491806445,182.0106196722578,-22.751327459032225,113.75663729516113,34.12699118854834,56.87831864758056,-91.0053098361289,11.375663729516113,45.50265491806445
178.10000000000002,91.00688894498414,136.5103334174762,68.2551667087381,22.751722236246035,-45.50344447249207,4.550344447249207,182.01377788996828,-22.751722236246035,113.75861118123018,34.12758335436905,56.87930559061509,-91.00688894498414,11.375861118123018,45.50344447249207
178.20000000000002,91.00841169340234,136.51261754010352,68.25630877005176,22.752102923350584,-45.50420584670117,4.550420584670117,182.01682338680467,-22.752102923350584,113.76051461675291,34.12815438502588,56.88025730837646,-91.00841169340234,11.376051461675292,45.50420584670117
178.3,91.00987678494064,136.51481517741098,68.25740758870549,22.75246919623516,-45.50493839247032,4.550493839247032,182.0197535698813,-22.75246919623516,113.7623459811758,34.128703794352745,56.8811729905879,-91.00987678494064,11.37623459811758,45.50493839247032
178.4,91.01128408766176,136.51692613149265,68.25846306574633,22.75282102191544,-45.50564204383088,4.550564204383089,182.02256817532353,-22.75282102191544,113.7641051095772,34.12923153287316,56.8820525547886,-91.01128408766176,11.37641051095772,45.50564204383088
178.5,91.01263469137893,136.5189520370684,68.2594760185342,22.753158672844734,-45.50631734568947,4.550631734568947,182.02526938275787,-22.753158672844734,113.76579336422367,34.1297380092671,56.882896682111834,-91.01263469137893,11.376579336422367,45.50631734568947
178.60000000000002,91.01392994131727,136.52089491197592,68.26044745598796,22.753482485329318,-45.506964970658636,4.550696497065863,182.02785988263454,-22.753482485329318,113.76741242664659,34.13022372799398,56.88370621332329,-91.01392994131727,11.376741242664659,45.506964970658636
178.70000000000002,91.01517095378024,136.52275643067037,68.26137821533518,22.75379273844506,-45.50758547689012,4.5507585476890124,182.03034190756048,-22.75379273844506,113.7689636922253,34.13068910766759,56.88448184611265,-91.01517095378024,11.37689636922253,45.50758547689012
178.8,91.01635889693794,136.5245383454069,68.26226917270345,22.754089724234486,-45.50817944846897,4.550817944846897,182.0327177938759,-22.754089724234486,113.77044862117243,34.13113458635173,56.88522431058622,-91.01635889693794,11.377044862117243,45.50817944846897
178.9,91.01749507847151,136.52624261770728,68.26312130885364,22.754373769617878,-45.508747539235756,4.550874753923575,182.03499015694302,-22.754373769617878,113.77186884808938,34.13156065442682,56.88593442404469,-91.01749507847151,11.377186884808939,45.508747539235756
179.0,91.0185796792478,136.52786951887168,68.26393475943584,22.75464491981195,-45.5092898396239,4.55092898396239,182.0371593584956,-22.75464491981195,113.77322459905974,34.13196737971792,56.88661229952987,-91.0185796792478,11.377322459905974,45.5092898396239
179.10000000000002,91.01961365427893,136.52942048141838,68.26471024070919,22.754903413569732,-45.509806827139464,4.550980682713947,182.03922730855786,-22.754903413569732,113.77451706784866,34.132355120354596,56.88725853392433,-91.01961365427893,11.377451706784866,45.509806827139464
179.20000000000002,91.02059720819288,136.53089581228932,68.26544790614466,22.75514930204822,-45.51029860409644,4.551029860409645,182.04119441638576,-22.75514930204822,113.7757465102411,34.13272395307233,56.88787325512055,-91.02059720819288,11.37757465102411,45.51029860409644
179.3,91.02153072614836,136.53229608922254,68.26614804461127,22.75538268153709,-45.51076536307418,4.551076536307418,182.0430614522967,-22.75538268153709,113.77691340768544,34.133074022305635,56.88845670384272,-91.02153072614836,11.377691340768544,45.51076536307418
179.4,91.02241465462563,136.53362198193844,68.26681099096922,22.75560366365641,-45.51120732731282,4.551120732731282,182.04482930925127,-22.75560366365641,113.77801831828205,34.13340549548461,56.889009159141025,-91.02241465462563,11.377801831828204,45.51120732731282
179.5,91.02325006315871,136.53487509473808,68.26743754736904,22.75581251578968,-45.51162503157936,4.5511625031579355,182.04650012631743,-22.75581251578968,113.77906257894838,34.13371877368452,56.88953128947419,-91.02325006315871,11.37790625789484,45.51162503157936
179.60000000000002,91.02403807188868,136.53605710783302,68.26802855391651,22.75600951797217,-45.51201903594434,4.551201903594435,182.04807614377737,-22.75600951797217,113.78004758986086,34.134014276958254,56.89002379493043,-91.02403807188868,11.378004758986085,45.51201903594434
179.70000000000002,91.02478094206165,136.5371714130925,68.26858570654625,22.756195235515413,-45.51239047103083,4.551239047103083,182.0495618841233,-22.756195235515413,113.78097617757706,34.134292853273124,56.89048808878853,-91.02478094206165,11.378097617757707,45.51239047103083
179.8,91.02548128358397,136.53822192537595,68.26911096268798,22.756370320895993,-45.512740641791986,4.551274064179199,182.05096256716794,-22.756370320895993,113.78185160447997,34.13455548134399,56.890925802239984,-91.02548128358397,11.378185160447996,45.512740641791986
179.9,91.02614165617966,136.53921248426948,68.26960624213474,22.756535414044915,-45.51307082808983,4.551307082808983,182.05228331235932,-22.756535414044915,113.78267707022458,34.13480312106737,56.89133853511229,-91.02614165617966,11.378267707022458,45.51307082808983
180.0,91.02676664354868,136.54014996532302,68.27007498266151,22.75669166088717,-45.51338332177434,4.551338332177434,182.05353328709737,-22.75669166088717,113.78345830443585,34.135037491330756,56.89172915221793,-91.02676664354868,11.378345830443585,45.51338332177434
180.10000000000002,91.02736181058441,136.5410427158766,68.2705213579383,22.756840452646102,-45.513680905292205,4.551368090529221,182.05472362116882,-22.756840452646102,113.78420226323051,34.13526067896915,56.892101131615256,-91.02736181058441,11.378420226323051,45.513680905292205
180.20000000000002,91.02793328587964,136.54189992881948,68.27094996440974,22.75698332146991,-45.51396664293982,4.551396664293982,182.05586657175928,-22.75698332146991,113.78491660734954,34.13547498220487,56.89245830367477,-91.02793328587964,11.378491660734955,45.51396664293982
180.3,91.02848659107288,136.54272988660932,68.27136494330466,22.75712164776822,-45.51424329553644,4.551424329553644,182.05697318214575,-22.75712164776822,113.78560823884109,34.13568247165233,56.892804119420546,-91.02848659107288,11.37856082388411,45.51424329553644
180.4,91.02902637181309,136.54353955771964,68.27176977885982,22.757256592953272,-45.514513185906544,4.551451318590654,182.05805274362618,-22.757256592953272,113.78628296476636,34.13588488942991,56.89314148238318,-91.02902637181309,11.378628296476636,45.514513185906544
180.5,91.02955620648407,136.5443343097261,68.27216715486306,22.75738905162102,-45.51477810324204,4.5514778103242035,182.05911241296815,-22.75738905162102,113.78694525810509,34.13608357743153,56.893472629052546,-91.02955620648407,11.37869452581051,45.51477810324204
180.60000000000002,91.03007721181955,136.5451158177293,68.27255790886466,22.757519302954886,-45.51503860590977,4.5515038605909774,182.0601544236391,-22.757519302954886,113.78759651477444,34.13627895443233,56.89379825738722,-91.03007721181955,11.378759651477443,45.51503860590977
180.70000000000002,91.0305900243561,136.54588503653414,68.27294251826707,22.757647506089025,-45.51529501217805,4.551529501217805,182.0611800487122,-22.757647506089025,113.78823753044513,34.136471259133536,56.894118765222565,-91.0305900243561,11.378823753044513,45.51529501217805
180.8,91.03109477072248,136.54664215608372,68.27332107804186,22.75777369268062,-45.51554738536124,4.551554738536124,182.06218954144495,-22.75777369268062,113.78886846340309,34.13666053902093,56.894434231701545,-91.03109477072248,11.37888684634031,45.51554738536124
180.9,91.0315898294231,136.54738474413466,68.27369237206733,22.757897457355774,-45.51579491471155,4.551579491471155,182.0631796588462,-22.757897457355774,113.78948728677886,34.136846186033665,56.89474364338943,-91.0315898294231,11.378948728677887,45.51579491471155
181.0,91.03207253985349,136.54810880978022,68.27405440489011,22.758018134963372,-45.516036269926744,4.551603626992675,182.06414507970698,-22.758018134963372,113.79009067481687,34.137027202445054,56.89504533740843,-91.03207253985349,11.379009067481686,45.516036269926744
181.10000000000002,91.03254234415951,136.54881351623925,68.27440675811962,22.758135586039877,-45.516271172079755,4.551627117207976,182.06508468831902,-22.758135586039877,113.7906779301994,34.13720337905981,56.8953389650997,-91.03254234415951,11.379067793019939,45.516271172079755
181.20000000000002,91.03300045016272,136.54950067524408,68.27475033762204,22.75825011254068,-45.51650022508136,4.551650022508136,182.06600090032543,-22.75825011254068,113.7912505627034,34.13737516881102,56.8956252813517,-91.03300045016272,11.37912505627034,45.51650022508136
181.3,91.033449244311,136.5501738664665,68.27508693323325,22.75836231107775,-45.5167246221555,4.55167246221555,182.066898488622,-22.75836231107775,113.79181155538875,34.13754346661663,56.895905777694374,-91.033449244311,11.379181155538875,45.5167246221555
181.4,91.03389175890905,136.5508376383636,68.2754188191818,22.758472939727262,-45.516945879454525,4.551694587945453,182.0677835178181,-22.758472939727262,113.7923646986363,34.1377094095909,56.89618234931815,-91.03389175890905,11.379236469863631,45.516945879454525
181.5,91.03433092088751,136.55149638133128,68.27574819066564,22.758582730221878,-45.517165460443756,4.551716546044376,182.06866184177503,-22.758582730221878,113.79291365110939,34.13787409533282,56.896456825554694,-91.03433092088751,11.379291365110939,45.517165460443756
181.60000000000002,91.0347689540807,136.55215343112104,68.27607671556052,22.758692238520176,-45.51738447704035,4.551738447704035,182.0695379081614,-22.758692238520176,113.79346119260089,34.13803835778026,56.89673059630044,-91.0347689540807,11.379346119260088,45.51738447704035
181.70000000000002,91.03520791826969,136.55281187740454,68.27640593870227,22.758801979567423,-45.517603959134846,4.551760395913485,182.07041583653938,-22.758801979567423,113.79400989783711,34.138202969351134,56.89700494891856,-91.03520791826969,11.379400989783711,45.517603959134846
181.8,91.03564977449918,136.55347466174877,68.27673733087438,22.758912443624794,-45.51782488724959,4.551782488724959,182.07129954899835,-22.758912443624794,113.79456221812397,34.13836866543719,56.897281109061986,-91.03564977449918,11.379456221812397,45.51782488724959
181.9,91.036097584262,136.554146376393,68.2770731881965,22.7590243960655,-45.518048792131,4.5518048792131,182.072195168524,-22.7590243960655,113.7951219803275,34.13853659409825,56.89756099016375,-91.036097584262,11.37951219803275,45.518048792131
182.0,91.0365551267641,136.55483269014616,68.27741634507308,22.759138781691025,-45.51827756338205,4.551827756338205,182.0731102535282,-22.759138781691025,113.79569390845512,34.13870817253654,56.89784695422756,-91.0365551267641,11.379569390845512,45.51827756338205
182.10000000000002,91.03702570821406,136.5555385623211,68.27776928116054,22.759256427053515,-45.51851285410703,4.551851285410703,182.07405141642812,-22.759256427053515,113.79628213526757,34.13888464058027,56.89814106763379,-91.03702570821406,11.379628213526757,45.51851285410703
182.20000000000002,91.03751354774938,136.55627032162408,68.27813516081204,22.759378386937346,-45.51875677387469,4.55187567738747,182.07502709549877,-22.759378386937346,113.79689193468673,34.13906758040602,56.89844596734336,-91.03751354774938,11.379689193468673,45.51875677387469
182.3,91.03802281535549,136.55703422303324,68.27851711151662,22.759505703838872,-45.519011407677745,4.551901140767774,182.07604563071098,-22.759505703838872,113.79752851919436,34.13925855575831,56.89876425959718,-91.03802281535549,11.379752851919436,45.519011407677745
182.4,91.0385555811584,136.55783337173762,68.27891668586881,22.7596388952896,-45.5192777905792,4.5519277790579205,182.0771111623168,-22.7596388952896,113.798194476448,34.139458342934404,56.899097238224,-91.0385555811584,11.3798194476448,45.5192777905792
182.5,91.03911529407125,136.55867294110686,68.27933647055343,22.759778823517813,-45.519557647035626,4.551955764703563,182.0782305881425,-22.759778823517813,113.79889411758907,34.139668235276716,56.899447058794536,-91.03911529407125,11.379889411758906,45.519557647035626
182.60000000000002,91.03970610771886,136.55955916157828,68.27977958078914,22.759926526929714,-45.51985305385943,4.551985305385943,182.0794122154377,-22.759926526929714,113.79963263464857,34.13988979039457,56.89981631732429,-91.03970610771886,11.379963263464857,45.51985305385943
182.70000000000002,91.04033311274308,136.56049966911462,68.28024983455731,22.76008327818577,-45.52016655637154,4.552016655637154,182.08066622548617,-22.76008327818577,113.80041639092886,34.140124917278655,56.90020819546443,-91.04033311274308,11.380041639092886,45.52016655637154
182.8,91.04100045641721,136.5615006846258,68.2807503423129,22.760250114104302,-45.520500228208604,4.55205002282086,182.08200091283442,-22.760250114104302,113.80125057052152,34.14037517115645,56.90062528526076,-91.04100045641721,11.380125057052151,45.520500228208604
182.9,91.04171131208174,136.5625669681226,68.2812834840613,22.760427828020436,-45.52085565604087,4.552085565604087,182.0834226241635,-22.760427828020436,113.80213914010218,34.14064174203065,56.90106957005109,-91.04171131208174,11.380213914010218,45.52085565604087
183.0,91.04246756634485,136.5637013495173,68.28185067475864,22.760616891586213,-45.52123378317243,4.552123378317243,182.0849351326897,-22.760616891586213,113.80308445793106,34.14092533737932,56.90154222896553,-91.04246756634485,11.380308445793107,45.52123378317243
183.10000000000002,91.04326947122392,136.56490420683588,68.28245210341794,22.76081736780598,-45.52163473561196,4.552163473561197,182.08653894244785,-22.76081736780598,113.8040868390299,34.14122605170897,56.90204341951495,-91.04326947122392,11.38040868390299,45.52163473561196
183.20000000000002,91.04411754022047,136.56617631033072,68.28308815516536,22.761029385055117,-45.522058770110235,4.552205877011024,182.08823508044094,-22.761029385055117,113.80514692527558,34.14154407758268,56.90257346263779,-91.04411754022047,11.380514692527559,45.522058770110235
183.3,91.04501256016678,136.56751884025016,68.28375942012508,22.761253140041696,-45.52250628008339,4.5522506280083395,182.09002512033356,-22.761253140041696,113.80626570020848,34.14187971006254,56.90313285010424,-91.04501256016678,11.380626570020848,45.52250628008339
183.4,91.0459547771804,136.5689321657706,68.2844660828853,22.7614886942951,-45.5229773885902,4.5522977388590204,182.0919095543608,-22.7614886942951,113.8074434714755,34.14223304144265,56.90372173573775,-91.0459547771804,11.38074434714755,45.5229773885902
183.5,91.04694343066835,136.57041514600252,68.28520757300126,22.761735857667087,-45.523471715334175,4.552347171533418,182.0938868613367,-22.761735857667087,113.80867928833544,34.14260378650063,56.90433964416772,-91.04694343066835,11.380867928833544,45.523471715334175
183.60000000000002,91.04797747050898,136.5719662057635,68.28598310288174,22.761994367627246,-45.52398873525449,4.5523988735254495,182.09595494101796,-22.761994367627246,113.80997183813622,34.14299155144087,56.90498591906811,-91.04797747050898,11.380997183813623,45.52398873525449
183.70000000000002,91.04905528135141,136.57358292202713,68.28679146101356,22.762263820337854,-45.52452764067571,4.552452764067571,182.09811056270283,-22.762263820337854,113.81131910168926,34.14339573050678,56.90565955084463,-91.04905528135141,11.381131910168927,45.52452764067571
183.8,91.05017606016867,136.575264090253,68.2876320451265,22.762544015042167,-45.52508803008433,4.5525088030084335,182.10035212033733,-22.762544015042167,113.81272007521083,34.14381602256325,56.90636003760542,-91.05017606016867,11.381272007521083,45.52508803008433
183.9,91.05133991288643,136.57700986932966,68.28850493466483,22.76283497822161,-45.52566995644322,4.552566995644322,182.10267982577287,-22.76283497822161,113.81417489110804,34.144252467332414,56.90708744555402,-91.05133991288643,11.381417489110804,45.52566995644322
184.0,91.05254609706581,136.57881914559871,68.28940957279936,22.763136524266454,-45.52627304853291,4.552627304853291,182.10509219413163,-22.763136524266454,113.81568262133227,34.14470478639968,56.907841310666136,-91.05254609706581,11.381568262133227,45.52627304853291
184.10000000000002,91.05379288880191,136.58068933320286,68.29034466660143,22.763448222200477,-45.526896444400954,4.552689644440096,182.10758577760382,-22.763448222200477,113.81724111100239,34.145172333300714,56.908620555501194,-91.05379288880191,11.381724111100239,45.526896444400954
184.20000000000002,91.05507888959728,136.58261833439593,68.29130916719797,22.76376972239932,-45.52753944479864,4.552753944479864,182.11015777919457,-22.76376972239932,113.8188486119966,34.14565458359898,56.9094243059983,-91.05507888959728,11.38188486119966,45.52753944479864
184.3,91.0564038339498,136.5846057509247,68.29230287546235,22.76410095848745,-45.5282019169749,4.55282019169749,182.1128076678996,-22.76410095848745,113.82050479243725,34.14615143773118,56.910252396218624,-91.0564038339498,11.382050479243725,45.5282019169749
184.4,91.05776584127263,136.58664876190895,68.29332438095447,22.764441460318157,-45.52888292063631,4.552888292063631,182.11553168254525,-22.764441460318157,113.82220730159078,34.14666219047724,56.91110365079539,-91.05776584127263,11.382220730159078,45.52888292063631
184.5,91.05916425243252,136.58874637864878,68.29437318932439,22.76479106310813,-45.52958212621626,4.552958212621626,182.11832850486505,-22.76479106310813,113.82395531554066,34.147186594662195,56.91197765777033,-91.05916425243252,11.382395531554065,45.52958212621626
184.60000000000002,91.06059844200902,136.59089766301355,68.29544883150677,22.765149610502256,-45.53029922100451,4.5530299221004515,182.12119688401805,-22.765149610502256,113.82574805251127,34.14772441575339,56.912874026255636,-91.06059844200902,11.382574805251128,45.53029922100451
184.70000000000002,91.06206774614924,136.59310161922386,68.29655080961193,22.76551693653731,-45.53103387307462,4.553103387307462,182.12413549229848,-22.76551693653731,113.82758468268655,34.148275404805965,56.913792341343274,-91.06206774614924,11.382758468268655,45.53103387307462
184.8,91.06357130060088,136.59535695090133,68.29767847545067,22.76589282515022,-45.53178565030044,4.553178565030044,182.12714260120177,-22.76589282515022,113.8294641257511,34.14883923772533,56.91473206287555,-91.06357130060088,11.38294641257511,45.53178565030044
184.9,91.06510631813227,136.5976594771984,68.2988297385992,22.766276579533066,-45.53255315906613,4.553255315906614,182.13021263626453,-22.766276579533066,113.83138289766534,34.1494148692996,56.91569144883267,-91.06510631813227,11.383138289766533,45.53255315906613
185.0,91.06666797954873,136.6000019693231,68.30000098466155,22.76666699488718,-45.53333398977436,4.553333398977436,182.13333595909745,-22.76666699488718,113.8333349744359,34.150000492330776,56.91666748721795,-91.06666797954873,11.38333349744359,45.53333398977436
185.10000000000002,91.06825029982097,136.60237544973145,68.30118772486573,22.767062574955244,-45.53412514991049,4.553412514991049,182.13650059964195,-22.767062574955244,113.83531287477622,34.15059386243286,56.91765643738811,-91.06825029982097,11.383531287477622,45.53412514991049
185.20000000000002,91.06984643544617,136.60476965316926,68.30238482658463,22.76746160886154,-45.53492321772308,4.553492321772309,182.13969287089233,-22.76746160886154,113.8373080443077,34.151192413292314,56.91865402215385,-91.06984643544617,11.38373080443077,45.53492321772308
185.3,91.07144836023848,136.6071725403577,68.30358627017885,22.76786209005962,-45.53572418011924,4.553572418011924,182.14289672047695,-22.76786209005962,113.8393104502981,34.15179313508943,56.91965522514905,-91.07144836023848,11.38393104502981,45.53572418011924
185.4,91.07304870569872,136.60957305854808,68.30478652927404,22.76826217642468,-45.53652435284936,4.553652435284937,182.14609741139745,-22.76826217642468,113.84131088212341,34.15239326463702,56.920655441061704,-91.07304870569872,11.38413108821234,45.53652435284936
185.5,91.0746399537781,136.61195993066715,68.30597996533358,22.768659988444526,-45.53731997688905,4.553731997688906,182.1492799075562,-22.768659988444526,113.84329994222263,34.15298998266679,56.921649971111314,-91.0746399537781,11.384329994222263,45.53731997688905
185.60000000000002,91.07621481118369,136.61432221677552,68.30716110838776,22.769053702795922,-45.538107405591845,4.553810740559185,182.15242962236738,-22.769053702795922,113.84526851397962,34.15358055419388,56.92263425698981,-91.07621481118369,11.384526851397961,45.538107405591845
185.70000000000002,91.07776502187814,136.6166475328172,68.3083237664086,22.769441255469534,-45.53888251093907,4.553888251093907,182.15553004375627,-22.769441255469534,113.84720627734767,34.1541618832043,56.92360313867383,-91.07776502187814,11.384720627734767,45.53888251093907
185.8,91.07928231327267,136.61892346990902,68.30946173495451,22.769820578318168,-45.539641156636335,4.553964115663634,182.15856462654534,-22.769820578318168,113.84910289159083,34.154730867477255,56.924551445795416,-91.07928231327267,11.384910289159084,45.539641156636335
185.9,91.08075923707855,136.62113885561783,68.31056942780891,22.770189809269638,-45.540379618539276,4.554037961853928,182.1615184741571,-22.770189809269638,113.85094904634819,34.15528471390446,56.925474523174096,-91.08075923707855,11.385094904634819,45.540379618539276
186.0,91.08218936413327,136.6232840461999,68.31164202309995,22.770547341033318,-45.541094682066635,4.554109468206664,182.16437872826654,-22.770547341033318,113.85273670516659,34.155821011549975,56.926368352583296,-91.08218936413327,11.385273670516659,45.541094682066635
186.10000000000002,91.08356522098231,136.62534783147345,68.31267391573672,22.770891305245577,-45.541782610491154,4.554178261049116,182.16713044196462,-22.770891305245577,113.85445652622789,34.15633695786836,56.927228263113946,-91.08356522098231,11.385445652622789,45.541782610491154
186.20000000000002,91.08487984179762,136.62731976269643,68.31365988134822,22.771219960449404,-45.54243992089881,4.554243992089881,182.16975968359523,-22.771219960449404,113.85609980224702,34.15682994067411,56.92804990112351,-91.08487984179762,11.385609980224702,45.54243992089881
186.3,91.08612684864585,136.62919027296877,68.31459513648439,22.77153171216146,-45.54306342432292,4.554306342432293,182.1722536972917,-22.77153171216146,113.85765856080731,34.15729756824219,56.928829280403654,-91.08612684864585,11.38576585608073,45.54306342432292
186.4,91.08730095195084,136.63095142792625,68.31547571396312,22.77182523798771,-45.54365047597542,4.554365047597542,182.17460190390167,-22.77182523798771,113.85912618993855,34.15773785698156,56.929563094969275,-91.08730095195084,11.385912618993855,45.54365047597542
186.5,91.08839783356383,136.63259675034575,68.31629837517288,22.772099458390958,-45.544198916781916,4.554419891678192,182.17679566712766,-22.772099458390958,113.86049729195479,34.15814918758644,56.93024864597739,-91.08839783356383,11.386049729195479,45.544198916781916
186.60000000000002,91.08941391923707,136.6341208788556,68.3170604394278,22.77235347980927,-45.54470695961854,4.554470695961854,182.17882783847415,-22.77235347980927,113.86176739904634,34.1585302197139,56.93088369952317,-91.08941391923707,11.386176739904634,45.54470695961854
186.70000000000002,91.09034449381377,136.63551674072067,68.31775837036034,22.772586123453443,-45.54517224690689,4.554517224690689,182.18068898762755,-22.772586123453443,113.86293061726721,34.15887918518017,56.931465308633605,-91.09034449381377,11.386293061726722,45.54517224690689
186.8,91.09118600062381,136.63677900093572,68.31838950046786,22.772796500155952,-45.545593000311904,4.55455930003119,182.18237200124761,-22.772796500155952,113.86398250077976,34.15919475023393,56.93199125038988,-91.09118600062381,11.386398250077976,45.545593000311904
186.9,91.09193684638046,136.6379052695707,68.31895263478535,22.772984211595116,-45.54596842319023,4.5545968423190235,182.18387369276093,-22.772984211595116,113.86492105797558,34.159476317392674,56.93246052898779,-91.09193684638046,11.386492105797558,45.54596842319023
187.0,91.09259764206841,136.6388964631026,68.3194482315513,22.773149410517103,-45.546298821034206,4.554629882103421,182.18519528413682,-22.773149410517103,113.86574705258552,34.15972411577565,56.93287352629276,-91.09259764206841,11.386574705258552,45.546298821034206
187.10000000000002,91.0931710260384,136.6397565390576,68.3198782695288,22.7732927565096,-45.5465855130192,4.55465855130192,182.1863420520768,-22.7732927565096,113.86646378254801,34.1599391347644,56.933231891274005,-91.0931710260384,11.3866463782548,45.5465855130192
187.20000000000002,91.09365951548602,136.64048927322904,68.32024463661452,22.773414878871506,-45.54682975774301,4.554682975774301,182.18731903097205,-22.773414878871506,113.86707439435753,34.16012231830726,56.933537197178765,-91.09365951548602,11.386707439435753,45.54682975774301
187.3,91.09406754303416,136.64110131455124,68.32055065727562,22.77351688575854,-45.54703377151708,4.554703377151708,182.1881350860683,-22.77351688575854,113.8675844287927,34.16027532863781,56.93379221439635,-91.09406754303416,11.38675844287927,45.54703377151708
187.4,91.09439834988525,136.6415975248279,68.32079876241394,22.773599587471313,-45.54719917494263,4.554719917494263,182.1887966997705,-22.773599587471313,113.86799793735656,34.16039938120697,56.93399896867828,-91.09439834988525,11.386799793735657,45.54719917494263
187.5,91.09465364375524,136.64198046563286,68.32099023281643,22.77366341093881,-45.54732682187762,4.554732682187762,182.18930728751047,-22.77366341093881,113.86831705469405,34.160495116408214,56.93415852734702,-91.09465364375524,11.386831705469405,45.54732682187762
187.60000000000002,91.09483589219514,136.6422538382927,68.32112691914635,22.773708973048784,-45.54741794609757,4.554741794609757,182.18967178439027,-22.773708973048784,113.86854486524392,34.160563459573176,56.93427243262196,-91.09483589219514,11.386854486524392,45.54741794609757
187.70000000000002,91.09494767991097,136.64242151986645,68.32121075993322,22.773736919977743,-45.54747383995549,4.554747383995549,182.18989535982195,-22.773736919977743,113.86868459988872,34.16060537996661,56.93434229994436,-91.09494767991097,11.386868459988872,45.54747383995549
187.8,91.09499072690463,136.64248609035695,68.32124304517848,22.773747681726157,-45.54749536345231,4.5547495363452315,182.18998145380925,-22.773747681726157,113.86873840863078,34.16062152258924,56.93436920431539,-91.09499072690463,11.386873840863078,45.54749536345231
187.9,91.09496776569137,136.64245164853705,68.32122582426852,22.77374194142284,-45.54748388284568,4.554748388284568,182.18993553138273,-22.77374194142284,113.8687097071142,34.16061291213426,56.9343548535571,-91.09496776569137,11.38687097071142,45.54748388284568
188.0,91.09488159724961,136.64232239587443,68.32116119793722,22.773720399312403,-45.547440798624805,4.5547440798624805,182.18976319449922,-22.773720399312403,113.868601996562,34.16058059896861,56.934300998281,-91.09488159724961,11.386860199656201,45.547440798624805
188.10000000000002,91.09473387811883,136.64210081717823,68.32105040858912,22.773683469529708,-45.547366939059415,4.554736693905942,182.18946775623766,-22.773683469529708,113.86841734764855,34.16052520429456,56.93420867382427,-91.09473387811883,11.386841734764854,45.547366939059415
188.20000000000002,91.09452579153456,136.64178868730184,68.32089434365092,22.77363144788364,-45.54726289576728,4.554726289576728,182.18905158306913,-22.77363144788364,113.86815723941821,34.16044717182546,56.934078619709105,-91.09452579153456,11.38681572394182,45.54726289576728
188.3,91.09426031192936,136.64139046789404,68.32069523394702,22.77356507798234,-45.54713015596468,4.554713015596469,182.18852062385872,-22.77356507798234,113.8678253899117,34.16034761697351,56.93391269495585,-91.09426031192936,11.38678253899117,45.54713015596468
188.4,91.09394237542699,136.6409135631405,68.32045678157024,22.773485593856748,-45.546971187713496,4.55469711877135,182.18788475085398,-22.773485593856748,113.86742796928374,34.16022839078512,56.93371398464187,-91.09394237542699,11.386742796928374,45.546971187713496
188.5,91.09357698560889,136.64036547841334,68.32018273920667,22.773394246402223,-45.546788492804446,4.554678849280445,182.18715397121778,-22.773394246402223,113.86697123201111,34.160091369603336,56.933485616005555,-91.09357698560889,11.386697123201111,45.546788492804446
188.60000000000002,91.09316890789513,136.6397533618427,68.31987668092135,22.773292226973783,-45.54658445394757,4.5546584453947565,182.18633781579027,-22.773292226973783,113.86646113486891,34.15993834046068,56.93323056743446,-91.09316890789513,11.386646113486892,45.54658445394757
188.70000000000002,91.09272452574154,136.6390867886123,68.31954339430615,22.773181131435386,-45.54636226287077,4.554636226287077,182.1854490514831,-22.773181131435386,113.86590565717694,34.159771697153076,56.93295282858847,-91.09272452574154,11.386590565717693,45.54636226287077
188.8,91.0922490863475,136.63837362952125,68.31918681476063,22.773062271586873,-45.54612454317375,4.5546124543173745,182.184498172695,-22.773062271586873,113.86531135793436,34.159593407380314,56.93265567896718,-91.0922490863475,11.386531135793437,45.54612454317375
188.9,91.0917472052061,136.63762080780916,68.31881040390458,22.772936801301526,-45.54587360260305,4.554587360260306,182.1834944104122,-22.772936801301526,113.86468400650763,34.15940520195229,56.932342003253815,-91.0917472052061,11.386468400650763,45.54587360260305
189.0,91.09122280755747,136.6368342113362,68.3184171056681,22.772805701889368,-45.545611403778736,4.554561140377873,182.18244561511494,-22.772805701889368,113.86402850944684,34.15920855283405,56.93201425472342,-91.09122280755747,11.386402850944684,45.545611403778736
189.10000000000002,91.09067852515325,136.63601778772988,68.31800889386494,22.772669631288313,-45.545339262576626,4.554533926257663,182.1813570503065,-22.772669631288313,113.86334815644156,34.15900444693247,56.93167407822078,-91.09067852515325,11.386334815644156,45.545339262576626
189.20000000000002,91.09011491742062,136.63517237613092,68.31758618806546,22.772528729355155,-45.54505745871031,4.554505745871031,182.18022983484124,-22.772528729355155,113.86264364677578,34.15879309403273,56.93132182338789,-91.09011491742062,11.386264364677578,45.54505745871031
189.3,91.08953290481712,136.63429935722567,68.31714967861284,22.77238322620428,-45.54476645240856,4.5544766452408565,182.17906580963424,-22.77238322620428,113.8619161310214,34.15857483930642,56.9309580655107,-91.08953290481712,11.38619161310214,45.54476645240856
189.4,91.08893334732089,136.63340002098133,68.31670001049066,22.772233336830222,-45.544466673660445,4.554446667366045,182.17786669464178,-22.772233336830222,113.86116668415112,34.15835000524533,56.93058334207556,-91.08893334732089,11.386116668415111,45.544466673660445
189.5,91.08831677097852,136.6324751564678,68.3162375782339,22.77207919274463,-45.54415838548926,4.554415838548926,182.17663354195705,-22.77207919274463,113.86039596372315,34.15811878911695,56.930197981861575,-91.08831677097852,11.386039596372315,45.54415838548926
189.60000000000002,91.08768316591141,136.63152474886712,68.31576237443356,22.771920791477854,-45.54384158295571,4.554384158295571,182.17536633182283,-22.771920791477854,113.85960395738927,34.15788118721678,56.929801978694634,-91.08768316591141,11.385960395738927,45.54384158295571
189.70000000000002,91.08703247615185,136.63054871422776,68.31527435711388,22.771758119037962,-45.543516238075924,4.554351623807593,182.1740649523037,-22.771758119037962,113.85879059518982,34.15763717855694,56.92939529759491,-91.08703247615185,11.385879059518981,45.543516238075924
189.8,91.08636377196594,136.6295456579489,68.31477282897445,22.771590942991484,-45.54318188598297,4.554318188598297,182.17272754393187,-22.771590942991484,113.85795471495742,34.15738641448723,56.92897735747871,-91.08636377196594,11.385795471495742,45.54318188598297
189.9,91.0856736537813,136.62851048067193,68.31425524033597,22.771418413445325,-45.54283682689065,4.554283682689065,182.1713473075626,-22.771418413445325,113.85709206722663,34.157127620167984,56.928546033613316,-91.0856736537813,11.385709206722662,45.54283682689065
190.0,91.08495885385076,136.62743828077615,68.31371914038807,22.77123971346269,-45.54247942692538,4.554247942692538,182.16991770770153,-22.77123971346269,113.85619856731346,34.15685957019404,56.92809928365673,-91.08495885385076,11.385619856731346,45.54247942692538
190.10000000000002,91.08421701531675,136.62632552297512,68.31316276148756,22.77105425382919,-45.54210850765838,4.554210850765838,182.1684340306335,-22.77105425382919,113.85527126914594,34.15658138074378,56.92763563457297,-91.08421701531675,11.385527126914594,45.54210850765838
190.20000000000002,91.08344500717105,136.62516751075657,68.31258375537828,22.770861251792763,-45.541722503585525,4.554172250358553,182.1668900143421,-22.770861251792763,113.85430625896382,34.15629187768914,56.92715312948191,-91.08344500717105,11.385430625896381,45.541722503585525
190.3,91.08263960700404,136.62395941050607,68.31197970525304,22.77065990175101,-45.54131980350202,4.554131980350202,182.16527921400808,-22.77065990175101,113.85329950875504,34.15598985262652,56.92664975437752,-91.08263960700404,11.385329950875505,45.54131980350202
190.4,91.08179840097142,136.62269760145713,68.31134880072857,22.770449600242856,-45.54089920048571,4.554089920048571,182.16359680194284,-22.770449600242856,113.85224800121428,34.15567440036428,56.92612400060714,-91.08179840097142,11.385224800121428,45.54089920048571
190.5,91.08091871193655,136.62137806790483,68.31068903395241,22.770229677984137,-45.540459355968274,4.554045935596828,182.1618374238731,-22.770229677984137,113.85114838992068,34.15534451697621,56.92557419496034,-91.08091871193655,11.385114838992068,45.540459355968274
190.60000000000002,91.07999792134729,136.61999688202093,68.30999844101046,22.76999948033682,-45.53999896067364,4.553999896067364,182.15999584269457,-22.76999948033682,113.8499974016841,34.15499922050523,56.92499870084205,-91.07999792134729,11.38499974016841,45.53999896067364
190.70000000000002,91.07903177137038,136.61854765705556,68.30927382852778,22.769757942842595,-45.53951588568519,4.553951588568519,182.15806354274076,-22.769757942842595,113.84878971421298,34.15463691426389,56.92439485710649,-91.07903177137038,11.384878971421298,45.53951588568519
190.8,91.07801555490416,136.61702333235624,68.30851166617812,22.76950388872604,-45.53900777745208,4.553900777745208,182.1560311098083,-22.76950388872604,113.84751944363019,34.15425583308906,56.923759721815095,-91.07801555490416,11.38475194436302,45.53900777745208
190.9,91.07694554761694,136.6154183214254,68.3077091607127,22.769236386904236,-45.53847277380847,4.553847277380847,182.1538910952339,-22.769236386904236,113.84618193452118,34.15385458035635,56.92309096726059,-91.07694554761694,11.384618193452118,45.53847277380847
191.0,91.07581679278945,136.61372518918418,68.30686259459209,22.768954198197363,-45.53790839639473,4.553790839639473,182.1516335855789,-22.768954198197363,113.84477099098682,34.153431297296045,56.92238549549341,-91.07581679278945,11.384477099098682,45.53790839639473
191.10000000000002,91.07462555192112,136.61193832788166,68.30596916394083,22.76865638798028,-45.53731277596056,4.553731277596056,182.14925110384223,-22.76865638798028,113.8432819399014,34.152984581970415,56.9216409699507,-91.07462555192112,11.38432819399014,45.53731277596056
191.20000000000002,91.07336570875255,136.61004856312883,68.30502428156441,22.768341427188137,-45.536682854376274,4.553668285437627,182.1467314175051,-22.768341427188137,113.84170713594068,34.15251214078221,56.92085356797034,-91.07336570875255,11.384170713594068,45.536682854376274
191.3,91.07203031232082,136.60804546848124,68.30402273424062,22.768007578080205,-45.53601515616041,4.553601515616041,182.14406062464164,-22.768007578080205,113.84003789040102,34.15201136712031,56.92001894520051,-91.07203031232082,11.384003789040102,45.53601515616041
191.4,91.0706132732352,136.6059199098528,68.3029599549264,22.7676533183088,-45.5353066366176,4.55353066366176,182.1412265464704,-22.7676533183088,113.838266591544,34.1514799774632,56.919133295772,-91.0706132732352,11.3838266591544,45.5353066366176
191.5,91.06910949357777,136.60366424036664,68.30183212018332,22.767277373394442,-45.534554746788885,4.553455474678889,182.13821898715554,-22.767277373394442,113.83638686697222,34.15091606009166,56.91819343348611,-91.06910949357777,11.383638686697221,45.534554746788885
191.60000000000002,91.06751510369207,136.6012726555381,68.30063632776906,22.76687877592302,-45.53375755184604,4.553375755184604,182.13503020738415,-22.76687877592302,113.83439387961509,34.15031816388453,56.917196939807546,-91.06751510369207,11.38343938796151,45.53375755184604
191.70000000000002,91.06582885869895,136.5987432880484,68.2993716440242,22.766457214674737,-45.532914429349475,4.553291442934948,182.1316577173979,-22.766457214674737,113.8322860733737,34.1496858220121,56.91614303668685,-91.06582885869895,11.383228607337369,45.532914429349475
191.8,91.06405057013673,136.5960758552051,68.29803792760255,22.766012642534182,-45.532025285068364,4.553202528506836,182.12810114027346,-22.766012642534182,113.83006321267091,34.149018963801275,56.915031606335454,-91.06405057013673,11.383006321267091,45.532025285068364
191.9,91.06218074815958,136.59327112223937,68.29663556111969,22.765545187039894,-45.53109037407979,4.553109037407979,182.12436149631915,-22.765545187039894,113.82772593519947,34.14831778055984,56.913862967599734,-91.06218074815958,11.382772593519947,45.53109037407979
192.0,91.06022127237686,136.5903319085653,68.29516595428265,22.765055318094216,-45.53011063618843,4.553011063618843,182.12044254475373,-22.765055318094216,113.82527659047108,34.147582977141326,56.91263829523554,-91.06022127237686,11.382527659047108,45.53011063618843
192.10000000000002,91.05817523554809,136.58726285332213,68.29363142666107,22.764543808887023,-45.529087617774046,4.552908761777405,182.11635047109618,-22.764543808887023,113.82271904443512,34.14681571333053,56.91135952221756,-91.05817523554809,11.382271904443511,45.529087617774046
192.20000000000002,91.05604572955002,136.58406859432503,68.29203429716252,22.764011432387505,-45.52802286477501,4.552802286477501,182.11209145910004,-22.764011432387505,113.82005716193753,34.14601714858126,56.91002858096876,-91.05604572955002,11.382005716193753,45.52802286477501
192.3,91.05383527909771,136.58075291864657,68.29037645932328,22.763458819774428,-45.526917639548856,4.552691763954885,182.10767055819542,-22.763458819774428,113.81729409887214,34.14518822966164,56.90864704943607,-91.05383527909771,11.381729409887214,45.526917639548856
192.4,91.05154435151131,136.57731652726696,68.28865826363348,22.762886087877828,-45.525772175755655,4.552577217575566,182.10308870302262,-22.762886087877828,113.81443043938914,34.14432913181674,56.90721521969457,-91.05154435151131,11.381443043938914,45.525772175755655
192.5,91.0491721731562,136.5737582597343,68.28687912986715,22.76229304328905,-45.5245860865781,4.55245860865781,182.0983443463124,-22.76229304328905,113.81146521644524,34.14343956493357,56.90573260822262,-91.0491721731562,11.381146521644524,45.5245860865781
192.60000000000002,91.04671739523432,136.57007609285148,68.28503804642574,22.76167934880858,-45.52335869761716,4.552335869761716,182.09343479046865,-22.76167934880858,113.80839674404291,34.14251902321287,56.904198372021455,-91.04671739523432,11.38083967440429,45.52335869761716
192.70000000000002,91.044178531019,136.5662677965285,68.28313389826425,22.76104463275475,-45.5220892655095,4.55220892655095,182.088357062038,-22.76104463275475,113.80522316377375,34.14156694913213,56.90261158188687,-91.044178531019,11.380522316377375,45.5220892655095
192.8,91.04155257052733,136.562328855791,68.2811644278955,22.760388142631832,-45.520776285263665,4.552077628526367,182.08310514105466,-22.760388142631832,113.80194071315915,34.14058221394775,56.90097035657958,-91.04155257052733,11.380194071315916,45.520776285263665
192.9,91.0388383058898,136.5582574588347,68.27912872941735,22.75970957647245,-45.5194191529449,4.55194191529449,182.0776766117796,-22.75970957647245,113.79854788236224,34.139564364708676,56.89927394118112,-91.0388383058898,11.379854788236225,45.5194191529449
193.0,91.03603530384557,136.55405295576836,68.27702647788418,22.75900882596139,-45.51801765192278,4.551801765192279,182.07207060769113,-22.75900882596139,113.79504412980695,34.13851323894209,56.89752206490348,-91.03603530384557,11.379504412980696,45.51801765192278
193.10000000000002,91.03314580438953,136.54971870658431,68.27485935329216,22.758286451097383,-45.51657290219477,4.5516572902194765,182.06629160877907,-22.758286451097383,113.79143225548691,34.13742967664608,56.895716127743455,-91.03314580438953,11.379143225548692,45.51657290219477
193.20000000000002,91.03017322218216,136.54525983327324,68.27262991663662,22.75754330554554,-45.51508661109108,4.551508661109108,182.0603464443643,-22.75754330554554,113.7877165277277,34.13631495831831,56.89385826386385,-91.03017322218216,11.37877165277277,45.51508661109108
193.3,91.0271223768724,136.5406835653086,68.2703417826543,22.7567805942181,-45.5135611884362,4.5513561188436205,182.0542447537448,-22.7567805942181,113.7839029710905,34.13517089132715,56.89195148554525,-91.0271223768724,11.37839029710905,45.5135611884362
193.4,91.02399812065097,136.53599718097647,68.26799859048823,22.755999530162743,-45.511999060325486,4.551199906032549,182.04799624130195,-22.755999530162743,113.77999765081371,34.13399929524412,56.889998825406856,-91.02399812065097,11.377999765081372,45.511999060325486
193.5,91.02080474193622,136.53120711290433,68.26560355645216,22.755201185484054,-45.51040237096811,4.551040237096811,182.04160948387243,-22.755201185484054,113.77600592742027,34.13280177822608,56.888002963710136,-91.02080474193622,11.377600592742027,45.51040237096811
193.60000000000002,91.01754656536716,136.52631984805072,68.26315992402536,22.75438664134179,-45.50877328268358,4.550877328268358,182.0350931307343,-22.75438664134179,113.77193320670895,34.13157996201268,56.885966603354476,-91.01754656536716,11.377193320670894,45.50877328268358
193.70000000000002,91.01422794241626,136.52134191362438,68.26067095681219,22.753556985604064,-45.50711397120813,4.550711397120813,182.0284558848325,-22.753556985604064,113.76778492802032,34.130335478406096,56.88389246401016,-91.01422794241626,11.376778492802032,45.50711397120813
193.8,91.01085322535006,136.5162798380251,68.25813991901255,22.752713306337515,-45.50542661267503,4.550542661267503,182.02170645070012,-22.752713306337515,113.76356653168757,34.129069959506275,56.88178326584379,-91.01085322535006,11.376356653168758,45.50542661267503
193.9,91.00742531079943,136.51113796619916,68.25556898309958,22.75185632769986,-45.50371265539972,4.5503712655399715,182.01485062159887,-22.75185632769986,113.75928163849929,34.12778449154979,56.879640819249644,-91.00742531079943,11.37592816384993,45.50371265539972
194.0,91.00394570986816,136.50591856480224,68.25295928240112,22.75098642746704,-45.50197285493408,4.550197285493408,182.00789141973632,-22.75098642746704,113.7549321373352,34.12647964120056,56.8774660686676,-91.00394570986816,11.37549321373352,45.50197285493408
194.10000000000002,91.00041491329723,136.50062236994586,68.25031118497293,22.75010372832431,-45.50020745664862,4.550020745664862,182.00082982659447,-22.75010372832431,113.75051864162154,34.125155592486465,56.87525932081077,-91.00041491329723,11.375051864162154,45.50020745664862
194.20000000000002,90.99683401167051,136.49525101750578,68.24762550875289,22.74920850291763,-45.49841700583526,4.549841700583526,181.99366802334103,-22.74920850291763,113.74604251458814,34.123812754376445,56.87302125729407,-90.99683401167051,11.374604251458814,45.49841700583526
194.3,90.99320514731151,136.48980772096726,68.24490386048363,22.74830128682788,-45.49660257365576,4.549660257365576,181.98641029462303,-22.74830128682788,113.7415064341394,34.122451930241816,56.8707532170697,-90.99320514731151,11.37415064341394,45.49660257365576
194.4,90.98952955324089,136.4842943298613,68.24214716493066,22.74738238831022,-45.49476477662044,4.549476477662044,181.97905910648177,-22.74738238831022,113.73691194155111,34.12107358246533,56.86845597077556,-90.98952955324089,11.37369119415511,45.49476477662044
194.5,90.98580843488165,136.47871265232249,68.23935632616124,22.746452108720412,-45.492904217440824,4.549290421744082,181.9716168697633,-22.746452108720412,113.73226054360205,34.11967816308062,56.866130271801026,-90.98580843488165,11.373226054360206,45.492904217440824
194.60000000000002,90.9820438595046,136.4730657892569,68.23653289462845,22.74551096487615,-45.4910219297523,4.54910219297523,181.9640877190092,-22.74551096487615,113.72755482438075,34.11826644731423,56.86377741219037,-90.9820438595046,11.372755482438075,45.4910219297523
194.70000000000002,90.97823685105543,136.46735527658313,68.23367763829157,22.744559212763857,-45.489118425527714,4.548911842552772,181.95647370211086,-22.744559212763857,113.72279606381929,34.116838819145784,56.861398031909644,-90.97823685105543,11.372279606381928,45.489118425527714
194.8,90.97438736617825,136.46158104926738,68.23079052463369,22.743596841544562,-45.487193683089124,4.548719368308912,181.9487747323565,-22.743596841544562,113.71798420772281,34.115395262316845,56.858992103861404,-90.97438736617825,11.371798420772281,45.487193683089124
194.9,90.97049380544257,136.45574070816386,68.22787035408193,22.742623451360643,-45.485246902721286,4.548524690272129,181.94098761088514,-22.742623451360643,113.71311725680322,34.113935177040965,56.85655862840161,-90.97049380544257,11.371311725680322,45.485246902721286
195.0,90.96655365952164,136.44983048928245,68.22491524464122,22.74163841488041,-45.48327682976082,4.548327682976082,181.93310731904327,-22.74163841488041,113.70819207440205,34.11245762232061,56.854096037201025,-90.96655365952164,11.370819207440205,45.48327682976082
195.10000000000002,90.96256476440081,136.44384714660123,68.22192357330061,22.740641191100202,-45.481282382200405,4.54812823822004,181.92512952880162,-22.740641191100202,113.703205955501,34.11096178665031,56.8516029777505,-90.96256476440081,11.370320595550101,45.481282382200405
195.20000000000002,90.95852515698328,136.43778773547493,68.21889386773746,22.73963128924582,-45.47926257849164,4.547926257849165,181.91705031396657,-22.73963128924582,113.6981564462291,34.10944693386873,56.84907822311455,-90.95852515698328,11.36981564462291,45.47926257849164
195.3,90.95443488038937,136.43165232058405,68.21582616029202,22.738608720097343,-45.477217440194686,4.547721744019468,181.90886976077874,-22.738608720097343,113.69304360048672,34.10791308014601,56.84652180024336,-90.95443488038937,11.369304360048671,45.477217440194686
195.4,90.95029520077699,136.4254428011655,68.21272140058275,22.737573800194248,-45.475147600388496,4.54751476003885,181.90059040155398,-22.737573800194248,113.68786900097123,34.106360700291376,56.84393450048562,-90.95029520077699,11.368786900097124,45.475147600388496
195.5,90.94610707985798,136.41916061978696,68.20958030989348,22.736526769964495,-45.47305353992899,4.5473053539929,181.89221415971596,-22.736526769964495,113.68263384982248,34.10479015494674,56.84131692491124,-90.94610707985798,11.368263384982248,45.47305353992899
195.60000000000002,90.94187118931384,136.41280678397078,68.20640339198539,22.73546779732846,-45.47093559465692,4.547093559465693,181.8837423786277,-22.73546779732846,113.6773389866423,34.103201695992695,56.83866949332115,-90.94187118931384,11.36773389866423,45.47093559465692
195.70000000000002,90.93758953019687,136.4063842952953,68.20319214764766,22.73439738254922,-45.46879476509844,4.546879476509844,181.87517906039375,-22.73439738254922,113.67198691274609,34.10159607382383,56.835993456373046,-90.93758953019687,11.36719869127461,45.46879476509844
195.8,90.93326317867815,136.39989476801722,68.19994738400861,22.733315794669537,-45.46663158933907,4.5466631589339075,181.8665263573563,-22.733315794669537,113.66657897334768,34.099973692004305,56.83328948667384,-90.93326317867815,11.366657897334768,45.46663158933907
195.9,90.92889220319978,136.39333830479967,68.19666915239983,22.732223050799945,-45.46444610159989,4.546444610159989,181.85778440639956,-22.732223050799945,113.66111525399972,34.09833457619992,56.83055762699986,-90.92889220319978,11.366111525399972,45.46444610159989
196.0,90.92447589239075,136.3867138385861,68.19335691929305,22.731118973097686,-45.46223794619537,4.546223794619538,181.8489517847815,-22.731118973097686,113.65559486548844,34.096678459646526,56.82779743274422,-90.92447589239075,11.365559486548843,45.46223794619537
196.10000000000002,90.92001259304627,136.38001888956939,68.19000944478469,22.730003148261567,-45.46000629652313,4.546000629652314,181.84002518609253,-22.730003148261567,113.65001574130784,34.095004722392346,56.82500787065392,-90.92001259304627,11.365001574130783,45.46000629652313
196.20000000000002,90.91550108739905,136.37325163109858,68.18662581554929,22.728875271849763,-45.457750543699525,4.545775054369953,181.8310021747981,-22.728875271849763,113.64437635924881,34.093312907774646,56.822188179624405,-90.91550108739905,11.364437635924881,45.457750543699525
196.3,90.910939592201,136.36640938830152,68.18320469415076,22.72773489805025,-45.4554697961005,4.545546979610051,181.821879184402,-22.72773489805025,113.63867449025125,34.09160234707538,56.819337245125624,-90.910939592201,11.363867449025125,45.4554697961005
196.4,90.90632798320382,136.35949197480574,68.17974598740287,22.726581995800956,-45.45316399160191,4.545316399160192,181.81265596640765,-22.726581995800956,113.63290997900478,34.089872993701434,56.81645498950239,-90.90632798320382,11.363290997900478,45.45316399160191
196.5,90.90166656057866,136.352499840868,68.176249920434,22.725416640144665,-45.45083328028933,4.545083328028933,181.80333312115732,-22.725416640144665,113.62708320072332,34.088124960217,56.81354160036166,-90.90166656057866,11.362708320072333,45.45083328028933
196.60000000000002,90.89695545563916,136.34543318345874,68.17271659172937,22.72423886390979,-45.44847772781958,4.544847772781958,181.79391091127832,-22.72423886390979,113.62119431954895,34.086358295864684,56.810597159774474,-90.89695545563916,11.362119431954895,45.44847772781958
196.70000000000002,90.89219642903105,136.33829464354656,68.16914732177328,22.72304910725776,-45.44609821451552,4.5446098214515525,181.7843928580621,-22.72304910725776,113.61524553628881,34.08457366088664,56.807622768144405,-90.89219642903105,11.36152455362888,45.44609821451552
196.8,90.88739169939649,136.33108754909472,68.16554377454736,22.721847924849122,-45.443695849698244,4.544369584969824,181.77478339879298,-22.721847924849122,113.60923962424562,34.08277188727368,56.80461981212281,-90.88739169939649,11.360923962424561,45.443695849698244
196.9,90.88254314974296,136.32381472461444,68.16190736230722,22.72063578743574,-45.44127157487148,4.544127157487148,181.76508629948592,-22.72063578743574,113.6031789371787,34.08095368115361,56.80158946858935,-90.88254314974296,11.36031789371787,45.44127157487148
197.0,90.87765223625264,136.31647835437897,68.15823917718949,22.71941305906316,-45.43882611812632,4.5438826118126325,181.7553044725053,-22.71941305906316,113.5970652953158,34.07911958859474,56.7985326476579,-90.87765223625264,11.35970652953158,45.43882611812632
197.10000000000002,90.872718520666,136.309077780999,68.1545388904995,22.7181796301665,-45.436359260333,4.5436359260333,181.745437041332,-22.7181796301665,113.5908981508325,34.07726944524975,56.79544907541625,-90.872718520666,11.35908981508325,45.436359260333
197.20000000000002,90.86773956390081,136.3016093458512,68.1508046729256,22.716934890975203,-45.433869781950406,4.5433869781950404,181.73547912780163,-22.716934890975203,113.58467445487602,34.0754023364628,56.79233722743801,-90.86773956390081,11.358467445487602,45.433869781950406
197.3,90.86271251726,136.29406877589,68.147034387945,22.715678129315,-45.43135625863,4.543135625863,181.72542503452,-22.715678129315,113.57839064657499,34.0735171939725,56.789195323287494,-90.86271251726,11.3578390646575,45.43135625863
197.4,90.85763572420406,136.2864535863061,68.14322679315305,22.714408931051015,-45.42881786210203,4.542881786210203,181.71527144840812,-22.714408931051015,113.57204465525507,34.071613396576524,56.786022327627535,-90.85763572420406,11.357204465525507,45.42881786210203
197.5,90.85250718858325,136.27876078287488,68.13938039143744,22.71312679714581,-45.42625359429162,4.542625359429162,181.7050143771665,-22.71312679714581,113.56563398572905,34.06969019571872,56.782816992864525,-90.85250718858325,11.356563398572906,45.42625359429162
197.60000000000002,90.84732587028638,136.27098880542957,68.13549440271478,22.711831467571596,-45.42366293514319,4.542366293514319,181.69465174057277,-22.711831467571596,113.55915733785798,34.06774720135739,56.77957866892899,-90.84732587028638,11.355915733785798,45.42366293514319
197.70000000000002,90.8420902037367,136.26313530560506,68.13156765280253,22.710522550934176,-45.42104510186835,4.542104510186835,181.6841804074734,-22.710522550934176,113.55261275467088,34.065783826401265,56.77630637733544,-90.8420902037367,11.355261275467088,45.42104510186835
197.8,90.83680011447895,136.25520017171843,68.12760008585921,22.709200028619737,-45.418400057239474,4.541840005723947,181.6736002289579,-22.709200028619737,113.54600014309868,34.06380004292961,56.77300007154934,-90.83680011447895,11.354600014309868,45.418400057239474
197.9,90.83145529841408,136.24718294762113,68.12359147381056,22.70786382460352,-45.41572764920704,4.541572764920704,181.66291059682817,-22.70786382460352,113.5393191230176,34.06179573690528,56.7696595615088,-90.83145529841408,11.35393191230176,45.41572764920704
198.0,90.8260532797851,136.23907991967764,68.11953995983882,22.706513319946275,-45.41302663989255,4.5413026639892555,181.6521065595702,-22.706513319946275,113.53256659973138,34.05976997991941,56.76628329986569,-90.8260532797851,11.353256659973137,45.41302663989255
198.10000000000002,90.82059067860044,136.23088601790067,68.11544300895034,22.70514766965011,-45.41029533930022,4.541029533930022,181.64118135720088,-22.70514766965011,113.52573834825054,34.05772150447517,56.76286917412527,-90.82059067860044,11.352573834825055,45.41029533930022
198.20000000000002,90.81506459358216,136.22259689037324,68.11129844518662,22.70376614839554,-45.40753229679108,4.540753229679108,181.63012918716433,-22.70376614839554,113.51883074197771,34.05564922259331,56.759415370988854,-90.81506459358216,11.35188307419777,45.40753229679108
198.3,90.80947387314909,136.21421080972362,68.10710540486181,22.702368468287272,-45.404736936574544,4.540473693657455,181.61894774629818,-22.702368468287272,113.51184234143636,34.053552702430906,56.75592117071818,-90.80947387314909,11.351184234143636,45.404736936574544
198.4,90.80381726467762,136.20572589701644,68.10286294850822,22.700954316169405,-45.40190863233881,4.540190863233881,181.60763452935524,-22.700954316169405,113.50477158084702,34.05143147425411,56.75238579042351,-90.80381726467762,11.350477158084702,45.40190863233881
198.5,90.79809356386721,136.19714034580082,68.09857017290041,22.699523390966803,-45.399046781933606,4.539904678193361,181.59618712773442,-22.699523390966803,113.49761695483402,34.049285086450205,56.74880847741701,-90.79809356386721,11.349761695483402,45.399046781933606
198.60000000000002,90.79230064896817,136.18845097345223,68.09422548672612,22.69807516224204,-45.39615032448408,4.539615032448409,181.58460129793633,-22.69807516224204,113.49037581121021,34.04711274336306,56.74518790560511,-90.79230064896817,11.34903758112102,45.39615032448408
198.70000000000002,90.78643652520009,136.17965478780013,68.08982739390007,22.696609131300022,-45.393218262600044,4.539321826260005,181.57287305040018,-22.696609131300022,113.48304565650011,34.04491369695003,56.741522828250055,-90.78643652520009,11.348304565650011,45.393218262600044
198.8,90.78049929325647,136.1707489398847,68.08537446994235,22.695124823314117,-45.390249646628234,4.539024964662824,181.56099858651294,-22.695124823314117,113.47562411657059,34.042687234971176,56.73781205828529,-90.78049929325647,11.347562411657059,45.390249646628234
198.9,90.77448876413176,136.16173314619763,68.08086657309882,22.69362219103294,-45.38724438206588,4.5387244382065886,181.54897752826352,-22.69362219103294,113.4681109551647,34.04043328654941,56.73405547758235,-90.77448876413176,11.34681109551647,45.38724438206588
199.0,90.76840676760634,136.1526101514095,68.07630507570475,22.692101691901584,-45.38420338380317,4.538420338380317,181.53681353521267,-22.692101691901584,113.46050845950792,34.038152537852376,56.73025422975396,-90.76840676760634,11.346050845950792,45.38420338380317
199.10000000000002,90.76225530303704,136.14338295455556,68.07169147727778,22.69056382575926,-45.38112765151852,4.538112765151852,181.52451060607407,-22.69056382575926,113.45281912879629,34.03584573863889,56.726409564398146,-90.76225530303704,11.34528191287963,45.38112765151852
199.20000000000002,90.75603395635095,136.1340509345264,68.0670254672632,22.689008489087737,-45.378016978175474,4.537801697817548,181.5120679127019,-22.689008489087737,113.44504244543869,34.0335127336316,56.722521222719344,-90.75603395635095,11.344504244543868,45.378016978175474
199.3,90.74974138091083,136.12461207136624,68.06230603568312,22.68743534522771,-45.37487069045542,4.537487069045542,181.49948276182167,-22.68743534522771,113.43717672613855,34.03115301784156,56.71858836306927,-90.74974138091083,11.343717672613854,45.37487069045542
199.4,90.74337571136874,136.1150635670531,68.05753178352656,22.685843927842186,-45.37168785568437,4.537168785568437,181.48675142273748,-22.685843927842186,113.42921963921093,34.02876589176328,56.714609819605464,-90.74337571136874,11.342921963921093,45.37168785568437
199.5,90.73693499326328,136.1054024898949,68.05270124494746,22.68423374831582,-45.36846749663164,4.536846749663164,181.47386998652655,-22.68423374831582,113.4211687415791,34.02635062247373,56.71058437078955,-90.73693499326328,11.34211687415791,45.36846749663164
199.60000000000002,90.73041638395102,136.09562457592654,68.04781228796327,22.682604095987756,-45.36520819197551,4.536520819197551,181.46083276790205,-22.682604095987756,113.41302047993878,34.023906143981634,56.70651023996939,-90.73041638395102,11.341302047993878,45.36520819197551
199.70000000000002,90.72381746237672,136.08572619356508,68.04286309678254,22.68095436559418,-45.36190873118836,4.536190873118836,181.44763492475343,-22.68095436559418,113.40477182797089,34.02143154839127,56.702385913985445,-90.72381746237672,11.34047718279709,45.36190873118836
199.8,90.71713466721899,136.07570200082847,68.03785100041424,22.679283666804746,-45.35856733360949,4.53585673336095,181.43426933443797,-22.679283666804746,113.39641833402374,34.01892550020712,56.69820916701187,-90.71713466721899,11.339641833402373,45.35856733360949
199.9,90.71036504429249,136.06554756643874,68.03277378321937,22.677591261073122,-45.355182522146244,4.535518252214625,181.42073008858497,-22.677591261073122,113.3879563053656,34.016386891609685,56.6939781526828,-90.71036504429249,11.338795630536561,45.355182522146244
200.0,90.70350572105102,136.05525858157654,68.02762929078827,22.675876430262754,-45.35175286052551,4.535175286052551,181.40701144210203,-22.675876430262754,113.37938215131376,34.013814645394135,56.68969107565688,-90.70350572105102,11.337938215131377,45.35175286052551
