Time(s),Drum_Angle(deg),Drum_Velocity(deg/s),Drum_Acceleration(deg/s^2)
0.0,45.0,0.0,0.0
0.1,44.97842918062865,-0.21570819371348193,-2.1570819371348193
0.2,44.95858010755797,-0.19849073070680845,0.17217463006673484
0.30000000000000004,44.94050045930641,-0.18079648251557495,0.17694248191233491
0.4,44.92417263215228,-0.16327827154135835,0.17518210974216605
0.5,44.90954095233796,-0.14631679814314683,0.16961473398211527
0.6000000000000001,44.89654027639406,-0.13000675943899853,0.1631003870414828
0.7000000000000001,44.88511875578908,-0.11421520604983473,0.157915533891638
0.8,44.87526263673736,-0.09856119051718795,0.15654015532646784
0.9,44.8670067219936,-0.08255914743763527,0.1600204307955268
1.0,44.860372990012294,-0.06633731981303016,0.16221827624605115
1.1,44.8553831787056,-0.04989811306693066,0.16439206746099486
1.2000000000000002,44.85205912186725,-0.03324056838351905,0.16657544683411601
1.3,44.85039798123939,-0.016611406278599382,0.16629162104919687
1.4000000000000001,44.850366197485286,-0.0003178375410328724,0.16293568737566494
1.5,44.8519169984795,0.015508009942166744,0.15825847483199637
1.6,44.85498753400453,0.030705355250262273,0.15197345308095517
1.7000000000000002,44.859524419526565,0.04536885522036012,0.14663499970097832
1.8,44.86547537328336,0.05950953756794782,0.1414068234758772
1.9000000000000001,44.8727743009932,0.07298927709840079,0.13479739530452958
2.0,44.88137646732736,0.08602166334156902,0.13032386243168245
2.1,44.891238297035265,0.0986182970790849,0.12596633737515867
2.2,44.902319530681396,0.11081233646130774,0.1219403938222283
2.3000000000000003,44.91458863626554,0.12269105584145723,0.1187871938014948
2.4000000000000004,44.92797454540136,0.13385909135820373,0.1116803551674649
2.5,44.94233606427014,0.1436151886877473,0.09756097329543613
2.6,44.95752394468343,0.15187880413293428,0.08263615445186966
2.7,44.973378838710794,0.15854894027363273,0.0667013614069844
2.8000000000000003,44.9897647922578,0.163859535470081,0.05310595196448271
2.9000000000000004,45.00655084781403,0.16786055556231347,0.04001020092232462
3.0,45.023633262911254,0.1708241509722092,0.029635954098957522
3.1,45.040933288443675,0.17300025532421143,0.02176104352002215
3.2,45.058371044794534,0.1743775635085852,0.013773081843737588
3.3000000000000003,45.07589412658567,0.175230817911398,0.00853254402812808
3.4000000000000004,45.09349325067466,0.17599124088988544,0.007604229784874399
3.5,45.11122393510587,0.1773068443120713,0.013156034221858728
3.6,45.129176358606564,0.1795242350069513,0.022173906948799983
3.7,45.1473999611015,0.18223602494934693,0.027117899423956236
3.8000000000000003,45.165940226006285,0.1854026490478587,0.03166624098511758
3.9000000000000004,45.18480980874852,0.18869582742233587,0.032931783744771764
4.0,45.203967749211415,0.1915794046289683,0.02883577206632442
4.1000000000000005,45.22333842282738,0.1937067361596679,0.02127331530699594
4.2,45.242853311139534,0.19514888312151937,0.0144214696185147
4.3,45.26245606023104,0.19602749091504348,0.008786077935241141
4.4,45.28209281375399,0.19636753522952582,0.003400443144823388
4.5,45.30171954189363,0.19626728139641683,-0.001002538331089934
4.6000000000000005,45.32131781445309,0.19598272559456015,-0.0028455580185668254
4.7,45.340861371076734,0.19543556623645555,-0.0054715935810459495
4.800000000000001,45.36031607599565,0.19454704918913887,-0.00888517047316679
4.9,45.37965350949796,0.19337433502315163,-0.011727141659872473
5.0,45.39887712082315,0.19223611325188086,-0.011382217712707683
5.1000000000000005,45.41798280008624,0.191056792630916,-0.011793206209648681
5.2,45.43695086376299,0.18968063676744928,-0.013761558634667097
5.300000000000001,45.45573890520574,0.18788041442753822,-0.01800222339911052
5.4,45.47430507957464,0.1856617436889969,-0.022186707385413253
5.5,45.49262272945074,0.18317649876095807,-0.024852449280388465
5.6000000000000005,45.51068848010332,0.18065750652581772,-0.025189922351403358
5.7,45.52853261410614,0.1784413400282154,-0.0221616649760232
5.800000000000001,45.546186152828334,0.17653538722193124,-0.019059528062841568
5.9,45.563676585045016,0.1749043221668251,-0.01631065055106135
6.0,45.58103490621448,0.17358321169460628,-0.013211104722188385
6.1000000000000005,45.59826898938709,0.17234083172610234,-0.01242379968503925
6.2,45.61538076338883,0.1711177400174086,-0.012230917086937564
6.300000000000001,45.63235033950543,0.16969576116601012,-0.014219788513984623
6.4,45.649165637157616,0.16815297652186761,-0.015427846441425141
6.5,45.665855822398,0.16690185240385405,-0.01251124118013568
6.6000000000000005,45.682451977731766,0.1659615533376515,-0.00940299066202544
6.7,45.698966870156,0.16514892424233155,-0.008126290953199585
6.800000000000001,45.715393962823946,0.16427092667946308,-0.008779975628684608
6.9,45.731732035470536,0.1633807264659032,-0.00890200213559875
7.0,45.747977017834074,0.162449823635385,-0.009309028305182243
7.1000000000000005,45.76410841065731,0.16131392823233084,-0.011358954030541374
7.2,45.780112105582674,0.1600369492536663,-0.012769789786645547
7.300000000000001,45.79598403273686,0.15871927154186866,-0.01317677711797631
7.4,45.81170930377214,0.15725271035279376,-0.01466561189074905
7.5,45.82726894575605,0.15559641983912853,-0.01656290513665232
7.6000000000000005,45.842627635040174,0.1535868928412035,-0.02009526997925021
7.7,45.857762799471764,0.1513516443159096,-0.02235248525293895
7.800000000000001,45.872688055108966,0.14925255637201848,-0.020990879438911203
7.9,45.88739751026743,0.1470945515846017,-0.021580047874167972
8.0,45.90187032784347,0.1447281757604207,-0.023663758241809857
8.1,45.91608895392602,0.14218626082552582,-0.02541914934894899
8.200000000000001,45.9300353465205,0.13946392594476523,-0.027223348807605574
8.3,45.94372547655691,0.13690130036408782,-0.02562625580677417
8.4,45.95719255372039,0.13467077163483102,-0.022305287292568112
8.5,45.97047170524168,0.13279151521288715,-0.01879256421943871
8.6,45.98360989506598,0.13138189824303528,-0.01409616969851873
8.700000000000001,45.99668018658639,0.13070291520406654,-0.006789830389687294
8.8,46.0097821716229,0.13101985036513544,0.0031693516106889976
8.9,46.02297931665326,0.13197145030361004,0.009515999384746043
9.0,46.036292270433485,0.1331295378022195,0.011580874986094655
9.1,46.04973148905327,0.13439218619787188,0.012626483956523816
9.200000000000001,46.06330470208893,0.13573213035655649,0.013399441586845837
9.3,46.07707114214129,0.13766440052364765,0.01932270167091167
9.4,46.09107600114556,0.14004859004266784,0.02384189519020205
9.5,46.105347341054454,0.1427133990889478,0.026648090462799794
9.600000000000001,46.119897583919,0.1455024286454411,0.027890295564932548
9.700000000000001,46.134716156049514,0.1481857213051546,0.026832926597134914
9.8,46.14978490840594,0.15068752356427292,0.025018022591183443
9.9,46.16507941460328,0.15294506197335578,0.022575384090828623
10.0,46.18059242816405,0.15513013560770672,0.0218507363435095
10.100000000000001,46.196354204083086,0.15761775919038487,0.024876235826781147
10.200000000000001,46.21241899908754,0.16064795004453516,0.03030190854150305
10.3,46.22886783581225,0.16448836724713148,0.038404172025963274
10.4,46.24574616026814,0.16878324455888166,0.04294877311750199
10.5,46.26309001043338,0.17343850165239932,0.046552570935176785
10.600000000000001,46.28093093969099,0.1784092925760891,0.049707909236896955
10.700000000000001,46.299289060954685,0.18358121263695246,0.051719200608633845
10.8,46.31815931987532,0.1887025892063583,0.05121376569405857
10.9,46.33751731357516,0.19357993699841883,0.0487734779206055
11.0,46.35733700535807,0.19819691782906615,0.04616980830647338
11.100000000000001,46.37757259947875,0.20235594120684364,0.04159023377777429
11.200000000000001,46.398143221099964,0.20570621621210777,0.03350275005264148
11.3,46.418949381655445,0.2080616055548042,0.023553893426964484
11.4,46.43990145685813,0.20952075202686235,0.014591464720581423
11.5,46.46094551302333,0.21044056165202182,0.009198096251594767
11.600000000000001,46.48204423731389,0.21098724290559956,0.005466812535777276
11.700000000000001,46.50317549777596,0.2113126046207022,0.0032536171510264117
11.8,46.524312564832464,0.2113706705650039,0.0005806594430168864
11.9,46.54548212000737,0.21169555174907448,0.0032488118407059236
12.0,46.56670961590781,0.2122749590044045,0.005794072553300132
12.100000000000001,46.58799510819144,0.2128549228363111,0.005799638319066076
12.200000000000001,46.60932223455027,0.21327126358826906,0.004163407519579569
12.3,46.630704609903525,0.2138237535325523,0.00552489944283254
12.4,46.65214941652333,0.214448066198046,0.006243126654936782
12.5,46.6736561929456,0.21506776422271023,0.006196980246642469
12.600000000000001,46.69521157452144,0.21555381575836613,0.004860515356558889
12.700000000000001,46.7167730784665,0.21561503945065474,0.0006122369228861468
12.8,46.73832020187348,0.21547123406975366,-0.0014380538090108582
12.9,46.75989362098272,0.2157341910924523,0.002629570226986298
13.0,46.781553857199675,0.21660236216952533,0.008681710770730464
13.100000000000001,46.80336979846239,0.218159412627156,0.015570504576306377
13.200000000000001,46.825423762922796,0.22053964460404607,0.023802319768900876
13.3,46.84780931133453,0.2238554841173376,0.03315839513291547
13.4,46.87063517181362,0.2282586047908816,0.04403120673543997
13.5,46.894014194114135,0.23379022300517333,0.055316182142917586
13.600000000000001,46.91804410838965,0.2402991427551592,0.06508919749985788
13.700000000000001,46.94280509905142,0.24760990661768378,0.07310763862524604
13.8,46.968355812852955,0.2555071380153615,0.07897231397677756
13.9,46.994711653660744,0.26355840807788505,0.0805127006252357
14.0,47.021868102380566,0.2715644871982202,0.08006079120335158
14.100000000000001,47.04976472001751,0.2789661763694045,0.07401689171184228
14.200000000000001,47.07831096392517,0.2854624390766257,0.06496262707221225
14.3,47.107420592833385,0.2910962890821633,0.05633850005537586
14.4,47.137052410934004,0.2963181810061865,0.05221891924023244
14.5,47.167211854090205,0.30159443156201,0.052762505558234994
14.600000000000001,47.19793746050673,0.30725606416524004,0.056616326032299685
14.700000000000001,47.2292663759977,0.3132891549097405,0.060330907445005015
14.8,47.261201912253746,0.3193553625604306,0.060662076506901245
14.9,47.29371239789983,0.325104856460855,0.05749493900424416
15.0,47.326767568180266,0.3305517028043437,0.054468463434887066
15.100000000000001,47.36033431547003,0.3356674728976069,0.051157700932631216
15.200000000000001,47.39436034302248,0.3402602755245011,0.04592802626894227
15.3,47.4287712938651,0.34410950842620147,0.03849232901700375
15.4,47.46349484996543,0.34723556100331743,0.031260525771159675
15.5,47.498446910134064,0.3495206016863518,0.022850406830343752
15.600000000000001,47.53352935899339,0.3508244885932704,0.01303886906918609
15.700000000000001,47.56864273455627,0.35113375562879534,0.003092670355249194
15.8,47.60369735870812,0.3505462415184736,-0.00587514110321765
15.9,47.63864844794044,0.34951089232322496,-0.010353491952486174
16.0,47.673457242548864,0.34808794608423577,-0.014229462389892028
16.1,47.708062917215386,0.3460567466652215,-0.020311994190142225
16.2,47.742401865356314,0.3433894814092826,-0.02667265255938968
16.3,47.7764374894665,0.34035624110188195,-0.0303324030740061
16.400000000000002,47.81016050484881,0.33723015382306676,-0.031260872788151484
16.5,47.8435563622674,0.3339585741859068,-0.032715796371600304
16.6,47.876602458273226,0.33046096005825615,-0.034976141276506
16.7,47.909245424350104,0.32642966076878804,-0.040312992894681904
16.8,47.9414287126811,0.32183288330997584,-0.045967774588121416
16.900000000000002,47.97311756531064,0.3168885262953535,-0.049443570146222436
17.0,48.00427651696988,0.31158951659244094,-0.05299009702912696
17.1,48.03485879040548,0.3058227343559806,-0.0576678223646024
17.2,48.064799825669766,0.29941035264287236,-0.06412381713108398
17.3,48.094039891642545,0.29240065972778534,-0.07009692915086918
17.400000000000002,48.12256351576388,0.2852362412133362,-0.07164418514449054
17.5,48.15039952203399,0.2783600627011455,-0.06876178512190836
17.6,48.17759529044408,0.27195768410087917,-0.06402378600266231
17.7,48.204183502336676,0.2658821189259498,-0.060755651749294835
17.8,48.23021468297324,0.2603118063656458,-0.055703125603039125
17.900000000000002,48.25573118245177,0.2551649947852716,-0.05146811580374149
18.0,48.28074750582987,0.2501632337810431,-0.05001761004228607
18.1,48.3052584796961,0.24510973866227567,-0.0505349511876736
18.2,48.329213519818374,0.2395504012227485,-0.05559337439527281
18.3,48.35255769536576,0.23344175547385881,-0.061086457488896094
18.400000000000002,48.37525255590851,0.22694860542749173,-0.06493150046366988
18.5,48.39729123736151,0.22038681452997835,-0.06561790897513521
18.6,48.41868258983703,0.21391352475525288,-0.0647328977472538
18.7,48.43941132340572,0.2072873356868898,-0.06626189068363211
18.8,48.459403589244886,0.19992265839163964,-0.07364677295250067
18.900000000000002,48.478566798572146,0.1916320932725996,-0.0829056511903991
19.0,48.49679584680945,0.1822904823730237,-0.09341610899576112
19.1,48.514031243362005,0.17235396552557103,-0.09936516847452528
19.200000000000003,48.530214555729174,0.16183312367168182,-0.10520841853889062
19.3,48.545311811693026,0.1509725596385213,-0.10860564033160751
19.400000000000002,48.55930721202215,0.13995400329122076,-0.11018556347300378
19.5,48.5722157211257,0.1290850910355373,-0.10868912255683687
19.6,48.58406974566261,0.11854024536908812,-0.10544845666449035
19.700000000000003,48.594943282382545,0.10873536719934253,-0.09804878169745457
19.8,48.604916642704104,0.09973360321559922,-0.09001763983743497
19.900000000000002,48.6140677296508,0.0915108694669429,-0.08222733748656211
20.0,48.62248593923979,0.08418209588988824,-0.07328773577054808
20.1,48.630261565075756,0.07775625835968358,-0.0642583753020457
20.200000000000003,48.63749957342122,0.07238008345467403,-0.053761749050094745
20.3,48.64431744491876,0.0681787149753902,-0.042013684792839213
20.400000000000002,48.6508073746546,0.06489929735835084,-0.032794176170393104
20.5,48.6570551448543,0.0624777019969982,-0.024215953613526926
20.6,48.66312063496577,0.06065490111474417,-0.01822800882254007
20.700000000000003,48.66901909767745,0.05898462711677071,-0.01670273997973437
20.8,48.67473900637811,0.05719908700662424,-0.017855401101465086
20.900000000000002,48.68027213786094,0.0553313148282789,-0.018677721783453085
21.0,48.685623344468866,0.053512066079265425,-0.018192487490135176
21.1,48.69082072610102,0.05197381632157698,-0.015382497576884233
21.200000000000003,48.69587466476242,0.05053938661397622,-0.014344297076007363
21.3,48.70077725592214,0.049025911597199094,-0.015134750167771608
21.400000000000002,48.70552977796274,0.04752522040597217,-0.015006911912269003
21.5,48.71013810484912,0.04608326886384005,-0.014419515421321515
21.6,48.71460630563473,0.04468200785609547,-0.014012610077445637
21.700000000000003,48.7189353016095,0.04328995974766708,-0.013920481084283714
21.8,48.72310661515359,0.04171313544091593,-0.015768243067511834
21.900000000000002,48.727125370760426,0.040187556068360095,-0.015255793725558109
22.0,48.73100984659343,0.03884475833004413,-0.013427977383159923
22.1,48.734788825448156,0.03778978854725725,-0.010549697827868649
22.200000000000003,48.73848031602803,0.03691490579875226,-0.00874882748504982
22.3,48.74210962123606,0.03629305208029698,-0.0062185371845529325
22.400000000000002,48.74573189327956,0.03622272043500578,-0.0007033164529119435
22.5,48.74945110256746,0.037192092879011165,0.009693724440054048
22.6,48.753391433989194,0.039403314217309464,0.02211221338298267
22.700000000000003,48.7576763893188,0.042849553296093135,0.034462390787836215
22.8,48.76240919696721,0.047328076484093214,0.04478523188000175
22.900000000000002,48.76767595361046,0.05266756643244644,0.053394899483531495
23.0,48.77353957117972,0.05863617569261362,0.05968609260167306
23.1,48.78003446585101,0.06494894671291625,0.06312771020302539
23.200000000000003,48.787196398505245,0.07161932654234603,0.06670379829429685
23.3,48.79507410131596,0.07877702810717037,0.07157701564824495
23.400000000000002,48.803704233891786,0.08630132575824112,0.07524297651070645
23.5,48.81308994038018,0.09385706488395074,0.07555739125709776
23.6,48.82320741869776,0.10117478317581996,0.0731771829186912
23.700000000000003,48.834014270290986,0.1080685159322299,0.06893732756409836
23.8,48.845466661104716,0.11452390813730307,0.06455392205073308
23.900000000000002,48.85752168060251,0.1205501949779358,0.060262868406326504
24.0,48.870144260495614,0.12622579893104827,0.05675603953112586
24.1,48.8833263862466,0.13182125750986798,0.05595458578819632
24.200000000000003,48.89708021325788,0.1375382701127828,0.057170126029147415
24.3,48.9114595056653,0.14379292407419392,0.0625465396141125
24.400000000000002,48.926491520667355,0.15032015002055985,0.06527225946365835
24.5,48.94215970455487,0.15668183887513343,0.06361688854573719
24.6,48.95839726679931,0.16237562244441275,0.05693783569279245
24.700000000000003,48.97514798439028,0.16750717590973113,0.05131553465318305
24.8,48.99235155898772,0.17203574597438742,0.04528570064656386
24.900000000000002,49.00992037912886,0.17568820141135894,0.036524554369714614
25.0,49.02776527620125,0.1784489707239383,0.027607693125794343
25.1,49.04579634939689,0.18031073195636538,0.018617612324270408
25.200000000000003,49.06394183362746,0.18145484230572348,0.011441103493580854
25.3,49.08214569012831,0.1820385650084727,0.005837227027492411
25.400000000000002,49.10038559249929,0.18239902370986014,0.003604587013874232
25.5,49.11864847007853,0.1826287757923989,0.0022975208253875824
25.6,49.13690675016529,0.1825828008675475,-0.0004597492485139344
25.700000000000003,49.15513639045836,0.18229640293071467,-0.0028639793683282325
25.8,49.17332838408969,0.18191993631333891,-0.003764666173757616
25.900000000000002,49.19147630443499,0.18147920345299182,-0.004407328603470921
26.0,49.20956788946369,0.18091585028699728,-0.005633531659945521
26.1,49.22760007913603,0.18032189672339627,-0.00593953563600999
26.200000000000003,49.24553523569218,0.17935156556148713,-0.0097033116190913
26.3,49.26333316288922,0.1779792719703759,-0.013722935911112415
26.400000000000002,49.280962471577325,0.17629308688107165,-0.016861850893042412
26.5,49.298385110304864,0.17422638727538614,-0.02066699605685551
26.6,49.31553937276654,0.17154262461673153,-0.02683762658654571
26.700000000000003,49.33236595433408,0.16826581567542337,-0.03276808941308116
26.8,49.34883919858906,0.1647324425498233,-0.0353337312560014
26.900000000000002,49.36498812418647,0.16148925597405875,-0.032431865757645104
27.0,49.380846457432575,0.15858333246108086,-0.029059235129779492
27.1,49.39643605887964,0.1558960144706112,-0.02687317990469635
27.200000000000003,49.41177759071667,0.15341531837030467,-0.02480696100306482
27.3,49.42691969453443,0.1514210381776625,-0.0199428019264221
27.400000000000002,49.44191977722267,0.15000082688238833,-0.014202112952741507
27.5,49.45681022767465,0.14890450451979437,-0.01096322362593989
27.6,49.47160707738126,0.14796849706605786,-0.00936007453736496
27.700000000000003,49.48633190172315,0.14724824341889833,-0.007202536471595142
27.8,49.50104483989565,0.1471293817250117,-0.00118861693886643
27.900000000000002,49.5158149209002,0.1477008100454903,0.005714283204785927
28.0,49.53072068776404,0.14905766863840914,0.013568585929188704
28.1,49.5458374565405,0.15116768776458187,0.021100191261727
28.200000000000003,49.56122391977418,0.1538646323368176,0.026969445722356995
28.3,49.57691086407701,0.15686944302828798,0.030048106914704418
28.400000000000002,49.59291252144802,0.1600165737101355,0.031471306818474765
28.5,49.60923998011301,0.16327458664989428,0.03258012939758845
28.6,49.62588191967785,0.16641939564841599,0.03144808998521664
28.700000000000003,49.64283013130506,0.16948211627209034,0.030627206236743098
28.8,49.66006238690358,0.17232255598522184,0.02840439713131559
28.900000000000002,49.67752407829504,0.1746169139146023,0.022943579293804257
29.0,49.6951261702588,0.17602091963759767,0.014040057229954018
29.1,49.71279056142517,0.17664391166370058,0.006229920261029054
29.200000000000003,49.73046547649194,0.17674915066770075,0.0010523900400016678
29.3,49.74810012947637,0.17634652984427054,-0.004026208234302139
29.400000000000002,49.76563507661282,0.17534947136446738,-0.009970584798031503
29.5,49.78299776475621,0.17362688143393626,-0.017225899305311577
29.6,49.800121170032995,0.1712340527678411,-0.023928286660951308
29.700000000000003,49.81699124650685,0.1687007647385717,-0.02533288029269351
29.8,49.83355911751479,0.16567871007936572,-0.03022054659206056
29.900000000000002,49.84971438678253,0.1615526926774157,-0.04126017401949952
30.0,49.865366130684436,0.15651743901905824,-0.05035253658357577
30.1,49.88042943183209,0.15063301147655536,-0.058844275425027896
30.200000000000003,49.89480862081227,0.14379188980178775,-0.06841121674767511
30.3,49.90841741442084,0.13608793608568995,-0.0770395371609797
30.400000000000002,49.92121972397509,0.12802309554252916,-0.08064840543160669
30.5,49.93319549835856,0.11975774383465676,-0.0826535170787258
30.6,49.94426863515723,0.11073136798671455,-0.09026375847942078
30.700000000000003,49.95436733454812,0.10098699390887446,-0.09744374077839957
30.8,49.96343140656492,0.09064072016805562,-0.1034627374081906
30.900000000000002,49.97143033609761,0.07998929532689544,-0.10651424841160025
31.0,49.97836858222927,0.06938246131660868,-0.10606834010286993
31.1,49.984244934127766,0.05876351898493143,-0.10618942331677096
31.200000000000003,49.989053278815554,0.04808344687788167,-0.10680072107049605
31.3,49.99279133732988,0.037380585143225974,-0.10702861734655926
31.400000000000002,49.99545505484868,0.02663717518799975,-0.1074340995522607
31.5,49.99705781211853,0.016027572698505195,-0.10609602489494781
31.6,49.99762790876173,0.0057009664320161494,-0.10326606266488898
31.700000000000003,49.99718416409637,-0.004437446653611169,-0.10138413085627174
31.8,49.99574845900911,-0.01435705087260461,-0.09919604218993651
31.900000000000002,49.99333392792242,-0.02414531086685622,-0.09788259994251469
32.0,49.989961667694885,-0.03372260227536189,-0.09577291408505877
32.1,49.98564069792152,-0.04320969773367206,-0.09487095458310034
32.2,49.98038842677393,-0.05252271147590118,-0.09313013742228989
32.300000000000004,49.97423700679808,-0.06151419975850471,-0.08991488282603402
32.4,49.96720141287413,-0.07035593923945216,-0.08841739480947952
32.5,49.95927726432933,-0.07924148544802166,-0.08885546208569377
32.6,49.95048616776984,-0.08791096559491382,-0.08669480146892035
32.7,49.94083299796259,-0.09653169807250923,-0.08620732477595291
32.800000000000004,49.93034475506564,-0.10488242896947349,-0.08350730896964134
32.9,49.9190674014061,-0.11277353659537612,-0.07891107625903078
33.0,49.90701133307712,-0.12056068328980814,-0.0778714669443191
33.1,49.89417096777002,-0.12840365307098794,-0.07842969781179696
33.2,49.88054068187775,-0.13630285892275912,-0.07899205851771061
33.300000000000004,49.86612512740521,-0.14415554472534858,-0.07852685802589354
33.4,49.85093930881051,-0.1518581859470289,-0.07702641221680762
33.5,49.8350219566953,-0.15917352115209613,-0.07315335205067115
33.6,49.81841661372074,-0.16605342974557166,-0.0687990859347544
33.7,49.801179645557234,-0.17236968163508704,-0.06316251889515283
33.800000000000004,49.78342398599124,-0.1775565956599198,-0.05186914024832688
33.9,49.76526892717362,-0.18155058817620395,-0.03993992516284383
34.0,49.746810086541885,-0.18458840631737153,-0.030378181411675323
34.1,49.72813300452893,-0.18677082012956436,-0.02182413812192804
34.2,49.70933341543509,-0.18799589093837898,-0.012250708088146038
34.300000000000004,49.69053832874771,-0.18795086687383122,0.00045024064547760005
34.4,49.671851601557414,-0.18686727190293692,0.010835949708943643
34.5,49.65335903862086,-0.1849256293655062,0.019416425374307045
34.6,49.63513298332886,-0.18226055292003904,0.026650764454671138
34.7,49.61723412417519,-0.178988591536677,0.0327196138336198
34.800000000000004,49.59971219635723,-0.17521927817959443,0.03769313357082529
34.9,49.58261125665719,-0.171009397000442,0.04209881179152681
35.0,49.565969751514885,-0.16641505142302768,0.04594345577414245
35.1,49.54981165806477,-0.16158093450115754,0.048341169218700665
35.2,49.534156266621984,-0.15655391442784383,0.05027020073313638
35.300000000000004,49.51899866908416,-0.15157597537821982,0.04977939049623943
35.4,49.504346154738585,-0.14652514345578405,0.050508319224360596
35.5,49.49020031136347,-0.14145843375110956,0.05066709704674416
35.6,49.476519933784736,-0.13680377578736885,0.04654657963740639
35.7,49.46324188075928,-0.1327805302545907,0.040232455327781066
35.800000000000004,49.45026547929594,-0.12976401463333603,0.030165156212546132
35.9,49.43751227250016,-0.12753206795786567,0.022319466754704857
36.0,49.424859885592866,-0.12652386907291022,0.010081988849554436
36.1,49.41218199918844,-0.12677886404425284,-0.002549949713426222
36.2,49.399363183292756,-0.12818815895684382,-0.014092949125909604
36.300000000000004,49.386269390552314,-0.1309379274044157,-0.027497684475718428
36.4,49.37279910136945,-0.13470289182863182,-0.0376496442421633
36.5,49.35888194102358,-0.1391716034586901,-0.04468711630058206
36.6,49.34446400403088,-0.14417936992700014,-0.05007766468309983
36.7,49.32952337219864,-0.14940631832238938,-0.05226948395389156
36.800000000000004,49.31406554023734,-0.15457831961306348,-0.05172001290674032
36.9,49.298112331933794,-0.15953208303543873,-0.049537634223755275
37.0,49.28170850986404,-0.16403822069754648,-0.04506137662107687
37.1,49.26490708840439,-0.16801421459646565,-0.03975993898919116
37.2,49.24775352229725,-0.17153566107140006,-0.03521446474934359
37.300000000000004,49.23024583005991,-0.1750769223734469,-0.03541261302046799
37.4,49.212339370230296,-0.1790645982961183,-0.03987675922671607
37.5,49.19396955561752,-0.18369814612775054,-0.04633547831632185
37.6,49.175095092871096,-0.188744627464243,-0.05046481336492393
37.7,49.15569450577955,-0.19400587091545854,-0.05261243451215461
37.800000000000004,49.13577578347534,-0.19918722304211373,-0.05181352126655113
37.9,49.1153301666558,-0.20445616819537546,-0.052689451532620335
38.0,49.094350218944825,-0.2097994771097659,-0.05343308914390368
38.1,49.072834917458586,-0.21515301486239174,-0.05353537752625766
38.2,49.05078087751944,-0.22054039939142142,-0.053873845290296
38.300000000000004,49.02819797490275,-0.2258290261669028,-0.05288626775481317
38.400000000000006,49.00513329187813,-0.23064683024621174,-0.04817804079308861
38.5,48.98167276749905,-0.23460524379083747,-0.03958413544625952
38.6,48.95791129977118,-0.23761467727865354,-0.030094334878160284
38.7,48.93395705175986,-0.2395424801132117,-0.019278028345581236
38.800000000000004,48.90994613004675,-0.24010921713113134,-0.005667370179196415
38.900000000000006,48.886045600460534,-0.2390052958621391,0.011039212689922372
39.0,48.86245475546062,-0.23590844999917157,0.030968458629676936
39.1,48.839359814230974,-0.23094941229643623,0.04959037702735271
39.2,48.81690214292397,-0.2245767130700184,0.06372699226417748
39.300000000000004,48.79517287420491,-0.21729268719063247,0.0728402587938582
39.400000000000006,48.77422378056933,-0.20949093635578878,0.0780175083484358
39.5,48.75411318883659,-0.20110591732739358,0.08385019028395672
39.6,48.734880418733916,-0.19232770102675273,0.08778216300640726
39.7,48.716551470577166,-0.18328948156749642,0.09038219459256185
39.800000000000004,48.69915485624605,-0.17396614331118807,0.09323338256308218
39.900000000000006,48.682718559858,-0.16436296388043325,0.09603179430754674
40.0,48.66727284440109,-0.15445715456913856,0.09905809311295263
40.1,48.652829956939875,-0.14442887461214376,0.10028279956994647
40.2,48.639343352820234,-0.13486604119641563,0.09562833415728003
40.300000000000004,48.626758228021316,-0.12585124798917313,0.09014793207242366
40.400000000000006,48.61503611336187,-0.11722114659448668,0.08630101394686329
40.5,48.60414036662638,-0.10895746735486164,0.08263679239625507
40.6,48.59404121715861,-0.10099149467769876,0.07965972677162769
40.7,48.58472395642738,-0.09317260731229605,0.07818887365402594
40.800000000000004,48.57616545854939,-0.08558497877991889,0.07587628532377061
40.900000000000006,48.56833086464337,-0.07834593906018372,0.0723903971973506
41.0,48.561186221786436,-0.07144642856936352,0.06899510490820594
41.1,48.554729967871005,-0.06456253915430829,0.06883889415055133
41.2,48.54896954216204,-0.057604257089635416,0.06958282064672776
41.300000000000004,48.5439335134157,-0.05036028746339056,0.07243969626244755
41.400000000000006,48.53963890856879,-0.04294604846911848,0.07414238994271972
41.5,48.53609483487001,-0.0354407369877683,0.07505311481350609
41.6,48.53333537553262,-0.02759459337390485,0.07846143613863338
41.7,48.53143413390058,-0.01901241632040724,0.08582177053497488
41.800000000000004,48.53046709187226,-0.009670420283214161,0.09341996037192946
41.900000000000006,48.53050433067974,0.0003723880747941113,0.1004280835800813
42.0,48.53162194288922,0.011176122094767673,0.10803734019974176
42.1,48.533869326452184,0.022473835629667996,0.11297713534900163
42.2,48.53727856806237,0.03409241610185583,0.11618580472187669
42.300000000000004,48.54185402809919,0.045754600368183476,0.11662184266327481
42.400000000000006,48.547615635624254,0.05761607525066299,0.11861474882479349
42.5,48.554588290022295,0.06972654398041242,0.12110468729750115
42.6,48.56279662370351,0.08208333681217422,0.12356792831761627
42.7,48.5722920382743,0.09495414570785819,0.12870808895683786
42.800000000000004,48.58311071908987,0.10818680815574867,0.13232662447890292
42.900000000000006,48.595269855427865,0.12159136337991865,0.1340455522416978
43.0,48.60879096462741,0.1352110919954518,0.13619728615533938
43.1,48.623678760767625,0.14887796140214749,0.1366686940669548
43.2,48.63994327350072,0.16264512733094474,0.13767165928797065
43.300000000000004,48.6576041179545,0.17660844453778884,0.13963317206843903
43.400000000000006,48.676700323583695,0.1909620562919629,0.14353611754173842
43.5,48.69726853378323,0.205682101995362,0.1472004570339994
43.6,48.71934217695083,0.22073643167601317,0.15054329680650966
43.7,48.742969209206194,0.23627032255361888,0.15533890877605483
43.800000000000004,48.768177798274486,0.2520858906829168,0.1581556812929771
43.900000000000006,48.794974739223974,0.26796940949487763,0.15883518811960592
44.0,48.82332634623066,0.2835160700668543,0.1554666057197756
44.1,48.85319175437405,0.29865408143393357,0.15138011367079046
44.2,48.88452115326454,0.3132939889048414,0.14639907470907612
44.300000000000004,48.917260044497496,0.3273889123295912,0.14094923424749628
44.400000000000006,48.951355139698975,0.3409509520147887,0.13562039685197289
44.5,48.9867536372265,0.35398497527525896,0.13034023260471003
44.6,49.02336965329391,0.36616016067412194,0.12175185398862802
44.7,49.06107760737214,0.37707954078228484,0.10919380108162746
44.800000000000004,49.099748156817085,0.38670549444943864,0.0962595366715366
44.900000000000006,49.13929135682722,0.39543200010136,0.08726505651921222
45.0,49.17963142355642,0.4034006672920272,0.07968667190667697
45.1,49.22067849830089,0.4104707474446853,0.07070080152657987
45.2,49.262344102005386,0.41665603704493864,0.061852896002532416
45.300000000000004,49.304532957159296,0.421888551539092,0.052325144941532765
45.400000000000006,49.34716493375443,0.42631976595131355,0.04431214412221488
45.5,49.3901665605056,0.43001626751172806,0.036965015604147215
45.6,49.43349795372039,0.43331393214791897,0.03297664636190864
45.7,49.47712734679497,0.4362939307458129,0.02979998597893898
45.800000000000004,49.52100479343641,0.43877446641438045,0.024805356685675052
45.900000000000006,49.56510761512372,0.44102821687310095,0.02253750458720473
46.0,49.60942427339923,0.4431665827550798,0.021383658819789757
46.1,49.65394050399755,0.44516230598325357,0.01995723228173734
46.2,49.69860424980192,0.4466374580436331,0.014751520603794933
46.300000000000004,49.743350588478414,0.4474633867649594,0.00825928721326296
46.400000000000006,49.788117739992174,0.44767151513759346,0.002081283726340614
46.5,49.83284241926032,0.4472467926814515,-0.0042472245614197015
46.6,49.877449309021586,0.446068897612684,-0.01177895068767515
46.7,49.921878398662805,0.444290896412192,-0.0177800120049196
46.800000000000004,49.96606887188808,0.441904732252774,-0.023861641594179687
46.900000000000006,50.00998225117841,0.4391337929032284,-0.027709393495455478
47.0,50.053607498333825,0.4362524715542086,-0.02881321349019969
47.1,50.09693786806461,0.43330369730781465,-0.02948774246393906
47.2,50.139942252119646,0.4300438405503765,-0.03259856757438127
47.300000000000004,50.18262149118989,0.4267923907024535,-0.03251449847922925
47.400000000000006,50.224973229422474,0.4235173823258205,-0.0327500837663298
47.5,50.26697338475378,0.42000155331310907,-0.03515829012711613
47.6,50.308579814278566,0.41606429524782956,-0.03937258065279447
47.7,50.349778535131065,0.4119872085249851,-0.04077086722844401
47.800000000000004,50.390568134963694,0.4078959983262762,-0.04091210198708836
47.900000000000006,50.430963842248964,0.4039570728526996,-0.03938925473576548
48.0,50.471010571472206,0.40046729223244315,-0.034897806202566536
48.1,50.51076054571412,0.3974997424191372,-0.02967549813305894
48.2,50.55028682836507,0.3952628265094604,-0.02236915909676808
48.300000000000004,50.58964419760541,0.39357369240341605,-0.01689134106044297
48.400000000000006,50.62884809428528,0.39203896679871675,-0.015347256046992833
48.5,50.66787303317919,0.390249388939119,-0.0178957785959787
48.6,50.706681776953644,0.3880874377445254,-0.02161951194593528
48.7,50.74523936332365,0.3855758637000351,-0.02511574044490281
48.800000000000004,50.7835269711219,0.38287607798252477,-0.026997857175103005
48.900000000000006,50.821511247931475,0.3798427680957363,-0.03033309886788417
49.0,50.85912742550633,0.37616177574856385,-0.03680992347172661
49.1,50.89631741035704,0.3718998485071215,-0.042619272414423044
49.2,50.93302926809707,0.36711857740029974,-0.047812711068216815
49.300000000000004,50.969201400419465,0.36172132322391287,-0.053972541763867905
49.400000000000006,51.00475602017193,0.35554619752466926,-0.061751256992435236
49.5,51.03961367608672,0.34857655914786384,-0.06969638376805816
49.6,51.07370305206557,0.3408937597885094,-0.07682799359354343
49.7,51.106922954488084,0.33219902422515685,-0.08694735563352417
49.800000000000004,51.13914849333806,0.3222553884997791,-0.09943635725377623
49.900000000000006,51.170254418908016,0.3110592556995284,-0.11196132800250509
50.0,51.20014320988069,0.2988879097267897,-0.12171345972739415
50.1,51.2287413431219,0.2859813324120312,-0.12906577314758289
50.2,51.255999186481205,0.27257843359307865,-0.13402898818952377
50.300000000000004,51.28187885739209,0.258796709108818,-0.1378172448426043
50.400000000000006,51.30629547236293,0.24416614970845893,-0.14630559400358886
50.5,51.32917651383148,0.22881041468545385,-0.1535573502300595
50.6,51.35048073545994,0.21304221628461714,-0.15768198400836483
50.7,51.370188011245816,0.19707275785875997,-0.15969458425856947
50.800000000000004,51.388284574183004,0.18096562937188052,-0.16107128486879224
50.900000000000006,51.40474152768083,0.1645695349782249,-0.16396094393655375
51.0,51.419501469402434,0.14759941721607944,-0.1697011776214643
51.1,51.43252092207602,0.13019452673588985,-0.17404890480189342
51.2,51.443778181248305,0.11257259172282215,-0.17621935013067455
51.300000000000004,51.453293342888074,0.09515161639768487,-0.17420975325137036
51.400000000000006,51.4610852932355,0.07791950347424748,-0.17232112923437146
51.5,51.46716231922596,0.06077025990464681,-0.1714924356960164
51.6,51.47152692436983,0.043646051438698756,-0.1712420846594781
51.7,51.474188889446395,0.02661965076562429,-0.17026400673074224
51.800000000000004,51.475187686872594,0.00998797426198891,-0.16631676503635145
51.900000000000006,51.474548164968674,-0.006395219039205722,-0.163831933011944
52.0,51.47230847908583,-0.022396858828416407,-0.16001639789211594
52.1,51.46853977212438,-0.03768706961451986,-0.15290210786103237
52.2,51.463319020566125,-0.052207515582551135,-0.14520445968031068
52.300000000000004,51.45673793040221,-0.06581090163912413,-0.13603386056572805
52.400000000000006,51.448903450969745,-0.07834479432467734,-0.12533892685553025
52.5,51.43993532531565,-0.08968125654093283,-0.11336462216256135
52.6,51.42994075929249,-0.09994566023159593,-0.10264403690662956
52.7,51.41902996472266,-0.10910794569831084,-0.09162285466714779
52.800000000000004,51.407321690631754,-0.11708274090906745,-0.079747952107565
52.900000000000006,51.39495386201846,-0.1236782861329271,-0.06595545223859553
53.0,51.382060032944985,-0.12893829073477314,-0.05260004601846343
53.1,51.368756267742796,-0.13303765202188156,-0.04099361287108358
53.2,51.35515374166479,-0.13602526078002858,-0.029876087581469778
53.300000000000004,51.341338816150014,-0.13814925514779278,-0.02123994367764168
53.400000000000006,51.32739161705228,-0.13947199097735366,-0.01322735829560865
53.5,51.313380995785856,-0.1401062126642296,-0.006342216868759715
53.6,51.29933129570172,-0.14049700084136219,-0.0039078817713258385
53.7,51.28522606335437,-0.14105232347347196,-0.005553226321097703
53.800000000000004,51.27106581914599,-0.14160244208383485,-0.0055011861036287964
53.900000000000006,51.25685614805904,-0.1420967108694506,-0.00494268785615752
54.0,51.24257675719354,-0.14279390865504482,-0.0069719778559425094
54.1,51.22820471536396,-0.143720418295812,-0.009265096407671682
54.2,51.21368641491669,-0.1451830044727111,-0.014625861768990736
54.300000000000004,51.198979853248325,-0.1470656166836172,-0.01882612210906077
54.400000000000006,51.1840483832819,-0.14931469966427147,-0.022490829806542337
54.5,51.1688662883721,-0.1518209490979758,-0.02506249433704481
54.6,51.153419361100816,-0.15446927271284275,-0.026483236148669057
54.7,51.1377159586338,-0.15703402467017957,-0.025647519573367885
54.800000000000004,51.12177671831133,-0.15939240322466958,-0.0235837855448997
54.900000000000006,51.10561771095267,-0.16159007358659264,-0.021976703619230285
55.0,51.08925043594132,-0.1636727501135575,-0.020826765269649845
55.1,51.0727092023749,-0.16541233566414112,-0.017395855505835976
55.2,51.05605612097433,-0.1665308140056941,-0.011184783415529705
55.300000000000004,51.03938032782336,-0.16675793150973325,-0.0022711750403913945
55.400000000000006,51.022787477635376,-0.16592850187983052,0.00829429629902722
55.5,51.00639932435848,-0.16388153276893513,0.02046969110895502
55.6,50.99032374842295,-0.16075575935530878,0.03125773413626309
55.7,50.974640459467544,-0.15683288955407937,0.03922869801229356
55.800000000000004,50.95942998908314,-0.15210470384402935,0.04728185710049947
55.900000000000006,50.94477804483054,-0.14651944252598317,0.055852613180461017
56.0,50.93076882916897,-0.14009215661574445,0.06427285910239088
56.1,50.9174567215414,-0.1331210762756977,0.0697108034004666
56.2,50.90483956497398,-0.12617156567415397,0.06949510601543625
56.300000000000004,50.89288870671913,-0.11950858254856031,0.06662983125593563
56.400000000000006,50.88154943295779,-0.11339273761336538,0.06115844935194844
56.5,50.87078142284514,-0.10768010112649663,0.057126364868690716
56.6,50.86054401447784,-0.10237408367302546,0.05306017453471098
56.7,50.850756314516474,-0.09787699961364499,0.04497084059380407
56.800000000000004,50.841312628788344,-0.09443685728129346,0.0344014233235148
56.900000000000006,50.832114025059475,-0.09198603728869029,0.024508199926031385
57.0,50.82308912351002,-0.09024901549452638,0.017370217941640054
57.1,50.814198337491696,-0.08890786018326809,0.013411553112582745
57.2,50.805390792485966,-0.08807545005730208,0.008324101259659954
57.300000000000004,50.79660534753819,-0.08785444947775875,0.0022100057954332585
57.400000000000006,50.78777085203658,-0.08834495501609627,-0.004905055383375087
57.5,50.77882039207279,-0.08950459963792466,-0.011596446218284616
57.6,50.76971230604188,-0.09108086030906164,-0.015762606711369528
57.7,50.760406074123,-0.09306231918884446,-0.019814588797827933
57.800000000000004,50.750905033656466,-0.09501040466531528,-0.019480854764707956
57.900000000000006,50.741183209429565,-0.09721824226900683,-0.02207837603691514
58.0,50.731196666979805,-0.09986542449759951,-0.02647182228592835
58.1,50.720868469504154,-0.10328197475651132,-0.034165502589117644
58.2,50.71009862408499,-0.10769845419161886,-0.04416479435107472
58.300000000000004,50.69879259361011,-0.11306030474884049,-0.05361850557221555
58.400000000000006,50.68686851218649,-0.11924081423614838,-0.06180509487307801
58.5,50.67425197883624,-0.1261653335025486,-0.0692451926640062
58.6,50.660869346265315,-0.13382632570923456,-0.07660992206685843
58.7,50.64666375975558,-0.14205586509731713,-0.08229539388082457
58.800000000000004,50.6315856055967,-0.15078154158885368,-0.08725676491536426
58.900000000000006,50.61561813329724,-0.15967472299457824,-0.08893181405724439
59.0,50.59874970705833,-0.16868426238908787,-0.09009539394510142
59.1,50.580964507247224,-0.1778519981110779,-0.09167735721989903
59.2,50.56223543735228,-0.18729069894945116,-0.0943870083837312
59.300000000000004,50.54252874152618,-0.19706695826094464,-0.0977625931149334
59.400000000000006,50.5218338281674,-0.2069491335878097,-0.09882175326864916
59.5,50.50014069218057,-0.21693135986830991,-0.09982226280500785
59.6,50.477478277453784,-0.22662414726788105,-0.09692787399570997
59.7,50.453903690519205,-0.2357458693457881,-0.09121722077906912
59.800000000000004,50.429483491397505,-0.24420199121699335,-0.08456121871205137
59.900000000000006,50.404336327830094,-0.251471635674104,-0.07269644457110572
60.0,50.378595271125995,-0.25741056704100673,-0.05938931366903049
60.1,50.352370241523765,-0.26225029602229794,-0.04839728981291134
60.2,50.32576790019244,-0.2660234133132595,-0.03773117290961527
60.300000000000004,50.298877286441,-0.26890613751440257,-0.02882724201143009
60.400000000000006,50.271800440713974,-0.2707684572702324,-0.01862319755829818
60.5,50.24462604802686,-0.27174392687116844,-0.009754696009360853
60.6,50.217410625017116,-0.2721542300974239,-0.0041030322625545375
60.7,50.19018167211514,-0.272289529019783,-0.0013529892235908199
60.800000000000004,50.162929383830296,-0.27252288284841664,-0.002333538286336501
60.900000000000006,50.13564150643299,-0.27287877397305815,-0.0035589112464151132
61.0,50.10833505603811,-0.2730645039488322,-0.0018572997577405105
61.1,50.08105388093851,-0.2728117509959521,0.0025275295288007178
61.2,50.05386136112289,-0.2719251981562071,0.008865528397450235
61.300000000000004,50.0268133760002,-0.2704798512269197,0.014453469292873628
61.400000000000006,49.999968820500214,-0.2684455549998394,0.020342962270802612
61.5,49.9733747243985,-0.26594096101719433,0.02504593982645218
61.6,49.94708586927141,-0.26288855127084415,0.030524097463501387
61.7,49.92117810209768,-0.25907767173734075,0.03810879533503343
61.800000000000004,49.895720112780154,-0.2545798931752294,0.044977785621113014
61.900000000000006,49.87075396245941,-0.24966150320743097,0.0491838996779835
62.0,49.84631904412581,-0.244349183335984,0.05312319871447282
62.1,49.82245253946872,-0.23866504657092608,0.05684136765057832
62.2,49.79917121840848,-0.23281321060238394,0.05851835968542052
62.300000000000004,49.776449264381036,-0.22721954027445823,0.055936703279256296
62.400000000000006,49.75424686201482,-0.22202402366218305,0.051955166122751126
62.5,49.73252079638536,-0.21726065629459682,0.047633673675865004
62.6,49.71124303670432,-0.21277759681040873,0.04483059484188026
62.7,49.6904044242698,-0.20838612434516493,0.04391472465243733
62.800000000000004,49.670023439920406,-0.20380984349393994,0.0457628085122493
62.900000000000006,49.65014565829049,-0.1987778162991532,0.05032027194786665
63.0,49.63080668067836,-0.19338977612130426,0.053880401778492466
63.1,49.61201261998167,-0.18794060696691606,0.05449169154388123
63.2,49.59377779945605,-0.18234820525620163,0.05592401710714349
63.300000000000004,49.57614558720577,-0.1763221225027653,0.06026082753436244
63.400000000000006,49.55916027792811,-0.16985309277664598,0.06469029726119227
63.5,49.54285648077451,-0.16303797153598015,0.06815121240666215
63.6,49.52726175528524,-0.155947254892721,0.07090716643259064
63.7,49.512417869760405,-0.14843885524832745,0.0750839964439343
63.800000000000004,49.49839149812894,-0.1402637163146616,0.08175138933665721
63.900000000000006,49.48523229908093,-0.13159199048011586,0.08671725834545634
64.0,49.472999206956466,-0.12233092124461804,0.09261069235498338
64.10000000000001,49.46173725913582,-0.11261947820641643,0.0971144303820078
64.2,49.451458505911376,-0.10278753224448296,0.09831945961934031
64.3,49.44215217530141,-0.0930633060996708,0.09724226144812717
64.4,49.433830657040346,-0.08321518261062268,0.09848123489047282
64.5,49.426523805795014,-0.07306851245332228,0.10146670157300969
64.60000000000001,49.42025426598583,-0.06269539809181345,0.10373114361507955
64.7,49.41503753153333,-0.05216734452503443,0.10528053566779613
64.8,49.41086920459112,-0.04168326942206827,0.10484075102966754
64.9,49.40774074669356,-0.03128457897559844,0.10398690446468942
65.0,49.40561788762546,-0.021228590681020662,0.10055988294578352
65.10000000000001,49.40443420970796,-0.011836779175026336,0.09391811505993525
65.2,49.40410690699158,-0.0032730271637861547,0.08563752011240669
65.3,49.404564813015895,0.004579060243159721,0.07852087406946322
65.4,49.40573481650702,0.011700034911256265,0.07120974668095936
65.5,49.40752712758354,0.017923110765211046,0.06223075853955135
65.60000000000001,49.409855660082,0.023285324984596803,0.053622142193852994
65.7,49.4126209911403,0.027653310582992825,0.0436798559839627
65.8,49.41571517856691,0.030941874266121144,0.03288563683128506
65.9,49.41900404980098,0.0328887123406901,0.01946838074568792
66.0,49.42237635438676,0.033723045857813855,0.008343335171238005
66.10000000000001,49.42576989798388,0.03393543597119896,0.0021239011338508853
66.2,49.42911593858839,0.03346040604505353,-0.0047502992614546
66.3,49.4323503588288,0.03234420240410613,-0.01116203640947459
66.4,49.435418243371835,0.030678845430355976,-0.016653569737500148
66.5,49.43828884165047,0.028705982786336147,-0.019728626440199414
66.60000000000001,49.44098434284129,0.026955011908211736,-0.017509708781242618
66.7,49.443540208278414,0.02555865437123973,-0.013963575369720854
66.8,49.44596335512606,0.02423146847647355,-0.013271858947662548
66.9,49.44823559192785,0.02272236801786482,-0.015091004586086015
67.0,49.450363349973884,0.021277580460364976,-0.014447875574999264
67.10000000000001,49.45234013168929,0.01976781715405993,-0.015097633063049159
67.2,49.45412402706319,0.017838953738974386,-0.01928863415085655
67.3,49.455637013547836,0.01512986484648679,-0.0270908889248775
67.4,49.456798225263746,0.011612117159102273,-0.03517747687384217
67.5,49.45753334998672,0.007351247229721443,-0.04260869929381072
67.60000000000001,49.45774406127278,0.0021071128605852233,-0.05244134369135773
67.7,49.45732629665362,-0.004177646191579025,-0.06284759052164605
67.8,49.45619580740078,-0.011304892528372721,-0.071272463367941
67.9,49.45428786326309,-0.019079441376915234,-0.0777454884854185
68.0,49.45154408586743,-0.027437773956579432,-0.08358332579664673
68.10000000000001,49.447903464212835,-0.03640621654596688,-0.08968442589386684
68.2,49.44329033134963,-0.04613132863206011,-0.09725112086093783
68.3,49.43760022149792,-0.056901098517133555,-0.10769769885074056
68.4,49.43073637392599,-0.06863847571927675,-0.11737377202142198
68.5,49.42265464267724,-0.08081731248751571,-0.1217883676823965
68.60000000000001,49.413338424317494,-0.0931621835974204,-0.12344871109903638
68.7,49.402794093048904,-0.10544331268591267,-0.12281129088492969
68.8,49.390990008396784,-0.11804084652120354,-0.12597533835291588
68.9,49.37789711472089,-0.13092893675895162,-0.12888090237746977
69.0,49.36351974198471,-0.1437737273617838,-0.12844790602832898
69.10000000000001,49.347876851538615,-0.15642890446093902,-0.1265517709915415
69.2,49.33093840819433,-0.16938443344288143,-0.12955528981943146
69.3,49.3126619397038,-0.18276468490527592,-0.13380251462395254
69.4,49.29301255676173,-0.19649382942068627,-0.1372914451540918
69.5,49.27196346951908,-0.2104908724265306,-0.13997043005845136
69.60000000000001,49.249478197143084,-0.22485272375993262,-0.14361851333400785
69.7,49.22551468692789,-0.23963510215197856,-0.14782378392046777
69.8,49.20005105866613,-0.25463628261755417,-0.1500118046557646
69.9,49.17310292905036,-0.26948129615772676,-0.14845013540171326
70.0,49.14468516206686,-0.2841776698350335,-0.14696373677307586
70.10000000000001,49.11478772100068,-0.29897441066173097,-0.147967408266962
70.2,49.083388293030254,-0.31399427970429283,-0.15019869042562717
70.3,49.05047146072222,-0.3291683230803431,-0.15174043376051136
70.4,49.016057069051094,-0.3441439167112454,-0.14975593630901007
70.5,48.9801653081303,-0.3589176092079276,-0.1477369249668304
70.60000000000001,48.942835722093164,-0.3732958603713536,-0.14378251163424777
70.7,48.904116085993635,-0.38719636099531196,-0.13900500623959158
70.8,48.86406647341484,-0.4004961257880041,-0.1329976479269288
70.9,48.82278579177169,-0.41280681643140615,-0.12310690643401018
71.0,48.7803843893721,-0.424014023995933,-0.11207207564527503
71.10000000000001,48.73697437750768,-0.43410011864420134,-0.10086094648267457
71.2,48.69266436264574,-0.4431001486193761,-0.09000029975175251
71.3,48.64754915857117,-0.45115204074579374,-0.08051892126418117
71.4,48.60167831786989,-0.45870840701272536,-0.0755636626693098
71.5,48.555051832217146,-0.4662648565274717,-0.07556449514746752
71.60000000000001,48.50764003992138,-0.4741179229576482,-0.07853066430175856
71.7,48.45940918425079,-0.48230855670591566,-0.08190633748267916
71.8,48.410355961843266,-0.490532224075252,-0.08223667369336797
71.9,48.3604974739973,-0.4985848784596244,-0.08052654384371728
72.0,48.309881707543155,-0.5061576645414622,-0.07572786081838187
72.10000000000001,48.258579627304684,-0.5130208023846723,-0.06863137843209546
72.2,48.206667436458034,-0.5191219084665317,-0.06101106081859778
72.3,48.15424144408057,-0.5242599237746801,-0.051380153081486836
72.4,48.1014152930545,-0.5282615102606318,-0.04001586485951383
72.5,48.04832172091606,-0.5309357213844681,-0.026742111238364084
72.60000000000001,47.99507837753184,-0.5324334338421267,-0.0149771245765849
72.7,47.94180489519351,-0.5327348233832955,-0.0030138954116877884
72.8,47.8886413999974,-0.5316349519611965,0.010998714220990594
72.9,47.83571905015404,-0.5292234984335213,0.02411453527674928
73.0,47.7831248235064,-0.52594226647645,0.03281231957071493
73.10000000000001,47.73090055169682,-0.5222427180957377,0.03699548380711976
73.2,47.67905722979744,-0.5184332189937929,0.03809499101945052
73.3,47.62761506107213,-0.5144216872531907,0.040115317406024316
73.4,47.57655804538864,-0.5105701568348584,0.03851530418331977
73.5,47.52583955432635,-0.5071849106228687,0.03385246211989849
73.60000000000001,47.47544211472229,-0.5039743960405755,0.03210514582292993
73.7,47.42539147932263,-0.5005063539966699,0.03468042043905803
73.8,47.375761160881275,-0.49630318441354837,0.04203169583121741
73.9,47.32664673743169,-0.49114423449583533,0.051589499177126005
74.0,47.278122848071895,-0.4852388935979511,0.05905340897884584
74.10000000000001,47.23022442748162,-0.47898420590267854,0.0625468769527201
74.2,47.182973298269765,-0.4725112921186094,0.0647291378406948
74.3,47.13639235588416,-0.465809423856056,0.06701868262553805
74.4,47.09052404059951,-0.45868315284646494,0.0712627100959046
74.5,47.045438825176525,-0.45085215422988945,0.07830998616575936
74.60000000000001,47.00121029753632,-0.4422852764020369,0.08566877827851807
74.7,46.95789324661695,-0.4331705091937257,0.09114767208311743
74.8,46.91550058179448,-0.42392664822467474,0.09243860969051469
74.9,46.87401159780433,-0.4148898399014557,0.09036808323218244
75.0,46.83339337528237,-0.40618222521966096,0.08707614681795257
75.10000000000001,46.79360643254657,-0.39786942735798353,0.08312797861676725
75.2,46.75460173936327,-0.39004693183303457,0.07822495524949402
75.3,46.71632268097837,-0.382790583848966,0.07256347984068957
75.4,46.6787474907818,-0.3757519019656676,0.07038681883297826
75.5,46.64188932756714,-0.3685816321466216,0.07170269819046413
75.60000000000001,46.60577152339339,-0.361178041737458,0.07403590409162976
75.7,46.57046133714739,-0.35310186246002806,0.08076179277430388
75.8,46.53607987768007,-0.3438145946732103,0.09287267786818293
75.9,46.50273679033897,-0.33343087341098965,0.10383721262219761
76.0,46.47050391090618,-0.32232879432792017,0.11102079083070114
76.10000000000001,46.43938922436908,-0.31114686537098823,0.11181928956930977
76.2,46.409372122942216,-0.30017101426865905,0.10975851102329806
76.3,46.38041615559481,-0.28955967347409,0.1061134079456965
76.4,46.352478016176015,-0.2793813941879126,0.1017827928617656
76.5,46.32553248565283,-0.26945530523187355,0.0992608895603959
76.60000000000001,46.29953953120699,-0.2599295444583794,0.0952576077349334
76.7,46.27444019310571,-0.2509933810127905,0.08936163445589404
76.80000000000001,46.250153175985474,-0.24287017120234883,0.08123209810440986
76.9,46.22659099261966,-0.23562183365812847,0.07248337544220769
77.0,46.203656025529845,-0.22934967089818653,0.06272162759942297
77.10000000000001,46.18123349481686,-0.22422530712985142,0.051243637683346735
77.2,46.15921619450167,-0.22017300315192587,0.040523039779257836
77.30000000000001,46.13753067698648,-0.2168551751518592,0.03317828000066381
77.4,46.11612273596972,-0.21407941016762572,0.027757649842336442
77.5,46.094935859682096,-0.21186876287623374,0.022106472913921017
77.60000000000001,46.07390033899557,-0.21035520686522685,0.0151355601100676
77.7,46.052935478856014,-0.20964860139558308,0.007066054696438075
77.80000000000001,46.031981911792194,-0.20953567063818557,0.0011293075739750727
77.9,46.01101128740864,-0.2097062438355243,-0.0017057319733874558
78.0,45.98998189432909,-0.21029393079552736,-0.005876869600030866
78.10000000000001,45.96888024380746,-0.21101650521627469,-0.007225744207472679
78.2,45.9477050119138,-0.21175231893665863,-0.007358137203839906
78.30000000000001,45.92647010531287,-0.21234906600922054,-0.005967470725618586
78.4,45.90517060523225,-0.212995000806243,-0.006459347970224994
78.5,45.88378678381395,-0.21383821418298304,-0.008432133767400853
78.60000000000001,45.862294391525964,-0.21492392287987216,-0.010857086968890279
78.7,45.840684763991646,-0.2160962753431884,-0.011723524633163007
78.80000000000001,45.81895043036428,-0.21734333627362468,-0.012470609304361715
78.9,45.797098390257226,-0.2185204010705757,-0.011770647969510776
79.0,45.77515099598412,-0.21947394273106904,-0.009535416604934108
79.10000000000001,45.75314483313515,-0.22006162848965516,-0.005876857585860649
79.2,45.731120144492316,-0.22024688642838272,-0.0018525793872757267
79.30000000000001,45.70909558678653,-0.2202455770578194,1.3093705633070434e-05
79.4,45.687053202716484,-0.22042384070048912,-0.001782636426697172
79.5,45.664986396493774,-0.22066806222711766,-0.0024422152662854912
79.60000000000001,45.64289167493148,-0.22094721562295197,-0.0027915339583429017
79.7,45.62078771770421,-0.22103957227267138,-0.000923566497194103
79.80000000000001,45.59868828496182,-0.22099432742391903,0.00045244848752342163
79.9,45.57657393225768,-0.22114352704137566,-0.001491996174566386
80.0,45.554389252728505,-0.22184679529176615,-0.00703268250390533
80.10000000000001,45.5321106279477,-0.22278624780801215,-0.009394525162459175
80.2,45.50972714592153,-0.22383482026172735,-0.010485724537152616
80.30000000000001,45.487238160010925,-0.22488985910603745,-0.010550388443100122
80.4,45.46467923235641,-0.22558927654516342,-0.006994174391260053
80.5,45.442093349472394,-0.22585882884017258,-0.0026955229500917753
80.60000000000001,45.41952012221112,-0.2257322726127405,0.0012655622743206227
80.7,45.39701558208369,-0.2250454012742992,0.0068687133844134735
80.80000000000001,45.374611602032424,-0.2240398005126374,0.010056007616617266
80.9,45.35234743558098,-0.22264166451443956,0.013981359981979042
81.0,45.330244004992586,-0.2210343058839596,0.016073586304800682
81.10000000000001,45.30830582956706,-0.2193817542552336,0.016525516287258492
81.2,45.286555162418736,-0.217506671483262,0.018750827719717044
81.30000000000001,45.2650289128615,-0.21526249557231422,0.02244175910947585
81.4,45.24373972477535,-0.21289188086151756,0.023706147107967993
81.5,45.22272291309051,-0.21016811684846232,0.027237640130553957
81.60000000000001,45.201986018997324,-0.20736894093181144,0.027991759166506425
81.7,45.18151368811719,-0.2047233088013317,0.026456321304798972
81.80000000000001,45.16127898991702,-0.2023469820016826,0.023763267996488785
81.9,45.14126716407034,-0.20011825846681291,0.022287235348698187
82.0,45.121469921237335,-0.19797242833008669,0.02145830136726351
82.10000000000001,45.10188005947105,-0.19589861766283184,0.02073810667254667
82.2,45.08247318303777,-0.19406876433280865,0.018298533300232997
82.30000000000001,45.063231609963246,-0.19241573074522259,0.016530335875859205
82.4,45.044148187511894,-0.1908342245135339,0.015815062316887684
82.5,45.025214082019495,-0.18934105492399678,0.014931695895372148
82.60000000000001,45.00641299141723,-0.18801090602265264,0.01330148901344028
82.7,44.98768481309826,-0.1872817831896718,0.007291228329808634
82.80000000000001,44.96892236824902,-0.18762444849242677,-0.0034266530275492276
82.9,44.950047707417916,-0.18874660831103193,-0.011221598186052312
83.0,44.93102482979497,-0.19022877622945716,-0.014821679184253155
83.10000000000001,44.911837887758026,-0.19186942036944074,-0.01640644139983437
83.2,44.892509995708515,-0.19327892049511453,-0.01409500125673865
83.30000000000001,44.87307414077054,-0.19435854937972627,-0.01079628884611652
83.4,44.85354885311493,-0.19525287655612233,-0.008943271763961156
83.5,44.833930504174546,-0.19618348940384728,-0.00930612847724996
83.60000000000001,44.81423110056946,-0.1969940360508647,-0.008105466470173659
83.7,44.79448758667516,-0.1974351389429897,-0.004411028921250088
83.80000000000001,44.774704235373235,-0.1978335130192308,-0.003983740762410697
83.9,44.75483980132157,-0.19864434051663402,-0.00810827497403262
84.0,44.73485684042046,-0.19982960901111538,-0.011852684944814292
84.10000000000001,44.71471543101633,-0.20141409404130842,-0.01584485030192904
84.2,44.69438076813777,-0.2033466287856216,-0.0193253474431329
84.30000000000001,44.67381956836107,-0.20561199776699035,-0.022653689813685606
84.4,44.65297881641462,-0.20840751946452704,-0.027955216975368492
84.5,44.63181663037316,-0.21162186041459344,-0.03214340950066579
84.60000000000001,44.610311424025205,-0.21505206347951442,-0.03430203064920685
84.7,44.588446626434866,-0.2186479759034068,-0.03595912423892577
84.80000000000001,44.56621138616613,-0.22235240268733017,-0.037044267839230656
84.9,44.54364425887212,-0.2256712729401173,-0.03318870252787315
85.0,44.52082024695031,-0.22824011921814122,-0.02568846278024069
85.10000000000001,44.497827302330755,-0.22992944619550743,-0.016893269773660628
85.2,44.47477714040254,-0.2305016192821927,-0.0057217308668531175
85.30000000000001,44.45180203469086,-0.22975105711678084,0.00750562165411797
85.4,44.429055612912116,-0.22746421778742715,0.02286839329353826
85.5,44.40667466252237,-0.22380950389746906,0.03654713889958291
85.60000000000001,44.38478275326661,-0.21891909255755146,0.04890411339917188
85.7,44.36350298712049,-0.2127976614612358,0.06121431096316008
85.80000000000001,44.34294790796671,-0.20555079153778547,0.07246869923449716
85.9,44.32321034933847,-0.19737558628244456,0.08175205255341371
86.0,44.30436359474894,-0.18846754589526077,0.08908040387184298
86.10000000000001,44.286445887010586,-0.17917707738354133,0.09290468511718648
86.2,44.26947357433389,-0.16972312676700596,0.09453950616535904
86.30000000000001,44.25344707652279,-0.16026497811095963,0.09458148656045522
86.4,44.23834839263637,-0.15098683886422185,0.09278139246738315
86.5,44.22414307552041,-0.14205317115959656,0.08933667704625789
86.60000000000001,44.2108072627908,-0.13335812729606572,0.08695043863530103
86.7,44.19832402411763,-0.12483238673170403,0.0852574056436217
86.80000000000001,44.186700829803314,-0.11623194314316695,0.08600443588536347
86.9,44.17594490313696,-0.10755926666356332,0.08672676479604131
87.0,44.16604952469617,-0.09895378440788812,0.0860548225567569
87.10000000000001,44.156997466588,-0.090520581081669,0.08433203326218403
87.2,44.148802412977275,-0.0819505361072761,0.08570044974393386
87.30000000000001,44.14153266704247,-0.07269745934805717,0.09253076759218133
87.4,44.13525378074263,-0.06278886299839216,0.09908596349665574
87.5,44.13002028055536,-0.05233500187273719,0.10453861125655568
87.60000000000001,44.12590155740282,-0.04118723152536678,0.11147770347369454
87.7,44.122970705161954,-0.029308522408657,0.11878709116710458
87.80000000000001,44.1213243015874,-0.016464035745541155,0.12844486663114751
87.9,44.121043841506825,-0.002804600805746009,0.13659434939795922
88.0,44.12219828952178,0.01154448014958186,0.14349080955328686
88.10000000000001,44.124853277690306,0.026549881685224944,0.15005401535641805
88.2,44.12909682690114,0.042435492108341605,0.15885610423117563
88.30000000000001,44.13500343522124,0.05906608320102642,0.166305910926834
88.4,44.142613275606706,0.07609840385463407,0.17032320653608612
88.5,44.151941905915166,0.09328630308460181,0.17187899229968723
88.60000000000001,44.16299512446382,0.11053218548652434,0.17245882401921056
88.7,44.17575866925455,0.12763544790730222,0.1710326242077885
88.80000000000001,44.19020219242307,0.14443523168522365,0.16799783777920002
88.9,44.206275213537936,0.16073021114864108,0.16294979463418358
89.0,44.2239186546464,0.1764344110846239,0.15704199935983715
89.10000000000001,44.24306157113002,0.1914291648362202,0.14994753751595005
89.2,44.26363740805685,0.20575836926832128,0.14329204432101902
89.30000000000001,44.28563417946725,0.21996771410398253,0.14209344835660034
89.4,44.30904016760423,0.23405988136980135,0.1409216726581963
89.5,44.333804052594125,0.24763884989896198,0.135789685291614
89.60000000000001,44.35984536570721,0.26041313113081,0.12774281231846923
89.7,44.38711568526126,0.2727031955405023,0.12290064409693023
89.80000000000001,44.41559279611858,0.28477110857321425,0.12067913032710902
89.9,44.44527983228177,0.29687036163190594,0.12099253058692383
90.0,44.47618486894582,0.3090503666405373,0.1218000500863206
90.10000000000001,44.50828571020157,0.3210084125574479,0.11958045916909556
90.2,44.541531245387205,0.3324553518563722,0.1144693929892497
90.30000000000001,44.57588795842813,0.34356713040925424,0.11111778552881087
90.4,44.61134746294937,0.35459504521236934,0.11027914803115729
90.5,44.64790931145704,0.3656184850767582,0.1102343986438949
90.60000000000001,44.68554825144599,0.37638939988941533,0.1077091481265621
90.7,44.724200116908364,0.38651865462379287,0.10129254734378111
90.80000000000001,44.763777313107504,0.39577196199136644,0.09253307367572781
90.9,44.80418515742908,0.40407844321580366,0.08306481224437695
91.0,44.84535763265126,0.4117247522217816,0.07646309005978393
91.10000000000001,44.88724480919347,0.4188717654220751,0.07147013200292875
91.2,44.92975033717118,0.42505527977712204,0.06183514355047289
91.30000000000001,44.972763943042914,0.43013605871731525,0.05080778940192776
91.4,45.016191012816016,0.4342706977310476,0.04134639013732579
91.5,45.059921879903456,0.43730867087442604,0.0303797314337862
91.60000000000001,45.10384052327701,0.439186433735477,0.01877762861050798
91.7,45.1478402457697,0.43999722492695187,0.00810791191474915
91.80000000000001,45.19185903409624,0.4401878832653574,0.0019065833840551977
91.9,45.23585585263501,0.4399681853877519,-0.0021969787760551945
92.0,45.27977723714809,0.43921384513079087,-0.007543402569610709
92.10000000000001,45.323581612694475,0.43804375546382873,-0.011700896669620377
92.2,45.367215085175964,0.4363347248149089,-0.017090306489199042
92.30000000000001,45.410591213359915,0.4337612818394717,-0.02573442975436993
92.4,45.45362037198545,0.43029158625538916,-0.03469695584082752
92.5,45.49622829854681,0.426079265613619,-0.042123206417704236
92.60000000000001,45.538354122617854,0.42125824071039336,-0.04821024903225202
92.7,45.579944725930154,0.41590603312303165,-0.053522075873620165
92.80000000000001,45.620940824172216,0.4099609824205791,-0.059450507024520406
92.9,45.661284428970006,0.40343604797792826,-0.06524934442651213
93.0,45.70093608871038,0.39651659740374023,-0.06919450574188417
93.10000000000001,45.73985881764166,0.3892272893127947,-0.07289308090944902
93.2,45.77800292135988,0.3814410371821925,-0.07786252130602632
93.30000000000001,45.815331770044274,0.3732884868439294,-0.08152550338262425
93.4,45.851793466013014,0.36461695968741675,-0.08671527156513141
93.5,45.887356332052526,0.3556286603951466,-0.0898829929227064
93.60000000000001,45.92199801699749,0.3464168494496238,-0.09211810945522028
93.7,45.955662191967164,0.3366417496967436,-0.09775099752880767
93.80000000000001,45.98827534542402,0.32613153456854665,-0.10510215128196046
93.9,46.01978427850418,0.3150893308016302,-0.11042203766917075
94.0,46.05012694361712,0.3034266511294165,-0.11662679672214346
94.10000000000001,46.07924573164232,0.29118788025191483,-0.12238770877500649
94.2,46.107092013213574,0.2784628157125882,-0.12725064539327371
94.30000000000001,46.133650380571595,0.2655836735801871,-0.128791421324
94.4,46.158916650782686,0.25266270211092506,-0.12920971469262757
94.5,46.182893047957705,0.23976397175020678,-0.12898730360719018
94.60000000000001,46.20560955418794,0.22716506230229977,-0.12598909447905934
94.7,46.227118661247864,0.2150910705992837,-0.12073991703016755
94.80000000000001,46.24746321195173,0.20344550703866246,-0.11645563560620248
94.9,46.266663198958256,0.19199987006524236,-0.11445636973420754
95.0,46.28474370279963,0.1808050384137619,-0.11194831651481106
95.10000000000001,46.301745475018244,0.1700177221861165,-0.10787316227644474
95.2,46.31768640778711,0.15940932768864452,-0.10608394497472577
95.30000000000001,46.3325288193391,0.14842411551994572,-0.10985212168697862
95.4,46.34621917299213,0.13690353653026288,-0.11520578989683494
95.5,46.35872453544997,0.12505362457844882,-0.11849911951814736
95.60000000000001,46.37003566828283,0.11311132832857597,-0.11942296249871831
95.7,46.380153356032686,0.10117687749855128,-0.11934450830025366
95.80000000000001,46.389025827748654,0.08872471715967077,-0.12452160338879449
95.9,46.39659159437897,0.07565766630314816,-0.13067050856523357
96.0,46.40282161102257,0.06230016643599255,-0.13357499867156367
96.10000000000001,46.40771537362378,0.04893762601212908,-0.13362540423862332
96.2,46.411300890214655,0.03585516590874453,-0.1308246010338529
96.30000000000001,46.41363265494125,0.023317647265981522,-0.1253751864276194
96.4,46.41477316622465,0.011405112833956049,-0.1191253443202615
96.5,46.41475069718102,-0.00022469043628349394,-0.11629803270240203
96.60000000000001,46.41357763985469,-0.011730573263334486,-0.11505882827050011
96.7,46.41128696590821,-0.02290673946475993,-0.11176166201426081
96.80000000000001,46.407899543537766,-0.033874223704441375,-0.1096748423968051
96.9,46.40345576264442,-0.0444378089334688,-0.10563585229028023
97.0,46.398038801243686,-0.054169614007338635,-0.0973180507387039
97.10000000000001,46.3917445033488,-0.0629429789488913,-0.08773364941551913
97.2,46.384644802290936,-0.07099701057861245,-0.08054031629721611
97.30000000000001,46.37678559597696,-0.07859206313973073,-0.07595052561117634
97.4,46.36824890249214,-0.08536693484821486,-0.06774871708484519
97.5,46.35915436645658,-0.09094536035562391,-0.055784255074093604
97.60000000000001,46.34962715663963,-0.09527209816950842,-0.043267378138841434
97.7,46.33978482194954,-0.09842334690085001,-0.03151248731341773
97.80000000000001,46.329742675842084,-0.10042146107458048,-0.019981141737302994
97.9,46.319610832017226,-0.10131843824858898,-0.008969771740085463
98.0,46.30948843369686,-0.10122398320363012,0.0009445504495886862
98.10000000000001,46.299469001411936,-0.10019432284926777,0.01029660354362259
98.2,46.28962285640302,-0.09846145008915234,0.01732872760115524
98.30000000000001,46.280021913713966,-0.09600942689053829,0.02452023198613844
98.4,46.27071209185644,-0.09309821857528351,0.029112083152549446
98.5,46.261754658611515,-0.08957433244923661,0.035238861260470995
98.60000000000001,46.253239377274056,-0.08515281337458432,0.0442151907465192
98.7,46.24525788784281,-0.07981489431245335,0.05337919062131267
98.80000000000001,46.237891406094654,-0.07366481748156499,0.06150076830887838
98.9,46.23121266977401,-0.06678736320644799,0.06877454275117395
99.0,46.22527648287838,-0.05936186895631916,0.07425494250129247
99.10000000000001,46.220077365009146,-0.051991178692314406,0.07370690264004126
99.2,46.215577726392326,-0.04499638616821045,0.06994792524104353
99.30000000000001,46.21175251367633,-0.03825212715994682,0.06744259008263061
99.4,46.20856255112765,-0.031899625486817164,0.06352501673130014
99.5,46.205954418177775,-0.026081329498738686,0.05818295988078809
99.60000000000001,46.203862552476615,-0.020918657011604218,0.051626724871340283
99.7,46.20226573870445,-0.01596813772167229,0.04950519289932208
99.80000000000001,46.2011652286085,-0.011005100959450459,0.0496303676222141
99.9,46.2005814038325,-0.00583824776001085,0.051668531994399025
100.0,46.2005351770979,-0.00046226734603751894,0.05375980413973637
100.10000000000001,46.20105500712851,0.00519830030611912,0.05660567652156156
100.2,46.20218203015371,0.011270230251981346,0.06071929945862572
100.30000000000001,46.20395813489132,0.01776104737615318,0.0649081712417128
100.4,46.206406404429174,0.024482695378510725,0.06721648002357927
100.5,46.20953251137219,0.03126106943014584,0.06778374051635498
100.60000000000001,46.21334242551917,0.03809914146983959,0.06838072039693166
100.7,46.217839110741465,0.044966852222929954,0.06867710753090757
100.80000000000001,46.223018276793496,0.051791660520303956,0.0682480829737342
100.9,46.22886445168527,0.05846174891772526,0.0667008839742168
101.0,46.235361013617464,0.06496561932195646,0.06503870404231575
101.10000000000001,46.24251131089534,0.0715029727787392,0.06537353456782174
101.2,46.25032997974854,0.07818668853204702,0.06683715753308206
101.30000000000001,46.25882938521663,0.08499405468085527,0.06807366148807673
101.4,46.268016758696845,0.09187373480216887,0.06879680121313989
101.5,46.27792630001833,0.09909541321484591,0.07221678412677451
101.60000000000001,46.28854048358789,0.10614183569557217,0.0704642248072566
101.7,46.29981646144677,0.11275977858880212,0.06617942893230326
101.80000000000001,46.31168227559304,0.11865814146274954,0.058983628739469156
101.9,46.32403844780385,0.12356172210808572,0.04903580645336457
102.0,46.336742595699064,0.12704147895214402,0.03479756844058494
102.10000000000001,46.349676288422664,0.12933692723598575,0.022954482838415377
102.2,46.36274967807039,0.13073389647723166,0.013969692412459895
102.30000000000001,46.375854525214436,0.1310484714404824,0.0031457496325071428
102.4,46.38888441273167,0.1302988751723507,-0.007495962681317451
102.5,46.40174361983344,0.12859207101769973,-0.01706804154651062
102.60000000000001,46.414351421778484,0.12607801945043554,-0.025140515672639828
102.7,46.426674518894075,0.12323097115591243,-0.028470482945232668
102.80000000000001,46.438718721290975,0.1204420239689949,-0.027889471869172993
102.9,46.450520970828656,0.1180224953768128,-0.024195285921822365
103.0,46.46209378459728,0.11572813768623949,-0.022943576905734342
103.10000000000001,46.4734669477944,0.11373163197119592,-0.019965057150434052
103.2,46.484713622989005,0.1124667519460651,-0.01264880025130882
103.30000000000001,46.4959192877793,0.112056647902951,-0.00410104043114069
103.4,46.50717603741282,0.11256749633518055,0.005108484322295811
103.5,46.5185750187338,0.11398981320980477,0.01422316874624294
103.60000000000001,46.53018649412281,0.11611475389009206,0.021249406802871094
103.7,46.54202859264862,0.11842098525811869,0.0230623136802676
103.80000000000001,46.554103853440296,0.12075260791674616,0.023316226586272786
103.9,46.566422889878794,0.12319036438498888,0.0243775646824286
104.0,46.57900445629039,0.12581566411598294,0.026252997309942037
104.10000000000001,46.59186906124633,0.12864604955935346,0.02830385443370284
104.2,46.605023339194,0.1315427794767107,0.028967299173573973
104.30000000000001,46.6184502309544,0.13426891760402093,0.027261381273100023
104.4,46.63216207335575,0.13711842401350152,0.02849506409480752
104.5,46.646155161877466,0.13993088521716232,0.028124612036609587
104.60000000000001,46.660449516632404,0.1429435475493668,0.030126623322042287
104.7,46.675058691024866,0.14609174392462285,0.031481963752562195
104.80000000000001,46.6899976902704,0.14938999245535603,0.03298248530732902
104.9,46.7052798158836,0.15282125613198064,0.034312636766248024
105.0,46.720912168262196,0.15632352378596615,0.03502267653985707
105.10000000000001,46.73689488777621,0.15982719514012503,0.035036713541585836
105.2,46.753224528583274,0.16329640807065932,0.03469212930534485
105.30000000000001,46.76988672208277,0.1666219349949074,0.03325526924247806
105.4,46.78683438207147,0.1694765998870292,0.028546648921219622
105.5,46.804021303978324,0.17186921906856423,0.023926191815351577
105.60000000000001,46.82140282065648,0.1738151667815509,0.019459477129865073
105.7,46.83893580663239,0.17532985975912682,0.01514692977576007
105.80000000000001,46.856576501143046,0.17640694510652027,0.01077085347393361
105.9,46.87428286733095,0.17706366187902786,0.006567167725076246
106.0,46.891983741377175,0.17700874046228007,-0.0005492141674779162
106.10000000000001,46.909596051757745,0.1761231038056926,-0.008856366565873986
106.2,46.92705982663108,0.17463774873335608,-0.014853550723366039
106.30000000000001,46.94435230882002,0.1729248218894094,-0.0171292684394652
106.4,46.961468086944315,0.1711577812429352,-0.017670406464743056
106.5,46.97843865695574,0.16970570011424513,-0.014520811286901629
106.60000000000001,46.995302274700435,0.16863617744695586,-0.010695226672891776
106.7,47.01207558638305,0.16773311682613712,-0.009030606208187922
106.80000000000001,47.02872878648462,0.1665320010157103,-0.012011158104267092
106.9,47.045233286697936,0.16504500213316448,-0.014869988825459158
107.0,47.061572153944255,0.1633886724631943,-0.016563296699702686
107.10000000000001,47.07774407273954,0.1617191879528552,-0.01669484510338961
107.2,47.093750979761126,0.16006907021584937,-0.016501177370059177
107.30000000000001,47.1095833932533,0.15832413492175662,-0.017449352940926043
107.4,47.12520252045343,0.15619127200126037,-0.02132862920496369
107.5,47.14056162250735,0.15359102053921866,-0.02600251462041856
107.60000000000001,47.15559096393421,0.15029341426859016,-0.03297606270628219
107.7,47.17021670141536,0.14625737481154866,-0.04036039457041737
107.80000000000001,47.184373662431085,0.1415696101572074,-0.04687764654340859
107.9,47.19801515252843,0.13641490097342832,-0.051547091837793754
108.0,47.21110586719288,0.13090714664451075,-0.055077543289178764
108.10000000000001,47.22362508537381,0.12519218180932865,-0.0571496483518162
108.2,47.23556395275058,0.11938867376770869,-0.05803508041620286
108.30000000000001,47.246921209720746,0.11357256970163573,-0.05816104066072459
108.4,47.257694986260915,0.10773776540170034,-0.058348042999357266
108.5,47.26790110498278,0.10206118721868632,-0.05676578183014345
108.60000000000001,47.27759301541911,0.09691910436322955,-0.051420828554563286
108.7,47.28681455692059,0.09221541501482547,-0.047036893484043475
108.80000000000001,47.29558292004869,0.08768363128097396,-0.045317837338511184
108.9,47.303884304089515,0.08301384040827503,-0.046697908726992
109.0,47.31169388341728,0.0780957932776305,-0.04918047130644811
109.10000000000001,47.31897320852818,0.07279325110899838,-0.05302542168631663
109.2,47.32572183254694,0.06748624018762356,-0.053070109213751264
109.30000000000001,47.33195704686911,0.06235214322166806,-0.05134096965955063
109.4,47.33771502205067,0.05757975181566949,-0.0477239140599884
109.5,47.343045562365134,0.053305403144608667,-0.04274348671061065
109.60000000000001,47.348010978646094,0.04965416280959832,-0.03651240335010034
109.7,47.35270002370838,0.04689045062285668,-0.027637121867417947
109.80000000000001,47.357216007767846,0.045159840594660196,-0.0173061002819634
109.9,47.361630665966175,0.04414658198328676,-0.010132586113734916
110.0,47.365967918864754,0.04337252898580137,-0.007740529974854342
110.10000000000001,47.37025056922873,0.04282650363975539,-0.0054602534604593555
110.2,47.37449883979547,0.04248270566741283,-0.0034379797234258005
110.30000000000001,47.37873192134354,0.04233081548064982,-0.0015189018676299664
110.4,47.38297713825668,0.04245216913141078,0.001213536507609705
110.5,47.38726219436668,0.042850561099998734,0.003983919685879735
110.60000000000001,47.39163065414147,0.04368459774795124,0.008340366479524363
110.7,47.39612741214192,0.0449675800044983,0.012829822565471292
110.80000000000001,47.40079313230074,0.04665720158818545,0.016896215836870055
110.9,47.40567655968871,0.04883427387966599,0.02177072291480667
111.0,47.41084554788657,0.051689881978592304,0.028556080989264765
111.10000000000001,47.41630861517802,0.0546306729145083,0.029407909359157453
111.2,47.42202272578316,0.057141106051407015,0.025104331368988566
111.30000000000001,47.4279425845133,0.05919858730144718,0.020574812500399865
111.4,47.43402801983633,0.06085435323030088,0.016557659288537998
111.5,47.44026523560198,0.06237215765644421,0.015178044261434128
111.60000000000001,47.44665782356027,0.06392587958294792,0.015537219265035755
111.7,47.45322949760505,0.06571674044778693,0.01790860864839113
111.80000000000001,47.46001695836577,0.06787460760718876,0.02157867159401649
111.9,47.4670527107453,0.0703575237952987,0.024829161881100733
112.0,47.474366488468675,0.07313777723375797,0.027802534384594374
112.10000000000001,47.48195840717071,0.07591918702032593,0.027814097865677248
112.2,47.48977418863475,0.07815781464039606,0.022386276200702545
112.30000000000001,47.49774901549313,0.07974826858379233,0.015904539433961338
112.4,47.50580402704715,0.0805501155402101,0.008018469564178189
112.5,47.51386306664915,0.08059039602003285,0.0004028047982274303
112.60000000000001,47.52187988338547,0.08016816736321912,-0.004222286568136891
112.7,47.529841445057926,0.07961561672452885,-0.005525506386902976
112.80000000000001,47.537749000649185,0.07907555591258877,-0.005400608119400335
112.9,47.545590591254324,0.0784159060513945,-0.006596498611943183
113.0,47.55333415920926,0.07743567954932913,-0.009802265020654179
113.10000000000001,47.56095761071051,0.07623451501252337,-0.012011645368056548
113.2,47.56846003683353,0.0750242612301875,-0.0121025378233594
113.30000000000001,47.5758733372272,0.07413300393671642,-0.008912572934710112
113.4,47.583248646314686,0.07375309087486379,-0.0037991306185265134
113.5,47.59064848889982,0.07399842585130466,0.002453349764408864
113.60000000000001,47.59812532783613,0.07476838936312265,0.007699635118179236
113.7,47.60570320336118,0.075778755250515,0.010103658873924106
113.80000000000001,47.61339487572036,0.07691672359178679,0.011379683412716947
113.9,47.62121375293782,0.0781887721746033,0.012720485828165736
114.0,47.62914443764402,0.0793068470620329,0.01118074887429676
114.10000000000001,47.63714603603556,0.08001598391536674,0.007091368533337728
114.2,47.645163048820855,0.08017012785295663,0.0015414393758989885
114.30000000000001,47.65314767447968,0.07984625658827611,-0.0032387126468048934
114.4,47.66104720594149,0.07899531461810222,-0.008509419701739419
114.5,47.668785312405305,0.07738106463812229,-0.016142499799800203
114.60000000000001,47.676288499911934,0.07503187506628066,-0.02349189571841431
114.7,47.68353070454064,0.07242204628703476,-0.02609828779246047
114.80000000000001,47.690504208223885,0.06973503683247745,-0.026870094545570836
114.9,47.69720092184481,0.06696713620926101,-0.027679006232165976
115.0,47.70362142427415,0.06420502429336149,-0.027621119158996777
115.10000000000001,47.70977585276392,0.06154428489771577,-0.02660739395645493
115.2,47.71567976789718,0.05903915133260165,-0.02505133565114257
115.30000000000001,47.72132175319515,0.05641985297969628,-0.026192983529051472
115.4,47.72668835213113,0.05366598935978878,-0.02753863619907659
115.5,47.73178799119745,0.05099639066323226,-0.026695986965566677
115.60000000000001,47.736633241846924,0.048452506494736404,-0.025438841684956425
115.7,47.74123386674579,0.04600624898863521,-0.02446257506101335
115.80000000000001,47.74560961868584,0.043757519400525344,-0.022487295881096724
115.9,47.74979056843932,0.04180949753483059,-0.01948021865694864
116.0,47.753841085381275,0.04050516941952029,-0.013043281153103775
116.10000000000001,47.757815039916714,0.03973954535439023,-0.007656240651299952
116.2,47.76172686684188,0.03911826925169004,-0.006212761027002209
116.30000000000001,47.7655894543799,0.038625875380159415,-0.004923938715305842
116.4,47.76938418648246,0.03794732102562864,-0.006785543545308162
116.5,47.77311850246089,0.037343159784273175,-0.006041612413554966
116.60000000000001,47.77678893164256,0.036704291816672875,-0.006388679676002453
116.7,47.780381207250294,0.035922756077370985,-0.007815357393019348
116.80000000000001,47.783866458057744,0.03485250807450471,-0.010702480028661813
116.9,47.78720620534835,0.03339747290603347,-0.01455035168471327
117.0,47.79034577585207,0.031395705037200024,-0.02001767868833558
117.10000000000001,47.79321246904603,0.028666931939651304,-0.027287730975484866
117.2,47.79575516924134,0.02542700195306369,-0.032399299865877966
117.30000000000001,47.797932505628715,0.021773363873760863,-0.036536380793025174
117.4,47.79971841103795,0.017859054092356125,-0.0391430978140496
117.5,47.80107023668264,0.013518256446901291,-0.04340797645455081
117.60000000000001,47.80195529086854,0.008850541859003825,-0.046677145878970684
117.7,47.80231572952199,0.0036043865345194263,-0.05246155324484696
117.80000000000001,47.80210283244399,-0.00212897078000633,-0.05733357314525267
117.9,47.80128296775997,-0.00819864684025664,-0.06069676060250656
118.0,47.79981805614011,-0.014649116198555967,-0.06450469358299693
118.10000000000001,47.797667143520236,-0.02150912619874917,-0.06860010000192618
118.2,47.79478695592081,-0.028801875994234866,-0.0729274979548611
118.30000000000001,47.79114606190584,-0.03640894014970942,-0.07607064155473905
118.4,47.786719255217804,-0.04426806688037995,-0.07859126730670979
118.5,47.78150857678639,-0.05210678431410839,-0.07838717433728883
118.60000000000001,47.77553690073308,-0.05971676053312992,-0.07609976219020885
118.7,47.76886000253924,-0.06676898193838478,-0.07052221405255256
118.80000000000001,47.7615270118262,-0.07332990713037986,-0.06560925191994522
118.9,47.75360586843788,-0.0792114338832351,-0.05881526752855569
119.0,47.74514187393212,-0.08463994505760779,-0.054285111743730026
119.10000000000001,47.73612730930328,-0.09014564628841212,-0.05505701230803866
119.2,47.726542877306535,-0.09584431996743183,-0.05698673679020027
119.30000000000001,47.71633780457983,-0.10205072726704696,-0.06206407299614606
119.4,47.70545217952546,-0.10885625054371581,-0.06805523276669236
119.5,47.693841988104595,-0.1161019142086483,-0.07245663664932896
119.60000000000001,47.68148314225564,-0.12358845848956802,-0.07486544280919091
119.7,47.66836877999072,-0.1311436226491555,-0.075551641595879
119.80000000000001,47.65448663121745,-0.13882148773268693,-0.07677865083530783
119.9,47.63981060728838,-0.14676023929070806,-0.07938751558021574
120.0,47.62432857319957,-0.15482034088813093,-0.08060101597423333
120.10000000000001,47.608064287295576,-0.16264285903992037,-0.07822518151788775
120.2,47.59103394859053,-0.17030338705049078,-0.07660528010570841
120.30000000000001,47.57322997843966,-0.17803970150863693,-0.07736314458145495
120.4,47.55464215963193,-0.1858781880773214,-0.07838486568684912
120.5,47.53525599608566,-0.1938616354627353,-0.07983447385414354
120.60000000000001,47.51508080476863,-0.20175191317028107,-0.078902777075451
120.7,47.494127284510014,-0.2095352025861649,-0.07783289415884269
120.80000000000001,47.47243838461455,-0.21688899895464003,-0.07353796368474508
120.9,47.45008668757932,-0.22351697035227708,-0.06627971397637421
121.0,47.4271864512774,-0.22900236301923252,-0.054853926669557525
121.10000000000001,47.40388647020605,-0.23299981071351683,-0.03997447694283971
121.2,47.38035939733812,-0.2352707286792955,-0.022709179657787917
121.30000000000001,47.35676994062171,-0.23589456716406096,-0.006238384847654123
121.4,47.333246813557516,-0.2352312706419602,0.006632965221007969
121.5,47.309911026776405,-0.2333578678111214,0.01873402830838917
121.60000000000001,47.28686728013054,-0.23043746645866203,0.029204013524591073
121.7,47.264210250976156,-0.22657029154382125,0.038671749148410074
121.80000000000001,47.24205152666664,-0.22158724309511044,0.04983048448710384
121.9,47.2204721126913,-0.215794139753468,0.0579310334164276
122.0,47.199554551304225,-0.20917561387073869,0.06618525882729696
122.10000000000001,47.17935931981842,-0.20195231485805876,0.07223299012679313
122.2,47.1599179017401,-0.1944141807831667,0.07538134074892495
122.30000000000001,47.14126333152412,-0.1865457021597746,0.0786847862339143
122.4,47.12343440437137,-0.17828927152749988,0.08256430632275183
122.5,47.106501592716334,-0.16932811655039867,0.08961154977101714
122.60000000000001,47.090517147057376,-0.15984445658956817,0.09483659960829695
122.7,47.07548586867537,-0.15031278382004987,0.09531672769518842
122.80000000000001,47.06137819276853,-0.14107675906841385,0.09236024751635226
122.9,47.04815518554636,-0.1322300722217382,0.08846686846676169
123.0,47.035789794058715,-0.12365391487642077,0.08576157345317902
123.10000000000001,47.02428202779043,-0.11507766268286886,0.08576252193551186
123.2,47.01362172498487,-0.10660302805555129,0.08474634627318049
123.30000000000001,47.00379620443161,-0.09825520553262962,0.08347822522920957
123.4,46.994808899183965,-0.08987305247643973,0.08382153056190365
123.5,46.98664508348337,-0.08163815700598784,0.0823489547045236
123.60000000000001,46.97928306989183,-0.07362013591538469,0.08018021090602466
123.7,46.97272673724826,-0.06556332643569736,0.08056809479687788
123.80000000000001,46.96695554070497,-0.05771196543285347,0.07851361002843217
123.9,46.96191489984898,-0.0504064085599538,0.07305556872900089
124.0,46.95754691739029,-0.043679824586891056,0.06726583973063126
124.10000000000001,46.953809707770034,-0.037372096202542705,0.06307728384347812
124.2,46.95067942724697,-0.031302805230668085,0.06069290971874965
124.30000000000001,46.9481101302994,-0.025692969475696912,0.05609835754970695
124.4,46.946084017452094,-0.020261128473039222,0.054318410026579986
124.5,46.9446277847693,-0.014562326827914635,0.05698801645124911
124.60000000000001,46.94376949608063,-0.008582886886755837,0.059794399411582884
124.7,46.94353620816711,-0.0023328791351674644,0.06250007751588728
124.80000000000001,46.94394411038438,0.004079022172689058,0.06411901307855976
124.9,46.945016137901874,0.0107202751749475,0.06641253002258819
125.0,46.946760130943986,0.017439930421120235,0.06719655246173116
125.10000000000001,46.949162691815374,0.024025608713882547,0.0658567829276175
125.2,46.952252054845346,0.030893630299717124,0.06868021585834967
125.30000000000001,46.95606702195805,0.038149671127026906,0.07256040827309163
125.4,46.9606563144366,0.04589292478549373,0.07743253658467261
125.5,46.966065459419525,0.05409144982927524,0.08198525043781978
125.60000000000001,46.972337894478684,0.06272435059158886,0.08632900762312885
125.7,46.97951205999716,0.07174165518478456,0.09017304593196217
125.80000000000001,46.9876301340859,0.0811807408873408,0.0943908570255543
125.9,46.99670914207363,0.09079007987729942,0.09609338989959171
126.0,47.00677695031397,0.1006780824034394,0.09888002526140534
126.10000000000001,47.01785813284343,0.11081182529458054,0.10133742891140284
126.2,47.02998932926622,0.12131196422793501,0.10500138933355066
126.30000000000001,47.04323121147965,0.1324188221342724,0.11106857906336431
126.4,47.057644552831945,0.14413341352295925,0.11714591388687523
126.5,47.073274738250774,0.15630185418829434,0.12168440665335786
126.60000000000001,47.09016880755986,0.16894069309087437,0.12638838902578947
126.7,47.10838357402476,0.18214766464894763,0.13206971558074015
126.80000000000001,47.127932474489896,0.19548900465137573,0.13341340002426955
126.9,47.14879410771797,0.20861633228073848,0.13127327629363497
127.0,47.1709524074817,0.22158299763732553,0.12966665356587792
127.10000000000001,47.19441711582799,0.23464708346286886,0.13064085825542218
127.2,47.219187161095384,0.24770045267396754,0.13053369211099417
127.30000000000001,47.24524671099871,0.2605954990332071,0.12895046359238477
127.4,47.272573030151115,0.2732631915240957,0.12667692490889335
127.5,47.30115917064648,0.2858614049536519,0.1259821342955691
127.60000000000001,47.33103519164723,0.2987602100075038,0.12898805053850781
127.7,47.36223644564437,0.3120125399714091,0.13252329963906048
127.80000000000001,47.39481580310153,0.32579357457156344,0.13781034600153166
127.9,47.42879474711054,0.3397894400900918,0.1399586551852918
128.0,47.46413310883944,0.3533836172890604,0.13594177198969376
128.1,47.500792035674586,0.36658926835146793,0.13205651062408258
128.20000000000002,47.53874320491638,0.3795116924178491,0.12922424066378227
128.3,47.5779647850597,0.3922158014332179,0.12704109015369502
128.4,47.618412176200174,0.4044739114047732,0.12258109971555994
128.5,47.66002178890689,0.4160961270671729,0.11622215662400398
128.6,47.70267949988204,0.4265771097515157,0.10480982684343372
128.70000000000002,47.746250935815866,0.4357143593381782,0.09137249586660433
128.8,47.790602627407644,0.4435169159178084,0.07802556579630637
128.9,47.83562961484632,0.45026987438677396,0.06752958468965949
129.0,47.88122343530257,0.45593820456256856,0.05668330175794922
129.1,47.92731945373911,0.4609601843653883,0.0502197980282005
129.20000000000002,47.973892783917535,0.46573330178414873,0.047731174187593234
129.3,48.020940408595024,0.4704762467749203,0.04742944990771817
129.4,48.06845254063602,0.47512132040995286,0.04645073635032846
129.5,48.11642164654408,0.47969105908069193,0.04569738670739325
129.6,48.16483775856592,0.48416112021843016,0.04470061137738489
129.70000000000002,48.21368459600678,0.4884683744084439,0.043072541900127305
129.8,48.26294488929629,0.49260293289516666,0.04134558486723019
129.9,48.31262802265615,0.4968313335985924,0.04228400703425968
130.0,48.36273274540175,0.5010472274560415,0.04215893857449322
130.1,48.41326708176109,0.50534336359344,0.04296136137398787
130.20000000000002,48.464252246618365,0.5098516485726186,0.0450828497917752
130.3,48.515686228118895,0.5143398150053294,0.04488166432711138
130.4,48.56756157583367,0.5187534771477982,0.04413662142468995
130.5,48.61990654035757,0.523449645238999,0.04696168091201037
130.6,48.672738381009395,0.5283184065182966,0.04868761279297972
130.70000000000002,48.72604819982463,0.5330981881522443,0.047797816339465685
130.8,48.77979915731374,0.5375095748911057,0.04411386738861684
130.9,48.83389111229617,0.5409195498243543,0.034099749332487654
131.0,48.888189426275915,0.5429831397974592,0.020635899731049685
131.1,48.94256177863543,0.5437235235951785,0.007403837977193882
131.20000000000002,48.99686507596024,0.5430329732479509,-0.006905503472274905
131.3,49.05095883565442,0.5409375969418614,-0.020953763060895882
131.4,49.10477628333597,0.5381744768155579,-0.02763120126303688
131.5,49.15828663307767,0.5351034974170281,-0.03070979398529913
131.6,49.21144418370802,0.5315755063034846,-0.035279911135437166
131.70000000000002,49.26420836605589,0.5276418234785972,-0.0393368282488648
131.8,49.316545800284075,0.5233743422818846,-0.04267481196712851
131.9,49.36843269514027,0.5188689485619886,-0.045053937198962564
132.0,49.419846091500204,0.5141339635993639,-0.04734984962624969
132.1,49.470782575548505,0.509364840483031,-0.04769123116333201
132.20000000000002,49.521290209232575,0.5050763368405871,-0.042885036424429555
132.3,49.571412995918,0.5012278668543076,-0.03848469986279631
132.4,49.621191986341344,0.4977899042334427,-0.03437962620865127
132.5,49.670646215085945,0.49454228744603734,-0.032476167874055564
132.6,49.7197764472009,0.491302321149575,-0.032399662964625216
132.70000000000002,49.76858588244008,0.4880943523916726,-0.03207968757901684
132.8,49.81706317599493,0.4847729355485617,-0.03321416843111069
132.9,49.86519159518028,0.481284191853489,-0.034887436950729364
133.0,49.91298600735269,0.47794412172417694,-0.03340070129312224
133.1,49.96046065937621,0.4747465202351989,-0.03197601488978201
133.20000000000002,50.007640085625916,0.4717942624969489,-0.02952257738249359
133.3,50.05454623096246,0.4690614533654536,-0.027328091314954728
133.4,50.10117167805476,0.46625447092305966,-0.028069824423940723
133.5,50.147505286752526,0.4633360869776745,-0.029183839453853493
133.6,50.19352718492642,0.4602189817389308,-0.031171052387438777
133.70000000000002,50.23919821614023,0.4567103121380383,-0.03508669600891669
133.8,50.284461432837574,0.4526321669734558,-0.040781451645827235
133.9,50.32929208302053,0.44830650182961723,-0.04325665143838832
134.0,50.37364304474455,0.4435096172401639,-0.047968845894535934
134.1,50.41749135734156,0.4384831259701621,-0.050264912700021064
134.20000000000002,50.46083045816585,0.4333910082428086,-0.0509211772735236
134.3,50.50367171285342,0.42841254687568714,-0.04978461367121717
134.4,50.54603753709938,0.42365824245964767,-0.047543044160397376
134.5,50.58793425700783,0.41896719908452945,-0.046910433751184866
134.6,50.62937200905528,0.41437752047452614,-0.045896786100035725
134.70000000000002,50.670396179161024,0.4102417010573367,-0.041358194171884945
134.8,50.71106912325554,0.4067294409451936,-0.03512260112143317
134.9,50.7514699742412,0.4040085098566467,-0.027209310885470288
135.0,50.79173346989485,0.40263495653649684,-0.013735533201499565
135.1,50.83198641851856,0.4025294862371227,-0.0010547029937413898
135.20000000000002,50.87236037088992,0.4037395237135192,0.012100374763961998
135.3,50.912982349798476,0.4062197890855632,0.024802653720441846
135.4,50.95393748367918,0.40955133880702926,0.03331549721466232
135.5,50.99529484387199,0.4135736019281446,0.040222631211155394
135.6,51.037107597824495,0.4181275395250832,0.045539375969388764
135.70000000000002,51.079465780578666,0.42358182754161394,0.054542880165295106
135.8,51.12246103117719,0.4299525059852516,0.06370678443638007
135.9,51.16616703993286,0.437060087556727,0.071075815714758
136.0,51.21064602487061,0.4447898493775679,0.07729761820841337
136.1,51.25592387604196,0.45277851171351546,0.07988662335948037
136.20000000000002,51.301976016836896,0.4605214079492389,0.07742896235721679
136.3,51.34876062156048,0.4678460472358647,0.07324639286626217
136.4,51.39624347605894,0.4748285449846449,0.06982497748780578
136.5,51.444398182011795,0.48154705952856497,0.06718514543920466
136.6,51.49318727968342,0.4878909767162576,0.06343917187692977
136.70000000000002,51.54257063116903,0.4938335148559801,0.059425381397211575
136.8,51.59252330173386,0.4995267056483783,0.056931907923985406
136.9,51.64303591404965,0.5051261231578795,0.05599417509501533
137.0,51.69408777569153,0.5105186164188359,0.053924932609566725
137.1,51.74564335686635,0.5155558117482721,0.05037195329436537
137.20000000000002,51.79767583691277,0.5203248004640197,0.04768988715746517
137.3,51.85012128014867,0.524454432359066,0.04129631895046461
137.4,51.90289165882206,0.5277037867338963,0.032493543748305
137.5,51.95596220761665,0.5307054879459674,0.03001701212071277
137.6,52.00936273825247,0.5340053063582265,0.03299818412259313
137.70000000000002,52.06312419606398,0.5376145781149887,0.03609271756761357
137.8,52.117263164460496,0.5413896839651807,0.03775105850192243
137.9,52.171787916739206,0.5452475227871244,0.038578388219439014
138.0,52.22667811211661,0.5489019537740659,0.03654430986941722
138.1,52.28188741692658,0.552093048099738,0.03191094325672287
138.20000000000002,52.337330485768156,0.5544306884156375,0.02337640315898916
138.3,52.39295968568724,0.5562919991908505,0.018613107752131156
138.4,52.44877528169968,0.5581559601244697,0.018639609336192856
138.5,52.50481002951275,0.5603474781306835,0.021915180062139907
138.6,52.56108342092227,0.5627339140952934,0.023864359646099922
138.70000000000002,52.61758553687998,0.5650211595769287,0.022872454816347604
138.8,52.6743113241279,0.5672578724792354,0.02236712902306886
138.9,52.731248666777404,0.5693734264950803,0.021155540158449653
139.0,52.78835687117724,0.5710820439984201,0.017086175033399348
139.1,52.84556321967765,0.5720634850041121,0.009814410056920301
139.20000000000002,52.90280131956601,0.5723809988834581,0.003175138793459042
139.3,52.959991865807964,0.5719054624195833,-0.004755364638747976
139.4,53.01701581174606,0.570239459381018,-0.016660030385653283
139.5,53.07372144808562,0.5670563633956116,-0.03183095985406629
139.6,53.12996758008975,0.5624613200412973,-0.045950433543145264
139.70000000000002,53.185602529476824,0.5563494938706427,-0.06111826170653254
139.8,53.24047496916983,0.5487243969301004,-0.07625096940542686
139.9,53.29445809330004,0.539831241302084,-0.08893155628016908
140.0,53.34745682214033,0.5299872884029656,-0.09843952899118995
140.1,53.399446375663636,0.519895535233091,-0.10091753169875224
140.20000000000002,53.45041001268587,0.5096363702222368,-0.10259165010851777
140.3,53.50034194799562,0.4993193530975332,-0.10317017124704207
140.4,53.5492575505789,0.4891560258328121,-0.10163327264721711
140.5,53.597170135869305,0.4791258529040749,-0.10030172928737772
140.6,53.64410116996122,0.4693103409191491,-0.09815511984926364
140.70000000000002,53.690062665447954,0.45961495486725773,-0.09695386051889149
140.8,53.73506654115304,0.45003875705087354,-0.09576197816384735
140.9,53.7791389399345,0.440723987814618,-0.09314769236256046
141.0,53.82234589140489,0.4320695147039789,-0.08654473110639596
141.1,53.86475399909575,0.4240810769085598,-0.07988437795419588
141.20000000000002,53.906417237945234,0.4166323884947805,-0.07448688413777577
141.3,53.94737225735658,0.4095501941134449,-0.07082194381336018
141.4,53.98761492433146,0.4024266697488572,-0.07123524364588091
141.5,54.027101444066446,0.3948651973498809,-0.0756147239897674
141.6,54.06576848238664,0.3866703832019389,-0.08194814147942453
141.70000000000002,54.103558910431666,0.37790428045019486,-0.08766102751742061
141.8,54.140374323804956,0.3681541337329218,-0.09750146717273643
141.9,54.17612951521505,0.35755191410098675,-0.1060221963193563
142.0,54.210784738300354,0.3465522308530408,-0.1099968324794655
142.1,54.24434020316208,0.33555464861729467,-0.10997582235746775
142.20000000000002,54.27680351087787,0.324633077157796,-0.10921571459496197
142.3,54.308214739228106,0.31411228350238585,-0.10520793655410741
142.4,54.33859484347938,0.30380104251273415,-0.10311240989652279
142.5,54.3679180684169,0.29323224937522485,-0.10568793137509903
142.6,54.396147125143365,0.282290567264683,-0.10941682110542483
142.70000000000002,54.42325109291747,0.27103967774096793,-0.112508895237125
142.8,54.44921995729564,0.2596886437817295,-0.11351033959239067
142.9,54.474014308873265,0.24794351577627072,-0.11745128005459461
143.0,54.49760393957759,0.23589630704323303,-0.12047208733038374
143.1,54.519935656964236,0.22331717386650343,-0.12579133176730312
143.20000000000002,54.540983691584906,0.21048034620664613,-0.12836827659854383
143.3,54.5607473100709,0.19763618485997073,-0.12844161346676133
143.4,54.5792384585663,0.18491148495401064,-0.12724699905960815
143.5,54.596437742478145,0.17199283911844088,-0.12918645835570494
143.6,54.612278920240804,0.15841177762660597,-0.13581061491835683
143.70000000000002,54.62667214526735,0.1439322502654178,-0.14479527361184863
143.8,54.639533368185496,0.12861222918147794,-0.15320021083940744
143.9,54.65077407734745,0.11240709161953716,-0.16205137561941702
144.0,54.66031554042172,0.09541463074271493,-0.16992460876823193
144.1,54.66810890046654,0.07793360044822338,-0.17481030294492544
144.20000000000002,54.67412509022809,0.06016189761544464,-0.17771702832774702
144.3,54.678350308578594,0.0422521835050584,-0.1790971411038726
144.4,54.68081026380924,0.024599552306484872,-0.17652631198574528
144.5,54.6815586394543,0.007483756450597382,-0.17115795855888463
144.6,54.68065627591531,-0.009023635389909204,-0.16507391840507524
144.70000000000002,54.67817120147808,-0.02485074437230995,-0.15827108982397148
144.8,54.67418412579457,-0.039870756835116476,-0.15020012462807378
144.9,54.6687567900185,-0.05427335776069551,-0.1440260092557985
145.0,54.66192527615383,-0.0683151386466857,-0.14041780885990993
145.1,54.65370681790114,-0.08218458252692541,-0.13869443880240498
145.20000000000002,54.64410614670772,-0.09600671193415826,-0.13822129407229705
145.3,54.63312231280764,-0.10983833900078024,-0.1383162706662277
145.4,54.62075865650671,-0.1236365630093487,-0.13798224008569235
145.5,54.60701529544889,-0.13743361057820705,-0.13797047568859142
145.6,54.591914133914734,-0.15101161534155386,-0.1357800476334758
145.70000000000002,54.57551834466606,-0.16395789248672624,-0.12946277145169435
145.8,54.55788584127545,-0.1763250339060918,-0.12367141419366272
145.9,54.53903719353795,-0.18848647737500462,-0.1216144346891351
146.0,54.518981494439444,-0.20055699098507493,-0.1207051361007099
146.1,54.49774858015326,-0.21232914286188773,-0.11772151876813466
146.20000000000002,54.47539015502137,-0.22358425131878934,-0.11255108456899054
146.3,54.451994885432526,-0.2339526958884752,-0.10368444569686448
146.4,54.4276692667807,-0.24325618651830855,-0.09303490629833878
146.5,54.402565549394964,-0.2510371738573412,-0.07780987339033095
146.6,54.376844724518854,-0.2572082487611173,-0.06171074903776459
146.70000000000002,54.35066578830564,-0.2617893621320748,-0.04581113370956471
146.8,54.32419315259796,-0.2647263570768538,-0.029369949447791702
146.9,54.297593498768016,-0.2659965382994196,-0.012701812225658526
147.0,54.271044055870064,-0.26549442897953757,0.0050210931988206664
147.1,54.24474049535467,-0.26303560515396,0.024588238255776895
147.20000000000002,54.21885575241227,-0.258847429423964,0.04188175729995072
147.3,54.19353393187028,-0.25321820541991275,0.056292240040515674
147.4,54.16883616973444,-0.24697762135838258,0.06240584061530518
147.5,54.14479506443443,-0.24041105300008725,0.06566568358295706
147.6,54.121452965291525,-0.2334209914290985,0.06990061570989145
147.70000000000002,54.09884221088918,-0.22610754402338362,0.07313447405713216
147.8,54.0769869035683,-0.21855307320885053,0.07554470814533516
147.9,54.05591284551493,-0.21074058053366462,0.07812492675186355
148.0,54.03561913366304,-0.20293711851892926,0.07803462014735807
148.1,54.016097758231,-0.1952137543204313,0.07723364198498389
148.20000000000002,53.997330300873664,-0.18767457357330383,0.07539180747125764
148.3,53.979297589878456,-0.18032710995208448,0.0734746362121977
148.4,53.96196854443296,-0.17329045445493838,0.07036655497146505
148.5,53.94529987385239,-0.1666867058057259,0.06603748649212857
148.6,53.929241234910485,-0.16058638941907535,0.061003163866508864
148.70000000000002,53.91378160345899,-0.1545963145148836,0.05990074904190399
148.8,53.89892871782407,-0.14852885634923885,0.060674581656450906
148.9,53.884688011210045,-0.1424070661402591,0.06121790208980086
149.0,53.87105025924508,-0.1363775196496497,0.06029546490609754
149.1,53.8579923366906,-0.13057922554481424,0.05798294104835785
149.20000000000002,53.84551349483689,-0.1247884185371078,0.057908070077051246
149.3,53.833617747287434,-0.11895747549453227,0.05830943042575863
149.4,53.82231485925402,-0.1130288803341337,0.059285951603989015
149.5,53.8116114126985,-0.10703446555525073,0.05994414778883316
149.6,53.80153195559093,-0.10079457107565877,0.06239894479592314
149.70000000000002,53.79209292148833,-0.09439034102596353,0.06404230049693789
149.8,53.78330788669356,-0.08785034794776936,0.06539993078194539
149.9,53.77516887895754,-0.08139007736020183,0.06460270587567894
150.0,53.767681073788616,-0.0748780516892154,0.06512025670986808
150.1,53.76085553822321,-0.06825535565404939,0.06622696035166382
150.20000000000002,53.75469355141553,-0.06161986807681805,0.06635487577229826
150.3,53.74917765631558,-0.055158950999473016,0.06460917077345404
150.4,53.74428198149648,-0.048956748191034134,0.06202202808439235
150.5,53.739952793168364,-0.04329188328114488,0.05664864909889575
150.6,53.73611662448769,-0.03836168680671155,0.04930196474433611
150.70000000000002,53.73270240156788,-0.03414222919814525,0.04219457608565338
150.8,53.729608758900056,-0.030936426678211486,0.03205802519933949
150.9,53.72670922130574,-0.028995375943169904,0.019410507350416932
151.0,53.72387879029753,-0.028304310082065076,0.0069106586110486675
151.1,53.7210442981753,-0.028344921222329067,-0.0004061114026399313
151.20000000000002,53.718185503583676,-0.028587945916236528,-0.0024302469390740543
151.3,53.71531844760456,-0.028670559791167914,-0.0008261387493139119
151.4,53.71249979797065,-0.028186496339090365,0.004840634520775764
151.5,53.70981299065548,-0.026868073151719435,0.013184231873710053
151.6,53.707368106635506,-0.024448840199725878,0.024192329519936946
151.70000000000002,53.70527554322047,-0.020925634150325795,0.035232060493992814
151.8,53.7036552829248,-0.016202602956739507,0.04723031193586557
151.9,53.70265547581417,-0.00999807110631025,0.0620453185042961
152.0,53.70240584030622,-0.002496355079486676,0.07501716026824
152.1,53.703014551640294,0.006087113340740648,0.08583468420227812
152.20000000000002,53.70457650947378,0.015619578334874264,0.0953246499413145
152.3,53.70717628996644,0.02599780492659113,0.10378226591717456
152.4,53.71082086663179,0.036445766653516586,0.1044796172692605
152.5,53.71547812921779,0.046572625860011194,0.10126859206495184
152.6,53.721096362310305,0.05618233092512845,0.09609705065117802
152.70000000000002,53.72763189539796,0.065355330876556,0.09172999951425463
152.8,53.73507058211857,0.0743868672060486,0.0903153632949312
152.9,53.74338944178464,0.08318859666076624,0.08801729454718134
153.0,53.75253818917964,0.09148747394995903,0.08298877289193263
153.1,53.76246427756933,0.099260883896909,0.07773409946950413
153.20000000000002,53.773116767583886,0.10652490014554837,0.0726401624863772
153.3,53.78444024354547,0.11323475961582763,0.0670985947027964
153.4,53.7963637630607,0.11923519515229197,0.06000435536464685
153.5,53.8088455894924,0.12481826431703523,0.05583069164743574
153.60000000000002,53.82186129000246,0.13015700510057,0.05338740783533546
153.70000000000002,53.83539504571216,0.1353375570970249,0.05180551996455218
153.8,53.849439881365036,0.14044835652875864,0.05110799431734022
153.9,53.863974306272766,0.14534424907730542,0.048958925485470546
154.0,53.87897666641222,0.15002360139455959,0.04679352317254431
154.10000000000002,53.894406855684295,0.15430189272070338,0.04278291326142823
154.20000000000002,53.910205951376,0.15799095691705578,0.03689064196352608
154.3,53.92633298488424,0.16127033508241545,0.032793781653598565
154.4,53.942740721185174,0.16407736300934994,0.028070279269346507
154.5,53.95939117377806,0.16650452592885281,0.024271629195030113
154.60000000000002,53.976258556005874,0.16867382227811306,0.021692963492597535
154.70000000000002,53.99335038213523,0.17091826129360305,0.022444390154901128
154.8,54.0106815850538,0.17331202918570474,0.02393767892101825
154.9,54.02823190778913,0.17550322735325638,0.02191198167551769
155.0,54.04600200596476,0.17770098175632698,0.021977544030707258
155.10000000000002,54.06397521894495,0.1797321298018364,0.020311480455089504
155.20000000000002,54.08213908033416,0.1816386138921292,0.01906484090292923
155.3,54.10050766146192,0.18368581127760897,0.02047197385479876
155.4,54.11911317813876,0.18605516676843684,0.023693554908280026
155.5,54.137969775377066,0.18856597238305645,0.025108056146197526
155.60000000000002,54.15702959523712,0.19059819860049673,0.02032226217439824
155.70000000000002,54.17619173424319,0.19162139006071421,0.0102319146021754
155.8,54.195339553186514,0.19147818943325157,-0.0014320062746265552
155.9,54.214348372668496,0.19008819481983266,-0.013899946134189834
156.0,54.23308030003831,0.18731927369814727,-0.02768921121685549
156.10000000000002,54.25139516997005,0.18314869931738642,-0.04170574380759901
156.20000000000002,54.269195471929265,0.17800301959213574,-0.05145679725250972
156.3,54.28642682889658,0.17231356967316017,-0.05689449918975899
156.4,54.3030413269952,0.16614498098619868,-0.06168588686961841
156.5,54.31900932625109,0.15967999255893003,-0.0646498842726901
156.60000000000002,54.334332997621075,0.15323671369980543,-0.06443278859123136
156.70000000000002,54.34900396184813,0.1467096422705877,-0.0652707142921811
156.8,54.3630100078438,0.14006045995665148,-0.06649182313936591
156.9,54.37636070700778,0.13350699163979887,-0.06553468316852978
157.0,54.38908069607283,0.12719989065055173,-0.06307100989247497
157.10000000000002,54.40116218581182,0.12081489738986402,-0.06384993260686261
157.20000000000002,54.41260048970536,0.11438303893542152,-0.06431858454442861
157.3,54.42341604468851,0.10815554983147184,-0.06227489103950039
157.4,54.433615136838526,0.10199092150018044,-0.06164628331291753
157.5,54.4431880681353,0.09572931296773934,-0.06261608532441448
157.60000000000002,54.45213936073975,0.08951292604448564,-0.062163869232522866
157.70000000000002,54.460489102164956,0.08349741425206977,-0.06015511792416212
157.8,54.46823900406385,0.07749901898890683,-0.0599839526316328
157.9,54.475364485372516,0.0712548130867004,-0.062442059022067925
158.0,54.48185175952345,0.06487274150935121,-0.06382071577349548
158.10000000000002,54.48767315659883,0.0582139707537844,-0.06658770755565298
158.20000000000002,54.492801711625006,0.05128555026175555,-0.06928420492029247
158.3,54.49721457738525,0.04412865760244496,-0.07156892659310997
158.4,54.5008844967352,0.03669919349953186,-0.0742946410291352
158.5,54.50380553013748,0.029210334022737313,-0.0748885947679497
158.60000000000002,54.50596753963016,0.021620094926854763,-0.07590239095880824
158.70000000000002,54.50734952947482,0.013819898446599485,-0.07800196480255721
158.8,54.50794086324546,0.005913337706360603,-0.07906560740239332
158.9,54.50773398160851,-0.0020688163694871984,-0.07982154075848255
159.0,54.50674496697172,-0.009890146367866344,-0.07821329998379589
159.10000000000002,54.505020256274555,-0.017247106971676716,-0.073569606038087
159.20000000000002,54.502625374807295,-0.023948814672608815,-0.0670170770093248
159.3,54.49961337521394,-0.030119995933548017,-0.06171181260939553
159.4,54.49602938133546,-0.03583993878479168,-0.057199428512439865
159.5,54.491919023033674,-0.04110358301787421,-0.052636442330828294
159.60000000000002,54.48735891050636,-0.045601125273141044,-0.04497542255265813
159.70000000000002,54.48241696662269,-0.04941943883672476,-0.03818313563583935
159.8,54.477143795001126,-0.052731716215606794,-0.0331227737888222
159.9,54.47157268389303,-0.05571111108097032,-0.029793948653636965
160.0,54.465728846437976,-0.05843837455053679,-0.027272634695666247
160.10000000000002,54.459632875224244,-0.06095971213730457,-0.025213375867672055
160.20000000000002,54.453263047704965,-0.06369827519279532,-0.02738563055490906
160.3,54.4465612772522,-0.06701770452764703,-0.03319429334851903
160.4,54.43944513969127,-0.07116137560928286,-0.0414367108163606
160.5,54.43182388624188,-0.07621253449393783,-0.050511588846552616
160.60000000000002,54.42361316122649,-0.08210725015386354,-0.058947156599243655
160.70000000000002,54.414756584885836,-0.08856576340655457,-0.06458513252691402
160.8,54.405242900797354,-0.09513684088482507,-0.06571077478270874
160.9,54.395084181816536,-0.10158718980819126,-0.0645034892336655
161.0,54.384282701410314,-0.1080148040622281,-0.0642761425403721
161.10000000000002,54.37286200323493,-0.11420698175382672,-0.06192177691597211
161.20000000000002,54.360872208305906,-0.1198979492902265,-0.056909675364001
161.3,54.3483919141245,-0.12480294181408878,-0.04904992523862563
161.4,54.33552361307743,-0.12868301047071662,-0.038800686566280565
161.5,54.32238134122228,-0.13142271855145574,-0.02739708080739273
161.60000000000002,54.30903881190489,-0.13342529317388405,-0.02002574622427855
161.70000000000002,54.295551033027785,-0.1348777887710716,-0.0145249559718763
161.8,54.28196767012725,-0.13583362900534074,-0.009558402342691995
161.9,54.26832260303388,-0.13645067093371985,-0.006170419283791435
162.0,54.25462984018188,-0.13692762852003493,-0.0047695758631510704
162.10000000000002,54.24089635427289,-0.1373348590898303,-0.004072305697952933
162.20000000000002,54.227138818989246,-0.13757535283645766,-0.0024049374662736523
162.3,54.21337667913997,-0.1376213984927766,-0.0004604565631894082
162.4,54.19964440413026,-0.13732275009709197,0.0029864839568465337
162.5,54.18599537785066,-0.13649026279602405,0.008324873010679608
162.60000000000002,54.172495682867236,-0.13499694983420113,0.01493312961822584
162.70000000000002,54.15920719285432,-0.13288490012919185,0.02112049705009398
162.8,54.146183314442005,-0.1302387841231297,0.026461160060623053
162.9,54.13346882717781,-0.12714487264198493,0.030939114811449436
163.0,54.12110526081838,-0.12363566359426406,0.03509209047721067
163.10000000000002,54.1091300144227,-0.11975246395675873,0.038831996375044475
163.20000000000002,54.09755509696435,-0.11574917458354808,0.040032893732108776
163.3,54.08639729878947,-0.11157798174878687,0.04171192834761446
163.4,54.07567586231533,-0.10721436474142974,0.04363617007357377
163.5,54.06535219691826,-0.10323665397067448,0.03977710770755487
163.60000000000002,54.05533707639589,-0.10015120522373021,0.030854487469435733
163.70000000000002,54.045554334060924,-0.09782742334963347,0.023237818740968686
163.8,54.035952961862364,-0.09601372198560489,0.01813701364028689
163.9,54.026485130797525,-0.09467831064839599,0.013354113372089704
164.0,54.01711413010144,-0.09371000696085297,0.009683036875430812
164.10000000000002,54.00777704327504,-0.09337086826396765,0.0033913869688523895
164.20000000000002,53.99842134980618,-0.09355693468862646,-0.0018606642465881732
164.3,53.988993078084604,-0.09428271721575324,-0.007257825271268222
164.4,53.97945319363588,-0.09539884448728318,-0.011161272715300093
164.5,53.96977002091612,-0.09683172719754492,-0.014328827102618163
164.60000000000002,53.95994874456557,-0.09821276350547846,-0.01381036307933228
164.70000000000002,53.949997744208794,-0.09951000356779216,-0.012972400623137747
164.8,53.93987522796638,-0.10122516242412026,-0.017151588563281975
164.9,53.929515875530726,-0.10359352435657476,-0.023683619324546365
165.0,53.91885544423993,-0.10660431290795354,-0.030107885513789474
165.10000000000002,53.9078185503938,-0.11036893846129536,-0.03764625553340968
165.20000000000002,53.89634231148959,-0.1147623890420911,-0.04393450580795988
165.3,53.88437194711756,-0.11970364372033485,-0.04941254678244026
165.4,53.871831118799825,-0.1254082831773289,-0.05704639456994389
165.5,53.85866298922541,-0.13168129574418014,-0.06273012566851584
165.60000000000002,53.844850212647444,-0.13812776577961172,-0.06446470035430119
165.70000000000002,53.83036735524181,-0.14482857405632757,-0.06700808276716227
165.8,53.81519291280759,-0.15174442434223476,-0.06915850285907581
165.9,53.79935949552549,-0.1583341728209665,-0.0658974847873213
166.0,53.7829319282396,-0.16427567285895828,-0.05941500037992103
166.10000000000002,53.76596097743017,-0.1697095080942615,-0.054338352353019835
166.20000000000002,53.74846571821218,-0.17495259217988773,-0.05243084085626536
166.3,53.73044867691365,-0.18017041298528683,-0.05217820805399389
166.4,53.71191652372656,-0.185321531870965,-0.051511188856784726
166.5,53.692872224858995,-0.1904429886756384,-0.05121456804673699
166.60000000000002,53.673291375853395,-0.1958084900559508,-0.053655013803111676
166.70000000000002,53.65317356167481,-0.20117814178584303,-0.053696517298925384
166.8,53.632509543423055,-0.20664018251758628,-0.05462040731743561
166.9,53.61128741633196,-0.21222127091094264,-0.055810883933566764
167.0,53.58948871718697,-0.2179869914499601,-0.05765720539017771
167.10000000000002,53.56710191981629,-0.22386797370673744,-0.05880982256776019
167.20000000000002,53.544140498539136,-0.22961421277153587,-0.057462390647987575
167.3,53.52065352906932,-0.23486969469816102,-0.05255481926625443
167.4,53.49671445539545,-0.23939073673874073,-0.04521042040579966
167.5,53.47243076341328,-0.2428369198217122,-0.03446183082971678
167.60000000000002,53.4479144838249,-0.24516279588370193,-0.023258760619891947
167.70000000000002,53.42327623869469,-0.24638245130213912,-0.012196554184372571
167.8,53.39860587465044,-0.24670364044249007,-0.0032118914035097084
167.9,53.37394669136168,-0.24659183288763112,0.0011180755485896224
168.0,53.349311162586446,-0.24635528775236518,0.0023654513526595545
168.10000000000002,53.32474354609127,-0.24567616495170438,0.006791228006606375
168.20000000000002,53.30031953722885,-0.24424008862419522,0.014360763275092487
168.3,53.27612236365344,-0.24197173575410558,0.022683528700897695
168.4,53.25225173628317,-0.23870627370273148,0.03265462051374282
168.5,53.22880805939219,-0.23443676890978704,0.042695047929446825
168.60000000000002,53.20586222738126,-0.22945832010927814,0.04978448800507774
168.70000000000002,53.183504755115635,-0.22357472265626505,0.05883597453013424
168.8,53.16181386107469,-0.21690894040945163,0.06665782246813791
168.9,53.14086007089156,-0.20953790183129453,0.07371038578157521
169.0,53.12071928084984,-0.20140790041723455,0.0813000141406044
169.10000000000002,53.10144530015728,-0.19273980692555762,0.08668093491674966
169.20000000000002,53.08305590419292,-0.18389395964363667,0.08845847281921451
169.3,53.06559337211965,-0.17462532073268305,0.09268638910954141
169.4,53.049082833559495,-0.1651053856015588,0.09519935131124799
169.5,53.03352632118297,-0.15556512376527995,0.09540261836279389
169.60000000000002,53.01893168829387,-0.14594632889096693,0.09618794874310838
169.70000000000002,53.005303985448265,-0.13627702845604325,0.09669300434924222
169.8,52.99265142065792,-0.1265256479034421,0.09751380552601717
169.9,52.98100136979191,-0.11650050866010227,0.10025139243340393
170.0,52.97037532991739,-0.10626039874524089,0.1024010991486196
170.10000000000002,52.96078858463367,-0.09586745283717542,0.10392945908063107
170.20000000000002,52.95225196929826,-0.08536615335409212,0.10501299483083898
170.3,52.94477435170067,-0.07477617597587452,0.10589977378218199
170.4,52.93836056749561,-0.06413784205065919,0.1063833392521594
170.5,52.9330144578535,-0.053461096421048834,0.10676745629610958
170.60000000000002,52.928790153768894,-0.04224304084607872,0.11218055574967567
170.70000000000002,52.92574046093517,-0.03049692833727309,0.11746112508806293
170.8,52.923912981557756,-0.01827479377411227,0.12222134563161517
170.9,52.92333540885291,-0.005775727048487385,0.12499066725625593
171.0,52.92398886941139,0.006534605584818481,0.12310332633306566
171.10000000000002,52.92583974097971,0.01850871568322111,0.11974110098399907
171.20000000000002,52.92886172119815,0.030219802184420826,0.11711086501200382
171.3,52.93301576688754,0.04154045689390054,0.11320654709480357
171.4,52.93828780619931,0.052720393117698605,0.111799362237987
171.5,52.94465360804433,0.06365801845014481,0.10937625332446824
171.60000000000002,52.95207861749081,0.07425009446484142,0.10592076014694203
171.70000000000002,52.9605364950595,0.08457877568688357,0.10328681222042742
171.8,52.9700079245905,0.09471429530997538,0.10135519623092386
171.9,52.98046212368066,0.10454199090162913,0.0982769559165431
172.0,52.991821523752755,0.11359400072095772,0.09052009819329106
172.10000000000002,53.00401294404257,0.12191420289814019,0.0832020217718057
172.20000000000002,53.0169454007404,0.12932456697826236,0.07410364080122597
172.3,53.03052265515209,0.1357725441169399,0.06447977138677902
172.4,53.04463677705672,0.1411412190463404,0.05368674929400796
172.5,53.05914857078088,0.145117937241545,0.039767181952048467
172.60000000000002,53.0739136661077,0.14765095326819216,0.025330160266465798
172.70000000000002,53.088795730036736,0.14882063929037195,0.011696860221798553
172.8,53.10366920094573,0.14873470908995892,-0.0008593020041303623
172.9,53.11841440357273,0.1474520262699825,-0.012826828199765002
173.0,53.132884448653215,0.14470045080487037,-0.02751575465112278
173.10000000000002,53.146942095069505,0.14057646416287284,-0.04123986641996597
173.20000000000002,53.160479727485004,0.1353763241549976,-0.052001400078755436
173.3,53.173406328208955,0.12926600723951534,-0.06110316915482598
173.4,53.18566057474213,0.12254246533175447,-0.06723541907761248
173.5,53.1971908364019,0.11530261659772323,-0.07239848734031658
173.60000000000002,53.20796668914722,0.10775852745316108,-0.07544089144560429
173.70000000000002,53.21793571076236,0.09969021615142137,-0.08068311301740169
173.8,53.22703515831493,0.09099447552572378,-0.08695740625698092
173.9,53.23523661027148,0.08201451956545225,-0.08979955960272037
174.0,53.24250977440483,0.07273164133352297,-0.09282878231929803
174.10000000000002,53.24881846748069,0.0630869307585725,-0.09644710574948284
174.20000000000002,53.25413583932784,0.05317371847148725,-0.09913212287085812
174.3,53.258457507028844,0.0432166770100675,-0.09957041461420316
174.4,53.26181436265912,0.033568556302798445,-0.096481207072696
174.5,53.26423542835751,0.024210656983855428,-0.0935789931894355
174.60000000000002,53.26575210102279,0.0151667266528187,-0.09043930331034672
174.70000000000002,53.26638264336525,0.006305423424564441,-0.08861303228254763
174.8,53.26614722036367,-0.0023542300157687553,-0.0865965344033369
174.9,53.265088655924735,-0.010585644389352103,-0.08231414373583816
175.0,53.26326474870369,-0.018239072210449663,-0.07653427821097995
175.10000000000002,53.26077239355342,-0.024923551502732285,-0.06684479292281102
175.20000000000002,53.2577130795309,-0.03059314022515199,-0.056695887224200256
175.3,53.25416810022254,-0.03544979308358821,-0.048566528584365005
175.4,53.25025728388715,-0.03910816335391809,-0.03658370270330086
175.5,53.24613937775762,-0.04117906129529792,-0.02070897941379948
175.60000000000002,53.241989736324605,-0.04149641433015938,-0.0031735303486138816
175.70000000000002,53.2379713977543,-0.04018338570304764,0.01313028627111813
175.8,53.234230781319226,-0.037406164350743856,0.027772213523039446
175.9,53.23091730264426,-0.03313478674968639,0.042713776010577104
176.0,53.22816010141815,-0.027572012261104964,0.05562774488581741
176.10000000000002,53.22606421439388,-0.020958870242675183,0.06613142018428278
176.20000000000002,53.224695495158585,-0.013687192352947688,0.0727167788972791
176.3,53.22410365297445,-0.005918421841358049,0.0776877051159008
176.4,53.22437843333883,0.0027478036437857296,0.08666225485144272
176.5,53.225586229427165,0.012077960883375004,0.09330157239589805
176.60000000000002,53.22774091355198,0.021546841248176282,0.09468880364799126
176.70000000000002,53.23088423019594,0.031433166439571295,0.09886325191395574
176.8,53.23509383985855,0.04209609662609876,0.10662930186528075
176.9,53.240455704706235,0.053618648476859425,0.11522551850761317
177.0,53.24702659503576,0.06570890329527775,0.12090254818419008
177.10000000000002,53.254831208590616,0.07804613554851515,0.12337232253234602
177.20000000000002,53.263869600487006,0.09038391896389955,0.123377834153851
177.3,53.274113020336884,0.10243419849879004,0.12050279534891176
177.4,53.28549363958898,0.1138061925209464,0.11371994022157003
177.5,53.29792890208508,0.12435262496105533,0.1054643244010953
177.60000000000002,53.31136460553782,0.13435703452732425,0.10004409566266652
177.70000000000002,53.32576555039182,0.14400944854004047,0.09652414012716763
177.8,53.341064129972644,0.15298579580822905,0.08976347268189089
177.9,53.35719127987163,0.161271498989857,0.08285703181628411
178.0,53.37407684120063,0.16885561329005833,0.0758411430020177
178.10000000000002,53.391631522647934,0.17554681447296888,0.06691201182909035
178.20000000000002,53.40977030287112,0.18138780223183523,0.05840987758866682
178.3,53.42842565732162,0.18655354450502765,0.051657422731927076
178.4,53.447514086197096,0.19088428875478433,0.043307442497569314
178.5,53.46695939535403,0.19445309156936869,0.03568802814584557
178.60000000000002,53.486722945747104,0.19763550393068155,0.031824123613121404
178.70000000000002,53.50677488268749,0.20051936940384682,0.02883865473165434
178.8,53.52706041984109,0.20285537153605745,0.02336002132210768
178.9,53.54751290260751,0.20452482766417032,0.016694561281129623
179.0,53.56808679063484,0.20573888027329904,0.01214052609128782
179.10000000000002,53.58877372698886,0.2068693635402026,0.011304832669033132
179.20000000000002,53.60956528105517,0.207915540663078,0.010461771228754453
179.3,53.630449908621856,0.20884627566688374,0.009307350038058023
179.4,53.65141839258432,0.2096848396246406,0.008385639577569081
179.5,53.672430448775096,0.21012056190778367,0.0043572228314308886
179.60000000000002,53.693418837456356,0.20988388681255746,-0.0023667509522615373
179.70000000000002,53.714312726652125,0.2089388919576981,-0.009449948548594083
179.8,53.73505783302058,0.207451063684599,-0.014878282730991801
179.9,53.75561355632888,0.20555723308299637,-0.018938306016027494
180.0,53.775947521932196,0.2033396560331484,-0.022175770498480834
180.10000000000002,53.796006020754945,0.20058498822744456,-0.02754667805703227
180.20000000000002,53.81574727446917,0.19741253714223872,-0.031724510852060156
180.3,53.835174987236,0.1942771276683541,-0.0313540947388481
180.4,53.85430702059793,0.19132033361928458,-0.02956794049069679
180.5,53.87316304061635,0.18856020018419534,-0.027601334350893972
180.60000000000002,53.89178150827749,0.18618467661137603,-0.0237552357281877
180.70000000000002,53.91018567768157,0.18404169404079676,-0.021429825705793878
180.8,53.92839063675266,0.182049590710928,-0.019921033298688794
180.9,53.94646211877996,0.18071482027303493,-0.013347704378931438
181.0,53.9644469372904,0.17984818510435785,-0.00866635168677126
181.10000000000002,53.98235023970977,0.1790330241936592,-0.008151609106984516
181.20000000000002,54.000158458412486,0.1780821870271966,-0.009508371664626578
181.3,54.01784939771273,0.17690939300245684,-0.011727940247398372
181.4,54.03538972287765,0.17540325164923873,-0.015061413532181957
181.5,54.0527381755274,0.1734845264974992,-0.019187251517396288
181.60000000000002,54.069852781332,0.17114605804596666,-0.02338468451532012
181.70000000000002,54.086719482235054,0.1686670090305238,-0.024790490154429932
181.8,54.10333998376839,0.16620501533339882,-0.02461993697125132
181.9,54.11968570128998,0.1634571752158913,-0.02747840117507689
182.0,54.13566566932742,0.15979968037442857,-0.036574948414629244
182.10000000000002,54.15117018426335,0.15504514935923225,-0.047545310151952416
182.20000000000002,54.16608409446469,0.1491391020134443,-0.05906047345788287
182.3,54.180296932844804,0.1421283838011159,-0.07010718212328802
182.4,54.19372396777689,0.1342703493208651,-0.07858034480251244
182.5,54.206288147083974,0.12564179307084802,-0.08628556250017562
182.60000000000002,54.21794301634135,0.11654869257374592,-0.09093100497100035
182.70000000000002,54.2287003607179,0.10757344376550905,-0.08975248808237382
182.8,54.2385993867495,0.09899026031597764,-0.08583183449531895
182.9,54.247662608954286,0.09063222204787795,-0.08358038268100168
183.0,54.25590478367394,0.08242174719655296,-0.08210474851325458
183.10000000000002,54.263357180318025,0.07452396644081898,-0.07897780755732187
183.20000000000002,54.27001788796096,0.06660707642936738,-0.07916890011452049
183.3,54.27588000057707,0.05862112616107473,-0.07985950268293097
183.4,54.28097652332221,0.05096522745141675,-0.07655898709658415
183.5,54.2853495206587,0.04372997336489241,-0.0723525408652475
183.60000000000002,54.28904775841862,0.036982377599193345,-0.06747595765697534
183.70000000000002,54.29214028885805,0.030925304394317604,-0.06057073204876085
183.8,54.29469220579132,0.02551916933271204,-0.05406135061605871
183.9,54.2967463780261,0.020541722347787787,-0.04977446984924536
184.0,54.298315742524856,0.015693644987565317,-0.048480773602227446
184.10000000000002,54.29943065023143,0.011149077065721566,-0.04544567921842718
184.20000000000002,54.300139466142184,0.007088159107553741,-0.04060917958168055
184.3,54.300501890405485,0.0036242426330092953,-0.03463916474544643
184.4,54.30056876806586,0.0006687766037316959,-0.029554660292777674
184.5,54.300367408541675,-0.002013595241834424,-0.026823718455662723
184.60000000000002,54.299940784925155,-0.004266236165192535,-0.022526409233575986
184.70000000000002,54.2993364344316,-0.006043504935533749,-0.017772687703413156
184.8,54.298611460466304,-0.00724973965297734,-0.012062347174436588
184.9,54.29785578247072,-0.007556779955848899,-0.003070403028715766
185.0,54.29711520774369,-0.007405747270326367,0.0015103268552254029
185.10000000000002,54.296454067042795,-0.0066114070089169875,0.00794340261409199
185.20000000000002,54.29594400349087,-0.005100635519284259,0.015107714896328145
185.3,54.295674145726394,-0.002698577644722076,0.024020578745623196
185.4,54.295721048768804,0.00046903042409954135,0.03167608068821797
185.5,54.29612030071647,0.003992519476625716,0.03523489052526375
185.60000000000002,54.29691513839421,0.007948376777447277,0.03955857300820661
185.70000000000002,54.29812642318421,0.01211284789995728,0.0416447112251024
185.8,54.29970527297545,0.01578849791243987,0.03675650012482798
185.9,54.301577775994616,0.018725030191647462,0.0293653227920776
186.0,54.303688635447955,0.02110859453338896,0.02383564341741633
186.10000000000002,54.30598360228202,0.022949668340638607,0.01841073807249229
186.20000000000002,54.308384154515025,0.024005522330058624,0.010558539894200771
186.3,54.31082962260563,0.024454680906062235,0.004491585760036365
186.4,54.3132762233394,0.024466007337694832,0.00011326431632597367
186.5,54.31567875594896,0.024025326095583867,-0.004406812421109901
186.60000000000002,54.31799223941222,0.023134834632609083,-0.008904914629745813
186.70000000000002,54.32019063232304,0.02198392910820371,-0.011509055244054394
186.8,54.32226147256679,0.020708402437464923,-0.01275526670738859
186.9,54.32416517946094,0.019037068941544194,-0.016713334959208237
187.0,54.32583834900343,0.016731695424923983,-0.023053735166203425
187.10000000000002,54.32723686209781,0.013985130943791209,-0.027465644811321497
187.20000000000002,54.328333294648175,0.01096432550362243,-0.030208054401689496
187.3,54.32912812711448,0.007948324663047852,-0.030160008405747497
187.4,54.32959980393123,0.004716768167512255,-0.03231556495535781
187.5,54.329703305380136,0.0010350144890481393,-0.036817536784643244
187.60000000000002,54.32940229716529,-0.003010082148477293,-0.040450966375245125
187.70000000000002,54.328690979822895,-0.007113173423931989,-0.041030912754549294
187.8,54.32759430059592,-0.01096679226975601,-0.03853618845824241
187.9,54.326133279603255,-0.014610209926645133,-0.03643417656889329
188.0,54.32434631025002,-0.017869693532334047,-0.032594836056891
188.10000000000002,54.322292680200945,-0.02053630049075638,-0.026666069584217265
188.20000000000002,54.31999983514286,-0.022928450580864873,-0.023921500901086287
188.3,54.31749142995852,-0.025084051843366244,-0.02155601262501494
188.4,54.31478023774817,-0.027111922103559158,-0.020278702601930286
188.5,54.31187519823735,-0.029050395108144986,-0.01938473004585938
188.60000000000002,54.3087853517648,-0.030898464725545773,-0.018480696174003674
188.70000000000002,54.30551986161683,-0.03265490147967584,-0.017564367541301674
188.8,54.302114490399674,-0.03405371217155755,-0.013988106918817914
188.9,54.29859632578633,-0.035181646133468414,-0.011279339619109253
189.0,54.29497281004535,-0.03623515740976508,-0.01053511276296726
189.10000000000002,54.29125567287585,-0.037171371695015484,-0.009362142852501915
189.20000000000002,54.28741831171454,-0.03837361161309834,-0.01202239918082922
189.3,54.28341682204988,-0.040014896646598574,-0.0164128503350033
189.4,54.27920608963963,-0.042107324102505124,-0.020924274559066685
189.5,54.27475038964311,-0.044556999965197665,-0.0244967586269268
189.60000000000002,54.27000787581241,-0.04742513830698046,-0.028681383417821435
189.70000000000002,54.26496656578401,-0.05041310028403532,-0.02987961977055028
189.8,54.25963012386784,-0.05336441916171301,-0.029513188776778568
189.9,54.25400763683207,-0.05622487035765609,-0.02860451195943244
190.0,54.2481062346456,-0.059014021864743936,-0.02789151507088006
190.10000000000002,54.24194236688838,-0.06163867757214822,-0.026246557074036878
190.20000000000002,54.23554008023795,-0.06402286650427777,-0.023841889321296852
190.3,54.22890689895432,-0.06633181283632816,-0.023089463320505245
190.4,54.222066976053846,-0.06839922900475803,-0.020674161684299874
190.5,54.21508631872898,-0.06980657324867365,-0.014073442439156947
190.60000000000002,54.20804713191731,-0.07039186811665664,-0.005852948679828581
190.70000000000002,54.20106654251965,-0.06980589397663947,0.005859741400172008
190.8,54.19423200590932,-0.0683453661032768,0.0146052787336276
190.9,54.1876227119579,-0.06609293951421001,0.022524265890669113
191.0,54.18131792646054,-0.06304785497363599,0.030450845405741927
191.10000000000002,54.17535588723681,-0.05962039223723602,0.03427462736399196
191.20000000000002,54.16975115588599,-0.05604731350821942,0.03573078729016801
191.3,54.16452157847309,-0.05229577412898165,0.03751539379237984
191.4,54.15967439252602,-0.04847185947071173,0.038239146582701326
191.5,54.15521495009351,-0.0445944243251287,0.03877435145583251
191.60000000000002,54.151123084822956,-0.040918652705519,0.0367577161960887
191.70000000000002,54.14735066490982,-0.03772419913133477,0.031944535741844096
191.8,54.143884188012166,-0.034664768976570864,0.030594301547640788
191.9,54.140707398304585,-0.03176789707581132,0.028968719007597104
192.0,54.13779364126358,-0.029137570410073244,0.02630326665738224
192.10000000000002,54.135113948625516,-0.02679692638060617,0.023406440294665418
192.20000000000002,54.132639630731106,-0.024743178944108008,0.020537474364982787
192.3,54.13034612408556,-0.022935066455433056,0.018081124886750545
192.4,54.12824383519091,-0.021022888946548107,0.019121775088850577
192.5,54.12636878733373,-0.018750478571761774,0.02272410374786462
192.60000000000002,54.124736136731855,-0.016326506018767457,0.024239725529937656
192.70000000000002,54.12337007215339,-0.013660645784626335,0.02665860234141274
192.8,54.12230812051873,-0.010619516346608897,0.03041129438017611
192.9,54.12154266908362,-0.007654514351145716,0.029650019954633493
193.0,54.121064240305984,-0.004784287776331825,0.02870226574814054
193.10000000000002,54.120861627640956,-0.0020261266502781096,0.027581611260530884
193.20000000000002,54.12088353649637,0.0002190885541608747,0.022452152044391122
193.3,54.12108217804727,0.00198641550895229,0.01767326954791516
193.4,54.121444392634004,0.0036221458673681823,0.016357303584159853
193.5,54.121977900704934,0.0053350807093014135,0.017129348419333286
193.60000000000002,54.122673923226756,0.006960225218220566,0.01625144508918783
193.70000000000002,54.12351318442012,0.0083926119336302,0.014323867154097156
193.8,54.12445118374116,0.00937999321038827,0.009873812767581265
193.9,54.12543980530113,0.009886215599693167,0.00506222389304925
194.0,54.12646144996643,0.010216446653004722,0.0033023105331157388
194.10000000000002,54.127504889072284,0.010434391058564543,0.002179444055597717
194.20000000000002,54.128568912546974,0.010640234746902061,0.002058436883375296
194.3,54.12968753702123,0.01118624474258986,0.005460099956878307
194.4,54.130898620698915,0.012110836776813705,0.00924592034223897
194.5,54.13222548144409,0.013268607451735947,0.011577706749223078
194.60000000000002,54.133692288180015,0.01466806735926362,0.013994599075273551
194.70000000000002,54.135304393686724,0.016121055067089635,0.014529877078260967
194.8,54.13706643875193,0.01762045065206153,0.014993955849719796
194.9,54.13895175028432,0.01885311532390795,0.012326646718464902
195.0,54.14094627748461,0.019945272002887007,0.010921566789791195
195.10000000000002,54.14303311886691,0.020868413823005,0.009231418201177833
195.20000000000002,54.14516538201781,0.02132263150898105,0.004542176859760759
195.3,54.14730981808751,0.021444360696990624,0.0012172918800958108
195.4,54.14943827760813,0.021284595206198065,-0.0015976549079256767
195.5,54.15153709891294,0.020988213048128784,-0.00296382158069298
195.60000000000002,54.15359145293512,0.020543540221775507,-0.004446728263531765
195.70000000000002,54.15557629419436,0.019848412592439208,-0.0069512762933633815
195.8,54.1574215100488,0.018452158544378587,-0.013962540480607005
195.9,54.15902425873868,0.016027486898836176,-0.024246716455425487
196.0,54.160269709736866,0.01245450998183699,-0.0357297691699939
196.10000000000002,54.16105860649847,0.007888967616052494,-0.04565542365783457
196.20000000000002,54.16130655074937,0.002479442509013693,-0.05409525107039109
196.3,54.1609285622545,-0.003779884948756022,-0.06259327457770071
196.4,54.15985531078251,-0.010732514719862862,-0.06952629771107235
196.5,54.15805301452319,-0.01802296259320815,-0.07290447873345701
196.60000000000002,54.15552442858066,-0.02528585942527564,-0.07262896832065838
196.70000000000002,54.152290186238574,-0.03234242342088762,-0.07056563995612382
196.8,54.1483703577373,-0.03919828501274703,-0.06855861591859803
196.9,54.1437856156736,-0.045847420636991154,-0.066491356242445
197.0,54.13858929801661,-0.05196317656988765,-0.06115755932896844
197.10000000000002,54.132857823551014,-0.05731474465596993,-0.05351568086081064
197.20000000000002,54.126662538785695,-0.06195284765319184,-0.04638102997222171
197.3,54.12006457475481,-0.06597964030888567,-0.04026792655694063
197.4,54.11313365307903,-0.06930921675774865,-0.03329576448863165
197.5,54.10599142894491,-0.07142224134121429,-0.02113024583465762
197.60000000000002,54.098782301870294,-0.07209127074615433,-0.006690294049398892
197.70000000000002,54.091659793108924,-0.07122508761370178,0.008661831324526047
197.8,54.08477977433463,-0.0688001877429695,0.0242489987073241
197.9,54.07828514558945,-0.06494628745180733,0.038539002911623904
198.0,54.07227657697399,-0.060085686154568524,0.04860601297239085
198.10000000000002,54.06680742778703,-0.05469149186956379,0.05394194285003506
198.20000000000002,54.061968005429904,-0.04839422357129583,0.06297268298268319
198.3,54.057871190437524,-0.04096814992380138,0.07426073647494874
198.4,54.054611372630276,-0.032598178072477856,0.08369971851323998
198.5,54.052220377543804,-0.02390995086472139,0.08688227207756959
198.60000000000002,54.05068011470101,-0.015402628427946092,0.08507322436773365
198.70000000000002,54.04996469610308,-0.007154185979274937,0.08248442448671622
198.8,54.050044804930835,0.0008010882775267192,0.07955274256802108
198.9,54.050891546581056,0.00846741650221409,0.07666328224687807
199.0,54.05248806176806,0.015965151870035242,0.07497735367821579
199.10000000000002,54.05482460075464,0.023365389865825054,0.0740023799578813
199.20000000000002,54.05789184126399,0.03067240509345656,0.07307015227631919
199.3,54.061640847964426,0.03749006700438642,0.06817661910930246
199.4,54.06602147544371,0.043806274792859416,0.06316207788473359
199.5,54.07100192172322,0.04980446279511169,0.05998188002252617
199.60000000000002,54.076550530134654,0.05548608411429416,0.05681621319181178
199.70000000000002,54.08261932727624,0.060687971415877125,0.05201887301583258
199.8,54.08915239214271,0.06533064866467359,0.04642677248796724
199.9,54.09612631926457,0.06973927121862686,0.044086225539535236
200.0,54.10352520178665,0.07398882522082738,0.042495540022007616
