Time(s),Drum_Angle(deg),Drum_Velocity(deg/s),Drum_Acceleration(deg/s^2)
0.0,45.0,0.0,0.0
0.1,45.03078584158877,0.30785841588766516,3.0785841588766516
0.2,45.0616793042567,0.30893462667933136,0.01076210791666199
0.30000000000000004,45.09263941925058,0.30960114993881394,0.0066652325948257625
0.4,45.12361766939047,0.30978250139888536,0.001813514600714217
0.5,45.15457934470793,0.3096167531746375,-0.0016574822424786366
0.6000000000000001,45.18548496550073,0.3090562079279377,-0.005605452466997946
0.7000000000000001,45.216335439294504,0.30850473793776706,-0.005514699901706389
0.8,45.247144183863654,0.30808744569149843,-0.004172922462686302
0.9,45.277929472444214,0.30785288580560183,-0.002345598858966014
1.0,45.30871873045882,0.3078925801460742,0.0003969434047235155
1.1,45.339545185063926,0.30826454605104886,0.0037196590497468006
1.2000000000000002,45.370408103360205,0.30862918296278935,0.0036463691174048987
1.3,45.401292107837534,0.30884004477329124,0.002108618105018947
1.4000000000000001,45.43218705525223,0.308949474146942,0.0010942937365077112
1.5,45.46311006985402,0.3092301460178963,0.0028067187095426366
1.6,45.494093125505984,0.3098305565196566,0.006004105017602951
1.7000000000000002,45.525144443210536,0.31051317704552134,0.006826205258647627
1.8,45.55627609184096,0.31131648630420766,0.008033092586863255
1.9000000000000001,45.587474918307976,0.31198826467019075,0.006717783659830883
2.0,45.61868051109343,0.31205592785454467,0.0006766318435391669
2.1,45.64979519924613,0.31114688152697995,-0.009090463275647212
2.2,45.68069293810072,0.3089773885459121,-0.02169492981067831
2.3000000000000003,45.71124744177061,0.3055450366989018,-0.034323518470102926
2.4000000000000004,45.74136769006067,0.3012024829006063,-0.04342553798295508
2.5,45.77100361529621,0.2963592523553881,-0.048432305452181974
2.6,45.800111584969855,0.2910796967364601,-0.052795556189280064
2.7,45.82868299046026,0.2857140549040335,-0.05365641832426599
2.8000000000000003,45.85670609922288,0.28023108762624793,-0.05482967277785573
2.9000000000000004,45.88413064707957,0.2742454785668966,-0.05985609059351299
3.0,45.91088554314834,0.2675489606876634,-0.06696517879233278
3.1,45.93691161933079,0.26026076182453983,-0.07288198863123534
3.2,45.962127141262236,0.2521552193144314,-0.08105542510108414
3.3000000000000003,45.986429695050525,0.24302553788288583,-0.0912968143154557
3.4000000000000004,46.00971369698215,0.23284001931628476,-0.10185518566601066
3.5,46.03189186766144,0.221781706792897,-0.11058312523387803
3.6,46.05290683814196,0.21014970480514686,-0.11632001987750125
3.7,46.07275528228978,0.198484441478257,-0.11665263326889848
3.8000000000000003,46.09147142620206,0.1871614391227892,-0.11323002355467783
3.9000000000000004,46.109127382474234,0.17655956272172074,-0.10601876401068457
4.0,46.125794741030724,0.16667358556489434,-0.09885977156826438
4.1000000000000005,46.14152391265805,0.15729171627327704,-0.09381869291617251
4.2,46.15635091882751,0.14827006169461807,-0.09021654578659004
4.3,46.17030995558352,0.1395903675600612,-0.08679694134556884
4.4,46.18342777292523,0.1311781734170829,-0.08412194142978263
4.5,46.19572869631855,0.1230092339331894,-0.08168939483893538
4.6000000000000005,46.207219269058164,0.11490572739617672,-0.08103506537012638
4.7,46.21791376056633,0.10694491508168406,-0.0796081231449268
4.800000000000001,46.22782711067774,0.09913350111403876,-0.07811413967645259
4.9,46.23693638655826,0.09109275880526045,-0.08040742308778341
5.0,46.245188678254785,0.08252291696521781,-0.08569841840042672
5.1000000000000005,46.25254878018096,0.07360101926174384,-0.08921897703473924
5.2,46.25897520162343,0.06426421442469654,-0.0933680483704733
5.300000000000001,46.26440989868208,0.05434697058653597,-0.09917243838160522
5.4,46.26877967664898,0.043697779669003164,-0.1064919091753284
5.5,46.2719844231314,0.03204746482417431,-0.11650314844828896
5.6000000000000005,46.27391422628868,0.019298031572816295,-0.12749433251357947
5.7,46.27447559081583,0.0056136452715094464,-0.13684386301306897
5.800000000000001,46.27361661500638,-0.008589758094501531,-0.14203403366010903
5.9,46.27132035726951,-0.02296257736873039,-0.14372819274228912
6.0,46.26758416741951,-0.0373618985000236,-0.14399321131293263
6.1000000000000005,46.26238694270423,-0.05197224715274701,-0.14610348652723326
6.2,46.255748461279616,-0.0663848142461634,-0.14412567093416437
6.300000000000001,46.24768858013883,-0.08059881140788107,-0.14213997161717598
6.4,46.238238887046236,-0.09449693092591394,-0.13898119518032917
6.5,46.227467832204354,-0.10771054841882272,-0.13213617492908827
6.6000000000000005,46.21544104658463,-0.12026785619724414,-0.12557307778421362
6.7,46.20219843393983,-0.13242612644802468,-0.12158270250780577
6.800000000000001,46.187791870832456,-0.14406563107371462,-0.11639504625689877
6.9,46.17228542322014,-0.15506447612317287,-0.10998845049458289
7.0,46.15572571035779,-0.1655971286234609,-0.10532652500288074
7.1000000000000005,46.13811396149779,-0.1761174886000551,-0.10520359976594146
7.2,46.119438766497396,-0.1867519500039101,-0.10634461403855026
7.300000000000001,46.09965087581402,-0.19787890683374948,-0.11126956829839325
7.4,46.078690273287705,-0.20960602526315672,-0.11727118429407282
7.5,46.05648016277569,-0.22210110512013237,-0.12495079856975694
7.6000000000000005,46.032973670283916,-0.23506492491776373,-0.12963819797631296
7.7,46.00815657345587,-0.2481709682804487,-0.13106043362685024
7.800000000000001,45.982030742467494,-0.26125830988377036,-0.13087341603321576
7.9,45.954627503566094,-0.2740323890139972,-0.12774079130226867
8.0,45.92599545421063,-0.28632049355465583,-0.12288104540658694
8.1,45.89616075253467,-0.2983470167595936,-0.12026523204937788
8.200000000000001,45.8651341862772,-0.3102656625746603,-0.11918645815066573
8.3,45.832924710876355,-0.32209475400847626,-0.11829091433815983
8.4,45.7995409395188,-0.3338377135755633,-0.11742959567087083
8.5,45.76502860302172,-0.3451233649708042,-0.11285651395240943
8.6,45.72946437503964,-0.35564227982078606,-0.1051891484998189
8.700000000000001,45.69291861800136,-0.3654575703828248,-0.09815290562038585
8.8,45.65546139459327,-0.37457223408090234,-0.09114663698077595
8.9,45.61716287801879,-0.3829851657447861,-0.08412931663883769
9.0,45.578070938154546,-0.3909193986424256,-0.07934232897639532
9.1,45.538232879248035,-0.39838058906511403,-0.07461190422688473
9.200000000000001,45.49767686737311,-0.40556011874925835,-0.07179529684144212
9.3,45.45640448312726,-0.4127238424585059,-0.07163723709247585
9.4,45.41441656082574,-0.41987922301515973,-0.07155380556653848
9.5,45.37169831782978,-0.42718242995960204,-0.07303206944442335
9.600000000000001,45.3282504137222,-0.43447904107579755,-0.07296611116195402
9.700000000000001,45.284083730233874,-0.4416668348832802,-0.07187793807482659
9.8,45.239237526059696,-0.4484620417417789,-0.06795206858498738
9.9,45.19377394380451,-0.45463582255188034,-0.0617378081010147
10.0,45.147761045807364,-0.46012897997144525,-0.054931574195649285
10.100000000000001,45.10129908419693,-0.4646196161043226,-0.04490636132877304
10.200000000000001,45.05448299590035,-0.46816088296580627,-0.03541266861483662
10.3,45.00739120433274,-0.4709179156760984,-0.027570327102921607
10.4,44.96011164458977,-0.47279559742968214,-0.01877681753583722
10.5,44.912755432177526,-0.473562124122468,-0.007665266927858765
10.600000000000001,44.86541563856177,-0.47339793615754683,0.0016418796492117848
10.700000000000001,44.81820293472699,-0.4721270383478088,0.01270897809738052
10.8,44.77122157349142,-0.4698136123557378,0.023134259920709693
10.9,44.72451721037601,-0.46704363115409986,0.027699812016379707
11.0,44.678114099723416,-0.46403110652591006,0.03012524628189805
11.100000000000001,44.632089138714065,-0.4602496100935062,0.037814964324038323
11.200000000000001,44.58654446239009,-0.455446763239779,0.04802846853727189
11.3,44.54156896007722,-0.44975502312866117,0.05691740111117858
11.4,44.497233807728094,-0.4433515234912748,0.06403499637386367
11.5,44.453597581375504,-0.436362263525895,0.06989259965379827
11.600000000000001,44.41070789627587,-0.4288968509963037,0.07465412529591214
11.700000000000001,44.36862515316311,-0.4208274311276498,0.08069419868653922
11.8,44.32742060090542,-0.41204552257689075,0.08781908550759085
11.9,44.287198985925514,-0.40221614979906095,0.09829372777829838
12.0,44.24803114937865,-0.39167836546866536,0.10537784330395632
12.100000000000001,44.209971802135165,-0.3805934724348194,0.11084893033845808
12.200000000000001,44.173073591977754,-0.36898210157410594,0.11611370860713496
12.3,44.13738237426701,-0.35691217710741924,0.12069924466686742
12.4,44.10296498657147,-0.34417387695541046,0.1273830015200882
12.5,44.06989274160423,-0.3307224496724371,0.1345142728297343
12.600000000000001,44.03822845381591,-0.3166428778831642,0.14079571789272682
12.700000000000001,44.00803163268168,-0.30196821134232826,0.14674666540835987
12.8,43.979345831283226,-0.2868580139845288,0.151101973577995
12.9,43.952183828498576,-0.27162002784649625,0.15237986138032622
13.0,43.92658141413752,-0.2560241436105324,0.1559588423596392
13.100000000000001,43.90257703131306,-0.24004382824464812,0.15980315365884035
13.200000000000001,43.880182669449496,-0.22394361863561665,0.16100209609031527
13.3,43.85940455706872,-0.20778112380774946,0.1616249482786725
13.4,43.84025820377896,-0.19146353289762955,0.16317590910119975
13.5,43.82276575420056,-0.1749244957839841,0.1653903711364549
13.600000000000001,43.806927686863254,-0.15838067337305747,0.16543822410926404
13.700000000000001,43.792718878135965,-0.1420880872728963,0.1629258610016124
13.8,43.78009406560335,-0.12624812532614316,0.1583996194675319
13.9,43.7689885356001,-0.11105530003249026,0.15192825293652953
14.0,43.75935286427565,-0.09635671324453234,0.14698586787957973
14.100000000000001,43.7511083008117,-0.08244563463946858,0.1391107860506356
14.200000000000001,43.744146244184314,-0.0696205662738694,0.1282506836559923
14.3,43.73838416768652,-0.05762076497795497,0.11999801295914465
14.4,43.733753026655656,-0.04631141030863278,0.11309354669322229
14.5,43.73021903285721,-0.03533993798448888,0.10971472324143941
14.600000000000001,43.72778128630686,-0.024377465503490833,0.10962472480997892
14.700000000000001,43.726467532531956,-0.013137537749017316,0.11239927754473557
14.8,43.72627880292954,-0.0018872960241367376,0.11250241724880619
14.9,43.72718493828162,0.009061353520749582,0.10948649544886359
15.0,43.72913808590481,0.01953147623190439,0.10470122711154846
15.100000000000001,43.73206777290535,0.029296870005452585,0.09765393773548056
15.200000000000001,43.735937838229866,0.03870065324512964,0.09403783239677088
15.3,43.740730110473464,0.047922722435984784,0.09222069190855177
15.4,43.74642450405805,0.05694393584583699,0.0902121340985224
15.5,43.753011808785494,0.06587304727446532,0.08929111428628356
15.600000000000001,43.76048698654684,0.0747517776134277,0.08878730338962261
15.700000000000001,43.768823074876614,0.08336088329777198,0.08609105684344312
15.8,43.777971867666004,0.09148792789389436,0.08127044596122403
15.9,43.78788735518249,0.0991548751648711,0.07666947270976776
16.0,43.79852798565659,0.10640630474100059,0.07251429576129508
16.1,43.80984439763289,0.11316411976295465,0.06757815021953968
16.2,43.82178880558963,0.11944407956740376,0.0627995980444924
16.3,43.834320110882004,0.12531305292377048,0.05868973356366644
16.400000000000002,43.84738723056541,0.13067119683405606,0.053581439102855025
16.5,43.8609038156069,0.13516585041493845,0.04494653580882481
16.6,43.87477121845723,0.13867402850322977,0.035081780882912694
16.7,43.88892791056728,0.14156692110056515,0.028928925973354454
16.8,43.903352660248665,0.1442474968138165,0.026805757132512993
16.900000000000002,43.91802518325804,0.14672523009373398,0.024777332799174528
17.0,43.932919037409974,0.14893854151935987,0.022133114256259384
17.1,43.947974796375654,0.15055758965679686,0.016190481374369674
17.2,43.96312067666387,0.15145880288216385,0.009012132253670061
17.3,43.97831092613535,0.15190249471480183,0.004436918326379761
17.400000000000002,43.9935155770379,0.1520465090254653,0.00144014310663463
17.5,44.008693568845864,0.15177991807967187,-0.0026659094579343247
17.6,44.02381306448,0.15119495634138289,-0.005849617382889721
17.7,44.03882087071834,0.15007806238337515,-0.011168939580077602
17.8,44.05366158391363,0.14840713195290578,-0.01670930430469346
17.900000000000002,44.06825694835381,0.14595364440182626,-0.02453487551079485
18.0,44.082525937468574,0.1426898911476146,-0.03263753254211729
18.1,44.09640278255275,0.1387684508417644,-0.03921440305850149
18.2,44.10983258348621,0.13429800933458866,-0.044704415071758326
18.3,44.12277895202493,0.12946368538720593,-0.048343239473826606
18.400000000000002,44.1351681031258,0.1238915110086918,-0.05572174378514057
18.5,44.14690223273397,0.11734129608172134,-0.06550214926970598
18.6,44.15786399498704,0.1096176225306762,-0.07723673551045031
18.7,44.16795822186289,0.10094226875850369,-0.08675353772172688
18.8,44.17708975889178,0.09131537028892336,-0.0962689846958019
18.900000000000002,44.18519557340348,0.08105814511701111,-0.10257225171912111
19.0,44.19229200093459,0.0709642753110999,-0.10093869805911419
19.1,44.19843307196457,0.061410710299795404,-0.09553565011304363
19.200000000000003,44.203719814878404,0.05286742913831613,-0.08543281161479153
19.3,44.20827960961887,0.04559794740465958,-0.07269481733656702
19.400000000000002,44.21221800148829,0.03938391869418411,-0.062140287104753854
19.5,44.215599276871735,0.033812753834468634,-0.055711648597155945
19.6,44.21849403682773,0.028947599559927126,-0.04865154274541438
19.700000000000003,44.220968754251444,0.024747174237162644,-0.04200425322764423
19.8,44.223100340271465,0.021315860200204383,-0.034313140369583335
19.900000000000002,44.22493738049432,0.018370402228526667,-0.02945457971677674
20.0,44.226481061859715,0.01543681365397764,-0.029335885745490897
20.1,44.22775996990042,0.012789080407031679,-0.026477332469459238
20.200000000000003,44.228803294108786,0.010433242083678204,-0.023558383233534416
20.3,44.22964105177909,0.008377576703040469,-0.020556653806377785
20.400000000000002,44.230338217932136,0.006971661530457042,-0.014059151725834074
20.5,44.2309762937364,0.006380758042610205,-0.0059090348784684955
20.6,44.23164138800197,0.006650942655710329,0.0027018461310012033
20.700000000000003,44.23242475951438,0.007833715124121343,0.011827724684109975
20.8,44.233401177273095,0.009764177587143971,0.019304624630226693
20.900000000000002,44.23462278993205,0.012216126589521363,0.02451949002377357
21.0,44.23612196513045,0.014991751984041776,0.027756253945204725
21.1,44.23792714124677,0.01805176116320669,0.03060009179164871
21.200000000000003,44.24009084782471,0.02163706577938709,0.03585304616180349
21.3,44.24267444027355,0.02583592448836269,0.0419885870897569
21.400000000000002,44.24575795598568,0.030835157121344554,0.049992326329817934
21.5,44.24943164880666,0.03673692820982034,0.05901771088475908
21.6,44.25376464531291,0.043329965062496804,0.06593036852676373
21.700000000000003,44.25881342482979,0.05048779516876251,0.07157830106265607
21.8,44.264627360355334,0.05813935525545002,0.0765156008668767
21.900000000000002,44.27123754118442,0.06610180829085172,0.07962453035401583
22.0,44.27865739292898,0.07419851744558217,0.0809670915473063
22.1,44.2869302854893,0.08272892560320481,0.0853040815762252
22.200000000000003,44.29608232961095,0.09152044121648698,0.08791515613282036
22.3,44.3061483031868,0.10065973575855695,0.09139294542070173
22.400000000000002,44.3171569699319,0.11008666745098437,0.09426931692427286
22.5,44.329094737900576,0.11937767968675216,0.0929101223576798
22.6,44.34196427488914,0.12869536988567448,0.09317690198922195
22.700000000000003,44.35579272822151,0.138284533323654,0.0958916343797939
22.8,44.370633100722465,0.1484037250095614,0.10119191685907601
22.900000000000002,44.38653763298093,0.15904532258467216,0.10641597575110616
23.0,44.40354364864374,0.17006015662808602,0.11014834043414092
23.1,44.42167057967635,0.1812693103261128,0.11209153698026615
23.200000000000003,44.44092399093138,0.19253411255028832,0.1126480222417537
23.3,44.46129640843509,0.2037241750370854,0.11190062486797314
23.400000000000002,44.48272048370792,0.2142407527283266,0.10516577691241052
23.5,44.505137500448875,0.2241701674095301,0.0992941468120372
23.6,44.52852791601142,0.23390415562544953,0.09733988215919281
23.700000000000003,44.5528719219762,0.243440059647778,0.09535904022328348
23.8,44.5781627626681,0.25290840691902444,0.09468347271246631
23.900000000000002,44.60438223905657,0.2621947638846896,0.09286356965665023
24.0,44.631489859334394,0.2710762027782523,0.08881438893562876
24.1,44.65945921822125,0.2796935888685641,0.08617386090311696
24.200000000000003,44.688265091743645,0.28805873522393755,0.08365146355373324
24.3,44.71789288475898,0.2962779301533721,0.08219194929434745
24.400000000000002,44.748327816929155,0.30434932170173135,0.08071391548359115
24.5,44.77956936359912,0.31241546669968256,0.08066144997951391
24.6,44.81162101550699,0.3205165190786329,0.08101052378950198
24.700000000000003,44.84449207073687,0.3287105522988252,0.08194033220192182
24.8,44.87820231045285,0.33710239715980356,0.0839184486097856
24.900000000000002,44.91276812660322,0.34565816150368756,0.08555764343883876
25.0,44.948168749300656,0.35400622697438466,0.08348065470697286
25.1,44.984383858804286,0.3621510950362909,0.08144868061906115
25.200000000000003,45.02141773909831,0.37033880294024796,0.08187707903956948
25.3,45.05926295202846,0.37845212930151556,0.08113326361267777
25.400000000000002,45.09790317350436,0.38640221475901076,0.07950085457495092
25.5,45.13732083308201,0.39417659577645153,0.07774381017440933
25.6,45.17752762209539,0.4020678901338158,0.0789129435736413
25.700000000000003,45.21853086349565,0.41003241400260876,0.0796452386879287
25.8,45.26031968720712,0.41788823711471856,0.07855823112109973
25.900000000000002,45.302868965335946,0.42549278128823537,0.07604544173516695
26.0,45.34614611841374,0.4327715307779648,0.07278749489729608
26.1,45.39010957622662,0.43963457812878287,0.06863047350817955
26.200000000000003,45.43467818515255,0.44568608925927655,0.06051511130493595
26.3,45.47975831865329,0.45080133500740766,0.05115245748131212
26.400000000000002,45.52523707845993,0.4547875980664109,0.0398626305900318
26.5,45.570959060964526,0.45721982504596337,0.02432226979552528
26.6,45.61677849042743,0.45819429462901756,0.0097446958305418
26.700000000000003,45.66253846821026,0.45759977782828604,-0.005945168007315176
26.8,45.70809752627697,0.4555905806671587,-0.020091971611273945
26.900000000000002,45.753350386365724,0.452528600887512,-0.030619797796466296
27.0,45.79820692281144,0.4485653644571481,-0.03963236430363977
27.1,45.84259390314577,0.44386980334329784,-0.04695561113850211
27.200000000000003,45.88642594033125,0.4383203718548083,-0.05549431488489441
27.3,45.929606059086844,0.43180118755594277,-0.06519184298865693
27.400000000000002,45.97204736517454,0.424413060876952,-0.07388126678990642
27.5,46.01367346862066,0.41626103446120943,-0.0815202641574276
27.6,46.054435880840465,0.40762412219805233,-0.08636912263156982
27.700000000000003,46.094289809386694,0.3985392854622859,-0.09084836735766304
27.8,46.13317744341855,0.38887634031859736,-0.09662945143688745
27.900000000000002,46.171015741131455,0.3783829771290161,-0.10493363189581124
28.0,46.207741941389465,0.36726200258009883,-0.11120974548917488
28.1,46.24328432542057,0.3554238403110282,-0.11838162269070472
28.200000000000003,46.277550821596584,0.34266496176015915,-0.12758878550868866
28.3,46.31044714105616,0.32896319459575085,-0.13701767164408588
28.400000000000002,46.34190620280345,0.3145906174729118,-0.14372577122838864
28.5,46.37187148184093,0.29965279037477116,-0.1493782709814094
28.6,46.40028086960301,0.284093877620815,-0.15558912753955934
28.700000000000003,46.42708092125131,0.26800051648300965,-0.16093361137805123
28.8,46.45222919127224,0.2514827002092855,-0.16517816273724525
28.900000000000002,46.47564467349357,0.2341548222133094,-0.17327877995975824
29.0,46.49721743108092,0.21572757587350572,-0.18427246339804088
29.1,46.51685106290213,0.19633631821207306,-0.1939125766143238
29.200000000000003,46.53450152944536,0.17650466543230187,-0.19831652779770914
29.3,46.55018104493239,0.15679515487029838,-0.19709510562003904
29.400000000000002,46.56391226625806,0.13731221325670423,-0.19482941613593874
29.5,46.57570972645319,0.1179746019513342,-0.1933761130537044
29.6,46.58558916293377,0.09879436480581065,-0.19180237145523282
29.700000000000003,46.59356814911338,0.07978986179608569,-0.19004503009724694
29.8,46.59965564616702,0.06087497053641885,-0.18914891259667244
29.900000000000002,46.60387764628031,0.0422200011328749,-0.18654969403543684
30.0,46.60626315483644,0.023855085561308952,-0.18364915571566337
30.1,46.60681619875859,0.005530439221459381,-0.18324646339849313
30.200000000000003,46.60554736513616,-0.012688336224257843,-0.18218775445716964
30.3,46.60247186206207,-0.030755030740934986,-0.18066694516677528
30.400000000000002,46.59760387783394,-0.04867984228127328,-0.17924811540338043
30.5,46.59097520708327,-0.06628670750672114,-0.1760686522544823
30.6,46.58263892387011,-0.08336283213161148,-0.17076124624890104
30.700000000000003,46.57265590439585,-0.09983019474255031,-0.16467362610938593
30.8,46.56104936000656,-0.11606544389295229,-0.16235249150402323
30.900000000000002,46.547838626497565,-0.1321073350899108,-0.1604189119695828
31.0,46.53303920428694,-0.14799422210622343,-0.15886887016312973
31.1,46.51665545064528,-0.1638375364166199,-0.1584331431039626
31.200000000000003,46.49869487415612,-0.17960576489158797,-0.15768228474967835
31.3,46.47915511977236,-0.19539754383764735,-0.15791778946059712
31.400000000000002,46.45802223867973,-0.21132881092625821,-0.1593126708861064
31.5,46.43528154423279,-0.22740694446945528,-0.16078133543197407
31.6,46.410899284700356,-0.24382259532429992,-0.1641565085484441
31.700000000000003,46.38483240736337,-0.2606687733698683,-0.1684617804556816
31.8,46.357040227666374,-0.2779217969699547,-0.17253023600086773
31.900000000000002,46.327448765220566,-0.2959146244580737,-0.17992827488118723
32.0,46.29599727875391,-0.3145148646665841,-0.18600240208510818
32.1,46.262626314197156,-0.333709645567519,-0.19194780900934577
32.2,46.22727641773315,-0.35349896464004826,-0.19789319072529007
32.300000000000004,46.189927922390375,-0.37348495342775756,-0.19985988787709014
32.4,46.15059957161127,-0.3932835077911047,-0.19798554363348278
32.5,46.10934922527443,-0.4125034633683752,-0.19219955577270192
32.6,46.06626755726667,-0.43081668007757756,-0.18313216709202124
32.7,46.02146635768536,-0.44801199581306933,-0.17195315735491523
32.800000000000004,45.975051625121274,-0.4641473256408735,-0.1613532982780396
32.9,45.92711817082772,-0.47933454293558836,-0.15187217294715702
33.0,45.87776484713818,-0.49353323689536677,-0.14198693959778205
33.1,45.827055935984,-0.5070891115418091,-0.13555874646442176
33.2,45.77500743256706,-0.5204850341694037,-0.133959226275944
33.300000000000004,45.72164945405482,-0.5335797851223769,-0.13094750952973003
33.4,45.66705714538924,-0.5459230866557929,-0.12343301533416709
33.5,45.61132140973926,-0.5573573564998134,-0.11434269844020355
33.6,45.55455568149547,-0.5676572824378842,-0.10299925938070574
33.7,45.49686669127882,-0.5768899021665337,-0.09232619728649395
33.800000000000004,45.438339000483914,-0.5852769079490289,-0.08387005782495063
33.9,45.37905601639348,-0.5928298409044057,-0.07552932955377274
34.0,45.31912091297613,-0.5993510341734435,-0.0652119326903768
34.1,45.25864943224629,-0.6047148072984413,-0.0536377312499773
34.2,45.197782858603134,-0.6086657364315242,-0.03950929133082869
34.300000000000004,45.136665413535,-0.6111744506813379,-0.02508714249813657
34.4,45.07543102863682,-0.6123438489818149,-0.011693983004770868
34.5,45.0142303231815,-0.6120070545531944,0.003367944286205523
34.6,44.95323145423971,-0.6099886894178665,0.020183651353277977
34.7,44.892615214042664,-0.606162401970485,0.03826287447381506
34.800000000000004,44.832563502580165,-0.6005171146249836,0.056452873455013236
34.9,44.7732766585525,-0.5928684402767086,0.07648674348275421
35.0,44.71495894334373,-0.5831771520876489,0.09691288189059595
35.1,44.65779843627099,-0.5716050707274353,0.11572081360213429
35.2,44.60198345601614,-0.5581498025484343,0.1345526817900081
35.300000000000004,44.54770055718747,-0.5428289882867355,0.15320814261698518
35.4,44.49507463218188,-0.5262592500558881,0.16569738230848338
35.5,44.444186807993574,-0.5088782418830745,0.1738100817281338
35.6,44.39508493321496,-0.49101874778613575,0.17859494096938514
35.7,44.34782590574323,-0.4725902747173127,0.18428473068822798
35.800000000000004,44.30247583441264,-0.45350071330587904,0.1908956141143337
35.9,44.25906257380947,-0.4341326060316922,0.19368107274187965
36.0,44.21759390214208,-0.4146867166739495,0.19445889357742385
36.1,44.17805865391322,-0.39535248228858116,0.1933423438536808
36.2,44.14046145671866,-0.3759719719455692,0.19380510343011695
36.300000000000004,44.10477856947754,-0.3568288724112228,0.19143099534346125
36.4,44.07092294114466,-0.33855628332881843,0.18272589082405405
36.5,44.03878580800929,-0.32137133135371243,0.17184951975105756
36.6,44.00825906264731,-0.3052674536197443,0.16103877733967925
36.7,43.979250494946044,-0.2900856770126795,0.1518177660706455
36.800000000000004,43.951678437427866,-0.27572057518177534,0.14365101830903965
36.9,43.925464917188414,-0.2621352023945327,0.13585372787243416
37.0,43.900502608703555,-0.24962308484859008,0.12512117545942436
37.1,43.876652997992935,-0.23849610710619745,0.11126977742392472
37.2,43.85379196367956,-0.2286103431337206,0.09885763972476701
37.300000000000004,43.831789759429675,-0.22002204249886545,0.0858830063485504
37.4,43.8105182964721,-0.21271462957579745,0.07307412923068411
37.5,43.789861168605114,-0.2065712786698241,0.06143350905973256
37.6,43.76973017592021,-0.2013099268490464,0.05261351820777646
37.7,43.75007546330977,-0.19654712610438882,0.04762800744657501
37.800000000000004,43.73082879598784,-0.19246667321929758,0.040804528850911764
37.9,43.71196548856131,-0.1886330742652938,0.03833598954004004
38.0,43.69345171458103,-0.18513773980280937,0.034953344624843785
38.1,43.675242328981014,-0.18209385600016245,0.03043883802646875
38.2,43.657323116867076,-0.17919212113937733,0.029017348607850855
38.300000000000004,43.639686528504676,-0.1763658836239987,0.028262375153785976
38.400000000000006,43.62234213920658,-0.17344389298095317,0.029219906430454773
38.5,43.60533155648852,-0.17010582718058742,0.033380658003659365
38.6,43.58868496246548,-0.16646594023043568,0.03639886950151692
38.7,43.57239786212529,-0.1628710034018587,0.035949368285769265
38.800000000000004,43.55645498966404,-0.1594287246125225,0.03442278789336152
38.900000000000006,43.54082550201844,-0.1562948764559713,0.03133848156551167
39.0,43.52547910519749,-0.1534639682095305,0.028309082464409385
39.1,43.51043473005802,-0.15044375139467334,0.03020216814857131
39.2,43.495746131182855,-0.14688598875167505,0.03557762642998235
39.300000000000004,43.48145709960696,-0.14289031575891695,0.03995672992758047
39.400000000000006,43.467561116215634,-0.13895983391328828,0.039304818456286084
39.5,43.453998824260516,-0.13562291955118927,0.03336914362099203
39.6,43.44071719387996,-0.13281630380553888,0.028066157456503472
39.7,43.42767580089809,-0.13041392981868496,0.024023739868538833
39.800000000000004,43.414812106410565,-0.12863694487528038,0.017769849434045606
39.900000000000006,43.4020550207007,-0.12757085709864488,0.010660877766354842
40.0,43.389301714064445,-0.1275330663625668,0.0003779073607807152
40.1,43.376451438815955,-0.12850275248488957,-0.009696861223227467
40.2,43.363426123786574,-0.13025315029380904,-0.01750397808919449
40.300000000000004,43.35014993583445,-0.1327618795212241,-0.025087292274150106
40.400000000000006,43.33651941358817,-0.13630522246280724,-0.03543342941583099
40.5,43.32247349987084,-0.14045913717333125,-0.04153914710524245
40.6,43.30796766832054,-0.1450583155029485,-0.04599178329617194
40.7,43.29295367657849,-0.15013991742051544,-0.05081601917566858
40.800000000000004,43.277383896751275,-0.15569779827216967,-0.05557880851654155
40.900000000000006,43.26121925704907,-0.16164639702203712,-0.059485987498673606
41.0,43.24440844703349,-0.1681081001557867,-0.06461703133749948
41.1,43.22691389153643,-0.17494555497065994,-0.06837454814873148
41.2,43.20868486423937,-0.18229027297053077,-0.07344717999870722
41.300000000000004,43.18965574021562,-0.19029124023752517,-0.08000967266994283
41.400000000000006,43.16975995573688,-0.19895784478741235,-0.08666604549887062
41.5,43.14891783595133,-0.20842119785549804,-0.09463353068086222
41.6,43.12707207524564,-0.21845760705687356,-0.1003640920137538
41.7,43.10415704143059,-0.22915033815052896,-0.10692731093655249
41.800000000000004,43.08011121184934,-0.24045829581247005,-0.11307957661940932
41.900000000000006,43.054890501697066,-0.2522071015227531,-0.11748805710282889
42.0,43.02847613978591,-0.2641436191115937,-0.11936517588841246
42.1,43.00085658618446,-0.2761955360144657,-0.1205191690287188
42.2,42.97203030552689,-0.2882628065756835,-0.12067270561217586
42.300000000000004,42.941999521390585,-0.3003078413630746,-0.12045034787390936
42.400000000000006,42.9107771086322,-0.31222412758381335,-0.1191628622073859
42.5,42.87835830055353,-0.32418808078675876,-0.1196395320294609
42.6,42.844754010041726,-0.3360429051180299,-0.11854824331270995
42.7,42.810006598247355,-0.3474741179436997,-0.11431212825669616
42.800000000000004,42.774199993185206,-0.3580660506214832,-0.10591932677783372
42.900000000000006,42.73744452194474,-0.36755471240467774,-0.09488661783194384
43.0,42.69984504667943,-0.3759947526531207,-0.0844004024844345
43.1,42.66150500076661,-0.3834004591281771,-0.0740570647505629
43.2,42.622512501975486,-0.38992498791123764,-0.06524528783060442
43.300000000000004,42.58294573888041,-0.3956676309507345,-0.0574264303949676
43.400000000000006,42.54284550269725,-0.4010023618316381,-0.05334730880903562
43.5,42.50222942657512,-0.40616076122129563,-0.05158399389657802
43.6,42.46110682063761,-0.4112260593750902,-0.05065298153794512
43.7,42.41949145908062,-0.4161536155699193,-0.04927556194829027
43.800000000000004,42.377414914729314,-0.4207654435130277,-0.04611827943108317
43.900000000000006,42.334924775149666,-0.42490139579647596,-0.04135952283448204
44.0,42.29207934299111,-0.42845432158560065,-0.035529257891248965
44.1,42.24893815077702,-0.4314119221408613,-0.029576005552606335
44.2,42.20554194543338,-0.4339620534363969,-0.025501312955355154
44.300000000000004,42.16194794653459,-0.4359399889879194,-0.01977935551522508
44.400000000000006,42.11821319319503,-0.43734753339556054,-0.01407544407641106
44.5,42.074414022693304,-0.43799170501730705,-0.006441716217465509
44.6,42.03063744988963,-0.4377657280367169,0.0022597698059017802
44.7,41.98693564648918,-0.43701803400451755,0.007476940321993091
44.800000000000004,41.94336414074354,-0.4357150574563855,0.013029765481320324
44.900000000000006,41.89998221179978,-0.43381928943758746,0.018957680187980115
45.0,41.856844683209744,-0.4313752859003973,0.024440035371902924
45.1,41.813996867582674,-0.4284781562706935,0.02897129629703746
45.2,41.77151086972736,-0.4248599785531521,0.03618177717541364
45.300000000000004,41.72947115281357,-0.4203971691379078,0.04462809415244232
45.400000000000006,41.68794500050915,-0.4152615230441311,0.051356460937766295
45.5,41.64699234649273,-0.40952654016424556,0.05734982879885879
45.6,41.60667488431899,-0.40317462173738644,0.06351918426859025
45.7,41.567059624299816,-0.3961526001917492,0.07022021545637147
45.800000000000004,41.5282250317696,-0.38834592530214157,0.07806674889607512
45.900000000000006,41.490224341375615,-0.38000690393985254,0.08339021362288916
46.0,41.45310035587487,-0.3712398550075091,0.08767048932343922
46.1,41.41688114486334,-0.3621921101152685,0.0904774489224051
46.2,41.38158537056472,-0.35295774298617244,0.09234367129095901
46.300000000000004,41.347213187071176,-0.34372183493544606,0.0923590805072625
46.400000000000006,41.31375374290993,-0.33459444161244767,0.0912739332299826
46.5,41.281196037566964,-0.3255770534296872,0.09017388182761
46.6,41.24954567285902,-0.31650364707942463,0.09073406350262418
46.7,41.21883200572739,-0.3071366713162816,0.09366975763142915
46.800000000000004,41.18912898650538,-0.29703019222011595,0.1010647909616549
46.900000000000006,41.160513590866714,-0.2861539563866659,0.10876235833449889
47.0,41.13308384905073,-0.2742974181598768,0.1185653822678979
47.1,41.1069420652854,-0.2614178376532513,0.12879580506625338
47.2,41.08216789715037,-0.24774168135031618,0.13676156302934894
47.300000000000004,41.05878870493283,-0.2337919221753959,0.13949759174920082
47.400000000000006,41.03681016917042,-0.2197853576240729,0.14006564551322814
47.5,41.01621768487918,-0.20592484291243557,0.1386051471163811
47.6,40.996963956833795,-0.19253728045384558,0.133875624585898
47.7,40.97896837725159,-0.17995579582205068,0.1258148463179472
47.800000000000004,40.96216296718994,-0.1680541006164991,0.11901695205551396
47.900000000000006,40.94651475972445,-0.15648207465488673,0.11572025961612223
48.0,40.931980053172474,-0.14534706551978022,0.11135009135107143
48.1,40.918494626411565,-0.1348542676090839,0.10492797910696174
48.2,40.90600534741185,-0.12489278999716014,0.09961477611923616
48.300000000000004,40.894463197157215,-0.11542150254633846,0.09471287450821546
48.400000000000006,40.8838179851322,-0.10645212025018073,0.08969382296157594
48.5,40.87399619415499,-0.09821790977206593,0.08234210478115271
48.6,40.864883416845274,-0.09112777309716917,0.07090136674896659
48.7,40.85636095498992,-0.08522461855356646,0.05903154543602628
48.800000000000004,40.84833032139511,-0.08030633594806488,0.049182826055015054
48.900000000000006,40.84068024959468,-0.07650071800426764,0.03805617943797192
49.0,40.83328233422054,-0.07397915374142337,0.025215642628444074
49.1,40.826021421112294,-0.07260913108247177,0.013700226589515807
49.2,40.818789854754584,-0.07231566357709948,0.002934675053722871
49.300000000000004,40.811468907042126,-0.07320947712457733,-0.008938135474778354
49.400000000000006,40.803937437743954,-0.07531469298171949,-0.021052158571421266
49.5,40.7960839336899,-0.0785350405405483,-0.03220347558828998
49.6,40.78781200322458,-0.08271930465319481,-0.041842641126464505
49.7,40.77905310472567,-0.08758898498910969,-0.04869680335914811
49.800000000000004,40.76973536967953,-0.09317735046138732,-0.055883654722775525
49.900000000000006,40.759814802615864,-0.09920567063666255,-0.06028320175275143
50.0,40.749260993526875,-0.10553809088989996,-0.06332420253237768
50.1,40.73806422673066,-0.11196766796217457,-0.06429577072274517
50.2,40.72623369139288,-0.11830535337779056,-0.06337685415615905
50.300000000000004,40.7137699094848,-0.12463781908074445,-0.06332465702953795
50.400000000000006,40.700663857135666,-0.131060523491369,-0.06422704410624472
50.5,40.68692294657064,-0.13740910565027134,-0.06348582158902688
50.6,40.67256115404382,-0.14361792526820033,-0.06208819617928902
50.7,40.65761572694016,-0.14945427103661543,-0.05836345768415019
50.800000000000004,40.642157943768076,-0.15457783172081244,-0.05123560684196931
50.900000000000006,40.62625094843017,-0.1590699533790718,-0.04492121658259288
51.0,40.60991940731399,-0.1633154111618133,-0.0424545778274176
51.1,40.593141902422786,-0.1677750489120176,-0.04459637750204241
51.2,40.57590097505037,-0.17240927372419645,-0.046342248121787784
51.300000000000004,40.55818829480279,-0.17712680247576632,-0.04717528751569793
51.400000000000006,40.53999626421637,-0.18192030586419347,-0.04793503388427088
51.5,40.52130735258219,-0.18688911634179914,-0.0496881047760595
51.6,40.50209584541486,-0.19211507167333947,-0.05225955331540253
51.7,40.482319691065975,-0.19776154348882077,-0.05646471815481227
51.800000000000004,40.46195415280221,-0.20365538263767458,-0.05893839148853718
51.900000000000006,40.44098621713612,-0.20967935666085383,-0.06023974023179166
52.0,40.41938916559327,-0.21597051542849305,-0.06291158767639579
52.1,40.397137035671044,-0.22252129922229041,-0.06550783793797273
52.2,40.37419834474871,-0.22938690922330482,-0.06865610001014308
52.300000000000004,40.35056716286379,-0.23631181884922745,-0.06924909625922528
52.400000000000006,40.326238275182355,-0.2432888768143436,-0.06977057965116064
52.5,40.30119163835057,-0.25046636831783076,-0.07177491503487557
52.6,40.275416974386516,-0.2577466396405689,-0.07280271322738015
52.7,40.24889344222911,-0.2652353215740495,-0.07488681933480516
52.800000000000004,40.22160564658623,-0.27287795642883916,-0.07642634854789557
52.900000000000006,40.193520523498286,-0.28085123087940245,-0.0797327445056317
53.0,40.164600151891406,-0.2892037160688141,-0.08352485189412148
53.1,40.13479460769756,-0.2980554419384831,-0.08851725869668854
53.2,40.104080951572385,-0.3071365612517197,-0.09081119313236445
53.300000000000004,40.07246763377172,-0.31613317800661894,-0.0899661675489914
53.400000000000006,40.03997586603098,-0.32491767740743677,-0.087844994008177
53.5,40.00664001348245,-0.3333585254852712,-0.08440848077834887
53.6,39.972503548308005,-0.3413646517444798,-0.08006126259208488
53.7,39.93761060246348,-0.3489294584452502,-0.07564806700770314
53.800000000000004,39.90202054187871,-0.3559006058476604,-0.06971147402410129
53.900000000000006,39.86582061780174,-0.36199924076974294,-0.060986349220824264
54.0,39.82910826207619,-0.36712355725550294,-0.05124316485760297
54.1,39.79199942971147,-0.37108832364722316,-0.03964766391720164
54.2,39.754593745031684,-0.3740568467978225,-0.02968523150599269
54.300000000000004,39.71696209144758,-0.37631653584106495,-0.02259689043242442
54.400000000000006,39.67912030623383,-0.3784178521374972,-0.02101316296432202
54.5,39.641040247240895,-0.38080058992934374,-0.023827377918466917
54.6,39.60269886313483,-0.3834138410606104,-0.026132511312666102
54.7,39.56407968023612,-0.3861918289871314,-0.027779879265209688
54.800000000000004,39.52516171149912,-0.3891796873699549,-0.029878583828234627
54.900000000000006,39.48590165280412,-0.39260058695006145,-0.034208995801065026
55.0,39.4462429205347,-0.3965873226941822,-0.039867357441209554
55.1,39.40614473850193,-0.4009818203277092,-0.043944976335269434
55.2,39.36555454707377,-0.40590191428157985,-0.04920093953870593
55.300000000000004,39.32444045897525,-0.4111408809851666,-0.05238966703586682
55.400000000000006,39.28280755707786,-0.416329018973934,-0.05188137988767309
55.5,39.2406729403733,-0.4213461670456082,-0.050171480716744786
55.6,39.19805475556454,-0.42618184808758847,-0.0483568104198022
55.7,39.1549846586756,-0.4307009688893909,-0.04519120801802381
55.800000000000004,39.111513633712946,-0.43471024962655586,-0.04009280737164887
55.900000000000006,39.067671725211795,-0.43841908501149707,-0.03708835384941159
56.0,39.02345696906498,-0.4421475614681721,-0.03728476456675223
56.1,38.97884720982536,-0.4460975923961933,-0.039500309280211525
56.2,38.93379106699433,-0.45056142831028795,-0.04463835914094597
56.300000000000004,38.888193832565136,-0.45597234429194405,-0.05410915981656029
56.400000000000006,38.84196710188687,-0.46226730678262895,-0.06294962490684808
56.5,38.79505949441613,-0.4690760747074574,-0.06808767924828817
56.6,38.74743225674502,-0.47627237671107314,-0.0719630200361566
56.7,38.69906422310598,-0.4836803363904283,-0.07407959679355042
56.800000000000004,38.64991869742161,-0.49145525684365776,-0.07774920453229361
56.900000000000006,38.59993966159934,-0.4997903582226755,-0.083351013790176
57.0,38.549066491793255,-0.5087316980609136,-0.0894133983823859
57.1,38.497224568166395,-0.5184192362685918,-0.09687538207678066
57.2,38.444347896389296,-0.5287667177709845,-0.10347481502392583
57.300000000000004,38.39039815436509,-0.5394974202420778,-0.10730702471093159
57.400000000000006,38.335338804070744,-0.5505935029434206,-0.1109608270134261
57.5,38.279169533126286,-0.5616927094446176,-0.11099206501197632
57.6,38.221903628693056,-0.5726590443322895,-0.10966334887671803
57.7,38.16358648898773,-0.5831713970532265,-0.1051235272093683
57.800000000000004,38.10427949412259,-0.5930699486513817,-0.09898551598155085
57.900000000000006,38.04402105028162,-0.6025844384097127,-0.09514489758330778
58.0,37.98288398960945,-0.6113706067217698,-0.0878616831205764
58.1,37.92095410027403,-0.6192988933541611,-0.079282866323912
58.2,37.858311540066616,-0.626425602074141,-0.0712670871997979
58.300000000000004,37.795040367591504,-0.6327117247511093,-0.06286122676968176
58.400000000000006,37.731229911019796,-0.6381045657170767,-0.05392840965967406
58.5,37.666978845977845,-0.6425106504195465,-0.04406084702469976
58.6,37.6023813795873,-0.6459746639054395,-0.03464013485892931
58.7,37.53754969108516,-0.648316885021378,-0.02342221115938481
58.800000000000004,37.472619614790744,-0.6493007629441557,-0.00983877922777751
58.900000000000006,37.407740933374775,-0.6487868141596828,0.005139487844729656
59.0,37.34306088098006,-0.646800523947172,0.019862902125108457
59.1,37.27874735609495,-0.643135248851143,0.03665275096028934
59.2,37.2149480556355,-0.6379930045944258,0.05142244256717204
59.300000000000004,37.15177906751412,-0.6316898812138215,0.06303123380604146
59.400000000000006,37.08936821213246,-0.6241085538165603,0.07581327397261142
59.5,37.02784272314946,-0.6152548898300475,0.08853663986513276
59.6,36.967313790798464,-0.6052893235099702,0.09965566320077138
59.7,36.90785476139409,-0.594590294043718,0.10699029466252077
59.800000000000004,36.84952019118735,-0.5833457020673821,0.11244591976335712
59.900000000000006,36.79238649837093,-0.5713369281642063,0.12008773903175614
60.0,36.73653927156126,-0.5584722680967109,0.12864660067496156
60.1,36.68204998430045,-0.544892872608137,0.13579395488573703
60.2,36.62895341840152,-0.5309656589892522,0.1392721361888463
60.300000000000004,36.57729504809967,-0.5165837030185043,0.14381955970747667
60.400000000000006,36.52711362532451,-0.501814227751602,0.147694752669021
60.5,36.47843460676559,-0.4867901855892419,0.1502404216236094
60.6,36.43128581064427,-0.47148796121319275,0.1530222437604895
60.7,36.38572523427872,-0.4556057636554491,0.15882197557743447
60.800000000000004,36.341822794786864,-0.4390243949185839,0.1658136873686493
60.900000000000006,36.29963567265419,-0.4218712213267335,0.1715317359185018
61.0,36.25918631876171,-0.4044935389248624,0.17377682401872085
61.1,36.22046016587102,-0.38726152890688487,0.17232010017977284
61.2,36.183434338725874,-0.37025827145142826,0.1700325745545637
61.300000000000004,36.14812049321326,-0.3531384551261091,0.17119816325318926
61.400000000000006,36.114543578827956,-0.335769143853066,0.1736931127304284
61.5,36.08268307069207,-0.3186050813588718,0.17164062494195198
61.6,36.052483589790526,-0.3019948090154358,0.16610272343435747
61.7,36.023854159727186,-0.2862943006333966,0.15700508382038958
61.800000000000004,35.99671653353168,-0.271376261955037,0.14918038678359402
61.900000000000006,35.970968065800406,-0.2574846773127567,0.138915846422801
62.0,35.94649956952647,-0.24468496273934162,0.1279971457341581
62.1,35.92320368651444,-0.23295883012032118,0.1172613261902028
62.2,35.90096177818005,-0.2224190833439334,0.10539746776387626
62.300000000000004,35.87970851989667,-0.21253258283379903,0.09886500510134232
62.400000000000006,35.85941912760498,-0.20289392291686847,0.09638659916930416
62.5,35.840107869180294,-0.1931125842468727,0.09781338669996338
62.6,35.82180068806646,-0.18307181113833076,0.10040773108541785
62.7,35.80450905063461,-0.17291637431853,0.10155436819800628
62.800000000000004,35.78821146674838,-0.1629758388622781,0.09940535456251756
62.900000000000006,35.77287999682483,-0.1533146992355206,0.09661139626757355
63.0,35.758508751963866,-0.14371244860961346,0.09602250625907684
63.1,35.74510706905707,-0.13401682906795806,0.09695619541655266
63.2,35.73267863093637,-0.12428438120700315,0.09732447860954771
63.300000000000004,35.721218376238625,-0.1146025469774498,0.09681834229553211
63.400000000000006,35.71073755995655,-0.10480816282075829,0.09794384156691371
63.5,35.70126328919608,-0.09474270760471454,0.10065455216044325
63.6,35.69282110023802,-0.08442188958056698,0.10320818024147407
63.7,35.68544482600761,-0.07376274230409657,0.10659147276470259
63.800000000000004,35.67915484785388,-0.06289978153731024,0.1086296076678618
63.900000000000006,35.673959403129224,-0.05195444724655755,0.10945334290752531
64.0,35.66987449567328,-0.040849074559477054,0.1110537268708113
64.10000000000001,35.66695765137935,-0.029168442939277738,0.1168063162019832
64.2,35.66526233195753,-0.016953194218204258,0.12215248721074175
64.3,35.66483152342768,-0.004308085298490272,0.12645108919714704
64.4,35.665661582753,0.008300593253238023,0.1260867855172722
64.5,35.66772804423057,0.020664614775683997,0.12364021522446678
64.60000000000001,35.67102586924236,0.03297825011784713,0.12313635342162081
64.7,35.67553950099078,0.0451363174842382,0.12158067366391763
64.8,35.681237536451775,0.05698035460995112,0.11844037125713594
64.9,35.68804520426817,0.0680766781639561,0.11096323554004033
65.0,35.69587035893311,0.07825154664935942,0.10174868485403897
65.10000000000001,35.70461212923355,0.0874177030044546,0.09166156355094403
65.2,35.71418059367572,0.09568464442168623,0.08266941417232095
65.3,35.72448473072855,0.10304137052827986,0.07356726106594048
65.4,35.73545789568969,0.10973164961142376,0.06690279083143331
65.5,35.74704499039196,0.11587094702272031,0.06139297411296903
65.60000000000001,35.75919241192059,0.12147421528623101,0.05603268263510216
65.7,35.771854136210706,0.12661724290119744,0.051430276149667255
65.8,35.784994678848705,0.1314054263799921,0.04788183478794944
65.9,35.79859472329537,0.13600044446667686,0.04595018086684357
66.0,35.81267035605917,0.1407563276379955,0.04755883171318913
66.10000000000001,35.82723406654857,0.14563710489396622,0.04880777255970303
66.2,35.84229360419948,0.15059537650913912,0.04958271615173181
66.3,35.857881044709515,0.1558744051003291,0.05279028591190277
66.4,35.874033870841416,0.16152826131899234,0.05653856218662757
66.5,35.890773257669565,0.16739386828150302,0.058656069625110115
66.60000000000001,35.908129330165266,0.1735607249569989,0.06166856675495354
66.7,35.92615151869671,0.18022188531447683,0.06661160357478314
66.8,35.94488273924456,0.18731220547850214,0.07090320164025707
66.9,35.96435975219775,0.19477012953187273,0.07457924053369955
67.0,35.98461427032189,0.20254518124141627,0.07775051709543981
67.10000000000001,36.00567495716126,0.21060686839367884,0.08061687152261889
67.2,36.02757055281031,0.21895595649050215,0.08349088096823779
67.3,36.05034458685954,0.22774034049228803,0.08784384001786383
67.4,36.07402694025696,0.23682353397416844,0.0908319348187964
67.5,36.098620741344824,0.2459380108786886,0.09114476904520681
67.60000000000001,36.12413062407191,0.25509882727083477,0.09160816392145384
67.7,36.15058962578041,0.2645900170850419,0.09491189814207641
67.8,36.17802390810232,0.2743428232190737,0.09752806134032398
67.9,36.20642707594334,0.2840316784101773,0.09688855191102748
68.0,36.23579789234448,0.2937081640114226,0.09676485601245838
68.10000000000001,36.26614239443612,0.303445020916416,0.097368569049926
68.2,36.29748139064834,0.3133899621222192,0.09944941205803758
68.3,36.329853353908405,0.3237196326006326,0.10329670478413965
68.4,36.3632949922563,0.3344163834789241,0.10696750878290616
68.5,36.397818300641745,0.34523308385447227,0.10816700375548775
68.60000000000001,36.43341523509848,0.3559693445673114,0.10736260712838203
68.7,36.47007866524969,0.3666343015120996,0.10664956944788802
68.8,36.50780973917553,0.3773107392584266,0.10676437746327645
68.9,36.546648394015094,0.3883865483956252,0.11075809137197634
69.0,36.586611112659334,0.3996271864424244,0.11240638046799839
69.10000000000001,36.62768383012698,0.4107271746764601,0.11099988234034738
69.2,36.66985953443556,0.421757043085786,0.11029868409326532
69.3,36.71312744262716,0.4326790819160455,0.10922038830260115
69.4,36.75745450260126,0.44327059974097466,0.10591517824928272
69.5,36.80277285299334,0.4531835039208234,0.0991290417984931
69.60000000000001,36.84897881325134,0.46205960257995893,0.08876098659134767
69.7,36.89599441110544,0.4701559785410137,0.08096375961055241
69.8,36.94374102115583,0.4774661005039165,0.07310121962903231
69.9,36.99217539001515,0.4843436885931438,0.06877588089226695
70.0,37.0412658527352,0.4909046272005492,0.06560938607405793
70.10000000000001,37.09094949958275,0.49683646847543655,0.059318412748868225
70.2,37.14114835353731,0.5019885395456499,0.05152071070213664
70.3,37.1917855134473,0.5063715990999217,0.04383059554272011
70.4,37.24280322341969,0.510177099723875,0.03805500623953026
70.5,37.29413125601929,0.513280325996022,0.031032262721471623
70.60000000000001,37.345669777396076,0.5153852137677988,0.02104887771776574
70.7,37.39730230551382,0.5163252811774592,0.009400674096605145
70.8,37.44889788951171,0.5159558399789725,-0.003694411984867184
70.9,37.500328614710156,0.51430725198439,-0.016485879945824216
71.0,37.5514737925285,0.5114517781834429,-0.02855473800947246
71.10000000000001,37.60223818618527,0.5076439365676599,-0.03807841615782634
71.2,37.65254439354767,0.5030620736240652,-0.0458186294359501
71.3,37.70231929693777,0.4977490339010443,-0.053130397230211866
71.4,37.7514868586755,0.49167561737721216,-0.06073416523831625
71.5,37.79999150332469,0.4850464464919489,-0.06629170885263647
71.60000000000001,37.84778928954238,0.4779778621768874,-0.07068584315060863
71.7,37.894796636286515,0.47007346744133655,-0.07904394735551329
71.8,37.94092510923511,0.46128472948597965,-0.08788737955357395
71.9,37.98607526310294,0.45150153867826204,-0.09783190807716778
72.0,38.03016739784843,0.4409213474549285,-0.10580191223334136
72.10000000000001,38.073166698631155,0.42999300782721295,-0.10928339627714624
72.2,38.11505397279614,0.41887274164987326,-0.1112026617734032
72.3,38.15582982125664,0.4077584846050063,-0.11114257044867591
72.4,38.19550779831832,0.3967797706167548,-0.10978713988250573
72.5,38.23409348185628,0.38585683537962073,-0.10922935237134677
72.60000000000001,38.27159319014508,0.3749970828880258,-0.10859752491594006
72.7,38.30798008636056,0.3638689621547749,-0.11128120733251556
72.8,38.34324421200471,0.3526412564415638,-0.11227705713211716
72.9,38.37735472951424,0.34110517509522187,-0.11536081346340947
73.0,38.410306338187105,0.32951608672869265,-0.1158908836652988
73.10000000000001,38.442087398768855,0.3178106058174719,-0.11705480911219758
73.2,38.4726847273687,0.30597328599847945,-0.11837319818993115
73.3,38.502058316126735,0.29373588758035646,-0.12237398418123686
73.4,38.53015617074139,0.2809785461465468,-0.12757341433808544
73.5,38.556944665477644,0.267884947362533,-0.13093598784014582
73.60000000000001,38.582398669408406,0.2545400393075919,-0.13344908054939958
73.7,38.60650544716147,0.24106777753063063,-0.13472261776962025
73.8,38.62925398350987,0.2274853634840342,-0.13582414046597208
73.9,38.65064242413793,0.21388440628056624,-0.136009572034668
74.0,38.670653158895576,0.20010734757648835,-0.1377705870407867
74.10000000000001,38.68927381512112,0.18620656225541954,-0.13900785321067624
74.2,38.70653219817845,0.17258383057332607,-0.13622731682094238
74.3,38.72244944622216,0.15917248043707327,-0.13411350136253566
74.4,38.73703905010305,0.14589603880891566,-0.13276441628156477
74.5,38.750317200842716,0.13278150739666517,-0.13114531412251243
74.60000000000001,38.76229437091262,0.11977170069903709,-0.1300980669762697
74.7,38.77296152278239,0.10667151869768683,-0.13100182001351
74.8,38.782289753943544,0.09328231161156528,-0.13389207086122315
74.9,38.79025749539353,0.07967741449987673,-0.13604897111687392
75.0,38.796865876970394,0.06608381576861098,-0.13593598731266512
75.10000000000001,38.80213105173391,0.05265174763514841,-0.13432068133461428
75.2,38.80608169911974,0.039506473858284014,-0.13145273776865146
75.3,38.808746320426415,0.02664621306678479,-0.12860260791499953
75.4,38.81016206777096,0.014157473445449612,-0.12488739621334115
75.5,38.810359637701225,0.001975699302647739,-0.12181774142802565
75.60000000000001,38.8093770992625,-0.009825384387268927,-0.11801083689915659
75.7,38.80723604688485,-0.021410523776454023,-0.11585139389185756
75.8,38.80396060098017,-0.0327544590468439,-0.11343935270390525
75.9,38.799565060733364,-0.043955402468039556,-0.11200943421194698
76.0,38.79403938283272,-0.05525677900643048,-0.11301376538391567
76.10000000000001,38.78739297030597,-0.06646412526748124,-0.11207346261049808
76.2,38.77969154998717,-0.07701420318803269,-0.10550077920552045
76.3,38.771012703274096,-0.08678846713074999,-0.09774263942717853
76.4,38.7614357132107,-0.09576990063393148,-0.08981433503180727
76.5,38.75098772347806,-0.10447989732640534,-0.08709996692474349
76.60000000000001,38.739698509091696,-0.11289214386365135,-0.08412246537245292
76.7,38.72763152832434,-0.1206698076735859,-0.07777663809934997
76.80000000000001,38.71485145611221,-0.12780072212129642,-0.07130914447709916
76.9,38.70142319274922,-0.13428263362990175,-0.06481911508605699
77.0,38.68739530203777,-0.14027890711447186,-0.059962734845704434
77.10000000000001,38.67281114885675,-0.1458415318101789,-0.05562624695706561
77.2,38.65772233868341,-0.15088810173339487,-0.05046569923216263
77.30000000000001,38.64215813643551,-0.15564202247900122,-0.04753920745605944
77.4,38.626129580475066,-0.16028555960446966,-0.04643537125468708
77.5,38.60962774707424,-0.16501833400824722,-0.04732774403777831
77.60000000000001,38.59262653206978,-0.17001215004461273,-0.0499381603636508
77.7,38.575114905959815,-0.17511626109965592,-0.05104111055043477
77.80000000000001,38.557089786550776,-0.180251194090373,-0.05134932990716635
77.9,38.53857038899211,-0.18519397558663883,-0.04942781496266122
78.0,38.51961085768474,-0.189595313073749,-0.044013374871104134
78.10000000000001,38.500254881740275,-0.1935597594446227,-0.03964446370873365
78.2,38.48051470795558,-0.19740173784698511,-0.038419784023626356
78.30000000000001,38.460370210256826,-0.20144497698749989,-0.040432391405144257
78.4,38.43980191487675,-0.20568295380074378,-0.04237976813244134
78.5,38.418789420000635,-0.21012494876118865,-0.0444199496044512
78.60000000000001,38.3973189932372,-0.21470426763434192,-0.0457931887315288
78.7,38.375396696637715,-0.21922296599485772,-0.04518698360516056
78.80000000000001,38.353048246505296,-0.22348450132417466,-0.04261535329316582
78.9,38.3303169608357,-0.22731285669594442,-0.03828355371769977
79.0,38.307260083344715,-0.2305687749098826,-0.032559182139383545
79.10000000000001,38.283951411715776,-0.2330867162893725,-0.025179413794896927
79.2,38.260503304164665,-0.23448107551112596,-0.013943592217535399
79.30000000000001,38.23702825743836,-0.2347504672630207,-0.0026939175189472564
79.4,38.21361302585166,-0.23415231586704888,0.005981513959718639
79.5,38.19034804489522,-0.23264980956442016,0.015025063026287998
79.60000000000001,38.167345121654314,-0.230029232409004,0.026205771554159416
79.7,38.14471831922948,-0.22626802424832568,0.037612081606785336
79.80000000000001,38.122596485452725,-0.2212183377675625,0.05049686480762746
79.9,38.10110926098717,-0.21487224465553623,0.06346093112026635
80.0,38.080368033588314,-0.20741227398859266,0.07459970666943991
80.10000000000001,38.060466325665416,-0.1990170792289633,0.08395194759628638
80.2,38.041492986692774,-0.1897333897264383,0.09283689502525533
80.30000000000001,38.02351935649211,-0.17973630200663027,0.09997087719807182
80.4,38.00663708949654,-0.16882266995566902,0.10913632050961862
80.5,37.99097829845701,-0.15658791039535383,0.1223475956031589
80.60000000000001,37.97666368658443,-0.14314611872576877,0.13441791669583916
80.7,37.96379809594414,-0.1286559064028909,0.1449021232287869
80.80000000000001,37.95243460480163,-0.11363491142509927,0.15020994977790356
80.9,37.942543518865655,-0.09891085935976769,0.14724052065332413
81.0,37.934078099967984,-0.08465418897671866,0.14256670383049846
81.10000000000001,37.92701745166755,-0.0706064830043058,0.14047705972411653
81.2,37.921365284320785,-0.05652167346767422,0.14084809536632384
81.30000000000001,37.91714222582487,-0.04223058495916727,0.14291088508505734
81.4,37.914366812214304,-0.027754136105643725,0.14476448853524365
81.5,37.91305328343945,-0.013135287748512105,0.1461884835713245
81.60000000000001,37.91321124131339,0.0015795787393811697,0.1471486648789202
81.7,37.91482156558941,0.016103242760224595,0.1452366402084425
81.80000000000001,37.91783562633768,0.030140607482633457,0.14037364722407666
81.9,37.922200010496134,0.04364384158457106,0.13503234101938372
82.0,37.92784084626317,0.05640835767039541,0.12764516085825076
82.10000000000001,37.934680234685146,0.06839388421972487,0.11985526549328432
82.2,37.94265819111105,0.07977956425904607,0.11385680039321855
82.30000000000001,37.95170126428893,0.09043073177877342,0.1065116751972644
82.4,37.961738190235714,0.10036925946785973,0.09938527689086869
82.5,37.97268527378122,0.109470835455034,0.09101575987174791
82.60000000000001,37.98443565699836,0.11750383217139834,0.08032996716363658
82.7,37.9968781914515,0.12442534453143847,0.06921512360040522
82.80000000000001,38.0099465018377,0.13068310386201484,0.0625775933057584
82.9,38.02360027498422,0.13653773146516168,0.05854627603147172
83.0,38.03783802095684,0.14237745972622762,0.05839728261066267
83.10000000000001,38.05270236170206,0.14864340745218538,0.06265947725957226
83.2,38.06823083022263,0.1552846852057232,0.06641277753538194
83.30000000000001,38.08442157646196,0.1619074623933021,0.06622777187578328
83.4,38.10126788127313,0.16846304811168514,0.06555585718383423
83.5,38.118782314557635,0.17514433284504635,0.06681284733361595
83.60000000000001,38.13695590787607,0.18173593318435494,0.06591600339308022
83.7,38.155779388657116,0.18823480781045637,0.06498874626101805
83.80000000000001,38.17525606001811,0.1947667136098919,0.06531905799434966
83.9,38.195372698122036,0.20116638103929751,0.06399667429405984
84.0,38.21608365265035,0.20710954528312908,0.05943164243831905
84.10000000000001,38.237307195317925,0.21223542667575723,0.05125881392627714
84.2,38.25895517982296,0.21647984505038473,0.04244418374627737
84.30000000000001,38.28094824776406,0.2199306794109458,0.03450834360560773
84.4,38.30325354932615,0.22305301562093252,0.031223362099869034
84.5,38.32587579331464,0.2262224398848773,0.03169424263944967
84.60000000000001,38.34882605166173,0.22950258347092675,0.03280143586049165
84.7,38.372094031141415,0.23267979479685055,0.031772113259239815
84.80000000000001,38.3956876774105,0.23593646269082433,0.03256667893973497
84.9,38.419640321634766,0.23952644224267713,0.035899795518530106
85.0,38.44402530124191,0.24384979607142973,0.04323353828752842
85.10000000000001,38.468916208133955,0.24890906892044748,0.05059272849017317
85.2,38.4943906108461,0.254744027121433,0.058349582009858666
85.30000000000001,38.52052510248221,0.26134491636111695,0.06600889239683375
85.4,38.54736301115935,0.2683790867713906,0.07034170410274054
85.5,38.57491413880305,0.2755112764370594,0.07132189665669214
85.60000000000001,38.60317431534704,0.28260176543985416,0.07090489002794137
85.7,38.63213336400266,0.28959048655623804,0.06988721116384275
85.80000000000001,38.66177421081974,0.29640846817078487,0.0681798161454625
85.9,38.69210627037728,0.30332059557538876,0.06912127404604289
86.0,38.7231409693095,0.3103469893221876,0.07026393746799264
86.10000000000001,38.75489766231535,0.31756693005850556,0.07219940736317315
86.2,38.78742891842304,0.32531256107690326,0.07745631018398143
86.30000000000001,38.82081459650379,0.33385678080745146,0.08544219730547468
86.4,38.855155449252116,0.3434085274833105,0.09551746675859606
86.5,38.89053438196409,0.35378932711973354,0.10380799636423611
86.60000000000001,38.9269899457438,0.36455563779707933,0.10766310677344874
86.7,38.96456583150704,0.3757588576324125,0.11203219835333815
86.80000000000001,39.00328730873976,0.3872147723271649,0.11455914694751401
86.9,39.04313948705339,0.3985217831363257,0.11307010809161443
87.0,39.08410959214868,0.4097010509529275,0.1117926781660247
87.10000000000001,39.12618895222125,0.42079360072566596,0.1109254977273749
87.2,39.16937001910195,0.43181066880701346,0.11017068081348129
87.30000000000001,39.21362385590358,0.4425383680162631,0.10727699209248738
87.4,39.25891285650822,0.45289000604642826,0.10351638030165733
87.5,39.305161593007966,0.4624873649975122,0.0959735895108448
87.60000000000001,39.35226792401691,0.47106331008936553,0.085759450918526
87.7,39.400130506887336,0.4786258287043227,0.07562518614957589
87.80000000000001,39.44868444897444,0.48553942087099367,0.06913592166670389
87.9,39.49784641221698,0.49161963242542533,0.06080211554432015
88.0,39.54753556740185,0.4968915518487476,0.0527191942332258
88.10000000000001,39.59768757110676,0.5015200370490475,0.04628485200299453
88.2,39.64824066213637,0.505530910296088,0.040108732470407533
88.30000000000001,39.69913150485549,0.508908427191158,0.03377516895069755
88.4,39.75026055843726,0.5112905358177791,0.02382108626621162
88.5,39.80149072536871,0.5123016693144968,0.010111334967178328
88.60000000000001,39.85269048059702,0.5119975522830619,-0.0030411703143493245
88.7,39.90373175428246,0.5104127368544488,-0.01584815428613197
88.80000000000001,39.95451901956034,0.5078726527787147,-0.025400840757338117
88.9,40.00497797365475,0.5045895409441956,-0.032831118345193123
89.0,40.05506548845191,0.5008751479715841,-0.037143929726117686
89.10000000000001,40.10471706334203,0.4965157489011605,-0.0435939907042317
89.2,40.153865511063536,0.4914844772150952,-0.050312716860656054
89.30000000000001,40.20241043556959,0.4854492450604949,-0.060352321545997636
89.4,40.25020147820109,0.4779104263150474,-0.07538818745447969
89.5,40.297087824493296,0.46886346292207115,-0.09046963392976741
89.60000000000001,40.3429374694917,0.45849644998401473,-0.10367012938055535
89.7,40.387640519390374,0.44703049898674563,-0.11465950997269755
89.80000000000001,40.43110388356438,0.4346336417400549,-0.12396857246689649
89.9,40.47323386117421,0.4212997760982757,-0.1333386564178
90.0,40.51397517657372,0.407413153995174,-0.13886622103102442
90.10000000000001,40.55325816741722,0.3928299084349283,-0.14583245560244462
90.2,40.59097906133958,0.3772089392236425,-0.15620969211286695
90.30000000000001,40.62704565426887,0.36066592929284746,-0.1654300993079364
90.4,40.66137671155745,0.3433105728858461,-0.1735535640700235
90.5,40.69390769325197,0.3253098169452258,-0.18000755940621307
90.60000000000001,40.72461520375925,0.30707510507274316,-0.18234711872481102
90.7,40.75347843782567,0.28863234066422416,-0.18442764408520046
90.80000000000001,40.78049438066358,0.27015942837910784,-0.18472912285114754
90.9,40.80568143155949,0.251870508959101,-0.18288919420007863
91.0,40.82908204080361,0.23400609244121903,-0.17864416517882997
91.10000000000001,40.850729402314215,0.2164736151060069,-0.1753247733521063
91.2,40.87063587722602,0.1990647491180766,-0.17408865987931307
91.30000000000001,40.88882952973072,0.18193652504697735,-0.17128224071097775
91.4,40.90537957715664,0.1655004742591709,-0.16436050787807402
91.5,40.920391862974704,0.15012285818067425,-0.1537761607849751
91.60000000000001,40.93399071107673,0.13598848102026556,-0.14134377160407485
91.7,40.94629459797497,0.12303886898238392,-0.12949612037882377
91.80000000000001,40.9574190043505,0.11124406375528413,-0.11794805227098783
91.9,40.96746354694211,0.10044542591615484,-0.10798637839129907
92.0,40.976529471855166,0.09065924913052985,-0.09786176785625546
92.10000000000001,40.98470889837097,0.08179426515801692,-0.08864983972512168
92.2,40.99209015743255,0.07381259061582021,-0.07981674542197166
92.30000000000001,40.99877627110721,0.06686113674660417,-0.0695145386921545
92.4,41.004860951310455,0.0608468020324472,-0.06014334714157308
92.5,41.01042856325996,0.05567611949502155,-0.051706825374259496
92.60000000000001,41.01553236913319,0.05103805873232679,-0.046380607626943654
92.7,41.0201886525274,0.04656283394212133,-0.04475224790205711
92.80000000000001,41.024413604273256,0.04224951745853995,-0.04313316483581013
92.9,41.028234379729604,0.03820775456347509,-0.040417628950650895
93.0,41.03169358466324,0.03459204933634138,-0.03615705227133917
93.10000000000001,41.034807128613366,0.031135439501281514,-0.034566098350595695
93.2,41.03760609951887,0.027989709055022332,-0.03145730446259361
93.30000000000001,41.040144177354364,0.02538077835495539,-0.026089307000667184
93.4,41.042481416629805,0.023372392754411827,-0.020083856005436784
93.5,41.04468044457369,0.021990279438882793,-0.013821133155291128
93.60000000000001,41.04682009714008,0.021396525663844153,-0.005937537750385892
93.7,41.04897345553192,0.021533583918441738,0.0013705825459759278
93.80000000000001,41.05119686994391,0.02223414411986179,0.007005602014199939
93.9,41.0535251956404,0.023283256964889077,0.010491128450273453
94.0,41.05598764195688,0.024624463164856513,0.013412061999675122
94.10000000000001,41.0586047475806,0.02617105623720083,0.01546593072344185
94.2,41.061421810665315,0.028170630847130167,0.019995746099294505
94.30000000000001,41.06447231685914,0.03050506193822595,0.023344310910955825
94.4,41.067806672662456,0.03334355803318279,0.028384960949570052
94.5,41.07146429530304,0.036576226405815454,0.03232668372632846
94.60000000000001,41.075470553077764,0.04006257774726066,0.03486351341444907
94.7,41.079799407044796,0.04328853967031667,0.03225961923056196
94.80000000000001,41.0844254137153,0.0462600667050555,0.029715270347385782
94.9,41.08930195792922,0.0487654421392164,0.02505375434161041
95.0,41.09435994620197,0.050579882727464595,0.018144405882482968
95.10000000000001,41.099576398463064,0.05216452261094683,0.015846398834821026
95.2,41.10495158284328,0.053751843802135324,0.015873211911885815
95.30000000000001,41.11048961833404,0.05538035490765008,0.01628511105514617
95.4,41.11617872253505,0.05689104201003982,0.01510687102389825
95.5,41.1219786694165,0.057999468814532405,0.011084268044926493
95.60000000000001,41.1278542123024,0.058755428859024725,0.007559600444922551
95.7,41.13374596889227,0.05891756589868515,0.0016213703966043663
95.80000000000001,41.13958937533237,0.05843406440099343,-0.004835014976916842
95.9,41.14536072336661,0.05771348034237506,-0.007205840586184044
96.0,41.15101745150706,0.05656728140451472,-0.011461989378604112
96.10000000000001,41.15647444643889,0.054569949318330264,-0.019973320861842826
96.2,41.161668389141596,0.05193942702703975,-0.026305222912906653
96.30000000000001,41.16654941748099,0.04881028339390109,-0.03129143633138393
96.4,41.17110457521962,0.045551577386364984,-0.03258706007536289
96.5,41.175315869027834,0.0421129380821152,-0.03438639304249981
96.60000000000001,41.17916185936747,0.03845990339634069,-0.036530346857741945
96.7,41.182624105316265,0.03462245948796491,-0.03837443908375998
96.80000000000001,41.18567715522862,0.030530499123526296,-0.04091960364438268
96.9,41.18830851439718,0.026313591685608703,-0.04216907437917833
97.0,41.19051050988963,0.022019954924489413,-0.042936367611195334
97.10000000000001,41.19225509217472,0.017445822850915182,-0.04574132073573842
97.2,41.19348690557071,0.01231813395989504,-0.05127688891020433
97.30000000000001,41.194122163845144,0.0063525827443550315,-0.059655512155395
97.4,41.19406134350975,-0.0006082033539201239,-0.06960786098275551
97.5,41.19319486786524,-0.008664756445143022,-0.08056553091223356
97.60000000000001,41.19142050269004,-0.017743651751940967,-0.0907889530679717
97.7,41.188647765123974,-0.02772737566069041,-0.09983723908750011
97.80000000000001,41.1847819532278,-0.03865811896175967,-0.10930743301068327
97.9,41.179778788692495,-0.05003164535303313,-0.11373526391274107
98.0,41.17358956341821,-0.061892252742840236,-0.1186060738980778
98.10000000000001,41.16618648766903,-0.07403075749180567,-0.12138504748964397
98.2,41.15754452739555,-0.0864196027347979,-0.12388845242992937
98.30000000000001,41.147649935345015,-0.09894592050534934,-0.1252631777055037
98.4,41.13649772243294,-0.11152212912073546,-0.12576208615386839
98.5,41.124092063182836,-0.12405659250106987,-0.12534463380335126
98.60000000000001,41.11045046296928,-0.13641600213552155,-0.1235940963445062
98.7,41.095595502229266,-0.14854960740017864,-0.12133605264657783
98.80000000000001,41.0795521758312,-0.16043326398060795,-0.11883656580428295
98.9,41.062334167908254,-0.1721800792295012,-0.11746815248893928
99.0,41.043968384240465,-0.18365783667790558,-0.11477757448405027
99.10000000000001,41.02449977347817,-0.19468610762294009,-0.11028270945033561
99.2,41.00395829681508,-0.20541476663092087,-0.10728659007981393
99.30000000000001,40.982361444335716,-0.21596852479360543,-0.10553758162683657
99.4,40.959732967770805,-0.22628476564912467,-0.1031624085551983
99.5,40.93609040572079,-0.23642562050015592,-0.10140854851031826
99.60000000000001,40.91140721044717,-0.24683195273615183,-0.10406332235995021
99.7,40.885644417264345,-0.25762793182829613,-0.10795979092144917
99.80000000000001,40.85875148195531,-0.268929353090334,-0.11301421262036906
99.9,40.830691156106376,-0.2806032584893518,-0.11673905399018467
100.0,40.80144821270124,-0.2924294340513877,-0.11826175562036584
100.10000000000001,40.77099699277568,-0.3045121992555717,-0.12082765204182969
100.2,40.73930208664974,-0.3169490612594397,-0.12436862003868716
100.30000000000001,40.70635440599628,-0.32947680653454403,-0.1252774527510324
100.4,40.67214752092609,-0.34206885070192594,-0.12592044167382627
100.5,40.636684130927826,-0.35463389998265055,-0.12565049280725318
100.60000000000001,40.59998851318951,-0.3669561773831418,-0.12322277400490193
100.7,40.562087838789566,-0.37900674399944756,-0.12050566616306455
100.80000000000001,40.52299483202556,-0.3909300676400229,-0.11923323640574339
100.9,40.482726170396894,-0.4026866162866811,-0.11756548646658874
101.0,40.44131723735182,-0.4140893304507878,-0.11402714164107301
101.10000000000001,40.39883102350527,-0.42486213846547755,-0.10772808014688853
101.2,40.355354534053085,-0.43476489452184436,-0.09902756056367376
101.30000000000001,40.31100540514665,-0.4434912890642883,-0.08726394542443205
101.4,40.265915387073036,-0.4509001807361813,-0.07408891671893435
101.5,40.22023283816493,-0.4568254890810668,-0.05925308344885808
101.60000000000001,40.17411937275173,-0.46113465413195676,-0.04309165050889595
101.7,40.127712389758514,-0.46406982993221185,-0.029351758002552634
101.80000000000001,40.0811077256768,-0.46604664081708624,-0.01976810884874223
101.9,40.03438852498426,-0.46719200692545637,-0.011453661083701923
102.0,39.98761932794,-0.4676919704425852,-0.004999635171288604
102.10000000000001,39.940865360141196,-0.46753967798803153,0.001522924545536578
102.2,39.894166832273264,-0.4669852786793437,0.0055439930868786775
102.30000000000001,39.84755192628305,-0.4661490599020681,0.008362187772755056
102.4,39.80104741460492,-0.4650451167813239,0.011039431207443069
102.5,39.75469248402435,-0.4635493058057258,0.014958109755981736
102.60000000000001,39.70855049913244,-0.46141984891906745,0.021294568866581504
102.7,39.66268288976087,-0.4586760937157214,0.027437552033462327
102.80000000000001,39.617115967125,-0.45566922635866924,0.03006867357051878
102.9,39.57187701937437,-0.45238947750635544,0.032797488523139885
103.0,39.526960363920715,-0.44916655453657195,0.03222922969783676
103.10000000000001,39.48233624613771,-0.4462411778299799,0.029253767065917927
103.2,39.43794949088087,-0.44386755256847404,0.023736252615059978
103.30000000000001,39.39373634754119,-0.4421314333967153,0.01736119171758606
103.4,39.34964318365885,-0.4409316388234681,0.011997945732472719
103.5,39.30561509955066,-0.4402808410819398,0.00650797741528301
103.60000000000001,39.261606796051126,-0.44008303499527357,0.0019780608666623545
103.7,39.217570386853566,-0.4403640919756208,-0.0028105698034726553
103.80000000000001,39.17346332946368,-0.44107057389883203,-0.007064819232111505
103.9,39.129261299132835,-0.44202030330846426,-0.009497294096322812
104.0,39.08495876677958,-0.4430253235325917,-0.01005020224127519
104.10000000000001,39.04057462718524,-0.443841395943385,-0.008160724107932197
104.2,38.99615525550629,-0.4441937167895102,-0.0035232084612520703
104.30000000000001,38.951728754353866,-0.4442650115241852,-0.0007129473467498095
104.4,38.90729943878711,-0.4442931556675486,-0.00028144143363441554
104.5,38.862884248000924,-0.4441519078619191,0.0014124780562952658
104.60000000000001,38.818496418474794,-0.44387829526126177,0.002736126006573125
104.7,38.774163698915146,-0.44332719559650646,0.00551099664755337
104.80000000000001,38.729908525930526,-0.4425517298461634,0.007754657503429746
104.9,38.68572838517238,-0.441801407581462,0.007503222647014401
105.0,38.64163563602148,-0.4409274915090118,0.008739160724502922
105.10000000000001,38.59765792655999,-0.43977709461490183,0.011503968941098527
105.2,38.55385610627941,-0.4380182028058038,0.01758891809098151
105.30000000000001,38.510303921791106,-0.4355218448830184,0.024963579227851397
105.4,38.46706339097124,-0.432405308198678,0.03116536684340598
105.5,38.424194205731496,-0.4286918523974736,0.03713455801204624
105.60000000000001,38.38171052370227,-0.4248368202922485,0.03855032105224758
105.7,38.33960440614604,-0.42106117556232453,0.037756447299241915
105.80000000000001,38.297845584468575,-0.4175882167745825,0.034729587877417124
105.9,38.25640059607789,-0.4144498839068924,0.03138332867690286
106.0,38.21525111128349,-0.41149484794397956,0.029550359629130232
106.10000000000001,38.17438726714995,-0.4086384413353634,0.02856406608615892
106.2,38.13377709230714,-0.40610174842813684,0.02536692907226723
106.30000000000001,38.0933700205141,-0.4040707179303748,0.0203103049776187
106.4,38.05314509001153,-0.4022493050256999,0.018214129046750162
106.5,38.01308512897987,-0.4005996103166837,0.016496947090163076
106.60000000000001,37.97319295981224,-0.39892169167625874,0.01677918640424793
106.7,37.93349654262758,-0.39696417184659916,0.019575198296596933
106.80000000000001,37.894049252259215,-0.39447290368361554,0.024912681629834052
106.9,37.85492244863644,-0.39126803622780765,0.03204867455808074
107.0,37.816163884719224,-0.387585639172152,0.0368239705565586
107.10000000000001,37.777819872734135,-0.38344011985085585,0.041455193212957896
107.2,37.73992952235523,-0.37890350378904025,0.045366160618158596
107.30000000000001,37.70252394255794,-0.37405579797291116,0.04847705816128675
107.4,37.66562212580302,-0.3690181675492209,0.05037630423690551
107.5,37.62924191609418,-0.3638020970884022,0.052160704608189744
107.60000000000001,37.59340196291897,-0.35839953175209655,0.05402565336305215
107.7,37.55811444171906,-0.3528752119990686,0.05524319753028232
107.80000000000001,37.52338933722095,-0.34725104498111986,0.056241670179482874
107.9,37.489218781924464,-0.3417055529648588,0.05545492016261348
108.0,37.45557693975632,-0.33641842168146274,0.05287131283396385
108.10000000000001,37.42242439453891,-0.3315254521740913,0.048929695073710304
108.2,37.38975674752415,-0.32667647014756523,0.04848982026526336
108.30000000000001,37.35757523965981,-0.32181507864341186,0.04861391504152964
108.4,37.325900253170886,-0.31674986488924994,0.050652137541622004
108.5,37.294729696697416,-0.31170556473471217,0.050443001545380596
108.60000000000001,37.264038092192116,-0.3069160450529745,0.047895196817372775
108.7,37.23376342853423,-0.3027466365788628,0.04169408474111917
108.80000000000001,37.203819388322245,-0.2994404021198449,0.033062344590176165
108.9,37.17411931994219,-0.2970006838005359,0.02439718319309142
109.0,37.144540594076666,-0.2957872586552836,0.012134251452523694
109.10000000000001,37.11497816791603,-0.29562426160635236,0.001629970489312321
109.2,37.085341380175265,-0.29636787740764964,-0.007436158012973238
109.30000000000001,37.05555043435302,-0.29790945822239523,-0.015415808147454597
109.4,37.02553937961801,-0.3001105473501468,-0.022010891277517017
109.5,36.995262592982215,-0.3027678663579708,-0.026573190078241615
109.60000000000001,36.96468396077971,-0.30578632202503064,-0.0301845566705957
109.7,36.93377202738837,-0.30911933391339,-0.03333011888359572
109.80000000000001,36.90252107832134,-0.31250949067026745,-0.03390156756877138
109.9,36.870964477475844,-0.3155660084549973,-0.03056517784730047
110.0,36.8391400793522,-0.31824398123648157,-0.026779727814843914
110.10000000000001,36.80707832555693,-0.3206175379526581,-0.02373556716176359
110.2,36.77478877772252,-0.3228954783441124,-0.02277940391454421
110.30000000000001,36.742259107254654,-0.3252967046786359,-0.02401226334523294
110.4,36.70950817170163,-0.3275093555302719,-0.022126508516360926
110.5,36.67657155918465,-0.32936612516978864,-0.018567696395168587
110.60000000000001,36.643468557818665,-0.33103001365984164,-0.016638884900528585
110.7,36.61018609770021,-0.3328246011845882,-0.0179458752474664
110.80000000000001,36.57671354144671,-0.3347255625349702,-0.019009613503818735
110.9,36.54303256108123,-0.33680980365476426,-0.020842411197941686
111.0,36.50913862683838,-0.3389393424285651,-0.021295387738009642
111.10000000000001,36.47504565501862,-0.340929718197571,-0.019903757690057335
111.2,36.440759816673335,-0.34285838345285485,-0.019286652552839553
111.30000000000001,36.40630173906535,-0.34458077607983645,-0.01722392626981448
111.4,36.37169458407099,-0.34607154994363587,-0.014907738637995063
111.5,36.33695152343407,-0.34743060636922096,-0.013590564255851695
111.60000000000001,36.3021142485036,-0.3483727493046432,-0.009421429354221385
111.7,36.26723961613355,-0.34874632370050157,-0.003735743958584105
111.80000000000001,36.232341241499455,-0.3489837463409331,-0.0023742264043150802
111.9,36.19743247261842,-0.34908768881040536,-0.0010394246947226828
112.0,36.162521382885586,-0.34911089732832173,-0.0002320851791637456
112.10000000000001,36.12763040258265,-0.3489098030292994,0.0020109429902230255
112.2,36.092766959394375,-0.3486344318828059,0.002753711464935239
112.30000000000001,36.05789100243095,-0.34875956963422405,-0.0012513775141813665
112.4,36.02294142523584,-0.3494957719510893,-0.007362023168652617
112.5,35.98784168589074,-0.3509973934510157,-0.015016214999265275
112.60000000000001,35.9525375164258,-0.35304169464940405,-0.020443011983881577
112.7,35.91700275975819,-0.3553475666761077,-0.02305872026703757
112.80000000000001,35.88122099360227,-0.3578176615591794,-0.024700948830714945
112.9,35.84520049508332,-0.3602049851895322,-0.02387323630352958
113.0,35.80895909267137,-0.36241402411948015,-0.02209038929948074
113.10000000000001,35.77251091102073,-0.36448181650638123,-0.020677923869009032
113.2,35.73587223427805,-0.36638676742685256,-0.01904950920471435
113.30000000000001,35.69906212409521,-0.3681011018283839,-0.017143344015312017
113.4,35.66209147940022,-0.3697064469499122,-0.016053451215284145
113.5,35.62499764880084,-0.37093830599376765,-0.012318590438554912
113.60000000000001,35.58786097643144,-0.37136672369396384,-0.004284177001961566
113.7,35.55078055318762,-0.3708042324382388,0.0056249125572508255
113.80000000000001,35.513854879156305,-0.36925674031313044,0.015474921251082198
113.9,35.47720098067712,-0.366538984791894,0.027177555212365857
114.0,35.440933269383635,-0.36267711293485333,0.038618718570408966
114.10000000000001,35.40518073145563,-0.35752537928001765,0.05151733654835238
114.2,35.370065373359154,-0.35115358096478255,0.06371798315235462
114.30000000000001,35.33568853307567,-0.3437684028348249,0.07385178129957018
114.4,35.30214194757076,-0.33546585504909876,0.08302547785726616
114.5,35.26949894426326,-0.3264300330750033,0.09035821974095984
114.60000000000001,35.23781181556605,-0.3168712869721176,0.09558746102884892
114.7,35.20712875488388,-0.3068306068216661,0.10040680150452079
114.80000000000001,35.1774869489832,-0.2964180590067858,0.1041254781487938
114.9,35.14894275278696,-0.28544196196245,0.10976097044336455
115.0,35.121564962622216,-0.2737779016474362,0.11664060315014432
115.10000000000001,35.095413867930574,-0.2615109469163944,0.12266954731040733
115.2,35.07053590459312,-0.2487796333745393,0.12731313541855863
115.30000000000001,35.04699308737391,-0.23542817219206694,0.13351461182471214
115.4,35.02486254880051,-0.22130538573401118,0.1412278645805656
115.5,35.004237652208744,-0.20624896591770642,0.15056419816305616
115.60000000000001,34.98523141403818,-0.19006238170559953,0.16186584212105512
115.7,34.96796253969475,-0.17268874343430257,0.17373638271297942
115.80000000000001,34.952549753817564,-0.15412785877187327,0.18560884662427724
115.9,34.93909574420607,-0.13454009611494,0.1958776265693438
116.0,34.92765744921745,-0.11438294988622684,0.20157146228714307
116.10000000000001,34.91824373559801,-0.09413713619436856,0.20245813691856554
116.2,34.910857654817406,-0.07386080780606073,0.20276328388308978
116.30000000000001,34.90550462512787,-0.0535302968953698,0.203305109106892
116.4,34.90220237557013,-0.03302249557741465,0.20507801317956312
116.5,34.9009883222452,-0.012140533249294785,0.2088196232812105
116.60000000000001,34.901897263854906,0.009089416097082583,0.2122994934637556
116.7,34.90497166578914,0.03074401934235202,0.21654603245270668
116.80000000000001,34.910250560236086,0.05278894446945064,0.22044925127096743
116.9,34.917758064723124,0.07507504487037836,0.22286100400928985
117.0,34.927503358794624,0.09745294071500708,0.22377895844629994
117.10000000000001,34.939465819646905,0.11962460852280234,0.22171667807793363
117.2,34.953598012027754,0.14132192380849865,0.2169731528569754
117.30000000000001,34.9698266959038,0.16228683876042319,0.20964914951922753
117.4,34.988087319165984,0.1826062326218751,0.20319393861453056
117.5,35.00832649324359,0.20239174077603378,0.19785508154159817
117.60000000000001,35.03047126473075,0.22144771487161097,0.19055974095575565
117.7,35.054443096462165,0.23971831731417068,0.18270602442560746
117.80000000000001,35.08012726483222,0.25684168370053523,0.17123366386363092
117.9,35.10743269999667,0.2730543516445194,0.16212667943985104
118.0,35.13628913705856,0.28856437061891643,0.15510018974397904
118.10000000000001,35.16662900185014,0.30339864791575877,0.1483427729684107
118.2,35.198360874608866,0.3173187275872816,0.13920079671523602
118.30000000000001,35.23138117067356,0.33020296064688665,0.12884233059603967
118.4,35.265605731128154,0.34224560454598485,0.12042643899098888
118.5,35.30096173735915,0.35356006231000114,0.11314457764016937
118.60000000000001,35.33734863859013,0.3638690123097322,0.10308949999730153
118.7,35.374680597967114,0.3733195937698709,0.09450581460139255
118.80000000000001,35.41283892080851,0.38158322841394055,0.08263634644068946
118.9,35.45171050017021,0.38871579361698927,0.0713256520304913
119.0,35.491190629907486,0.39480129737280234,0.06085503755813417
119.10000000000001,35.53117808023238,0.39987450324890406,0.05073205876101284
119.2,35.57154329599621,0.4036521576382997,0.037776543893958604
119.30000000000001,35.61212831598889,0.405850199926797,0.021980422884971054
119.4,35.65278422172479,0.4065590573589848,0.007088574321878331
119.5,35.69335082351512,0.4056660179033375,-0.008930394556473329
119.60000000000001,35.733674031774555,0.403232082594337,-0.024339353090002826
119.7,35.773603511672235,0.3992947989768197,-0.03937283617517553
119.80000000000001,35.81299675702455,0.3939324535231156,-0.053623454537036076
119.9,35.851710495350375,0.3871373832582712,-0.06795070264844824
120.0,35.889625834956654,0.37915339606281173,-0.07983987195459906
120.10000000000001,35.926674467444286,0.370486324876293,-0.08667071186517976
120.2,35.962837950383886,0.36163482939601643,-0.08851495480277087
120.30000000000001,35.99812320784251,0.3528525745862209,-0.08782254809794804
120.4,36.032546223596704,0.34423015754194886,-0.08622417044272514
120.5,36.066113782019386,0.3356755842268391,-0.08554573315110267
120.60000000000001,36.098868354473744,0.3275457245435552,-0.08129859683283198
120.7,36.130859759577795,0.31991405104053117,-0.07631673503024451
120.80000000000001,36.162126996380536,0.3126723680273802,-0.07241683013150362
120.9,36.19268556258424,0.30558566203703524,-0.07086705990345346
121.0,36.22255814659589,0.2987258401165064,-0.06859821920529253
121.10000000000001,36.2517613749108,0.2920322831491013,-0.0669355696740452
121.2,36.28030009850127,0.2853872359047378,-0.06645047244363866
121.30000000000001,36.30819453461401,0.278944361127363,-0.06442874777374269
121.4,36.335455233513386,0.27260698899377317,-0.06337372133590174
121.5,36.36211251536608,0.26657281852693965,-0.060341704668338644
121.60000000000001,36.388208863423955,0.26096348057874413,-0.05609337948195036
121.7,36.41380204749173,0.25593184067774677,-0.050316399009976503
121.80000000000001,36.43895779834776,0.2515575085602747,-0.04374332117471695
121.9,36.463724175544456,0.24766377196699793,-0.03893736593276991
122.0,36.48814933941239,0.24425163867932975,-0.03412133287668373
122.10000000000001,36.5122794234105,0.24130083998107285,-0.029507986982566497
122.2,36.536176219315536,0.23896795905039817,-0.02332880930674818
122.30000000000001,36.55989271017853,0.23716490862992964,-0.01803050420468368
122.4,36.58348688542851,0.2359417524998398,-0.012231561300899004
122.5,36.607038558120045,0.2355167269153347,-0.004250255845051307
122.60000000000001,36.63062610090222,0.23587542782171886,0.0035870090638412118
122.7,36.65428871449108,0.23662613588862694,0.007507080669081217
122.80000000000001,36.67803713132112,0.2374841683003634,0.008580324117363858
122.9,36.70185431521282,0.2381718389170253,0.006876706166619564
123.0,36.72568949187081,0.23835176657990975,0.0017992766288444841
123.10000000000001,36.74948075242783,0.23791260557016716,-0.004391610097425516
123.2,36.77312967322594,0.23648920798110773,-0.014233975890595139
123.30000000000001,36.796515258766945,0.2338558554100501,-0.02633352571057399
123.4,36.81953257207412,0.23017313307172912,-0.03682722338321191
123.5,36.84205036744014,0.22517795366022,-0.049951794115094046
123.60000000000001,36.86395592223828,0.2190555479814362,-0.061224056787832826
123.7,36.885164679525275,0.21208757286993102,-0.06967975111505577
123.80000000000001,36.905572573768985,0.2040789424370896,-0.08008630432840735
123.9,36.92506079086915,0.19488217100169122,-0.091967714353989
124.0,36.94352063235799,0.1845984148883522,-0.10283756113339594
124.10000000000001,36.96089722058676,0.17376588228769602,-0.10832532600655273
124.2,36.97716086241555,0.16263641828794065,-0.11129463999756001
124.30000000000001,36.99230229619765,0.151414337820968,-0.11222080466971694
124.4,37.0063204818956,0.14018185697950344,-0.11232480841465192
124.5,37.01922133587409,0.1290085397849412,-0.11173317194562879
124.60000000000001,37.03097416619424,0.11752830320147176,-0.11480236583468466
124.7,37.0415539829898,0.10579816795556131,-0.11730135245911114
124.80000000000001,37.05095811739611,0.09404134406309247,-0.11756823892467833
124.9,37.05920380524634,0.08245687850234631,-0.11584465560746818
125.0,37.06634058952346,0.07136784277122793,-0.11089035731119015
125.10000000000001,37.07240066803561,0.06060078512148886,-0.10767057649738153
125.2,37.07740274031035,0.05002072274735099,-0.10580062374138469
125.30000000000001,37.081370755093246,0.03968014782898538,-0.1034057491836473
125.4,37.08433821031186,0.0296745521861669,-0.10005595642819047
125.5,37.08635497424187,0.02016763930008495,-0.0950691288608249
125.60000000000001,37.08747966976952,0.011246955276503918,-0.08920684023580272
125.7,37.08773752785156,0.0025785808203694716,-0.08668374456134939
125.80000000000001,37.08715189723536,-0.005856306162001557,-0.08434886982370308
125.9,37.08576445074809,-0.013874464872714832,-0.08018158710713731
126.0,37.083668963326886,-0.020954874212010335,-0.07080409339295905
126.10000000000001,37.0809898623331,-0.02679100993787869,-0.05836135725867857
126.2,37.07782872392669,-0.03161138406405153,-0.048203741261731124
126.30000000000001,37.07429246571525,-0.03536258211439911,-0.037511980503472646
126.4,37.0704642376317,-0.038282280835562024,-0.029196987211630783
126.5,37.06640711098777,-0.04057126643928885,-0.02288985603726956
126.60000000000001,37.06219049826613,-0.04216612721634401,-0.015948607770550238
126.7,37.05789523856208,-0.04295259704051335,-0.007864698241693866
126.80000000000001,37.05359317786308,-0.04302060699003706,-0.0006800994952370468
126.9,37.04936457681625,-0.04228601046826226,0.007345965217748427
127.0,37.0452903836983,-0.04074193117951329,0.015440792887490607
127.10000000000001,37.04144104543994,-0.03849338258362094,0.022485485958921535
127.2,37.03789121241082,-0.03549833029119245,0.029950522924286665
127.30000000000001,37.03471601245109,-0.03175199959727322,0.037463306939189076
127.4,37.031966276679384,-0.027497357717082737,0.04254641880190725
127.5,37.029679700590705,-0.022865760886789013,0.046315968302939874
127.60000000000001,37.027876505771694,-0.01803194819011213,0.048338126966764705
127.7,37.02659440373888,-0.01282102032810501,0.052109278620074154
127.80000000000001,37.0258321202969,-0.007622834419861907,0.051981859082426606
127.9,37.02558357551638,-0.002485447805185145,0.05137386614677054
128.0,37.02585334003849,0.002697645221090437,0.05183093026275877
128.1,37.02667394844575,0.00820608407259773,0.05508438851507607
128.20000000000002,37.02809796014753,0.014240117017788694,0.060340329451895915
128.3,37.03017467091853,0.020767107710001412,0.06526990692213089
128.4,37.03296626592424,0.027915950057108483,0.07148842347107477
128.5,37.03652462912883,0.03558363204590112,0.07667681988793074
128.6,37.04089956230539,0.04374933176564148,0.08165699719740827
128.70000000000002,37.046104040087094,0.05204477781701893,0.08295446051375563
128.8,37.05210467113233,0.06000631045232638,0.07961532635307898
128.9,37.05884183022329,0.0673715909096056,0.07365280457279635
129.0,37.066252637333136,0.07410807109849737,0.06736480188892163
129.1,37.074269285943664,0.08016648610528876,0.060584150067917286
129.20000000000002,37.0828164087666,0.08547122822930409,0.05304742124014121
129.3,37.09181875281924,0.09002344052647061,0.04552212297166786
129.4,37.10120356555725,0.09384812738006154,0.03824686853591145
129.5,37.11090734034609,0.09703774788839876,0.03189620508337405
129.6,37.120857071812175,0.09949731466087142,0.024595667724727915
129.70000000000002,37.13099128850786,0.10134216695680293,0.0184485229593109
129.8,37.14121257078537,0.10221282277513537,0.008706558183324909
129.9,37.15140691685875,0.10194346073377017,-0.0026936204136521345
130.0,37.16143166455102,0.10024747692270923,-0.016959838110610352
130.1,37.17116333780132,0.09731673250300886,-0.029307444197005372
130.20000000000002,37.180516601601866,0.09353263800546335,-0.03784094497544646
130.3,37.18944929698359,0.08932695381723985,-0.04205684188223747
130.4,37.19788917569463,0.08439878711037832,-0.04928166706861806
130.5,37.20576514556314,0.07875969868515136,-0.05639088425227286
130.6,37.213031076317925,0.0726593075478418,-0.06100391137309896
130.70000000000002,37.21964448297038,0.06613406652453963,-0.06525241023300697
130.8,37.225561873811905,0.059173908415249866,-0.06960158109290154
130.9,37.230760417722436,0.051985439105311684,-0.0718846930993859
131.0,37.235226809863406,0.04466392140969587,-0.07321517695616231
131.1,37.23892282481462,0.03696014951217063,-0.07703771897525678
131.20000000000002,37.24178771728272,0.028648924680958622,-0.08311224831210118
131.3,37.24375602810564,0.01968310822924591,-0.0896581645171322
131.4,37.24477326399954,0.01017235893897408,-0.09510749290272372
131.5,37.24481001305484,0.0003674905529749348,-0.09804868385999703
131.6,37.24383768716474,-0.009723258900962704,-0.10090749453938212
131.70000000000002,37.24182902933075,-0.02008657833989501,-0.10363319438929948
131.8,37.238762478266075,-0.030665510646771886,-0.10578932306877478
131.9,37.23463609588147,-0.041263823846053996,-0.10598313199282712
132.0,37.22942182695219,-0.05214268929279638,-0.10878865446743007
132.1,37.2231076845233,-0.0631414242889186,-0.10998734996122841
132.20000000000002,37.215724787870315,-0.07382896652982848,-0.10687542240907454
132.3,37.207342879394744,-0.08381908475570775,-0.09990118225879834
132.4,37.198034189200165,-0.09308690194580112,-0.09267817190093897
132.5,37.18785185624408,-0.10182332956084973,-0.08736427615049111
132.6,37.17682953598696,-0.1102232025711976,-0.08399873010348341
132.70000000000002,37.164968696204646,-0.11860839782312528,-0.08385195251925778
132.8,37.15220683229992,-0.12761863904729168,-0.09010241224166908
132.9,37.138435904642485,-0.1377092765743349,-0.10090637527043801
133.0,37.12359309794137,-0.14842806701118993,-0.1071879043685564
133.1,37.10764036428567,-0.15952733655695736,-0.11099269545768058
133.20000000000002,37.09055609396334,-0.17084270322324735,-0.11315366666287416
133.3,37.07232714921029,-0.18228944753056067,-0.11446744307313973
133.4,37.052927679992536,-0.19399469217753698,-0.11705244646976974
133.5,37.03232942960122,-0.20598250391317413,-0.11987811735637831
133.6,37.01050482727334,-0.21824602327883544,-0.12263519365662004
133.70000000000002,36.987415786329265,-0.23089040944066577,-0.1264438616182746
133.8,36.96300047532751,-0.24415311001754925,-0.1326270057688423
133.9,36.93719565273115,-0.25804822596364874,-0.1389511594610028
134.0,36.90993426881986,-0.272613839112894,-0.14565613149246087
134.1,36.8811415460314,-0.28792722788461095,-0.15313388771717823
134.20000000000002,36.85074089863504,-0.3040064739635559,-0.16079246078941298
134.3,36.81868112967858,-0.3205976895645972,-0.16591215601042264
134.4,36.78497535562232,-0.33705774056260435,-0.1646005099800806
134.5,36.74968859620745,-0.3528675941487536,-0.1580985358615018
134.6,36.71287284298387,-0.36815753223580533,-0.1528993808705257
134.70000000000002,36.674553148348664,-0.38319694635197077,-0.1503941411616202
134.8,36.63478304703476,-0.3977010131390783,-0.14504066787108352
134.9,36.59367745090535,-0.4110559612940768,-0.13354948154999252
135.0,36.55136341358384,-0.42314037321512915,-0.1208441192105305
135.1,36.50797962247569,-0.43383791108157843,-0.10697537866449888
135.20000000000002,36.463692785818765,-0.4428683665691283,-0.09030455487547828
135.3,36.41866112792954,-0.45031657889228144,-0.07448212323153548
135.4,36.373062908133804,-0.4559821979573801,-0.05665619065098981
135.5,36.32708678440117,-0.4597612373263877,-0.037790393690078014
135.6,36.28089068675247,-0.4619609764869899,-0.02199739160602357
135.70000000000002,36.23460137773272,-0.46289309019737734,-0.009321137103872158
135.8,36.188335246210414,-0.4626613152231137,0.0023177497426364532
135.9,36.14218204838495,-0.4615319782546386,0.011293369684751784
136.0,36.09625492579513,-0.45927122589826064,0.02260752356378088
136.1,36.05068046060589,-0.45574465189242835,0.03526574005832484
136.20000000000002,36.00555178673643,-0.45128673869446034,0.04457913197966997
136.3,35.960950314339314,-0.44601472397121406,0.052720147232465875
136.4,35.91693970329193,-0.44010611047385967,0.05908613497354723
136.5,35.8735594978356,-0.4338020545633261,0.06304055910533926
136.6,35.830864274888825,-0.42695222946778283,0.06849825095543662
136.70000000000002,35.78889997070164,-0.4196430418717268,0.0730918759605437
136.8,35.74771515851028,-0.4118481219136306,0.07794919958096612
136.9,35.70735960316196,-0.4035555534832243,0.08292568430406794
137.0,35.6678919425176,-0.3946766064436471,0.08878947039577706
137.1,35.62935640408108,-0.38535538436521993,0.09321222078427702
137.20000000000002,35.59178290524528,-0.37573498835789093,0.09620396007326815
137.3,35.55518549483552,-0.36597410409763803,0.09760884260253455
137.4,35.519565346668344,-0.35620148167178095,0.09772622425857636
137.5,35.48490011227095,-0.346652343973963,0.09549137697818498
137.6,35.451175313770094,-0.33724798500857883,0.09404358965384697
137.70000000000002,35.418374898760156,-0.32800415009930006,0.09243834909276667
137.8,35.3864822002745,-0.3189269848565783,0.09077165242722302
137.9,35.3554772759813,-0.31004924293201325,0.08877741924565535
138.0,35.32531154028685,-0.3016573569445485,0.08391885987465242
138.1,35.29589933822642,-0.2941220206042939,0.07535336340255035
138.20000000000002,35.267146739697125,-0.2875259852928792,0.06596035311413172
138.3,35.23894774850343,-0.28198991193699113,0.055360733558883865
138.4,35.21121777388706,-0.2772997461637219,0.04690165773269517
138.5,35.18390687367649,-0.27310900210567146,0.0419074405805066
138.6,35.15700516862506,-0.2690170505143083,0.04091951591363396
138.70000000000002,35.13052443633252,-0.2648073229253464,0.04209727588960919
138.8,35.10445698949344,-0.26067446839080394,0.0413285453454272
138.9,35.07879530594063,-0.25661683552813525,0.04057632862668922
139.0,35.053555758210365,-0.2523954773026703,0.04221358225465173
139.1,35.02874439474745,-0.24811363462917757,0.04281842673492985
139.20000000000002,35.00435302504981,-0.24391369697633675,0.04199937652839869
139.3,34.98036084666309,-0.2399217838672166,0.0399191310912037
139.4,34.956733821448964,-0.2362702521412664,0.0365153172595041
139.5,34.93340806497467,-0.2332575647429413,0.030126873983252804
139.6,34.91031437660922,-0.23093688365450651,0.023206810884349102
139.70000000000002,34.8873987811798,-0.2291559542941902,0.01780929360315914
139.8,34.86462040730798,-0.22778373871817212,0.013722155760181546
139.9,34.84193252638421,-0.22687880923770234,0.009049294804698254
140.0,34.819246540175975,-0.22685986208239098,0.00018947155311367335
140.1,34.79646545960405,-0.22781080571925702,-0.009509436368660959
140.20000000000002,34.77349482662531,-0.22970632978735245,-0.018955240680949968
140.3,34.7502944298207,-0.2320039680461282,-0.02297638258775872
140.4,34.72686172926705,-0.23432700553649877,-0.023230374903707097
140.5,34.70320226514824,-0.2365946411880905,-0.02267635651591872
140.6,34.679346311536875,-0.238559536113683,-0.01964894925592598
140.70000000000002,34.65534771426708,-0.23998597269789684,-0.014264365842135227
140.8,34.63127164720178,-0.2407606706530311,-0.0077469795513431215
140.9,34.60718830746029,-0.24083339741488832,-0.0007272676185721552
141.0,34.58318609618727,-0.24002211273022966,0.008112846846587047
141.1,34.55932823335387,-0.23857862833403878,0.014434843961909626
141.20000000000002,34.53566966513466,-0.23658568219198933,0.01992946142048998
141.3,34.512264656386066,-0.23405008748598186,0.025355947060076208
141.4,34.48917655009855,-0.2308810628751832,0.031690246107988346
141.5,34.46649201076069,-0.22684539337860923,0.04035669496574198
141.6,34.44428630317835,-0.2220570758233846,0.047883175552249024
141.70000000000002,34.42264676668127,-0.2163953649707869,0.05661710852596414
141.8,34.401683129719615,-0.20963636961654455,0.06758995354242732
141.9,34.38150995530523,-0.20173174414382525,0.07904625472719756
142.0,34.362204255299645,-0.1930570000558983,0.08674744087927448
142.1,34.34385342098275,-0.18350834316899145,0.09548656886907385
142.20000000000002,34.32651793784885,-0.1733548313389438,0.10153511830045336
142.3,34.310237511276874,-0.16280426571975185,0.10550565619192559
142.4,34.295042539592984,-0.1519497168389081,0.10854548880844368
142.5,34.28093357636979,-0.14108963223194684,0.10860084606961869
142.6,34.267900378910895,-0.1303319745889627,0.10757657642984754
142.70000000000002,34.2559191341109,-0.11981244799994901,0.10519526589011294
142.8,34.24494697865406,-0.10972155456834455,0.10090893431605037
142.9,34.234948024546824,-0.09998954107239513,0.09732013495949972
143.0,34.225930484715356,-0.0901753983146898,0.09814142757705885
143.1,34.21792191620939,-0.08008568505964775,0.1008971325504263
143.20000000000002,34.21093879739943,-0.06983118809961131,0.1025449696003411
143.3,34.204981939717314,-0.05956857682115296,0.10262611278458927
143.4,34.200052871577725,-0.04929068139589102,0.1027789542526253
143.5,34.19616122034318,-0.03891651234546822,0.1037416905042339
143.6,34.19329505549638,-0.028661648468004085,0.10254863877464715
143.70000000000002,34.19142649042416,-0.018685650722143534,0.09975997745858282
143.8,34.19054212572051,-0.00884364703651436,0.09842003685629733
143.9,34.19065852234627,0.0011639662575647187,0.10007613294079648
144.0,34.19177234301321,0.01113820666944384,0.09974240411879688
144.1,34.19386636053158,0.020940175183669165,0.09801968514225883
144.20000000000002,34.19691893532935,0.030525747977698522,0.09585572794027176
144.3,34.20092206551409,0.04003130184742304,0.09505553869725059
144.4,34.20588056512444,0.04958499610346505,0.09553694256042551
144.5,34.21180970836163,0.05929143237189631,0.09706436268431815
144.6,34.218709174741534,0.06899466379906409,0.09703231427168331
144.70000000000002,34.22655999633458,0.07850821593043725,0.09513552131370993
144.8,34.23535376263371,0.0879376629912848,0.09429447060848092
144.9,34.24512594506089,0.09772182427184917,0.0978416128056492
145.0,34.255921873909315,0.10795928848424455,0.10237464212395962
145.1,34.267769787200784,0.11847913291469288,0.10519844430448928
145.20000000000002,34.28071452039937,0.12944733198584302,0.10968199071147645
145.3,34.2948229640386,0.14108443639231275,0.1163710440647039
145.4,34.31014826335267,0.15325299314071988,0.1216855674840783
145.5,34.32673002127477,0.16581757922097984,0.12564586080260667
145.6,34.344614933970036,0.17884912695266614,0.1303154773168704
145.70000000000002,34.36383599733008,0.19221063360038107,0.13361506647711893
145.8,34.384395042243725,0.20559044913647742,0.13379815536097112
145.9,34.40629929543205,0.2190425318832592,0.13452082746782543
146.0,34.42959320772394,0.2329391229189203,0.1389659103566189
146.1,34.45428373216592,0.24690524441980682,0.13966121500887319
146.20000000000002,34.48035882481717,0.26075092651248366,0.1384568209267369
146.3,34.5077912289456,0.2743240412842752,0.13573114771792288
146.4,34.53653045201579,0.28739223070191355,0.1306818941763912
146.5,34.5665299644378,0.2999951242201064,0.12602893518193542
146.6,34.597748018195254,0.3121805375745801,0.12185413354474399
146.70000000000002,34.63014920513501,0.32401186939750654,0.1183133182292376
146.8,34.66372805985306,0.33578854718046136,0.11776677782955494
146.9,34.6984998787582,0.34771818905144003,0.11929641870979348
147.0,34.73447725259926,0.3597737384106585,0.12055549359219173
147.1,34.77165125112677,0.3717399852750914,0.11966246864433552
147.20000000000002,34.81001366427282,0.38362413146044877,0.11884146185354678
147.3,34.84953265722443,0.39518992951608684,0.11565798055638724
147.4,34.89016016373505,0.40627506510619504,0.11085135590108838
147.5,34.931828571090264,0.41668407355219966,0.1040900844600521
147.6,34.97445631135963,0.42627740269369535,0.09593329141496233
147.70000000000002,35.01793580835404,0.4347949699439801,0.08517567250282804
147.8,35.062136370537054,0.4420056218301734,0.07210651886193707
147.9,35.10695059998752,0.4481422945046886,0.0613667267451558
148.0,35.15228290871178,0.4533230872426488,0.05180792737960477
148.1,35.19805926099059,0.45776352278809657,0.044404355454480154
148.20000000000002,35.24422704617871,0.4616778518810721,0.0391432909297462
148.3,35.29075058450726,0.46523538328552916,0.035575314044572835
148.4,35.33757113445711,0.4682054994985218,0.02970116212992815
148.5,35.38463008871472,0.47058954257617647,0.023840430776547985
148.6,35.43185314387678,0.47223055162059624,0.016410090444198656
148.70000000000002,35.47912761092796,0.472744670511708,0.005141188911116309
148.8,35.52636868183701,0.47241070909055183,-0.0033396142115617823
148.9,35.57352318266287,0.47154500825857165,-0.008657008319802255
149.0,35.62057196687529,0.470487842124241,-0.01057166134330716
149.1,35.66753860272553,0.46966635850242083,-0.008214836218202093
149.20000000000002,35.714455326102666,0.4691672337712659,-0.004991247311548184
149.3,35.76134100936869,0.46885683266029154,-0.0031040111097437417
149.4,35.808205210129415,0.46864200760725616,-0.002148250530353957
149.5,35.85505928523729,0.4685407510787609,-0.0010125652849524733
149.6,35.901929510091065,0.4687022485377934,0.001614974590324983
149.70000000000002,35.9488596317137,0.4693012162262632,0.005989676884696508
149.8,35.995862200621104,0.47002568907404735,0.007244728477841934
149.9,36.042958880033815,0.4709667941271346,0.009411050530873079
150.0,36.090157135801576,0.4719825576776328,0.010157635504982632
150.1,36.13745087251494,0.47293736713366585,0.009548094560330999
150.20000000000002,36.184847544826155,0.47396672311204807,0.010293559783819841
150.3,36.23234785214274,0.4750030731658498,0.010363500538017635
150.4,36.27998282676006,0.4763497461732684,0.013466730074187182
150.5,36.3277992107345,0.4781638397443816,0.018140935711132764
150.6,36.37580756734696,0.4800835661246612,0.019197263802797054
150.70000000000002,36.42394930995874,0.48141742611772,0.013338599930584914
150.8,36.472142012121445,0.4819270216270429,0.0050959550932292
150.9,36.52032989799396,0.4818788587251806,-0.0004816290186227253
151.0,36.568444480442096,0.4811458244813867,-0.007330342437939369
151.1,36.61640757518003,0.47963094737933315,-0.015148771020536439
151.20000000000002,36.66414269337223,0.4773511819218948,-0.022797654574378358
151.3,36.71159042185605,0.4744772848382709,-0.02873897083624063
151.4,36.75868463820328,0.47094216347228557,-0.03535121365985529
151.5,36.80536400364203,0.4667936543875849,-0.04148509084700894
151.6,36.85156944107944,0.46205437437410307,-0.047392800134821084
151.70000000000002,36.897236750630654,0.45667309551202623,-0.053812788620756204
151.8,36.942325633106186,0.4508888247553501,-0.05784270756676475
151.9,36.986787216311214,0.4446158320502999,-0.06272992705050519
152.0,37.03058889620138,0.43801679890168194,-0.06599033148618358
152.1,37.07371907585711,0.4313017965573597,-0.06715002344322644
152.20000000000002,37.11617309809524,0.4245402223811568,-0.0676157417620134
152.3,37.157933381447,0.4176028335176578,-0.06937388863499377
152.4,37.19896744083193,0.4103405938492932,-0.07262239668365002
152.5,37.239243816821784,0.4027637598985707,-0.07576833950722936
152.6,37.27875222742914,0.3950841060735624,-0.0767965382500873
152.70000000000002,37.317484549412335,0.3873232198318818,-0.07760886241678877
152.8,37.355408677749516,0.37924128337183327,-0.0808193646004897
152.9,37.39247732070502,0.37068642955505715,-0.08554853816776606
153.0,37.4286349379384,0.36157617233380457,-0.091102572212531
153.1,37.46382853523896,0.3519359730056437,-0.09640199328161396
153.20000000000002,37.4980111948296,0.3418265959063338,-0.10109377099307626
153.3,37.53113889776541,0.3312770293580957,-0.10549566548238676
153.4,37.56321292440586,0.32074026640453157,-0.10536762953564749
153.5,37.59422575811091,0.3101283370505036,-0.10611929354028597
153.60000000000002,37.62419133844983,0.2996558033891746,-0.10472533661326616
153.70000000000002,37.653147368896356,0.28956030446524267,-0.10095498923932486
153.8,37.68114269097802,0.279953220816667,-0.096070836485762
153.9,37.708247170402316,0.27104479424296934,-0.08908426573698176
154.0,37.73453599587705,0.2628882547473815,-0.0815653949558833
154.10000000000002,37.76011371920659,0.2557772332953463,-0.07111021452033565
154.20000000000002,37.78509365176975,0.24979932563157092,-0.059779076637757125
154.3,37.80958769548202,0.24494043712274988,-0.04858888508821323
154.4,37.833734338563666,0.24146643081644423,-0.03474006306305847
154.5,37.85764832533627,0.23913986772606616,-0.02326563090378202
154.60000000000002,37.88140600899441,0.23757683658134282,-0.015630311447229817
154.70000000000002,37.905083822411456,0.23677813417046348,-0.007987024108793882
154.8,37.92878373061478,0.23699908203327805,0.002209478628145815
154.9,37.95263930852303,0.23855577908251682,0.01556697049238864
155.0,37.97676024438818,0.24120935865150223,0.026535795689855545
155.10000000000002,38.00122745965682,0.24467215268630704,0.034627940348040294
155.20000000000002,38.02607129076095,0.24843831104136874,0.037661583550619084
155.3,38.051328614209446,0.2525732344849418,0.04134923443573287
155.4,38.07706032528344,0.25731711073996205,0.04743876255020533
155.5,38.10332990930793,0.26269584024491693,0.05378729504955188
155.60000000000002,38.13018444154022,0.26854532232286066,0.05849482077942394
155.70000000000002,38.15766407319117,0.2747963165094958,0.06250994186635517
155.8,38.18579233448511,0.28128261293938017,0.06486296429884722
155.9,38.21460532160553,0.2881298712042643,0.06847258264884526
156.0,38.24411502586509,0.29509704259561687,0.06967171391352951
156.10000000000002,38.274337122343205,0.3022209647810593,0.07123922185440824
156.20000000000002,38.30528535580464,0.3094823346143903,0.0726136983333139
156.3,38.336980373823174,0.3169501801853339,0.07467845570944023
156.4,38.36943283054362,0.32452456720451006,0.07574387019176607
156.5,38.40265149458602,0.3321866404239604,0.07662073219450774
156.60000000000002,38.4366428393449,0.339913447588736,0.07726807164773827
156.70000000000002,38.47139957339625,0.34756734051351246,0.07653892924776909
156.8,38.50690520475729,0.3550563136104248,0.07488973096912747
156.9,38.54311574518954,0.3621054043225264,0.07049090712102037
157.0,38.57994898086279,0.3683323567325157,0.062269524099896265
157.10000000000002,38.61732423027121,0.37375249408411576,0.054201373515988416
157.20000000000002,38.655191753571415,0.37867523300209194,0.04922738917976457
157.3,38.69352042257294,0.3832866900152472,0.046114570131555024
157.4,38.73228565752921,0.38765234956275024,0.04365659547503313
157.5,38.771487893847194,0.3920223631798559,0.04370013617105899
157.60000000000002,38.81113365857847,0.39645764731266775,0.04435284132810848
157.70000000000002,38.85122205589325,0.40088397314785035,0.044263258351828504
157.8,38.89172900278483,0.4050694689157783,0.04185495767928165
157.9,38.93262228612476,0.4089328333993569,0.03863364483578821
158.0,38.97385983135982,0.41237545235058304,0.034426189512263575
158.10000000000002,39.015400292627156,0.41540461267329015,0.030291603227064253
158.20000000000002,39.05719003021619,0.4178973758903719,0.02492763217081892
158.3,39.09914826791002,0.4195823769382895,0.01685001047917674
158.4,39.141182887225874,0.4203461931585889,0.0076381622029946155
158.5,39.18320782105869,0.4202493383281575,-0.0009685483043143091
158.60000000000002,39.22515282712779,0.4194500606909669,-0.007992776371903834
158.70000000000002,39.26697411025836,0.4182128313056903,-0.01237229385276665
158.8,39.308629865933895,0.41655755675537404,-0.01655274550316371
158.9,39.35009186760388,0.4146200166998662,-0.01937540055507946
159.0,39.3913099659278,0.4121809832392621,-0.024390334606042285
159.10000000000002,39.43220657464269,0.4089660871487902,-0.032148960904712
159.20000000000002,39.47268980104231,0.4048322639961785,-0.04133823152611917
159.3,39.51268478248074,0.39994981438435107,-0.048824496118277105
159.4,39.5521336899306,0.3944890744986165,-0.05460739885734899
159.5,39.59099085177737,0.38857161846773003,-0.05917456030886784
159.60000000000002,39.62920391581096,0.38213064033582905,-0.06440978131899512
159.70000000000002,39.66670419387427,0.3750027806330749,-0.07127859702754552
159.8,39.70342892265694,0.3672472878267494,-0.07755492806325923
159.9,39.73929906571613,0.35870143059194154,-0.08545857234808371
160.0,39.774210569570975,0.349115038548453,-0.0958639204348909
160.10000000000002,39.80805997425608,0.3384940468509908,-0.10620991697459753
160.20000000000002,39.840738512986626,0.32678538730545353,-0.11708659545537958
160.3,39.87215234916518,0.3141383617855277,-0.12647025519926577
160.4,39.90224386663245,0.30091517467278384,-0.13223187112744592
160.5,39.930960680158954,0.28716813526502205,-0.13747039407762568
160.60000000000002,39.95830805624688,0.2734737608791793,-0.13694374385839642
160.70000000000002,39.98432911501133,0.26021058764450855,-0.132631732346715
160.8,40.00907685384186,0.24747738830535568,-0.12733199339153597
160.9,40.03261151125749,0.23534657415632326,-0.12130814149033105
161.0,40.0550129731811,0.22401461923608532,-0.1133195492023859
161.10000000000002,40.07635559927147,0.21342626090368222,-0.1058835833240069
161.20000000000002,40.096739260454456,0.20383661182984006,-0.09589649073842706
161.3,40.11627463897298,0.1953537851852727,-0.08482826644567852
161.4,40.135101395185266,0.1882675621228565,-0.07086223062416588
161.5,40.15334209811357,0.18240702928303748,-0.058605328398193546
161.60000000000002,40.17110082057276,0.17758722459187706,-0.04819804691159322
161.70000000000002,40.1884826701143,0.17381849541537087,-0.037687291765064114
161.8,40.20558367368604,0.17101003571746792,-0.028084596979031026
161.9,40.22247343430488,0.16889760618839028,-0.02112429529077762
162.0,40.2391693440892,0.16695909784318513,-0.01938508345205258
162.10000000000002,40.255705291394605,0.1653594730540299,-0.015996247891548715
162.20000000000002,40.27211186057264,0.16406569178038888,-0.012937812736410939
162.3,40.288429280151604,0.1631741957896175,-0.008914959907714244
162.4,40.304708496457636,0.1627921630603261,-0.0038203272929143114
162.5,40.32100307788545,0.1629458142781552,0.0015365121782910148
162.60000000000002,40.33736038684297,0.16357308957512917,0.006272752969738411
162.70000000000002,40.353819315858644,0.1645892901567785,0.010162005816493925
162.8,40.37041247202623,0.16593156167588552,0.013422715191070897
162.9,40.387149795103575,0.167373230773445,0.01441669097559549
163.0,40.40401588992759,0.1686609482401831,0.012877174667381874
163.10000000000002,40.420977594170964,0.16961704243367542,0.009560941934921066
163.20000000000002,40.43798479326714,0.17007199096178283,0.004549485281074276
163.3,40.45500023931256,0.170154460454209,0.0008246949242618953
163.4,40.47197734056658,0.1697710125402193,-0.0038344791398972028
163.5,40.488836790527316,0.168594499607347,-0.011765129328723926
163.60000000000002,40.505499324242116,0.16662533714796743,-0.019691624593791108
163.70000000000002,40.52192268045529,0.16423356213175078,-0.023917750162167878
163.8,40.53807450833345,0.16151827878162303,-0.027152833501278995
163.9,40.5539216454016,0.15847137068150566,-0.030469081001175468
164.0,40.569429171464996,0.15507526063395888,-0.03396110047546973
164.10000000000002,40.584585273067354,0.1515610160235436,-0.03514244610414474
164.20000000000002,40.5993820085819,0.1479673551454481,-0.035936608780957155
164.3,40.61380673656079,0.14424727978892202,-0.037200753565262874
164.4,40.62784941694518,0.1404268038439307,-0.03820475944991542
164.5,40.641513776942034,0.13664359996853004,-0.03783203875400869
164.60000000000002,40.65480259467726,0.13288817735219813,-0.03755422616331056
164.70000000000002,40.66772874768737,0.12926153010113975,-0.03626647251058585
164.8,40.68030629261196,0.12577544924590006,-0.034860808552398856
164.9,40.69254231453148,0.12236021919520808,-0.03415230050692178
165.0,40.704442012603636,0.1189969807215686,-0.03363238473639671
165.10000000000002,40.71603529478376,0.11593282180119709,-0.03064158920370816
165.20000000000002,40.72731917429118,0.11283879507424574,-0.03094026726951522
165.3,40.738299211313105,0.10980037021923919,-0.030384248550067224
165.4,40.74902078090486,0.10721569591752354,-0.025846743017157944
165.5,40.75953041507188,0.10509634167022483,-0.021193542472988335
165.60000000000002,40.76990767985176,0.10377264779881074,-0.013236938714137935
165.70000000000002,40.78023708233525,0.10329402483485826,-0.004786229639524986
165.8,40.79060984846804,0.10372766132790069,0.004336364930424521
165.9,40.801128508990864,0.10518660522827504,0.014589439003744317
166.0,40.81187902351936,0.1075051452849668,0.023185400566918882
166.10000000000002,40.822924147976714,0.11045124457351438,0.029460992885469123
166.20000000000002,40.834330710443616,0.11406562466903063,0.036143800955164535
166.3,40.84614636205326,0.11815651609645489,0.040908914274244944
166.4,40.85837646930533,0.12230107252066331,0.04144556424208662
166.5,40.87100044141404,0.12623972108713852,0.03938648566475427
166.60000000000002,40.88396641413204,0.1296597271799687,0.03420006092829413
166.70000000000002,40.8972016376951,0.13235223563058482,0.02692508450616263
166.8,40.91064291952035,0.13441281825252158,0.020605826219368746
166.9,40.92425506500503,0.1361214548467948,0.017086365942733245
167.0,40.93802726542175,0.13772200416725228,0.016005493204575637
167.10000000000002,40.95194264178441,0.13915376362657772,0.014317594593251179
167.20000000000002,40.965997769562,0.14055127777589238,0.013975141493147398
167.3,40.98021752251013,0.1421975294813019,0.016462517054096175
167.4,40.99460397387729,0.1438645136715959,0.0166698419029408
167.5,41.00916560602269,0.1456163214540223,0.01751807782426523
167.60000000000002,41.02389886851231,0.14733262489617463,0.017163034421519268
167.70000000000002,41.03878110086271,0.14882232350395833,0.014896986077837807
167.8,41.05377586190705,0.14994761044342794,0.011252869394696803
167.9,41.06884713358452,0.15071271677471434,0.0076510633128644605
168.0,41.08396243570295,0.15115302118432233,0.0044030440960801396
168.10000000000002,41.09910478442599,0.15142348723035437,0.002704660460319748
168.20000000000002,41.11423634262841,0.15131558202420486,-0.0010790520614951174
168.3,41.12931169181098,0.15075349182574774,-0.0056209019845715885
168.4,41.14432151974938,0.1500982793840052,-0.006552124417425848
168.5,41.159266294943784,0.1494477519440181,-0.0065052743998712335
168.60000000000002,41.174155948373006,0.14889653429218608,-0.005512176518319002
168.70000000000002,41.18903255619958,0.14876607826573143,-0.0013045602645465246
168.8,41.20397894313555,0.14946386935975792,0.006977910940265238
168.9,41.21913720914074,0.15158266005188076,0.02118790692122961
169.0,41.23467764845579,0.15540439315054216,0.038217330986616234
169.10000000000002,41.250755365263785,0.16077716807988093,0.053727749293375475
169.20000000000002,41.267515558148915,0.16760192885130706,0.06824760771426519
169.3,41.28508818872017,0.1757263057125258,0.08124376861219186
169.4,41.303570677011145,0.18482488290979035,0.0909857719726508
169.5,41.323037352559815,0.19466675548671872,0.09841872576928927
169.60000000000002,41.34353723884293,0.20499886283107174,0.10332107344350676
169.70000000000002,41.36513255265103,0.21595313808107425,0.10954275250003127
169.8,41.38789101679107,0.22758464140041085,0.11631503319337261
169.9,41.41184152824017,0.23950511449095244,0.11920473090542266
170.0,41.43697743562459,0.251359073844256,0.11853959353304225
170.10000000000002,41.463305397637264,0.26327962012666417,0.11920546282405474
170.20000000000002,41.49082735882992,0.2752196119265605,0.11939991799897033
170.3,41.519531334042675,0.2870397521275855,0.11820140201025625
170.4,41.54939559696353,0.2986426292085468,0.11602877080961964
170.5,41.58038431322235,0.30988716258827137,0.11244533379725226
170.60000000000002,41.61245846807362,0.3207415485125845,0.1085438592431068
170.70000000000002,41.645583412747854,0.3312494467423665,0.10507898229782583
170.8,41.679740877322665,0.34157464574813,0.10325199005764095
170.9,41.71494710929609,0.35206231973427876,0.10487673986149346
171.0,41.751228230986385,0.36281121690296136,0.10748897168683214
171.10000000000002,41.78859305700723,0.3736482602083985,0.10837043305434646
171.20000000000002,41.82702199603694,0.38428939029709197,0.10641130088694101
171.3,41.86646726332798,0.39445267291045494,0.10163282613363545
171.4,41.90685759531242,0.403903319844355,0.09450646933900612
171.5,41.948114739651075,0.4125714433866058,0.08668123542251265
171.60000000000002,41.99016309498741,0.4204835533632444,0.07912109976636805
171.70000000000002,42.03294223181519,0.4277913682778477,0.0730781491460372
171.8,42.07643535643525,0.4349312462005875,0.07139877922740195
171.9,42.12062419842508,0.44188841989831595,0.06957173697728865
172.0,42.165488578683906,0.44864380258831876,0.06755382690003194
172.10000000000002,42.2110186017628,0.45530023078886067,0.06656428200540394
172.20000000000002,42.25718700185004,0.46168400087242173,0.0638377008356142
172.3,42.30398624140153,0.4679923955149245,0.06308394642503126
172.4,42.35138376784246,0.47397526440927457,0.059828688943504085
172.5,42.399340986934284,0.4795721909183032,0.05596926509028973
172.60000000000002,42.44780919194993,0.48468205015634064,0.05109859238036256
172.70000000000002,42.49674746499262,0.48938273042696717,0.04700680270626801
172.8,42.54612808218295,0.49380617190332965,0.044234414763627286
172.9,42.59591418690676,0.4978610472381034,0.04054875334774008
173.0,42.64603136990907,0.5011718300230968,0.03310782784993604
173.10000000000002,42.69636916324784,0.503377933387582,0.02206103364484622
173.20000000000002,42.74682426050003,0.5045509725219264,0.01173039134344478
173.3,42.79731096119773,0.5048670069770653,0.0031603445513896508
173.4,42.84774203615073,0.5043107495299923,-0.005562574470730258
173.5,42.89803856641322,0.5029653026249579,-0.013454469050345407
173.60000000000002,42.94811708738099,0.500785209677616,-0.021800929473413982
173.70000000000002,42.99791830858176,0.4980122120076941,-0.027729976699220525
173.8,43.0473941750389,0.4947586645714634,-0.03253547436230871
173.9,43.09648722647704,0.49093051438137486,-0.038281501900887485
174.0,43.14512414323683,0.4863691675979275,-0.04561346783447644
174.10000000000002,43.193234857818965,0.4811071458212595,-0.052620217766667615
174.20000000000002,43.240772405760076,0.47537547941114017,-0.057316664101196776
174.3,43.287722991578,0.4695058581792733,-0.05869621231867184
174.4,43.334088368255024,0.463653766770262,-0.05852091409011661
174.5,43.379873313322555,0.4578494506753377,-0.05804316094924596
174.60000000000002,43.425074329625815,0.45201016303249403,-0.05839287642842366
174.70000000000002,43.46969271231233,0.44618382686517727,-0.0582633616731709
174.8,43.513748420363264,0.4405570805093612,-0.05626746355816379
174.9,43.5572701417601,0.4352172139683822,-0.053398665409793135
175.0,43.60028752142267,0.43017379662574795,-0.050434173426345354
175.10000000000002,43.64280984571466,0.4252232429197732,-0.04950553705973622
175.20000000000002,43.684854668561975,0.42044822847318647,-0.04775014446587005
175.3,43.72643202086389,0.41577352301916426,-0.04674705454022476
175.4,43.76752553533675,0.41093514472864917,-0.04838378290515363
175.5,43.80811074817176,0.40585212835007134,-0.0508301637857812
175.60000000000002,43.84817058206153,0.4005983388976175,-0.05253789452452666
175.70000000000002,43.887693300648856,0.3952271858733039,-0.05371153024313874
175.8,43.92667997159051,0.3898667094165597,-0.053604764567445055
175.9,43.965119552327195,0.3843958073668793,-0.05470902049680737
176.0,44.00299757364383,0.3787802131663869,-0.05615594200492721
176.10000000000002,44.0403129732742,0.37315399630357193,-0.05626216862813668
176.20000000000002,44.07706472418501,0.3675175091081182,-0.05636487195454053
176.3,44.113245555637455,0.3618083145245016,-0.05709194583616953
176.4,44.14883966872151,0.35594113084054047,-0.05867183683961442
176.5,44.183795552761325,0.34955884039819407,-0.06382290442346757
176.60000000000002,44.218031126822915,0.34235574061582275,-0.07203099782369687
176.70000000000002,44.25144765022277,0.33416523399859466,-0.08190506617228553
176.8,44.28395860286592,0.3251095264315225,-0.0905570756707265
176.9,44.315468441005834,0.3150983813991283,-0.10011145032394766
177.0,44.34587254227506,0.30404101269228384,-0.11057368706845112
177.10000000000002,44.375043444497315,0.2917090222224819,-0.12331990469799131
177.20000000000002,44.40285900990752,0.2781556541020949,-0.1355336812038776
177.3,44.42920717021914,0.26348160311614854,-0.1467405098594721
177.4,44.45399259752957,0.2478542731043517,-0.15627330011797724
177.5,44.47713080994289,0.2313821241332324,-0.1647214897112025
177.60000000000002,44.49854659053484,0.21415780591946393,-0.17224318213764547
177.70000000000002,44.51821128473727,0.1966469420242701,-0.1751086389519482
177.8,44.53613817434691,0.17926889609641303,-0.17378045927858066
177.9,44.552361547064365,0.16223372717456142,-0.1703516892185258
178.0,44.56695450488989,0.1459295782552855,-0.1630414891927685
178.10000000000002,44.58001552760197,0.13061022712076792,-0.1531935113451409
178.20000000000002,44.59166195123869,0.11646423636719967,-0.14145990753569052
178.3,44.602019880770825,0.10357929532134469,-0.12884941045855716
178.4,44.6111930055406,0.09173124769774244,-0.11848047623602927
178.5,44.61927566997562,0.08082664435022939,-0.10904603347513665
178.60000000000002,44.62633179640601,0.0705612643039028,-0.10265380046324252
178.70000000000002,44.63238667719093,0.06054880784916239,-0.10012456454740984
178.8,44.63744489139146,0.05058214200531384,-0.09966665843849112
178.9,44.64150840484537,0.0406351345390755,-0.09947007466238905
179.0,44.64455624796759,0.0304784312222512,-0.1015670331682488
179.10000000000002,44.64654964225525,0.019933942876586473,-0.1054448834566233
179.20000000000002,44.64745670730363,0.009070650483807246,-0.10863292392779846
179.3,44.64723959665434,-0.002171106492952059,-0.11241756976759942
179.4,44.64589407914507,-0.013455175092645587,-0.1128406859969417
179.5,44.643448296211766,-0.02445782933307467,-0.11002654240429707
179.60000000000002,44.63996110862573,-0.03487187586038149,-0.10414046527304455
179.70000000000002,44.63550640815022,-0.04454700475506255,-0.09675128894681606
179.8,44.630156872550515,-0.0534953559970605,-0.08948351241998459
179.9,44.62395785352136,-0.06199019029154226,-0.08494834294482248
180.0,44.616960250976156,-0.06997602545205382,-0.07985835160512013
180.10000000000002,44.609205917573554,-0.07754333402600025,-0.07567308573944706
180.20000000000002,44.60072682560482,-0.08479091968731238,-0.07247585661312543
180.3,44.59153701441316,-0.09189811191661146,-0.07107192229299482
180.4,44.58164868121601,-0.09888333197154105,-0.06985220054929986
180.5,44.57106156801943,-0.1058711319657906,-0.06987799994249944
180.60000000000002,44.559776823135444,-0.11284744883984664,-0.0697631687405446
180.70000000000002,44.54780142286006,-0.11975400275382923,-0.06906553913982987
180.8,44.53515246906765,-0.12648953792415094,-0.06735535170322085
180.9,44.52183666902342,-0.13315800044225815,-0.06668462518107589
181.0,44.50785648043041,-0.1398018859301055,-0.0664388548784774
181.10000000000002,44.49322139324759,-0.14635087182821363,-0.06548985898106634
181.20000000000002,44.47792948884303,-0.15291904404556947,-0.06568172217356212
181.3,44.46195314110786,-0.1597634773516978,-0.06844433306128717
181.4,44.44524498922918,-0.16708151878682526,-0.07318041435127876
181.5,44.427777067959816,-0.17467921269365688,-0.07597693906832058
181.60000000000002,44.40951700779763,-0.18260060162180136,-0.07921388928142678
181.70000000000002,44.390409382448695,-0.19107625348938148,-0.08475651867580601
181.8,44.37040266161245,-0.20006720836243802,-0.0899095487305705
181.9,44.349447961630275,-0.20954699982177996,-0.09479791459342479
182.0,44.32752017142086,-0.21927790209418954,-0.09730902272410134
182.10000000000002,44.30462296514062,-0.2289720628023607,-0.09694160708168964
182.20000000000002,44.28078882412339,-0.23834141017226718,-0.09369347369907
182.3,44.25605695289181,-0.24731871231581679,-0.0897730214355012
182.4,44.23047725485386,-0.25579698037952914,-0.08478268063712834
182.5,44.204093676946755,-0.2638357790710594,-0.08038798691530692
182.60000000000002,44.17697431434399,-0.2711936260276198,-0.0735784695655877
182.70000000000002,44.14920651383716,-0.27767800506831164,-0.06484379040692193
182.8,44.12086114413694,-0.28345369700220335,-0.057756919338920416
182.9,44.09199540862197,-0.2886573551497116,-0.05203658147508523
183.0,44.06266571925639,-0.2932968936558378,-0.04639538506126459
183.10000000000002,44.0329042143249,-0.29761504931478894,-0.0431815565895018
183.20000000000002,44.002732176917426,-0.30172037407476476,-0.04105324759976059
183.3,43.97216546101695,-0.3056671590047873,-0.03946784930022764
183.4,43.94119997323384,-0.3096548778310824,-0.03987718826295344
183.5,43.90986208408013,-0.31337889153713056,-0.037240137060483465
183.60000000000002,43.87819455202515,-0.3166753205497476,-0.03296429012616314
183.70000000000002,43.84626565913717,-0.31928892887984656,-0.02613608330099086
183.8,43.81417948682576,-0.32086172311411026,-0.015727942342637975
183.9,43.782038822462184,-0.32140664363575816,-0.005449205216479268
184.0,43.74996409172068,-0.3207473074150795,0.0065933622067868985
184.10000000000002,43.71806271584128,-0.3190137587939275,0.017335486211515982
184.20000000000002,43.68641578424164,-0.31646931599640404,0.025444427975236165
184.3,43.655112889655506,-0.31302894586135116,0.034403701350530794
184.4,43.624239188898656,-0.3087370075685134,0.042919382928379934
184.5,43.59385634267134,-0.3038284622732052,0.04908545295308488
184.60000000000002,43.56400901764911,-0.29847325022217636,0.05355212051027628
184.70000000000002,43.53475249248984,-0.292565251592779,0.05907998629397673
184.8,43.50613871818622,-0.2861377430361663,0.06427508556613092
184.9,43.478205738316774,-0.27932979869449237,0.06807944341674309
185.0,43.45097030884817,-0.2723542946860546,0.06975504008438169
185.10000000000002,43.424433402818416,-0.26536906029748414,0.06985234388568873
185.20000000000002,43.398591028983624,-0.2584237383479296,0.06945321949554945
185.3,43.37341963838669,-0.2517139059693251,0.0670983237860489
185.4,43.348911500672415,-0.2450813771427957,0.06632528826529749
185.5,43.325105619589486,-0.23805881082930047,0.07022566313495637
185.60000000000002,43.30206795179663,-0.2303766779285086,0.07682132900790119
185.70000000000002,43.27985670380757,-0.22211247989063862,0.08264198037870456
185.8,43.258520410940974,-0.21336292866594211,0.08749551224697003
185.9,43.238134093070336,-0.20386317870639653,0.09499749959546124
186.0,43.218793752201556,-0.19340340868781103,0.10459770018586095
186.10000000000002,43.20058130873797,-0.18212443463578276,0.11278974052025703
186.20000000000002,43.18354941019579,-0.17031898542186755,0.11805449213915886
186.3,43.16771218559464,-0.15837224601150457,0.11946739410363656
186.4,43.1530351388966,-0.14677046698040766,0.11601779031097569
186.5,43.13946208960523,-0.13573049291367373,0.11039974066734559
186.60000000000002,43.12694103233558,-0.12521057269648844,0.10519920217182893
186.70000000000002,43.11538463721024,-0.11556395125339892,0.09646621443090066
186.8,43.104722074919316,-0.10662562290925488,0.0893832834414455
186.9,43.09489476954153,-0.0982730537778365,0.08352569131418855
187.0,43.08583894795778,-0.09055821583750916,0.07714837940327784
187.10000000000002,43.07749012623946,-0.08348821718319732,0.07069998654310228
187.20000000000002,43.06973975358522,-0.07750372654243605,0.059844906407616125
187.3,43.06245427304631,-0.07285480538904623,0.046489211533900794
187.4,43.05549706861038,-0.06957204435935123,0.03282761029695192
187.5,43.048741844440556,-0.06755224169822711,0.020198026611242297
187.60000000000002,43.04210001667908,-0.06641827761475749,0.011339640834693635
187.70000000000002,43.03553172750503,-0.06568289174048321,0.007353858742743248
187.8,43.029010054232785,-0.06521673272246546,0.004661590180177743
187.9,43.02251624404892,-0.0649381018386245,0.002786308838409765
188.0,43.01603371462286,-0.06482529426066122,0.001128075779632873
188.10000000000002,43.009537091538526,-0.064966230843296,-0.0014093658263474988
188.20000000000002,43.00301720699872,-0.06519884539806158,-0.0023261455476558603
188.3,42.99650136861705,-0.06515838381674059,0.00040461581320985285
188.4,42.99004422756715,-0.06457141049900283,0.005869733177377907
188.5,42.983709833825486,-0.06334393741660808,0.012274730823948202
188.60000000000002,42.977531599756134,-0.061782340693511795,0.015615967230959345
188.70000000000002,42.97148645445931,-0.06045145296824105,0.013308877252708178
188.8,42.96555071134294,-0.05935743116367913,0.010940218045619867
188.9,42.95968673522007,-0.058639761228750364,0.007176699349288043
189.0,42.95383182062612,-0.05854914593946936,0.000906152892810093
189.10000000000002,42.94791331389875,-0.059185067273674764,-0.006359213342052594
189.20000000000002,42.94186591427178,-0.06047399626972438,-0.012889289960496857
189.3,42.93564821978115,-0.062176944906301636,-0.017029486365773557
189.4,42.92922815033882,-0.06420069442328123,-0.020237495169797115
189.5,42.92257197762864,-0.0665617271018031,-0.02361032678521997
189.60000000000002,42.91567719456291,-0.06894783065730645,-0.023861035555028096
189.70000000000002,42.908561541226675,-0.07115653336235943,-0.022087027050531068
189.8,42.901274182547496,-0.07287358679179037,-0.017170534294310428
189.9,42.89387082223763,-0.07403360309865968,-0.011600163068693735
190.0,42.886384255977106,-0.07486566260525222,-0.008320595065925892
190.10000000000002,42.878858434929874,-0.07525821047229607,-0.003925478670437572
190.20000000000002,42.87134832081041,-0.07510114119462658,0.0015706927766950323
190.3,42.86390705541493,-0.07441265395485598,0.006884872397706329
190.4,42.85658153846139,-0.07325516953536199,0.011574844194940611
190.5,42.84939883158228,-0.07182706879114117,0.014281007442208928
190.60000000000002,42.842376574068645,-0.07022257513631126,0.01604493654829546
190.70000000000002,42.83551523450947,-0.06861339559172953,0.016091795445818208
190.8,42.82880746553204,-0.06707768977435462,0.015357058173750033
190.9,42.82224513904177,-0.06562326490268706,0.014544248716676362
191.0,42.81579596132402,-0.06449177717748367,0.011314877252034622
191.10000000000002,42.80938855360405,-0.06407407719967714,0.004176999778064288
191.20000000000002,42.80296507340712,-0.06423480196929542,-0.00160724769618282
191.3,42.796510856692535,-0.06454216714587713,-0.0030736517658172895
191.4,42.79003291491248,-0.06477941780055486,-0.0023725065467775047
191.5,42.7835490068745,-0.0648390803797875,-0.0005966257923263946
191.60000000000002,42.77705290965873,-0.06496097215772012,-0.0012189177793259236
191.70000000000002,42.77050866544438,-0.06544244214346778,-0.004814699857476897
191.8,42.76387380919651,-0.06634856247871235,-0.009061203352446161
191.9,42.75712720238884,-0.0674660680767441,-0.011175055980318174
192.0,42.75027224858249,-0.06854953806346877,-0.010834699867247255
192.10000000000002,42.74333575643904,-0.06936492143451134,-0.00815383371042389
192.20000000000002,42.73635528674371,-0.06980469695328792,-0.004397755187766056
192.3,42.72938870005665,-0.06966586687056915,0.0013883008271877674
192.4,42.72247791169798,-0.06910788358674262,0.005579832838265615
192.5,42.71565229500844,-0.06825616689539904,0.008517166913436304
192.60000000000002,42.70893783725703,-0.06714457751405584,0.011115893813429504
192.70000000000002,42.70236230016162,-0.06575537095415403,0.013892065599018883
192.8,42.695935296188466,-0.06427003973151467,0.014853312226394423
192.9,42.68967331657371,-0.06261979614756186,0.01650243583952906
193.0,42.683584655285216,-0.060886612884946255,0.017331832626157007
193.10000000000002,42.677666499968836,-0.0591815531637828,0.017050597211630696
193.20000000000002,42.67190639497023,-0.05760104998607901,0.01580503177703876
193.3,42.66632334701584,-0.05583047954388893,0.01770570442190183
193.4,42.660962644374905,-0.05360702640935549,0.022234531345335665
193.5,42.65587727029368,-0.05085374081226069,0.02753285597094955
193.60000000000002,42.651109352349394,-0.04767917944284132,0.03174561369418648
193.70000000000002,42.646696989001086,-0.04412363348308441,0.03555545959757115
193.8,42.64267400010845,-0.04022988892636421,0.03893744556720417
193.9,42.63909395356563,-0.03580046542822605,0.04429423498138416
194.0,42.63599521628812,-0.030987372775046026,0.04813092653180295
194.10000000000002,42.63339248605331,-0.026027302348120195,0.049600704269247044
194.20000000000002,42.63129693185687,-0.020955541964370408,0.05071760383750075
194.3,42.62976088283384,-0.01536049023030815,0.055950517340625755
194.4,42.62882603792707,-0.009348449067730333,0.060120411625781585
194.5,42.62853036131432,-0.002956766127511114,0.06391682940219583
194.60000000000002,42.628894398651624,0.003640373373058619,0.06597139500568233
194.70000000000002,42.629934971798576,0.010405731469518878,0.06765358096460644
194.8,42.631661372552905,0.017264007543290476,0.06858276073771988
194.9,42.63411068621234,0.02449313659433156,0.07229129051041493
195.0,42.63734583377216,0.032351475598206454,0.07858339003875342
195.10000000000002,42.64142773047922,0.04081896707062564,0.08467491472417263
195.20000000000002,42.64636832098192,0.04940590502698964,0.08586937956364486
195.3,42.65217081945013,0.058024984682066814,0.08619079655077665
195.4,42.65883767330763,0.06666853857503365,0.08643553892967322
195.5,42.66637333547532,0.07535662167690733,0.08688083101874183
195.60000000000002,42.67480357929301,0.08430243817690057,0.08945816499991202
195.70000000000002,42.684162145847935,0.09358566554923263,0.09283227372332586
195.8,42.694457462327506,0.10295316479571301,0.09367499246480912
195.9,42.70570089686572,0.11243434538216164,0.0948118058644917
196.0,42.71789244045172,0.12191543585999635,0.09481090477835252
196.10000000000002,42.731025901533606,0.13133461081882414,0.09419174958825642
196.20000000000002,42.745062253498126,0.14036351964521374,0.09028908826390111
196.3,42.75993148570257,0.1486923220444765,0.08328802399263231
196.4,42.77551424510292,0.15582759400346366,0.07135271958987571
196.5,42.79168599587894,0.16171750776025315,0.05889913756789824
196.60000000000002,42.80834441394624,0.1665841806729039,0.04866672912649642
196.70000000000002,42.825396917060736,0.17052503114499987,0.03940850472096193
196.8,42.84275945901565,0.1736254195491781,0.031003884041784044
196.9,42.86034832810932,0.17588869093665527,0.022632713874773013
197.0,42.87808388530293,0.17735557193611426,0.01466880999459075
197.10000000000002,42.89588735880327,0.17803473500339567,0.006791630672812587
197.20000000000002,42.91368246178858,0.17795102985311517,-0.000837051502805045
197.3,42.93140741002832,0.17724948239739588,-0.0070154745571933234
197.4,42.94899899972433,0.175915896960116,-0.01333585437279953
197.5,42.96637764025923,0.17378640534901557,-0.021294916111005525
197.60000000000002,42.98345167608473,0.17074035825490722,-0.030460470941076637
197.70000000000002,43.00013301361195,0.16681337527225065,-0.03926982982656786
197.8,43.01635934804075,0.16226334428801648,-0.04550030984234436
197.9,43.032113348555455,0.15754000514705,-0.0472333914096675
198.0,43.04739549799523,0.15282149439777884,-0.04718510749271423
198.10000000000002,43.062206809292654,0.1481131129741816,-0.047083814235961814
198.20000000000002,43.076544207002584,0.1433739770993096,-0.04739135874872255
198.3,43.09040001943212,0.1385581242953372,-0.04815852803972672
198.4,43.10375165242433,0.13351632992212406,-0.0504179437321343
198.5,43.1165744948306,0.12822842406273358,-0.05287905859390785
198.60000000000002,43.12886490230219,0.12290407471586254,-0.05324349346869827
198.70000000000002,43.140599931114586,0.11735028812396521,-0.055537865918976435
198.8,43.15173473195014,0.11134800835556924,-0.060022797683963125
198.9,43.16223422545183,0.10499493501691035,-0.06353073338659254
199.0,43.17209317130488,0.0985894585304748,-0.06405476486435915
199.10000000000002,43.181324674465834,0.09231503160952348,-0.06274426920949888
199.20000000000002,43.18993951919572,0.08614844729884431,-0.06166584310679516
199.3,43.197967525297734,0.08028006102016606,-0.05868386278678584
199.4,43.20544862179318,0.07481096495447018,-0.05469096065696197
199.5,43.21241938339792,0.06970761604741368,-0.05103348907056783
199.60000000000002,43.21892449368213,0.06505110284207602,-0.04656513205336606
199.70000000000002,43.22497541674712,0.060509230649902324,-0.04541872192173954
199.8,43.23056658935546,0.05591172608341173,-0.045975045664908544
199.9,43.23569019624245,0.051236068869900536,-0.0467565721351146
200.0,43.240307892340624,0.046176960981727924,-0.05059107888172899
