Time(s),Drum_Angle(deg),Drum_Velocity(deg/s),Drum_Acceleration(deg/s^2)
0.0,45.0,0.0,0.004308182005186151
0.1,45.0,0.0004308182005186151,0.0042791770077497265
0.2,45.00004308182005,0.0008587359012935877,0.004201077051401504
0.30000000000000004,45.00012895541018,0.0012788436064337383,0.004107757724412312
0.4,45.00025683977083,0.0016896193788749694,0.003952869856701861
0.5,45.000425801708715,0.0020849063645451554,0.003829826450532505
0.6000000000000001,45.00063429234517,0.0024678890095984063,0.003669889303688085
0.7000000000000001,45.00088108124613,0.0028348779399672147,0.0035414752784420503
0.8,45.00116456904012,0.0031890254678114197,0.0035091208994862686
0.9,45.0014834715869,0.0035399375577600464,0.003504912673811118
1.0,45.00183746534268,0.003890428825141158,0.003415195818528002
1.1,45.00222650822519,0.004231948406993959,0.003326208746157394
1.2000000000000002,45.00264970306589,0.004564569281609698,0.0032184963154410122
1.3,45.003106159994054,0.004886418913153799,0.0031316474577998384
1.4000000000000001,45.00359480188537,0.005199583658933783,0.0031018308842607105
1.5,45.00411476025126,0.005509766747359854,0.0031629689988473654
1.6,45.004665736926,0.005826063647244591,0.0033064570476166286
1.7000000000000002,45.005248343290724,0.006156709352006254,0.003476214059123938
1.8,45.00586401422593,0.006504330757918647,0.003709515249865205
1.9000000000000001,45.00651444730172,0.006875282282905168,0.0039011344205889444
2.0,45.00720197553001,0.007265395724964062,0.004111443190110139
2.1,45.007928515102506,0.007676540043975076,0.004340033650818278
2.2,45.0086961691069,0.008110543409056904,0.004527128688900923
2.3000000000000003,45.009507223447805,0.008563256277946997,0.004677703469834894
2.4000000000000004,45.0103635490756,0.009031026624930487,0.004867378628809985
2.5,45.0112666517381,0.009517764487811484,0.005027418256253256
2.6,45.01221842818688,0.01002050631343681,0.005121493296497133
2.7,45.01322047881822,0.010532655643086523,0.005269081809885288
2.8000000000000003,45.01427374438253,0.011059563824075053,0.005370441414811115
2.9000000000000004,45.01537970076494,0.011596607965556165,0.005546260995646735
3.0,45.01653936156149,0.012151234065120836,0.005750164900003152
3.1,45.017754484968,0.012726250555121152,0.0059411531808499455
3.2,45.019027110023515,0.013320365873206147,0.006022569583871493
3.3000000000000003,45.020359146610836,0.013922622831593297,0.005954381275927173
3.4000000000000004,45.021751408894,0.014518060959186015,0.005852331259800246
3.5,45.02320321498991,0.015103294085166037,0.005716323357097675
3.6,45.02471354439843,0.015674926420875805,0.0056319785964661865
3.7,45.02628103704052,0.016238124280522424,0.0055261670723855075
3.8000000000000003,45.02790484946857,0.016790740987760976,0.005417162129541098
3.9000000000000004,45.029583923567344,0.017332457200715086,0.00532504355357429
4.0,45.03131716928742,0.017864961556072513,0.0051968833667082465
4.1000000000000005,45.03310366544302,0.01838464989274334,0.004983516786786716
4.2,45.0349421304323,0.01888300157142201,0.004834172723040073
4.3,45.03683043058944,0.019366418843726016,0.004695340596334768
4.4,45.03876707247382,0.019835952903359495,0.004630631352843684
4.5,45.04075066776415,0.020299016038643862,0.004546323713897949
4.6000000000000005,45.04278056936801,0.02075364841003366,0.004540246041124188
4.7,45.04485593420902,0.021207673014146076,0.004657421028661002
4.800000000000001,45.04697670151043,0.02167341511701218,0.004832548997575851
4.9,45.04914404302213,0.022156670016769762,0.005035770726468329
5.0,45.05135971002381,0.022660247089416594,0.005183139891572597
5.1000000000000005,45.053625734732755,0.023178561078573856,0.005295893305540483
5.2,45.05594359084061,0.023708150409127902,0.005458340738988444
5.300000000000001,45.058314405881525,0.02425398448302675,0.005628247617690907
5.4,45.06073980432983,0.02481680924479584,0.005704459037682872
5.5,45.0632214852543,0.025387255148564124,0.005829048148599494
5.6000000000000005,45.06576021076916,0.025970159963424076,0.005939056902568039
5.7,45.06835722676551,0.026564065653680878,0.0059878084227320645
5.800000000000001,45.07101363333087,0.027162846495954088,0.00597786768531431
5.9,45.073729917980465,0.027760633264485517,0.005988780887947139
6.0,45.076505981306916,0.02835951135328023,0.006002783619324002
6.1000000000000005,45.07934193244224,0.028959789715212632,0.005966588551952985
6.2,45.08223791141376,0.02955644857040793,0.005941765903947664
6.300000000000001,45.0851935562708,0.030150625160802698,0.005920536129492997
6.4,45.08820861878689,0.030742678773751995,0.0059292455274687975
6.5,45.09128288666426,0.03133560332649887,0.005983195763164566
6.6000000000000005,45.09441644699691,0.03193392290281533,0.006022828920257428
6.7,45.097609839287195,0.032536205794841074,0.0060222205938548585
6.800000000000001,45.10086345986668,0.03313842785422656,0.00602703912063201
6.9,45.1041773026521,0.03374113176628976,0.006083642097847058
7.0,45.10755141582873,0.034349495976074465,0.006072680233840426
7.1000000000000005,45.110986365426335,0.03495676399945851,0.006081665270922612
7.2,45.11448204182628,0.03556493052655077,0.0060452513299226835
7.300000000000001,45.118038534878934,0.03616945565954304,0.005995231768063888
7.4,45.12165548044489,0.03676897883634943,0.005922614604940445
7.5,45.12533237832852,0.03736124029684347,0.005845061308328469
7.6000000000000005,45.12906850235821,0.03794574642767632,0.0056611179208855755
7.7,45.13286307700098,0.038511858219764876,0.005411462718644371
7.800000000000001,45.136714262822956,0.039053004491629316,0.005121547983187609
7.9,45.14061956327212,0.039565159289948075,0.004796174937684253
8.0,45.14457607920111,0.0400447767837165,0.004464252627449665
8.1,45.14858055687948,0.040491202046461464,0.004193592960115298
8.200000000000001,45.15262967708413,0.040910561342473,0.004014302380966561
8.3,45.15672073321838,0.041311991580569654,0.0039235297213213866
8.4,45.16085193237643,0.04170434455270179,0.003776606577052546
8.5,45.16502236683171,0.042082005210407045,0.0036027853278053487
8.6,45.16923056735275,0.04244228374318758,0.0033917677973809225
8.700000000000001,45.17347479572707,0.042781460522925675,0.0031477462468707086
8.8,45.17775294177935,0.043096235147612745,0.0028550270344474787
8.9,45.18206256529412,0.04338173785105749,0.0026084498921683055
9.0,45.186400739079225,0.04364258284027432,0.0023675611815900887
9.1,45.19076499736325,0.04387933895843333,0.002134501460794758
9.200000000000001,45.195152931259095,0.04409278910451281,0.0019273371906290762
9.3,45.199562210169546,0.044285522823575715,0.0016845757179366544
9.4,45.2039907624519,0.04445398039536938,0.0014228553272448202
9.5,45.20843616049144,0.04459626592809386,0.0011718701829789401
9.600000000000001,45.21289578708425,0.04471345294639176,0.0009365976538382898
9.700000000000001,45.21736713237889,0.044807112711775586,0.0006973756998551764
9.8,45.22184784365007,0.0448768502817611,0.0004305647497401825
9.9,45.22633552867824,0.04491990675673512,0.00015638904683180964
10.0,45.230827519353916,0.0449355456614183,-0.00013281404489112557
10.100000000000001,45.235321073920055,0.04492226425692919,-0.00040608997024321893
10.200000000000001,45.23981330034575,0.04488165525990487,-0.000604479962509482
10.3,45.24430146587174,0.04482120726365392,-0.0008476103605524507
10.4,45.24878358659811,0.044736446227598675,-0.001136704985418989
10.5,45.253257231220864,0.04462277572905678,-0.0014863460960290243
10.600000000000001,45.25771950879377,0.04447414111945387,-0.0018780536576472396
10.700000000000001,45.26216692290572,0.04428633575368915,-0.0022863554879414077
10.8,45.266595556481086,0.04405770020489501,-0.0027243301824184203
10.9,45.271001326501576,0.04378526718665317,-0.00309866388577219
11.0,45.275379853220244,0.04347540079807595,-0.0035076931749841223
11.100000000000001,45.27972739330005,0.04312463148057753,-0.003907173836111291
11.200000000000001,45.2840398564481,0.042733914096966405,-0.004297376476990205
11.3,45.2883132478578,0.042304176449267386,-0.004620461725701064
11.4,45.29254366550273,0.04184213027669728,-0.0048909176106217735
11.5,45.2967278785304,0.041353038515635106,-0.005073200412589876
11.600000000000001,45.30086318238196,0.04084571847437611,-0.0051833843672552575
11.700000000000001,45.3049477542294,0.04032738003765059,-0.005252752743944591
11.8,45.30898049223317,0.03980210476325613,-0.005358171591906704
11.9,45.31296070270949,0.03926628760406546,-0.005459034388345751
12.0,45.3168873314699,0.03872038416523089,-0.005543101099074456
12.100000000000001,45.320759369886424,0.038166074055323435,-0.005639174509947615
12.200000000000001,45.32457597729195,0.037602156604328675,-0.005715051326563531
12.3,45.328336192952385,0.037030651471672324,-0.005730054530212281
12.4,45.332039258099556,0.0364576460186511,-0.005675545976086222
12.5,45.33568502270142,0.03589009142104248,-0.005621656832865616
12.600000000000001,45.33927403184352,0.03532792573775591,-0.00562452434579546
12.700000000000001,45.342806824417295,0.034765473303176364,-0.005655541186486721
12.8,45.34628337174762,0.034199919184527694,-0.005676079527438558
12.9,45.349703363666066,0.03363231123178384,-0.005633860134364405
13.0,45.35306659478925,0.0330689252183474,-0.00556573286651602
13.100000000000001,45.35637348731108,0.03251235193169579,-0.0055118484721185445
13.200000000000001,45.35962472250425,0.03196116708448394,-0.005550063202570627
13.3,45.3628208392127,0.03140616076422688,-0.005581383479999708
13.4,45.365961455289124,0.03084802241622691,-0.005621370094700039
13.5,45.36904625753075,0.030285885406756908,-0.0057733792534515405
13.600000000000001,45.37207484607142,0.029708547481411746,-0.0059490720807010705
13.700000000000001,45.37504570081956,0.02911364027334164,-0.006134392616048202
13.8,45.377957064846896,0.028500201011736823,-0.0063090865061706195
13.9,45.38080708494807,0.027869292361119763,-0.006454969459606998
14.0,45.38359401418418,0.027223795415159065,-0.006556373166307719
14.100000000000001,45.3863163937257,0.026568158098528284,-0.006685659799542064
14.200000000000001,45.38897320953555,0.02589959211857408,-0.006802087505915617
14.3,45.39156316874741,0.02521938336798252,-0.006869924863698192
14.4,45.39408510708421,0.024532390881612704,-0.006891503175519207
14.5,45.39653834617237,0.023843240564060786,-0.006937481213297498
14.600000000000001,45.39892267022877,0.023149492442731026,-0.0069663225420989435
14.700000000000001,45.401237619473044,0.022452860188521134,-0.007057382654371895
14.8,45.4034829054919,0.021747121923083947,-0.007155976229946533
14.9,45.405657617684206,0.021031524300089297,-0.007260132845109636
15.0,45.407760770114216,0.020305511015578336,-0.007351887561671024
15.100000000000001,45.40979132121577,0.019570322259411223,-0.007565282523854618
15.200000000000001,45.411748353441716,0.018813794007025764,-0.007795477235717177
15.3,45.413629732842416,0.01803424628345405,-0.008041395740897149
15.4,45.415433157470765,0.017230106709364337,-0.008244904104521411
15.5,45.4171561681417,0.0164056162989122,-0.008342937078365812
15.600000000000001,45.41879672977159,0.015571322591075605,-0.008479735774120657
15.700000000000001,45.4203538620307,0.014723349013663543,-0.008649660054140022
15.8,45.42182619693207,0.013858383008249544,-0.008831796772665285
15.9,45.423212035232886,0.012975203330983018,-0.00898279567770079
16.0,45.42450955556599,0.012076923763212942,-0.009132448962465125
16.1,45.42571724794231,0.011163678866966417,-0.009160381358422105
16.2,45.426833615829004,0.010247640731124226,-0.009189689405814131
16.3,45.42785837990212,0.0093286717905428,-0.009236158279725792
16.400000000000002,45.42879124708117,0.008405055962570207,-0.009315306303122387
16.5,45.42963175267743,0.0074735253322579884,-0.009441626617691419
16.6,45.430379105210655,0.006529362670488833,-0.009561557595121126
16.7,45.43103204147771,0.005573206910976741,-0.009598706600866988
16.8,45.4315893621688,0.004613336250890028,-0.009620547241059546
16.900000000000002,45.43205069579389,0.00365128152678406,-0.00966130125124748
17.0,45.43241582394657,0.0026851514016593327,-0.009695340028962522
17.1,45.432684339086734,0.0017156173987630668,-0.009712304817907564
17.2,45.43285590082661,0.0007443869169723311,-0.009645139302706907
17.3,45.43293033951831,-0.00022012701329837334,-0.009529157797543607
17.400000000000002,45.43290832681698,-0.0011730427930527476,-0.009404566173076844
17.5,45.43279102253767,-0.002113499410360412,-0.00928635783064002
17.6,45.43257967259664,-0.003042135193424427,-0.009223065223475905
17.7,45.432275459077296,-0.003964441715771998,-0.00918251786405081
17.8,45.43187901490572,-0.004882693502177092,-0.009150587445022592
17.900000000000002,45.431390745555504,-0.005797752246679364,-0.00911028736474639
18.0,45.43081097033083,-0.006708780983153984,-0.009113214265601835
18.1,45.43014009223252,-0.00762010240971418,-0.009135698768728146
18.2,45.429378081991544,-0.008533672286586975,-0.009143669517568459
18.3,45.42852471476289,-0.009448039238343834,-0.009047353036419185
18.400000000000002,45.42757991083905,-0.010352774541985766,-0.008930329217409997
18.5,45.42654463338486,-0.011245807463726746,-0.008685820468588323
18.6,45.42542005263848,-0.012114389510585591,-0.00844748209401059
18.7,45.424208613687426,-0.012959137719986632,-0.008177827176049096
18.8,45.42291269991542,-0.013776920437591553,-0.007899560117440004
18.900000000000002,45.42153500787167,-0.014566876449335565,-0.007631888046576534
19.0,45.42007832022673,-0.015330065253993202,-0.00740156817542175
19.1,45.41854531370133,-0.016070222071535387,-0.007204767235895264
19.200000000000003,45.416938291494176,-0.016790698795124924,-0.0070662747549735585
19.3,45.41525922161467,-0.017497326270622265,-0.006934825435576634
19.400000000000002,45.41350948898761,-0.018190808814179938,-0.006839602487625156
19.5,45.41169040810619,-0.01887476906294244,-0.006733081171009557
19.6,45.40980293119989,-0.019548077180043404,-0.006576151670320839
19.700000000000003,45.407848123481884,-0.020205692347075498,-0.006476958879375812
19.8,45.40582755424718,-0.020853388235013065,-0.006443236643024845
19.900000000000002,45.40374221542368,-0.02149771189931556,-0.006354765563166793
20.0,45.40159244423375,-0.022133188455632224,-0.006237223458235625
20.1,45.39937912538819,-0.022756910801455796,-0.006076502442306352
20.200000000000003,45.397103434308036,-0.02336456104568644,-0.005956616315713469
20.3,45.39476697820347,-0.023960222677257774,-0.005848792563784899
20.400000000000002,45.392370955935746,-0.024545101933636272,-0.00569242204160712
20.5,45.38991644574238,-0.025114344137796972,-0.0055131840906520995
20.6,45.3874050113286,-0.02566566254686219,-0.0053305061899027876
20.700000000000003,45.38483844507391,-0.026198713165852476,-0.005197359474585397
20.8,45.38221857375733,-0.026718449113311005,-0.005164531360753138
20.900000000000002,45.379546728845995,-0.027234902249386326,-0.005090964220787098
21.0,45.37682323862106,-0.027743998671465025,-0.004983694808158646
21.1,45.374048838753914,-0.028242368152280897,-0.004801362477716218
21.200000000000003,45.371224601938685,-0.028722504400052525,-0.004629189341842638
21.3,45.36835235149868,-0.02918542333423678,-0.0045321723825596984
21.400000000000002,45.36543380916525,-0.029638640572492755,-0.004438621166643887
21.5,45.362469945108,-0.030082502689157135,-0.004372269975768298
21.6,45.35946169483909,-0.03051972968673397,-0.004289886836285591
21.700000000000003,45.35640972187042,-0.030948718370362536,-0.004105463002679108
21.8,45.35331485003338,-0.03135926467063044,-0.0039192087210853654
21.900000000000002,45.35017892356632,-0.03175118554273898,-0.003737852701897134
22.0,45.347003805012044,-0.032124970812928685,-0.003553523780581871
22.1,45.34379130793075,-0.03248032319098688,-0.003400477203520332
22.200000000000003,45.34054327561165,-0.032820370911338916,-0.0033062014049408547
22.3,45.33726123852052,-0.033150991051832994,-0.0032521924822206485
22.400000000000002,45.33394613941533,-0.03347621030005506,-0.0032148015998052773
22.5,45.33059851838533,-0.033797690460035584,-0.003149268383035264
22.6,45.32721874933932,-0.034112617298339115,-0.0030885656488199415
22.700000000000003,45.32380748760949,-0.034421473863221114,-0.0030200437980255155
22.8,45.32036534022317,-0.03472347824302366,-0.0029728227651820284
22.900000000000002,45.31689299239887,-0.035020760519541866,-0.002911192827323362
23.0,45.31339091634691,-0.035311879802274196,-0.0028170259146818467
23.1,45.30985972836669,-0.035593582393742385,-0.002743371462945762
23.200000000000003,45.30630037012731,-0.035867919540036965,-0.0026980856075407727
23.3,45.30271357817331,-0.036137728100791036,-0.002628470663694861
23.400000000000002,45.29909980536323,-0.036400575167160526,-0.0026146800418785786
23.5,45.295459747846515,-0.03666204317134838,-0.002616874723606018
23.6,45.29179354352938,-0.036923730643708984,-0.002527456298131481
23.700000000000003,45.288101170465005,-0.037176476273522135,-0.0023080922310620357
23.8,45.28438352283766,-0.037407285496628334,-0.002026390576108066
23.900000000000002,45.28064279428799,-0.037609924554239144,-0.0016860281092065748
24.0,45.276881801832566,-0.0377785273651598,-0.0013390196171078426
24.1,45.273103949096054,-0.037912429326870584,-0.000978540295801647
24.200000000000003,45.26931270616336,-0.03801028335645075,-0.000648046770483232
24.3,45.26551167782772,-0.03807508803349907,-0.0003120389665728318
24.400000000000002,45.26170416902437,-0.038106291930156355,-8.42111429109217e-05
24.5,45.25789353983136,-0.03811471304444745,0.0001454457831737817
24.6,45.25408206852691,-0.03810016846613007,0.0003883630034984209
24.700000000000003,45.2502720516803,-0.038061332165780226,0.0006434216446914997
24.8,45.24646591846372,-0.03799699000131108,0.0008487225431776676
24.900000000000002,45.24266621946359,-0.03791211774699331,0.0009688253507613082
25.0,45.23887500768889,-0.03781523521191718,0.001096494100594465
25.1,45.2350934841677,-0.03770558580185773,0.0012574796275213562
25.200000000000003,45.23132292558751,-0.037579837839105595,0.0014188646666039469
25.3,45.2275649418036,-0.037437951372445204,0.0015768303555012185
25.400000000000002,45.22382114666635,-0.03728026833689508,0.001715263859673572
25.5,45.22009311983267,-0.037108741950927726,0.0017734815664306484
25.6,45.216382245637575,-0.03693139379428466,0.0017115945405682849
25.700000000000003,45.212689106258146,-0.03676023434022783,0.0017297524984535525
25.8,45.20901308282412,-0.036587259090382476,0.0017057635783872017
25.900000000000002,45.20535435691509,-0.036416682732543754,0.0015908147550372153
26.0,45.20171268864183,-0.036257601257040036,0.001482931320995799
26.1,45.198086928516126,-0.036109308124940453,0.0012871041971710363
26.200000000000003,45.194475997703634,-0.03598059770522335,0.001038869426949565
26.3,45.19087793793311,-0.035876710762528394,0.0007579244050290899
26.400000000000002,45.187290266856856,-0.035800918322025484,0.00048448568280457996
26.5,45.18371017502466,-0.03575246975374503,0.0002922410807541062
26.6,45.18013492804928,-0.035723245645669616,0.0001650673893151937
26.700000000000003,45.17656260348471,-0.035706738906738096,0.00011071871589607665
26.8,45.17299192959404,-0.03569566703514849,9.656167967338066e-05
26.900000000000002,45.16942236289052,-0.03568601086718115,0.00013045513926356335
27.0,45.1658537618038,-0.035672965353254794,0.0002708080980727518
27.1,45.16228646526848,-0.03564588454344752,0.0004257585185547053
27.200000000000003,45.158721876814134,-0.03560330869159205,0.0005258310027564495
27.3,45.15516154594498,-0.035550725591316404,0.0005606121330259316
27.400000000000002,45.15160647338585,-0.03549466437801381,0.0006018478251745968
27.5,45.148057006948044,-0.03543447959549635,0.0006852424287237438
27.6,45.14451355898849,-0.035365955352623976,0.0008638560559780117
27.700000000000003,45.140976963453234,-0.035279569747026174,0.0010435509282532647
27.8,45.137449006478526,-0.03517521465420085,0.0011277218615207535
27.900000000000002,45.13393148501311,-0.03506244246804877,0.0012733185829600778
28.0,45.13042524076631,-0.03493511060975277,0.0014818902415994967
28.1,45.126931729705326,-0.034786921585592816,0.0017545121232571015
28.200000000000003,45.12345303754677,-0.0346114703732671,0.0019422697167321699
28.3,45.11999189050944,-0.03441724340159389,0.0020462786989612334
28.400000000000002,45.11655016616928,-0.034212615531697764,0.0021118331119234397
28.5,45.11312890461611,-0.034001432220505425,0.002172052242370545
28.6,45.10972876139406,-0.03378422699626837,0.0022450621353044637
28.700000000000003,45.10635033869443,-0.03355972078273792,0.0022635809675672146
28.8,45.10299436661616,-0.0333333626859812,0.0022751991848624455
28.900000000000002,45.09966103034756,-0.03310584276749495,0.0023112282299006326
29.0,45.096350446070815,-0.032874719944504895,0.0023702410097144544
29.1,45.09306297407636,-0.032637695843533446,0.002423485346603437
29.200000000000003,45.08979920449201,-0.0323953473088731,0.0024937653077312777
29.3,45.08655966976112,-0.032145970778099976,0.002581195643535821
29.400000000000002,45.083345072683315,-0.03188785121374639,0.0027089648777307734
29.5,45.08015628756194,-0.03161695472597332,0.0028094344727786925
29.6,45.07699459208934,-0.031336011278695446,0.0029146486741519276
29.700000000000003,45.07386099096147,-0.03104454641128025,0.0030513323580779557
29.8,45.070756536320346,-0.03073941317547246,0.0032478066834478138
29.900000000000002,45.06768259500279,-0.030414632507127674,0.00348611369999603
30.0,45.06464113175208,-0.030066021137128078,0.003664712201227067
30.1,45.06163452963837,-0.029699549917005366,0.003828177113470979
30.200000000000003,45.05866457464667,-0.029316732205658263,0.003940723209497393
30.3,45.055732901426104,-0.028922659884708532,0.0040176718883520295
30.400000000000002,45.05284063543763,-0.028520892695873323,0.004069936024547211
30.5,45.049988546168045,-0.02811389909341861,0.004190405073092258
30.6,45.047177156258705,-0.02769485858610938,0.004279969267520093
30.700000000000003,45.04440767040009,-0.027266861659357364,0.004385633987007826
30.8,45.041680984234155,-0.02682829826065659,0.004514797304013175
30.900000000000002,45.03899815440809,-0.026376818530255267,0.004641101976502119
31.0,45.03636047255507,-0.025912708332605065,0.004731943197968208
31.1,45.0337692017218,-0.025439514012808237,0.004871804378233369
31.200000000000003,45.031225250320524,-0.024952333574984893,0.004945517509456697
31.3,45.028730016963024,-0.024457781824039234,0.0051120365877396386
31.400000000000002,45.026284238780626,-0.023946578165265263,0.005225835891586046
31.5,45.023889580964095,-0.02342399457610667,0.005332853486648547
31.6,45.021547181506484,-0.022890709227441807,0.005421589636566338
31.700000000000003,45.01925811058374,-0.022348550263785166,0.005493862901823506
31.8,45.01702325555736,-0.021799163973602827,0.005574902054650337
31.900000000000002,45.01484333916,-0.021241673768137785,0.005639031254862421
32.0,45.01271917178319,-0.020677770642651555,0.005582841936938196
32.1,45.01065139471893,-0.020119486448957728,0.005597751768326432
32.2,45.00863944607403,-0.019559711272125076,0.005647501643882026
32.300000000000004,45.00668347494682,-0.018994961107736866,0.00564692628475927
32.4,45.004783978836045,-0.01843026847926097,0.005599191824837552
32.5,45.002940951988116,-0.017870349296777208,0.005562998505876754
32.6,45.00115391705844,-0.017314049446189524,0.005512758997661708
32.7,44.99942251211382,-0.016762773546423346,0.005506437540262503
32.800000000000004,44.99774623475918,-0.016212129792397088,0.005532344487142809
32.9,44.99612502177994,-0.015658895343682838,0.005455791496065148
33.0,44.99455913224557,-0.015113316194076316,0.0053480969051632465
33.1,44.99304780062616,-0.014578506503559983,0.005259722699695527
33.2,44.991589949975804,-0.014052534233590423,0.00526460293298669
33.300000000000004,44.99018469655245,-0.013526073940291747,0.005260768909840408
33.4,44.988832089158414,-0.012999997049307736,0.005293575576420667
33.5,44.98753208945349,-0.012470639491665662,0.005247720224007298
33.6,44.98628502550432,-0.011945867469264924,0.005227728797136169
33.7,44.985090438757396,-0.0114230945895513,0.0052071352385962616
33.800000000000004,44.98394812929844,-0.010902381065691667,0.005170968794995442
33.9,44.98285789119187,-0.010385284186192152,0.005238458119446813
34.0,44.98181936277325,-0.009861438374247463,0.0053284536891726126
34.1,44.98083321893583,-0.009328593005330194,0.005433663288094164
34.2,44.979900359635295,-0.00878522667652077,0.0055733207234
34.300000000000004,44.97902183696764,-0.008227894604180762,0.005710981591926342
34.4,44.978199047507225,-0.0076567964449881605,0.00579344281862008
34.5,44.97743336786272,-0.007077452163126144,0.005900493326714068
34.6,44.97672562264641,-0.006487402830454729,0.0060690768002034596
34.7,44.976076882363365,-0.0058804951504343745,0.006197212749042591
34.800000000000004,44.97548883284832,-0.005260773875530107,0.006273706714591275
34.9,44.974962755460766,-0.004633403204071015,0.006302854559771008
35.0,44.974499415140365,-0.004003117748093905,0.006246212722209033
35.1,44.97409910336555,-0.003378496475872993,0.006184354804220524
35.2,44.97376125371797,-0.0027600609954509317,0.0061134032334515115
35.300000000000004,44.97348524761842,-0.002148720672105772,0.006015365423564532
35.4,44.97327037555121,-0.0015471841297493528,0.005921533625045126
35.5,44.97311565713824,-0.0009550307672448317,0.0058478168531855435
35.6,44.97302015406151,-0.00037024908192626906,0.005846879920215781
35.7,44.97298312915332,0.00021443891009531742,0.005884947670286462
35.800000000000004,44.97300457304433,0.000802933677123972,0.005929140792277503
35.9,44.97308486641204,0.0013958477563516887,0.006027647563240386
36.0,44.973224451187676,0.001998612512675736,0.006064904189058345
36.1,44.973424312438944,0.002605102931581579,0.006044881022158637
36.2,44.973684822732096,0.0032095910337974513,0.0059595636571426495
36.300000000000004,44.97400578183548,0.0038055473995117248,0.005893272901147463
36.4,44.97438633657543,0.0043948746896264376,0.005775277044416378
36.5,44.974825824044395,0.004972402394068084,0.005646932828797513
36.6,44.9753230642838,0.005537095676947843,0.005442403313233019
36.7,44.975876773851496,0.0060813360082711525,0.005151140528870109
36.800000000000004,44.976484907452324,0.006596450061158171,0.004865906587475073
36.9,44.97714455245844,0.00708304071990565,0.0047120030534899
37.0,44.977852856530426,0.007554241025254647,0.004658743185505316
37.1,44.978608280632955,0.008020115343805185,0.0046380365454066555
37.2,44.97941029216734,0.008483918998345857,0.004630537442357235
37.300000000000004,44.98025868406717,0.008946972742581587,0.004646246555744894
37.4,44.98115338134143,0.00941159739815605,0.004621412330646748
37.5,44.982094541081246,0.009873738631220732,0.004671844620167539
37.6,44.983081914944364,0.010340923093237493,0.004747300438430193
37.7,44.98411600725369,0.010815653137080519,0.0047487321641165505
37.800000000000004,44.985197572567394,0.01129052635349218,0.004727917739300478
37.9,44.98632662520274,0.011763318127422201,0.004623306616570372
38.0,44.98750295701549,0.012225648789079245,0.004504190767685127
38.1,44.988725521894395,0.012676067865847764,0.004481137686736566
38.2,44.98999312868098,0.013124181634521427,0.004455137904850511
38.300000000000004,44.99130554684443,0.013569695425006485,0.004354298959795667
38.400000000000006,44.992662516386936,0.014005125320986057,0.004261716986042867
38.5,44.99406302891903,0.01443129701959032,0.004135714035191997
38.6,44.99550615862099,0.014844868423109525,0.004044168656666519
38.7,44.9969906454633,0.015249285288776183,0.003866691228572337
38.800000000000004,44.99851557399218,0.015635954411633422,0.0035812819398450663
38.900000000000006,45.00007916943334,0.015994082605617934,0.0032200086467378776
39.0,45.0016785776939,0.016316083470291703,0.0028629085372665975
39.1,45.003310186040935,0.016602374324018367,0.0024497049641167626
39.2,45.00497042347334,0.016847344820430047,0.0020719767870709376
39.300000000000004,45.00665515795538,0.017054542499137144,0.0016908369892921114
39.400000000000006,45.008360612205294,0.017223626198066357,0.0012760816170510577
39.5,45.010082974825096,0.017351234359771456,0.0008180450674349799
39.6,45.011818098261074,0.017433038866514955,0.0003578664776566297
39.7,45.01356140214773,0.01746882551428062,1.674104316944068e-05
39.800000000000004,45.01530828469915,0.017470499618597563,-0.00019172258321851075
39.900000000000006,45.017055334661016,0.01745132736027571,-0.00034795657310680747
40.0,45.01880046739704,0.017416531702965032,-0.0004335300766084995
40.1,45.02054212056734,0.017373178695304182,-0.0004858775946040631
40.2,45.02227943843687,0.017324590935843775,-0.0005772249092498697
40.300000000000004,45.02401189753046,0.017266868444918787,-0.0007151561352724651
40.400000000000006,45.02573858437495,0.01719535283139154,-0.0008697602127242876
40.5,45.027458119658085,0.017108376810119116,-0.00107669288693593
40.6,45.029168957339095,0.01700070752142552,-0.0013558338414573227
40.7,45.03086902809124,0.016865124137279787,-0.001682265532400248
40.800000000000004,45.032555540504966,0.01669689758403976,-0.002026849916122008
40.900000000000006,45.034225230263374,0.016494212592427556,-0.002279951863962152
41.0,45.03587465152261,0.016266217406031354,-0.0024652275835108923
41.1,45.03750127326322,0.01601969464768026,-0.0026179022837327275
41.2,45.03910324272798,0.015757904419306985,-0.0027851133636175086
41.300000000000004,45.040679033169916,0.01547939308294523,-0.0028230877422978583
41.400000000000006,45.04222697247821,0.01519708430871544,-0.0028751571325068355
41.5,45.04374668090908,0.014909568595464773,-0.0028683047582658766
41.6,45.04523763776863,0.014622738119638181,-0.0028800721608924123
41.7,45.046699911580596,0.014334730903548936,-0.0028881803076950406
41.800000000000004,45.04813338467095,0.014045912872779428,-0.0028480469667587923
41.900000000000006,45.04953797595822,0.013761108176103544,-0.002740127976927405
42.0,45.05091408677583,0.01348709537841082,-0.0027070054943651024
42.1,45.05226279631368,0.013216394828974305,-0.002694427643825447
42.2,45.05358443579657,0.012946952064591757,-0.002696903125809915
42.300000000000004,45.054879131003034,0.012677261752010761,-0.0026435918304755124
42.400000000000006,45.056146857178234,0.012412902568963206,-0.002574901301249402
42.5,45.057388147435134,0.01215541243883828,-0.0024958393253775813
42.6,45.058603688679014,0.011905828506300519,-0.002451718795052505
42.7,45.05979427152965,0.011660656626795265,-0.0023691546535613813
42.800000000000004,45.06096033719233,0.011423741161439124,-0.002228250159936176
42.900000000000006,45.06210271130847,0.011200916145445503,-0.002108441239177439
43.0,45.063222802923015,0.010990072021527771,-0.0020848530061146463
43.1,45.064321810125165,0.010781586720916303,-0.0021256252854062437
43.2,45.06539996879726,0.010569024192375676,-0.002115171513670145
43.300000000000004,45.066456871216495,0.010357507041008658,-0.0021222985221329644
43.400000000000006,45.06749262192059,0.010145277188795359,-0.0021289255483658734
43.5,45.06850714963947,0.009932384633958784,-0.0021870561632990546
43.6,45.069500388102874,0.009713679017628875,-0.002189390602294169
43.7,45.070471756004636,0.009494739957399455,-0.0021592577966542165
43.800000000000004,45.071421230000375,0.00927881417773403,-0.0021102599624045703
43.900000000000006,45.07234911141815,0.00906778818149357,-0.0020338931764918244
44.0,45.0732558902363,0.0088643988638444,-0.0019250016013655055
44.1,45.07414233012268,0.008671898703707846,-0.00187028339821405
44.2,45.07500951999305,0.008484870363886439,-0.0017927424758074513
44.300000000000004,45.07585800702944,0.008305596116305691,-0.0017975933353567204
44.400000000000006,45.076688566641074,0.008125836782770016,-0.0018706203428451467
44.5,45.07750115031935,0.007938774748485512,-0.001903058128545379
44.6,45.0782950277942,0.007748468935630972,-0.0018961826651664017
44.7,45.07906987468776,0.007558850669114329,-0.0018901540105537096
44.800000000000004,45.07982575975467,0.007369835268058955,-0.001803377503254763
44.900000000000006,45.080562743281476,0.007189497517733476,-0.001648160268767098
45.0,45.08128169303325,0.007024681490856776,-0.001393005453994738
45.1,45.08198416118233,0.0068853809454573,-0.0011291484830515237
45.2,45.082672699276884,0.006772466097152146,-0.0008948176184167678
45.300000000000004,45.083349945886596,0.006682984335310468,-0.0006379307556946246
45.400000000000006,45.08401824432013,0.006619191259741005,-0.0003686385731955668
45.5,45.0846801634461,0.00658232740242145,-0.00011492538695987926
45.6,45.085338396186344,0.006570834863725462,8.943645193784528e-05
45.7,45.08599547967272,0.006579778508919247,0.00029176295676253583
45.800000000000004,45.08665345752361,0.006608954804595501,0.0004744345710863704
45.900000000000006,45.08731435300407,0.006656398261704138,0.0006349550025717979
46.0,45.08797999283024,0.006719893761961315,0.0007553412442105868
46.1,45.088651982206436,0.006795427886382374,0.0008015024463940327
46.2,45.089331524995075,0.006875578131021779,0.0008999898159942979
46.300000000000004,45.090019082808176,0.00696557711262121,0.0010489362588681744
46.400000000000006,45.090715640519434,0.007070470738508029,0.0011490722850101373
46.5,45.09142268759329,0.007185377967009036,0.0012790821966042207
46.6,45.09214122538999,0.00731328618666946,0.0013538363133095454
46.7,45.09287255400866,0.007448669818000416,0.0014783397105708766
46.800000000000004,45.093617420990455,0.007596503789057506,0.0016622437601930922
46.900000000000006,45.094377071369365,0.007762728165076818,0.0018313341403774445
47.0,45.09515334418587,0.007945861579114552,0.0019706621605230265
47.1,45.09594793034378,0.008142927795166857,0.0021102798271398784
47.2,45.0967622231233,0.008353955777880848,0.0022585746409772177
47.300000000000004,45.09759761870109,0.008579813241978573,0.002489069372659489
47.400000000000006,45.09845560002528,0.008828720179244525,0.00265421746996773
47.5,45.09933847204321,0.009094141926241283,0.0028076304992713293
47.6,45.100247886235834,0.00937490497616842,0.002991233249352794
47.7,45.10118537673345,0.009674028301103704,0.003178833983201429
47.800000000000004,45.10215277956356,0.009991911699423851,0.0032610894213098
47.900000000000006,45.1031519707335,0.010318020641554836,0.0033112602341753604
48.0,45.104183772797654,0.010649146664972353,0.003437726540251078
48.1,45.105248687464155,0.010992919318997466,0.0035822497911955887
48.2,45.106347979396055,0.01135114429811703,0.003651483683005819
48.300000000000004,45.10748309382586,0.011716292666417617,0.0037319511250384968
48.400000000000006,45.108654723092506,0.012089487778921472,0.003841998758104131
48.5,45.1098636718704,0.012473687654731863,0.00391790342846535
48.6,45.111111040635876,0.012865477997578404,0.0040098579031785184
48.7,45.112397588435634,0.013266463787896261,0.004050381518016679
48.800000000000004,45.11372423481442,0.013671501939697935,0.004020928101771121
48.900000000000006,45.11509138500839,0.014073594749875053,0.0040023357616147445
49.0,45.11649874448338,0.014473828326036504,0.003976792707872756
49.1,45.11794612731598,0.014871507596823786,0.0039663790189278575
49.2,45.11943327807566,0.015268145498716577,0.0040712126529750545
49.300000000000004,45.12096009262554,0.01567526676401409,0.004121048327405025
49.400000000000006,45.122527619301934,0.016087371596754597,0.00413661630607124
49.5,45.12413635646161,0.016501033227361697,0.004156013030502646
49.6,45.12578645978435,0.016916634530411968,0.004189508566321459
49.7,45.12747812323739,0.01733558538704412,0.004264701059026122
49.800000000000004,45.12921168177609,0.017762055492946738,0.004302749337415689
49.900000000000006,45.13098788732539,0.018192330426688313,0.0042943760912245174
50.0,45.13280712036806,0.01862176803581074,0.004329741997957077
50.1,45.13466929717164,0.019054742235606454,0.004287165227114019
50.2,45.1365747713952,0.019483458758317862,0.004180934970647632
50.300000000000004,45.138523117271035,0.01990155225538263,0.004031371019246865
50.400000000000006,45.14051327249657,0.020304689357307323,0.003947737123583694
50.5,45.1425437414323,0.02069946306966567,0.003928231413164743
50.6,45.144613687739266,0.02109228621098215,0.003937597553973749
50.7,45.14672291636037,0.02148604596637953,0.003972090987019567
50.800000000000004,45.148871520957,0.021883255065081493,0.0039546166581407504
50.900000000000006,45.15105984646351,0.022278716730895574,0.0038706350221202313
51.0,45.1532877181366,0.022665780233107575,0.0037692066490964213
51.1,45.15555429615991,0.023042700898017222,0.0036964662538775494
51.2,45.157858566249715,0.023412347523404983,0.003662574301728592
51.300000000000004,45.16019980100205,0.023778604953577847,0.0035869747376835086
51.400000000000006,45.16257766149741,0.024137302427346203,0.0034169433943070787
51.5,45.164991391740145,0.02447899676677689,0.003227437303545781
51.6,45.16743929141683,0.024801740497131474,0.0030136469215861967
51.7,45.169919465466535,0.025103105189290098,0.0028912138683409865
51.800000000000004,45.172429775985464,0.0253922265761242,0.0028458570446742173
51.900000000000006,45.17496899864308,0.025676812280591627,0.0028331518965624704
52.0,45.17753667987114,0.025960127470247858,0.002853692290940909
52.1,45.180132692618166,0.026245496699341953,0.002888176316882291
52.2,45.1827572422881,0.026534314331030186,0.002876276384491076
52.300000000000004,45.1854106737212,0.026821941969479297,0.0029385261484602826
52.400000000000006,45.18809286791815,0.02711579458432533,0.003028321687763602
52.5,45.19080444737658,0.027418626753101673,0.0030773140446365816
52.6,45.19354631005189,0.027726358157565335,0.003184965545648181
52.7,45.196318945867645,0.028044854712130158,0.0033349012064947405
52.800000000000004,45.19912343133886,0.028378344832779637,0.003525315253764488
52.900000000000006,45.201961265822135,0.02873087635815609,0.003644184862260819
53.0,45.204834353457954,0.02909529484438215,0.0037459362084774233
53.1,45.20774388294239,0.0294698884652299,0.0039052838860434563
53.2,45.21069087178891,0.02986041685383425,0.00408504497373859
53.300000000000004,45.213676913474295,0.030268921351208115,0.004182382566084208
53.400000000000006,45.21670380560942,0.030687159607816542,0.004268946513957851
53.5,45.2197725215702,0.031114054259212303,0.004272318930146389
53.6,45.22288392699612,0.03154128615222695,0.004314869596968315
53.7,45.22603805561135,0.031972773111923786,0.004323067676707614
53.800000000000004,45.229235332922535,0.03240507987959455,0.0042676457269846205
53.900000000000006,45.232475840910496,0.03283184445229302,0.004109856472651771
54.0,45.235759025355726,0.033242830099558175,0.0038772711884239312
54.1,45.23908330836568,0.033630557218400574,0.003677074029388872
54.2,45.24244636408752,0.033998264621339466,0.003422295451486708
54.300000000000004,45.245846190549656,0.03434049416648814,0.0032131132011818902
54.400000000000006,45.2492802399663,0.034661805486606335,0.0030489747416304405
54.5,45.25274642051497,0.03496670296076936,0.0028978946007461874
54.6,45.25624309081104,0.035256492420843985,0.0027380480110790082
54.7,45.259768740053126,0.03553029722195189,0.0025200141050269243
54.800000000000004,45.263321769775324,0.035782298632454586,0.0023102149276691217
54.900000000000006,45.26689999963857,0.0360133201252215,0.0021526165344083583
55.0,45.27050133165109,0.036228581778662325,0.002029950631603257
55.1,45.27412418982895,0.036431576841822653,0.0018505342576778398
55.2,45.27776734751314,0.03661663026759044,0.0017334860642245517
55.300000000000004,45.281429010539895,0.0367899788740129,0.0016358054640071052
55.400000000000006,45.2851080084273,0.03695355942041361,0.001540542269421759
55.5,45.288803364369336,0.03710761364735578,0.0015285381521950919
55.6,45.29251412573407,0.03726046746257529,0.001564479565350335
55.7,45.29624017248033,0.037416915419110325,0.001564377060130953
55.800000000000004,45.29998186402224,0.03757335312512342,0.001652557167120654
55.900000000000006,45.30373919933476,0.03773860884183549,0.0016615450468887823
56.0,45.30751306021894,0.03790476334652436,0.0016479356367439984
56.1,45.311303536553595,0.03806955691019876,0.001538325530494231
56.2,45.315110492244614,0.038223389463248186,0.0013519691517313388
56.300000000000004,45.318932831190935,0.03835858637842132,0.0011679830606083602
56.400000000000006,45.32276868982878,0.03847538468448216,0.0009883182640829525
56.5,45.326616228297226,0.03857421651089045,0.0007105077031781159
56.6,45.33047364994832,0.03864526728120826,0.00037673097862532
56.7,45.33433817667644,0.038682940379070795,1.0632352569067543e-05
56.800000000000004,45.33820647071435,0.0386840036143277,-0.0003104470204844068
56.900000000000006,45.34207487107577,0.03865295891227926,-0.0006401928823149636
57.0,45.345940166967004,0.03858893962404777,-0.0009654498854509559
57.1,45.349799060929406,0.03849239463550267,-0.0012270225549862977
57.2,45.35364830039296,0.03836969238000404,-0.0014642354973520635
57.300000000000004,45.357485269630956,0.03822326883026883,-0.0017019197778732793
57.400000000000006,45.36130759651399,0.0380530768524815,-0.001850236215381781
57.5,45.365112904199236,0.03786805323094333,-0.0020940388321301746
57.6,45.36889970952233,0.03765864934773031,-0.002386634139803883
57.7,45.3726655744571,0.03741998593374992,-0.00271277211339373
57.800000000000004,45.37640757305048,0.037148708722410544,-0.0030805510534708236
57.900000000000006,45.380122443922716,0.03684065361706346,-0.0034466307227715032
58.0,45.383806509284426,0.036495990544786326,-0.0038006435329665674
58.1,45.3874561083389,0.036115926191489664,-0.004072571417344528
58.2,45.391067700958054,0.035708669049755205,-0.004274460953215759
58.300000000000004,45.394638567863026,0.03528122295443362,-0.0044136876501107355
58.400000000000006,45.39816669015847,0.034839854189422544,-0.004534011551876931
58.5,45.401650675577415,0.034386453034234876,-0.00467958563679226
58.6,45.40508932088083,0.033918494470555643,-0.0047652334416865855
58.7,45.40848117032789,0.03344197112638698,-0.004766215967949712
58.800000000000004,45.41182536744053,0.032965349529592,-0.004797098507919943
58.900000000000006,45.41512190239349,0.0324856396788,-0.004850110011053661
59.0,45.41837046636137,0.03200062867769466,-0.004907965510844506
59.1,45.42157052922914,0.0315098321266102,-0.004926595903121874
59.2,45.4247215124418,0.03101717253629801,-0.004992769645978735
59.300000000000004,45.42782322969543,0.030517895571700128,-0.005064490386816192
59.400000000000006,45.4308750192526,0.0300114465330185,-0.005116767367244388
59.5,45.4338761639059,0.029499769796294092,-0.0051922824017680514
59.6,45.43682614088553,0.02898054155611728,-0.005236855158229874
59.7,45.439724195041144,0.028456856040294284,-0.005300307312626825
59.800000000000004,45.44256988064517,0.027926825309031594,-0.005348797687416827
59.900000000000006,45.445362563176076,0.027391945540289904,-0.0053654981380319156
60.0,45.44810175773011,0.026855395726486743,-0.005386000018786252
60.1,45.45078729730275,0.02631679572460811,-0.005466918087062211
60.2,45.45341897687521,0.02577010391590188,-0.005519413684290713
60.300000000000004,45.4559959872668,0.025218162547472802,-0.005545338605723653
60.400000000000006,45.45851780352155,0.02466362868690043,-0.005582410066316273
60.5,45.46098416639024,0.024105387680268833,-0.0056243139111992226
60.6,45.46339470515827,0.023542956289148903,-0.005666903607596796
60.7,45.465749000787184,0.022976265928389215,-0.005745282623727451
60.800000000000004,45.46804662738002,0.022401737666016462,-0.005742187393837037
60.900000000000006,45.47028680114663,0.02182751892663275,-0.005657721630337463
61.0,45.47246955303929,0.021261746763599036,-0.005560192831807674
61.1,45.474595727715645,0.02070572748041826,-0.005455141315244264
61.2,45.47666630046369,0.020160213348893827,-0.005354893979554978
61.300000000000004,45.47868232179858,0.01962472395093832,-0.005331485965951032
61.400000000000006,45.48064479419367,0.01909157535434321,-0.005310251082839338
61.5,45.48255395172911,0.018560550246059307,-0.005351421984117054
61.6,45.48441000675371,0.018025408047647594,-0.005331418332130856
61.7,45.48621254755848,0.0174922662144345,-0.005358560367840416
61.800000000000004,45.48796177417992,0.01695641017765045,-0.005431085096035778
61.900000000000006,45.489657415197684,0.016413301668046866,-0.005586319075344131
62.0,45.49129874536449,0.015854669760512485,-0.005760544968122684
62.1,45.49288421234054,0.015278615263700208,-0.005901310280165171
62.2,45.49441207386691,0.014688484235683683,-0.005998911053451043
62.300000000000004,45.49588092229048,0.01408859313033857,-0.006059206264808146
62.400000000000006,45.49728978160351,0.013482672503857747,-0.006090097176477473
62.5,45.4986380488539,0.012873662786210034,-0.006150016439060885
62.6,45.49992541513252,0.012258661142303937,-0.006208932090916821
62.7,45.50115128124675,0.011637767933212246,-0.006245477512976086
62.800000000000004,45.502315058040075,0.011013220181914628,-0.006252486993218382
62.900000000000006,45.50341638005826,0.010387971482592781,-0.006283283847974025
63.0,45.50445517720652,0.009759643097795414,-0.006348952422357675
63.1,45.505431141516304,0.009124747855559638,-0.006456271022139843
63.2,45.50634361630186,0.008479120753345644,-0.0065387158935160715
63.300000000000004,45.50719152837719,0.007825249163994028,-0.006645241998392456
63.400000000000006,45.507974053293594,0.007160724964154773,-0.006814497403466316
63.5,45.50869012579001,0.00647927522380818,-0.006994467691408359
63.6,45.50933805331239,0.005779828454667334,-0.007222896443479121
63.7,45.509916036157854,0.005057538810319412,-0.007496371949177076
63.800000000000004,45.51042179003889,0.004307901615401693,-0.007751628453239099
63.900000000000006,45.51085258020043,0.0035327387700777725,-0.008036517623316175
64.0,45.51120585407744,0.0027290870077462006,-0.008307510900205015
64.10000000000001,45.51147876277821,0.0018983359177256283,-0.008571634636324054
64.2,45.51166859636998,0.0010411724540932716,-0.008708804266713261
64.3,45.51177271361539,0.00017029202742199496,-0.008815937743198051
64.4,45.51178974281814,-0.0007113017468978853,-0.008938969732923702
64.5,45.51171861264344,-0.0016051987201902047,-0.009032018789809167
64.60000000000001,45.51155809277142,-0.0025084005991711984,-0.009032394451011758
64.7,45.51130725271151,-0.003411640044272323,-0.00902028323857013
64.8,45.51096608870708,-0.0043136683681292845,-0.008952137206922495
64.9,45.51053472187027,-0.00520888208882161,-0.008905270927519353
65.0,45.51001383366139,-0.006099409181573495,-0.008830845985587211
65.10000000000001,45.50940389274323,-0.0069824937801322914,-0.008759188009758752
65.2,45.50870564336522,-0.007858412581108117,-0.008607482973100222
65.3,45.507919802107104,-0.00871916087841809,-0.008481668624520244
65.4,45.507047886019265,-0.009567327740870187,-0.008358910658015056
65.5,45.50609115324517,-0.010403218806671645,-0.008219371770754595
65.60000000000001,45.50505083136451,-0.011225155983747175,-0.008100571401227106
65.7,45.50392831576613,-0.01203521312386984,-0.007964879780154173
65.8,45.50272479445375,-0.012831701101885211,-0.0078034791955964205
65.9,45.501441624343556,-0.01361204902144492,-0.0076622497568436965
66.0,45.50008041944142,-0.014378273997129246,-0.0075174121363890895
66.10000000000001,45.4986425920417,-0.015130015210768219,-0.007331328312581049
66.2,45.49712959052062,-0.015863148042026282,-0.007054308461025267
66.3,45.49554327571642,-0.01656857888812877,-0.0066751230453034605
66.4,45.49388641782761,-0.017236091192659172,-0.006270618702359901
66.5,45.49216280870834,-0.017863153062895126,-0.005885654543311501
66.60000000000001,45.49037649340205,-0.018451718517226327,-0.005548577482543848
66.7,45.48853132155033,-0.01900657626548068,-0.005182247543015998
66.8,45.48663066392378,-0.01952480101978225,-0.004812959084442541
66.9,45.484678183821806,-0.020006096928226545,-0.004494087963498399
67.0,45.482677574128985,-0.02045550572457636,-0.0042251026632959
67.10000000000001,45.480632023556524,-0.020878015990905986,-0.003894325794580266
67.2,45.478544221957435,-0.02126744857036399,-0.0035430703452927273
67.3,45.4764174771004,-0.021621755604893243,-0.0032335458651796423
67.4,45.474255301539905,-0.021945110191411234,-0.0029194414703389705
67.5,45.472060790520764,-0.022237054338445115,-0.0026774357426313936
67.60000000000001,45.46983708508692,-0.022504797912708277,-0.0025125584271245113
67.7,45.46758660529565,-0.022756053755420714,-0.002332690985396701
67.8,45.465310999920106,-0.02298932285396037,-0.002062784602820664
67.9,45.463012067634715,-0.023195601314242455,-0.0017749380447956676
68.0,45.46069250750329,-0.02337309511872201,-0.00147274019768781
68.10000000000001,45.458355197991416,-0.023520369138490805,-0.0011123685125471608
68.2,45.45600316107757,-0.023631605989745515,-0.000661604144960966
68.3,45.45364000047859,-0.023697766404241608,-0.00011613787158806491
68.4,45.45127022383817,-0.023709380191400415,0.0003969350509456949
68.5,45.44889928581903,-0.023669686686305848,0.000831279263875903
68.60000000000001,45.4465323171504,-0.02358655875991825,0.001244670141826687
68.7,45.444173661274405,-0.02346209174573559,0.0016457795533808444
68.8,45.44182745209983,-0.023297513790397514,0.0020162627726054445
68.9,45.43949770072079,-0.023095887513136952,0.0023743769595305528
69.0,45.437188111969476,-0.02285844981718391,0.002732861618809378
69.10000000000001,45.43490226698776,-0.02258516365530295,0.0030198007515584
69.2,45.43264375062223,-0.022283183580147126,0.003324103893661017
69.3,45.43041543226422,-0.021950773190781044,0.003626283441119305
69.4,45.42822035494514,-0.021588144846669082,0.003867860654875923
69.5,45.42606154046047,-0.021201358781181512,0.004127321866035852
69.60000000000001,45.42394140458235,-0.02078862659457789,0.004356103525503985
69.7,45.4218625419229,-0.020353016242027518,0.004601730465649564
69.8,45.419827240298694,-0.019892843195462587,0.004844694629358822
69.9,45.417837955979145,-0.019408373732526664,0.005003620161430709
70.0,45.41589711860589,-0.01890801171638362,0.0051781819263676835
70.10000000000001,45.41400631743426,-0.01839019352374681,0.0054187513091557725
70.2,45.41216729808188,-0.017848318392831262,0.005636545669819728
70.3,45.410382466242595,-0.01728466382584932,0.005811540234512196
70.4,45.408653999860014,-0.016703509802398053,0.005894361807929337
70.5,45.40698364887977,-0.016114073621605152,0.005926419476454181
70.60000000000001,45.40537224151761,-0.015521431673959684,0.005871749611159383
70.7,45.40382009835022,-0.014934256712843779,0.005709268618737448
70.8,45.40232667267893,-0.014363329850970066,0.005524613773006425
70.9,45.40089033969384,-0.013810868473669377,0.005397785481663394
71.0,45.39950925284647,-0.013271089925503068,0.005254446758840798
71.10000000000001,45.398182143853916,-0.012745645249618943,0.005078683674160673
71.2,45.39690757932895,-0.012237776882202905,0.004938628165522457
71.3,45.395683801640736,-0.011743914065650687,0.004820718898177189
71.4,45.39450941023417,-0.011261842175832927,0.004645107039454106
71.5,45.39338322601659,-0.010797331471887543,0.004508706467195118
71.60000000000001,45.392303492869395,-0.010346460825167993,0.00429171281101079
71.7,45.39126884678688,-0.009917289544066938,0.004067295953745192
71.8,45.390277117832476,-0.009510559948692442,0.003828633641417559
71.9,45.38932606183761,-0.009127696584550654,0.003549798591358296
72.0,45.38841329217915,-0.008772716725414844,0.0033017137869382654
72.10000000000001,45.38753602050661,-0.00844254534672099,0.0030517517964435276
72.2,45.38669176597194,-0.008137370167076654,0.0028138017914650826
72.3,45.385878028955226,-0.007855989987930162,0.0025705530152772527
72.4,45.38509242995644,-0.007598934686402415,0.0022841106770682576
72.5,45.3843325364878,-0.007370523618695602,0.001973357666242549
72.60000000000001,45.38359548412593,-0.00717318785207133,0.0016672018213672358
72.7,45.38287816534072,-0.007006467669934616,0.0014571435414459859
72.8,45.38217751857373,-0.006860753315790026,0.001332523248562637
72.9,45.38149144324215,-0.006727500990933751,0.0012566948176103937
73.0,45.380818693143055,-0.006601831509172719,0.00113647812269823
73.10000000000001,45.380158509992135,-0.006488183696902886,0.0010417583359437022
73.2,45.379509691622445,-0.006384007863308522,0.0009319700440063246
73.3,45.378871290836116,-0.0062908108589078944,0.000870028273197401
73.4,45.378242209750226,-0.006203808031588147,0.0008817507795432012
73.5,45.37762182894706,-0.006115632953633832,0.0009293018627573579
73.60000000000001,45.377010265651705,-0.006022702767358088,0.0008798074764004307
73.7,45.37640799537497,-0.00593472201971805,0.0007275379610592756
73.8,45.37581452317299,-0.005861968223612127,0.0005889489305672195
73.9,45.37522832635063,-0.0058030733305554,0.0004279945381333705
74.0,45.37464801901758,-0.005760273876742065,0.0002739910792219922
74.10000000000001,45.374071991629904,-0.0057328747688198635,0.00011251427917486256
74.2,45.37349870415302,-0.005721623340902378,-0.00012629131754120598
74.3,45.372926541818934,-0.005734252472656498,-0.00034591191949903156
74.4,45.37235311657167,-0.005768843664606404,-0.0005723203483108913
74.5,45.37177623220521,-0.00582607569943749,-0.0007255474707100201
74.60000000000001,45.37119362463526,-0.005898630446508498,-0.0008815603125160076
74.7,45.37060376159061,-0.005986786477760094,-0.0011202138203740756
74.8,45.37000508294283,-0.006098807859797495,-0.0013299571803404916
74.9,45.36939520215685,-0.006231803577831555,-0.0014658030613978277
75.0,45.368772021799074,-0.00637838388397133,-0.0016515481252350297
75.10000000000001,45.368134183410675,-0.006543538696494847,-0.0018326796706744693
75.2,45.367479829541026,-0.006726806663562283,-0.0019018351335647842
75.3,45.36680714887467,-0.006916990176918751,-0.0018971222750977942
75.4,45.36611544985698,-0.0071067024044285465,-0.0018867886036952103
75.5,45.36540477961653,-0.007295381264798057,-0.0018880029687819368
75.60000000000001,45.364675241490055,-0.007484181561676267,-0.0019191142173498631
75.7,45.363926823333884,-0.007676092983411242,-0.001934705125381803
75.8,45.36315921403555,-0.007869563495949411,-0.0019039877731405585
75.9,45.36237225768595,-0.008059962273263483,-0.0019081677558171377
76.0,45.36156626145863,-0.008250779048845186,-0.001995998477285734
76.10000000000001,45.36074118355374,-0.008450378896573777,-0.0021611387473916186
76.2,45.35989614566408,-0.008666492771312926,-0.0023601347080941548
76.3,45.35902949638695,-0.008902506242122328,-0.002593860125694792
76.4,45.358139245762736,-0.00916189225469183,-0.0028715241823025033
76.5,45.35722305653727,-0.009449044672922064,-0.0029995295975505107
76.60000000000001,45.356278152069976,-0.00974899763267714,-0.0029686249452182596
76.7,45.35530325230671,-0.01004586012719895,-0.0029401309280723256
76.80000000000001,45.35429866629399,-0.010339873220006207,-0.0028336882296253973
76.9,45.35326467897199,-0.01062324204296873,-0.0027687907933347986
77.0,45.35220235476769,-0.010900121122302195,-0.0027117704576272383
77.10000000000001,45.35111234265546,-0.011171298168064942,-0.0025854678421695794
77.2,45.34999521283866,-0.011429844952281885,-0.0025220248682978758
77.30000000000001,45.348852228343425,-0.011682047439111694,-0.0024606329699041105
77.4,45.34768402359951,-0.011928110736102091,-0.0024033078424410387
77.5,45.346491212525905,-0.012168441520346181,-0.0023322626026762044
77.60000000000001,45.34527436837387,-0.012401667780613822,-0.0022632619619550568
77.7,45.34403420159581,-0.012627993976809315,-0.0021985460999146937
77.80000000000001,45.34277140219813,-0.012847848586800803,-0.002147569732890813
77.9,45.34148661733945,-0.013062605560089872,-0.0021032390981120894
78.0,45.34018035678344,-0.013272929469901069,-0.0020577505244073215
78.10000000000001,45.33885306383645,-0.013478704522341818,-0.001942947429807325
78.2,45.33750519338422,-0.01367299926532254,-0.001888474582529826
78.30000000000001,45.33613789345768,-0.013861846723575539,-0.0017992464605451498
78.4,45.334751708785326,-0.014041771369630043,-0.0016612958707821416
78.5,45.333347531648364,-0.014207900956708248,-0.0014664650040128108
78.60000000000001,45.33192674155269,-0.014354547457109542,-0.001337746889390711
78.7,45.33049128680698,-0.014488322146048605,-0.001282543323873302
78.80000000000001,45.329042454592376,-0.014616576478435946,-0.0012726801456037387
78.9,45.32758079694453,-0.014743844492996313,-0.0012651790442345786
79.0,45.326106412495236,-0.014870362397419764,-0.0012994844404059654
79.10000000000001,45.32461937625549,-0.015000310841460371,-0.0013297113538378203
79.2,45.32311934517134,-0.015133281976844146,-0.001308214131696277
79.30000000000001,45.32160601697366,-0.015264103390013785,-0.0013432197402684226
79.4,45.32007960663466,-0.01539842536404062,-0.0014632239414135717
79.5,45.318539764098254,-0.015544747758181968,-0.0015841839331925819
79.60000000000001,45.31698528932244,-0.01570316615150124,-0.001704776909622646
79.7,45.31541497270729,-0.015873643842463495,-0.0018001304477644814
79.80000000000001,45.31382760832304,-0.016053656887239958,-0.001936473887969587
79.9,45.31222224263431,-0.016247304276036906,-0.0020668533107417795
80.0,45.31059751220671,-0.016453989607111072,-0.0021471670807949013
80.10000000000001,45.308952113246,-0.01666870631519058,-0.002141516369338539
80.2,45.30728524261448,-0.016882857952124422,-0.002133661092362438
80.30000000000001,45.30559695681927,-0.017096224061360684,-0.0020780269923164965
80.4,45.30388733441313,-0.017304026760592322,-0.002100675723571263
80.5,45.30215693173707,-0.017514094332949436,-0.0020611671709190225
80.60000000000001,45.30040552230378,-0.017720211050041356,-0.002027957577692777
80.7,45.29863350119878,-0.017923006807810622,-0.0020571728931280033
80.80000000000001,45.296841200517996,-0.01812872409712344,-0.0021282062436756527
80.9,45.29502832810828,-0.018341544721490993,-0.002148085496646285
81.0,45.29319417363613,-0.01855635327115561,-0.0021581636275101977
81.10000000000001,45.29133853830902,-0.018772169633906648,-0.00215971627856004
81.2,45.28946132134563,-0.01898814126176264,-0.0021177028640923592
81.30000000000001,45.28756250721945,-0.019199911548171893,-0.0020539918576034434
81.4,45.285642516064634,-0.019405310733932226,-0.0019665995774027856
81.5,45.28370198499124,-0.019601970691672493,-0.0018763519129330396
81.60000000000001,45.28174178792207,-0.019789605882965813,-0.0017533975502183287
81.7,45.279762827333776,-0.019964945637987636,-0.0016366652801210945
81.80000000000001,45.27776633276998,-0.02012861216599976,-0.0015607825338974214
81.9,45.27575347155338,-0.020284690419389493,-0.0014975135954574898
82.0,45.27372500251144,-0.020434441778935233,-0.0014160629982237257
82.10000000000001,45.27168155833355,-0.020576048078757618,-0.0014316102661663993
82.2,45.26962395352567,-0.02071920910537425,-0.001434012867553308
82.30000000000001,45.26755203261513,-0.020862610392129593,-0.0014246723619395125
82.4,45.26546577157592,-0.021005077628323536,-0.0014557465665886306
82.5,45.263365263813085,-0.02115065228498239,-0.0014282169492693844
82.60000000000001,45.26125019858459,-0.02129347397990934,-0.0014182710932638997
82.7,45.259120851186594,-0.021435301089235723,-0.0013348479620263725
82.80000000000001,45.25697732107767,-0.021568785885438372,-0.001196106876898416
82.9,45.25482044248913,-0.021688396573128207,-0.00104908738614468
83.0,45.25265160283182,-0.02179330531174267,-0.0008905929774373077
83.10000000000001,45.25047227230064,-0.021882364609486407,-0.0007602485718114382
83.2,45.248284035839696,-0.021958389466667547,-0.0006253803538956181
83.30000000000001,45.24608819689303,-0.022020927502057114,-0.0005072026697522669
83.4,45.243886104142824,-0.022071647769032338,-0.0003667458198012286
83.5,45.24167893936592,-0.02210832235101246,-0.0002088416349889546
83.60000000000001,45.23946810713082,-0.022129206514511356,-3.241374023924177e-05
83.7,45.237255186479366,-0.02213244788853528,0.00015728737075853446
83.80000000000001,45.23504194169051,-0.022116719151459425,0.0003311144777900212
83.9,45.23283026977537,-0.022083607703680425,0.00046487261450070403
84.0,45.230621909005,-0.022037120442230357,0.0005820998574731218
84.10000000000001,45.228418196960774,-0.02197891045648304,0.000702772400751726
84.2,45.22622030591513,-0.02190863321640787,0.0008183175783467093
84.30000000000001,45.22402944259348,-0.021826801458573193,0.0008710022352934897
84.4,45.221846762447626,-0.02173970123504385,0.0009368109955987086
84.5,45.219672792324126,-0.021646020135483984,0.0010264325197534797
84.60000000000001,45.217508190310575,-0.021543376883508627,0.0010344121731486221
84.7,45.21535385262223,-0.02143993566619377,0.00099757101936814
84.80000000000001,45.2132098590556,-0.021340178564256948,0.000884664990204816
84.9,45.21107584119918,-0.02125171206523647,0.0007639806313855959
85.0,45.20895066999266,-0.021175314002097916,0.0006636035962603304
85.10000000000001,45.206833138592444,-0.021108953642471878,0.0005108624819445975
85.2,45.2047222432282,-0.02105786739427742,0.00034065868646294137
85.30000000000001,45.20261645648877,-0.021023801525631124,0.00012419851461047831
85.4,45.20051407633621,-0.021011381674170077,-7.479471100896038e-05
85.5,45.198412938168794,-0.021018861145270972,-0.0002021953358739664
85.60000000000001,45.19631105205426,-0.02103908067885837,-0.00035533271952851937
85.7,45.19420714398638,-0.02107461395081122,-0.00046571769675637415
85.80000000000001,45.1920996825913,-0.021121185720486862,-0.0006049799118394355
85.9,45.18998756401925,-0.021181683711670802,-0.0007586278557052907
86.0,45.18786939564808,-0.021257546497241327,-0.0009010622801363799
86.10000000000001,45.18574364099836,-0.021347652725254972,-0.001046839626373555
86.2,45.18360887572583,-0.021452336687892322,-0.001130185168103517
86.30000000000001,45.18146364205705,-0.021565355204702683,-0.0012268990281960952
86.4,45.17930710653658,-0.021688045107522286,-0.0013404324715915528
86.5,45.177138302025824,-0.021822088354681433,-0.0015201433621155843
86.60000000000001,45.17495609319035,-0.021974102690893005,-0.0016632823159400721
86.7,45.17275868292126,-0.022140430922487003,-0.0017811864594607105
86.80000000000001,45.17054463982902,-0.02231854956843309,-0.0018694684804072153
86.9,45.16831278487217,-0.0225054964164738,-0.0019228958807586457
87.0,45.16606223523053,-0.022697786004549653,-0.0020593148166539086
87.10000000000001,45.16379245663007,-0.022903717486215062,-0.0022190606493895314
87.2,45.16150208488145,-0.023125623551154002,-0.0024260326713566884
87.30000000000001,45.15918952252633,-0.023368226818289692,-0.002641262544340721
87.4,45.15685269984451,-0.02363235307272375,-0.0028364461267526304
87.5,45.15448946453723,-0.023915997685398996,-0.0030063672981355196
87.60000000000001,45.15209786476869,-0.024216634415212573,-0.0030755328245057555
87.7,45.14967620132717,-0.02452418769766313,-0.0030311904761442573
87.80000000000001,45.147223782557404,-0.024827306745277583,-0.0030065794045468193
87.9,45.144741051882875,-0.025127964685732248,-0.0028834056539314605
88.0,45.1422282554143,-0.025416305251125378,-0.0027795411774695555
88.10000000000001,45.13968662488919,-0.025694259368872357,-0.002742540948586381
88.2,45.1371171989523,-0.02596851346373098,-0.0026707673521443056
88.30000000000001,45.13452034760593,-0.026235590198945433,-0.002533214437959631
88.4,45.13189678858603,-0.02648891164274138,-0.002401414862267454
88.5,45.12924789742176,-0.026729053128968113,-0.0022590212222754567
88.60000000000001,45.126574992108864,-0.026954955251195678,-0.0020953934497457637
88.7,45.12387949658375,-0.027164494596170242,-0.0019279032745913535
88.80000000000001,45.12116304712413,-0.027357284923629394,-0.0018034664061238727
88.9,45.11842731863177,-0.02753763156424177,-0.0016920062915449638
89.0,45.11567355547534,-0.027706832193396258,-0.0015681612073847587
89.10000000000001,45.112902872256,-0.027863648314134747,-0.0014126022632039476
89.2,45.110116507424586,-0.028004908540455134,-0.001280017282251975
89.30000000000001,45.10731601657054,-0.028132910268680342,-0.001205891930603913
89.4,45.104502725543675,-0.028253499461740727,-0.0011335119904911809
89.5,45.1016773755975,-0.02836685066078984,-0.0009782046797955494
89.60000000000001,45.09884069053142,-0.028464671128769402,-0.0008078718578383619
89.7,45.09599422341854,-0.028545458314553233,-0.0007071207173813079
89.80000000000001,45.09313967758709,-0.02861617038629137,-0.000685270658922145
89.9,45.09027806054846,-0.02868469745218358,-0.0006690227742580898
90.0,45.08740959080324,-0.028751599729609386,-0.0006420963560690101
90.10000000000001,45.08453443083028,-0.028815809365216292,-0.0007111938983897908
90.2,45.08165284989376,-0.028886928755055268,-0.0007589129018290055
90.30000000000001,45.078764157018256,-0.028962820045238175,-0.0007901518552669744
90.4,45.07586787501373,-0.029041835230764868,-0.0008393257975989948
90.5,45.07296369149065,-0.029125767810524762,-0.000890186375530511
90.60000000000001,45.0700511147096,-0.02921478644807782,-0.0009522330441745344
90.7,45.06712963606479,-0.02931000975249527,-0.001023288364662717
90.80000000000001,45.06419863508954,-0.02941233858896155,-0.0010946344538656087
90.9,45.06125740123065,-0.029521802034348104,-0.0010943166787726678
91.0,45.05830522102721,-0.029631233702225365,-0.0010250351986359513
91.10000000000001,45.05534209765699,-0.02973373722208897,-0.000977545589371992
91.2,45.052368723934784,-0.029831491781026162,-0.0009953760110051875
91.30000000000001,45.04938557475668,-0.02993102938212669,-0.0010010669744437441
91.4,45.046392471818464,-0.030031136079571058,-0.000960599851523739
91.5,45.04338935821051,-0.030127196064723426,-0.0008914400674602602
91.60000000000001,45.04037663860404,-0.03021634007146946,-0.0007773890325680445
91.7,45.03735500459689,-0.03029407897472626,-0.000716272836346768
91.80000000000001,45.03432559669942,-0.030365706258360943,-0.0006698901494164195
91.9,45.03128902607358,-0.03043269527330258,-0.0006437152815319207
92.0,45.02824575654625,-0.03049706680145577,-0.0006035499761211828
92.10000000000001,45.0251960498661,-0.030557421799067893,-0.0005140990765125448
92.2,45.0221403076862,-0.030608831706719145,-0.00044965837648007126
92.30000000000001,45.019079424515525,-0.030653797544367156,-0.0003420185915478158
92.4,45.016014044761086,-0.030687999403521935,-0.00031370527438441244
92.5,45.012945244820735,-0.030719369930960375,-0.00033753315418203514
92.60000000000001,45.00987330782764,-0.03075312324637858,-0.0003372967419797685
92.7,45.006797995503,-0.030786852920576556,-0.0003598643502892475
92.80000000000001,45.00371931021095,-0.030822839355605484,-0.0003228348135036866
92.9,45.000637026275385,-0.03085512283695585,-0.0002722748255209478
93.0,44.99755151399169,-0.030882350319507944,-0.00016041660066057358
93.10000000000001,44.994463278959735,-0.030898391979574003,-9.096268531530967e-05
93.2,44.99137343976178,-0.030907488248105533,-4.456467745931789e-05
93.30000000000001,44.98828269093697,-0.030911944715851465,3.8484363780596466e-05
93.4,44.98519149646538,-0.030908096279473406,0.0001437067950602831
93.5,44.98210068683744,-0.030893725599967378,0.0002747381057192329
93.60000000000001,44.97901131427744,-0.030866251789395453,0.00042905238030090467
93.7,44.9759246890985,-0.030823346551365365,0.0005803056637561912
93.80000000000001,44.972842354443365,-0.03076531598498974,0.0007905851658115725
93.9,44.96976582284486,-0.030686257468408588,0.0010436117080578938
94.0,44.96669719709803,-0.030581896297602804,0.0013206693183128503
94.10000000000001,44.96363900746827,-0.030449829365771508,0.0015911114167681472
94.2,44.96059402453169,-0.030290718224094702,0.0018271035140798
94.30000000000001,44.957564952709276,-0.030108007872686707,0.0020116056642330397
94.4,44.95455415192201,-0.029906847306263414,0.0022567863594497965
94.5,44.951563467191384,-0.029681168670318447,0.002519719565045799
94.60000000000001,44.948595350324354,-0.029429196713813846,0.0027115230284782492
94.7,44.94565243065297,-0.029158044410966037,0.002918750305852703
94.80000000000001,44.942736626211875,-0.02886616938038074,0.003073709760312364
94.9,44.93985000927383,-0.028558798404349522,0.003241706512103631
95.0,44.9369941294334,-0.028234627753139178,0.003427303147378067
95.10000000000001,44.93417066665808,-0.027891897438401342,0.0036703028589559626
95.2,44.93138147691425,-0.027524867152505766,0.004008923340251864
95.30000000000001,44.928628990198995,-0.027123974818480546,0.004313978383510694
95.4,44.92591659271715,-0.0266925769801295,0.004543372797134163
95.5,44.923247335019134,-0.02623823970041611,0.004791730346489055
95.60000000000001,44.920623511049094,-0.025759066665767164,0.0050395648025948914
95.7,44.918047604382515,-0.025255110185507704,0.0052504284052346355
95.80000000000001,44.91552209336397,-0.024730067344984195,0.005491651433214596
95.9,44.913049086629464,-0.024180902201662767,0.0057083247664538785
96.0,44.9106309964093,-0.02361006972501741,0.005838908826397414
96.10000000000001,44.908269989436796,-0.02302617884237762,0.005978094339462614
96.2,44.90596737155256,-0.022428369408431393,0.0061143524909336435
96.30000000000001,44.90372453461172,-0.021816934159337976,0.00620865233912985
96.4,44.901542841195784,-0.021196068925425027,0.006339191896439305
96.5,44.89942323430324,-0.020562149735781132,0.006508152417122708
96.60000000000001,44.897367019329664,-0.019911334494068806,0.006766880114332972
96.7,44.895375885880256,-0.019234646482635547,0.007021832550393207
96.80000000000001,44.89345242123199,-0.018532463227596167,0.007171399415750899
96.9,44.89159917490923,-0.017815323286021117,0.007327628748058541
97.0,44.88981764258063,-0.017082560411215305,0.00745778394399792
97.10000000000001,44.88810938653951,-0.01633678201681545,0.0074374994275250355
97.2,44.88647570833783,-0.015593032074062988,0.007408800410824607
97.30000000000001,44.88491640513042,-0.014852152032980464,0.007342615064125057
97.4,44.88343118992712,-0.014117890526568,0.0072688722129486474
97.5,44.88201940087447,-0.013391003305273177,0.0073021231621727915
97.60000000000001,44.88068030054394,-0.012660790989055835,0.0074430546463222814
97.7,44.87941422144503,-0.01191648552442365,0.0075461494256508724
97.80000000000001,44.87822257289259,-0.011161870581858498,0.007664099649228822
97.9,44.87710638583441,-0.01039546061693566,0.007715387560605242
98.0,44.87606683977271,-0.009623921860875179,0.007734110803750867
98.10000000000001,44.87510444758662,-0.008850510780500026,0.007792980707530115
98.2,44.87421939650857,-0.00807121270974706,0.00784107588961482
98.30000000000001,44.8734122752376,-0.00728710512078551,0.007861986077434708
98.4,44.87268356472552,-0.006500906513042084,0.007902181018403941
98.5,44.872033474074215,-0.005710688411201735,0.007910660007304749
98.60000000000001,44.871462405233096,-0.004919622410471193,0.007881860929251696
98.7,44.87097044299205,-0.004131436317546068,0.00781695929395217
98.80000000000001,44.87055729936029,-0.0033497403881507844,0.007704722948519457
98.9,44.87022232532148,-0.0025792680932988825,0.0076124252373108645
99.0,44.86996439851215,-0.0018180255695678393,0.007405824785895126
99.10000000000001,44.86978259595519,-0.0010774430909782635,0.007190996280076468
99.2,44.869674851646096,-0.00035834346297065753,0.006985047973935076
99.30000000000001,44.8696390172998,0.0003401613344229097,0.006747545400683359
99.4,44.869673033433244,0.0010149158744912072,0.006517876629215471
99.5,44.86977452502069,0.0016667035374127173,0.006273168558447794
99.60000000000001,44.86994119537443,0.00229402039325755,0.0060756419277037815
99.7,44.87017059741376,0.0029015845860278938,0.005939894618762084
99.80000000000001,44.87046075587236,0.003495574047904153,0.005843067575222502
99.9,44.870810313277154,0.00407988080542637,0.005787896681558358
100.0,44.87121830135769,0.004658670473582173,0.005758785968683261
100.10000000000001,44.871684168405054,0.005234549070450548,0.005833731050814601
100.2,44.87220762331209,0.005817922175531975,0.005869675350363877
100.30000000000001,44.87278941552965,0.006404889710568413,0.005842987096062304
100.4,44.8734299045007,0.00698918842017461,0.0058789526846913685
100.5,44.87412882334272,0.007577083688643713,0.00584675566442669
100.60000000000001,44.87488653171159,0.008161759255086432,0.005753337634059085
100.7,44.875702707637096,0.008737093018492308,0.0056262045470180785
100.80000000000001,44.876576416938946,0.009299713473194164,0.005531321975798291
100.9,44.877506388286264,0.009852845670773961,0.005430873955159038
101.0,44.87849167285334,0.010395933066289834,0.005311725177676722
101.10000000000001,44.87953126615997,0.010927105584057552,0.005162035728814971
101.2,44.880623976718375,0.01144330915693902,0.0050112240823530175
101.30000000000001,44.88176830763407,0.011944431565174364,0.004866880562494259
101.4,44.88296275079059,0.012431119621423762,0.004656231304286337
101.5,44.88420586275273,0.01289674275185237,0.004405620640126762
101.60000000000001,44.885495537027914,0.013337304815865083,0.0042400458172939925
101.7,44.886829267509505,0.013761309397594458,0.00411482325223186
101.80000000000001,44.888205398449266,0.01417279172281768,0.0039950948449768275
101.9,44.889622677621546,0.01457230120731534,0.00388999193149235
102.0,44.891079907742274,0.014961300400464552,0.003828683805162852
102.10000000000001,44.89257603778232,0.01534416878098087,0.0038045891679084737
102.2,44.89411045466042,0.015724627697771696,0.003760821860184531
102.30000000000001,44.8956829174302,0.01610070988379018,0.0037724293812999776
102.4,44.89729298841858,0.016477952821920158,0.003805245783342599
102.5,44.898940783700766,0.016858477400254396,0.0038506461538746254
102.60000000000001,44.900626631440794,0.01724354201564189,0.0038448839932384814
102.7,44.90235098564236,0.017628030414965717,0.0038728503754833876
102.80000000000001,44.90411378868386,0.01801531545251409,0.003939752150882105
102.9,44.905915320229106,0.018409290667602277,0.004032438338316596
103.0,44.907756249295865,0.018812534501433914,0.004121948850931765
103.10000000000001,44.90963750274601,0.019224729386527126,0.004133768734037201
103.2,44.91155997568466,0.019638106259930822,0.004178561491537451
103.30000000000001,44.913523786310655,0.020055962409084603,0.004225807340985652
103.4,44.91552938255156,0.020478543143183144,0.004294510899694425
103.5,44.91757723686588,0.020907994233152562,0.004319788956556165
103.60000000000001,44.919668036289195,0.021339973128808216,0.00427183367739236
103.7,44.92180203360208,0.021767156496547427,0.004227062790970029
103.80000000000001,44.92397874925173,0.022189862775644466,0.004178718113244379
103.9,44.9261977355293,0.02260773458696888,0.00402559388731015
104.0,44.928458508987994,0.023010293975699873,0.0038675665057919147
104.10000000000001,44.930759538385566,0.023397050626279097,0.003717942622271413
104.2,44.93309924344819,0.023768844888506217,0.003506036607844126
104.30000000000001,44.935476127937044,0.02411944854929066,0.0032446412172775743
104.4,44.93788807279197,0.0244439126710184,0.003049770248072861
104.5,44.940332464059075,0.024748889695825668,0.002931671082973049
104.60000000000001,44.942807353028655,0.025042056804122997,0.0028352564905278575
104.7,44.94531155870907,0.025325582453175767,0.0028169524944106723
104.80000000000001,44.947844116954386,0.025607277702616858,0.002820623801735125
104.9,44.95040484472465,0.025889340082790355,0.0028255229167010185
105.0,44.952993778732925,0.02617189237446044,0.0027626559077022638
105.10000000000001,44.95561096797037,0.02644815796523069,0.002673485530794834
105.2,44.958255783766894,0.02671550651831016,0.0025787261282623924
105.30000000000001,44.96092733441873,0.02697337913113642,0.002533884995803813
105.4,44.96362467233184,0.027226767630716787,0.0025424168127158365
105.5,44.96634734909491,0.027481009311988356,0.0025931593860217686
105.60000000000001,44.96909545002611,0.027740325250590555,0.0026418454462357717
105.7,44.97186948255117,0.028004509795214117,0.002664904520342565
105.80000000000001,44.97466993353069,0.028271000247248396,0.002679090991833471
105.9,44.977497033555416,0.028538909346431728,0.002680045259951885
106.0,44.98035092449006,0.0288069138724269,0.0027038048566511066
106.10000000000001,44.9832316158773,0.029077294358092035,0.0026858591005829574
106.2,44.98613934531311,0.029345880268150316,0.002634463667177245
106.30000000000001,44.989073933339924,0.029609326634868063,0.0025811745973498912
106.4,44.992034866003415,0.029867444094603037,0.0025111441735086626
106.5,44.99502161041288,0.03011855851195389,0.002388727995035968
106.60000000000001,44.99803346626407,0.030357431311457506,0.0022301256111268795
106.7,45.00106920939522,0.03058044387257018,0.0020050352511305864
106.80000000000001,45.00412725378247,0.030780947397683257,0.0017221693380822737
106.9,45.00720534852224,0.030953164331491475,0.0014323206106376296
107.0,45.01030066495539,0.03109639639255523,0.001150052129427869
107.10000000000001,45.01341030459464,0.031211401605498026,0.0009087011129680317
107.2,45.016531444755195,0.031302271716794824,0.0006544926966431521
107.30000000000001,45.019661671926876,0.031367720986459145,0.0003714058177192936
107.4,45.02279844402552,0.03140486156823107,5.1673072347105545e-05
107.5,45.02593893018234,0.03141002887546578,-0.00018073254574651877
107.60000000000001,45.02907993306989,0.03139195562089113,-0.0002925654325059035
107.7,45.03221912863198,0.03136269907764054,-0.0003490616379748076
107.80000000000001,45.03535539853974,0.03132779291384306,-0.0003534097987548314
107.9,45.03848817783113,0.031292451933967576,-0.0003504469452259217
108.0,45.041617423024526,0.031257407239444986,-0.00037003107070513223
108.10000000000001,45.04474316374847,0.03122040413237447,-0.00040321026467451466
108.2,45.04786520416171,0.03118008310590702,-0.00037762580867250594
108.30000000000001,45.050983212472296,0.031142320525039766,-0.00043345406682114253
108.4,45.0540974445248,0.031098975118357654,-0.0005295156634225289
108.5,45.057207342036634,0.031046023552015405,-0.0005702829714273674
108.60000000000001,45.06031194439184,0.030988995254872663,-0.0005741133982635462
108.7,45.063410843917325,0.03093158391504631,-0.0006411557405641847
108.80000000000001,45.06650400230883,0.030867468340989888,-0.000744391645006872
108.9,45.06959074914293,0.030793029176489205,-0.0008967846414349538
109.0,45.07267005206058,0.030703350712345714,-0.0010601679200873124
109.10000000000001,45.075740387131816,0.030597333920336974,-0.0011173366467519205
109.2,45.078800120523844,0.03048560025566179,-0.0011625992280035102
109.30000000000001,45.08184868054941,0.030369340332861428,-0.0012397111617184358
109.4,45.084885614582696,0.03024536921668959,-0.0013482685149849504
109.5,45.08791015150437,0.030110542365191104,-0.0014761923401809948
109.60000000000001,45.090921205740884,0.02996292313117299,-0.0015644522667267028
109.7,45.093917498054005,0.02980647790450033,-0.0016916381896404183
109.80000000000001,45.096898145844456,0.029637314085536274,-0.0017299384527695177
109.9,45.099861877253005,0.029464320240259332,-0.0017272434738448774
110.0,45.10280830927703,0.029291595892874854,-0.0016853044538061043
110.10000000000001,45.10573746886632,0.02912306544749423,-0.0016501693347084868
110.2,45.108649775411074,0.02895804851402339,-0.001548784802074307
110.30000000000001,45.11154558026247,0.028803170033815946,-0.001418442027159965
110.4,45.11442589726585,0.028661325831099958,-0.001252877158224518
110.5,45.11729202984896,0.028536038115277513,-0.0010601452162207132
110.60000000000001,45.12014563366049,0.028430023593655433,-0.0008079570181410258
110.7,45.122988636019855,0.028349227891841335,-0.0005665623951548809
110.80000000000001,45.12582355880904,0.02829257165232584,-0.00034736812507428385
110.9,45.12865281597428,0.028257834839818415,-0.0001842892742076712
111.0,45.131478599458255,0.02823940591239765,-3.351642277514269e-05
111.10000000000001,45.1343025400495,0.028236054270120135,0.00017896956872196962
111.2,45.13712614547651,0.02825395122699233,0.0004140892572602328
111.30000000000001,45.139951540599206,0.028295360152718357,0.0006491839714893957
111.4,45.142781076614476,0.028360278549867293,0.0008875646300424649
111.5,45.145617104469466,0.028449035012871535,0.001123031318972277
111.60000000000001,45.14846200797075,0.028561338144768772,0.0013610215533902622
111.7,45.15131814178523,0.02869744030010779,0.0015481758532948848
111.80000000000001,45.15418788581524,0.028852257885437292,0.0017714116265398587
111.9,45.157073111603786,0.029029399048091268,0.001979232864752081
112.0,45.15997605150859,0.029227322334566465,0.0021911496574150567
112.10000000000001,45.16289878374205,0.02944643730030799,0.0022785660250471385
112.2,45.16584342747208,0.02967429390281269,0.0023721825458587467
112.30000000000001,45.168810856862365,0.029911512157398585,0.0024253397972162976
112.4,45.1718020080781,0.0301540461371202,0.002426499038568445
112.5,45.174817412691816,0.03039669604097703,0.0024853537136283357
112.60000000000001,45.177857082295915,0.030645231412339886,0.0024533203975441948
112.7,45.18092160543715,0.030890563452094292,0.002407246091058367
112.80000000000001,45.18401066178235,0.03113128806120015,0.0024264576839360527
112.9,45.18712379058847,0.03137393382959374,0.002411136146992161
113.0,45.19026118397144,0.03161504744429294,0.002371474005127625
113.10000000000001,45.19342268871586,0.031852194844805726,0.002357389381906073
113.2,45.19660790820034,0.03208793378299632,0.002263325125819672
113.30000000000001,45.19981670157865,0.032314266295578306,0.0021164667751460095
113.4,45.2030481282082,0.032525912973092895,0.001940998193143944
113.5,45.20630071950551,0.03272001279240728,0.001765779641185241
113.60000000000001,45.20957272078475,0.03289659075652582,0.0016494199415875953
113.7,45.212862379860404,0.03306153275068457,0.001511038471564845
113.80000000000001,45.21616853313547,0.033212636597841065,0.0013410612125995605
113.9,45.21948979679526,0.033346742719101014,0.0011763621060985998
114.0,45.22282447106717,0.03346437892971087,0.0010166908684089253
114.10000000000001,45.226170908960135,0.03356604801655177,0.0007713183099346704
114.2,45.229527513761795,0.03364317984754523,0.0005474693278855835
114.30000000000001,45.23289183174655,0.033697926780333794,0.00030643669331318143
114.4,45.23626162442458,0.03372857044966511,0.0001287493249425221
114.5,45.23963448146955,0.03374144538215936,4.196602515465695e-05
114.60000000000001,45.243008626007764,0.03374564198467483,-1.5294198852170742e-05
114.7,45.24638319020623,0.03374411256478961,4.5061590784388805e-05
114.80000000000001,45.24975760146271,0.03374861872386805,0.00012975963617809687
114.9,45.2531324633351,0.03376159468748586,0.00017093383837076952
115.0,45.25650862280384,0.033778688071322935,0.00019988140535649417
115.10000000000001,45.25988649161098,0.033798676211858586,0.0002174014277846316
115.2,45.26326635923216,0.03382041635463705,0.0002660378488147703
115.30000000000001,45.26664840086763,0.03384702013951853,0.000236004611721768
115.4,45.27003310288158,0.0338706206006907,0.00020688328387607823
115.5,45.27342016494165,0.03389130892907831,0.00011513737438662426
115.60000000000001,45.27680929583455,0.03390282266651697,3.796815307918971e-06
115.7,45.28019957810121,0.033903202348047765,-8.549799724546329e-05
115.80000000000001,45.28358989833601,0.03389465254832322,-0.00022531435069786282
115.9,45.286979363590845,0.03387212111325343,-0.00042777967508722195
116.0,45.29036657570217,0.03382934314574471,-0.0006569486593555879
116.10000000000001,45.293749510016745,0.03376364827980915,-0.0009089172226274357
116.2,45.297125874844724,0.03367275655754641,-0.0011588884374510704
116.30000000000001,45.30049315050048,0.03355686771380129,-0.0013682804388730292
116.4,45.30384883727186,0.033420039669914,-0.0015259279037160324
116.5,45.30719084123885,0.0332674468795424,-0.001617023703449975
116.60000000000001,45.3105175859268,0.03310574450919739,-0.0016556514630806482
116.7,45.313828160377724,0.03294017936288934,-0.0017223068675016526
116.80000000000001,45.317122178314015,0.03276794867613916,-0.001882638576164965
116.9,45.32039897318163,0.03257968481852267,-0.0020266717489686907
117.0,45.32365694166348,0.03237701764362581,-0.0021650116227465528
117.10000000000001,45.32689464342784,0.03216051648135114,-0.002299321310717381
117.2,45.33011069507598,0.031930584350279415,-0.0023922328401282432
117.30000000000001,45.333303753511004,0.03169136106626657,-0.0025288670138377176
117.4,45.33647288961763,0.03143847436488281,-0.002637972603053683
117.5,45.33961673705412,0.03117467710457746,-0.0026946912830074074
117.60000000000001,45.34273420476458,0.030905207976276695,-0.0026726017131128077
117.7,45.34582472556221,0.03063794780496543,-0.002536771963976134
117.80000000000001,45.348888520342705,0.030384270608567795,-0.002489578959360801
117.9,45.35192694740356,0.03013531271263173,-0.002442518286906864
118.0,45.35494047867483,0.029891060883941056,-0.0024550893076816225
118.10000000000001,45.35792958476322,0.029645551953172873,-0.0024889118384683493
118.2,45.36089413995853,0.029396660769326052,-0.0026322540281284628
118.30000000000001,45.363833806035466,0.029133435366513184,-0.0027801225092356965
118.4,45.36674714957212,0.02885542311558963,-0.0028794274966594574
118.5,45.36963269188368,0.0285674803659237,-0.0029514956131510266
118.60000000000001,45.37248943992027,0.028272330804608573,-0.0030129814866169924
118.7,45.37531667300073,0.02797103265594689,-0.003072960801938968
118.80000000000001,45.378113776266325,0.027663736575752967,-0.0031215824711935997
118.9,45.380880149923904,0.027351578328633625,-0.0031734139238480466
119.0,45.38361530775676,0.02703423693624884,-0.0031887419015859454
119.10000000000001,45.38631873145039,0.026715362746090217,-0.0031950255871675006
119.2,45.388990267725,0.026395860187373485,-0.0032173186801010725
119.30000000000001,45.39162985374374,0.02607412831936335,-0.00328240135395464
119.4,45.39423726657567,0.025745888183967905,-0.003362030450211138
119.5,45.39681185539407,0.02540968513894681,-0.003443459994763779
119.60000000000001,45.39935282390796,0.025065339139470403,-0.003553293907228785
119.7,45.40185935782191,0.024710009748747545,-0.0035844233489274314
119.80000000000001,45.404330358796784,0.02435156741385477,-0.0035140604101222606
119.9,45.40676551553817,0.024000161372842565,-0.0034613932663357895
120.0,45.409165531675455,0.023654022046209006,-0.0033666108723716644
120.10000000000001,45.41153093388007,0.02331736095897181,-0.0033157353806581385
120.2,45.41386266997597,0.022985787420906015,-0.0033111910490031837
120.30000000000001,45.41616124871806,0.02265466831600567,-0.00329297319841855
120.4,45.418426715549664,0.022325370996163833,-0.00328837651914432
120.5,45.42065925264928,0.02199653334424942,-0.0033247509399263473
120.60000000000001,45.42285890598371,0.021664058250256756,-0.003397165029482721
120.7,45.42502531180873,0.021324341747308503,-0.003480299210772886
120.80000000000001,45.427157745983465,0.020976311826231185,-0.0035546388238848143
120.9,45.429255377166086,0.020620847943842724,-0.003706972120861507
121.0,45.43131746196047,0.020250150731756594,-0.0038736091610162655
121.10000000000001,45.43334247703365,0.019862789815654935,-0.00401584062115471
121.2,45.43532875601521,0.019461205753539487,-0.004079359503179474
121.30000000000001,45.437274876590564,0.019053269803221504,-0.004118817075219215
121.4,45.439180203570885,0.018641388095699606,-0.004167341932233727
121.5,45.44104434238046,0.018224653902476257,-0.004133159015127468
121.60000000000001,45.442866807770706,0.017811338000963475,-0.004052557656422083
121.7,45.4446479415708,0.01740608223532129,-0.003929785719560449
121.80000000000001,45.446388549794335,0.01701310366336521,-0.0038785778874826076
121.9,45.44808986016067,0.016625245874616973,-0.00394653121602138
122.0,45.44975238474813,0.016230592753014857,-0.004084001565021095
122.10000000000001,45.451375444023434,0.015822192596512713,-0.004175994599881003
122.2,45.45295766328309,0.015404593136524636,-0.0041999952680619726
122.30000000000001,45.45449812259674,0.014984593609718403,-0.004200036403208779
122.4,45.455996581957706,0.01456458996939755,-0.0041496431917130705
122.5,45.45745304095465,0.014149625650226266,-0.004132989657824824
122.60000000000001,45.45886800351967,0.013736326684443748,-0.00412768905393335
122.7,45.460241636188115,0.013323557779050437,-0.0040554013257970015
122.80000000000001,45.46157399196602,0.012918017646470702,-0.004025726028076309
122.9,45.462865793730664,0.012515445043663094,-0.003952545561726368
123.0,45.464117338235035,0.01212019048749048,-0.003908936119108756
123.10000000000001,45.465329357283785,0.01172929687557957,-0.003879509147800877
123.2,45.46650228697134,0.011341345960799505,-0.0038117972662877384
123.30000000000001,45.46763642156742,0.010960166234170699,-0.003680584315781007
123.4,45.46873243819084,0.010592107802592619,-0.003520659692858976
123.5,45.469791648971096,0.010240041833306741,-0.003370650531905908
123.60000000000001,45.470815653154425,0.009902976780116122,-0.0031730163451941414
123.7,45.47180595083244,0.009585675145596726,-0.0029754824606312183
123.80000000000001,45.472764518347,0.009288126899533579,-0.0028130550642225254
123.9,45.473693331036955,0.009006821393111342,-0.0026857708298657808
124.0,45.474594013176265,0.00873824431012478,-0.0026649477624350066
124.10000000000001,45.475467837607276,0.008471749533881256,-0.002618380899573294
124.2,45.47631501256066,0.008209911443923941,-0.002582486041332986
124.30000000000001,45.477136003705056,0.00795166283979062,-0.0025589601939985935
124.4,45.477931169989034,0.007695766820390776,-0.0025504717870037325
124.5,45.47870074667107,0.007440719641690417,-0.002618486930079545
124.60000000000001,45.479444818635244,0.00717887094868244,-0.0026773499998407383
124.7,45.48016270573011,0.006911135948698382,-0.002744844287122473
124.80000000000001,45.480853819324984,0.006636651519986111,-0.0028294809428661967
124.9,45.48151748447698,0.006353703425699507,-0.0028789483633720977
125.0,45.48215285481955,0.006065808589362314,-0.002879654686930722
125.10000000000001,45.48275943567849,0.005777843120669217,-0.0028313928643547647
125.2,45.48333721999055,0.005494703834233757,-0.0027330216230903224
125.30000000000001,45.48388669037398,0.005221401671924701,-0.0024905638579373933
125.4,45.48440883054117,0.004972345286130976,-0.002270701578177373
125.5,45.48490606506978,0.004745275128313252,-0.0020423457710744093
125.60000000000001,45.485380592582615,0.004541040551205793,-0.0018665162783812752
125.7,45.48583469663773,0.004354388923367676,-0.0016620843520810552
125.80000000000001,45.48627013553007,0.004188180488159557,-0.0014826191186246573
125.9,45.486688953578884,0.004039918576297099,-0.001311432970352409
126.0,45.487092945436515,0.003908775279261866,-0.0011243310425885834
126.10000000000001,45.48748382296444,0.003796342175002998,-0.0010063048414734209
126.2,45.487863457181945,0.0036957116908556617,-0.0009675623785316676
126.30000000000001,45.488233028351026,0.0035989554530024867,-0.000933530850370127
126.4,45.48859292389633,0.0035056023679654793,-0.0009573261579109789
126.5,45.488943484133124,0.003409869752174387,-0.0009486732253470591
126.60000000000001,45.48928447110834,0.003315002429639673,-0.000927548308441518
126.7,45.489615971351306,0.0032222475987955263,-0.0008796445490606565
126.80000000000001,45.48993819611118,0.003134283143889453,-0.0008272702084806442
126.9,45.490251624425575,0.0030515561230413935,-0.0007971359746892428
127.0,45.49055678003788,0.0029718425255724737,-0.0007943567593219632
127.10000000000001,45.49085396429044,0.0028924068496402706,-0.0007955055076586047
127.2,45.4911432049754,0.0028128562988744147,-0.0007884051989011571
127.30000000000001,45.49142449060529,0.0027340157789842922,-0.0007324932643851499
127.4,45.49169789218319,0.0026607664525457814,-0.0006686633450622954
127.5,45.49196396882844,0.0025939001180395557,-0.0005476556589255863
127.60000000000001,45.49222335884024,0.0025391345521469924,-0.0004350758611601879
127.7,45.49247727229546,0.002495626966030976,-0.00030746751683941097
127.80000000000001,45.49272683499206,0.0024648802143470323,-0.00019045826826492122
127.9,45.492973323013494,0.0024458343875205413,-4.1155904868834296e-05
128.0,45.49321790645225,0.002441718797033658,0.00015448659061816788
128.1,45.49346207833195,0.002457167456095474,0.0003222628536347183
128.20000000000002,45.49370779507756,0.002489393741458953,0.000487031362808212
128.3,45.49395673445171,0.0025380968777397716,0.000675534364860813
128.4,45.494210544139484,0.002605650314225849,0.0008458354861569853
128.5,45.4944711091709,0.0026902338628415428,0.0010311723204760163
128.6,45.49474013255719,0.0027933510948891386,0.001198807973342622
128.70000000000002,45.49501946766668,0.002913231892223428,0.0013664893106848709
128.8,45.4953107908559,0.0030498808232919073,0.0015469199879265308
128.9,45.49561577893823,0.0032045728220845516,0.0016807432776157164
129.0,45.49593623622044,0.0033726471498461137,0.0017262631381225158
129.1,45.49627350093542,0.0035452734636583555,0.0017298200910730263
129.20000000000002,45.49662802828179,0.0037182554727656974,0.0016840384835340417
129.3,45.49699985382907,0.003886659321119092,0.0016270391383513504
129.4,45.497388519761174,0.004049363234954218,0.0016430617800782218
129.5,45.49779345608467,0.004213669412962031,0.0017117994957132762
129.6,45.49821482302597,0.0043848493625333485,0.0017271475750820265
129.70000000000002,45.49865330796222,0.0045575641200415904,0.0017717397122119349
129.8,45.499109064374224,0.004734738091262774,0.001767156986812462
129.9,45.499582538183354,0.00491145378994401,0.0017016418533843613
130.0,45.50007368356235,0.0050816179752824365,0.0016268364326011702
130.1,45.500581845359875,0.005244301618542544,0.001594847866999316
130.20000000000002,45.50110627552173,0.005403786405242512,0.0015350070647262696
130.3,45.50164665416225,0.00555728711171513,0.0014536971573343067
130.4,45.50220238287343,0.005702656827448553,0.0013532314510616452
130.5,45.50277264855617,0.00583797997255471,0.0011993014487689494
130.6,45.503356446553425,0.005957910117431598,0.0011069465026437764
130.70000000000002,45.503952237565166,0.0060686047676960005,0.0010356869216070449
130.8,45.50455909804194,0.006172173459856699,0.0008730252676617215
130.9,45.50517631538792,0.006259475986622866,0.0007354608794388191
131.0,45.505802262986585,0.006333022074566744,0.0006345752931962327
131.1,45.506435565194046,0.006396479603886364,0.0005242709581399744
131.20000000000002,45.50707521315443,0.006448906699700373,0.000457884442791618
131.3,45.507720103824404,0.006494695143979532,0.00041809693643350286
131.4,45.5083695733388,0.00653650483762288,0.00029700305215662283
131.5,45.50902322382256,0.006566205142838541,0.00010034602671805304
131.6,45.509679844336844,0.0065762397455103455,-4.9418599572410716e-05
131.70000000000002,45.5103374683114,0.006571297885553103,-0.0001551805361050576
131.8,45.510994598099956,0.0065557798319425984,-0.00018587188010944273
131.9,45.511650176083144,0.006537192643931655,-0.0002067800371443412
132.0,45.512303895347536,0.006516514640217222,-0.00026630549290572583
132.1,45.51295554681156,0.006489884090926651,-0.00032996491552654333
132.20000000000002,45.51360453522065,0.006456887599373989,-0.00039314926822243946
132.3,45.51425022398059,0.006417572672551748,-0.00047676044274206773
132.4,45.51489198124785,0.006369896628277544,-0.000556839552278253
132.5,45.51552897091067,0.0063142126730497215,-0.0005642275635848902
132.6,45.51616039217798,0.006257789916691236,-0.0005594507341191568
132.70000000000002,45.51678617116965,0.006201844843279307,-0.0005420096017201693
132.8,45.517406355653975,0.006147643883107293,-0.0004774910749334651
132.9,45.518021120042285,0.00609989477561395,-0.00043749937901142966
133.0,45.518631109519845,0.006056144837712809,-0.0003909386035828123
133.1,45.51923672400362,0.00601705097735453,-0.0003677811632074274
133.20000000000002,45.519838429101355,0.005980272861033779,-0.0004263008855720142
133.3,45.52043645638746,0.00593764277247658,-0.0004496037471732497
133.4,45.521030220664706,0.005892682397759258,-0.00041065147520626377
133.5,45.521619488904484,0.0058516172502386336,-0.0004240546563234556
133.6,45.522204650629504,0.00580921178460629,-0.0005111572711922387
133.70000000000002,45.522785571807965,0.005758096057487055,-0.0006224423315498099
133.8,45.523361381413714,0.0056958518243320775,-0.0007539872487369656
133.9,45.52393096659615,0.005620453099458385,-0.0009937307896871032
134.0,45.524493011906095,0.0055210800204896805,-0.0012347591099577246
134.1,45.52504511990814,0.005397604109493915,-0.0014614662779255877
134.20000000000002,45.525584880319094,0.005251457481701323,-0.0016694033696863521
134.3,45.526110026067265,0.005084517144732697,-0.0018203293897970246
134.4,45.52661847778174,0.004902484205753005,-0.0018072654113112066
134.5,45.527108726202314,0.004721757664621895,-0.0018085437133929278
134.6,45.527580901968776,0.004540903293282612,-0.0018132081704651463
134.70000000000002,45.5280349922981,0.0043595824762360565,-0.00185948124971326
134.8,45.528470950545724,0.004173634351264741,-0.0019670928867719295
134.9,45.52888831398085,0.003976925062587559,-0.002002927353827669
135.0,45.52928600648711,0.003776632327204804,-0.0020459070513003602
135.1,45.52966366971983,0.0035720416220747795,-0.0020849349118149435
135.20000000000002,45.53002087388204,0.0033635481308932377,-0.00203926902597158
135.3,45.53035722869513,0.0031596212282960913,-0.002029234992560233
135.4,45.53067319081796,0.0029566977290400795,-0.0020583005951951318
135.5,45.53096886059086,0.002750867669520578,-0.002092131929777253
135.6,45.531243947357815,0.0025416544765428646,-0.00211729544463845
135.70000000000002,45.531498112805465,0.0023299249320789714,-0.0021140542833169335
135.8,45.531731105298675,0.00211851950374729,-0.0020359150386534855
135.9,45.53194295724905,0.0019149279998819531,-0.0018874295732750578
136.0,45.532134450049035,0.001726185042554458,-0.0017312576008983328
136.1,45.532307068553294,0.0015530592824646347,-0.001605536079062809
136.20000000000002,45.53246237448154,0.0013925056745583172,-0.001551945187400838
136.3,45.532601625049,0.0012373111558182423,-0.001502678626495421
136.4,45.532725356164576,0.0010870432931687087,-0.0014802300272695225
136.5,45.5328340604939,0.0009390202904417649,-0.0014166385529453714
136.6,45.53292796252294,0.0007973564351472358,-0.0013326915798048378
136.70000000000002,45.53300769816645,0.0006640872771667217,-0.0012506695845760465
136.8,45.53307410689417,0.0005390203187091242,-0.0012287118819801336
136.9,45.53312800892604,0.0004161491305111178,-0.0011751932965519422
137.0,45.53316962383909,0.00029862980085593025,-0.001111571556139039
137.1,45.53319948681918,0.00018747264524203268,-0.0010062252138498932
137.20000000000002,45.533218234083705,8.685012385702048e-05,-0.0008596454768330478
137.3,45.53322691909609,8.855761737205849e-07,-0.0008001789335655385
137.4,45.53322700765371,-7.913231718282872e-05,-0.0007013484578493412
137.5,45.53321909442199,-0.00014926716296775885,-0.0006663182566614501
137.6,45.53320416770569,-0.00021589898863390007,-0.0006553211542629314
137.70000000000002,45.533182577806826,-0.0002814311040602081,-0.0006482290129522614
137.8,45.53315443469642,-0.00034625400535543056,-0.0006654606068886794
137.9,45.53311980929588,-0.0004128000660442947,-0.0006828774015766093
138.0,45.533078529289284,-0.00048108780620195177,-0.0006186282762435357
138.1,45.53303042050866,-0.0005429506338263018,-0.0005356243894886079
138.20000000000002,45.53297612544528,-0.0005965130727751748,-0.0003864979862178676
138.3,45.532916474138,-0.0006351628713969594,-0.00025753349866051653
138.4,45.532852957850864,-0.0006609162212630095,-9.37473774933398e-05
138.5,45.53278686622873,-0.000670290959012343,0.00010248067246592695
138.6,45.53271983713283,-0.0006600428917657509,0.00031736611824452026
138.70000000000002,45.53265383284366,-0.0006283062799412916,0.0005334042087418037
138.8,45.53259100221566,-0.0005749658590671143,0.0007413548601513017
138.9,45.53253350562976,-0.0005008303730519883,0.0008870327940479068
139.0,45.53248342259245,-0.0004121270936472027,0.0010050939118554554
139.1,45.53244220988309,-0.0003116177024616629,0.0010738997873954207
139.20000000000002,45.53241104811284,-0.00020422772372209638,0.001109836048038971
139.3,45.53239062534047,-9.32441189182056e-05,0.0010740870686605428
139.4,45.53238130092858,1.4164587947842573e-05,0.0010316445711191255
139.5,45.53238271738737,0.00011732904505974927,0.001015915261922666
139.6,45.532394450291875,0.00021892057125201008,0.0009808424132128578
139.70000000000002,45.532416342349,0.00031700481257331816,0.0009254067334648399
139.8,45.53244804283026,0.0004095454859197969,0.0008970723968125299
139.9,45.53248899737885,0.0004992527256010448,0.0009117118238819277
140.0,45.53253892265141,0.0005904239079892324,0.000926681864640918
140.1,45.53259796504221,0.0006830920944533189,0.0009334336667346035
140.20000000000002,45.53266627425165,0.0007764354611268005,0.0009572279361295805
140.3,45.53274391779777,0.0008721582547397531,0.0009666090159067908
140.4,45.53283113362324,0.0009688191563304267,0.0010406642330111123
140.5,45.53292801553888,0.001072885579631532,0.0011567185787814936
140.6,45.53303530409684,0.0011885574375096748,0.001307166177770527
140.70000000000002,45.53315415984059,0.0013192740552867572,0.0015697306902232447
140.8,45.53328608724612,0.0014762471243090728,0.0018477421491986602
140.9,45.53343371195855,0.0016610213392289283,0.0021200060089799247
141.0,45.53359981409247,0.0018730219401269087,0.0023485065730748504
141.1,45.53378711628648,0.0021078725974343804,0.0025582636128017003
141.20000000000002,45.53399790354623,0.0023636989587146086,0.002771077567852435
141.3,45.5342342734421,0.0026408067154998363,0.0030368745149956244
141.4,45.53449835411365,0.0029444941669993815,0.003222509633867867
141.5,45.53479280353035,0.00326674513038615,0.0033345661982874786
141.6,45.535119478043384,0.003600201750214879,0.0034026200706577057
141.70000000000002,45.53547949821841,0.003940463757280727,0.0034889229236188192
141.8,45.53587354459414,0.004289356049642589,0.00358126998992399
141.9,45.536302480199105,0.004647483048634968,0.003653062814390744
142.0,45.53676722850396,0.005012789330074021,0.0036123021361749376
142.1,45.53726850743697,0.0053740195436914944,0.003511233063191428
142.20000000000002,45.537805909391345,0.005725142850010717,0.0034012118809621733
142.3,45.53837842367634,0.006065264038106915,0.003363346268202934
142.4,45.538984950080156,0.006401598664927189,0.0034139027483160267
142.5,45.53962510994665,0.006742988939758773,0.0033786880227632
142.6,45.540299408840625,0.0070808577420350734,0.0032912738171503716
142.70000000000002,45.541007494614824,0.0074099851237501855,0.0031613190147475037
142.8,45.5417484931272,0.007726117025224918,0.0030542569085384354
142.9,45.542521104829724,0.008031542716078744,0.0029215760038690387
143.0,45.54332425910133,0.008323700316465631,0.0027538766272115424
143.1,45.54415662913298,0.00859908797918677,0.0025948317883011177
143.20000000000002,45.5450165379309,0.00885857115801694,0.002439353662140511
143.3,45.545902395046696,0.009102506524230978,0.0022698067423845393
143.4,45.54681264569912,0.009329487198469419,0.001972695460854623
143.5,45.54774559441897,0.00952675674455487,0.0016966195471531103
143.6,45.548698270093425,0.009696418699270171,0.001454432848262999
143.70000000000002,45.549667911963354,0.009841861984096504,0.0011873136835783922
143.8,45.55065209816176,0.009960593352454337,0.0009584003516665089
143.9,45.551648157497006,0.010056433387620982,0.0007035331787911635
144.0,45.55265380083577,0.010126786705500095,0.0004954600623344467
144.1,45.55366647950632,0.010176332711733536,0.0003053363765772275
144.20000000000002,45.554684112777494,0.010206866349391266,7.528255781786506e-05
144.3,45.55570479941243,0.010214394605173052,-0.00017968459597373485
144.4,45.55672623887295,0.01019642614557568,-0.000443726106612836
144.5,45.557745881487506,0.010152053534914399,-0.0007090347877750148
144.6,45.558761086840995,0.010081150056136901,-0.0010411627462584136
144.70000000000002,45.55976920184661,0.009977033781511036,-0.0014102678455989279
144.8,45.56076690522476,0.009836006996951151,-0.0017752962812237936
144.9,45.56175050592446,0.009658477368828782,-0.00208962424499621
145.0,45.56271635366134,0.009449514944329173,-0.0024052719849138016
145.1,45.56366130515577,0.009208987745837807,-0.0026778153899365328
145.20000000000002,45.56458220393036,0.008941206206844092,-0.002941719503428396
145.3,45.56547632455104,0.00864703425650127,-0.003226002099231954
145.4,45.56634102797669,0.008324434046578092,-0.003438232243485663
145.5,45.567173471381345,0.007980610822229546,-0.0035790233726014924
145.6,45.567971532463574,0.007622708484969417,-0.0036635197855137964
145.70000000000002,45.56873380331207,0.007256356506417954,-0.0037286810217384025
145.8,45.56945943896271,0.006883488404244135,-0.003768467193473732
145.9,45.57014778780314,0.006506641684896783,-0.0037755458727610817
146.0,45.570798451971626,0.006129087097620696,-0.0038115087449547974
146.1,45.57141136068139,0.005747936223125238,-0.003925528601222721
146.20000000000002,45.5719861543037,0.005355383363002877,-0.004003199774535112
146.3,45.57252169264,0.004955063385549388,-0.004087694527070191
146.4,45.573017198978555,0.004546293932842393,-0.004137541528129279
146.5,45.57347182837184,0.004132539780029488,-0.004133869184101262
146.6,45.57388508234984,0.0037191528616193855,-0.004083574449345838
146.70000000000002,45.574256997636006,0.003310795416684709,-0.003949688589558017
146.8,45.57458807717767,0.0029158265577289297,-0.0037787777869823067
146.9,45.57487965983344,0.0025379487790307205,-0.0036102278782768464
147.0,45.57513345471135,0.0021769259912030564,-0.0034631961684338263
147.1,45.57535114731047,0.0018306063743596934,-0.0033036571816918723
147.20000000000002,45.575534207947904,0.0015002406561904311,-0.0031230710295686776
147.3,45.57568423201352,0.001187933553233581,-0.002927699563570342
147.4,45.57580302536885,0.0008951635968765635,-0.002704563327830351
147.5,45.575892541728535,0.0006247072640935438,-0.0025353657229148746
147.6,45.57595501245494,0.0003711706918020707,-0.0023587643607238216
147.70000000000002,45.575992129524124,0.0001352942557296349,-0.0021217944567707143
147.8,45.5760056589497,-7.68851899474245e-05,-0.0018841823716939285
147.9,45.5759979704307,-0.00026530342711680665,-0.0015821151012929049
148.0,45.57597144008799,-0.00042351493724608814,-0.0012455794835617804
148.1,45.575929088594265,-0.0005480728856022591,-0.0008649640523495246
148.20000000000002,45.57587428130571,-0.0006345692908372312,-0.0005284357823372108
148.3,45.575810824376624,-0.0006874128690709493,-0.00023856052786053194
148.4,45.575742083089715,-0.0007112689218570011,-3.7154163349218825e-06
148.5,45.57567095619753,-0.0007116404634904933,0.00011771232696854907
148.6,45.57559979215118,-0.0006998692307936391,0.00019346240761884705
148.70000000000002,45.5755298052281,-0.00068052299003175,0.00021530752398470998
148.8,45.575461752929094,-0.0006589922376332802,0.00022360540199617779
148.9,45.57539585370533,-0.0006366316974336637,0.0002639381726715182
149.0,45.57533219053559,-0.0006102378801665134,0.00035337778043927174
149.1,45.57527116674758,-0.0005749001021225882,0.0003784337601483129
149.20000000000002,45.57521367673736,-0.0005370567261077483,0.00032221966911715643
149.3,45.57515997106475,-0.0005048347591960345,0.00022273521001469804
149.4,45.57510948758883,-0.00048256123819456596,0.00016959304390325094
149.5,45.575061231465014,-0.00046560193380424183,6.935505201166791e-05
149.6,45.57501467127163,-0.00045866642860307544,-4.951351636965002e-05
149.70000000000002,45.57496880462877,-0.00046361778024004156,-0.00014512957727104447
149.8,45.57492244285075,-0.0004781307379671452,-0.0002570641233162952
149.9,45.57487462977695,-0.0005038371502987732,-0.00035194956837831024
150.0,45.57482424606192,-0.0005390321071366023,-0.00044705561575832895
150.1,45.57477034285121,-0.0005837376687124326,-0.0005431531847717366
150.20000000000002,45.57471196908433,-0.0006380529871896186,-0.000690321051543075
150.3,45.57464816378562,-0.0007070850923439222,-0.0008762126212409745
150.4,45.57457745527638,-0.0007947063544680147,-0.0010943307289839833
150.5,45.574497984640935,-0.0009041394273664068,-0.0013041537428551955
150.6,45.5744075706982,-0.001034554801651919,-0.0015142335432686447
150.70000000000002,45.574304115218034,-0.0011859781559788178,-0.0016668372951589895
150.8,45.574185517402434,-0.0013526618854947073,-0.001743400506856128
150.9,45.57405025121388,-0.0015270019361803102,-0.0018195090099900467
151.0,45.573897551020266,-0.0017089528371793045,-0.0019369635174431
151.1,45.57372665573655,-0.0019026491889236035,-0.0020253854487474717
151.20000000000002,45.57353639081766,-0.0021051877337983967,-0.002176412554379685
151.3,45.57332587204428,-0.002322828989236353,-0.002347084217307515
151.4,45.57309358914535,-0.002557537410967091,-0.002482184315951441
151.5,45.57283783540426,-0.002805755842562221,-0.002581005902606049
151.6,45.57255725982,-0.0030638564328228112,-0.0026554824955993556
151.70000000000002,45.57225087417672,-0.003329404682382807,-0.002758703032524034
151.8,45.571917933708484,-0.003605274985635195,-0.0027560364124418336
151.9,45.57155740620992,-0.0038808786268793626,-0.0027919100966237948
152.0,45.57116931834723,-0.004160069636541726,-0.0027419137952367028
152.1,45.57075331138358,-0.004434261016065381,-0.0027209633327343664
152.20000000000002,45.57030988528197,-0.004706357349338879,-0.0027516682401475348
152.3,45.56983924954704,-0.004981524173353617,-0.00285848374737457
152.4,45.5693410971297,-0.005267372548091058,-0.0029078083708811418
152.5,45.56881435987489,-0.005558153385179156,-0.002945605043760309
152.6,45.56825854453637,-0.00585271388955517,-0.002984518544226747
152.70000000000002,45.56767327314742,-0.006151165743977912,-0.0029881631403669163
152.8,45.56705815657302,-0.006449982058014587,-0.0029420121951937604
152.9,45.56641315836722,-0.006744183277533946,-0.0028708229267903895
153.0,45.565738740039464,-0.007031265570212969,-0.0028776753998033763
153.1,45.56503561348244,-0.00731903311019329,-0.0029446808155565354
153.20000000000002,45.56430371017142,-0.007613501191749011,-0.003004715333734598
153.3,45.563542360052246,-0.007913972725122453,-0.003031348671681653
153.4,45.56275096277974,-0.008217107592290602,-0.003007439286307146
153.5,45.561929252020505,-0.008517851520921299,-0.003057735834475372
153.60000000000002,45.56107746686841,-0.008823625104368906,-0.0031276966514668563
153.70000000000002,45.56019510435798,-0.009136394769515574,-0.0032812111867902864
153.8,45.559281464881025,-0.009464515888194584,-0.003380866068971503
153.9,45.55833501329221,-0.009802602495091715,-0.0034034027674709052
154.0,45.557354753042695,-0.010142942771838786,-0.003316061203442545
154.10000000000002,45.55634045876551,-0.010474548892183116,-0.003173523071632798
154.20000000000002,45.555293003876294,-0.010791901199346378,-0.002941483264192254
154.3,45.55421381375636,-0.011086049525765586,-0.0026727693151932163
154.4,45.553105208803785,-0.011353326457284893,-0.0023615949885931594
154.5,45.551969876158054,-0.011589485956144195,-0.002078486166832631
154.60000000000002,45.550810927562445,-0.011797334572827506,-0.001771651869886863
154.70000000000002,45.54963119410516,-0.011974499759816182,-0.0015031220933311115
154.8,45.54843374412918,-0.012124811969149284,-0.0012521508833933399
154.9,45.54722126293226,-0.012250027057488611,-0.0009368133430047628
155.0,45.54599626022652,-0.012343708391789082,-0.0006237487152024154
155.10000000000002,45.54476188938733,-0.012406083263309338,-0.000288849252370482
155.20000000000002,45.543521281061004,-0.012434968188546384,-7.424501480488432e-06
155.3,45.54227778424215,-0.012435710638694433,0.00020984077816532123
155.4,45.54103421317828,-0.012414726560877902,0.0003985178364425986
155.5,45.539792740522195,-0.012374874777233645,0.0005540801584047763
155.60000000000002,45.53855525304447,-0.012319466761393155,0.000754066281780903
155.70000000000002,45.53732330636833,-0.012244060133215069,0.0009742077595343463
155.8,45.53609890035501,-0.01214663935726164,0.0012716808424459638
155.9,45.53488423641928,-0.01201947127301705,0.0016180382668210033
156.0,45.53368228929198,-0.011857667446334959,0.001959470440071927
156.10000000000002,45.53249652254735,-0.011661720402327722,0.0022851097248582832
156.20000000000002,45.53133035050711,-0.011433209429841907,0.0026337386887101866
156.3,45.53018702956413,-0.011169835560970903,0.0029430580541687486
156.4,45.52907004600803,-0.010875529755554045,0.0031606726626378914
156.5,45.527982493032475,-0.010559462489290274,0.0033491532738535498
156.60000000000002,45.52692654678355,-0.010224547161904842,0.0035456542962437995
156.70000000000002,45.52590409206736,-0.009869981732280483,0.00368006540972854
156.8,45.52491709389413,-0.00950197519130765,0.003841185320623094
156.9,45.523966896375,-0.009117856659245362,0.003990791728803613
157.0,45.52305511070907,-0.008718777486365023,0.004113821389036614
157.10000000000002,45.52218323296044,-0.008307395347461268,0.004163338861326073
157.20000000000002,45.52135249342569,-0.007891061461328685,0.004234819872245813
157.3,45.52056338727956,-0.007467579474104128,0.004257879267618941
157.4,45.51981662933215,-0.007041791547342258,0.004274128224404251
157.5,45.51911245017742,-0.006614378724901857,0.004263386868752288
157.60000000000002,45.51845101230492,-0.006188040038026531,0.004249988268769637
157.70000000000002,45.51783220830112,-0.005763041211149592,0.004259671597208226
157.8,45.517255904180004,-0.005337074051428793,0.004299513432664654
157.9,45.516722196774865,-0.004907122708162352,0.004375787395329425
158.0,45.51623148450405,-0.004469543968629435,0.004441274496628508
158.10000000000002,45.51578453010718,-0.004025416518966483,0.004471217910092809
158.20000000000002,45.51538198845529,-0.0035782947279572276,0.004507874406165734
158.3,45.51502415898249,-0.0031275072873406798,0.004523592551574684
158.4,45.51471140825376,-0.002675148032183237,0.004554610475086734
158.5,45.51444389345054,-0.0022196869846745895,0.004569703264877684
158.60000000000002,45.51422192475207,-0.0017627166581867173,0.004560184727427824
158.70000000000002,45.51404565308626,-0.0013066981854439608,0.004554086504155407
158.8,45.51391498326771,-0.0008512895350284459,0.004559472385376172
158.9,45.5138298543142,-0.0003953422964908546,0.004517675465556762
159.0,45.51379032008456,5.642525006479591e-05,0.0043264225105355755
159.10000000000002,45.513795962609564,0.0004890675011184519,0.004137739002687886
159.20000000000002,45.51384486935967,0.000902841401387217,0.003969372994808275
159.3,45.513935153499816,0.001299778700868022,0.0038450684575298774
159.4,45.514065131369904,0.0016842855466209878,0.0037803775971115743
159.5,45.51423355992456,0.0020623233063321238,0.00370732707213982
159.60000000000002,45.514439792255196,0.00243305601354619,0.0036285444005875675
159.70000000000002,45.51468309785655,0.002795910453604926,0.0036282903222778955
159.8,45.51496268890191,0.003158739485832695,0.0036916003097938795
159.9,45.5152785628505,0.003527899516812062,0.003789575638272999
160.0,45.515631352802174,0.00390685708063934,0.0038464354219232117
160.10000000000002,45.516022038510236,0.004291500622831749,0.003822913780977206
160.20000000000002,45.516451188572525,0.004673792000929448,0.0037627204027841613
160.3,45.51691856777261,0.005050064041207843,0.00374577200395482
160.4,45.51742357417674,0.005424641241603303,0.0037551129898545955
160.5,45.5179660383009,0.0058001525405887416,0.003719319012502639
160.60000000000002,45.51854605355496,0.00617208444183909,0.0036471070184268097
160.70000000000002,45.51916326199914,0.00653679514368175,0.003578421513804933
160.8,45.51981694151351,0.006894637295062223,0.0035127551228614304
160.9,45.52050640524301,0.007245912807348346,0.0034969053286694205
161.0,45.52123099652375,0.0075956033402152685,0.003450960427114638
161.10000000000002,45.52199055685777,0.00794069938292681,0.0033699018757202453
161.20000000000002,45.52278462679606,0.008277689570498816,0.00333510338344698
161.3,45.52361239575311,0.008611199908843495,0.003379390062587304
161.4,45.524473515744,0.008949138915102206,0.003451773444638871
161.5,45.525368429635506,0.009294316259566074,0.003556637261631901
161.60000000000002,45.52629786126146,0.009649979985729345,0.0036476010962106084
161.70000000000002,45.527262859260034,0.010014740095350385,0.003638388259880452
161.8,45.528264333269576,0.01037857892133841,0.0036106418944359888
161.9,45.529302191161705,0.010739643110781988,0.0035650966791409464
162.0,45.53037615547279,0.011096152778696062,0.0035393260029886325
162.10000000000002,45.531485770750656,0.011450085378995006,0.003517000847069437
162.20000000000002,45.53263077928855,0.01180178546370193,0.0035169650784883538
162.3,45.53381095783492,0.012153481971550745,0.0035543437427021313
162.4,45.53502630603208,0.012508916345820938,0.0035869130114459967
162.5,45.536277197666664,0.012867607646965517,0.0036787974861035365
162.60000000000002,45.537563958431356,0.013235487395575955,0.0037904790948468663
162.70000000000002,45.53888750717091,0.01361453530506062,0.003914509566967422
162.8,45.54024896070142,0.01400598626175734,0.004066494983204361
162.9,45.541649559327595,0.014412635760077753,0.004265097779647051
163.0,45.54309082290361,0.014839145538042433,0.004469705827015662
163.10000000000002,45.54457473745741,0.015286116120744101,0.004646317923443833
163.20000000000002,45.54610334906948,0.015750747913088458,0.004851598500728997
163.3,45.547678423860795,0.01623590776316133,0.005026581824092304
163.4,45.54930201463711,0.016738565945570532,0.005176605237415792
163.5,45.550975871231664,0.017256226469312082,0.0053082434769379724
163.60000000000002,45.552701493878594,0.017787050817006,0.0054636562992058085
163.70000000000002,45.5544801989603,0.01833341644692655,0.005572738440162016
163.8,45.55631354060499,0.01889069029094272,0.005711292647331187
163.9,45.55820260963409,0.019461819555675806,0.005875199005968821
164.0,45.560148791589654,0.020049339456272654,0.006040443183368356
164.10000000000002,45.56215372553528,0.020653383774609627,0.0062127825293503405
164.20000000000002,45.56421906391274,0.021274662027544626,0.006400201082907511
164.3,45.566346530115496,0.02191468213583534,0.006568572518192558
164.4,45.56853799832908,0.02257153938765456,0.0067198001819672795
164.5,45.57079515226784,0.02324351940585125,0.006891230120848428
164.60000000000002,45.57311950420843,0.02393264241793625,0.007039470928829982
164.70000000000002,45.575512768450224,0.024636589510819207,0.007170819764034204
164.8,45.5779764274013,0.025353671487222586,0.007241282008483177
164.9,45.58051179455003,0.026077799688070863,0.007313134259497935
165.0,45.58311957451883,0.026809113114020615,0.007339488356160568
165.10000000000002,45.585800485830234,0.02754306194963684,0.0072457314104328
165.20000000000002,45.5885547920252,0.028267635090680077,0.007131260658877747
165.3,45.59138155553427,0.02898076115656781,0.0069740711696460326
165.4,45.594279631649925,0.029678168273532375,0.0067322635221972816
165.5,45.597247448477276,0.030351394625752065,0.006435674071719321
165.60000000000002,45.60028258793985,0.030994962032924143,0.0060866862145515085
165.70000000000002,45.60338208414314,0.03160363065437926,0.005678946698775462
165.8,45.60654244720858,0.032171525324256774,0.00521074849844783
165.9,45.60975959974101,0.03269260017410153,0.004753896305685339
166.0,45.613028859758415,0.033167989804670034,0.004416516129572385
166.10000000000002,45.61634565873889,0.03360964141762737,0.004148416824534776
166.20000000000002,45.61970662288065,0.03402448310008083,0.0038527213357902293
166.3,45.623109071190655,0.03440975523365983,0.0035268794913415674
166.4,45.62655004671402,0.034762443182793965,0.003146084417797705
166.5,45.6300262910323,0.03507705162457372,0.0027626497756481176
166.60000000000002,45.63353399619476,0.03535331660213859,0.0023867630545756882
166.70000000000002,45.637069327854974,0.03559199290759615,0.002008089435245514
166.8,45.64062852714573,0.03579280185112069,0.0016806760452601612
166.9,45.644207807330844,0.03596086945564669,0.0014461310679447909
167.0,45.64780389427641,0.036105482562441164,0.001332494665965941
167.10000000000002,45.651414442532655,0.03623873202903779,0.001258186767572752
167.20000000000002,45.65503831573556,0.03636455070579506,0.001249762428018263
167.3,45.65867477080614,0.036489526948596876,0.00120352637135404
167.4,45.662323723501,0.03660987958573227,0.0011630550125579754
167.5,45.66598471145957,0.036726185086988064,0.0011364424948297393
167.60000000000002,45.66965732996827,0.036839829336471064,0.0010928944440693265
167.70000000000002,45.67334131290192,0.03694911878087799,0.0010502673508965595
167.8,45.677036224780004,0.03705414551596764,0.0010500460293596289
167.9,45.6807416393316,0.0371591501189036,0.0011323651266967971
168.0,45.68445755434349,0.03727238663157327,0.0012260262899889394
168.10000000000002,45.68818479300665,0.03739498926057219,0.001253722626255104
168.20000000000002,45.69192429193271,0.037520361523197696,0.001284034375839547
168.3,45.69567632808503,0.03764876496078164,0.001326148892861415
168.4,45.699441204581106,0.03778137985006778,0.0013800410930708226
168.5,45.70321934256611,0.03791938395937485,0.001377869457751846
168.60000000000002,45.70701128096205,0.03805717090515007,0.001413412435082248
168.70000000000002,45.710816998052564,0.038198512148658284,0.0014806816265254688
168.8,45.71463684926743,0.03834658031131082,0.0015183381766100015
168.9,45.71847150729856,0.038498414128971814,0.0014982649491697578
169.0,45.72232134871145,0.03864824062388878,0.0014502024531895007
169.10000000000002,45.72618617277384,0.038793260869207764,0.0015011915147317306
169.20000000000002,45.73006549886077,0.03894338002068093,0.0015333778365908724
169.3,45.73395983686284,0.03909671780434001,0.0014839477154495056
169.4,45.73786950864327,0.03924511257588495,0.001453317728938807
169.5,45.74179401990086,0.03939044434877882,0.0014198895829132631
169.60000000000002,45.74573306433574,0.03953243330707018,0.001496543553617129
169.70000000000002,45.749686307666444,0.039682087662431885,0.001584268353669614
169.8,45.75365451643268,0.03984051449779884,0.001684906481871805
169.9,45.757638567882466,0.04000900514598601,0.0018156948434205544
170.0,45.761639468397064,0.04019057463032805,0.0018413124058976025
170.10000000000002,45.7656585258601,0.040374705870917856,0.0018419724096719818
170.20000000000002,45.76969599644719,0.04055890311188504,0.001831416848749913
170.3,45.773751886758376,0.040742044796760024,0.0017783745140549962
170.4,45.777826091238055,0.040919882248165514,0.0017230778635210784
170.5,45.78191807946287,0.04109219003451761,0.0017114943738954635
170.60000000000002,45.78602729846632,0.0412633394719072,0.0016299508413354185
170.70000000000002,45.790153632413514,0.04142633455604073,0.0015288400226881086
170.8,45.794296265869114,0.04157921855830953,0.0014302576284051219
170.9,45.79845418772494,0.041722244321150036,0.0012643841294245086
171.0,45.80262641215706,0.04184868273409248,0.001124810108904897
171.10000000000002,45.80681128043047,0.041961163744982995,0.0009205907774950502
171.20000000000002,45.81100739680497,0.042053222822732494,0.0006997341154351254
171.3,45.81521271908724,0.042123196234276,0.00045751380259836764
171.4,45.81942503871067,0.04216894761453584,0.00034115474043779623
171.5,45.823641933472125,0.042203063088579615,0.0002333049235622883
171.60000000000002,45.827862239780984,0.04222639358093585,0.0001352098643675547
171.70000000000002,45.832084879139074,0.042239914567372604,6.261370510782595e-05
171.8,45.836308870595815,0.042246175937883386,3.4909809922686095e-05
171.9,45.8405334881896,0.042249666918875654,-5.0132051912721375e-05
172.0,45.844758454881486,0.04224465371368438,-9.64842644960359e-05
172.10000000000002,45.84898292025286,0.04223500528723478,-0.0001922387473960006
172.20000000000002,45.85320642078158,0.04221578141249518,-0.0002921291733517544
172.3,45.85742799892283,0.042186568495160004,-0.00033756520216409434
172.4,45.86164665577235,0.042152811974943596,-0.0003721218320148562
172.5,45.865861936969836,0.04211559979174211,-0.0004327133014130473
172.60000000000002,45.87007349694901,0.0420723284616008,-0.0005458468165506524
172.70000000000002,45.874280729795174,0.042017743779945736,-0.0006546351176560061
172.8,45.87848250417317,0.04195228026818014,-0.0006843485328835275
172.9,45.88267773219999,0.04188384541489179,-0.0007217098802221316
173.0,45.88686611674147,0.04181167442686958,-0.000752866579070389
173.10000000000002,45.89104728418416,0.041736387768962525,-0.0007878725509949839
173.20000000000002,45.89522092296106,0.04165760051386303,-0.0008155837388153001
173.3,45.899386683012445,0.041576042139981506,-0.0008105982387347543
173.4,45.903544287226445,0.041494982316108035,-0.0007289309943498271
173.5,45.90769378545805,0.04142208921667306,-0.0007141084685516094
173.60000000000002,45.91183599437972,0.04135067836981788,-0.0007809285929212983
173.70000000000002,45.915971062216705,0.041272585510525754,-0.0008873278741657558
173.8,45.92009832076776,0.041183852723109184,-0.001033146719044895
173.9,45.92421670604006,0.0410805380512047,-0.0011851915430726564
174.0,45.92832475984519,0.04096201889689744,-0.0014023572043830456
174.10000000000002,45.93242096173488,0.040821783176459105,-0.0016584311147929936
174.20000000000002,45.93650314005252,0.040655940064979815,-0.0018558711948512775
174.3,45.94056873405902,0.0404703529454947,-0.0020749141073902813
174.4,45.94461576935357,0.04026286153475568,-0.0022402119746318143
174.5,45.948642055507044,0.04003884033729251,-0.0024062642870232515
174.60000000000002,45.95264593954077,0.03979821390859013,-0.0025981328542361384
174.70000000000002,45.95662576093164,0.039538400623166534,-0.0028440019951288483
174.8,45.96057960099395,0.039254000423653665,-0.003101346362238448
174.9,45.964505001036315,0.03894386578742984,-0.003311897518509085
175.0,45.96839938761506,0.03861267603557895,-0.003507915868798846
175.10000000000002,45.97226065521862,0.038261884448698984,-0.003773014006070586
175.20000000000002,45.97608684366349,0.03788458304809195,-0.004004967365381173
175.3,45.9798753019683,0.03748408631155385,-0.004242552865942778
175.4,45.98362371059945,0.0370598310249596,-0.004476637796216089
175.5,45.987329693701945,0.036612167245338015,-0.004643248823489653
175.60000000000002,45.99099091042648,0.036147842362988944,-0.0048772939454886505
175.70000000000002,45.99460569466278,0.03566011296844011,-0.005071539792652843
175.8,45.99817170595962,0.03515295898917485,-0.0052065739594686815
175.9,46.00168700185854,0.03463230159322801,-0.005369807783747557
176.0,46.00515023201786,0.03409532081485329,-0.00550497553279197
176.10000000000002,46.00855976409935,0.033544823261573965,-0.005733523322061278
176.20000000000002,46.011914246425505,0.03297147092936787,-0.005934145529207087
176.3,46.01521139351844,0.032378056376447195,-0.0061735779887883745
176.4,46.01844919915609,0.03176069857756839,-0.00639439697010918
176.5,46.021625269013846,0.03112125888055751,-0.006526342291619914
176.60000000000002,46.024737394901905,0.03046862465139537,-0.006633263504623311
176.70000000000002,46.02778425736704,0.029805298300933078,-0.006728289061879445
176.8,46.030764787197135,0.02913246939474517,-0.006792921902427263
176.9,46.03367803413661,0.028453177204502484,-0.006795669006520425
177.0,46.036523351857056,0.02777361030385048,-0.006785045254995206
177.10000000000002,46.039300712887446,0.027095105778350805,-0.006756540386116778
177.20000000000002,46.042010223465276,0.026419451739739166,-0.006690478675411801
177.3,46.04465216863925,0.025750403872198024,-0.006604707427291656
177.4,46.047227209026474,0.025089933129468896,-0.006514484864713298
177.5,46.04973620233942,0.024438484642997603,-0.006410555860822571
177.60000000000002,46.05218005080372,0.0237974290569152,-0.0063248566135181
177.70000000000002,46.05455979370941,0.023164943395563426,-0.006192589813518
177.8,46.05687628804897,0.02254568441421166,-0.006027180727955837
177.9,46.05913085649039,0.021942966341416112,-0.005893743703466793
178.0,46.06132515312453,0.021353591971069466,-0.005788090471347647
178.10000000000002,46.06346051232164,0.02077478292393457,-0.0056741947970757635
178.20000000000002,46.06553799061403,0.020207363444227026,-0.005576357271521661
178.3,46.06755872695845,0.01964972771707489,-0.005465401739602331
178.4,46.06952369973016,0.01910318754311469,-0.005363232147831089
178.5,46.071434018484474,0.01856686432833161,-0.005338082721477699
178.60000000000002,46.073290704917305,0.01803305605618372,-0.005296447043905024
178.70000000000002,46.075094010522925,0.017503411351793247,-0.00522828042179841
178.8,46.0768443516581,0.016980583309613436,-0.005126514124458248
178.9,46.07854240998906,0.01646793189716764,-0.005000663363231406
179.0,46.08018920317878,0.01596786556084453,-0.004858484129184522
179.10000000000002,46.08178598973487,0.015482017147925966,-0.004749440322632396
179.20000000000002,46.08333419144966,0.015007073115662753,-0.0046235011240362165
179.3,46.08483489876122,0.014544723003259158,-0.004549554940613853
179.4,46.086289371061554,0.014089767509197798,-0.004552253145193376
179.5,46.08769834781247,0.013634542194678486,-0.004504207102578698
179.60000000000002,46.089061802031935,0.013184121484420514,-0.0044524930392537895
179.70000000000002,46.09038021418038,0.01273887218049516,-0.004414259207391997
179.8,46.09165410139843,0.012297446259755986,-0.004381027788292388
179.9,46.09288384602441,0.011859343480926772,-0.004316690551756048
180.0,46.0940697803725,0.011427674425751192,-0.004312493235474274
180.10000000000002,46.09521254781507,0.010996425102203666,-0.004302082083413804
180.20000000000002,46.09631219032529,0.01056621689386231,-0.004205898424773834
180.3,46.09736881201468,0.010145627051384951,-0.004103372231081232
180.4,46.098383374719816,0.009735289828276851,-0.004004672938077472
180.5,46.09935690370265,0.009334822534469127,-0.003883919036071928
180.60000000000002,46.10029038595609,0.008946430630861845,-0.003723502014044096
180.70000000000002,46.10118502901918,0.008574080429457457,-0.00355387628169367
180.8,46.102042437062124,0.00821869280128811,-0.0033420102111318675
180.9,46.102864306342255,0.007884491780174942,-0.003096801900205357
181.0,46.10365275552027,0.007574811590154424,-0.0028665550625050517
181.10000000000002,46.104410236679286,0.007288156083903854,-0.0026267715049769803
181.20000000000002,46.105139052287676,0.007025478933406171,-0.0022582586021672214
181.3,46.105841600181016,0.0067996530731894616,-0.00184737933003938
181.4,46.106521565488336,0.006614915140185534,-0.0013981951354656156
181.5,46.10718305700235,0.0064750956266389804,-0.0010129257259253303
181.60000000000002,46.10783056656502,0.006373803054046424,-0.0006257255627844819
181.70000000000002,46.10846794687043,0.00631123049776798,-0.00028867225234649544
181.8,46.1090990699202,0.006282363272533332,8.678543022863091e-05
181.9,46.10972730624745,0.0062910418155561944,0.0004285262883122251
182.0,46.110356410429006,0.0063338944443874145,0.0007391609333590231
182.10000000000002,46.11098979987345,0.006407810537723334,0.001035731439513854
182.20000000000002,46.11163058092722,0.006511383681674713,0.0013680864069559246
182.3,46.11228171929539,0.006648192322370298,0.0017033312766385354
182.4,46.11294653852762,0.006818525450034142,0.0020548526423089367
182.5,46.11362839107263,0.007024010714265024,0.002267724942718662
182.60000000000002,46.11433079214405,0.007250783208536941,0.002500420317020517
182.70000000000002,46.11505587046491,0.007500825240238979,0.002745008834821351
182.8,46.115805952988936,0.007775326123721098,0.0029408210365875387
182.9,46.1165834856013,0.008069408227379836,0.0030559732983240395
183.0,46.117390426424045,0.008375005557212222,0.0031402066152398456
183.10000000000002,46.11822792697976,0.008689026218736278,0.0032461573126468736
183.20000000000002,46.11909682960164,0.009013641950000947,0.003351132149342541
183.3,46.11999819379664,0.009348755164935182,0.0034441280266843447
183.4,46.12093306931313,0.009693167967603597,0.003496169455318815
183.5,46.121902386109895,0.010042784913135459,0.0035424185774641475
183.60000000000002,46.1229066646012,0.010397026770881954,0.003658525211112044
183.70000000000002,46.12394636727829,0.010762879291993138,0.0038292236244753556
183.8,46.125022655207495,0.011145801654440651,0.003963533550528555
183.9,46.12613723537294,0.011542155009493484,0.004066704583953063
184.0,46.127291450873884,0.011948825467888767,0.004154241110911903
184.10000000000002,46.128486333420675,0.012364249578980052,0.00418354522501062
184.20000000000002,46.12972275837857,0.01278260410148109,0.00422776819101
184.3,46.13100101878872,0.013205380920582066,0.004285366887783159
184.4,46.132321556880775,0.013633917609360358,0.004391821399229227
184.5,46.133684948641715,0.014073099749283256,0.004470217026355083
184.60000000000002,46.135092258616645,0.014520121451918866,0.004504723663883155
184.70000000000002,46.13654427076183,0.014970593818307155,0.0045203049035721365
184.8,46.138041330143665,0.015422624308664343,0.0045560824954614205
184.9,46.13958359257453,0.01587823255821046,0.004552109940126942
185.0,46.14117141583035,0.016333443552223128,0.004555453086620842
185.10000000000002,46.14280476018558,0.016788988860885316,0.004577571661381532
185.20000000000002,46.14448365907167,0.017246746027023443,0.004557231978564012
185.3,46.146208333674366,0.017702469224879818,0.004481814033309798
185.4,46.147978580596856,0.018150650628210772,0.004329089016722434
185.5,46.14979364565968,0.01858355952988299,0.004133602885427915
185.60000000000002,46.15165200161266,0.018996919818425877,0.0038793140981836904
185.70000000000002,46.15355169359451,0.019384851228244224,0.003576413519386571
185.8,46.15549017871733,0.01974249258018286,0.0031780200588678383
185.9,46.15746442797535,0.020060294586069626,0.002730628098728832
186.0,46.159470457433954,0.020333357395942494,0.00232390216935388
186.10000000000002,46.16150379317355,0.020565747612877935,0.0019084784418725619
186.20000000000002,46.163560367934835,0.02075659545706518,0.0015088374215476734
186.3,46.165636027480545,0.02090747919921994,0.0011033374153881644
186.4,46.16772677540047,0.02101781294075875,0.0006526536565090401
186.5,46.16982855669454,0.02108307830640965,0.0002103799372289238
186.60000000000002,46.171936864525186,0.021104116300132546,-0.00013347189193710428
186.70000000000002,46.17404727615519,0.021090769110938837,-0.00045573501612774885
186.8,46.17615635306629,0.021045195609326064,-0.0007088305885002686
186.9,46.17826087262722,0.02097431255047604,-0.0009077660169998047
187.0,46.18035830388227,0.020883535948776066,-0.001182156883264571
187.10000000000002,46.18244665747715,0.020765320260449582,-0.00148044475786717
187.20000000000002,46.184523189503196,0.020617275784662874,-0.0017673858764529584
187.3,46.18658491708166,0.020440537197017588,-0.0020322210252505845
187.4,46.18862897080136,0.02023731509449254,-0.0023311722628443993
187.5,46.19065270231081,0.020004197868208114,-0.002544465908582716
187.60000000000002,46.19265312209763,0.019749751277349785,-0.0028195739825298766
187.70000000000002,46.19462809722537,0.019467793879096813,-0.0031742698048436366
187.8,46.196574876613276,0.019150366898612468,-0.0034870456334811545
187.9,46.198489913303135,0.018801662335264372,-0.003845218242454807
188.0,46.20037007953666,0.018417140511018913,-0.004155969150698913
188.10000000000002,46.202211793587765,0.018001543595948927,-0.004436419510888213
188.20000000000002,46.20401194794736,0.01755790164486013,-0.00463759165789028
188.3,46.205767738111845,0.01709414247907113,-0.004897297559811991
188.4,46.20747715235975,0.01660441272308996,-0.005121366064262264
188.5,46.209137593632065,0.01609227611666376,-0.005295057383162993
188.60000000000002,46.21074682124373,0.015562770378347341,-0.005475625380240069
188.70000000000002,46.212303098281566,0.015015207840323366,-0.005668506024374557
188.8,46.2138046190656,0.014448357237885942,-0.005855989612051242
188.9,46.21524945478939,0.013862758276680851,-0.005997821011083434
189.0,46.21663573061705,0.013262976175572542,-0.006117727559773151
189.10000000000002,46.21796202823461,0.012651203419595088,-0.00627778187792011
189.20000000000002,46.21922714857657,0.012023425231803112,-0.006391645993591779
189.3,46.22042949109975,0.01138426063244397,-0.006464010922779144
189.4,46.22156791716299,0.010737859540166093,-0.006428308305544123
189.5,46.22264170311701,0.010095028709611717,-0.006408461300242488
189.60000000000002,46.22365120598797,0.009454182579587323,-0.006484893332264368
189.70000000000002,46.22459662424593,0.008805693246360923,-0.006539449390675034
189.8,46.22547719357057,0.008151748307293457,-0.006628352220910495
189.9,46.226292368401296,0.007488913085202445,-0.006761790664473434
190.0,46.227041259709814,0.00681273401875514,-0.006965189013067103
190.10000000000002,46.22772253311169,0.006116215117448271,-0.007124644671912736
190.20000000000002,46.22833415462344,0.005403750650257038,-0.007284543562257673
190.3,46.22887452968846,0.004675296294031312,-0.007433692871076306
190.4,46.229342059317865,0.003931927006923724,-0.007558178606693897
190.5,46.22973525201856,0.003176109146254377,-0.007706433472476049
190.60000000000002,46.230052862933185,0.002405465799006597,-0.00784303521629215
190.70000000000002,46.23029340951308,0.0016211622773774264,-0.00796838822595642
190.8,46.23045552574082,0.0008243234547818297,-0.0081169230470574
190.9,46.2305379580863,1.2631150076135879e-05,-0.00822766557880978
191.0,46.230539221201305,-0.0008101354078047954,-0.008318246886864479
191.10000000000002,46.230458207660526,-0.0016419600964914325,-0.008454293020634796
191.20000000000002,46.23029401165088,-0.002487389398554864,-0.008559942441015708
191.3,46.230045272711024,-0.003343383642656386,-0.008557149969972973
191.4,46.229710934346755,-0.004199098639653635,-0.008554751287683723
191.5,46.22929102448279,-0.005054573768421959,-0.00849306449689531
191.60000000000002,46.22878556710595,-0.005903880218111683,-0.008361915606509413
191.70000000000002,46.22819517908414,-0.006740071778762576,-0.008182604491995447
191.8,46.22752117190626,-0.007558332227962075,-0.008008651705356975
191.9,46.226765338683464,-0.008359197398497727,-0.00778719805742077
192.0,46.225929418943615,-0.00913791720423976,-0.007551769842634119
192.10000000000002,46.22501562722319,-0.009893094188503343,-0.00732165757233845
192.20000000000002,46.224026317804345,-0.010625259945737146,-0.007174590395678032
192.3,46.22296379180977,-0.011342718985304909,-0.007027984041929875
192.4,46.22182951991124,-0.012045517389497856,-0.006875041317353443
192.5,46.22062496817229,-0.012733021521233161,-0.006614940049328536
192.60000000000002,46.21935166602017,-0.013394515526166165,-0.006395749574341999
192.70000000000002,46.21801221446755,-0.014034090483600329,-0.006177304062501697
192.8,46.216608805419185,-0.014651820889850464,-0.00592871273023235
192.9,46.2151436233302,-0.015244692162873665,-0.005666366741507576
193.0,46.213619154113914,-0.01581132883702439,-0.005448539477389835
193.10000000000002,46.212038021230214,-0.016356182784763498,-0.005255890137163599
193.20000000000002,46.210402402951736,-0.016881771798479828,-0.005103569816016172
193.3,46.208714225771885,-0.017392128780081416,-0.004993285134091945
193.4,46.20697501289388,-0.017891457293490582,-0.004914449208326158
193.5,46.20518586716453,-0.01838290221432317,-0.004789859968814973
193.60000000000002,46.2033475769431,-0.018861888211204776,-0.004715163012100229
193.70000000000002,46.20146138812198,-0.019333404512414772,-0.004634374682018029
193.8,46.19952804767074,-0.01979684198061655,-0.0045503124961026615
193.9,46.19754836347268,-0.02025187323022679,-0.004469933036548937
194.0,46.19552317614965,-0.020698866533881657,-0.004430387733718662
194.10000000000002,46.19345328949626,-0.021141905307253624,-0.004397394683552595
194.20000000000002,46.191339098965535,-0.02158164477560886,-0.004346236385200587
194.3,46.18918093448798,-0.022016268414128893,-0.004258290464530106
194.4,46.18697930764657,-0.02244209746058188,-0.004197606290968557
194.5,46.18473509790051,-0.02286185808967871,-0.004217080234880147
194.60000000000002,46.18244891209154,-0.02328356611316682,-0.004207377473805677
194.70000000000002,46.18012055548022,-0.023704303860547365,-0.004219734268275513
194.8,46.177750125094164,-0.024126277287374893,-0.004186140677468956
194.9,46.17533749736543,-0.024544891355121765,-0.004179155574889378
195.0,46.17288300822992,-0.02496280691261068,-0.004187249017769108
195.10000000000002,46.170386727538656,-0.025381531814387685,-0.004224530396111784
195.20000000000002,46.167848574357215,-0.02580398485399884,-0.0042113278132058195
195.3,46.165268175871816,-0.026225117635319397,-0.00426016981328589
195.4,46.16264566410829,-0.026651134616647962,-0.004355416024126803
195.5,46.15998055064662,-0.027086676219060617,-0.004417861190194156
195.60000000000002,46.15727188302471,-0.027528462338080133,-0.00451408098210674
195.70000000000002,46.15451903679091,-0.02797987043629078,-0.0046517426598592865
195.8,46.15172104974728,-0.028445044702276684,-0.004786176319302339
195.9,46.14887654527705,-0.02892366233420689,-0.004913034742010139
196.0,46.14598417904363,-0.029414965808407877,-0.004975612084620516
196.10000000000002,46.14304268246279,-0.02991252701687004,-0.005060361476102181
196.20000000000002,46.1400514297611,-0.03041856316448023,-0.005167958327844754
196.3,46.13700957344465,-0.030935358997264677,-0.00525682732137061
196.4,46.13391603754493,-0.03146104172940171,-0.005292951807551206
196.5,46.13076993337199,-0.0319903369101568,-0.005283963893509525
196.60000000000002,46.12757089968097,-0.03251873329950787,-0.005171911232286583
196.70000000000002,46.12431902635102,-0.0330359244227365,-0.005050306413177326
196.8,46.121015433908745,-0.033540955064054204,-0.004940055956861315
196.9,46.11766133840234,-0.03403496065974031,-0.0048402784401584105
197.0,46.11425784233637,-0.03451898850375612,-0.004660754766777958
197.10000000000002,46.11080594348599,-0.03498506398043402,-0.0044227060191238
197.20000000000002,46.10730743708795,-0.03542733458234638,-0.0041895916203165155
197.3,46.103764703629714,-0.035846293744378005,-0.003978172744134538
197.4,46.10018007425528,-0.036244111018791436,-0.0038728865165357906
197.5,46.096555663153396,-0.03663139967044499,-0.0038115241210820794
197.60000000000002,46.09289252318635,-0.03701255208255329,-0.003799151922126786
197.70000000000002,46.089191267978094,-0.037392467274765945,-0.0038197671087510884
197.8,46.08545202125062,-0.03777444398564103,-0.003850545326003496
197.9,46.08167457685206,-0.03815949851824136,-0.0038633690447749504
198.0,46.07785862700023,-0.03854583542271883,-0.003939551891535698
198.10000000000002,46.07400404345796,-0.03893979061187249,-0.004039781091023536
198.20000000000002,46.07011006439677,-0.03934376872097482,-0.004097347945012886
198.3,46.06617568752468,-0.03975350351547609,-0.004059474542120004
198.4,46.06220033717313,-0.040159450969688065,-0.003995834706292339
198.5,46.05818439207616,-0.040559034440317276,-0.003930808869398042
198.60000000000002,46.05412848863213,-0.04095211532725717,-0.0039043980965705744
198.70000000000002,46.0500332770994,-0.041342555136914205,-0.0038447611841404515
198.8,46.04589902158571,-0.04172703125532823,-0.0037956987174010077
198.9,46.04172631846018,-0.04210660112706831,-0.003724558364563358
199.0,46.03751565834747,-0.04247905696352462,-0.0036356722783911144
199.10000000000002,46.03326775265112,-0.042842624191363816,-0.003551131729764075
199.20000000000002,46.02898349023198,-0.043197737364340204,-0.0034376652959857436
199.3,46.024663716495546,-0.04354150389393876,-0.0032807964555474833
199.4,46.02030956610616,-0.04386958353949349,-0.0030138549260766054
199.5,46.0159226077522,-0.04417096903210113,-0.0027363224042053374
199.60000000000002,46.01150551084899,-0.04444460127252173,-0.0024459951678284385
199.70000000000002,46.007061050721745,-0.04468920078930456,-0.002186924249109656
199.8,46.00259213064281,-0.04490789321421551,-0.001958425916555984
199.9,45.998101341321394,-0.0451037358058711,-0.001958425916555984
200.0,45.9935909677408,nan,nan
