Time(s),Drum_Angle(deg),Drum_Velocity(deg/s),Drum_Acceleration(deg/s^2)
0.0,45.0,0.0,0.003397575740402836
0.1,45.0,0.0003397575740402836,0.003364264279106244
0.2,45.000033975757404,0.000676184001950908,0.00345181500774165
0.30000000000000004,45.0001015941576,0.0010213655027250731,0.0035698249169647403
0.4,45.000203730707874,0.001378347994421547,0.003692299493093105
0.5,45.00034156550731,0.0017475779437308575,0.0037846878807076094
0.6000000000000001,45.00051632330169,0.002126046731801619,0.00382279603728622
0.7000000000000001,45.00072892797487,0.0025083263355302407,0.003853480905373561
0.8,45.00097976060842,0.0028936744260675967,0.003883644583304869
0.9,45.00126912805103,0.0032820388843980836,0.003982509709919147
1.0,45.001597331939465,0.003680289855389998,0.004048423410319409
1.1,45.001965360925006,0.0040851321964219395,0.004091045936968071
1.2000000000000002,45.002373874144645,0.004494236790118747,0.004160353606424283
1.3,45.00282329782366,0.004910272150761175,0.004335398959052526
1.4000000000000001,45.00331432503874,0.0053438120466664275,0.00454115684187372
1.5,45.0038487062434,0.005797927730853799,0.004772415224881354
1.6,45.00442849901649,0.006275169253341935,0.005077039498297578
1.7000000000000002,45.005056015941825,0.006782873203171693,0.005336200793030113
1.8,45.00573430326214,0.007316493282474704,0.005655726174345338
1.9000000000000001,45.00646595259039,0.007882065899909238,0.005918298537491263
2.0,45.00725415918038,0.008473895753658364,0.006093563029432309
2.1,45.00810154875575,0.009083252056601595,0.0062251384456551585
2.2,45.0090098739614,0.009705765901167111,0.006373739556835665
2.3000000000000003,45.009980450551524,0.010343139856850678,0.006516833700088182
2.4000000000000004,45.01101476453721,0.010994823226859497,0.006700982890788197
2.5,45.012114246859895,0.011664921515938315,0.006858394586895169
2.6,45.013280739011485,0.012350760974627832,0.006992513111782749
2.7,45.01451581510895,0.013050012285806108,0.007051674009643545
2.8000000000000003,45.01582081633753,0.013755179686770463,0.007008422596648447
2.9000000000000004,45.017196334306206,0.014456021946435308,0.006977384251683855
3.0,45.01864193650085,0.015153760371603691,0.006915098885877825
3.1,45.02015731253801,0.015845270260191474,0.006922776391877141
3.2,45.02174183956403,0.01653754789937919,0.006888526578580281
3.3000000000000003,45.023395594353964,0.017226400557237218,0.006852243446841885
3.4000000000000004,45.02511823440969,0.017911624901921407,0.006809775005475634
3.5,45.02690939689988,0.018592602402468968,0.0067352206441608576
3.6,45.02876865714013,0.019266124466885054,0.006677911768512284
3.7,45.030695269586815,0.019933915643736283,0.006585667048239306
3.8000000000000003,45.03268866115119,0.020592482348560214,0.006468186716633601
3.9000000000000004,45.03474790938605,0.021239301020223575,0.006343133563502407
4.0,45.03687183948807,0.021873614376573813,0.006180401215080436
4.1000000000000005,45.03905920092573,0.02249165449808186,0.006031496744880898
4.2,45.04130836637554,0.023094804172569948,0.005947321404390589
4.3,45.04361784679279,0.023689536313009005,0.005824678541477179
4.4,45.045986800424096,0.024272004167156726,0.005717027766605854
4.5,45.04841400084081,0.02484370694381731,0.0056380602126259284
4.6000000000000005,45.05089837153519,0.025407512965079905,0.0055696782393704755
4.7,45.0534391228317,0.02596448078901695,0.0054261677594164065
4.800000000000001,45.0560355709106,0.026507097564958594,0.005264110991149517
4.9,45.0586862806671,0.027033508664073544,0.005121279953610777
5.0,45.0613896315335,0.02754563665943462,0.0049426172020147156
5.1000000000000005,45.06414419519945,0.028039898379636094,0.0047615691849116175
5.2,45.06694818503741,0.028516055298127254,0.004645624238528617
5.300000000000001,45.069799790567224,0.028980617721980118,0.004506628240629177
5.4,45.072697852339424,0.029431280546043034,0.004357842454889552
5.5,45.07564098039403,0.029867064791531988,0.004185713946282267
5.6000000000000005,45.078627686873176,0.030285636186160217,0.004115741614811854
5.7,45.0816562504918,0.0306972103476414,0.004019602636567781
5.800000000000001,45.08472597152656,0.03109917061129818,0.0039355339301503645
5.9,45.08783588858769,0.031492724004313216,0.0039227765492917815
6.0,45.09098516098812,0.03188500165924239,0.00392379154990579
6.1000000000000005,45.094173661154045,0.032277380814232974,0.0039162471980428715
6.2,45.097401399235466,0.03266900553403726,0.003808331825888488
6.300000000000001,45.10066829978887,0.03304983871662611,0.0036719702881963514
6.4,45.10397328366054,0.033417035745445745,0.0035308550828594535
6.5,45.10731498723508,0.03377012125373169,0.0033647815131901226
6.6000000000000005,45.110691999360455,0.0341065994050507,0.0032073091589644833
6.7,45.114102659300954,0.03442733032094715,0.0030202497402029133
6.800000000000001,45.11754539233305,0.03472935529496744,0.0027760796468233417
6.9,45.12101832786255,0.035006963259649776,0.002505288172601284
7.0,45.124519024188515,0.0352574920769099,0.0022817794933353026
7.1000000000000005,45.128044773396205,0.035485670026243435,0.002039453285196676
7.2,45.13159334039883,0.0356896153547631,0.0017897560483862056
7.300000000000001,45.13516230193431,0.03586859095960172,0.0015530679312725974
7.4,45.13874916103026,0.03602389775272898,0.0012432005649234317
7.5,45.142351550805536,0.036148217809221325,0.000889208425293437
7.6000000000000005,45.14596637258646,0.03623713865175067,0.0005276552137262904
7.7,45.14959008645164,0.0362899041731233,0.00017511641026222898
7.800000000000001,45.15321907686895,0.03630741581414952,-0.00015473471187230135
7.9,45.15684981845036,0.03629194234296229,-0.0004865726035242091
8.0,45.16047901268466,0.03624328508260987,-0.000810195270295261
8.1,45.16410334119292,0.036162265555580345,-0.001194773066777646
8.200000000000001,45.16771956774848,0.03604278824890258,-0.0015782067676300333
8.3,45.171323846573365,0.035884967572139576,-0.0018800815537402327
8.4,45.17491234333058,0.03569695941676555,-0.0020568656823276373
8.5,45.17848203927226,0.03549127284853279,-0.0022211532812835355
8.6,45.18203116655711,0.03526915752040444,-0.002297975273237061
8.700000000000001,45.18555808230915,0.03503935999308073,-0.002453973429180434
8.8,45.18906201830846,0.034793962650162685,-0.0026325583957084826
8.9,45.192541414573476,0.03453070681059184,-0.0027881325393869327
9.0,45.19599448525454,0.034251893556653146,-0.0029441864498541796
9.1,45.1994196746102,0.03395747491166773,-0.0030815836837178984
9.200000000000001,45.20281542210137,0.033649316543295935,-0.0032380378179661224
9.3,45.2061803537557,0.033325512761499324,-0.0033698882973386256
9.4,45.20951290503185,0.03298852393176546,-0.003512442445879073
9.5,45.21281175742502,0.032637279687177556,-0.0036439007075667923
9.600000000000001,45.216075485393745,0.03227288961642087,-0.0037972643093112236
9.700000000000001,45.219302774355384,0.03189316318548975,-0.0039623636532716
9.8,45.22249209067393,0.03149692682016259,-0.004210790754772314
9.9,45.22564178335595,0.031075847744685362,-0.00444391524378482
10.0,45.228749368130416,0.03063145622030688,-0.004638285968238055
10.100000000000001,45.231812513752445,0.03016762762348307,-0.0048490999093347455
10.200000000000001,45.234829276514795,0.029682717632549597,-0.005024643414652826
10.3,45.23779754827805,0.029180253291084316,-0.005128810954159718
10.4,45.24071557360716,0.028667372195668346,-0.005279953173668082
10.5,45.243582310826724,0.02813937687830154,-0.005449900251097524
10.600000000000001,45.24639624851456,0.02759438685319178,-0.005566548500545879
10.700000000000001,45.249155687199874,0.027037732003137194,-0.005712800728510297
10.8,45.25185946040019,0.026466451930286166,-0.0058516510871062105
10.9,45.254506105593215,0.025881286821575547,-0.005907537642805813
11.0,45.25709423427538,0.025290533057294968,-0.006006433900018397
11.100000000000001,45.25962328758111,0.02468988966729312,-0.006132640896312374
11.200000000000001,45.26209227654783,0.024076625577661884,-0.006222517382473377
11.3,45.2644999391056,0.02345437383941455,-0.006256655209574783
11.4,45.26684537648954,0.022828708318457073,-0.006281927941474199
11.5,45.26912824732139,0.022200515524309655,-0.006267117320032566
11.600000000000001,45.27134829887382,0.02157380379230639,-0.00623507797110018
11.700000000000001,45.27350567925305,0.020950295995196374,-0.0061300118114433625
11.8,45.27560070885257,0.02033729481405204,-0.006064076269196709
11.9,45.277634438333976,0.01973088718713237,-0.005997533053881073
12.0,45.27960752705269,0.019131133881744266,-0.0058617199641093146
12.100000000000001,45.28152064044086,0.018544961885333326,-0.005801517497665644
12.200000000000001,45.283375136629395,0.017964810135566764,-0.005770247969295893
12.3,45.28517161764295,0.017387785338637177,-0.005811711886376199
12.4,45.286910396176815,0.01680661414999956,-0.005810557476659491
12.5,45.288591057591816,0.016225558402333612,-0.00574051464199961
12.600000000000001,45.29021361343205,0.015651506938133643,-0.0056522067659693495
12.700000000000001,45.291778764125866,0.01508628626153671,-0.005540775058367339
12.8,45.29328739275201,0.014532208755699978,-0.00545930264479815
12.9,45.29474061362759,0.013986278491220165,-0.00540213631052453
13.0,45.29613924147671,0.013446064860167714,-0.005293370998702533
13.100000000000001,45.297483847962724,0.012916727760297453,-0.005115984046405627
13.200000000000001,45.29877552073876,0.012405129355656892,-0.004914305165495125
13.3,45.30001603367432,0.011913698839107381,-0.004797607521454736
13.4,45.30120740355823,0.01143393808696191,-0.00467594975408006
13.5,45.30235079736693,0.010966343111553905,-0.004602473712222795
13.600000000000001,45.30344743167808,0.010506095740331619,-0.004532786809855627
13.700000000000001,45.30449804125212,0.010052817059346058,-0.004494165327874574
13.8,45.30550332295805,0.009603400526558602,-0.004449450700938667
13.9,45.3064636630107,0.009158455456464737,-0.004403432427542932
14.0,45.30737950855635,0.008718112213710445,-0.004316271654088475
14.100000000000001,45.308251319777725,0.008286485048301592,-0.004270647778257007
14.200000000000001,45.30907996828255,0.007859420270475892,-0.004174288720175023
14.3,45.309865910309604,0.0074419913984583915,-0.004075815744207422
14.4,45.31061010944945,0.007034409824037651,-0.0039969255905687
14.5,45.311313550431855,0.006634717264980782,-0.0039055540914572293
14.600000000000001,45.31197702215835,0.006244161855835054,-0.0037597139062790215
14.700000000000001,45.31260143834393,0.005868190465207153,-0.0035459842249838933
14.8,45.31318825739045,0.005513592042708765,-0.003281676904209619
14.9,45.313739616594724,0.005185424352287804,-0.003001044632568253
15.0,45.314258159029954,0.00488531988903098,-0.0026211667516574397
15.100000000000001,45.314746691018854,0.004623203213865232,-0.0021701048830792624
15.200000000000001,45.315209011340244,0.004406192725557307,-0.0016843866059959812
15.3,45.315649630612796,0.004237754064957709,-0.001189918507963493
15.4,45.31607340601929,0.00411876221416136,-0.000697771754353176
15.5,45.31648528224071,0.004048985038726043,-0.0002541151772836972
15.600000000000001,45.316890180744586,0.004023573520997673,0.00017886498476253336
15.700000000000001,45.31729253809668,0.004041460019473926,0.0005904316384991295
15.8,45.31769668409863,0.004100503183323839,0.0010005727333718198
15.9,45.318106734416965,0.0042005604566610205,0.0013370317261925681
16.0,45.31852679046263,0.004334263629280277,0.001639912478065408
16.1,45.31896021682556,0.00449825487708682,0.0018729822158241333
16.2,45.319410042313265,0.004685553098669229,0.002095377496953177
16.3,45.31987859762313,0.00489509084836455,0.0023246678756971336
16.400000000000002,45.32036810670797,0.005127557635934267,0.0026366725153039285
16.5,45.32088086247156,0.005391224887464654,0.002914907065071838
16.6,45.32141998496031,0.005682715593971842,0.0032125796991531305
16.7,45.3219882565197,0.006003973563887148,0.003486981148470936
16.8,45.322588653876096,0.006352671678734247,0.003741354837109282
16.900000000000002,45.32322392104397,0.00672680716244518,0.003994227854378101
17.0,45.32389660176021,0.007126229947882982,0.004166631270800015
17.1,45.324609224755,0.007542893074962989,0.004290325296914727
17.2,45.325363514062495,0.007971925604654453,0.004331412180680901
17.3,45.326160706622964,0.008405066822722549,0.004353087921809663
17.400000000000002,45.32700121330524,0.008840375614903521,0.004371173233062564
17.5,45.32788525086673,0.009277492938209769,0.004312860016615583
17.6,45.328813000160544,0.009708778939871333,0.00413312123611575
17.7,45.329783878054535,0.0101220910634829,0.003885118370102154
17.8,45.330796087160884,0.01051060290049312,0.0036681579733879
17.900000000000002,45.33184714745093,0.010877418697831915,0.003465761843452317
18.0,45.33293488932071,0.01122399488217714,0.0033318601718338287
18.1,45.334057288808935,0.011557180899360527,0.003294795108999272
18.2,45.33521300689887,0.011886660410260447,0.0032911037604892567
18.3,45.33640167293989,0.012215770786309378,0.003265164828909923
18.400000000000002,45.337623250018524,0.012542287269200375,0.003208568658701407
18.5,45.338877478745445,0.012863144135070509,0.003088631743497433
18.6,45.34016379315895,0.013172007309420256,0.00295941164464373
18.7,45.341480993889896,0.013467948473884623,0.002834820003972839
18.8,45.34282778873728,0.013751430474281911,0.002796371242663494
18.900000000000002,45.34420293178471,0.014031067598548264,0.0027926695084806966
19.0,45.34560603854457,0.014310334549396328,0.00276327488406967
19.1,45.34703707199951,0.014586662037803299,0.002687479753147745
19.200000000000003,45.34849573820328,0.014855410013118077,0.0025234876280364107
19.3,45.3499812792046,0.015107758775921713,0.0023083618964837866
19.400000000000002,45.35149205508219,0.015338594965570095,0.0019866741811449653
19.5,45.353025914578744,0.015537262383684587,0.001687439202046868
19.6,45.354579640817114,0.015706006303889276,0.001409791822327853
19.700000000000003,45.3561502414475,0.015846985486122064,0.001110828646330292
19.8,45.357734939996114,0.01595806835075509,0.0008917329491141488
19.900000000000002,45.35933074683119,0.016047241645666507,0.0007531443923675268
20.0,45.360935470995756,0.016122556084903258,0.0006421096584064471
20.1,45.36254772660425,0.016186767050743903,0.0005605357192434772
20.200000000000003,45.364166403309326,0.016242820622668252,0.0004989957493281331
20.3,45.36579068537159,0.016292720197601064,0.0004002984153223614
20.400000000000002,45.36741995739135,0.0163327500391333,0.000216237950530986
20.5,45.36905323239527,0.0163543738341864,5.1548435614431166e-05
20.6,45.37068866977868,0.016359528677747842,-0.00018230409121268876
20.700000000000003,45.37232462264646,0.016341298268626573,-0.00042459188615139937
20.8,45.37395875247332,0.016298839080011434,-0.0006606301080417767
20.900000000000002,45.37558863638132,0.016232776069207255,-0.0009260709271066206
21.0,45.37721191398824,0.016140168976496595,-0.0012218136205103224
21.1,45.37882593088589,0.01601798761444556,-0.0014965035862387964
21.200000000000003,45.38042772964734,0.01586833725582168,-0.0017456238638181186
21.3,45.38201456337292,0.01569377486943987,-0.0019832144620798397
21.400000000000002,45.383583940859864,0.015495453423231885,-0.002237220770532479
21.5,45.385133486202186,0.015271731346178642,-0.0025210011815221
21.6,45.386660659336805,0.015019631228026428,-0.00279238217857356
21.700000000000003,45.3881626224596,0.014740393010169068,-0.0030602577488455336
21.8,45.38963666176062,0.014434367235284521,-0.003390608838321402
21.900000000000002,45.39108009848415,0.014095306351452376,-0.0036871626867933474
22.0,45.3924896291193,0.01372659008277305,-0.003909803673612079
22.1,45.39386228812757,0.013335609715411836,-0.004129048015991479
22.200000000000003,45.39519584909912,0.012922704913812682,-0.004329464114123683
22.3,45.396488119590494,0.012489758502400323,-0.004526264106641987
22.400000000000002,45.39773709544074,0.012037132091736118,-0.004783469795462158
22.5,45.39894080864991,0.011558785112189912,-0.005037266504419356
22.6,45.40009668716113,0.01105505846174797,-0.005237513054394157
22.700000000000003,45.4012021930073,0.010531307156308546,-0.0054147064927476405
22.8,45.40225532372293,0.009989836507033794,-0.005612726019957229
22.900000000000002,45.403254307373636,0.009428563905038063,-0.005714880741876736
23.0,45.40419716376414,0.008857075830850401,-0.005819215420987144
23.1,45.405082871347226,0.008275154288751679,-0.005916899673977137
23.200000000000003,45.4059103867761,0.0076834643213539566,-0.005999818387475905
23.3,45.40667873320824,0.007083482482606379,-0.00609967400292369
23.400000000000002,45.4073870814565,0.006473515082314001,-0.006217185026342906
23.5,45.408034432964726,0.005851796579679724,-0.0063831739577726926
23.6,45.408619612622694,0.005213479183902445,-0.006534058631570827
23.700000000000003,45.40914096054109,0.0045600733207453534,-0.0066608163703422716
23.8,45.40959696787316,0.0038939916837111405,-0.006797805317492752
23.900000000000002,45.40998636704153,0.0032142111519618557,-0.006916314714638717
24.0,45.41030778815673,0.0025225796804979987,-0.007131792943148232
24.1,45.41056004612478,0.0018094003861831654,-0.00738872132595662
24.200000000000003,45.4107409861634,0.0010705282535874929,-0.0075930431575999355
24.3,45.41084803898875,0.00031122393782751553,-0.007740708015466383
24.400000000000002,45.41087916138254,-0.0004628468637191338,-0.007819729597592404
24.5,45.41083287669617,-0.0012448198234783574,-0.007851040093875616
24.6,45.41070839471382,-0.00202992383286593,-0.0078037583603627145
24.700000000000003,45.410505402330536,-0.0028102996689022127,-0.007804385351136823
24.8,45.41022437236364,-0.0035907382040158784,-0.007821052620398752
24.900000000000002,45.40986529854324,-0.004372843466055765,-0.007890764299554697
25.0,45.409428014196635,-0.0051619198960112175,-0.007966117353574746
25.1,45.40891182220703,-0.005958531631368703,-0.007989763027077901
25.200000000000003,45.4083159690439,-0.006757507934076505,-0.0079747470699458
25.3,45.40764021825049,-0.007554982641071068,-0.00801442884661202
25.400000000000002,45.40688471998638,-0.008356425525732281,-0.007997127874568279
25.5,45.406049077433806,-0.009156138313189092,-0.007917093337172125
25.6,45.40513346360249,-0.009947847646906316,-0.007765195249783968
25.700000000000003,45.404138678837796,-0.010724367171884724,-0.007608471900346104
25.8,45.40306624212061,-0.011485214361919318,-0.0074460010676315695
25.900000000000002,45.401917720684416,-0.012229814468682485,-0.007248194050101553
26.0,45.40069473923755,-0.012954633873692625,-0.006990818230699796
26.1,45.39939927585018,-0.013653715696762615,-0.006725196008558728
26.200000000000003,45.3980339042805,-0.014326235297618497,-0.006460342272563978
26.3,45.396601280750744,-0.014972269524874881,-0.00616100331998921
26.400000000000002,45.395104053798256,-0.015588369856873811,-0.005882179429226209
26.5,45.39354521681257,-0.01617658779979642,-0.005624292753307222
26.6,45.39192755803259,-0.01673901707512715,-0.005314909992775064
26.700000000000003,45.39025365632508,-0.017270508074404663,-0.005016552900880061
26.8,45.38852660551763,-0.01777216336449266,-0.004687785614879775
26.900000000000002,45.38674938918118,-0.018240941925980643,-0.004278667536783639
27.0,45.38492529498859,-0.018668808679658998,-0.0038783917492135407
27.1,45.383058414120626,-0.019056647854580357,-0.003505025212225557
27.200000000000003,45.381152749335165,-0.019407150375802918,-0.003146935918164511
27.3,45.37921203429758,-0.019721843967619362,-0.0027209161190499364
27.400000000000002,45.377239849900825,-0.01999393557952436,-0.0022702638150543797
27.5,45.37524045634287,-0.020220961961029793,-0.001917929527412127
27.6,45.373218360146765,-0.02041275491377101,-0.001552130361416894
27.700000000000003,45.371177084655386,-0.0205679679499127,-0.0012043374249941486
27.8,45.3691202878604,-0.020688401692412112,-0.0008329387783535695
27.900000000000002,45.36705144769116,-0.02077169557024747,-0.00044419286893055803
28.0,45.364974278134135,-0.020816114857140525,-1.559144939541185e-05
28.1,45.36289266664842,-0.020817674002080067,0.000401053208230953
28.200000000000003,45.36081089924821,-0.02077756868125697,0.0007142682002208244
28.3,45.35873314238008,-0.02070614186123489,0.0009139850900549912
28.400000000000002,45.35666252819396,-0.02061474335222939,0.0011151788817103411
28.5,45.35460105385874,-0.020503225464058358,0.0013337967820388297
28.6,45.352550731312334,-0.020369845785854473,0.0015228819869693216
28.700000000000003,45.350513746733746,-0.02021755758715754,0.001689602846806916
28.8,45.348491990975035,-0.02004859730247685,0.001880366153564497
28.900000000000002,45.346487131244785,-0.019860560687120398,0.0021856925958280266
29.0,45.34450107517607,-0.0196419914275376,0.0025898047075560335
29.1,45.342536876033314,-0.019383010956781993,0.0030240939147215943
29.200000000000003,45.34059857493764,-0.01908060156530983,0.003357985865286956
29.3,45.338690514781106,-0.01874480297878114,0.003713892713398964
29.400000000000002,45.33681603448323,-0.01837341370744124,0.004014970100273493
29.5,45.33497869311249,-0.0179719166974139,0.004363049375014334
29.6,45.333181501442745,-0.01753561175991246,0.004708173214037356
29.700000000000003,45.33142794026676,-0.017064794438508717,0.005088734299505894
29.8,45.3297214608229,-0.016555921008558138,0.005408607202973806
29.900000000000002,45.32806586872205,-0.01601506028826075,0.005729851789314841
30.0,45.32646436269322,-0.015442075109329278,0.006036492265197938
30.1,45.32492015518229,-0.014838425882809475,0.006285258506795417
30.200000000000003,45.323436312594005,-0.014209900032129925,0.006445120289054558
30.3,45.322015322590794,-0.013565388003224483,0.006626788518255814
30.400000000000002,45.32065878379047,-0.012902709151398892,0.006868441878710119
30.5,45.31936851287533,-0.012215864963527895,0.007113641288541957
30.6,45.31814692637898,-0.011504500834673689,0.007322397329706833
30.700000000000003,45.316996476295515,-0.010772261101702995,0.0074718077099123655
30.8,45.31591925018534,-0.010025080330711774,0.007560560222381413
30.900000000000002,45.31491674215227,-0.009269024308473622,0.007637565671954536
31.0,45.31398983972142,-0.008505267741278185,0.007708303769780161
31.1,45.31313931294729,-0.007734437364300158,0.007797652593680107
31.200000000000003,45.312365869210865,-0.006954672104932136,0.007859205495274307
31.3,45.311670402000374,-0.006168751555404722,0.007919138937213114
31.400000000000002,45.31105352684483,-0.0053768376616834,0.007940663175016925
31.5,45.31051584307866,-0.004582771344181724,0.007960574713571674
31.6,45.31005756594424,-0.0037867138728245454,0.007890698685299515
31.700000000000003,45.30967889455696,-0.0029976440042945827,0.00781613478499711
31.8,45.309379130156536,-0.0022160305257948884,0.0076659662149646405
31.900000000000002,45.309157527103956,-0.0014494339042984135,0.007482799837726932
32.0,45.309012583713525,-0.0007011539205257362,0.007298773725518106
32.1,45.30894246832147,2.872345202608478e-05,0.007197324284600206
32.2,45.308945340666675,0.0007484558804861156,0.007086080005295108
32.300000000000004,45.30902018625472,0.0014570638810156365,0.006953344338323119
32.4,45.309165892642824,0.002152398314847909,0.00688288493578427
32.5,45.30938113247431,0.0028406868084263457,0.0068287442534815754
32.6,45.30966520115515,0.003523561233774513,0.006816962991365412
32.7,45.31001755727853,0.004205257532911064,0.006819306238266654
32.800000000000004,45.31043808303182,0.004887188156737739,0.0067833663707464594
32.9,45.31092680184749,0.005565524793812346,0.006729749682317307
33.0,45.311483354326874,0.0062384997620440865,0.006701417282248597
33.1,45.31210720430308,0.006908641490268956,0.006679658510538251
33.2,45.3127980684521,0.00757660734132279,0.006682531569575787
33.300000000000004,45.31355572918624,0.008244860498280378,0.006697699484582465
33.4,45.31438021523606,0.008914630446738587,0.006752926727559534
33.5,45.31527167828074,0.00958992311949455,0.006760827058311753
33.6,45.31623067059269,0.010266005825325735,0.006714654752740358
33.7,45.31725727117522,0.01093747130059978,0.006712483647848015
33.800000000000004,45.31835101830528,0.011608719665384591,0.0067381406257287935
33.9,45.31951189027182,0.012282533727957432,0.006803547987932834
34.0,45.32074014364461,0.012962888526750725,0.006876081209485462
34.1,45.32203643249729,0.013650496647699281,0.0068630208757318525
34.2,45.32340148216206,0.014336798735272476,0.006700755326058726
34.300000000000004,45.32483516203559,0.015006874267878358,0.006502191932925167
34.4,45.326335849462374,0.015657093461170838,0.0062986273928554585
34.5,45.32790155880849,0.016286956200456393,0.006111398300799858
34.6,45.32953025442854,0.016898096030536387,0.005981882798713636
34.7,45.33122006403159,0.01749628431040776,0.005837155699414592
34.800000000000004,45.33296969246263,0.018079999880349227,0.00569170067300549
34.9,45.33477769245067,0.018649169947649744,0.005592123786568478
35.0,45.336642609445434,0.0192083823263066,0.005423557162027435
35.1,45.33856344767806,0.01975073804250935,0.005213221611085231
35.2,45.340538521482316,0.02027206020361788,0.004961669178163811
35.300000000000004,45.342565727502674,0.02076822712143427,0.0047724344532724195
35.4,45.34464255021482,0.021245470566761484,0.004615402814024953
35.5,45.346767097271496,0.021707010848163986,0.004458325831569645
35.6,45.34893779835631,0.022152843431320957,0.00435825661202223
35.7,45.35115308269945,0.022588669092523186,0.004270309867026633
35.800000000000004,45.3534119496087,0.023015700079225855,0.004157006292155693
35.9,45.35571351961662,0.0234314007084414,0.004044773173383273
36.0,45.35805665968746,0.023835878025779734,0.003976984357849322
36.1,45.36044024749004,0.02423357646156467,0.0038891225814380458
36.2,45.3628636051362,0.02462248871970848,0.0038169138117174844
36.300000000000004,45.36532585400817,0.025004180100880236,0.0036998822622342034
36.4,45.367826272018256,0.025374168327103635,0.003516604480519206
36.5,45.370363688850965,0.02572582877515556,0.00328664743574752
36.6,45.372936271728484,0.026054493518730317,0.0030047587957645052
36.7,45.37554172108035,0.026354969398306772,0.002676177530533324
36.800000000000004,45.378177218020184,0.026622587151360108,0.0022938244346034074
36.9,45.380839476735325,0.026851969594820436,0.0019428971356934349
37.0,45.38352467369481,0.027046259308389782,0.001567219186737445
37.1,45.38622929962565,0.02720298122706353,0.0011305228788015104
37.2,45.38894959774835,0.02731603351494368,0.0006975732890082241
37.300000000000004,45.39168120109984,0.027385790843844505,0.00032550849894478806
37.4,45.39441978018423,0.027418341693738982,-4.67295523868046e-05
37.5,45.3971616143536,0.0274136687385003,-0.00038039656714539973
37.6,45.399902981227456,0.02737562908178576,-0.0006031974436458265
37.7,45.40264054413563,0.027315309337421177,-0.0008530278529478175
37.800000000000004,45.40537207506937,0.027230006552126394,-0.0011545841976458267
37.9,45.40809507572459,0.027114548132361818,-0.0015051495571122419
38.0,45.41080653053782,0.026964033176650592,-0.0018975230462018886
38.1,45.41350293385549,0.0267742808720304,-0.0023237366812958408
38.2,45.41618036194269,0.026541907203900813,-0.0027376863769986532
38.300000000000004,45.41883455266308,0.026268138566200944,-0.003064825872513754
38.400000000000006,45.4214613665197,0.025961655978949564,-0.0033313311705988357
38.5,45.424057532117594,0.0256285228618897,-0.0035284014147440017
38.6,45.42662038440378,0.025275682720415294,-0.0036496373589144267
38.7,45.42914795267583,0.024910718984523846,-0.003783184397806569
38.800000000000004,45.43163902457428,0.024532400544743184,-0.003964351225201556
38.900000000000006,45.43409226462875,0.024135965422223023,-0.004182931694105789
39.0,45.43650586117098,0.023717672252812468,-0.004371399523590114
39.1,45.438877628396256,0.02328053230045345,-0.004567000900983051
39.2,45.4412056816263,0.02282383221035514,-0.004786847903940733
39.300000000000004,45.44348806484734,0.022345147419961058,-0.004997672715102949
39.400000000000006,45.44572257958934,0.021845380148450756,-0.005170481484363959
39.5,45.44790711760418,0.02132833200001439,-0.005299983854192205
39.6,45.45003995080418,0.02079833361459516,-0.00546991937909874
39.7,45.45211978416564,0.02025134167668528,-0.005672484021447359
39.800000000000004,45.454144918333306,0.019684093274540536,-0.005957827218327409
39.900000000000006,45.45611332766076,0.019088310552707786,-0.006205588837994546
40.0,45.458022158716034,0.018467751668908367,-0.006429705072633226
40.1,45.45986893388292,0.017824781161645036,-0.006670477246228076
40.2,45.461651411999085,0.01715773343702222,-0.006851816623496168
40.300000000000004,45.46336718534279,0.016472551774672592,-0.006949979604702205
40.400000000000006,45.46501444052026,0.01577755381420236,-0.007046584766409963
40.5,45.466592195901676,0.015072895337561405,-0.007121168980976959
40.6,45.46809948543543,0.0143607784394637,-0.007122037010574743
40.7,45.46953556327938,0.013648574738406215,-0.007100626393142018
40.800000000000004,45.47090042075322,0.012938512099092003,-0.007060423553913595
40.900000000000006,45.47219427196313,0.012232469743700633,-0.007095252727817255
41.0,45.4734175189375,0.011522944470918948,-0.007114030206725431
41.1,45.47456981338459,0.010811541450246395,-0.0070792767408419735
41.2,45.47565096752962,0.010103613776162187,-0.007118399052295467
41.300000000000004,45.476661328907234,0.00939177387093263,-0.007095658309935388
41.400000000000006,45.47760050629432,0.008682208039939082,-0.007006248712293598
41.5,45.47846872709832,0.007981583168709762,-0.006966484741966324
41.6,45.47926688541519,0.00728493469451312,-0.006910636991506837
41.7,45.479995378884645,0.006593870995362426,-0.006879668643630339
41.800000000000004,45.48065476598418,0.005905904130999382,-0.006818689962493948
41.900000000000006,45.48124535639728,0.005224035134749978,-0.006721151015036814
42.0,45.48176775991075,0.004551920033246335,-0.006608787121705533
42.1,45.482222951914075,0.003891041321075772,-0.006495325610184404
42.2,45.482612056046186,0.0032415087600573224,-0.006340454865643251
42.300000000000004,45.48293620692219,0.002607463273492988,-0.006189504361406123
42.400000000000006,45.48319695324954,0.001988512837352367,-0.006069277679510766
42.5,45.483395804533274,0.001381585069401325,-0.005947087867107487
42.6,45.483533963040216,0.0007868762826905679,-0.005847091650661468
42.7,45.48361265066848,0.00020216711762441287,-0.005842260407970679
42.800000000000004,45.48363286738025,-0.00038205892317266327,-0.005857228281657344
42.900000000000006,45.48359466148793,-0.0009677817513384059,-0.005827256550661861
43.0,45.48349788331279,-0.0015505074064045589,-0.005817835119018623
43.1,45.483342832572156,-0.0021322909183064294,-0.005824141087225655
43.2,45.48312960348033,-0.002714705027029003,-0.005844115094833178
43.300000000000004,45.482858132977626,-0.0032991165365123293,-0.005810219107914476
43.400000000000006,45.482528221323975,-0.003880138447303785,-0.005668854468025513
43.5,45.48214020747924,-0.004447023894106304,-0.005516880835413664
43.6,45.48169550508983,-0.004998711977647678,-0.005342913861759214
43.7,45.481195633892064,-0.005533003363823607,-0.0051904762306936554
43.800000000000004,45.480642333555686,-0.00605205098689298,-0.005080069139716048
43.900000000000006,45.48003712845699,-0.006560057900864592,-0.004913708902983991
44.0,45.47938112266691,-0.0070514287911629635,-0.004691468937801284
44.1,45.47867597978779,-0.007520575684943099,-0.004465312394128218
44.2,45.4779239222193,-0.007967106924355927,-0.00428572887466055
44.300000000000004,45.47712721152686,-0.008395679811821988,-0.004102549811438119
44.400000000000006,45.47628764354568,-0.008805934792965806,-0.0038448845606161713
44.5,45.47540705006638,-0.0091904232490274,-0.0036486923559239832
44.6,45.47448800774148,-0.009555292484619804,-0.003509611072965368
44.7,45.47353247849302,-0.009906253591916346,-0.0033870999350003217
44.800000000000004,45.472541853133826,-0.010244963585416383,-0.0033667311411431132
44.900000000000006,45.47151735677529,-0.0105816366995307,-0.003421208490106343
45.0,45.470459193105334,-0.010923757548541314,-0.003504644373935556
45.1,45.469366817350476,-0.011274221985934875,-0.003647250003372387
45.2,45.46823939515188,-0.011638946986272119,-0.003816623684279837
45.300000000000004,45.467075500453255,-0.012020609354700108,-0.003947381573395424
45.400000000000006,45.465873439517786,-0.012415347512039656,-0.004022155445122889
45.5,45.464631904766584,-0.012817563056551922,-0.004041902780328449
45.6,45.463350148460925,-0.013221753334584772,-0.0040574514804668105
45.7,45.46202797312747,-0.01362749848263146,-0.004070254387792503
45.800000000000004,45.46066522327921,-0.014034523921410715,-0.004088568171686594
45.900000000000006,45.45926177088707,-0.01444338073857938,-0.0040367508729158156
46.0,45.45781743281321,-0.014847055825870939,-0.004026941904357295
46.1,45.45633272723062,-0.015249750016306674,-0.0040458104182969825
46.2,45.45480775222899,-0.015654331058136378,-0.00404851099813011
46.300000000000004,45.45324231912318,-0.016059182157949395,-0.00397732442264724
46.400000000000006,45.45163640090738,-0.016456914600214124,-0.003929211069821756
46.5,45.449990709447356,-0.016849835707196278,-0.0038903587989163606
46.6,45.44830572587664,-0.01723887158708792,-0.003775885198026763
46.7,45.44658183871793,-0.0176164601068906,-0.003683377166549973
46.800000000000004,45.44482019270724,-0.017984797823545604,-0.0036082455715842803
46.900000000000006,45.44302171292489,-0.018345622380704037,-0.0035593518258485806
47.0,45.441187150686815,-0.018701557563288874,-0.0034851391454636246
47.1,45.439316994930486,-0.019050071477835242,-0.0034372103258430357
47.2,45.4374119877827,-0.01939379251041955,-0.0034226787395988945
47.300000000000004,45.43547260853166,-0.019736060384379445,-0.0034520117771881377
47.400000000000006,45.43349900249322,-0.020081261562098263,-0.0034206777821462475
47.5,45.431490876337016,-0.02042332934031287,-0.003327803680797438
47.6,45.429448543402984,-0.020756109708392617,-0.0031831244957163697
47.7,45.42737293243214,-0.02107442215796426,-0.0030166861878150237
47.800000000000004,45.42526549021635,-0.021376090776745765,-0.0028444624865668912
47.900000000000006,45.423127881138676,-0.02166053702540246,-0.0027650754792389433
48.0,45.42096182743613,-0.021937044573326337,-0.002725438555033172
48.1,45.4187681229788,-0.022209588428829658,-0.0027635194250323577
48.2,45.41654716413592,-0.022485940371332898,-0.002904115504831627
48.300000000000004,45.41429857009879,-0.022776351921816065,-0.003085391622461913
48.400000000000006,45.4120209349066,-0.02308489108406226,-0.0032650872205114544
48.5,45.4097124457982,-0.023411399806113387,-0.0035047886759669218
48.6,45.407371305817584,-0.023761878673710084,-0.0037905607397593025
48.7,45.404995117950214,-0.02414093474768602,-0.004074373782170908
48.800000000000004,45.402581024475445,-0.024548372125903117,-0.004334164407452144
48.900000000000006,45.400126187262856,-0.024981788566648337,-0.004625239912558392
49.0,45.39762800840619,-0.02544431255790415,-0.0049092816466135905
49.1,45.3950835771504,-0.025935240722565516,-0.005225591453031498
49.2,45.39249005307814,-0.026457799867868673,-0.005537842323748596
49.300000000000004,45.389844273091356,-0.02701158410024354,-0.005865172008399595
49.400000000000006,45.38714311468133,-0.02759810130108351,-0.0062383635728491685
49.5,45.38438330455122,-0.02822193765836839,-0.006594660228500398
49.6,45.381561110785384,-0.02888140368121844,-0.0069680809313575325
49.7,45.37867297041726,-0.029578211774354202,-0.0073262530642439
49.800000000000004,45.37571514923983,-0.030310837080778603,-0.007664826812197005
49.900000000000006,45.37268406553175,-0.031077319761998314,-0.008015728468588132
50.0,45.36957633355555,-0.03187889260885708,-0.008350819756416265
50.1,45.366388444294664,-0.03271397458449872,-0.008588119827798533
50.2,45.363117046836216,-0.033572786567278586,-0.008823620219421624
50.300000000000004,45.35975976817949,-0.03445514858922076,-0.008996969653680558
50.400000000000006,45.35631425332057,-0.03535484555458883,-0.00912098430475943
50.5,45.352778768765106,-0.03626694398506472,-0.00927630431984746
50.6,45.3491520743666,-0.03719457441704948,-0.009424857451649301
50.7,45.345432616924896,-0.03813706016221442,-0.009493242430074909
50.800000000000004,45.34161891090867,-0.03908638440522193,-0.009533741047534561
50.900000000000006,45.33771027246815,-0.0400397585099754,-0.00953394145302508
51.0,45.33370629661715,-0.04099315265527785,-0.009442639364753222
51.1,45.329606981351624,-0.041937416591753186,-0.009312808343120434
51.2,45.32541323969245,-0.04286869742606524,-0.009170854756582547
51.300000000000004,45.321126369949845,-0.04378578290172351,-0.009109647075428518
51.400000000000006,45.31674779165967,-0.044696747609266375,-0.009026740322420582
51.5,45.312278116898746,-0.04559942164150838,-0.008999443542722651
51.6,45.307718174734596,-0.04649936599578066,-0.00902899908217494
51.7,45.30306823813502,-0.04740226590399817,-0.009048411661877625
51.800000000000004,45.29832801154462,-0.04830710707018594,-0.009069174066761592
51.900000000000006,45.2934973008376,-0.049214024476862114,-0.00909377963387251
52.0,45.288575898389915,-0.050123402440249314,-0.009154519693045657
52.1,45.283563558145886,-0.05103885440955389,-0.009173512547448826
52.2,45.27845967270493,-0.05195620566429879,-0.009265167703034073
52.300000000000004,45.2732640521385,-0.05288272243460221,-0.009376984828629106
52.400000000000006,45.26797577989504,-0.05382042091746513,-0.00949762443520427
52.5,45.26259373780329,-0.054770183360985505,-0.009542643606431093
52.6,45.2571167194672,-0.05572444772162863,-0.009438869235178718
52.7,45.251544274695036,-0.05666833464514651,-0.00927564509345586
52.800000000000004,45.24587744123052,-0.05759589915449211,-0.009120552640354699
52.900000000000006,45.24011785131507,-0.058507954418527595,-0.00898139554827158
53.0,45.23426705587322,-0.0594060939733547,-0.00877008461996781
53.1,45.22832644647588,-0.060283102435351496,-0.008537017531664044
53.2,45.22229813623235,-0.06113680418851791,-0.008458611980897928
53.300000000000004,45.2161844558135,-0.06198266538660772,-0.008369151196677504
53.400000000000006,45.20998618927484,-0.06281958050627548,-0.008315920922974868
53.5,45.20370423122421,-0.06365117259857292,-0.008266116938445443
53.6,45.19733911396435,-0.06447778429241748,-0.008283252681922669
53.7,45.190891335535106,-0.06530610956060975,-0.008345805602651434
53.800000000000004,45.184360724579044,-0.06614069012087491,-0.008310541673217674
53.900000000000006,45.177746655566956,-0.06697174428819669,-0.008226055708342225
54.0,45.17104948113814,-0.06779434985903086,-0.008106981979845326
54.1,45.16427004615224,-0.06860504805701541,-0.0079662367548593
54.2,45.15740954134653,-0.06940167173250135,-0.007885830618702431
54.300000000000004,45.150469374173284,-0.0701902547943716,-0.007775774366106132
54.400000000000006,45.14345034869385,-0.07096783223098223,-0.0077479339765579545
54.5,45.13635356547075,-0.07174262562863798,-0.007723819428786972
54.6,45.129179302907886,-0.07251500757151669,-0.0076584919945298395
54.7,45.121927802150736,-0.07328085677096968,-0.007585002705994024
54.800000000000004,45.114599716473634,-0.0740393570415691,-0.007533089699116484
54.900000000000006,45.10719578076948,-0.07479266601148075,-0.007497366279714544
55.0,45.099716514168335,-0.07554240263945217,-0.007537286974634187
55.1,45.092162273904385,-0.0762961313369156,-0.007572828458711382
55.2,45.0845326607707,-0.07705341418278674,-0.007497703071762983
55.300000000000004,45.07682731935242,-0.07780318448996305,-0.0073949372803367225
55.400000000000006,45.06904700090342,-0.07854267821799674,-0.00730291610696751
55.5,45.06119273308162,-0.07927296982869345,-0.007277776299969321
55.6,45.05326543609875,-0.08000074745869039,-0.007228281198523071
55.7,45.04526536135288,-0.0807235755785427,-0.00715608126681259
55.800000000000004,45.037193003795025,-0.08143918370522397,-0.007088449385343375
55.900000000000006,45.029049085424504,-0.08214802864375832,-0.007117286738225469
56.0,45.02083428256013,-0.08285975731758083,-0.007105028585836958
56.1,45.01254830682837,-0.08357026017616453,-0.007089069695984145
56.2,45.00419128081076,-0.08427916714576296,-0.007055979193309091
56.300000000000004,44.99576336409618,-0.08498476506509388,-0.007082349276203336
56.400000000000006,44.98726488758967,-0.08569299999271422,-0.007127727235642495
56.5,44.9786955875904,-0.08640577271627843,-0.007220281548390198
56.6,44.970055010318774,-0.08712780087111746,-0.007263707914118186
56.7,44.96134223023166,-0.08785417166252929,-0.007286409318908901
56.800000000000004,44.95255681306541,-0.08858281259442019,-0.007338371304339876
56.900000000000006,44.943698531805964,-0.08931664972485419,-0.007368161621133104
57.0,44.93476686683348,-0.09005346588696746,-0.007361045100711844
57.1,44.925761520244784,-0.09078957039703865,-0.0073380048448036875
57.2,44.91668256320508,-0.09152337088151903,-0.007317423882465847
57.300000000000004,44.907530226116926,-0.09225511326976563,-0.007262375468530016
57.400000000000006,44.89830471478995,-0.09298135081661864,-0.007210690121527413
57.5,44.88900657970829,-0.09370241982877134,-0.00708297898994421
57.6,44.87963633772541,-0.09441071772776577,-0.006903680311261719
57.7,44.87019526595263,-0.09510108575889195,-0.006783824891349919
57.800000000000004,44.86068515737674,-0.09577946824802695,-0.006687233119541574
57.900000000000006,44.851107210551945,-0.09644819155998112,-0.006519408828453098
58.0,44.84146239139594,-0.09710013244282639,-0.006345716259805088
58.1,44.83175237815166,-0.09773470406880691,-0.006139879041855474
58.2,44.82197890774478,-0.09834869197299247,-0.00589682594885224
58.300000000000004,44.81214403854748,-0.0989383745678777,-0.005632246645869064
58.400000000000006,44.80225020109069,-0.09950159923246461,-0.005409178778084141
58.5,44.792300041167444,-0.100042517110273,-0.005184838779719379
58.6,44.78229578945642,-0.10056100098824494,-0.004918493499483713
58.7,44.7722396893576,-0.10105285033819332,-0.004652019833210137
58.800000000000004,44.762134404323774,-0.10151805232151434,-0.004339794110250144
58.900000000000006,44.751982599091626,-0.10195203173253936,-0.003970877842931434
59.0,44.74178739591837,-0.10234911951683248,-0.003539768143372096
59.1,44.73155248396669,-0.1027030963311697,-0.003159446156031042
59.2,44.72128217433357,-0.1030190409467728,-0.002899709023853434
59.300000000000004,44.71098027023889,-0.10330901184915815,-0.0026515709698293377
59.400000000000006,44.70064936905398,-0.10357416894614109,-0.0024351460737234705
59.5,44.69029195215936,-0.10381768355351342,-0.002294232735223329
59.6,44.67991018380401,-0.10404710682703576,-0.0021982402916131648
59.7,44.669505473121305,-0.10426693085619708,-0.00213462185313065
59.800000000000004,44.659078780035685,-0.10448039304151015,-0.00214622969759892
59.900000000000006,44.648630740731534,-0.10469501601127004,-0.002194597722767047
60.0,44.63816123913041,-0.10491447578354673,-0.00227505372723324
60.1,44.62766979155206,-0.10514198115627006,-0.0022705305498840435
60.2,44.61715559343643,-0.10536903421125847,-0.0022374692238531463
60.300000000000004,44.6066186900153,-0.10559278113364379,-0.0021442409408558823
60.400000000000006,44.59605941190194,-0.10580720522772938,-0.002058146567557018
60.5,44.585478691379166,-0.10601301988448507,-0.0019581648798469298
60.6,44.574877389390714,-0.10620883637246976,-0.0018069001042437826
60.7,44.56425650575347,-0.10638952638289415,-0.0016338080600719386
60.800000000000004,44.55361755311518,-0.10655290718890134,-0.0014078948500677113
60.900000000000006,44.54296226239629,-0.10669369667390811,-0.0011988886927872381
61.0,44.5322928927289,-0.10681358554318683,-0.0009633701267490332
61.1,44.52161153417458,-0.10690992255586174,-0.000753526371440039
61.2,44.51092054191899,-0.10698527519300574,-0.0005518277485307066
61.300000000000004,44.5002220143997,-0.10704045796785881,-0.00037852357591502424
61.400000000000006,44.48951796860291,-0.10707831032545032,-0.0002070741593472709
61.5,44.47881013757036,-0.10709901774138504,-7.983139868050657e-05
61.6,44.46810023579622,-0.10710700088125309,-3.705199882894586e-05
61.7,44.4573895357081,-0.10711070608113599,-3.298074758434308e-06
61.800000000000004,44.446678465099986,-0.10711103588861183,3.101749204634197e-05
61.900000000000006,44.435967361511125,-0.1071079341394072,6.822231402123623e-05
62.0,44.42525656809718,-0.10710111190800507,7.888676550868333e-05
62.1,44.414546456906386,-0.1070932232314542,7.78125292286147e-05
62.2,44.403837134583235,-0.10708544197853134,5.654763372372948e-05
62.300000000000004,44.39312859038539,-0.10707978721515897,3.3898668294618034e-06
62.400000000000006,44.38242061166387,-0.10707944822847602,-2.2494481248803878e-05
62.5,44.37171266684102,-0.1070816976766009,-1.328400588335147e-05
62.6,44.36100449707336,-0.10708302607718924,3.691260539145872e-05
62.7,44.35029619446564,-0.10707933481665009,6.458370435752278e-05
62.800000000000004,44.33958826098398,-0.10707287644621434,0.00011866566140758371
62.900000000000006,44.32888097333935,-0.10706100988007358,0.0002305298956680044
63.0,44.31817487235135,-0.10703795689050678,0.00034245823510025764
63.1,44.307471076662296,-0.10700371106699676,0.00036509780954318595
63.2,44.296770705555595,-0.10696720128604244,0.0002715403498609842
63.300000000000004,44.286073985426995,-0.10694004725105634,0.00021853145803523954
63.400000000000006,44.275379980701885,-0.10691819410525281,0.00015103555932941852
63.5,44.26468816129136,-0.10690309054931987,7.431735958601698e-05
63.6,44.25399785223643,-0.10689565881336127,3.073557489546809e-05
63.7,44.243308286355095,-0.10689258525587172,8.442754027018652e-05
63.800000000000004,44.23261902782951,-0.1068841425018447,0.00022831735848313447
63.900000000000006,44.221930613579325,-0.10686131076599639,0.0004974266038154934
64.0,44.21124448250272,-0.10681156810561485,0.0007667455408932223
64.10000000000001,44.20056332569216,-0.10673489355152552,0.0010921042954670844
64.2,44.18988983633701,-0.10662568312197881,0.0014982814547471488
64.3,44.17922726802481,-0.10647585497650411,0.0019012323081900083
64.4,44.16857968252716,-0.10628573174568509,0.00228336280429813
64.5,44.157951109352595,-0.10605739546525529,0.002551094420245513
64.60000000000001,44.14734536980607,-0.10580228602323072,0.0027328290044644097
64.7,44.136765141203746,-0.10552900312278429,0.002911337125340612
64.8,44.12621224089147,-0.10523786941025025,0.003114953673586258
64.9,44.11568845395044,-0.1049263740428916,0.0033877313182602824
65.0,44.10519581654615,-0.10458760091106559,0.00366843084002557
65.10000000000001,44.094737056455045,-0.104220757827063,0.00402369615463314
65.2,44.08431498067234,-0.10381838821159971,0.00438574538037581
65.3,44.07393314185118,-0.10337981367356215,0.004708016595514079
65.4,44.06359516048382,-0.1029090120140107,0.004994580462107662
65.5,44.05330425928242,-0.10240955396779997,0.005221004382644056
65.60000000000001,44.04306330388564,-0.10188745352953552,0.0053931285474877475
65.7,44.03287455853269,-0.10134814067478677,0.005423900220504932
65.8,44.02273974446521,-0.10080575065273631,0.005403852821845812
65.9,44.01265916939993,-0.10026536537055168,0.0053612516971174575
66.0,44.00263263286288,-0.09972924020083997,0.005384463644141592
66.10000000000001,43.992659708842794,-0.09919079383642576,0.005499372466719922
66.2,43.98274062945915,-0.0986408565897538,0.005594609928330537
66.3,43.972876543800176,-0.09808139559692078,0.005698864418922159
66.4,43.96306840424049,-0.09751150915502851,0.005725147426878705
66.5,43.95331725332498,-0.09693899441234068,0.005679835169154284
66.60000000000001,43.94362335388375,-0.0963710108954252,0.0056936682075150085
66.7,43.933986252794206,-0.09580164407467373,0.005681119612277925
66.8,43.92440608838674,-0.09523353211344597,0.005671140987087919
66.9,43.9148827351754,-0.09466641801473713,0.005676285691474426
67.0,43.90541609337392,-0.09409878944558972,0.005697034812314414
67.10000000000001,43.89600621442936,-0.09352908596435823,0.0057345273759990475
67.2,43.88665330583292,-0.09295563322675836,0.005781617570141724
67.3,43.87735774251025,-0.09237747146974422,0.005846462996134589
67.4,43.86811999536327,-0.09179282517013071,0.0058920965068861315
67.5,43.85894071284626,-0.09120361551944213,0.005956394954238128
67.60000000000001,43.84982035129432,-0.09060797602401827,0.006054023133443065
67.7,43.84075955369192,-0.090002573710674,0.006186553552973363
67.8,43.83175929632085,-0.08938391835537669,0.006335748869903694
67.9,43.82282090448531,-0.08875034346838627,0.006490241406930477
68.0,43.813945870138475,-0.08810131932769326,0.006595884007444396
68.10000000000001,43.805135738205706,-0.08744173092694876,0.00671641431239222
68.2,43.79639156511301,-0.08677008949570958,0.006892172353338669
68.3,43.787714556163436,-0.08608087226037575,0.006977109533739633
68.4,43.7791064689374,-0.08538316130700173,0.007007047640426293
68.5,43.7705681528067,-0.08468245654295914,0.006994269734116834
68.60000000000001,43.762099907152404,-0.0839830295695474,0.006966201438882832
68.7,43.75370160419545,-0.08328640942565915,0.00694603045586118
68.8,43.74537296325288,-0.08259180638007307,0.006943361547915407
68.9,43.73711378261488,-0.08189747022528147,0.006801500663085573
69.0,43.72892403559235,-0.08121732015897296,0.0065909181297897565
69.10000000000001,43.72080230357645,-0.08055822834599392,0.006348648440581778
69.2,43.71274648074185,-0.07992336350193578,0.0060972009549827705
69.3,43.70475414439166,-0.07931364340643754,0.005820998394937608
69.4,43.696822780051015,-0.07873154356694373,0.00550599577912498
69.5,43.68894962569432,-0.07818094398903126,0.005166255492714104
69.60000000000001,43.681131531295414,-0.07766431843975981,0.004803017583247383
69.7,43.67336509945144,-0.0771840166814351,0.004406531688670835
69.8,43.665646697783295,-0.07674336351256804,0.003934039784262236
69.9,43.65797236143204,-0.07634995953414178,0.0034723914765163208
70.0,43.65033736547863,-0.07600272038649017,0.003077069752449328
70.10000000000001,43.642737093439976,-0.07569501341124521,0.0027858280045119283
70.2,43.63516759209885,-0.07541643061079403,0.0026191653347272625
70.3,43.62762594903777,-0.07515451407732132,0.0024522031873310665
70.4,43.620110497630044,-0.0749092937585882,0.002288012911780121
70.5,43.61261956825418,-0.0746804924674102,0.0021295278704502444
70.60000000000001,43.60515151900744,-0.07446753968036515,0.0021054524713491427
70.7,43.5977047650394,-0.07425699443323025,0.0021016649147352433
70.8,43.59027906559608,-0.07404682794175674,0.0021375294417561985
70.9,43.582874382801904,-0.0738330749975811,0.0021921511087380353
71.0,43.575491075302146,-0.07361385988670731,0.002213709343574877
71.10000000000001,43.56812968931348,-0.0733924889523498,0.002295460446675715
71.2,43.560790440418245,-0.07316294290768224,0.00240076197752098
71.3,43.55347414612748,-0.07292286670993016,0.0025127143267438612
71.4,43.54618185945648,-0.07267159527725575,0.0027252570978904427
71.5,43.53891469992875,-0.07239906956746672,0.0029848193503472184
71.60000000000001,43.531674792972005,-0.07210058763243198,0.0031932127056518308
71.7,43.52446473420876,-0.07178126636186681,0.0033535334600698873
71.8,43.51728660757258,-0.07144591301585984,0.0034479120048402758
71.9,43.51014201627099,-0.07110112181537578,0.0035569384684110772
72.0,43.503031904089454,-0.0707454279685347,0.0037140469807515506
72.10000000000001,43.495957361292604,-0.07037402327045951,0.0038567760562492033
72.2,43.48891995896555,-0.06998834566483461,0.00404987915271294
72.3,43.48192112439907,-0.06958335774956334,0.004373870372388388
72.4,43.47496278862412,-0.06914597071232446,0.0046937680775146935
72.5,43.46804819155288,-0.06867659390457302,0.0050365825959042135
72.60000000000001,43.46118053216242,-0.06817293564498256,0.005380768705434026
72.7,43.45436323859793,-0.06763485877443919,0.005705462399268798
72.8,43.447599752720485,-0.06706431253451234,0.006009538059518802
72.9,43.44089332146703,-0.0664633587285604,0.006293442216839192
73.0,43.43424698559418,-0.06583401450687652,0.0065101220821719985
73.10000000000001,43.42766358414349,-0.06518300229865927,0.006702090533896968
73.2,43.421145283913624,-0.06451279324526961,0.006860672148103876
73.3,43.414694004589094,-0.06382672603045926,0.0069852431801332585
73.4,43.40831133198605,-0.06312820171244587,0.0071441127664456545
73.5,43.4019985118148,-0.06241379043580135,0.007329200263118604
73.60000000000001,43.39575713277122,-0.06168087040948943,0.00751395418412169
73.7,43.389589045730276,-0.0609294749910773,0.007678061790258406
73.8,43.38349609823117,-0.060161668812051504,0.007886232369032166
73.9,43.37747993134997,-0.05937304557514822,0.008106157895748343
74.0,43.37154262679245,-0.05856242978557343,0.008336625811833417
74.10000000000001,43.365686383813895,-0.05772876720439002,0.008554856921550516
74.2,43.35991350709345,-0.056873281512235016,0.008826514099856702
74.3,43.35422617894223,-0.055990630102249396,0.00908918924122973
74.4,43.348627115932004,-0.055081711178126345,0.009428678889991294
74.5,43.343118944814194,-0.05413884328912727,0.009758173269996187
74.60000000000001,43.33770506048528,-0.05316302596212757,0.0100657876703804
74.7,43.33238875788906,-0.052156447195089585,0.010390711773578636
74.8,43.32717311316956,-0.05111737601773178,0.010696944604397716
74.9,43.322061375567785,-0.05004768155729192,0.011050920445709048
75.0,43.317056607412056,-0.048942589512721076,0.011391024596344515
75.10000000000001,43.31216234846078,-0.04780348705308653,0.011706948747659651
75.2,43.30738199975547,-0.04663279217832063,0.01205892870150222
75.3,43.30271872053764,-0.045426899308170475,0.012392415712300152
75.4,43.298176030606825,-0.044187657736940354,0.012753942072800426
75.5,43.29375726483313,-0.042912263529660384,0.01310555740126839
75.60000000000001,43.289466038480164,-0.04160170778953343,0.013391474358372816
75.7,43.28530586770121,-0.04026256035369623,0.013655651679488357
75.8,43.281279611665845,-0.03889699518574747,0.013867438114233546
75.9,43.277389912147264,-0.037510251374324,0.014037501863448897
76.0,43.27363888700984,-0.03610650118797919,0.014208360785666379
76.10000000000001,43.27002823689104,-0.03468566510941243,0.014370814442338701
76.2,43.2665596703801,-0.03324858366517864,0.014464615728310346
76.3,43.26323481201358,-0.03180212209234769,0.014492935888481738
76.4,43.26005459980434,-0.03035282850349939,0.01446216564968401
76.5,43.25701931695399,-0.02890661193853107,0.014460164033569168
76.60000000000001,43.25412865576014,-0.02746059553517403,0.014418758959305805
76.7,43.251382596206625,-0.026018719639243532,0.014392839586009678
76.80000000000001,43.2487807242427,-0.024579435680642442,0.014227772524536667
76.9,43.24632278067463,-0.023156658428188856,0.013961655450273088
77.0,43.24400711483182,-0.021760492883161626,0.013581925066563971
77.10000000000001,43.2418310655435,-0.020402300376505113,0.01318722451835045
77.2,43.23979083550585,-0.019083577924670143,0.012783408896416812
77.30000000000001,43.237882477713384,-0.017805237035028353,0.012316670188825478
77.4,43.236101954009875,-0.016573570016145876,0.011845565215254282
77.5,43.23444459700826,-0.015389013494620515,0.011395929398996703
77.60000000000001,43.2329056956588,-0.014249420554720747,0.010936202886826087
77.7,43.23148075360333,-0.0131558002660382,0.010530196257052385
77.80000000000001,43.23016517357672,-0.012102780640332872,0.010126880313874393
77.9,43.22895489551269,-0.01109009260894549,0.009674514862336772
78.0,43.2278458862518,-0.010122641122711868,0.009217018262810834
78.10000000000001,43.22683362213952,-0.009200939296430706,0.008758549025061705
78.2,43.22591352820989,-0.008325084393924586,0.008382774584259263
78.30000000000001,43.22508101977049,-0.007486806935498588,0.008094038937591771
78.4,43.22433233907694,-0.006677403041739457,0.007712656926316072
78.5,43.223664598772764,-0.005906137349107893,0.007306374818482075
78.60000000000001,43.22307398503786,-0.0051754998672596236,0.006861017898517775
78.7,43.22255643505113,-0.004489398077407885,0.006463218147003177
78.80000000000001,43.22210749524339,-0.0038430762627075124,0.006165227530183906
78.9,43.221723187617116,-0.003226553509689157,0.005862747229592773
79.0,43.22140053226615,-0.002640278786729913,0.005523067558623063
79.10000000000001,43.221136504387474,-0.0020879720308675594,0.005048013035410082
79.2,43.22092770718439,-0.0015831707273265799,0.004506148479986689
79.30000000000001,43.220769390111656,-0.0011325558793278726,0.003998793222118177
79.4,43.22065613452372,-0.0007326765571160777,0.0034782009945500307
79.5,43.220582866868014,-0.0003848564576610944,0.0029468471233196117
79.60000000000001,43.22054438122225,-9.017174532910814e-05,0.0024393259871805196
79.7,43.22053536404771,0.00015376085338892996,0.001973011071249659
79.80000000000001,43.220550740133056,0.0003510619605139127,0.001486059264625716
79.9,43.22058584632911,0.0004996678869764759,0.000987461901053012
80.0,43.2206358131178,0.0005984140770817714,0.0005214827543912888
80.10000000000001,43.220695654525514,0.0006505623525209048,2.0576248222413426e-05
80.2,43.220760710760764,0.000652619977343146,-0.00043037334312862025
80.30000000000001,43.2208259727585,0.0006095826430302803,-0.0008781326668238706
80.4,43.2208869310228,0.0005217693763478982,-0.0013193125812101807
80.5,43.22093910796043,0.00038983811822688763,-0.001765064732658845
80.60000000000001,43.22097809177226,0.00021333164496098808,-0.002219203152864297
80.7,43.22099942493676,-8.588670325429034e-06,-0.002614780354312895
80.80000000000001,43.220998566069724,-0.0002700667057567408,-0.002968979268292359
80.9,43.220971559399146,-0.0005669646325859598,-0.0033587477459736674
81.0,43.220914862935885,-0.0009028394071833075,-0.0037444375262765525
81.10000000000001,43.22082457899517,-0.0012772831598109947,-0.004022429741480381
81.2,43.22069685067919,-0.0016795261339590099,-0.004243569890230801
81.30000000000001,43.220528898065794,-0.002103883122982126,-0.0044850461817680974
81.4,43.2203185097535,-0.0025523877411589104,-0.004766554612057624
81.5,43.22006327097938,-0.003029043202364646,-0.00504750799918649
81.60000000000001,43.21976036665914,-0.003533794002283338,-0.005357430527758545
81.7,43.219406987258914,-0.004069537055059162,-0.005584328950409323
81.80000000000001,43.21900003355341,-0.004627969950100142,-0.00577306718709554
81.9,43.2185372365584,-0.005205276668809663,-0.006022297569424173
82.0,43.21801670889152,-0.005807506425752046,-0.006255814722963154
82.10000000000001,43.21743595824894,-0.006433087898048415,-0.006441895476705123
82.2,43.21679264945914,-0.0070772774457188905,-0.006595689477866559
82.30000000000001,43.21608492171456,-0.007736846393505603,-0.0067877556566069445
82.4,43.21531123707521,-0.008415621959166258,-0.0069148200639475585
82.5,43.2144696748793,-0.009107103965560975,-0.007043496534618807
82.60000000000001,43.21355896448274,-0.009811453619022916,-0.007143944259885404
82.7,43.21257781912084,-0.010525848045011416,-0.007297161009552341
82.80000000000001,43.21152523431634,-0.011255564145966712,-0.007391385205492172
82.9,43.21039967790174,-0.011994702666515887,-0.00745336760418237
83.0,43.20920020763509,-0.012740039426934082,-0.007550580568372338
83.10000000000001,43.207926203692395,-0.01349509748377138,-0.007659348714031575
83.2,43.206576693944015,-0.014261032355174494,-0.00764523230430288
83.30000000000001,43.2051505907085,-0.015025555585604847,-0.007597589436620573
83.4,43.20364803514994,-0.01578531452926686,-0.007538245785784539
83.5,43.20206950369701,-0.016539139107845272,-0.007496763045672878
83.60000000000001,43.20041558978623,-0.017288815412412624,-0.007455545864444483
83.7,43.198686708244985,-0.01803436999885703,-0.007423816048896239
83.80000000000001,43.1968832712451,-0.018776751603746717,-0.007395098012936527
83.9,43.19500559608473,-0.019516261405040328,-0.0073385171797790355
84.0,43.19305396994422,-0.02025011312301819,-0.007305646296131599
84.10000000000001,43.19102895863192,-0.02098067775263141,-0.007324438078084861
84.2,43.18893089085666,-0.021713121560439856,-0.00728106230836929
84.30000000000001,43.18675957870062,-0.022441227791276847,-0.007194326896356316
84.4,43.184515455921485,-0.023160660480912438,-0.007175586197599336
84.5,43.1821993898734,-0.02387821910067233,-0.007236248654097368
84.60000000000001,43.17981156796333,-0.02460184396608213,-0.007312989465867447
84.7,43.17735138356672,-0.025333142912668832,-0.0073613723980604055
84.80000000000001,43.17481806927545,-0.026069280152474936,-0.007375191974355637
84.9,43.172211141260206,-0.026806799349910457,-0.007356076899248944
85.0,43.169530461325216,-0.02754240703983531,-0.007313253332023145
85.10000000000001,43.16677622062123,-0.028273732373037687,-0.007272686524513736
85.2,43.16394884738393,-0.02900100102548902,-0.007277566779127502
85.30000000000001,43.16104874728138,-0.02972875770340183,-0.00731707288413222
85.4,43.15807587151104,-0.03046046499181501,-0.007409354792526223
85.5,43.15502982501186,-0.031201400471067592,-0.0074815263150931075
85.60000000000001,43.15190968496475,-0.031949553102576966,-0.007514194841800128
85.7,43.14871472965449,-0.032700972586756936,-0.007521262898669054
85.80000000000001,43.145444632395815,-0.033453098876623906,-0.0074612945298961
85.9,43.14209932250815,-0.034199228329613474,-0.00737318590942872
86.0,43.13867939967519,-0.034936546920556304,-0.007263890829300254
86.10000000000001,43.13518574498314,-0.03566293600348639,-0.007102345035216368
86.2,43.13161945138279,-0.03637317050700799,-0.006944834397175599
86.30000000000001,43.127982134332086,-0.03706765394672561,-0.0068024424137941
86.4,43.12427536893742,-0.03774789818810498,-0.006639119628964146
86.5,43.120500579118605,-0.038411810151001355,-0.006410210313302295
86.60000000000001,43.11665939810351,-0.03905283118233164,-0.0062170516640622986
86.7,43.11275411498527,-0.039674536348737834,-0.006040504536914583
86.80000000000001,43.1087866613504,-0.04027858680242934,-0.005884679081693047
86.9,43.104758802670155,-0.040867054710598615,-0.0056956428173759776
87.0,43.100672097199094,-0.04143661899233618,-0.005425204142085425
87.10000000000001,43.09652843529986,-0.04197913940654477,-0.005238721843234837
87.2,43.09233052135921,-0.04250301159086822,-0.005048892202325336
87.30000000000001,43.08808022020012,-0.0430079008111008,-0.004833984439452235
87.4,43.08377943011901,-0.043491299255045995,-0.00471564126377096
87.5,43.07943030019351,-0.043962863381423065,-0.004592873539891765
87.60000000000001,43.075034013855365,-0.04442215073541228,-0.004485679840904843
87.7,43.07059179878182,-0.04487071871950274,-0.004478494320156214
87.80000000000001,43.06610472690987,-0.0453185681515184,-0.004563189705062888
87.9,43.06157287009472,-0.04577488712202466,-0.00464215150698484
88.0,43.05699538138252,-0.04623910227272312,-0.004731530705449709
88.10000000000001,43.05237147115525,-0.04671225534326813,-0.004803430224194559
88.2,43.047700245620916,-0.04719259836568756,-0.004853884730479516
88.30000000000001,43.04298098578435,-0.04767798683873555,-0.004910765944543887
88.4,43.038213187100474,-0.04816906343318991,-0.00496125891035024
88.5,43.03339628075716,-0.04866518932422491,-0.005027353968379751
88.60000000000001,43.028529761824736,-0.049167924721062926,-0.005084698471875479
88.7,43.02361296935263,-0.049676394568250445,-0.00515583907525712
88.80000000000001,43.018645329895804,-0.0501919784757762,-0.00523417902255014
88.9,43.01362613204822,-0.050715396378031186,-0.005299572816359298
89.0,43.00855459241042,-0.051245353659667085,-0.005356594271356708
89.10000000000001,43.003430057044454,-0.0517810130868028,-0.005397502567552366
89.2,42.998251955735775,-0.05232076334355801,-0.005430468157301924
89.30000000000001,42.993019879401416,-0.052863810159288246,-0.005431462880323871
89.4,42.98773349838549,-0.0534069564473206,-0.0054890449334884725
89.5,42.98239280274076,-0.05395586094066942,-0.0056789395424800704
89.60000000000001,42.976997216646694,-0.054523754894917474,-0.005811495738084674
89.7,42.9715448411572,-0.05510490446872591,-0.005919229107701951
89.80000000000001,42.96603435071033,-0.055696827379496154,-0.006015122638147666
89.9,42.960464667972374,-0.056298339643310887,-0.006082352851492847
90.0,42.95483483400805,-0.05690657492846014,-0.006201652652294094
90.10000000000001,42.9491441765152,-0.0575267401936896,-0.006316216132530179
90.2,42.94339150249583,-0.05815836180694258,-0.006410156136126008
90.30000000000001,42.93757566631514,-0.058799377420555236,-0.006451033654107325
90.4,42.93169572857308,-0.05944448078596593,-0.006520851375658744
90.5,42.92575128049449,-0.06009656592353177,-0.0065408230608908465
90.60000000000001,42.919741623902134,-0.06075064822962091,-0.006585168540403322
90.7,42.91366655907917,-0.061409165083661205,-0.006638949998737226
90.80000000000001,42.9075256425708,-0.062073060083534984,-0.006693301827827395
90.9,42.901318336562454,-0.06274239026631769,-0.006665160036230207
91.0,42.895044097535816,-0.06340890626994067,-0.006631361558346583
91.10000000000001,42.88870320690882,-0.06407204242577538,-0.006534179869980932
91.2,42.882296002666244,-0.06472546041277344,-0.006394419823364815
91.30000000000001,42.87582345662497,-0.06536490239510998,-0.006195874640699336
91.4,42.86928696638546,-0.06598448985917987,-0.005938345571921332
91.5,42.86268851739954,-0.06657832441637197,-0.005603684907211575
91.60000000000001,42.8560306849579,-0.06713869290709318,-0.005359262638587769
91.7,42.849316815667194,-0.06767461917095192,-0.005170282417079456
91.80000000000001,42.8425493537501,-0.06819164741265991,-0.00505938663652215
91.9,42.835730189008835,-0.0686975860763121,-0.004928455504259607
92.0,42.8288604304012,-0.06919043162673803,-0.004863906974466177
92.10000000000001,42.821941387238525,-0.06967682232418469,-0.004780233107587039
92.2,42.81497370500611,-0.07015484563494337,-0.0046993261185841895
92.30000000000001,42.807958220442615,-0.07062477824680183,-0.004623616662989673
92.4,42.80089574261793,-0.07108713991310077,-0.004514214977965454
92.5,42.793787028626625,-0.07153856141089729,-0.004411127617848272
92.60000000000001,42.78663317248554,-0.07197967417268215,-0.00433987614793779
92.7,42.77943520506827,-0.07241366178747591,-0.00429646699187774
92.80000000000001,42.77219383888952,-0.07284330848666372,-0.004137537622783085
92.9,42.76490950804085,-0.073257062248942,-0.003964124934146222
93.0,42.75758380181596,-0.0736534747423566,-0.0037923197166704154
93.10000000000001,42.75021845434172,-0.07403270671402368,-0.003594907939957269
93.2,42.742815183670324,-0.07439219750801938,-0.0033071199122960927
93.30000000000001,42.735375963919516,-0.07472290949924902,-0.003050657425175303
93.4,42.727903672969596,-0.07502797524176653,-0.002845063582863095
93.5,42.72040087544542,-0.07531248160005283,-0.002695786855199992
93.60000000000001,42.712869627285414,-0.07558206028557285,-0.002504735559006325
93.7,42.70531142125685,-0.07583253384147347,-0.0023127767579803863
93.80000000000001,42.697728167872704,-0.07606381151727153,-0.0021312417511798287
93.9,42.69012178672098,-0.0762769356923895,-0.00199691767083979
94.0,42.68249409315174,-0.07647662745947346,-0.0019239234070518331
94.10000000000001,42.67484643040579,-0.07666901980017866,-0.00188506283828976
94.2,42.66717952842578,-0.07685752608400763,-0.0018873485887149545
94.30000000000001,42.659493775817374,-0.07704626094287914,-0.0018505099300330727
94.4,42.651789149723086,-0.07723131193588244,-0.0017511516583205596
94.5,42.6440660185295,-0.07740642710171448,-0.0016861396067177575
94.60000000000001,42.636325375819325,-0.07757504106238627,-0.0016648804785436124
94.7,42.62856787171309,-0.07774152911024063,-0.0016586095032777833
94.80000000000001,42.62079371880206,-0.07790739006056842,-0.0016176231896055746
94.9,42.61300297979601,-0.07806915237952897,-0.0015862506775355736
95.0,42.60519606455806,-0.07822777744728251,-0.0016088462780203276
95.10000000000001,42.59737328681333,-0.07838866207508456,-0.0016644559622233214
95.2,42.589534420605816,-0.07855510767130688,-0.0017548948908331532
95.30000000000001,42.581678909838686,-0.07873059716039021,-0.0018755649067958248
95.4,42.573805850122646,-0.07891815365106979,-0.002019311217155682
95.5,42.56591403475754,-0.07912008477278534,-0.002133846256225881
95.60000000000001,42.55800202628026,-0.07933346939840795,-0.0022406240772985973
95.7,42.55006867934042,-0.0795575318061378,-0.002305189851171755
95.80000000000001,42.54211292615981,-0.07978805079125499,-0.0023780820403054813
95.9,42.53413412108068,-0.08002585899528553,-0.0023927269911098977
96.0,42.52613153518116,-0.0802651316943965,-0.0023707766748814396
96.10000000000001,42.51810502201172,-0.08050220936188467,-0.0023614866369982236
96.2,42.510054801075526,-0.08073835802558448,-0.0023430973937972
96.30000000000001,42.50198096527297,-0.08097266776496422,-0.002271116341673725
96.4,42.493883698496475,-0.08119977939913157,-0.0022427218827251903
96.5,42.48576372055656,-0.08142405158740408,-0.0022248824457781805
96.60000000000001,42.47762131539782,-0.08164653983198192,-0.0022846821132491055
96.7,42.46945666141462,-0.08187500804330682,-0.0023008235200897825
96.80000000000001,42.461269160610286,-0.08210509039531581,-0.002251849240911669
96.9,42.45305865157076,-0.08233027531940697,-0.00218802291929053
97.0,42.44482562403882,-0.08254907761133601,-0.002113033941384499
97.10000000000001,42.436570716277686,-0.08276038100547448,-0.0019715447661429195
97.2,42.42829467817714,-0.08295753548208876,-0.0017976935537287874
97.30000000000001,42.41999892462893,-0.08313730483746165,-0.0016610069846903052
97.4,42.41168519414518,-0.08330340553593067,-0.001528183565191136
97.5,42.40335485359159,-0.08345622389244978,-0.0013841523716670787
97.60000000000001,42.395009231202344,-0.0835946391296165,-0.0011383666162890307
97.7,42.386649767289384,-0.08370847579124539,-0.0009248099538256605
97.80000000000001,42.378278919710255,-0.08380095678662797,-0.0007429244773788236
97.9,42.369898824031594,-0.08387524923436585,-0.0005514307698061307
98.0,42.36151129910816,-0.08393039231134646,-0.0004218893172233313
98.10000000000001,42.35311825987702,-0.08397258124306879,-0.00030540109091011305
98.2,42.34472100175272,-0.0840031213521598,-0.00011519851976517631
98.30000000000001,42.3363206896175,-0.08401464120413632,0.00010635979582355231
98.4,42.327919225497084,-0.08400400522455397,0.00034116426321217084
98.5,42.31951882497463,-0.08396988879823275,0.0005906362502580195
98.60000000000001,42.311121836094806,-0.08391082517320694,0.0007721587428015814
98.7,42.302730753577485,-0.08383360929892679,0.0009731409837054065
98.80000000000001,42.294347392647595,-0.08373629520055624,0.0011528660627897025
98.9,42.28597376312754,-0.08362100859427728,0.0012968972679241368
99.0,42.277611662268114,-0.08349131886748487,0.0014498108691452113
99.10000000000001,42.26926253038136,-0.08334633778057034,0.001548463038069469
99.2,42.260927896603306,-0.0831914914767634,0.001613428281822539
99.30000000000001,42.25260874745563,-0.08303014864858113,0.0015944641319693771
99.4,42.244305732590774,-0.0828707022353842,0.0014808751103184145
99.5,42.236018662367236,-0.08272261472435237,0.0013459044929272042
99.60000000000001,42.227746400894794,-0.08258802427505964,0.0011937948816908418
99.7,42.21948759846729,-0.08246864478689056,0.0009701817334162871
99.80000000000001,42.2112407339886,-0.08237162661354892,0.0007533423476436136
99.9,42.203003571327244,-0.08229629237878457,0.0005040092437521024
100.0,42.19477394208937,-0.08224589145440936,0.0002961430425966774
100.10000000000001,42.18654935294393,-0.08221627715014969,0.00012166328696856102
100.2,42.17832772522891,-0.08220411082145283,-9.574879179670998e-05
100.30000000000001,42.17010731414677,-0.0822136857006325,-0.0002658914283178311
100.4,42.16188594557671,-0.08224027484346429,-0.0003807268164286942
100.5,42.15366191809236,-0.08227834752510715,-0.0005829167317913445
100.60000000000001,42.14543408333985,-0.0823366391982863,-0.0007694762036323126
100.7,42.13720041942002,-0.08241358681864952,-0.0009242267434689855
100.80000000000001,42.128959060738154,-0.08250600949299643,-0.000998726428759257
100.9,42.12070845978886,-0.08260588213587235,-0.0010230294705395352
101.0,42.11244787157527,-0.0827081850829263,-0.0009746063055109668
101.10000000000001,42.10417705306698,-0.0828056457134774,-0.0008141896279393231
101.2,42.095896488495626,-0.08288706467627133,-0.0006312637782744119
101.30000000000001,42.087607782028,-0.08295019105409877,-0.0004597598023283173
101.4,42.07931276292259,-0.0829961670343316,-0.0002476916139193682
101.5,42.07101314621916,-0.08302093619572354,5.349183981317551e-06
101.60000000000001,42.06271105259958,-0.0830204012773254,0.0002798634380783863
101.7,42.05440901247185,-0.08299241493351757,0.0005422489686490266
101.80000000000001,42.046109770978504,-0.08293819003665266,0.000754010946281179
101.9,42.037815951974835,-0.08286278894202455,0.0009054770180951481
102.0,42.02952967308063,-0.08277224124021504,0.0010542911889863604
102.10000000000001,42.02125244895661,-0.0826668121213164,0.0011762623022402276
102.2,42.01298576774448,-0.08254918589109238,0.0013125880647276147
102.30000000000001,42.00473084915537,-0.0824179270846196,0.0014706141963564405
102.4,41.996489056446904,-0.08227086566498397,0.0015924051037360459
102.5,41.98826196988041,-0.08211162515461037,0.0016974845317795026
102.60000000000001,41.98005080736495,-0.08194187670143241,0.001822593883941646
102.7,41.971856619694805,-0.08175961731303825,0.0020300734295623448
102.80000000000001,41.9636806579635,-0.081556609970082,0.0022984883078735947
102.9,41.955524996966496,-0.08132676113929466,0.0025350402441992655
103.0,41.947392320852565,-0.08107325711487474,0.0026609435677259715
103.10000000000001,41.93928499514108,-0.08080716275810212,0.0027668787190569997
103.2,41.931204278865266,-0.08053047488619644,0.0029086153810311006
103.30000000000001,41.92315123137665,-0.0802396133480933,0.0030383780513508823
103.4,41.915127270041836,-0.07993577554295823,0.003106480348337336
103.5,41.90713369248754,-0.07962512750812452,0.003180038683207049
103.60000000000001,41.899171179736726,-0.07930712363980379,0.003244359800081188
103.7,41.89124046737275,-0.07898268765979569,0.0033219671176097586
103.80000000000001,41.88334219860677,-0.07865049094803468,0.0033509207515994804
103.9,41.875477149511966,-0.07831539887287475,0.0033117268877064726
104.0,41.86764560962468,-0.07798422618410412,0.0032316023833740847
104.10000000000001,41.85984718700627,-0.07766106594576669,0.0031771909171301044
104.2,41.85208108041169,-0.0773433468540537,0.0031135036390277215
104.30000000000001,41.844346745726284,-0.0770319964901509,0.0030936163248353556
104.4,41.83664354607727,-0.07672263485766738,0.003033359371641154
104.5,41.8289712825915,-0.07641929892050328,0.003028855603056399
104.60000000000001,41.82132935269945,-0.07611641336019762,0.0029998364180234033
104.7,41.81371771136343,-0.07581642971839529,0.0029927401718760297
104.80000000000001,41.806136068391595,-0.07551715570120766,0.0029857564265602407
104.9,41.79858435282147,-0.07521858005855166,0.002959577472901766
105.0,41.79106249481562,-0.0749226223112615,0.002956584948539146
105.10000000000001,41.783570232584495,-0.07462696381640756,0.002965888671980529
105.2,41.77610753620285,-0.07433037494920952,0.002948475263009091
105.30000000000001,41.76867449870793,-0.07403552742290859,0.0029870113521198206
105.4,41.76127094596564,-0.07373682628769662,0.003100417814752186
105.5,41.75389726333687,-0.07342678450622142,0.003223968872002744
105.60000000000001,41.74655458488625,-0.07310438761902112,0.0033154218894092756
105.7,41.73924414612435,-0.07277284543008021,0.003360610611236455
105.80000000000001,41.731966861581334,-0.07243678436895654,0.0034095717165456003
105.9,41.72472318314444,-0.072095827197302,0.00343604047058499
106.0,41.71751360042471,-0.07175222315024352,0.0035168057163239897
106.10000000000001,41.71033837810969,-0.07140054257861109,0.0036856087369533537
106.2,41.70319832385182,-0.07103198170491577,0.0039084166013143296
106.30000000000001,41.69609512568133,-0.0706411400447843,0.004107148783772341
106.4,41.68903101167685,-0.0702304251664071,0.004279485358357864
106.5,41.68200796916022,-0.06980247663057133,0.0044126906944585
106.60000000000001,41.67502772149716,-0.06936120756112545,0.004474176506266807
106.7,41.66809160074104,-0.06891378991049879,0.004430863648865229
106.80000000000001,41.66120022174999,-0.06847070354561223,0.004470352730840098
106.9,41.65435315139543,-0.06802366827252825,0.004558052986442222
107.0,41.64755078456818,-0.06756786297388405,0.004654023064000637
107.10000000000001,41.640793998270794,-0.06710246066748395,0.004722197281662306
107.2,41.63408375220404,-0.06663024093931774,0.004762894408063
107.30000000000001,41.62742072811011,-0.0661539514985114,0.004748283680874175
107.4,41.62080533296026,-0.06567912313042401,0.004681032702641824
107.5,41.61423742064722,-0.06521101986015986,0.004584887361021886
107.60000000000001,41.607716318661204,-0.06475253112405763,0.004493317561898002
107.7,41.6012410655488,-0.06430319936786785,0.004311623908385458
107.80000000000001,41.59481074561201,-0.06387203697702927,0.004183688475695823
107.9,41.58842354191431,-0.06345366812945971,0.004063686401469627
108.0,41.58207817510136,-0.06304729948931277,0.003988871784572988
108.10000000000001,41.57577344515243,-0.06264841231085544,0.003936922528211208
108.2,41.56950860392134,-0.06225472005803434,0.0038584155487007316
108.30000000000001,41.56328313191554,-0.061868878503164235,0.003766742150850758
108.4,41.55709624406523,-0.06149220428807918,0.003753597538424599
108.5,41.55094702363642,-0.06111684453423674,0.003787534836357197
108.60000000000001,41.544835339182995,-0.06073809105060099,0.003838224005050735
108.7,41.538761530077934,-0.06035426865009594,0.003948466365108563
108.80000000000001,41.53272610321292,-0.05995942201358505,0.004058245905777963
108.9,41.526730161011564,-0.059553597423007275,0.004100996372641716
109.0,41.52077480126926,-0.05914349778574313,0.00410907172109835
109.10000000000001,41.51486045149069,-0.058732590613633257,0.0041260025074224115
109.2,41.50898719242933,-0.05831999036289104,0.00408331683843896
109.30000000000001,41.503155193393034,-0.05791165867904711,0.0041177206690839584
109.4,41.49736402752513,-0.057499886612138736,0.0041522325690564466
109.5,41.49161403886392,-0.057084663355233115,0.004212801566858189
109.60000000000001,41.485905572528395,-0.05666338319854726,0.004259149714806349
109.7,41.48023923420854,-0.05623746822706665,0.004390502303197083
109.80000000000001,41.47461548738583,-0.0557984179967469,0.00456903030232476
109.9,41.46903564558616,-0.05534151496651445,0.004738694840077862
110.0,41.463501494089506,-0.054867645482506694,0.004845331907263887
110.10000000000001,41.458014729541254,-0.054383112291780264,0.0049069297462033
110.2,41.45257641831208,-0.05389241931715996,0.0050177976123032845
110.30000000000001,41.44718717638036,-0.05339063955592959,0.00510680957718107
110.4,41.44184811242477,-0.05287995859821151,0.005149836316256874
110.5,41.43656011656495,-0.052364974966585855,0.005107968059450527
110.60000000000001,41.431323619068294,-0.05185417816064076,0.004994239880231905
110.7,41.42613820125223,-0.051354754172617596,0.004837743011879354
110.80000000000001,41.42100272583497,-0.05087097987142962,0.004657263365093118
110.9,41.41591562784782,-0.050405253534920334,0.004455697313497906
111.0,41.41087510249433,-0.04995968380357057,0.004202136217682009
111.10000000000001,41.405879134113974,-0.04953947018180233,0.003956682245175469
111.2,41.400925187095794,-0.04914380195728481,0.0037398434033844856
111.30000000000001,41.396010806900065,-0.04876981761694633,0.0035362968337319875
111.4,41.39113382513837,-0.04841618793357315,0.0033697398584986273
111.5,41.38629220634501,-0.048079213947723305,0.0032188478110039445
111.60000000000001,41.38148428495024,-0.04775732916662288,0.003166414419755292
111.7,41.37670855203358,-0.04744068772464737,0.00311834654195779
111.80000000000001,41.37196448326111,-0.047128853070451567,0.003108439687481253
111.9,41.367251597954066,-0.04681800910170346,0.00313912406995649
112.0,41.362569797043896,-0.04650409669470783,0.0032204724596401227
112.10000000000001,41.35791938737442,-0.04618204944874379,0.0033465935990747114
112.2,41.353301182429554,-0.045847390088836336,0.00347310327095054
112.30000000000001,41.34871644342067,-0.04550007976174125,0.003558586528731305
112.4,41.34416643544449,-0.04514422110886814,0.00366646327284316
112.5,41.339652013333605,-0.04477757478158385,0.003773469787708661
112.60000000000001,41.33517425585545,-0.04440022780281295,0.003855624384402148
112.7,41.33073423307517,-0.044014665364372756,0.0039803537554817464
112.80000000000001,41.326332766538734,-0.04361662998882455,0.004153696940163598
112.9,41.32197110353985,-0.04320126029480821,0.004380138516559175
113.0,41.31765097751037,-0.04276324644315232,0.0046136732944456835
113.10000000000001,41.31337465286605,-0.04230187911370771,0.004863305608355447
113.2,41.309144464954684,-0.04181554855287219,0.005126814602088352
113.30000000000001,41.30496291009939,-0.041302867092663315,0.005375982022402831
113.4,41.30083262339013,-0.04076526889042306,0.005563802189216022
113.5,41.296756096501085,-0.04020888867150149,0.005695400819543742
113.60000000000001,41.29273520763394,-0.03963934858954707,0.005798783489824513
113.7,41.28877127277498,-0.03905947024056465,0.005985249771791785
113.80000000000001,41.28486532575093,-0.03846094526338542,0.006207229925461888
113.9,41.28101923122458,-0.03784022227083927,0.006492825478942263
114.0,41.2772352089975,-0.03719093972294508,0.006809356535352379
114.10000000000001,41.27351611502521,-0.03651000406940978,0.007070564607799936
114.2,41.26986511461827,-0.03580294760862983,0.007332291715202512
114.30000000000001,41.266284819857404,-0.035069718437109515,0.007658105347595706
114.4,41.26277784801369,-0.03430390790234999,0.00796816453977379
114.5,41.259347457223456,-0.033507091448372654,0.008241894666550639
114.60000000000001,41.25599674807862,-0.03268290198171752,0.008519900890101502
114.7,41.25272845788045,-0.03183091189270742,0.008803522185568449
114.80000000000001,41.24954536669118,-0.0309505596741505,0.009093394348720394
114.9,41.246450310723766,-0.03004122023927851,0.00938889795792331
115.0,41.243446188699835,-0.029102330443486233,0.009621918931804104
115.10000000000001,41.24053595565549,-0.02814013855030574,0.00981292747471368
115.2,41.23772194180046,-0.02715884580283443,0.009964312968595932
115.30000000000001,41.235006057220176,-0.02616241450597475,0.010087787715892476
115.4,41.23238981576957,-0.02515363573438556,0.010301191713248146
115.5,41.229874452196135,-0.024123516563060804,0.010544893950738408
115.60000000000001,41.22746210053983,-0.023069027167986873,0.010778601106978454
115.7,41.22515519782303,-0.02199116705728909,0.010962122516932975
115.80000000000001,41.2229560811173,-0.020894954805595698,0.01103990990800063
115.9,41.22086658563674,-0.019790963814795698,0.011119668168128635
116.0,41.218887489255266,-0.018678996997982898,0.011151754356123568
116.10000000000001,41.21701958955546,-0.017563821562370446,0.011172322783459716
116.2,41.21526320739923,-0.016446589284024538,0.011217526175528266
116.30000000000001,41.213618548470826,-0.015324836666471615,0.011332851562219083
116.4,41.21208606480418,-0.014191551510249771,0.01149090597079625
116.5,41.210666909653156,-0.013042460913170212,0.011634669154670284
116.60000000000001,41.20936266356183,-0.011878993997703084,0.011811833176401729
116.7,41.20817476416207,-0.010697810680062978,0.012006483973741062
116.80000000000001,41.20710498309406,-0.00949716228268877,0.012118362907379289
116.9,41.20615526686579,-0.00828532599195091,0.012130285482602593
117.0,41.2053267342666,-0.0070722974436907195,0.012093507245049376
117.10000000000001,41.20461950452223,-0.005862946719185679,0.012161071531802
117.2,41.20403320985031,-0.004646839566005548,0.012315069117943165
117.30000000000001,41.20356852589371,-0.0034153326542111263,0.012497552711701193
117.4,41.20322699262829,-0.002165577383041078,0.012618401763670926
117.5,41.20301043488998,-0.0009037372066740573,0.012748049821379817
117.60000000000001,41.202920061169316,0.0003710677754640332,0.012860555315028926
117.7,41.20295716794686,0.0016571233069668527,0.013027068928113426
117.80000000000001,41.20312288027756,0.0029598301997783064,0.013233209747161268
117.9,41.203418863297536,0.004283151174494358,0.013444014825631062
118.0,41.20384717841499,0.005627552657057388,0.013726488912900198
118.10000000000001,41.204409933680694,0.007000201548347525,0.013961613849926396
118.2,41.205109953835525,0.008396362933340085,0.014124297702836311
118.30000000000001,41.20594959012886,0.009808792703623836,0.014162549517445402
118.4,41.206930469399225,0.011225047655368296,0.014109702315947551
118.5,41.20805297416476,0.012636017886962971,0.014051053934199443
118.60000000000001,41.20931657595346,0.014041123280383035,0.013966477500488551
118.7,41.21072068828149,0.015437771030431811,0.013928947835007777
118.80000000000001,41.212264465384536,0.016830665813932708,0.01393768044484107
118.9,41.21394753196593,0.018224433858416735,0.013899643223197295
119.0,41.21576997535177,0.019614398180736386,0.013849364506732588
119.10000000000001,41.217731415169844,0.020999334631409763,0.013728874898161231
119.2,41.21983134863299,0.022372222121225808,0.013618206434143304
119.30000000000001,41.22206857084511,0.023734042764640254,0.01348941610095675
119.4,41.22444197512157,0.025082984374735853,0.01332624276318028
119.5,41.22695027355905,0.026415608651053805,0.013131871185742298
119.60000000000001,41.229591834424156,0.027728795769628146,0.012877006334130438
119.7,41.232364714001115,0.029016496403041117,0.012636129992855507
119.80000000000001,41.235266363641415,0.030280109402326776,0.012382694718027092
119.9,41.23829437458165,0.031518378874129414,0.012079056167675205
120.0,41.241446212469064,0.032726284490896866,0.011776015244876379
120.10000000000001,41.24471884091815,0.033903886015384604,0.011465459318110605
120.2,41.24810922951969,0.0350504319471956,0.011143158835586496
120.30000000000001,41.25161427271441,0.036164747830754344,0.010850099722208427
120.4,41.255230747497485,0.037249757802975125,0.01055635047068686
120.5,41.258955723277786,0.03830539285004375,0.010226460361751165
120.60000000000001,41.26278626256279,0.039328038886218955,0.009903720519441198
120.7,41.26671906645141,0.04031841093816302,0.009628011621823722
120.80000000000001,41.27075090754523,0.04128121210034547,0.009359342970118983
120.9,41.274879028755265,0.04221714639735732,0.009100364411059079
121.0,41.279100743395,0.043127182838463174,0.008762722693885243
121.10000000000001,41.28341346167885,0.04400345510785177,0.008443589418975281
121.2,41.28781380718963,0.04484781404974925,0.008159338225385697
121.30000000000001,41.292298588594605,0.04566374787228789,0.007917622791634748
121.4,41.296864963381836,0.04645551015145132,0.007656576503236678
121.5,41.30151051439698,0.047221167801774946,0.007463091642112967
121.60000000000001,41.30623263117715,0.04796747696598631,0.007295429024895965
121.7,41.311029378873755,0.04869701986847586,0.0071444224955944675
121.80000000000001,41.3158990808606,0.04941146211803537,0.007020439590723331
121.9,41.3208402270724,0.05011350607710766,0.006869998656299824
122.0,41.32585157768011,0.050800505942737606,0.006712104922405645
122.10000000000001,41.33093162827439,0.05147171643497823,0.006559151659956434
122.2,41.336078799917885,0.052127631600973834,0.006483248245430786
122.30000000000001,41.34129156307799,0.05277595642551697,0.006406935382166443
122.4,41.346569158720534,0.053416649963733576,0.006415830181237484
122.5,41.351910823716906,0.05405823298185729,0.006475140146027933
122.60000000000001,41.3573166470151,0.054705746996460136,0.006499694629908981
122.7,41.36278722171474,0.055355716459451,0.0065102154646239085
122.80000000000001,41.36832279336069,0.056006738005913444,0.006460275239587677
122.9,41.373923467161276,0.056652765529872175,0.006400256415543831
123.0,41.379588743714265,0.05729279117142652,0.006483486121795712
123.10000000000001,41.385318022831406,0.05794113978360615,0.006578439332089902
123.2,41.39111213680977,0.0585989837168151,0.0066465974024175365
123.30000000000001,41.39697203518145,0.05926364345705691,0.006675461608122745
123.4,41.40289839952715,0.05993118961786915,0.006691756553027123
123.5,41.40889151848894,0.06060036527317182,0.006728298801907516
123.60000000000001,41.41495155501626,0.06127319515336263,0.006722396519430012
123.7,41.421078874531595,0.061945434805305594,0.006752021041812863
123.80000000000001,41.42727341801213,0.06262063690948694,0.006761881598165399
123.9,41.433535481703075,0.06329682506930344,0.00663174549441935
124.0,41.439865164210005,0.06395999961874534,0.006535910790908953
124.10000000000001,41.44626116417188,0.06461359069783629,0.006484653482685906
124.2,41.45272252324166,0.06526205604610484,0.006518743455389136
124.30000000000001,41.459248728846276,0.06591393039164381,0.006529640396486191
124.4,41.465840121885435,0.06656689443129239,0.006529738919328298
124.5,41.47249681132857,0.06721986832322518,0.006527197743287081
124.60000000000001,41.47921879816089,0.06787258809755395,0.006493036655317816
124.7,41.486006056970645,0.0685218917630857,0.006415141739589411
124.80000000000001,41.49285824614695,0.06916340593704469,0.006330420873184666
124.9,41.499774586740656,0.06979644802436312,0.006188054242869742
125.0,41.5067542315431,0.07041525344865006,0.00596581922701502
125.10000000000001,41.51379575688796,0.07101183537135161,0.005812638349881103
125.2,41.5208969404251,0.07159309920633969,0.0057396959635282845
125.30000000000001,41.52805625034573,0.07216706880269257,0.005629398933222938
125.4,41.535272957226,0.07273000869601483,0.005455182912196854
125.5,41.5425459580956,0.07327552698723448,0.005262879775928926
125.60000000000001,41.54987351079433,0.07380181496482742,0.005047114200972406
125.7,41.55725369229081,0.07430652638492463,0.004853899869344677
125.80000000000001,41.5646843449293,0.07479191637185914,0.00462658653023222
125.9,41.572163536566485,0.07525457502488234,0.004429998721517366
126.0,41.579688994068974,0.07569757489703405,0.004315353560493861
126.10000000000001,41.58725875155868,0.07612911025308347,0.004212650039599992
126.2,41.594871662583984,0.07655037525704345,0.004149976483949137
126.30000000000001,41.60252670010969,0.0769653729054384,0.004051618371401453
126.4,41.610223237400234,0.07737053474257852,0.003880348101398616
126.5,41.61796029087449,0.07775856955271836,0.0036122995906054086
126.60000000000001,41.62573614782976,0.07811979951177893,0.0032818941379144295
126.7,41.63354812778094,0.07844798892557035,0.00299532125116716
126.80000000000001,41.6413929266735,0.0787475210506871,0.0027500284299753104
126.9,41.649267678778564,0.07902252389368461,0.002477644306980028
127.0,41.657169931167935,0.0792702883243826,0.002215042994558969
127.10000000000001,41.66509696000037,0.07949179262383851,0.0018907031010493812
127.2,41.67304613926276,0.07968086293394344,0.0014620291041737984
127.30000000000001,41.681014225556154,0.07982706584436083,0.000955511962847848
127.4,41.68899693214059,0.07992261704064561,0.0004468008629958641
127.5,41.69698919384465,0.0799672971269452,-6.380254918752504e-05
127.60000000000001,41.704985923557345,0.07996091687202644,-0.000587445116873342
127.7,41.71298201524455,0.07990217236033911,-0.00120094365412011
127.80000000000001,41.720972232480584,0.07978207799492709,-0.0018167937190252314
127.9,41.72895044028007,0.07960039862302458,-0.0023518441423434015
128.0,41.73691048014238,0.07936521420879025,-0.0028150060501700093
128.1,41.74484700156326,0.07908371360377327,-0.0033521136430151462
128.20000000000002,41.75275537292364,0.07874850223947168,-0.003902656908087665
128.3,41.76063022314758,0.07835823654866293,-0.004405663676575717
128.4,41.768466046802445,0.07791767018100539,-0.00492720853266321
128.5,41.77625781382055,0.07742494932773909,-0.005396235650844435
128.6,41.78400030875332,0.07688532576265468,-0.00584639599030676
128.70000000000002,41.79168884132959,0.07630068616362387,-0.006234472477062791
128.8,41.79931890994595,0.07567723891591763,-0.006561680422307687
128.9,41.80688663383754,0.0750210708736869,-0.00683504797711687
129.0,41.81438874092491,0.07433756607597525,-0.007056191568982335
129.1,41.82182249753251,0.07363194691907705,-0.007232294392860876
129.20000000000002,41.829185692224414,0.0729087174797908,-0.007413228755735196
129.3,41.8364765639724,0.07216739460421732,-0.007630893254604466
129.4,41.843693303432815,0.07140430527875692,-0.007823342107808218
129.5,41.85083373396069,0.07062197106797614,-0.008017280014769769
129.6,41.85789593106749,0.06982024306649921,-0.008231083463626153
129.70000000000002,41.86487795537414,0.06899713472013641,-0.008393737042559695
129.8,41.87177766884616,0.06815776101588049,-0.008545239979330169
129.9,41.87859344494774,0.06730323701794752,-0.00863548161422333
130.0,41.885323768649535,0.06643968885652524,-0.00869396202795047
130.1,41.89196773753519,0.06557029265373024,-0.008723917872641667
130.20000000000002,41.89852476680056,0.06469790086646587,-0.008739876205210242
130.3,41.90499455688721,0.0638239132459449,-0.008775393031959733
130.4,41.9113769482118,0.06294637394274898,-0.008735185077240689
130.5,41.91767158560608,0.06207285543502496,-0.008659643471828772
130.6,41.92387887114958,0.06120689108784213,-0.008601545146794664
130.70000000000002,41.929999560258366,0.06034673657316247,-0.00859724583640906
130.8,41.93603423391568,0.05948701198952161,-0.00852443203685403
130.9,41.94198293511463,0.058634568785836255,-0.008400913202035029
131.0,41.94784639199322,0.0577944774656328,-0.008265278948167474
131.1,41.95362583973978,0.0569679495708161,-0.008157153397815744
131.20000000000002,41.95932263469686,0.05615223423103434,-0.008063029373596542
131.3,41.96493785811997,0.05534593129367473,-0.007994656963928561
131.4,41.970472451249336,0.05454646559728192,-0.007782129369267752
131.5,41.97592709780906,0.05376825266035519,-0.0074664682551581285
131.6,41.981303923075096,0.05302160583483942,-0.007131220248578529
131.70000000000002,41.98660608365858,0.052308483809981404,-0.00680504295243013
131.8,41.991836932039575,0.05162797951473843,-0.006374382290852841
131.9,41.99699972999105,0.05099054128565318,-0.005923588007281436
132.0,42.00209878411962,0.05039818248492507,-0.0054541870119841395
132.1,42.00713860236811,0.04985276378372669,-0.005004762167252666
132.20000000000002,42.01212387874648,0.04935228756700131,-0.004533981446810991
132.3,42.01705910750318,0.048898889422320235,-0.004144443832640898
132.4,42.02194899644542,0.04848444503905617,-0.0037051611523561427
132.5,42.02679744094932,0.048113928923820576,-0.0032721616021875095
132.6,42.0316088338417,0.047786712763601844,-0.0028221822796486128
132.70000000000002,42.036387505118064,0.04750449453563692,-0.0024201463995304055
132.8,42.041137954571624,0.04726247989568389,-0.0019949506087485907
132.9,42.04586420256119,0.047062984834809043,-0.0015911250044881242
133.0,42.050570501044675,0.04690387233436024,-0.001198367585084069
133.1,42.05526088827811,0.04678403557585184,-0.0007637467049173908
133.20000000000002,42.0599392918357,0.046707660905360084,-0.00036286263184778073
133.3,42.06461005792623,0.04667137464217531,-3.610037287459161e-05
133.4,42.06927719539045,0.04666776460488785,0.0002641422040235997
133.5,42.07394397185094,0.04669417882529021,0.0005643679154962071
133.6,42.07861338973347,0.046750615616839825,0.0008479565999745962
133.70000000000002,42.083288451295154,0.046835411276837303,0.0011506948887805807
133.8,42.08797199242284,0.046950480765715355,0.0014220504499612545
133.9,42.09266704049941,0.04709268581071147,0.0016581115796735879
134.0,42.09737630908048,0.04725849696867882,0.0018565348193850058
134.1,42.10210215877735,0.04744415045061731,0.0019807626360307884
134.20000000000002,42.10684657382241,0.047642226714220436,0.0021120813187159256
134.3,42.11161079649383,0.047853434846092016,0.002216203124840916
134.4,42.11639613997844,0.048075055158576095,0.0023026242196065505
134.5,42.1212036454943,0.04830531758053674,0.00240283060175289
134.6,42.12603417725235,0.04854560064071201,0.002510202033022253
134.70000000000002,42.130888737316425,0.048796620844014295,0.0025965976518298964
134.8,42.135768399400824,0.04905628060919727,0.0026577361682195277
134.9,42.14067402746174,0.04932205422601921,0.0026591075669853263
135.0,42.14560623288435,0.049587964982717725,0.00266360282240191
135.1,42.15056502938262,0.0498543252649579,0.002689433853179531
135.20000000000002,42.155550461909115,0.050123268650275915,0.0027229644662639546
135.3,42.16056278877414,0.050395565096902295,0.002718285809826264
135.4,42.16560234528383,0.050667393677884906,0.002685511542811783
135.5,42.17066908465162,0.05093594483216607,0.0025543698648276196
135.6,42.175762679134834,0.051191381818648816,0.002401770095113174
135.70000000000002,42.1808818173167,0.05143155882816019,0.0022503137430670314
135.8,42.186024973199515,0.05165659020246688,0.0021572612477751946
135.9,42.191190632219765,0.051872316327244386,0.0020446061467685236
136.0,42.19637786385249,0.05207677694192123,0.0019672757399412802
136.1,42.20158554154668,0.052273504515915344,0.0018591711521171526
136.20000000000002,42.20681289199827,0.0524594216311271,0.0017148430077646164
136.3,42.21205883416138,0.05263090593190355,0.001579836608461858
136.4,42.21732192475457,0.05278888959274973,0.0014028039403503438
136.5,42.222600813713846,0.052929169986784756,0.0011859904290558562
136.6,42.22789373071253,0.053047769029690335,0.0009820562139196813
136.70000000000002,42.2331985076155,0.053145974651082326,0.0007859652201749642
136.8,42.23851310508061,0.05322457117309982,0.0006003933600254649
136.9,42.243835562197916,0.05328461050910236,0.000559755172644495
137.0,42.249164023248824,0.05334058602636681,0.0005936051229990168
137.1,42.25449808185146,0.053399946538666705,0.0005650669157778696
137.20000000000002,42.25983807650533,0.053456453230244505,0.0005825127567680636
137.3,42.26518372182835,0.05351470450592131,0.0005650747702210983
137.4,42.27053519227894,0.053571211982943415,0.0005482848461072254
137.5,42.27589231347724,0.053626040467554134,0.000545254490609579
137.6,42.281254917523995,0.05368056591661509,0.0005359514343175084
137.70000000000002,42.28662297411566,0.05373416106004685,0.000548845268558102
137.8,42.29199639022166,0.05378904558690266,0.000555485117812966
137.9,42.29737529478035,0.05384459409868395,0.0005628590065635445
138.0,42.30275975419022,0.053900879999340304,0.0005344258516822324
138.1,42.308149842190154,0.053954322584508524,0.00047788358422509963
138.20000000000002,42.31354527444861,0.054002110942931045,0.0004103434724085875
138.3,42.3189454855429,0.0540431452901719,0.00036244667090792166
138.4,42.324349800071914,0.05407938995726269,0.0002950252322612452
138.5,42.329757739067645,0.054108892480488814,0.00023907973728796964
138.6,42.33516862831569,0.05413280045421761,0.00022001542884947926
138.70000000000002,42.340581908361116,0.05415480199710256,0.00026985492415998604
138.8,42.345997388560825,0.05418178748951856,0.0003810228181952641
138.9,42.35141556730977,0.054219889771338084,0.0004079216061220424
139.0,42.356837556286905,0.054260681931950286,0.00035905349750552746
139.1,42.3622636244801,0.05429658728170084,0.0003008606386289285
139.20000000000002,42.367693283208276,0.054326673345563736,0.00018257392375474119
139.3,42.37312595054283,0.05434493073793921,7.096512565904893e-05
139.4,42.37856044361662,0.054352027250505114,-2.750801519686864e-05
139.5,42.383995646341674,0.05434927644898543,-4.9432197750182186e-05
139.6,42.38943057398657,0.05434433322921041,-5.402703619808595e-05
139.70000000000002,42.39486500730949,0.0543389305255906,-2.8451012831153206e-05
139.8,42.40029890036205,0.054336085424307484,3.981502941827424e-05
139.9,42.405732508904485,0.05434006692724931,0.00011564835912227613
140.0,42.41116651559721,0.05435163176316154,0.00012963148436608745
140.1,42.416601678773524,0.054364594911598146,0.000191333597931607
140.20000000000002,42.42203813826468,0.05438372827139131,0.00030273295211139304
140.3,42.427476511091825,0.05441400156660245,0.00042262603322298545
140.4,42.43291791124848,0.054456264169924745,0.0005382625674776487
140.5,42.438363537665474,0.05451009042667251,0.0006326615437982435
140.6,42.44381454670814,0.05457335658105233,0.000692252107620995
140.70000000000002,42.44927188236625,0.05464258179181444,0.0007702904902546792
140.8,42.45473614054543,0.054719610840839907,0.0008616679144298413
140.9,42.46020810162951,0.054805777632282886,0.000895860731929941
141.0,42.46568867939274,0.054895363705475875,0.0008922595172545186
141.1,42.47117821576329,0.05498458965720132,0.0008887473099132631
141.20000000000002,42.47667667472901,0.05507346438819267,0.0008178517501225329
141.3,42.48218402116783,0.05515524956320492,0.0006293705890132392
141.4,42.48769954612415,0.05521818662210624,0.0004255326714231836
141.5,42.49322136478636,0.05526073988924855,0.000278394481235624
141.6,42.49874743877528,0.055288579337372114,0.00021395272974763366
141.70000000000002,42.50427629670902,0.05530997461034688,0.00021732781301104912
141.8,42.50980729417006,0.055331707391647986,0.00023751757964625382
141.9,42.51534046490922,0.05535545914961261,0.0003791002477080773
142.0,42.52087601082418,0.055393369174383415,0.0005869480431159092
142.1,42.52641534774162,0.055452063978695,0.0008371155135173014
142.20000000000002,42.531960554139495,0.05553577553004675,0.0011460523096952458
142.3,42.5375141316925,0.05565038076101627,0.0013889737922277113
142.4,42.543079169768596,0.05578927814023903,0.0016047409025239181
142.5,42.548658097582624,0.055949752230491416,0.0018052922584300606
142.6,42.55425307280567,0.05613028145633441,0.0020205017370590176
142.70000000000002,42.559866100951304,0.05633233163004036,0.0021785655973327453
142.8,42.56549933411431,0.05655018818977362,0.0022534534735034364
142.9,42.571154352933284,0.05677553353712395,0.002269782239316666
143.0,42.576831906287,0.057002511761055606,0.0022779399401800285
143.1,42.582532157463106,0.057230305755073596,0.002301406832275647
143.20000000000002,42.58825518803861,0.05746044643830121,0.002299251890471718
143.3,42.594001232682444,0.05769037162734837,0.0022416393934185956
143.4,42.59977026984517,0.05791453556669022,0.0021499111004240875
143.5,42.60556172340185,0.058129526676732615,0.0020883176602593473
143.6,42.61137467606952,0.05833835844275854,0.00207401141460091
143.70000000000002,42.617208511913795,0.058545759584218676,0.0019270649993487611
143.8,42.62306308787222,0.05873846608415354,0.0017630259839207132
143.9,42.628936934480635,0.0589147686825456,0.0016312823011981293
144.0,42.634828411348884,0.059077896912665406,0.0014383975477667273
144.1,42.640736201040156,0.05922173666744207,0.001288717885743111
144.20000000000002,42.646658374706895,0.05935060845601641,0.0010847468349456995
144.3,42.6525934355525,0.059459083139510975,0.0008415550692716024
144.4,42.65853934386645,0.05954323864643813,0.0005693156532039407
144.5,42.664493667731094,0.05960017021175852,0.00035941543212162464
144.6,42.67045368475227,0.05963611175497068,0.00025741447767604593
144.70000000000002,42.67641729592777,0.05966185320273829,0.00016622676153718154
144.8,42.68238348124804,0.05967847587889201,4.804204190169132e-05
144.9,42.68835132883593,0.05968328008308218,-9.47306683828834e-05
145.0,42.694319656844236,0.05967380701624389,-0.00031260218232008865
145.1,42.70028703754586,0.05964254679801188,-0.0006347048773996195
145.20000000000002,42.706251292225666,0.05957907631027191,-0.0010634032396963139
145.3,42.71220919985669,0.05947273598630228,-0.0014899585443351058
145.4,42.71815647345532,0.05932374013186878,-0.0018902279010815336
145.5,42.72408884746851,0.05913471734176064,-0.0023018971873663757
145.6,42.73000231920268,0.05890452762302401,-0.0026573129460647836
145.70000000000002,42.735892771964984,0.058638796328417474,-0.0030071746537601767
145.8,42.741756651597825,0.05833807886304147,-0.0034132103653808916
145.9,42.74759045948413,0.0579967578265034,-0.003733715043757264
146.0,42.753390135266784,0.0576233863221277,-0.003938368586527215
146.1,42.75915247389899,0.057229549463475,-0.004153585983779517
146.20000000000002,42.76487542884534,0.05681419086509695,-0.004418562429378799
146.3,42.77055684793185,0.0563723346221591,-0.004695888048190645
146.4,42.77619408139407,0.05590274581734006,-0.005010751497272557
146.5,42.7817843559758,0.05540167066761283,-0.005313465704061018
146.6,42.787324523042564,0.05487032409720676,-0.005622212694423768
146.70000000000002,42.79281155545228,0.05430810282776426,-0.005964194541721166
146.8,42.798242365735064,0.053711683373592174,-0.006275507512482149
146.9,42.80361353407242,0.053084132622343995,-0.006544219660723935
147.0,42.80892194733465,0.05242971065627164,-0.006830500103521514
147.1,42.81416491840028,0.051746660645919526,-0.007113303939200711
147.20000000000002,42.81933958446487,0.05103533025199929,-0.007343200404696105
147.3,42.82444311749008,0.050301010211529724,-0.007549240254568919
147.4,42.829473218511225,0.049546086186072875,-0.007710993968378676
147.5,42.83442782712983,0.04877498678923505,-0.0077888860807178145
147.6,42.83930532580876,0.047996098181163314,-0.007810224869507735
147.70000000000002,42.84410493562687,0.04721507569421236,-0.007799162480453563
147.8,42.848826443196295,0.04643515944616705,-0.007697018543978092
147.9,42.85346995914091,0.045665457591769286,-0.007542847340168217
148.0,42.858036504900085,0.04491117285775251,-0.00743426410565532
148.1,42.862527622185866,0.04416774644718702,-0.007390090207094315
148.20000000000002,42.86694439683058,0.04342873742647742,-0.0073124048445532405
148.3,42.87128727057323,0.042697496942022135,-0.007290051485841774
148.4,42.87555702026743,0.041968491793438,-0.007297971508341964
148.5,42.87975386944677,0.041238694642603844,-0.007314454156646873
148.6,42.88387773891103,0.0405072492269392,-0.007416820261826239
148.70000000000002,42.88792846383373,0.039765567200756406,-0.007457261633380404
148.8,42.89190502055381,0.03901984103741841,-0.007449607821966929
148.9,42.89580700465755,0.03827488025522176,-0.0073920539434660405
149.0,42.89963449268307,0.037535674860875196,-0.0073856087886792245
149.1,42.903388060169156,0.036797113982007315,-0.007356299058488967
149.20000000000002,42.907067771567355,0.03606148407615825,-0.007260549545272662
149.3,42.910673919974975,0.035335429121631026,-0.007074547069418263
149.4,42.914207462887134,0.03462797441468924,-0.006823441463336312
149.5,42.917670260328606,0.03394563026835565,-0.006620672923321429
149.6,42.92106482335544,0.03328356297602354,-0.006427199847305327
149.70000000000002,42.924393179653045,0.032640842991292864,-0.006266515623170261
149.8,42.92765726395217,0.03201419142897587,-0.006106038919076254
149.9,42.93085868309507,0.03140358753706828,-0.005948182666903673
150.0,42.93399904184878,0.03080876927037795,-0.0057637371416325595
150.1,42.937079918775815,0.030232395556214726,-0.0055047397805416095
150.20000000000002,42.94010315833144,0.02968192157816044,-0.005167801787565439
150.3,42.943071350489255,0.029165141399403925,-0.004776783454332947
150.4,42.945987864629195,0.028687463053970658,-0.004488454116596553
150.5,42.94885661093459,0.028238617642311028,-0.0042703970838029945
150.6,42.95168047269882,0.027811577933930753,-0.004119728311435776
150.70000000000002,42.95446163049221,0.02739960510278708,-0.0040228549221988374
150.8,42.957201591002494,0.02699731961056722,-0.0039015979952490005
150.9,42.959901322963546,0.026607159811042343,-0.0039024780451052538
151.0,42.962562038944654,0.02621691200653184,-0.0039054822208310774
151.1,42.965183730145306,0.025826363784448754,-0.0038825882018673537
151.20000000000002,42.967766366523755,0.02543810496426193,-0.003877291530847612
151.3,42.97031017702018,0.02505037581117719,-0.003888485246805718
151.4,42.9728152146013,0.02466152728649664,-0.003961791792492873
151.5,42.97528136732995,0.024265348107247377,-0.0040607384389719035
151.6,42.97770790214067,0.02385927426335021,-0.004179390062800714
151.70000000000002,42.980093829567004,0.023441335257070043,-0.004306049410125816
151.8,42.982437963092714,0.023010730316057486,-0.004424719803664762
151.9,42.98473903612432,0.022568258335691035,-0.004464424531379641
152.0,42.98699586195789,0.022121815882553096,-0.0044468037242274576
152.1,42.98920804354614,0.021677135510130376,-0.004388800950776749
152.20000000000002,42.99137575709715,0.0212382554150526,-0.004362844691486461
152.3,42.99349958263866,0.02080197094590398,-0.004282685850837861
152.4,42.99557977973325,0.020373702360820218,-0.004147950481948388
152.5,42.99761714996933,0.019958907312625403,-0.00403687832107385
152.6,42.999613040700595,0.01955521948051804,-0.003917727141362255
152.70000000000002,43.00156856264865,0.019163446766381726,-0.0037987380656821163
152.8,43.00348490732529,0.018783572959813536,-0.003741944722072542
152.9,43.005363264621266,0.018409378487606303,-0.003733058280999232
153.0,43.00720420247003,0.0180360726595064,-0.0037781641008123655
153.1,43.00900780973598,0.017658256249425186,-0.003809005883588583
153.20000000000002,43.01077363536092,0.01727735566106624,-0.003811951658753915
153.3,43.012501370927026,0.01689616049519087,-0.003771803370683057
153.4,43.014190986976544,0.016518980158122587,-0.0037138947215183504
153.5,43.01584288499236,0.016147590685970773,-0.0036515775690479394
153.60000000000002,43.017457644060954,0.015782432929065896,-0.0036114265347158216
153.70000000000002,43.019035887353866,0.015421290275594335,-0.003591809265173648
153.8,43.02057801638142,0.01506210934907699,-0.0035596131220216472
153.9,43.02208422731633,0.014706148036874846,-0.0035090456058521884
154.0,43.023554842120014,0.014355243476289647,-0.0035242827277994944
154.10000000000002,43.02499036646765,0.014002815203509617,-0.003551215898893363
154.20000000000002,43.026390647987995,0.013647693613620301,-0.0035715721504499375
154.3,43.02775541734936,0.013290536398575328,-0.0035995396185503417
154.4,43.02908447098922,0.012930582436720314,-0.0035834048269170428
154.5,43.03037752923289,0.01257224195402863,-0.0035890715489687855
154.60000000000002,43.03163475342829,0.01221333479913167,-0.0036366710674465967
154.70000000000002,43.032856086908204,0.011849667692387031,-0.0036837540492644905
154.8,43.03404105367744,0.011481292287460603,-0.003675956570263016
154.9,43.03518918290619,0.011113696630434322,-0.0036505107457569267
155.0,43.03630055256923,0.01074864555585865,-0.0035550283206409426
155.10000000000002,43.03737541712482,0.010393142723794475,-0.0034553222081800763
155.20000000000002,43.0384147313972,0.010047610502976487,-0.00330362372114593
155.3,43.03941949244749,0.009717248130861913,-0.003131470788285567
155.4,43.040391217260584,0.009404101052033374,-0.002902080833225391
155.5,43.041331627365786,0.009113892968710851,-0.002593984620055962
155.60000000000002,43.04224301666265,0.008854494506705196,-0.002267399481764514
155.70000000000002,43.04312846611333,0.008627754558528758,-0.0019340687302804988
155.8,43.04399124156918,0.008434347685500719,-0.001557800330072875
155.9,43.04483467633773,0.00827856765249344,-0.0011537895160079015
156.0,43.04566253310298,0.008163188700892656,-0.0006876542285374173
156.10000000000002,43.04647885197307,0.008094423278038899,-0.00030683295954311515
156.20000000000002,43.04728829430087,0.00806373998208459,2.1531016447356834e-05
156.3,43.04809466829908,0.008065893083729325,0.00031035654999615774
156.4,43.048901257607454,0.008096928738728939,0.0005482587386434651
156.5,43.04971095048133,0.008151754612593282,0.0007724031939341006
156.60000000000002,43.05052612594258,0.00822899493198671,0.0009435228122894548
156.70000000000002,43.05134902543578,0.00832334721321565,0.0011148688822943476
156.8,43.05218136015711,0.008434834101445078,0.001189858322923237
156.9,43.05302484356725,0.008553819933737395,0.0012582666396916708
157.0,43.053880225560626,0.008679646597706555,0.0013200321186991205
157.10000000000002,43.054748190220394,0.008811649809576497,0.0013516482959132184
157.20000000000002,43.055629355201354,0.008946814639167812,0.0014059109158466173
157.3,43.056524036665266,0.009087405730752465,0.001461120047719727
157.4,43.05743277723835,0.00923351773552443,0.0014452475435232672
157.5,43.0583561290119,0.009378042489876748,0.0013749482969106076
157.60000000000002,43.05929393326088,0.00951553731956784,0.0012151554292379877
157.70000000000002,43.06024548699284,0.009637052862491632,0.0011087114005384833
157.8,43.061209192279094,0.009747924002545474,0.001031534500282687
157.9,43.06218398467934,0.009851077452573737,0.0009806040296884146
158.0,43.0631690924246,0.009949137855542573,0.0009770719009413243
158.10000000000002,43.064164006210156,0.010046845045636727,0.0009743501038557977
158.20000000000002,43.06516869071472,0.010144280056022302,0.0009801042918292301
158.3,43.066183118720325,0.01024229048520522,0.000968124399775529
158.4,43.06720734776884,0.010339102925182767,0.0009416747046318509
158.5,43.06824125806136,0.010433270395645946,0.000937198157911849
158.60000000000002,43.069284585100924,0.010526990211437152,0.0009663252747347419
158.70000000000002,43.07033728412207,0.010623622738910621,0.0009740495927574657
158.8,43.07139964639596,0.010721027698186362,0.0009648076192029225
158.9,43.07247174916578,0.010817508460106649,0.0008606729372370173
159.0,43.07355350001179,0.010903575753830346,0.0007510474870464141
159.10000000000002,43.074643857587176,0.010978680502535004,0.0006931144179372605
159.20000000000002,43.07574172563743,0.011047991944328726,0.0007137047156720369
159.3,43.07684652483186,0.011119362415895926,0.0006716569189569831
159.4,43.07795846107345,0.01118652810779162,0.0006526577050042076
159.5,43.079077113884225,0.011251793878292038,0.0006689939853722146
159.60000000000002,43.08020229327206,0.011318693276829274,0.0007180357504787674
159.70000000000002,43.08133416259974,0.011390496851877147,0.0007451456146762612
159.8,43.08247321228493,0.011465011413344769,0.0007446459252832903
159.9,43.08361971342626,0.011539476005873094,0.0006526834288066534
160.0,43.08477366102685,0.011604744348753755,0.0005654592843428172
160.10000000000002,43.08593413546173,0.01166129027718805,0.0003953511650787184
160.20000000000002,43.08710026448944,0.01170082539369592,0.00026273810716537335
160.3,43.08827034702881,0.011727099204412455,0.00010663857270554795
160.4,43.08944305694926,0.01173776306168301,1.2316568571806719e-05
160.5,43.090616833255424,0.01173899471854019,-4.194022542169333e-05
160.60000000000002,43.091790732727276,0.01173480069599802,-0.00010619718845716101
160.70000000000002,43.09296421279688,0.011724180977152304,-0.0001728726866596844
160.8,43.094136630894596,0.011706893708486337,-0.0003155561397119421
160.9,43.09530732026544,0.011675338094515144,-0.0004837946307281492
161.0,43.09647485407489,0.011626958631442332,-0.000578437270827022
161.10000000000002,43.097637549938035,0.011569114904359617,-0.0006234609574407032
161.20000000000002,43.098794461428476,0.01150676880861555,-0.0006407824622207282
161.3,43.09994513830934,0.011442690562393481,-0.0006982172113695216
161.4,43.10108940736557,0.011372868841256533,-0.0008438804872675433
161.5,43.1022266942497,0.011288480792529783,-0.001027907709905017
161.60000000000002,43.103355542328956,0.011185690021539258,-0.0012160307734673454
161.70000000000002,43.10447411133111,0.01106408694419253,-0.0012817706909670976
161.8,43.105580520025526,0.010935909875095828,-0.001274168155831638
161.9,43.106674111013035,0.010808493059512671,-0.001319066609985544
162.0,43.107754960318985,0.010676586398514125,-0.0013821875092824025
162.10000000000002,43.10882261895884,0.010538367647585853,-0.0013414472590909665
162.20000000000002,43.109876455723594,0.010404222921676764,-0.0012858249563520374
162.3,43.110916878015765,0.010275640426041567,-0.0012177979511144436
162.4,43.111944442058366,0.01015386063093013,-0.0012023629536843372
162.5,43.11295982812146,0.010033624335561703,-0.0011272010772259184
162.60000000000002,43.11396319055502,0.009920904227839086,-0.0009725108800643018
162.70000000000002,43.1149552809778,0.009823653139832661,-0.0007967029014894977
162.8,43.11593764629178,0.009743982849683716,-0.0006632307612421669
162.9,43.11691204457675,0.009677659773559503,-0.0005774171359380543
163.0,43.11787981055411,0.0096199180599657,-0.0004714535515704253
163.10000000000002,43.11884180236011,0.009572772704808647,-0.00036359193477275895
163.20000000000002,43.11979907963059,0.009536413511331374,-0.00021766153775059347
163.3,43.12075272098172,0.009514647357556315,-3.554005663065068e-05
163.4,43.121704185717476,0.00951109335189325,0.00013959248890207002
163.5,43.12265529505267,0.009525052600783457,0.0002527708119749847
163.60000000000002,43.12360780031274,0.009550329681980961,0.00038278836116750157
163.70000000000002,43.12456283328094,0.009588608518097709,0.0004941235053017061
163.8,43.12552169413275,0.009638020868627877,0.0005130192823138369
163.9,43.126485496219615,0.009689322796859258,0.0005526551384316787
164.0,43.1274544284993,0.009744588310702422,0.0005857026084763483
164.10000000000002,43.12842888733037,0.00980315857155007,0.0006475400497797851
164.20000000000002,43.12940920318752,0.009867912576528045,0.0007234259384026014
164.3,43.13039599444518,0.009940255170368301,0.0007475211741844639
164.4,43.13139001996221,0.010015007287786743,0.0007536141983894169
164.5,43.132391520690994,0.010090368707625681,0.0007154244855759576
164.60000000000002,43.13340055756176,0.010161911156183293,0.0007131506211289936
164.70000000000002,43.134416748677374,0.010233226218296188,0.0007015185240585222
164.8,43.1354400712992,0.010303378070702036,0.0007078885301097189
164.9,43.13647040910627,0.010374166923713004,0.0007910102545912872
165.0,43.13750782579864,0.010453267949172129,0.0009007806256561313
165.10000000000002,43.13855315259356,0.010543346011737762,0.00103111380955434
165.20000000000002,43.13960748719474,0.01064645739269319,0.001144750724500639
165.3,43.14067213293401,0.010760932465143248,0.001308262311189809
165.4,43.14174822618052,0.010891758696262221,0.0014042506717821673
165.5,43.14283740205015,0.01103218376344043,0.0014381537020509106
165.60000000000002,43.14394062042649,0.011175999133645554,0.0014972266724182035
165.70000000000002,43.145058220339855,0.011325721800887366,0.001590815668316724
165.8,43.146190792519945,0.011484803367719029,0.0016584222305257655
165.9,43.14733927285671,0.011650645590771596,0.0017181185722254838
166.0,43.148504337415794,0.011822457447994135,0.001739351834325109
166.10000000000002,43.149686583160594,0.011996392631426685,0.0017985690616871013
166.20000000000002,43.150886222423736,0.012176249537595385,0.0018360796957107158
166.3,43.1521038473775,0.012359857507166446,0.001852426699019851
166.4,43.15333983312821,0.01254510017706842,0.001967533294211847
166.5,43.15459434314592,0.012741853506489594,0.0020830978994401273
166.60000000000002,43.15586852849657,0.012950163296433654,0.0022806446722530792
166.70000000000002,43.15716354482621,0.01317822776365895,0.002468626022621297
166.8,43.158481367602576,0.013425090365921065,0.0026570335181847742
166.9,43.159823876639166,0.013690793717739527,0.002857903991567146
167.0,43.16119295601094,0.013976584116896226,0.0031085436787261058
167.10000000000002,43.16259061442263,0.014287438484768907,0.003287793483173359
167.20000000000002,43.164019358271105,0.014616217833086224,0.0033818254561860015
167.3,43.16548098005442,0.014954400378704805,0.0034555428936354203
167.4,43.16697642009229,0.015299954668068327,0.003564514773266228
167.5,43.168506415559094,0.01565640614539493,0.003686458570181754
167.60000000000002,43.17007205617363,0.01602505200241319,0.003832267482886789
167.70000000000002,43.17167456137388,0.016408278750701846,0.00394629784207014
167.8,43.17331538924895,0.016802908534908838,0.0039700195687772215
167.9,43.174995680102434,0.017199910491786537,0.003930733404583374
168.0,43.17671567115161,0.017592983832244852,0.0038340780393033387
168.10000000000002,43.17847496953484,0.017976391636175273,0.0037617368693990878
168.20000000000002,43.18027260869846,0.01835256532311516,0.0036906749348341473
168.3,43.18210786523077,0.018721632816598555,0.003626313121576905
168.4,43.18398002851243,0.019084264128756225,0.003585308486596171
168.5,43.185888454925305,0.01944279497741582,0.0035949281107879884
168.60000000000002,43.18783273442305,0.019802287788494702,0.003488544053433265
168.70000000000002,43.189812963201895,0.02015114219383801,0.003352844067308711
168.8,43.19182807742128,0.02048642660056886,0.0032168540934774973
168.9,43.193876720081334,0.020808112009916592,0.003135532062655965
169.0,43.195957531282325,0.02112166521618217,0.003009090252190312
169.10000000000002,43.198069697803945,0.02142257424140127,0.0027931065182801506
169.20000000000002,43.200211955228085,0.02170188489322927,0.002541005394677802
169.3,43.20238214371741,0.021955985432697035,0.0023976854118799478
169.4,43.204577742260675,0.022195753973885016,0.002355484238586824
169.5,43.206797317658065,0.022431302397743685,0.002225757464399625
169.60000000000002,43.20904044789784,0.0226538781441837,0.0021288536529686336
169.70000000000002,43.21130583571226,0.02286676350948055,0.0020467755184025906
169.8,43.21359251206321,0.023071441061320797,0.002019404412875296
169.9,43.21589965616934,0.023273381502608315,0.001955326415928993
170.0,43.2182269943196,0.023468914144201204,0.0018822807476394942
170.10000000000002,43.22057388573402,0.023657142218965196,0.001752643430883503
170.20000000000002,43.222939599955915,0.023832406562053536,0.0016114662954962735
170.3,43.22532284061212,0.023993553191603154,0.001481057637908679
170.4,43.227722195931285,0.024141658955394014,0.0012888886107917425
170.5,43.23013636182682,0.02427054781647318,0.0010072412495908609
170.60000000000002,43.23256341660847,0.02437127194143229,0.0007148115186099484
170.70000000000002,43.23500054380261,0.02444275309329328,0.0003891932014055354
170.8,43.23744481911194,0.024481672413433832,6.778580631396465e-05
170.9,43.23989298635328,0.024488450994065228,-0.0003097005730460202
171.0,43.24234183145269,0.024457480936760628,-0.0006711986501231476
171.10000000000002,43.24478757954637,0.024390361071748298,-0.0009911973574855274
171.20000000000002,43.247226615653545,0.02429124133599975,-0.001429770946761213
171.3,43.249655739787144,0.024148264241323637,-0.0017943367879609518
171.4,43.25207056621127,0.023968830562527552,-0.0021987518336163137
171.5,43.25446744926753,0.023748955379165933,-0.002583145986192403
171.60000000000002,43.25684234480544,0.023490640780546634,-0.0029355275468426136
171.70000000000002,43.259191408883495,0.02319708802586239,-0.0032248336325378063
171.8,43.261511117686084,0.022874604662608627,-0.003481252728576082
171.9,43.26379857815235,0.02252647938975104,-0.0037552661202454717
172.0,43.26605122609132,0.022150952777726513,-0.004051827900765999
172.10000000000002,43.2682663213691,0.02174576998764982,-0.004308995152070666
172.20000000000002,43.27044089836786,0.02131487047244278,-0.0045586216937544026
172.3,43.2725723854151,0.020859008303067365,-0.004803865611751504
172.4,43.27465828624541,0.02037862174189224,-0.004966307406329873
172.5,43.276696148419596,0.019881991001259283,-0.005125016259558462
172.60000000000002,43.27868434751972,0.01936948937530332,-0.005242781685334041
172.70000000000002,43.280621296457255,0.018845211206769946,-0.0053051122018976556
172.8,43.282505817577935,0.01831469998658021,-0.005307019828523659
172.9,43.28433728757659,0.017783998003727874,-0.005349171351260027
173.0,43.28611568737696,0.017249080868601902,-0.005355547546577116
173.10000000000002,43.28784059546382,0.01671352611394407,-0.005405301942097632
173.20000000000002,43.289511948075216,0.016172995919734336,-0.005468018281468595
173.3,43.29112924766719,0.015626194091587508,-0.00547014263966328
173.4,43.29269186707635,0.015079179827621211,-0.005417563854597392
173.5,43.294199785059114,0.014537423442161503,-0.0053701237757156
173.60000000000002,43.29565352740333,0.01400041106458982,-0.00529780695449869
173.70000000000002,43.29705356850979,0.013470630369139982,-0.005308283028003503
173.8,43.2984006315467,0.012939802066339661,-0.005383763035295725
173.9,43.29969461175334,0.01240142576281012,-0.00545180590764334
174.0,43.30093475432962,0.011856245172045816,-0.005583874542137102
174.10000000000002,43.30212037884682,0.01129785771783198,-0.005657306246690297
174.20000000000002,43.3032501646186,0.010732127093162982,-0.005640561296518598
174.3,43.30432337732792,0.010168070963511154,-0.005613933303029561
174.4,43.305340184424274,0.00960667763320823,-0.005665253700980972
174.5,43.30630085218759,0.009040152263110165,-0.005760275135258388
174.60000000000002,43.3072048674139,0.008464124749584195,-0.00588799378668565
174.70000000000002,43.30805127988886,0.007875325370915663,-0.006023013951621504
174.8,43.308838812425954,0.007273023975753547,-0.006145897862448399
174.9,43.309566114823525,0.006658434189508742,-0.006280641594714182
175.0,43.31023195824248,0.00603037003003736,-0.006324024608016503
175.10000000000002,43.310834995245486,0.005397967569235566,-0.0063636588294533015
175.20000000000002,43.311374792002404,0.004761601686290272,-0.006394756528968602
175.3,43.311850952171035,0.004122126033393448,-0.006399197930199431
175.4,43.31226316477437,0.0034822062403735412,-0.006309328616072011
175.5,43.31261138539841,0.002851273378766376,-0.0062170614830548
175.60000000000002,43.31289651273629,0.0022295672304607547,-0.006216750395173611
175.70000000000002,43.31311946945934,0.001607892190943429,-0.006256042916575482
175.8,43.31328025867843,0.0009822878992859162,-0.0062769100250914655
175.9,43.313378487468356,0.0003545968967768054,-0.006284397131586527
176.0,43.31341394715803,-0.0002738428163818116,-0.006247022893576816
176.10000000000002,43.313386562876396,-0.0008985451057396353,-0.006114126861015699
176.20000000000002,43.313296708365826,-0.0015099577918411705,-0.005993310949700397
176.3,43.31314571258664,-0.002109288886811176,-0.005959813306862781
176.4,43.312934783697955,-0.0027052702174974203,-0.005915159720573059
176.5,43.31266425667621,-0.0032967861895546926,-0.005790911705281299
176.60000000000002,43.31233457805725,-0.003875877360082954,-0.005690833278789345
176.70000000000002,43.311946990321246,-0.004444960687961856,-0.005616744582663291
176.8,43.31150249425245,-0.0050066351462281534,-0.00555909895752511
176.9,43.31100183073782,-0.005562545041980633,-0.005523162072645353
177.0,43.310445576233626,-0.006114861249245137,-0.005584283748256152
177.10000000000002,43.3098340901087,-0.006673289624070879,-0.005619312159979224
177.20000000000002,43.309166761146294,-0.007235220840068769,-0.005737783379193359
177.3,43.30844323906229,-0.007808999177988073,-0.005911876958941536
177.4,43.30766233914449,-0.008400186873882193,-0.006135490163790265
177.5,43.3068223204571,-0.009013735890261184,-0.006252868197674615
177.60000000000002,43.30592094686808,-0.009639022710028788,-0.006276130358357112
177.70000000000002,43.304957044597074,-0.010266635745864464,-0.006349075590599825
177.8,43.30393038102249,-0.01090154330492441,-0.006386590046274144
177.9,43.30284022669199,-0.011540202309551788,-0.006375075946389931
178.0,43.30168620646104,-0.012177709904190745,-0.0063984042163896795
178.10000000000002,43.30046843547062,-0.012817550325829858,-0.006496552580739385
178.20000000000002,43.29918668043804,-0.01346720558390376,-0.006622787177371544
178.3,43.297839959879646,-0.014129484301640877,-0.0067370620542067505
178.4,43.29642701144948,-0.014803190507061513,-0.00681173236206647
178.5,43.294946692398774,-0.015484363743268122,-0.006798820655936186
178.60000000000002,43.293398256024446,-0.016164245808861895,-0.006793655433042505
178.70000000000002,43.291781831443565,-0.016843611352166107,-0.006763410782388224
178.8,43.290097470308346,-0.01751995243040489,-0.006541472122871113
178.9,43.288345475065306,-0.018174099642691965,-0.006217153324207288
179.0,43.28652806510104,-0.018795814975112658,-0.005832335211314834
179.10000000000002,43.284648483603526,-0.019379048496244274,-0.0054658968353182135
179.20000000000002,43.2827105787539,-0.019925638179776065,-0.0051819821077896296
179.3,43.28071801493592,-0.020443836390554998,-0.00491503836209259
179.4,43.27867363129687,-0.02093534022676423,-0.004541675918668367
179.5,43.27658009727419,-0.02138950781863104,-0.004216508182528895
179.60000000000002,43.27444114649233,-0.021811158636884025,-0.0039374405877404765
179.70000000000002,43.272260030628644,-0.02220490269565805,-0.0036998142911192516
179.8,43.27003954035907,-0.022574884124769955,-0.0034480700259763523
179.9,43.2677820519466,-0.02291969112736757,-0.003250662663055748
180.0,43.265490082833864,-0.023244757393673127,-0.0031033343117937173
180.10000000000002,43.26316560709449,-0.02355509082485257,-0.003056404508568929
180.20000000000002,43.26081009801201,-0.023860731275709444,-0.0029980977178358623
180.3,43.258424024884434,-0.024160541047493014,-0.0029604448277486695
180.4,43.25600797077969,-0.024456585530267864,-0.0028317334621077174
180.5,43.25356231222666,-0.02473975887647862,-0.00263879985254965
180.60000000000002,43.251088336339016,-0.025003638861733644,-0.0024385321816408276
180.70000000000002,43.24858797245284,-0.025247492079897713,-0.002339581254987491
180.8,43.24606322324485,-0.02548145020539645,-0.0022906821506513044
180.9,43.24351507822431,-0.025710518420461567,-0.002203058947491073
181.0,43.240944026382266,-0.02593082431521066,-0.0020411694450458507
181.10000000000002,43.23835094395074,-0.026134941259715293,-0.001884937650482209
181.20000000000002,43.235737449824775,-0.026323435024763503,-0.0018353996258889049
181.3,43.2331051063223,-0.026506974987352383,-0.0017874797124616652
181.4,43.23045440882356,-0.02668572295859854,-0.0017013646594757968
181.5,43.2277858365277,-0.02685585942454611,-0.0016125994808154573
181.60000000000002,43.22510025058524,-0.027017119372627692,-0.0015888644380348956
181.70000000000002,43.22239853864798,-0.027176005816431172,-0.0015942138657654707
181.8,43.21968093806634,-0.02733542720300771,-0.0015317942889929962
181.9,43.21694739534604,-0.027488606631907,-0.001368356565847545
182.0,43.21419853468285,-0.027625442288491748,-0.001293870518334958
182.10000000000002,43.211435990454,-0.027754829340325273,-0.0012619818990528022
182.20000000000002,43.208660507519966,-0.027881027530230546,-0.0012982235275574685
182.3,43.20587240476694,-0.028010849882986286,-0.0013116537989057344
182.4,43.203071319778644,-0.02814201526287685,-0.0013182142598459957
182.5,43.20025711825236,-0.028273836688861444,-0.001281290138658596
182.60000000000002,43.19742973458347,-0.028401965702727332,-0.0011577562239200414
182.70000000000002,43.1945895380132,-0.02851774132511933,-0.0010783799370186256
182.8,43.19173776388069,-0.028625579318821186,-0.0010267444219536654
182.9,43.188875205948804,-0.028728253761016547,-0.001010496723874004
183.0,43.1860023805727,-0.028829303433403942,-0.0010266657438092349
183.10000000000002,43.18311945022936,-0.02893197000778489,-0.0010330099529898167
183.20000000000002,43.18022625322858,-0.029035271003083864,-0.0009956590286975622
183.3,43.177322726128274,-0.029134836905953615,-0.0009230629710652205
183.4,43.17440924243768,-0.029227143203060132,-0.0008346311444853416
183.5,43.17148652811738,-0.02931060631750866,-0.0007813578112866134
183.60000000000002,43.168555467485625,-0.02938874209863734,-0.0007160819390042487
183.70000000000002,43.16561659327576,-0.02946035029253776,-0.0006598138777533611
183.8,43.162670558246504,-0.029526331680313093,-0.0006417992136760146
183.9,43.159717925078475,-0.02959051160168069,-0.0006511963899866561
184.0,43.15675887391831,-0.029655631240679353,-0.0006733495376095295
184.10000000000002,43.153793310794235,-0.02972296619444032,-0.0006682301177237217
184.20000000000002,43.150821014174795,-0.02978978920621269,-0.0006672027886826836
184.3,43.14784203525417,-0.029856509485080954,-0.0006937205437306019
184.4,43.14485638430567,-0.02992588153945401,-0.0006993665320571533
184.5,43.14186379615172,-0.029995818192659722,-0.0007711156005175255
184.60000000000002,43.13886421433245,-0.030072929752711492,-0.0008236468299774782
184.70000000000002,43.13585692135718,-0.030155294435709235,-0.0008922524679322815
184.8,43.132841391913615,-0.03024451968250246,-0.0009058215801009852
184.9,43.129816939945364,-0.03033510184051255,-0.0009116540042491785
185.0,43.12678342976131,-0.030426267240937464,-0.0009165275993871719
185.10000000000002,43.123740803037215,-0.030517920000876202,-0.0008583178608089772
185.20000000000002,43.12068901103713,-0.030603751786957095,-0.0007689264625697446
185.3,43.11762863585843,-0.030680644433214065,-0.0005674837778449672
185.4,43.11456057141511,-0.03073739281099856,-0.0002920104165409803
185.5,43.11148683213401,-0.030766593852652655,-2.8363484142438436e-05
185.60000000000002,43.10841017274875,-0.0307694302010669,0.00017834458996464673
185.70000000000002,43.10533322972864,-0.030751595742070436,0.0004031288324863346
185.8,43.102258070154434,-0.030711282858821805,0.0006328653469806294
185.9,43.09918694186855,-0.030647996324123745,0.000846314476694809
186.0,43.09612214223614,-0.03056336487645427,0.001027744548914101
186.10000000000002,43.093065805748495,-0.030460590421562836,0.0012639611548726666
186.20000000000002,43.09001974670634,-0.030334194306075576,0.0015322802371819416
186.3,43.08698632727573,-0.03018096628235739,0.001832955268166389
186.4,43.08396823064749,-0.029997670755540762,0.0020395452400842388
186.5,43.08096846357194,-0.02979371623153235,0.00210500213595273
186.60000000000002,43.07798909194879,-0.02958321601793703,0.0021889638012134584
186.70000000000002,43.07503077034699,-0.029364319637815696,0.0021757159240470337
186.8,43.07209433838321,-0.029146748045411005,0.002197730658968937
186.9,43.06917966357867,-0.028926974979514124,0.0022609425098722956
187.0,43.06628696608072,-0.028700880728526907,0.0023244473583834955
187.10000000000002,43.063416878007864,-0.028468435992688505,0.002339182445005959
187.20000000000002,43.0605700344086,-0.028234517748187922,0.002353650099611646
187.3,43.057746582633776,-0.02799915273822677,0.0022994216186898995
187.4,43.05494666735996,-0.027769210576357794,0.002074924199424885
187.5,43.05216974630232,-0.027561718156415317,0.0018278452990239467
187.60000000000002,43.04941357448668,-0.02737893362651288,0.0016063341220203195
187.70000000000002,43.04667568112403,-0.027218300214310858,0.0014293137030645575
187.8,43.04395385110259,-0.02707536884400441,0.0012626115764058042
187.9,43.04124631421819,-0.026949107686363837,0.0010831688537371173
188.0,43.03855140344956,-0.02684079080099013,0.0009213932847050564
188.10000000000002,43.03586732436946,-0.026748651472519605,0.0007867262631857971
188.20000000000002,43.03319245922221,-0.02666997884620103,0.0007522103208173075
188.3,43.03052546133759,-0.026594757814119303,0.000757786477358019
188.4,43.027865985556176,-0.026518979166383506,0.000785267268043319
188.5,43.02521408763954,-0.02644045243957918,0.000835679917113083
188.60000000000002,43.02257004239558,-0.02635688444786785,0.0008734234387383782
188.70000000000002,43.019934353950795,-0.026269542103994018,0.0009560679551504277
188.8,43.017307399740396,-0.02617393530847898,0.0010522107466407861
188.9,43.01469000620955,-0.026068714233814908,0.0011134697894589424
189.0,43.01208313478617,-0.02595736725486902,0.0011508825856969085
189.10000000000002,43.00948739806068,-0.025842278996299303,0.0012237694432542386
189.20000000000002,43.006903170161046,-0.025719902051973886,0.001235429043991953
189.3,43.00433117995585,-0.025596359147574698,0.0011997943666380493
189.4,43.00177154404109,-0.0254763797109109,0.0011574945190496626
189.5,42.99922390607,-0.02536063025900594,0.0011486761561010734
189.60000000000002,42.9966878430441,-0.025245762643395807,0.0011855327343195784
189.70000000000002,42.99416326677976,-0.025127209369963856,0.0011795187059849045
189.8,42.99165054584277,-0.025009257499365372,0.0011699910909299782
189.9,42.98914962009283,-0.02489225839027238,0.0012885610410033996
190.0,42.9866603942538,-0.024763402286172048,0.0013781021333951124
190.10000000000002,42.984184054025185,-0.024625592072832506,0.0014618028462728414
190.20000000000002,42.9817214948179,-0.02447941178820523,0.0014805147579214648
190.3,42.97927355363908,-0.02433136031241309,0.0014987249554186141
190.4,42.97684041760784,-0.02418148781687124,0.0015245002851830593
190.5,42.97442226882615,-0.02402903778835294,0.0015510982502026037
190.60000000000002,42.972019365047316,-0.023873927963332646,0.0015590084558228716
190.70000000000002,42.96963197225098,-0.023718027117750368,0.0015433458066619655
190.8,42.96726016953921,-0.02356369253708418,0.0015607655598494903
190.9,42.9649038002855,-0.02340761598109924,0.0015841914749859171
191.0,42.96256303868739,-0.023249196833600657,0.001510018032307683
191.10000000000002,42.96023811900403,-0.023098195030369854,0.0013852955669251081
191.20000000000002,42.95792829950099,-0.02295966547367735,0.001257202441547272
191.3,42.95563233295363,-0.02283394522952263,0.001146610591393825
191.4,42.95334893843067,-0.022719284170383255,0.001025576136700196
191.5,42.951077010013634,-0.02261672655671324,0.0010155636466385504
191.60000000000002,42.94881533735796,-0.022515170192049364,0.0010357234621240115
191.70000000000002,42.94656382033876,-0.02241159784583697,0.001127832823063184
191.8,42.94432266055417,-0.022298814563530656,0.001280359480328317
191.9,42.94209277909782,-0.022170778615497832,0.0014081503749216915
192.0,42.939875701236275,-0.02202996357800567,0.0014858705604017899
192.10000000000002,42.93767270487847,-0.021881376521965458,0.0015144448082297743
192.20000000000002,42.935484567226275,-0.02172993204114249,0.001589373932112344
192.3,42.93331157402216,-0.021570994647931264,0.0017042685707588654
192.4,42.93115447455737,-0.021400567790855387,0.0018015223554760842
192.5,42.92901441777828,-0.02122041555530779,0.0017930168577616565
192.60000000000002,42.92689237622275,-0.021041113869531582,0.001690126252100631
192.70000000000002,42.9247882648358,-0.02087210124432153,0.0015105414139880867
192.8,42.92270105471137,-0.02072104710292273,0.0013790293048261079
192.9,42.920628950001074,-0.020583144172440126,0.0012834118924920403
193.0,42.918570635583826,-0.02045480298319093,0.0012003758759528184
193.10000000000002,42.91652515528551,-0.02033476539559562,0.0011212503246108992
193.20000000000002,42.91449167874595,-0.020222640363134536,0.0011333216228728799
193.3,42.91246941470963,-0.020109308200847255,0.001216535499566247
193.4,42.91045848388955,-0.019987654650890637,0.0013391046419545455
193.5,42.90845971842446,-0.01985374418669519,0.00147695784095241
193.60000000000002,42.906474344005794,-0.019706048402599916,0.0016866045941193925
193.70000000000002,42.904503739165534,-0.019537387943187986,0.0019953807782162073
193.8,42.902550000371214,-0.019337849865366376,0.0022921721647837286
193.9,42.90061621538468,-0.019108632648888017,0.00250315525137532
194.0,42.89870535211979,-0.0188583171237505,0.0027547880424087425
194.10000000000002,42.89681952040741,-0.018582838319509562,0.003016035893289406
194.20000000000002,42.89496123657546,-0.01828123473018064,0.003180066124351615
194.3,42.893133113102444,-0.017963228117745495,0.00330448653053065
194.4,42.89133679029067,-0.01763277946469245,0.0034442248716353096
194.5,42.8895735123442,-0.017288356977528938,0.0036066859390291224
194.60000000000002,42.887844676646445,-0.016927688383625943,0.0037469125712387467
194.70000000000002,42.886151907808085,-0.01655299712650209,0.003861616415266206
194.8,42.88449660809543,-0.01616683548497549,0.004045284860575656
194.9,42.88287992454694,-0.01576230699891795,0.004302411931435721
195.0,42.881303693847045,-0.015332065805774401,0.004566746991057829
195.10000000000002,42.87977048726647,-0.014875391106668514,0.004743038231858335
195.20000000000002,42.8782829481558,-0.014401087283482708,0.004934516553069884
195.3,42.876842839427454,-0.013907635628175747,0.0051479344638416845
195.4,42.87545207586464,-0.013392842181791608,0.005291255591402105
195.5,42.87411279164645,-0.012863716622651428,0.005397097584392088
195.60000000000002,42.87282641998419,-0.012324006864212096,0.005531399169475384
195.70000000000002,42.87159401929777,-0.01177086694726459,0.005636420335552371
195.8,42.87041693260304,-0.011207224913709384,0.005742011937787235
195.9,42.86929621011167,-0.010633023719930693,0.00587433647504377
196.0,42.86823290773968,-0.01004559007242635,0.006015400421627989
196.10000000000002,42.86722834873244,-0.009444050030263414,0.006124762948230088
196.20000000000002,42.866283943729414,-0.00883157373544044,0.006150672005428798
196.3,42.86540078635586,-0.008216506534897595,0.0061076866268534
196.4,42.86457913570238,-0.00760573787221229,0.0060462444574944894
196.5,42.86381856191515,-0.007001113426462875,0.005992783107058663
196.60000000000002,42.86311845057251,-0.006401835115756873,0.005978702346691527
196.70000000000002,42.862478267060936,-0.005803964881087754,0.006002754358191058
196.8,42.861897870572825,-0.005203689445268682,0.0060118122261276635
196.9,42.8613775016283,-0.00460250822265595,0.0059965138654187134
197.0,42.86091725080603,-0.004002856836114113,0.005990267572306383
197.10000000000002,42.86051696512242,-0.0034038300788833383,0.005900428809958982
197.20000000000002,42.86017658211453,-0.0028137871978874737,0.005831979960995265
197.3,42.85989520339474,-0.0022305892017879803,0.00576192066302313
197.4,42.859672144474565,-0.0016543971354857,0.005727477899526521
197.5,42.85950670476102,-0.0010816493455330805,0.0057138668249174735
197.60000000000002,42.859398539826465,-0.0005102626630412033,0.005743917680186167
197.70000000000002,42.85934751356016,6.412910497738083e-05,0.005880539747540264
197.8,42.859353926470654,0.0006521830797313738,0.006049345812767752
197.9,42.85941914477863,0.0012571176610081147,0.006249683339898627
198.0,42.85954485654473,0.0018820859949979418,0.006415113016982511
198.10000000000002,42.85973306514423,0.0025235972966963388,0.0064474781413207645
198.20000000000002,42.8599854248739,0.0031683451108283785,0.00642921764778392
198.3,42.86030225938498,0.003811266875606734,0.0064423140061902326
198.4,42.860683386072544,0.004455498276225721,0.006420836293642985
198.5,42.86112893590017,0.005097581905589983,0.006366117109617865
198.60000000000002,42.86163869409072,0.005734193616551914,0.006356937784704984
198.70000000000002,42.86221211345238,0.006369887395022376,0.006373735346098797
198.8,42.86284910219188,0.00700726092963222,0.006442682832540115
198.9,42.863549828284846,0.007651529212886195,0.006468149856762475
199.0,42.864314981206135,0.008298344198562405,0.0064579319600475684
199.10000000000002,42.86514481562599,0.008944137394567309,0.006367769291670576
199.20000000000002,42.86603922936545,0.00958091432373433,0.00621452552136344
199.3,42.86699732079782,0.010202366875870639,0.006075831928046003
199.4,42.86801755748541,0.010809950068675205,0.005875559391274932
199.5,42.869098552492275,0.011397506007802665,0.00569799690566484
199.60000000000002,42.87023830309305,0.011967305698369278,0.00552310026189322
199.70000000000002,42.87143503366289,0.012519615724558569,0.005344090783814702
199.8,42.87268699523535,0.013054024802940009,0.00522590452519312
199.9,42.87399239771564,0.013576615255459291,0.00522590452519312
200.0,42.875350059241185,nan,nan
