Time(s),Drum_Angle(deg),Drum_Velocity(deg/s),Drum_Acceleration(deg/s^2)
0.0,45.0,0.0,-0.005561901349611653
0.1,45.0,-0.0005561901349611653,-0.00547484397846687
0.2,44.999944380986506,-0.0011036745328078523,-0.0053588585108509095
0.30000000000000004,44.999834013533224,-0.0016395603838929435,-0.005207577656370852
0.4,44.99967005749483,-0.0021603181495300286,-0.005023728736033226
0.5,44.99945402567988,-0.002662691023133351,-0.0048261646520122254
0.6000000000000001,44.99918775657757,-0.003145307488334574,-0.004583884074106579
0.7000000000000001,44.99887322582873,-0.003603695895745232,-0.004340158853380697
0.8,44.99851285623916,-0.004037711781083302,-0.004135215431773851
0.9,44.99810908506105,-0.004451233324260687,-0.0039406826682072274
1.0,44.99766396172863,-0.004845301591081409,-0.0037654031253325747
1.1,44.99717943156951,-0.005221841903614667,-0.003561814102702451
1.2000000000000002,44.996657247379154,-0.0055780233138849125,-0.0032535019380588353
1.3,44.99609944504777,-0.005903373507690796,-0.003010870138301089
1.4000000000000001,44.995509107696996,-0.006204460521520905,-0.0027652807238762213
1.5,44.99488866164484,-0.0064809885939085266,-0.002495989267188856
1.6,44.99424056278546,-0.006730587520627412,-0.002266835250469832
1.7000000000000002,44.99356750403339,-0.006957271045674396,-0.0021238669669022855
1.8,44.99287177692882,-0.007169657742364624,-0.0021282849747481635
1.9000000000000001,44.99215481115459,-0.007382486239839441,-0.0021614943788985197
2.0,44.9914165625306,-0.007598635677729292,-0.002240547840039913
2.1,44.99065669896283,-0.007822690461733284,-0.0023258748147602488
2.2,44.98987442991666,-0.008055277943209309,-0.002414212886739026
2.3000000000000003,44.989068902122334,-0.008296699231883212,-0.002436278363032484
2.4000000000000004,44.98823923219915,-0.00854032706818646,-0.0025030023203803397
2.5,44.98738519949233,-0.008790627300224493,-0.002650782372191835
2.6,44.98650613676231,-0.009055705537443677,-0.002856979597407082
2.7,44.98560056620856,-0.009341403497184386,-0.0030413011170882217
2.8000000000000003,44.98466642585885,-0.009645533608893208,-0.0032070267536292757
2.9000000000000004,44.98370187249795,-0.009966236284256136,-0.0032753442946570808
3.0,44.98270524886953,-0.010293770713721843,-0.0033300441968039563
3.1,44.98167587179816,-0.010626775133402239,-0.0034571110449026538
3.2,44.98061319428482,-0.010972486237892504,-0.0035698643625448373
3.3000000000000003,44.97951594566103,-0.011329472674146988,-0.003696334284461717
3.4000000000000004,44.97838299839361,-0.01169910610259316,-0.003790762234132917
3.5,44.977213087783355,-0.01207818232600645,-0.003854604659412373
3.6,44.976005269550754,-0.012463642791947688,-0.003890866110247169
3.7,44.97475890527156,-0.012852729402972406,-0.0038882584360920534
3.8000000000000003,44.97347363233126,-0.013241555246581611,-0.0038010202235499273
3.9000000000000004,44.97214947680661,-0.013621657268936604,-0.003634751957956573
4.0,44.97078731107971,-0.01398513246473226,-0.003515761557585493
4.1000000000000005,44.96938879783324,-0.014336708620490812,-0.0034381346901128425
4.2,44.96795512697119,-0.014680522089502095,-0.0033797571102190654
4.3,44.966487074762234,-0.015018497800524,-0.003350977673672161
4.4,44.964985224982186,-0.015353595567891218,-0.003312965009100039
4.5,44.963449865425396,-0.01568489206880122,-0.0032628083978949486
4.6000000000000005,44.961881376218514,-0.016011172908590717,-0.0031099367658328253
4.7,44.960280258927654,-0.016322166585174,-0.0028737649283824677
4.800000000000001,44.95864804226914,-0.016609543078012247,-0.0026795239705210234
4.9,44.95698708796134,-0.01687749547506435,-0.002440132040619639
5.0,44.95529933841383,-0.01712150867912631,-0.002194925477839229
5.1000000000000005,44.95358718754592,-0.017341001226910235,-0.0020014041930324702
5.2,44.95185308742323,-0.01754114164621348,-0.001864789847828206
5.300000000000001,44.950098973258605,-0.017727620630996303,-0.0016705366229215607
5.4,44.94832621119551,-0.01789467429328846,-0.0014452028502958247
5.5,44.94653674376618,-0.01803919457831804,-0.0012221722616324805
5.6000000000000005,44.944732824308346,-0.01816141180448129,-0.0010026707682282386
5.7,44.9429166831279,-0.018261678881304113,-0.0007781041312379972
5.800000000000001,44.941090515239765,-0.018339489294427913,-0.0005434273087151517
5.9,44.93925656631033,-0.018393832025299428,-0.000293710284282948
6.0,44.9374171831078,-0.018423203053727723,-1.1042188935196591e-05
6.1000000000000005,44.93557486280242,-0.018424307272621242,0.00024687408435194406
6.2,44.93373243207516,-0.018399619864186048,0.0005204727106905532
6.300000000000001,44.93189247008874,-0.018347572593116993,0.0007546003356755814
6.4,44.93005771282943,-0.018272112559549435,0.0009771433396758879
6.5,44.92823050157347,-0.018174398225581846,0.0011266277584737134
6.6000000000000005,44.926413061750914,-0.018061735449734474,0.0011969620022801069
6.7,44.92460688820594,-0.017942039249506464,0.001319951243220617
6.800000000000001,44.92281268428099,-0.0178100441251844,0.0014561500629753765
6.9,44.92103167986848,-0.017664429118886864,0.0015359826402909906
7.0,44.91926523695658,-0.017510830854857766,0.00161807243407734
7.1000000000000005,44.9175141538711,-0.01734902361145003,0.001708677132722907
7.2,44.91577925150995,-0.01717815589817774,0.0018311300384480755
7.300000000000001,44.91406143592014,-0.016995042894332932,0.0019240376712617996
7.4,44.912361931630706,-0.016802639127206753,0.0019654750817034855
7.5,44.91068166771798,-0.016606091619036405,0.0020116608536230557
7.6000000000000005,44.90902105855608,-0.0164049255336741,0.0020236911279445245
7.7,44.907380566002715,-0.016202556420879647,0.0020423007339113552
7.800000000000001,44.90576031036063,-0.01599832634748851,0.0019300572412148179
7.9,44.904160477725874,-0.01580532062336703,0.001828571778742349
8.0,44.90257994566354,-0.015622463445492795,0.0017565189606781322
8.1,44.90101769931899,-0.015446811549424982,0.0017345404789957416
8.200000000000001,44.899473018164045,-0.015273357501525406,0.0017362095656294858
8.3,44.89794568241389,-0.015099736544962458,0.0018006490414456777
8.4,44.8964357087594,-0.01491967164081789,0.001923328358316042
8.5,44.89494374159531,-0.014727338804986287,0.0021386204452549388
8.6,44.893471007714815,-0.014513476760460794,0.0023464836783222884
8.700000000000001,44.89201966003877,-0.014278828392628562,0.0025359988838776376
8.8,44.89059177719951,-0.014025228504240799,0.002745602652956823
8.9,44.889189254349084,-0.013750668238945118,0.0029253789890131797
9.0,44.88781418752519,-0.0134581303400438,0.0031523566551414197
9.1,44.88646837449119,-0.01314289467452966,0.0034198270909056028
9.200000000000001,44.885154085023736,-0.012800911965439095,0.0036418597805050077
9.3,44.88387399382719,-0.012436725987388595,0.0037331505518656406
9.4,44.88263032122845,-0.012063410932202033,0.003812757608673205
9.5,44.88142398013523,-0.011682135171334714,0.003910936358324318
9.600000000000001,44.8802557666181,-0.011291041535502276,0.004007067574544831
9.700000000000001,44.87912666246454,-0.010890334778047794,0.0041332185708313285
9.8,44.87803762898674,-0.010477012920964663,0.004310328527815028
9.9,44.876989927694645,-0.010045980068183162,0.004521549787600033
10.0,44.87598532968783,-0.00959382508942316,0.004784460899769779
10.100000000000001,44.875025947178884,-0.009115378999446175,0.005013068250743214
10.200000000000001,44.87411440927894,-0.008614072174371856,0.005210559445896942
10.3,44.8732530020615,-0.008093016229782164,0.005315234275787407
10.4,44.872443700438524,-0.007561492802203425,0.005393597256657426
10.5,44.8716875511583,-0.007022133076537684,0.0054057645606580855
10.600000000000001,44.87098533785065,-0.006481556620471868,0.005343618110095294
10.700000000000001,44.8703371821886,-0.00594719480946234,0.005215869172359341
10.8,44.869742462707656,-0.005425607892226408,0.005087941140523977
10.9,44.869199901918435,-0.004916813778174012,0.005098046383116944
11.0,44.86870822054062,-0.00440700913986232,0.005138838100185377
11.100000000000001,44.86826751962663,-0.0038931253298437746,0.00522835705642771
11.200000000000001,44.867878207093646,-0.0033702896242010054,0.005398457558045881
11.3,44.867541178131226,-0.002830443868396419,0.005564720596641564
11.4,44.867258133744386,-0.002273971808732265,0.0057575347717508454
11.5,44.867030736563514,-0.0016982183315571824,0.005903490776571227
11.600000000000001,44.86686091473036,-0.0011078692539000512,0.00601684601393248
11.700000000000001,44.86675012780497,-0.0005061846525068053,0.00614466843283932
11.8,44.86669950933972,0.00010828219077712448,0.006275593414385843
11.9,44.86671033755879,0.0007358415322157065,0.006440726755600467
12.0,44.86678392171201,0.001379914207775751,0.006565465935745942
12.100000000000001,44.86692191313279,0.0020364608013503545,0.006689067238905648
12.200000000000001,44.86712555921293,0.002705367525240917,0.006842201294170205
12.3,44.867396095965454,0.003389587654657935,0.007022220371528482
12.4,44.867735054730915,0.004091809691810781,0.007239640583838252
12.5,44.8681442357001,0.004815773750194603,0.007359876259625131
12.600000000000001,44.86862581307512,0.005551761376157127,0.007388504767752409
12.700000000000001,44.86918098921274,0.006290611852932365,0.007406812008074219
12.8,44.86981005039803,0.007031293053739784,0.007437805235432559
12.9,44.8705131797034,0.007775073577283038,0.007490524941547546
13.0,44.87129068706113,0.00852412607143779,0.007440736766794584
13.100000000000001,44.87214309966827,0.009268199748117259,0.007354443672058101
13.200000000000001,44.873069919643086,0.010003644115323066,0.007226306445515555
13.3,44.87407028405462,0.010726274759874619,0.007116021598621247
13.4,44.8751429115306,0.011437876919736741,0.007045141021910167
13.5,44.87628669922258,0.012142391021927755,0.006935237310892276
13.600000000000001,44.87750093832477,0.012835914753016993,0.006734005639950087
13.700000000000001,44.87878452980007,0.013509315317012,0.00653285500166702
13.8,44.880135461331776,0.014162600817178699,0.006337411111384949
13.9,44.881551721413494,0.014796341928317192,0.006159356891149753
14.0,44.88303135560633,0.015412277617432165,0.005932278045413834
14.100000000000001,44.88457258336807,0.016005505421973557,0.0057337434229940065
14.200000000000001,44.88617313391026,0.016578879764272955,0.005533624150804841
14.3,44.88783102188669,0.017132242179353437,0.005263681404396507
14.4,44.88954424610463,0.017658610319793086,0.005010250981660071
14.5,44.891310107136604,0.01815963541795909,0.0047016062817539115
14.600000000000001,44.893126070678406,0.01862979604613449,0.004431021782656164
14.700000000000001,44.894989050283016,0.019072898224400104,0.004096031510935989
14.8,44.89689634010546,0.0194825013754937,0.0037399185486855983
14.9,44.89884459024301,0.01985649323036226,0.003347663837203659
15.0,44.90083023956604,0.020191259614082625,0.003077450801986887
15.100000000000001,44.90284936552745,0.020499004694281318,0.0028430715089688727
15.200000000000001,44.904899265996875,0.020783311845178204,0.0027209581734060585
15.3,44.906977597181395,0.02105540766251881,0.0025959810903204796
15.4,44.90908313794765,0.021315005771550856,0.002481377581242958
15.5,44.911214638524804,0.02156314352967515,0.0023758098149268348
15.600000000000001,44.91337095287777,0.021800724511167838,0.00223914964244746
15.700000000000001,44.91555102532889,0.022024639475412583,0.0021149398345974156
15.8,44.91775348927643,0.022236133458872324,0.0020382167301934225
15.9,44.91997710262232,0.022439955131891665,0.0019446058488331308
16.0,44.9222210981355,0.022634415716774978,0.0018325453568383571
16.1,44.92448453970718,0.022817670252458816,0.0017650106839020951
16.2,44.926766306732425,0.02299417132084902,0.0016980715799945932
16.3,44.92906572386451,0.023163978478848483,0.0016249978501144242
16.400000000000002,44.931382121712396,0.023326478263859928,0.0015401519080508721
16.5,44.93371476953878,0.023480493454665012,0.0014736985071304093
16.6,44.93606281888425,0.023627863305378055,0.0013599629446766084
16.7,44.93842560521479,0.023763859599845713,0.0012319676945024385
16.8,44.94080199117477,0.02388705636929596,0.001134099707529678
16.900000000000002,44.943190696811705,0.024000466340048928,0.0010621271874731528
17.0,44.945590743445706,0.02410667905879624,0.0010388669231359135
17.1,44.948001411351584,0.024210565751109834,0.0010060524938544514
17.2,44.9504224679267,0.024311171000495277,0.0009409606102804424
17.3,44.952853585026745,0.024405267061523322,0.0008447267478664066
17.400000000000002,44.9552941117329,0.024489739736309964,0.0007286452029504012
17.5,44.95774308570653,0.024562604256605003,0.0006551875905616473
17.6,44.96019934613219,0.02462812301566117,0.0006195808539906499
17.7,44.96266215843376,0.024690081101060232,0.0005325432631659362
17.8,44.96513116654386,0.024743335427376827,0.00044973679897197165
17.900000000000002,44.9676055000866,0.024788309107274024,0.0003192389940525202
18.0,44.97008433099733,0.024820233006679276,0.0001992747520175905
18.1,44.972566354297996,0.024840160481881035,8.587888114732117e-05
18.2,44.97505037034618,0.024848748369995767,-1.963100565233855e-05
18.3,44.977535245183184,0.024846785269430533,-0.0001318438494010333
18.400000000000002,44.980019923710124,0.02483360088449043,-0.00022616508195294965
18.5,44.98250328379858,0.024810984376295135,-0.00025612358643702424
18.6,44.984984382236206,0.024785372017651432,-0.00022223102164990518
18.7,44.987462919437974,0.024763148915486442,-0.00016258524312823727
18.8,44.98993923432952,0.02474689039117362,-0.0001045236174708113
18.900000000000002,44.99241392336864,0.024736438029426537,3.754895258927745e-05
19.0,44.99488756717158,0.024740192924685465,0.0002647137111575247
19.1,44.997361586464045,0.024766664295801218,0.0005476597915554582
19.200000000000003,44.999838252893625,0.024821430274956764,0.0008739147047488924
19.3,45.002320395921124,0.02490882174543165,0.0011646269559061244
19.400000000000002,45.004811278095666,0.025025284441022266,0.001472754622222173
19.5,45.00731380653977,0.02517255990324448,0.0017737813664580214
19.6,45.0098310625301,0.025349938039890284,0.0020535843444885863
19.700000000000003,45.01236605633408,0.025555296474339146,0.0023120681275326316
19.8,45.01492158598152,0.025786503287092404,0.0025780102636339935
19.900000000000002,45.01750023631023,0.026044304313455807,0.0029113455248994387
20.0,45.020104666741574,0.026335438865945745,0.003286702450984955
20.1,45.02273821062817,0.026664109111044245,0.003581560779424444
20.200000000000003,45.02540462153927,0.027022265188986695,0.0038285218158080666
20.3,45.02810684805817,0.027405117370567493,0.004008479419841336
20.400000000000002,45.030847359795224,0.027805965312551632,0.004087007002458124
20.5,45.033627956326484,0.028214666012797436,0.0041568658189274875
20.6,45.03644942292776,0.02863035259469019,0.00420891711352984
20.700000000000003,45.03931245818723,0.02905124430604318,0.004142533635412093
20.8,45.04221758261784,0.02946549766958438,0.004053354147890964
20.900000000000002,45.04516413238479,0.029870833084373483,0.003921152640850904
21.0,45.04815121569323,0.030262948348458565,0.0036780868567974803
21.1,45.05117751052808,0.03063075703413832,0.0034123996696302575
21.200000000000003,45.05424058623149,0.03097199700110135,0.00311570127576814
21.3,45.0573377859316,0.03128356712867816,0.002814009761886895
21.400000000000002,45.060466142644465,0.03156496810486685,0.0025554305076853764
21.5,45.063622639454955,0.03182051115563538,0.0023158774381957046
21.6,45.06680469057052,0.032052098899454956,0.0020355277210328386
21.700000000000003,45.07000990046046,0.03225565167155824,0.0017450528908747832
21.8,45.07323546562762,0.03243015696064572,0.001470146526034631
21.900000000000002,45.07647848132368,0.03257717161324918,0.001146902672249952
22.0,45.07973619848501,0.032691861880474175,0.0007813073264109516
22.1,45.08300538467306,0.03276999261311527,0.00040818453502739746
22.200000000000003,45.08628238393437,0.03281081106661801,6.07394794847906e-05
22.3,45.08956346504103,0.03281688501456649,-0.00025737901976400826
22.400000000000002,45.092845153542484,0.03279114711259009,-0.0005155228684081246
22.5,45.096124268253746,0.03273959482574928,-0.0006602334638523044
22.6,45.09939822773632,0.03267357147936405,-0.0008655375192313674
22.700000000000003,45.10266558488426,0.03258701772744091,-0.0011020726242616753
22.8,45.105924286657,0.032476810465014744,-0.0013031408507586755
22.900000000000002,45.1091719677035,0.032346496379938874,-0.0014221222920799163
23.0,45.1124066173415,0.032204284150730886,-0.0015733559174486071
23.1,45.11562704575657,0.03204694855898602,-0.0017231096349687896
23.200000000000003,45.118831740612464,0.03187463759548914,-0.0018764154879300343
23.3,45.122019204372016,0.03168699604669614,-0.0020155590649137125
23.400000000000002,45.12518790397669,0.03148544014020477,-0.002131800724030745
23.5,45.128336447990705,0.0312722600678017,-0.002206440451751928
23.6,45.13146367399749,0.031051616022626502,-0.0022470020625435542
23.700000000000003,45.13456883559975,0.030826915816372143,-0.0021862700835474417
23.8,45.13765152718138,0.030608288808017404,-0.002151002710316344
23.900000000000002,45.14071235606219,0.030393188536985766,-0.0021278626600842424
24.0,45.14375167491589,0.030180402270977347,-0.002061449965609542
24.1,45.14676971514299,0.02997425727441639,-0.0019965457547456845
24.200000000000003,45.14976714087042,0.02977460269894182,-0.0019221244801285724
24.3,45.15274460114032,0.029582390250928965,-0.0018830147856453091
24.400000000000002,45.15570284016541,0.02939408877236443,-0.001865926702823364
24.5,45.15864224904265,0.0292074961020821,-0.0019082224909732707
24.6,45.161562998652855,0.02901667385298477,-0.0019221799934616706
24.700000000000003,45.16446466603816,0.0288244558536386,-0.0018734390475471565
24.8,45.16734711162352,0.028637111948883888,-0.0018147095935606378
24.900000000000002,45.17021082281841,0.02845564098952782,-0.0017712608141116598
25.0,45.17305638691736,0.02827851490811666,-0.0017291208622255171
25.1,45.17588423840817,0.028105602821894105,-0.0017448032963060275
25.200000000000003,45.178694798690366,0.0279311224922635,-0.0016422922683332483
25.3,45.18148791093959,0.02776689326543018,-0.0014195547429429543
25.400000000000002,45.18426460026613,0.02762493779113588,-0.001109915896488646
25.5,45.18702709404525,0.02751394620148702,-0.0007488692664666429
25.6,45.1897784886654,0.027439059274840354,-0.00045180044686530445
25.700000000000003,45.19252239459288,0.027393879230153823,-0.00021445058444272594
25.8,45.19526178251589,0.02737243417170955,5.1606466989171474e-05
25.900000000000002,45.197999025933065,0.027377594818408468,0.0002507811850305642
26.0,45.200736785414904,0.027402672936911524,0.0003720737775731192
26.1,45.2034770527086,0.027439880314668836,0.0005314276060479621
26.200000000000003,45.20622104074006,0.027493023075273633,0.0007549622292139951
26.3,45.20897034304759,0.02756851929819503,0.001022901476943567
26.400000000000002,45.21172719497741,0.02767080944588939,0.0013202268944899624
26.5,45.214494275922,0.027802832135338382,0.0016274141103899663
26.6,45.21727455913553,0.02796557354637738,0.001973997358218772
26.700000000000003,45.22007111649017,0.02816297328219926,0.0022607035558444006
26.8,45.22288741381839,0.028389043637783697,0.0024133668931532533
26.900000000000002,45.22572631818217,0.028630380327099025,0.002593198334839723
27.0,45.228589356214876,0.028889700160582992,0.002818631846085712
27.1,45.231478326230935,0.029171563345191567,0.0030115363006009547
27.200000000000003,45.23439548256545,0.029472716975251667,0.0032669231231193673
27.3,45.23734275426298,0.029799409287563597,0.0035340423647332708
27.400000000000002,45.240322695191736,0.03015281352403693,0.003791269185079588
27.5,45.24333797654414,0.03053194044254488,0.004039653888707728
27.6,45.246391170588396,0.030935905831415658,0.004305649847395143
27.700000000000003,45.24948476117154,0.03136647081615518,0.004563013353629131
27.8,45.252621408253155,0.03182277215151808,0.004839328612908853
27.900000000000002,45.25580368546831,0.032306705012808974,0.005075744536960536
28.0,45.25903435596958,0.03281427946650502,0.00525995543266162
28.1,45.262315783916236,0.033340275009771186,0.005390103524381122
28.200000000000003,45.26564981141721,0.033879285362209306,0.005476963886378908
28.3,45.26903773995343,0.034426981750847185,0.005519090074100888
28.400000000000002,45.27248043812852,0.03497889075825728,0.005492782102943078
28.5,45.27597832720434,0.03552816896855158,0.005468778234384011
28.6,45.2795311441012,0.03607504679198999,0.005395593933192673
28.700000000000003,45.2831386487804,0.03661460618530926,0.005291965985055646
28.8,45.28680010939893,0.037143802783814815,0.00510124954987284
28.900000000000002,45.290514489677314,0.037653927738802107,0.0049337321689844555
29.0,45.29427988245119,0.03814730095570054,0.00486330284639562
29.1,45.29809461254676,0.03863363124034011,0.004812539529508859
29.200000000000003,45.301957975670796,0.039114885193291,0.004735262014010606
29.3,45.305869464190124,0.039588411394692054,0.004558549683826717
29.400000000000002,45.309828305329596,0.04004426636307473,0.004240565126267894
29.5,45.3138327319659,0.04046832287570151,0.003931238727987535
29.6,45.317879564253474,0.04086144674850027,0.00370512741566362
29.700000000000003,45.321965708928325,0.04123195949006664,0.0035026043534273268
29.8,45.32608890487733,0.041582219925409364,0.0033205551469651456
29.900000000000002,45.33024712686987,0.04191427544010588,0.0031646170278940688
30.0,45.33443855441388,0.04223073714289528,0.003048249606594734
30.1,45.33866162812817,0.04253556210355476,0.0029088249915335267
30.200000000000003,45.34291518433852,0.04282644460270812,0.002714280243166211
30.3,45.3471978287988,0.04309787262702473,0.0025928160154726674
30.400000000000002,45.3515076160615,0.043357154228572004,0.002485766936744985
30.5,45.35584333148436,0.0436057309222465,0.002448722794867013
30.6,45.36020390457658,0.0438506032017332,0.0024630839862868274
30.700000000000003,45.364588964896754,0.04409691160036189,0.0025325653873051034
30.8,45.36899865605679,0.04435016813909239,0.0025696234391090946
30.900000000000002,45.373433672870696,0.044607130483003306,0.00258121377273697
31.0,45.377894385919,0.044865251860277,0.002519312028035173
31.1,45.382380911105024,0.04511718306308052,0.0024795118918472313
31.200000000000003,45.386892629411335,0.045365134252265245,0.0024462147313499515
31.3,45.391429142836564,0.045609755725400235,0.002464210616777047
31.400000000000002,45.3959901184091,0.04585617678707794,0.0024688490787528297
31.5,45.40057573608781,0.04610306169495322,0.002545946252529399
31.6,45.405186042257306,0.046357656320206164,0.00261618018809955
31.700000000000003,45.40982180788932,0.04661927433901612,0.0026935636651154744
31.8,45.41448373532322,0.046888630705527665,0.002748426068859447
31.900000000000002,45.41917259839378,0.04716347331241361,0.0028366791280547052
32.0,45.42388894572502,0.04744714122521908,0.0029760197311258776
32.1,45.42863365984754,0.04774474319833167,0.003132101420367264
32.2,45.43340813416738,0.0480579533403684,0.0032291294128215338
32.300000000000004,45.438213929501416,0.04838086628165056,0.0033760248648103375
32.4,45.44305201612958,0.04871846876813157,0.003562004045725866
32.5,45.44792386300639,0.049074669172704165,0.0038032891255943848
32.6,45.45283132992366,0.04945499808526361,0.004006247917693688
32.7,45.45777682973219,0.04985562287703298,0.004137681723067204
32.800000000000004,45.46276239201989,0.05026939104933971,0.004254536656125885
32.9,45.46778933112483,0.050694844714952274,0.0043167051313622385
33.0,45.47285881559632,0.051126515228088504,0.00436729529864386
33.1,45.477971467119126,0.051563244757952896,0.0044248861643711515
33.2,45.483127791594924,0.05200573337439002,0.00452599606420683
33.300000000000004,45.488328364932364,0.05245833298081071,0.004654096822479859
33.4,45.49357419823045,0.052923742663058666,0.0048146965452033905
33.5,45.49886657249675,0.05340521231757901,0.004823059887853893
33.6,45.50420709372851,0.05388751830636441,0.0047180219737204985
33.7,45.50959584555915,0.054359320503736465,0.004545563000410291
33.800000000000004,45.51503177760952,0.0548138768037775,0.00440066939544595
33.9,45.5205131652899,0.05525394374332207,0.004158701081842322
34.0,45.52603855966423,0.05566981385150631,0.003879823867963345
34.1,45.53160554104938,0.05605779623830265,0.0036362670323700397
34.2,45.53721132067321,0.05642142294153966,0.0033944758409034733
34.300000000000004,45.542853462967365,0.05676087052563001,0.003179674167502034
34.4,45.54852955001993,0.057078837942380195,0.002972212892166814
34.5,45.554237433814166,0.05737605923159688,0.0027546346523510705
34.6,45.559975039737324,0.05765152269683199,0.00247553570778599
34.7,45.565740192007006,0.057899076267610594,0.0021882878945008975
34.800000000000004,45.57153009963377,0.05811790505706069,0.0019056307312062233
34.9,45.57734189013947,0.0583084681301813,0.0016164428690919794
35.0,45.58317273695249,0.0584701124170905,0.0013700494821318964
35.1,45.589019748194204,0.05860711736530369,0.0010794697018009904
35.2,45.594880459930735,0.05871506433548379,0.000761708516345608
35.300000000000004,45.60075196636428,0.05879123518711835,0.00046497078708777765
35.4,45.60663108988299,0.05883773226582713,0.000225053509951761
35.5,45.612514863109574,0.058860237616822304,3.627007369354178e-05
35.6,45.61840088687126,0.05886386462419166,-5.786573443161609e-05
35.7,45.62428727333368,0.0588580780507485,-9.54561854016309e-05
35.800000000000004,45.63017308113875,0.058848532432208334,-0.00013988066172838337
35.9,45.636057934381974,0.058834544366035496,-0.0002720374937838183
36.0,45.64194138881857,0.058807340616657114,-0.00033582684033673727
36.1,45.64782212288024,0.05877375793262344,-0.0003769714882547544
36.2,45.653699498673504,0.058736060783797964,-0.00044020697419800623
36.300000000000004,45.659573104751885,0.05869204008637816,-0.0004943943045560981
36.4,45.66544230876052,0.058642600655922555,-0.0005438143271223945
36.5,45.67130656882611,0.058588219223210315,-0.00067980782301343
36.6,45.677165390748435,0.05852023844090897,-0.0008140373277441016
36.7,45.68301741459253,0.05843883470813456,-0.0009627685853612208
36.800000000000004,45.68886129806334,0.058342557849598436,-0.0011110316307288224
36.9,45.6946955538483,0.05823145468652556,-0.0011619543276140789
37.0,45.70051869931695,0.05811525925376415,-0.0011746588270282992
37.1,45.706330225242326,0.05799779337106132,-0.001214577553890813
37.2,45.712130004579436,0.057876335615672236,-0.001246264736257992
37.300000000000004,45.717917638141,0.057751709142046435,-0.0012850092093429114
37.4,45.72369280905521,0.05762320822111215,-0.0013557521408978453
37.5,45.729455129877316,0.057487633007022365,-0.0014345254463605868
37.6,45.73520389317802,0.057344180462386304,-0.0015394801734770539
37.7,45.740938311224255,0.0571902324450386,-0.001562632659741331
37.800000000000004,45.746657334468765,0.05703396917906446,-0.0015794680698556977
37.9,45.752360731386666,0.0568760223720789,-0.001588378697811912
38.0,45.758048333623876,0.05671718450229771,-0.0016067995118262729
38.1,45.763720052074106,0.05655650455111508,-0.001624102690733533
38.2,45.76937570252922,0.05639409428204172,-0.0015742979112984056
38.300000000000004,45.77501511195742,0.05623666449091188,-0.0014993642822738527
38.400000000000006,45.78063877840651,0.05608672806268449,-0.0014314539905423954
38.5,45.78624745121278,0.05594358266363026,-0.001407856420767969
38.6,45.791841809479145,0.05580279702155346,-0.0014260422873642118
38.7,45.797422089181296,0.05566019279281704,-0.0013641718281163174
38.800000000000004,45.80298810846058,0.055523775610005405,-0.0012616626653720417
38.900000000000006,45.808540486021585,0.0553976093434682,-0.0010751090086147997
39.0,45.814080246955925,0.055290098442606725,-0.0008561826450408667
39.1,45.81960925680019,0.05520448017810264,-0.0006852980145610657
39.2,45.825129704817996,0.05513595037664653,-0.0005759039288635084
39.300000000000004,45.830643299855666,0.05507835998376018,-0.0005183208889333805
39.400000000000006,45.83615113585404,0.05502652789486684,-0.00046952823746743036
39.5,45.84165378864353,0.0549795750711201,-0.0003676622047967624
39.6,45.84715174615064,0.05494280885064042,-0.00027577617367414596
39.7,45.8526460270357,0.05491523123327301,-0.000216923338001784
39.800000000000004,45.85813755015903,0.05489353889947283,-0.0002189566566955483
39.900000000000006,45.86362690404898,0.05487164323380327,-0.0002911090123303316
40.0,45.869114068372355,0.05484253233257024,-0.000378670432287573
40.1,45.87459832160562,0.054804665289341484,-0.00048564014011132783
40.2,45.88007878813455,0.05475610127533035,-0.0005802747337129489
40.300000000000004,45.88555439826208,0.054698073801959055,-0.0006330122747961929
40.400000000000006,45.891024205642275,0.054634772574479434,-0.0006173722681192613
40.5,45.896487682899725,0.05457303534766751,-0.0005283020541299513
40.6,45.90194498643449,0.054520205142254516,-0.00044636340348187174
40.7,45.90739700694872,0.05447556880190633,-0.00034472290331307787
40.800000000000004,45.912844563828905,0.05444109651157502,-0.0003156062588862512
40.900000000000006,45.91828867348006,0.054409535885686394,-0.00024374991777766084
41.0,45.92372962706863,0.05438516089390863,-0.00022444186544685565
41.1,45.92916814315802,0.054362716707363944,-0.0001988507455779442
41.2,45.93460441482876,0.05434283163280615,-0.0002178732271903402
41.300000000000004,45.940038697992044,0.054321044310087115,-0.0002538109946818126
41.400000000000006,45.94547080242305,0.05429566321061893,-0.0003219554829271737
41.5,45.950900368744115,0.05426346766232622,-0.00038437944974752954
41.6,45.95632671551034,0.054225029717351464,-0.00044742219334529464
41.7,45.96174921848208,0.054180287498016934,-0.0004604296914981144
41.800000000000004,45.967167247231885,0.05413424452886712,-0.0005151365591933503
41.900000000000006,45.97258067168477,0.054082730872947786,-0.0006832097870701187
42.0,45.977988944772065,0.05401440989424078,-0.0008612462829491479
42.1,45.98339038576149,0.05392828526594586,-0.0011234767619998204
42.2,45.988783214288084,0.05381593758974588,-0.0013318556069783444
42.300000000000004,45.99416480804706,0.05368275202904804,-0.0015612180752613614
42.400000000000006,45.999533083249965,0.053526630221521904,-0.0018071897671173205
42.5,46.004885746272116,0.05334591124481018,-0.002097872131978274
42.6,46.010220337396596,0.05313612403161235,-0.002290391829864772
42.7,46.01553394979976,0.05290708484862587,-0.0023951682713318012
42.800000000000004,46.02082465828462,0.05266756802149269,-0.002339791656862483
42.900000000000006,46.02609141508677,0.052433588855806436,-0.0023265665143913585
43.0,46.03133477397235,0.05220093220436731,-0.002362167264169415
43.1,46.036554867192784,0.05196471547795037,-0.002426429199940093
43.2,46.04175133874058,0.051722072557956356,-0.0024626802570552535
43.300000000000004,46.04692354599638,0.05147580453225083,-0.002456047221353168
43.400000000000006,46.052071126449604,0.051230199810115506,-0.0024133650545628948
43.5,46.05719414643061,0.05098886330465923,-0.002413231625405903
43.6,46.062293032761076,0.05074754014211864,-0.0024403429848067135
43.7,46.06736778677529,0.05050350584363796,-0.002531377559598888
43.800000000000004,46.072418137359655,0.05025036808767807,-0.002677454778179548
43.900000000000006,46.07744317416842,0.04998262260986011,-0.0028300582635974957
44.0,46.082441436429406,0.04969961678350038,-0.0030002051157345796
44.1,46.08741139810776,0.049399596271926915,-0.003140746844679129
44.2,46.09235135773495,0.049085521587459,-0.0032668140224698335
44.300000000000004,46.097259909893694,0.04875884018521201,-0.0033757085817567385
44.400000000000006,46.10213579391222,0.04842126932703633,-0.003557327585418651
44.5,46.10697792084492,0.04806553656849449,-0.0037742560362689376
44.6,46.111784474501775,0.04768811096486759,-0.0039395640897744435
44.7,46.11655328559826,0.04729415455589014,-0.00414650825104752
44.800000000000004,46.12128270105385,0.04687950373078538,-0.004425238556886111
44.900000000000006,46.125970651426925,0.04643697987509676,-0.004749273266495053
45.0,46.13061434941444,0.045962052548447284,-0.005096794853382682
45.1,46.13521055466928,0.04545237306310901,-0.0054247295559441055
45.2,46.13975579197559,0.04490990010751459,-0.005670934306824793
45.300000000000004,46.14424678198634,0.0443428066768321,-0.005852970755895387
45.400000000000006,46.14868106265403,0.043757509601242556,-0.006115508959461184
45.5,46.15305681361415,0.04314595870529647,-0.006410484565708466
45.6,46.15737140948468,0.042504910248725616,-0.006700908526906567
45.7,46.16162190050955,0.04183481939603495,-0.006935886960907257
45.800000000000004,46.16580538244916,0.041141230699944215,-0.00715827904474078
45.900000000000006,46.16991950551915,0.040425402795470126,-0.007380987531546496
46.0,46.173962045798696,0.03968730404231552,-0.007543510261935647
46.1,46.17793077620293,0.03893295301612194,-0.007704350280960491
46.2,46.18182407150454,0.03816251798802588,-0.007905373738696748
46.300000000000004,46.185640323303346,0.0373719806141562,-0.00817862453489577
46.400000000000006,46.18937752136476,0.03655411816066661,-0.008407667711775584
46.5,46.193032933180824,0.0357133513894891,-0.008627171764210241
46.6,46.196604268319774,0.03485063421306806,-0.008806962378959476
46.7,46.20008933174108,0.0339699379751721,-0.008933083134601017
46.800000000000004,46.2034863255386,0.03307662966171199,-0.009060875298523018
46.900000000000006,46.20679398850477,0.03217054213185967,-0.009227157943773535
47.0,46.21001104271796,0.03124782633748237,-0.009369691808214757
47.1,46.213135825351706,0.030310857156660882,-0.009474467665551333
47.2,46.21616691106737,0.029363410390105735,-0.009553401328214719
47.300000000000004,46.21910325210638,0.02840807025728425,-0.009648933935061632
47.400000000000006,46.221944059132106,0.027443176863778073,-0.009796920996014426
47.5,46.224688376818484,0.026463484764176686,-0.010002332937469393
47.6,46.2273347252949,0.025463251470429733,-0.010202621813234392
47.7,46.229881050441946,0.02444298928910628,-0.010421571806090981
47.800000000000004,46.23232534937086,0.023400832108497166,-0.010643503076885526
47.900000000000006,46.23466543258171,0.0223364818008086,-0.01084231610568846
48.0,46.23689908076179,0.021252250190239814,-0.010994448163111677
48.1,46.239024305780816,0.02015280537392863,-0.011194214348465237
48.2,46.24103958631821,0.01903338393908209,-0.011330282042127255
48.300000000000004,46.24294292471211,0.01790035573486935,-0.011441324919372827
48.400000000000006,46.2447329602856,0.01675622324293205,-0.01155035819423779
48.5,46.246408582609895,0.015601187423508337,-0.01167688237919539
48.6,46.24796870135224,0.014433499185588781,-0.01177894667681734
48.7,46.2494120512708,0.01325560451790703,-0.011893384719303771
48.800000000000004,46.25073761172259,0.012066266045976637,-0.012002520605746365
48.900000000000006,46.25194423832719,0.010866013985401983,-0.012191069883167054
49.0,46.25303083972573,0.009646906997085347,-0.012399942493235488
49.1,46.25399553042544,0.00840691274776178,-0.012538651839831154
49.2,46.25483622170022,0.007153047563778647,-0.01264777800739055
49.300000000000004,46.25555152645659,0.005888269763039574,-0.012747746557593058
49.400000000000006,46.2561403534329,0.00461349510728025,-0.012789834586957757
49.5,46.25660170294363,0.0033345116485845473,-0.01275359699974932
49.6,46.25693515410848,0.002059151948609597,-0.012598796573805335
49.7,46.257141069303344,0.0007992722912290456,-0.012430369915425735
49.800000000000004,46.25722099653247,-0.0004437647003135455,-0.01228911891449016
49.900000000000006,46.25717662006244,-0.0016726765917625792,-0.012149355842900217
50.0,46.25700935240326,-0.002887612176052532,-0.012029288461310503
50.1,46.256720591185655,-0.004090541022183599,-0.011928883950766545
50.2,46.25631153708344,-0.005283429417260271,-0.011764044164483251
50.300000000000004,46.25578319414171,-0.0064598338337086125,-0.011584988262945631
50.400000000000006,46.25513721075834,-0.007618332660003192,-0.011328324370155986
50.5,46.25437537749234,-0.008751165097018726,-0.01097900491708402
50.6,46.25350026098264,-0.009849065588727144,-0.010662204931621398
50.7,46.252515354423764,-0.010915286081889299,-0.010409991683518393
50.800000000000004,46.25142382581558,-0.011956285250241153,-0.01025129495944727
50.900000000000006,46.250228197290554,-0.012981414746185894,-0.010096824406380987
51.0,46.24893005581593,-0.013991097186823936,-0.009913231928214224
51.1,46.24753094609725,-0.014982420379645372,-0.00977122920664467
51.2,46.24603270405929,-0.015959543300309853,-0.00970418758902747
51.300000000000004,46.24443674972925,-0.016929962059212614,-0.00965973357359127
51.400000000000006,46.242743753523335,-0.017895935416571754,-0.009676352602834866
51.5,46.240954159981676,-0.018863570676855186,-0.009731697321471514
51.6,46.23906780291399,-0.01983674040900235,-0.00985567558818217
51.7,46.23708412887309,-0.020822307967820582,-0.009956082698464663
51.800000000000004,46.23500189807631,-0.021817916237667063,-0.009990086486551978
51.900000000000006,46.23282010645254,-0.022816924886322275,-0.010005414217512297
52.0,46.23053841396391,-0.023817466308073448,-0.010018331948150324
52.1,46.2281566673331,-0.024819299502888494,-0.010091832279257406
52.2,46.22567473738282,-0.02582848273081425,-0.010175039363119818
52.300000000000004,46.22309188910973,-0.026845986667126245,-0.010315115862996526
52.400000000000006,46.22040729044302,-0.027877498253425913,-0.010487753602453881
52.5,46.217619540617676,-0.02892627361367124,-0.01069430183695727
52.6,46.214726913256314,-0.029995703797366984,-0.010875486139163336
52.7,46.21172734287657,-0.031083252411283332,-0.011011608049585671
52.800000000000004,46.20861901763545,-0.032184413216241915,-0.01111331520059237
52.900000000000006,46.20540057631382,-0.03329574473630117,-0.011135569549401711
53.0,46.202071001840196,-0.034409301691241276,-0.011190767595334238
53.1,46.19863007167107,-0.035528378450774716,-0.01121371856172703
53.2,46.19507723382599,-0.036649750306947435,-0.011227218634685308
53.300000000000004,46.191412258795296,-0.03777247217041598,-0.011237838641754684
53.400000000000006,46.18763501157825,-0.038896256034591466,-0.011196387837675998
53.5,46.183745385974795,-0.040015894818359,-0.011103928650768086
53.6,46.17974379649296,-0.041126287683435826,-0.010921158229463322
53.7,46.17563116772462,-0.042218403506382174,-0.010763977742669198
53.800000000000004,46.17140932737398,-0.04329480128064911,-0.010601198736828037
53.900000000000006,46.167079847245915,-0.04435492115433193,-0.01052736672786614
54.0,46.16264435513048,-0.04540765782711848,-0.010493234288255621
54.1,46.15810358934777,-0.04645698125594406,-0.01045260213980283
54.2,46.153457891222175,-0.04750224146992436,-0.010476519982974265
54.300000000000004,46.14870766707518,-0.0485498934682218,-0.010424981736707256
54.400000000000006,46.14385267772836,-0.04959239164189254,-0.010376661848719472
54.5,46.13889343856417,-0.05063005782676443,-0.010252219800594285
54.6,46.133830432781494,-0.05165527980682387,-0.010126487009817076
54.7,46.12866490480081,-0.05266792850780559,-0.009939705420647855
54.800000000000004,46.12339811195003,-0.05366189904987039,-0.009790389922753953
54.900000000000006,46.11803192204504,-0.0546409380421458,-0.009652889645603631
55.0,46.11256782824083,-0.05560622700670611,-0.009508508375900424
55.1,46.10700720554016,-0.056557077844296165,-0.009300009843139785
55.2,46.10135149775573,-0.05748707882861016,-0.009106219152826079
55.300000000000004,46.09560278987286,-0.05839770074389278,-0.008970632974234656
55.400000000000006,46.089763019798475,-0.059294764041316256,-0.008831135384160612
55.5,46.08383354339435,-0.06017787757973227,-0.008596499894781024
55.6,46.07781575563637,-0.06103752756921038,-0.008285346633949302
55.7,46.07171200287945,-0.06186606223260532,-0.008029902341584485
55.800000000000004,46.06552539665619,-0.06266905246676378,-0.007773274019193561
55.900000000000006,46.059258491409516,-0.06344637986868315,-0.007585478492901519
56.0,46.052913853422645,-0.06420492771797326,-0.007413231742098603
56.1,46.04649336065085,-0.06494625089218313,-0.007286512382294227
56.2,46.03999873556163,-0.06567490213041256,-0.007197984377589237
56.300000000000004,46.03343124534859,-0.0663947005681715,-0.007075087387366268
56.400000000000006,46.02679177529177,-0.06710220930690813,-0.006921443268152727
56.5,46.020081554361084,-0.06779435363372337,-0.006837106695838549
56.6,46.01330211899771,-0.06847806430330723,-0.006722339625542572
56.7,46.00645431256738,-0.0691502982658615,-0.006637657414565501
56.800000000000004,45.99953928274079,-0.06981406400731806,-0.006483534237819074
56.900000000000006,45.99255787634006,-0.07046241743109997,-0.006258356010586741
57.0,45.98551163459695,-0.07108825303215861,-0.005937568747634624
57.1,45.97840280929373,-0.07168200990692208,-0.005603145281419867
57.2,45.97123460830304,-0.07224232443506408,-0.005258752063935149
57.300000000000004,45.96401037585954,-0.0727681996414576,-0.004920122547680607
57.400000000000006,45.95673355589539,-0.07326021189622567,-0.004555171056134631
57.5,45.94940753470577,-0.0737157290018391,-0.004139227591605035
57.6,45.94203596180559,-0.07412965176099962,-0.0037805685798984207
57.7,45.934622996629486,-0.07450770861898946,-0.0035109270547249217
57.800000000000004,45.927172225767585,-0.07485880132446196,-0.0033368827126214556
57.900000000000006,45.919686345635135,-0.07519248959572411,-0.0031421764970281495
58.0,45.91216709667557,-0.07550670724542691,-0.002920639993602661
58.1,45.904616425951026,-0.07579877124478718,-0.002626465920850492
58.2,45.89703654882654,-0.07606141783687223,-0.0023133762071854084
58.300000000000004,45.88943040704286,-0.07629275545759077,-0.002014631477414679
58.400000000000006,45.8818011314971,-0.07649421860533225,-0.0017204756750694862
58.5,45.874151709636564,-0.07666626617283918,-0.001397999750068193
58.6,45.866485083019285,-0.076806066147846,-0.0010546338939794303
58.7,45.858804476404494,-0.07691152953724395,-0.0006474656533136854
58.800000000000004,45.851113323450775,-0.07697627610257532,-0.0003180267142258119
58.900000000000006,45.84341569584051,-0.0770080787739979,4.0576872042815765e-05
59.0,45.835714887963114,-0.07700402108679362,0.0003460146554223837
59.1,45.82801448585444,-0.07696941962125138,0.0005891328245749477
59.2,45.82031754389231,-0.07691050633879389,0.0007609544709313745
59.300000000000004,45.81262649325843,-0.07683441089170075,0.0009630944214446132
59.400000000000006,45.804943052169264,-0.07673810144955628,0.0011632132967668402
59.5,45.797269242024306,-0.0766217801198796,0.0013768554745388433
59.6,45.789607064012316,-0.07648409457242572,0.0015686910364942407
59.7,45.781958654555076,-0.0763272254687763,0.0016706167958842096
59.800000000000004,45.774325932008196,-0.07616016378918787,0.0017285366472446805
59.900000000000006,45.76670991562928,-0.0759873101244634,0.00178349130167534
60.0,45.759111184616835,-0.07580896099429588,0.001824855095981211
60.1,45.7515302885174,-0.07562647548469775,0.0018838084853964054
60.2,45.74396764096893,-0.07543809463615811,0.0019372653563603794
60.300000000000004,45.73642383150532,-0.07524436810052207,0.0019180911703152175
60.400000000000006,45.72889939469526,-0.07505255898349054,0.0018716625352159187
60.5,45.72139413879692,-0.07486539272996896,0.0018128803460183438
60.6,45.71390759952392,-0.07468410469536713,0.001811295804358933
60.7,45.70643918905438,-0.07450297511493123,0.001838814714655969
60.800000000000004,45.69898889154289,-0.07431909364346563,0.0019213222081724828
60.900000000000006,45.69155698217854,-0.07412696142264838,0.001971436169174141
61.0,45.68414428603628,-0.07392981780573098,0.0020439535527592687
61.1,45.6767513042557,-0.07372542245045505,0.002137383641456184
61.2,45.66937876201066,-0.07351168408630943,0.0022739308226547524
61.300000000000004,45.662027593602026,-0.07328429100404395,0.0024652733762868177
61.400000000000006,45.65469916450162,-0.07303776366641526,0.0026127196755683464
61.5,45.64739538813498,-0.07277649169885844,0.0027488633504247793
61.6,45.640117738965095,-0.07250160536381596,0.0028799682033228283
61.7,45.632867578428716,-0.07221360854348367,0.003052785295543604
61.800000000000004,45.625646217574364,-0.07190833001392931,0.0031781851907064056
61.900000000000006,45.618455384572975,-0.07159051149485866,0.0033700657002717046
62.0,45.61129633342349,-0.07125350492483151,0.0035891983171435814
62.1,45.604170982931,-0.07089458509311715,0.0038815553883837233
62.2,45.59708152442169,-0.07050642955427877,0.004093544352929493
62.300000000000004,45.59003088146626,-0.07009707511898582,0.00427037813619629
62.400000000000006,45.583021173954364,-0.06967003730536618,0.004362545806741695
62.5,45.57605417022383,-0.06923378272469204,0.004357240677648277
62.6,45.56913079195136,-0.0687980586569272,0.004272110736630941
62.7,45.562250986085665,-0.0683708475832641,0.004274370427570446
62.800000000000004,45.55541390132734,-0.06794341054050705,0.0042524840547977175
62.900000000000006,45.54861956027329,-0.06751816213502727,0.004230524036179202
63.0,45.541867744059786,-0.06709510973140938,0.004236893576239849
63.1,45.53515823308665,-0.06667142037378539,0.004331755322143299
63.2,45.52849109104927,-0.06623824484157105,0.004493877893488532
63.300000000000004,45.52186726656511,-0.06578885705222219,0.004656113237274318
63.400000000000006,45.515288380859886,-0.06532324572849475,0.004839634936961709
63.5,45.50875605628704,-0.06483928223479861,0.004987860388149868
63.6,45.50227212806356,-0.06434049619598362,0.005159516979215749
63.7,45.49583807844396,-0.06382454449806203,0.00533996675021415
63.800000000000004,45.489455623994154,-0.06329054782304061,0.005533286400342456
63.900000000000006,45.48312656921185,-0.06273721918300636,0.00578707258130277
64.0,45.47685284729355,-0.06215851192487611,0.005971879180245697
64.10000000000001,45.470636996101064,-0.06156132400685149,0.006067547532074417
64.2,45.46448086370038,-0.060954569253644085,0.006079798404838991
64.3,45.458385406775015,-0.06034658941316022,0.0059825371653228245
64.4,45.4523507478337,-0.05974833569662789,0.005751882461146656
64.5,45.44637591426403,-0.059173147450513254,0.005503207957496137
64.60000000000001,45.44045859951898,-0.05862282665476359,0.00518736051486968
64.7,45.43459631685351,-0.058104090603276655,0.004866663949404103
64.8,45.42878590779318,-0.05761742420833627,0.0045494843910301045
64.9,45.42302416537235,-0.05716247576923322,0.004273834892155916
65.0,45.41730791779542,-0.056735092280017656,0.004012547599685437
65.10000000000001,45.41163440856742,-0.05633383752004908,0.0038018544599764054
65.2,45.40600102481542,-0.05595365207405146,0.003611079559089622
65.3,45.40040565960801,-0.05559254411814252,0.00340975104553816
65.4,45.3948464051962,-0.05525156901358867,0.0030973305945926717
65.5,45.389321248294834,-0.05494183595412942,0.002759530565625529
65.60000000000001,45.383827064699425,-0.054665882897566846,0.00244525173903408
65.7,45.37836047640967,-0.05442135772366345,0.0021743604888674176
65.8,45.3729183406373,-0.05420392167477672,0.0019249989114391876
65.9,45.367497948469826,-0.05401142178363279,0.0016741705723091313
66.0,45.36209680629146,-0.053844004726401884,0.0013830973276964878
66.10000000000001,45.35671240581882,-0.05370569499363222,0.001140332340497092
66.2,45.351341836319456,-0.05359166175958252,0.0009765774924880843
66.3,45.3459826701435,-0.05349400401033372,0.0008970626855733728
66.4,45.34063326974246,-0.05340429774177637,0.0007997968757114431
66.5,45.33529283996829,-0.05332431805420523,0.0007198076877566819
66.60000000000001,45.32996040816287,-0.05325233728542956,0.0006656778389231944
66.7,45.32463517443433,-0.05318576950153724,0.0005705934352382194
66.8,45.31931659748417,-0.053128710158013424,0.00046427156362663575
66.9,45.31400372646837,-0.05308228300165076,0.0003110673488378356
67.0,45.308695498168206,-0.053051176266766975,0.00012659909214770036
67.10000000000001,45.30339038054153,-0.053038516357552204,-8.876224477546106e-05
67.2,45.29808652890577,-0.05304739258202975,-0.00028164843481130953
67.3,45.29278178964757,-0.05307555742551088,-0.0004098470792742237
67.4,45.287474233905016,-0.053116542133438305,-0.0005651759363457425
67.5,45.28216257969167,-0.053173059727072876,-0.0007268755436284293
67.60000000000001,45.27684527371897,-0.053245747281435725,-0.000897719609469545
67.7,45.27152069899082,-0.053335519242382674,-0.0010363144999033548
67.8,45.26618714706659,-0.053439150692373004,-0.0011723131565917172
67.9,45.26084323199735,-0.053556382008032186,-0.0012314136646298525
68.0,45.255487593796545,-0.053679523374495164,-0.0012027178833673797
68.10000000000001,45.250119641459094,-0.05379979516283191,-0.001100634203360436
68.2,45.24473966194281,-0.05390985858316795,-0.0010692838977784027
68.3,45.2393486760845,-0.054016786972945784,-0.00113621711200472
68.4,45.2339469973872,-0.054130408684146265,-0.001216341317190339
68.5,45.22853395651879,-0.05425204281586529,-0.0012566062412381796
68.60000000000001,45.2231087522372,-0.05437770343998912,-0.0013340270861559515
68.7,45.2176709818932,-0.05451110614860471,-0.0013541317962696773
68.8,45.21221987127834,-0.05464651932823167,-0.0013086480724847354
68.9,45.20675521934552,-0.05477738413548015,-0.0011964068301081863
69.0,45.20127748093197,-0.054897024818490965,-0.001089365233511279
69.10000000000001,45.19578777845012,-0.0550059613418421,-0.0008947183384269511
69.2,45.190287182315934,-0.05509543317568479,-0.0006716805133435665
69.3,45.18477763899837,-0.055162601227019145,-0.0003992470419579223
69.4,45.179261378875665,-0.05520252593121494,-6.871428968429185e-05
69.5,45.17374112628254,-0.05520939736018337,0.0002155527016515179
69.60000000000001,45.16822018654653,-0.055187842090018216,0.0005088709046426344
69.7,45.162701402337525,-0.055136954999553955,0.0007482964655537447
69.8,45.15718770683757,-0.055062125352998585,0.0009976363488232148
69.9,45.15168149430227,-0.054962361718116255,0.0013504951385720572
70.0,45.14618525813046,-0.05482731220425906,0.001671777379230809
70.10000000000001,45.14070252691003,-0.05466013446633596,0.0019737768102684196
70.2,45.1352365134634,-0.05446275678530913,0.002281226026344387
70.3,45.12979023778487,-0.054234634182674706,0.0026476669221759358
70.4,45.1243667743666,-0.05396986749045709,0.0030538660146213134
70.5,45.11896978761755,-0.053664480888994975,0.0034306081265256102
70.60000000000001,45.11360333952865,-0.053321420076342385,0.0037626136757824198
70.7,45.10827119752102,-0.052945158708764165,0.004055855618386195
70.8,45.10297668165014,-0.05253957314692557,0.004365889879203419
70.9,45.09772272433545,-0.05210298415900519,0.0046529189759496195
71.0,45.09251242591955,-0.051637692261410253,0.004960892834942811
71.10000000000001,45.08734865669341,-0.05114160297791593,0.00521945307120209
71.2,45.082234496395614,-0.05061965767079575,0.0054413695057865434
71.3,45.07717253062854,-0.05007552072021713,0.005683471294378532
71.4,45.072164978556515,-0.049507173590779226,0.005962506474049687
71.5,45.067214261197435,-0.04891092294337429,0.0061694029038927446
71.60000000000001,45.0623231689031,-0.048293982652984964,0.006298517851728869
71.7,45.057493770637805,-0.04766413086781211,0.006381682777925212
71.8,45.05272735755102,-0.04702596259001963,0.006439163942607718
71.9,45.04802476129202,-0.0463820461957588,0.006476565429452706
72.0,45.043386556672445,-0.04573438965281357,0.006528914482504601
72.10000000000001,45.038813117707164,-0.04508149820456305,0.0064815108736352095
72.2,45.034304967886705,-0.04443334711719957,0.006368182833546302
72.3,45.02986163317499,-0.043796528833844973,0.006164454859121331
72.4,45.0254819802916,-0.04318008334793279,0.006026145734808817
72.5,45.02116397195681,-0.04257746877445194,0.005849959011701073
72.60000000000001,45.01690622507936,-0.04199247287328178,0.005624620218133814
72.7,45.012706977792035,-0.041430010851468434,0.005341894598902023
72.8,45.00856397670689,-0.04089582139157826,0.005084982786475855
72.9,45.00447439456773,-0.04038732311293063,0.004845552766040843
73.0,45.000435662256436,-0.039902767836326576,0.004556991148509756
73.10000000000001,44.9964453854728,-0.03944706872147556,0.004176847839429983
73.2,44.992500678600656,-0.03902938393753259,0.003833946254509442
73.3,44.988597740206906,-0.038645989312081665,0.003401916020620206
73.4,44.9847331412757,-0.038305797710019615,0.002965467117129641
73.5,44.98090256150469,-0.03800925099830667,0.002502080480767799
73.60000000000001,44.97710163640486,-0.03775904295022987,0.002129755455795214
73.7,44.97332573210984,-0.03754606740465036,0.0018058068222781885
73.8,44.96957112536938,-0.03736548672242255,0.0015522576360978211
73.9,44.965834576697134,-0.03721026095881275,0.001306767497092775
74.0,44.96211355060125,-0.03707958420910348,0.0010776785560877074
74.10000000000001,44.95840559218034,-0.0369718163534947,0.0008715831055026792
74.2,44.95470841054499,-0.03688465804294444,0.0006963486674263199
74.3,44.95101994474069,-0.03681502317620181,0.000531530962099593
74.4,44.947338442423074,-0.03676187007999185,0.00035828061016737007
74.5,44.94366225541508,-0.036726042018975114,0.00016187414556381738
74.60000000000001,44.93998965121318,-0.03670985460441873,2.5442645552460678e-05
74.7,44.93631866575274,-0.036707310339863485,-7.241742742768588e-05
74.8,44.93264793471875,-0.03671455208260625,-0.00021374617851939014
74.9,44.92897647951049,-0.036735926700458194,-0.00035605241488151997
75.0,44.92530288684044,-0.036771531941946344,-0.000491214428848488
75.10000000000001,44.92162573364625,-0.036820653384831196,-0.0006291118896016936
75.2,44.917943668307764,-0.03688356457379136,-0.0006938666497640195
75.3,44.91425531185039,-0.03695295123876776,-0.000583133082452897
75.4,44.910560016726514,-0.037011264547013055,-0.0004174934434544407
75.5,44.906858890271806,-0.0370530138913585,-0.00021276613001891117
75.60000000000001,44.903153588882674,-0.03707429050436039,-7.845213119764717e-06
75.7,44.89944615983224,-0.037075075025672366,0.00019421653285175693
75.8,44.89573865232967,-0.03705565337238719,0.00041904030764917146
75.9,44.892033086992434,-0.03701374934162227,0.0006152047402971723
76.0,44.88833171205827,-0.03695222886759256,0.0007607669994960699
76.10000000000001,44.88463648917151,-0.036876152167642944,0.0008734469241953255
76.2,44.88094887395474,-0.036788807475223416,0.0009072056081257762
76.3,44.87726999320722,-0.036698086914410843,0.0010285299740816168
76.4,44.87360018451578,-0.03659523391700267,0.0011958320471710372
76.5,44.86994066112408,-0.036475650712285576,0.0013492099505659175
76.60000000000001,44.86629309605285,-0.03634072971722897,0.0015277873679399488
76.7,44.86265902308113,-0.03618795098043499,0.0017481522583905655
76.80000000000001,44.85904022798309,-0.036013135754595915,0.0019529811310077944
76.9,44.85543891440763,-0.03581783764149515,0.002115858817253647
77.0,44.85185713064348,-0.035606251759769794,0.0022694046305703356
77.10000000000001,44.8482965054675,-0.03537931129671274,0.002409694899757132
77.2,44.84475857433783,-0.03513834180673704,0.0025676417279688643
77.30000000000001,44.84124474015716,-0.03488157763394013,0.0027276053959746248
77.4,44.83775658239376,-0.034608817094342686,0.002917242887988696
77.5,44.83429570068433,-0.03431709280554383,0.003102085989811084
77.60000000000001,44.830863991403774,-0.0340068842065627,0.0033249340746149634
77.7,44.82746330298312,-0.03367439079910122,0.003526212459908686
77.80000000000001,44.82409586390321,-0.03332176955311032,0.003705149323450718
77.9,44.8207636869479,-0.03295125462076527,0.00386417419625745
78.0,44.81746856148582,-0.03256483720113955,0.004018940916470097
78.10000000000001,44.8142120777657,-0.032162943109492505,0.004118139310317929
78.2,44.81099578345476,-0.031751129178460735,0.004276450605479095
78.30000000000001,44.80782067053691,-0.03132348411791279,0.0044279776346318415
78.4,44.804688322125116,-0.03088068635444963,0.004582958695341175
78.5,44.801600253489674,-0.03042239048491554,0.004756615794953786
78.60000000000001,44.798558014441184,-0.02994672890542012,0.004911475767072524
78.7,44.79556334155064,-0.029455581328712895,0.004972487185278047
78.80000000000001,44.79261778341777,-0.028958332610185048,0.0049630109179649206
78.9,44.78972195015675,-0.028462031518388584,0.0048922259516893255
79.0,44.78687574700491,-0.02797280892321968,0.004808532855510763
79.10000000000001,44.78407846611259,-0.027491955637668562,0.00466615138507836
79.2,44.781329270548824,-0.027025340499160753,0.004615319573860315
79.30000000000001,44.77862673649891,-0.026563808541774682,0.004577154762313105
79.4,44.77597035564473,-0.026106093065543397,0.004518720278676565
79.5,44.77335974633817,-0.025654221037675767,0.004490389224539869
79.60000000000001,44.77079432423441,-0.02520518211522174,0.004441890164053097
79.7,44.76827380602288,-0.024760993098816457,0.004348059017389554
79.80000000000001,44.765797706713,-0.024326187197077465,0.004318101079846227
79.9,44.76336508799329,-0.023894377089092866,0.0042914712783227735
80.0,44.76097565028439,-0.023465229961260613,0.004272732095441881
80.10000000000001,44.75862912728826,-0.02303795675171639,0.004228448692925044
80.2,44.75632533161309,-0.02261511188242391,0.004213743652319532
80.30000000000001,44.75406382042485,-0.02219373751719192,0.004260878606037569
80.4,44.751844446673125,-0.021767649656588187,0.004353508880972916
80.5,44.74966768170747,-0.02133229876849092,0.004339899346682147
80.60000000000001,44.74753445183062,-0.020898308833822668,0.004174053766269574
80.7,44.74544462094724,-0.020480903457195734,0.0039946793145085166
80.80000000000001,44.743396530601515,-0.02008143552574485,0.0038446539106165682
80.9,44.74138838704894,-0.019696970134683214,0.0037360971409684503
81.0,44.73941869003548,-0.01932336042058639,0.00364317066775661
81.10000000000001,44.73748635399342,-0.018959043353810698,0.003642219094287662
81.2,44.735590449658034,-0.018594821444381952,0.003736210406908504
81.30000000000001,44.733730967513594,-0.01822120040369107,0.0037984397948987317
81.4,44.73190884747323,-0.01784135642420122,0.003845222066499742
81.5,44.73012471183081,-0.017456834217551266,0.0038660879442340736
81.60000000000001,44.72837902840905,-0.017070225423127826,0.003866622537281814
81.7,44.72667200586674,-0.016683563169399666,0.003818507970319213
81.80000000000001,44.7250036495498,-0.016301712372367713,0.0037714900564070402
81.9,44.72337347831256,-0.01592456336672703,0.0037262480296998968
82.0,44.72178102197589,-0.015551938563757061,0.0037306566844208465
82.10000000000001,44.72022582811952,-0.015178872895314945,0.0037853573031219265
82.2,44.71870794082999,-0.014800337165002774,0.0039149323224334535
82.30000000000001,44.71722790711348,-0.014408843932759395,0.004076820141878316
82.4,44.71578702272021,-0.014001161918571587,0.004324783972169124
82.5,44.71438690652835,-0.013568683521354699,0.004505212616962848
82.60000000000001,44.713030038176214,-0.013118162259658376,0.0045680012404505045
82.7,44.71171822195025,-0.012661362135613351,0.004510769643633527
82.80000000000001,44.710452085736684,-0.01221028517124996,0.004396396201384
82.9,44.70923105721956,-0.011770645551111585,0.004141749385044034
83.0,44.70805399266445,-0.011356470612607205,0.0037462448436639917
83.10000000000001,44.70691834560319,-0.010981846128240774,0.0032996392353909984
83.2,44.70582016099036,-0.010651882204701693,0.0029052665434037236
83.30000000000001,44.7047549727699,-0.010361355550361296,0.0025975589685651394
83.4,44.70371883721486,-0.010101599653504796,0.0022907491677760707
83.5,44.70270867724951,-0.009872524736727202,0.0019660488552568586
83.60000000000001,44.70172142477583,-0.0096759198512015,0.001675976073412374
83.7,44.70075383279072,-0.009508322243860272,0.0013666895649338104
83.80000000000001,44.699803000566334,-0.00937165328736688,0.0010706958130402447
83.9,44.69886583523759,-0.00926458370606286,0.0008758272324424302
84.0,44.69793937686699,-0.009177000982818623,0.0007441028579614647
84.10000000000001,44.697021676768706,-0.00910259069702247,0.0005868455412563396
84.2,44.696111417699,-0.00904390614289684,0.0004220817436356183
84.30000000000001,44.69520702708471,-0.009001697968533274,0.00034112136984236
84.4,44.69430685728786,-0.00896758583154904,0.00026990561131532705
84.5,44.6934100987047,-0.008940595270417509,0.00020198288972634814
84.60000000000001,44.69251603917766,-0.008920396981444872,0.00014386863368597832
84.7,44.69162399947952,-0.008906010118076275,0.00012477619443573815
84.80000000000001,44.690733398467714,-0.0088935324986327,0.00016685154915271455
84.9,44.689844045217846,-0.00887684734371743,0.0002688274214716881
85.0,44.68895636048347,-0.008849964601570262,0.0004188800123311628
85.10000000000001,44.68807136402332,-0.008808076600337143,0.0005208704439878896
85.2,44.687190556363284,-0.008755989555938357,0.0005707968203824547
85.30000000000001,44.68631495740769,-0.008698909873900106,0.0005957025879222205
85.4,44.6854450664203,-0.008639339615107888,0.0006338907794901766
85.5,44.68458113245879,-0.008575950537158874,0.0006900022086361106
85.60000000000001,44.68372353740507,-0.008506950316295257,0.0008208808278799219
85.7,44.68287284237345,-0.008424862233507269,0.0009389395260843666
85.80000000000001,44.682030356150094,-0.008330968280898824,0.001046059667297081
85.9,44.681197259322005,-0.008226362314169122,0.0011184580285335717
86.0,44.680374623090586,-0.008114516511315771,0.0011406935261541633
86.10000000000001,44.679563171439455,-0.008000447158700345,0.001053458690844473
86.2,44.67876312672359,-0.007895101289615904,0.0010000884906474093
86.30000000000001,44.67797361659463,-0.007795092440551155,0.0009247281460293433
86.4,44.67719410735057,-0.0077026196259482255,0.0008571996048911905
86.5,44.67642384538797,-0.007616899665459111,0.0007925633210818466
86.60000000000001,44.67566215542143,-0.00753764333335092,0.0007083875943969846
86.7,44.674908391088096,-0.0074668045739112255,0.0007185610667297804
86.80000000000001,44.674161710630706,-0.007394948467238241,0.0008269888743162592
86.9,44.67342221578398,-0.00731224957980662,0.0009428043498193037
87.0,44.672690990826,-0.007217969144824695,0.001135437533496202
87.10000000000001,44.671969193911515,-0.007104425391475065,0.0014109643029044092
87.2,44.67125875137237,-0.006963328961184632,0.001705966233570158
87.30000000000001,44.67056241847625,-0.006792732337827602,0.002056868688625692
87.4,44.669883145242466,-0.0065870454689650445,0.0023432038806895975
87.5,44.66922444069557,-0.006352725080896098,0.0025680676194356363
87.60000000000001,44.66858916818748,-0.0060959183189525125,0.0027125731986297405
87.7,44.667979576355584,-0.005824660999089554,0.002806029420690503
87.80000000000001,44.66739711025568,-0.00554405805702048,0.0028952033066958773
87.9,44.66684270444998,-0.005254537726350908,0.003004438684958124
88.0,44.66631725067734,-0.004954093857855113,0.0030474322923314955
88.10000000000001,44.66582184129155,-0.0046493506286219375,0.0031092499962058606
88.2,44.665356906228695,-0.004338425629001369,0.0031831060291553368
88.30000000000001,44.66492306366579,-0.004020115026085808,0.0032506342797727975
88.4,44.66452105216318,-0.003695051598108547,0.0033442487891582095
88.5,44.66415154700337,-0.003360626719192745,0.0034359461941763543
88.60000000000001,44.66381548433145,-0.0030170320997750803,0.0034996342200089383
88.7,44.66351378112147,-0.0026670686777742064,0.003490175765564669
88.80000000000001,44.6632470742537,-0.00231805110121771,0.0034399974305038797
88.9,44.66301526914358,-0.0019740513581673414,0.003390954560063448
89.0,44.662817864007756,-0.0016349559021610158,0.003398235576265988
89.10000000000001,44.66265436841754,-0.001295132344534388,0.003391892440905748
89.2,44.662524855183094,-0.0009559431004438325,0.003465524302261771
89.30000000000001,44.66242926087305,-0.0006093906702176259,0.0035768021195749953
89.4,44.66236832180602,-0.00025171045826014667,0.003609048395017586
89.5,44.6623431507602,0.00010919438124159144,0.003664544168714435
89.60000000000001,44.66235407019832,0.00047564879811306615,0.0036829478903394226
89.7,44.66240163507813,0.0008439435871469875,0.003717239987898481
89.80000000000001,44.66248602943685,0.0012156675859368673,0.003784358265752947
89.9,44.66260759619544,0.0015941034125121405,0.003832705601887041
90.0,44.66276700653669,0.001977373972700823,0.003921541636737147
90.10000000000001,44.66296474393396,0.002369528136374571,0.003949426908168981
90.2,44.6632016967476,0.0027644708271914466,0.0040077716810986526
90.30000000000001,44.66347814383032,0.003165247995301346,0.00411201648007617
90.4,44.66379466862985,0.0035764496433089397,0.004209498172695662
90.5,44.66415231359418,0.003997399460578482,0.004352870697366822
90.60000000000001,44.66455205354024,0.004432686530315201,0.004511144652491226
90.7,44.66499532219327,0.004883800995564298,0.004655561364231002
90.80000000000001,44.665483702292825,0.005349357131987438,0.0048036660903457784
90.9,44.66601863800602,0.005829723741021989,0.004993282336573704
91.0,44.66660161038013,0.006329051974679331,0.005217797249890121
91.10000000000001,44.6672345155776,0.006850831699668387,0.005400537553153345
91.2,44.66791959874756,0.007390885454983691,0.005564282804744446
91.30000000000001,44.66865868729306,0.007947313735458183,0.005709171369308453
91.4,44.669453418666606,0.008518230872388996,0.005873294386790511
91.5,44.670305241753844,0.009105560311068014,0.005982559615270298
91.60000000000001,44.67121579778495,0.009703816272595095,0.00607864980794204
91.7,44.672186179412215,0.010311681253389264,0.006148581302114466
91.80000000000001,44.67321734753755,0.010926539383600763,0.006205429166109388
91.9,44.67431000147591,0.011547082300211666,0.006234225777488758
92.0,44.675464709705935,0.012170504877960507,0.006264768198388022
92.10000000000001,44.67668176019373,0.012796981697799362,0.00625006302863578
92.2,44.677961458363505,0.013421988000662905,0.006201019597637325
92.30000000000001,44.67930365716357,0.01404208996042669,0.00610193849482063
92.4,44.680707866159615,0.014652283809908719,0.006000942516832507
92.5,44.68217309454061,0.015252378061591935,0.005872209971604511
92.60000000000001,44.683698332346765,0.015839599058752436,0.0057624173868282644
92.7,44.685282292252644,0.01641584079743523,0.005676242175946847
92.80000000000001,44.686923876332386,0.016983465015029963,0.005491076783988996
92.9,44.68862222283389,0.01753257269342883,0.005282721964385133
93.0,44.690375480103235,0.018060844889867315,0.005103443411376781
93.10000000000001,44.69218156459222,0.018571189231005036,0.004979151723733087
93.2,44.694038683515316,0.019069104403378317,0.004858481880433732
93.30000000000001,44.695945593955656,0.01955495259142173,0.0046858766023731456
93.4,44.697901089214795,0.02002354025165902,0.004483143336113013
93.5,44.69990344323997,0.020471854585270295,0.00423734472034367
93.60000000000001,44.70195062869849,0.0208955890573047,0.0039758035906557925
93.7,44.70404018760422,0.021293169416370255,0.0037338372922155203
93.80000000000001,44.70616950454586,0.02166655314559184,0.0035223935992597785
93.9,44.708336159860416,0.022018792505517797,0.0034064844225534787
94.0,44.71053803911097,0.022359440947773125,0.0033461380540589494
94.10000000000001,44.71277398320575,0.02269405475317905,0.003241691233642635
94.2,44.71504338868107,0.023018223876543294,0.003108535295240472
94.30000000000001,44.71734521106872,0.023329077406067367,0.002831417280167192
94.4,44.71967811880933,0.02361221913408407,0.002535530355079618
94.5,44.72203934072274,0.023865772169592018,0.0022042285821277856
94.60000000000001,44.7244259179397,0.024086195027804815,0.0019164510529586349
94.7,44.72683453744247,0.024277840133100668,0.0016883270268305429
94.80000000000001,44.729262321455785,0.024446672835783737,0.0014202937456437555
94.9,44.73170698873936,0.024588702210348104,0.0012418519394508816
95.0,44.734165858960395,0.024712887404293185,0.0010656719192103433
95.10000000000001,44.736637147700826,0.02481945459621423,0.0009716049743606899
95.2,44.73911909316045,0.024916615093650292,0.0009221805646675898
95.30000000000001,44.741610754669814,0.02500883315011706,0.0009143691449346214
95.4,44.74411163798482,0.025100270064610516,0.0009233510372958467
95.5,44.74662166499129,0.025192605168340095,0.000899981614905294
95.60000000000001,44.74914092550812,0.025282603329830632,0.0009520585753404323
95.7,44.7516691858411,0.02537780918736467,0.0009886216232221137
95.80000000000001,44.75420696675984,0.02547667134968689,0.0010391018947598467
95.9,44.75675463389481,0.02558058153916287,0.0011745440319523336
96.0,44.759312692048724,0.025698035942358095,0.0013376374470661337
96.10000000000001,44.76188249564296,0.02583179968706472,0.001520464416646886
96.2,44.76446567561167,0.0259838461287294,0.0016883178714568962
96.30000000000001,44.76706406022454,0.026152677915875104,0.00174650826655492
96.4,44.769679328016124,0.026327328742530586,0.0017307516042653084
96.5,44.77231206089038,0.026500403902957107,0.0016783856194868508
96.60000000000001,44.77496210128068,0.026668242464905807,0.001662953893918133
96.7,44.77762892552717,0.02683453785429761,0.0016420313918932132
96.80000000000001,44.7803123793126,0.026998740993486946,0.001592365434055901
96.9,44.78301225341195,0.027157977536892527,0.0013985851684050162
97.0,44.785728051165634,0.02729783605373302,0.0011475669985068209
97.10000000000001,44.78845783477101,0.027412592753583712,0.000970735584362711
97.2,44.79119909404637,0.027509666312019978,0.0007959847569370697
97.30000000000001,44.79395006067757,0.02758926478771369,0.0006061660845739847
97.4,44.79670898715634,0.027649881396171087,0.0004849817415269601
97.5,44.79947397529596,0.02769837957032378,0.0002968968163745169
97.60000000000001,44.80224381325299,0.027728069251961234,9.203769810336822e-05
97.7,44.805016620178186,0.02773727302177157,-8.693910946325164e-05
97.80000000000001,44.80779034748036,0.027728579110825245,-0.0002757755658680684
97.9,44.810563205391446,0.02770100155423844,-0.0003592210011328849
98.0,44.81333330554687,0.027665079454125153,-0.00034531362691891774
98.10000000000001,44.81609981349228,0.027630548091433258,-0.00038734090707244603
98.2,44.81886286830142,0.027591814000726016,-0.0003588332141590863
98.30000000000001,44.821622049701496,0.027555930679310104,-0.0003348518535712368
98.4,44.82437764276943,0.027522445493952982,-0.00028550626965493747
98.5,44.827129887318826,0.02749389486698749,-0.00029119416031058874
98.60000000000001,44.82987927680552,0.02746477545095643,-0.0002922157097884514
98.7,44.832625754350616,0.027435553879977585,-0.00036712005348501006
98.80000000000001,44.83536930973862,0.02739884187462908,-0.00042327357406396807
98.9,44.83810919392608,0.027356514517222687,-0.0005539190096726066
99.0,44.8408448453778,0.02730112261625543,-0.0007513137278115281
99.10000000000001,44.843574957639426,0.02722599124347427,-0.0009726649812682173
99.2,44.84629755676377,0.027128724745347454,-0.0011778910821981204
99.30000000000001,44.84901042923831,0.02701093563712763,-0.0013620231790543041
99.4,44.85171152280202,0.02687473331922221,-0.001584195195509598
99.5,44.854398996133945,0.026716313799671258,-0.0018236133038155966
99.60000000000001,44.85707062751391,0.026533952469289683,-0.0020509020812055135
99.7,44.85972402276084,0.026328862261169143,-0.0022927239915130266
99.80000000000001,44.86235690898695,0.02609958986201782,-0.0025263576930631463
99.9,44.86496686797316,0.02584695409271152,-0.0026954227844910657
100.0,44.86755156338243,0.02557741181426243,-0.0027514071932796965
100.10000000000001,44.870109304563854,0.025302271094934436,-0.0027800270261739268
100.2,44.87263953167335,0.02502426839231706,-0.0028111150180466812
100.30000000000001,44.87514195851258,0.024743156890512367,-0.0027857901141850106
100.4,44.877616274201635,0.024464577879093882,-0.0028021563804041453
100.5,44.88006273198954,0.024184362241053484,-0.0029246056677724734
100.60000000000001,44.882481168213644,0.02389190167427621,-0.0030998606747769204
100.7,44.88487035838107,0.023581915606798537,-0.0032614329394559448
100.80000000000001,44.88722854994175,0.023255772312852915,-0.0034675872067446603
100.9,44.88955412717304,0.02290901359217847,-0.0036789429995670595
101.0,44.89184502853226,0.022541119292221783,-0.0037617391434914115
101.10000000000001,44.89409914046148,0.02216494537787261,-0.003733631005891327
101.2,44.89631563499927,0.0217915822772835,-0.0037454202156117777
101.30000000000001,44.898494793226995,0.02141704025572229,-0.0037798367623695785
101.4,44.90063649725257,0.021039056579485352,-0.003905247621389711
101.5,44.90274040291052,0.020648531817346404,-0.004081536615196112
101.60000000000001,44.90480525609225,0.020240378155826758,-0.004274572921727816
101.7,44.90682929390783,0.019812920863654,-0.0044794068009216745
101.80000000000001,44.908810585994196,0.019364980183561795,-0.004686606848619812
101.9,44.910747084012556,0.01889631949869984,-0.004843041689892369
102.0,44.91263671596243,0.01841201532971063,-0.004982207289943958
102.10000000000001,44.9144779174954,0.017913794600716192,-0.005135759213709138
102.2,44.91626929695547,0.017400218679345308,-0.005257698757929338
102.30000000000001,44.9180093188234,0.01687444880355233,-0.005441164606641878
102.4,44.919696763703755,0.016330332342888172,-0.005579732318605276
102.5,44.921329796938046,0.015772359111027676,-0.0056826689815987425
102.60000000000001,44.922907032849146,0.015204092212867754,-0.005762582230547287
102.7,44.92442744207044,0.014627833989813058,-0.005792531588962964
102.80000000000001,44.925890225469416,0.014048580830916712,-0.005805571293592583
102.9,44.92729508355251,0.013468023701557487,-0.005817271232798055
103.0,44.928641885922666,0.012886296578277714,-0.005769794040617592
103.10000000000001,44.929930515580494,0.012309317174215906,-0.005780093187602308
103.2,44.93116144729792,0.011731307855455708,-0.005790491505901332
103.30000000000001,44.93233457808346,0.011152258704865525,-0.005819999077253478
103.4,44.93344980395395,0.01057025879714021,-0.005875987188474698
103.5,44.93450682983366,0.009982660078292774,-0.005941096919418149
103.60000000000001,44.93550509584149,0.009388550386350909,-0.0059643238081648784
103.7,44.936443950880125,0.008792118005534455,-0.005932299018362398
103.80000000000001,44.93732316268068,0.008198888103698164,-0.005870723197815915
103.9,44.938143051491046,0.007611815783916606,-0.005760716836534037
104.0,44.93890423306944,0.007035744100263235,-0.005576409400301241
104.10000000000001,44.93960780747947,0.006478103160233064,-0.005311162356801409
104.2,44.940255617795486,0.005946986924552953,-0.005055847081236944
104.30000000000001,44.940850316487946,0.005441402216429215,-0.004865794778119418
104.4,44.94139445670959,0.004954822738617301,-0.004678130251776757
104.5,44.94188993898345,0.004487009713439652,-0.004408820358396869
104.60000000000001,44.94233863995479,0.004046127677599928,-0.004166495110827353
104.7,44.94274325272255,0.003629478166517216,-0.003900633303402214
104.80000000000001,44.943106200539205,0.0032394148361769614,-0.003563151490708461
104.9,44.94343014202282,0.0028830996871061355,-0.0031803214474318193
105.0,44.943718451991536,0.0025650675423629717,-0.00287514749049985
105.10000000000001,44.94397495874577,0.002277552793312962,-0.0025777654826026645
105.2,44.9442027140251,0.0020197762450527104,-0.002280094951286267
105.30000000000001,44.94440469164961,0.0017917667499240642,-0.0019461619989406083
105.4,44.9445838683246,0.0015971505500300145,-0.0015602415284826727
105.5,44.9447435833796,0.001441126397181756,-0.001272669480793247
105.60000000000001,44.94488769601932,0.0013138594491024205,-0.0010332468636490863
105.7,44.94501908196423,0.0012105347627375178,-0.0007929071369145082
105.80000000000001,44.945140135440504,0.0011312440490460602,-0.0005460976114102717
105.9,44.94525325984541,0.001076634287905036,-0.0002796892493634239
106.0,44.9453609232742,0.0010486653629686953,-7.952359882263592e-05
106.10000000000001,44.9454657898105,0.001040713003086431,0.00014708964764627525
106.2,44.945569861110805,0.0010554219678510577,0.00040364904193045966
106.30000000000001,44.94567540330759,0.0010957868720441071,0.0006351219588609953
106.4,44.94578498199479,0.001159299067930203,0.0007820923495274604
106.5,44.94590091190159,0.0012375083028829446,0.0009055408663862785
106.60000000000001,44.94602466273187,0.0013280623895215802,0.0010458796762874648
106.7,44.946157468970824,0.0014326503571503208,0.001204568095505796
106.80000000000001,44.94630073400654,0.0015531071667009106,0.0013418808315688196
106.9,44.94645604472321,0.001687295249857785,0.0014852828436137534
107.0,44.9466247742482,0.0018358235342191519,0.0015285261819799037
107.10000000000001,44.94680835660162,0.0019886761524171553,0.0015792364791617102
107.2,44.94700722421686,0.0021465998003333173,0.0016328802649522712
107.30000000000001,44.94722188419689,0.0023098878268285584,0.0016421015894124073
107.4,44.947452872979575,0.0024740979857697898,0.0016026948759630946
107.5,44.94770028277816,0.00263436747336609,0.001556164281736468
107.60000000000001,44.94796371952549,0.00278998390153975,0.0015587189003136925
107.7,44.94824271791565,0.0029458557915711106,0.0016023622603009396
107.80000000000001,44.9485373034948,0.003106092017601218,0.001606725418956453
107.9,44.948847912696564,0.0032667645594968544,0.0014956683050043156
108.0,44.94917458915251,0.0034163313899972774,0.001324055270913696
108.10000000000001,44.949516222291514,0.0035487369170886583,0.0011614044450951634
108.2,44.94987109598322,0.003664877361598168,0.0010463360563986118
108.30000000000001,44.95023758371938,0.003769510967238038,0.000888688396446555
108.4,44.950614534816104,0.0038583798068826886,0.0007401643010472654
108.5,44.95100037279679,0.003932396236987411,0.0006639978267424785
108.60000000000001,44.95139361242049,0.003998796019661664,0.0006353726725986175
108.7,44.95179349202246,0.004062333286921523,0.0006447868644723359
108.80000000000001,44.95219972535115,0.004126811973368762,0.000627307649740022
108.9,44.95261240654849,0.00418954273834276,0.0006273191162039549
109.0,44.95303136082232,0.004252274649963152,0.000633885950763909
109.10000000000001,44.95345658828732,0.0043156632450395485,0.0006471885644023584
109.2,44.95388815461182,0.004380382101479781,0.0005876379325755953
109.30000000000001,44.954326192821966,0.004439145894737345,0.0005341004876324761
109.4,44.95477010741144,0.00449255594350059,0.0005228355073080527
109.5,44.955219363005796,0.004544839494231392,0.000550335560068265
109.60000000000001,44.955673846955214,0.004599873050238223,0.0005508229615825093
109.7,44.95613383426024,0.004654955346396471,0.0005867054458970278
109.80000000000001,44.95659932979488,0.004713625890986179,0.0006859840856507848
109.9,44.95707069238398,0.0047822242995512534,0.0008107224452167983
110.0,44.957548914813934,0.004863296544072929,0.0008340411571970147
110.10000000000001,44.95803524446834,0.004946700659792637,0.0007923529007516586
110.2,44.95852991453432,0.005025935949867799,0.0006922598358784851
110.30000000000001,44.959032508129305,0.005095161933455653,0.0005312990337097379
110.4,44.95954202432265,0.005148291836826624,0.00038648618198303407
110.5,44.96005685350634,0.005186940455024925,0.0003428766261186613
110.60000000000001,44.96057554755184,0.005221228117636794,0.0003448308688905789
110.7,44.9610976703636,0.00525571120452585,0.000326032879005296
110.80000000000001,44.961623241484055,0.005288314492426382,0.0003245746047526616
110.9,44.96215207293329,0.005320771952901647,0.00024439679002703774
111.0,44.96268415012859,0.005345211631904349,0.00010015571956974354
111.10000000000001,44.96321867129178,0.005355227203861324,-5.4239318396336017e-05
111.2,44.96375419401216,0.005349803272021691,-0.00019079142420524238
111.30000000000001,44.96428917433936,0.005330724129601165,-0.0002585730746515269
111.4,44.96482224675233,0.005304866822136014,-0.0003644373366946378
111.5,44.965352733434536,0.005268423088466552,-0.00046847599083947757
111.60000000000001,44.96587957574339,0.0052215754893826,-0.00046316334116503833
111.7,44.96640173329232,0.005175259155266099,-0.00043919092152882173
111.80000000000001,44.96691925920785,0.005131340063113213,-0.00046494116119850113
111.9,44.96743239321416,0.005084845946993366,-0.0005541018435922168
112.0,44.967940877808864,0.005029435762634147,-0.0006467977112148037
112.10000000000001,44.96844382138512,0.004964755991512661,-0.0006851735832596105
112.2,44.96894029698428,0.004896238633186704,-0.0007453354485163304
112.30000000000001,44.969429920847595,0.004821705088335065,-0.0008641197786793802
112.4,44.96991209135643,0.004735293110467132,-0.0009695426479878456
112.5,44.97038562066747,0.004638338845668353,-0.001070152326822179
112.60000000000001,44.97084945455204,0.004531323612986126,-0.0010961518058246447
112.7,44.97130258691334,0.0044217084324036674,-0.0010711641808701766
112.80000000000001,44.97174475775658,0.004314592014316641,-0.0010769516530471234
112.9,44.97217621695801,0.0042068968490119344,-0.001125496990225771
113.0,44.97259690664291,0.004094347149989364,-0.0011812885892366115
113.10000000000001,44.97300634135791,0.0039762182910656925,-0.00128740966318791
113.2,44.97340396318702,0.003847477324746909,-0.0014117109967643068
113.30000000000001,44.97378871091949,0.003706306225070466,-0.0015780543380027596
113.4,44.974159341542,0.003548500791270199,-0.0017198245940751552
113.5,44.974514191621125,0.0033765183318626934,-0.0018306722249207324
113.60000000000001,44.97485184345432,0.0031934511093706045,-0.0019354346549959043
113.7,44.97517118856525,0.002999907643871025,-0.002015458866678214
113.80000000000001,44.97547117932964,0.0027983617572031865,-0.002135128298743614
113.9,44.97575101550536,0.0025848489273288373,-0.002288668595074347
114.0,44.97600950039809,0.0023559820678214155,-0.0025290344301336968
114.10000000000001,44.97624509860487,0.0021030786248080243,-0.002742136416429676
114.2,44.97645540646735,0.0018288649831650723,-0.0029535036479884235
114.30000000000001,44.97663829296567,0.0015335146183662047,-0.0031557510384097225
114.4,44.97679164442751,0.0012179395145252504,-0.003347496766818512
114.5,44.97691343837896,0.0008831898378434183,-0.003489637864603653
114.60000000000001,44.97700175736274,0.0005342260513830232,-0.003640097105864517
114.7,44.977055179967884,0.00017021634079659222,-0.003820495729719958
114.80000000000001,44.97707220160196,-0.0002118332321754362,-0.003987998008523656
114.9,44.97705101827874,-0.0006106330330277792,-0.004120935842792192
115.0,44.976989954975444,-0.001022726617306975,-0.004210404043068647
115.10000000000001,44.97688768231371,-0.0014437670216138755,-0.004272332845970377
115.2,44.97674330561155,-0.001871000306210889,-0.004349747325022837
115.30000000000001,44.97655620558093,-0.0023059750387132098,-0.00439112291173224
115.4,44.976325608077055,-0.0027450873298864088,-0.004382676245214178
115.5,44.97605109934407,-0.0031833549544078017,-0.004384171517309818
115.60000000000001,44.975732763848626,-0.003621772106138821,-0.0044147047526501716
115.7,44.975370586638014,-0.004063242581403813,-0.004518146522262926
115.80000000000001,44.97496426237987,-0.004515057233630144,-0.0046309796109301965
115.9,44.97451275665651,-0.0049781551947231375,-0.0047451122438572834
116.0,44.974014941137035,-0.005452666419108839,-0.0048181611236916
116.10000000000001,44.97346967449513,-0.00593448253147804,-0.004813458304881841
116.2,44.97287622624198,-0.006415828361966197,-0.004766083359989144
116.30000000000001,44.972234643405784,-0.006892436697965152,-0.004790660930406209
116.4,44.97154539973599,-0.0073715027910057455,-0.004864355692731983
116.5,44.97080824945689,-0.007857938360278916,-0.004915078422050298
116.60000000000001,44.97002245562086,-0.008349446202483988,-0.004965392116565372
116.7,44.96918751100061,-0.008845985414140497,-0.005044267829052328
116.80000000000001,44.968302912459194,-0.009350412197045773,-0.005090430803272606
116.9,44.96736787123949,-0.009859455277373004,-0.005095920166208133
117.0,44.96638192571175,-0.010369047293993789,-0.005022495946080766
117.10000000000001,44.965345020982355,-0.010871296888601908,-0.004956630346298987
117.2,44.96425789129349,-0.011366959923231779,-0.004850962456753093
117.30000000000001,44.96312119530117,-0.01185205616890713,-0.004704741570663435
117.4,44.96193598968428,-0.012322530325973446,-0.004515870773014321
117.5,44.96070373665168,-0.012774117403274853,-0.004349271399411516
117.60000000000001,44.959426324911355,-0.013209044543216041,-0.004213191587845579
117.7,44.95810542045703,-0.013630363702000575,-0.004169276936472144
117.80000000000001,44.95674238408684,-0.014047291395647825,-0.004136211307624186
117.9,44.95533765494727,-0.01446091252641022,-0.004039241590200163
118.0,44.953891563694626,-0.014864836685430214,-0.003961423069453611
118.10000000000001,44.95240508002608,-0.015260978992375608,-0.0038807633711320255
118.2,44.950878982126845,-0.01564905532948879,-0.0038176798143206435
118.30000000000001,44.9493140765939,-0.016030823310920886,-0.0037911110302873007
118.4,44.947710994262806,-0.016409934413949594,-0.003792284005934885
118.5,44.946070000821415,-0.01678916281454306,-0.003811506997284443
118.60000000000001,44.94439108453996,-0.017170313514271538,-0.0038501043680327332
118.7,44.94267405318853,-0.01755532395107479,-0.0039186585297796206
118.80000000000001,44.940918520793424,-0.017947189804052785,-0.004044295563471177
118.9,44.93912380181302,-0.01835161936039988,-0.004116542010838371
119.0,44.937288639876975,-0.018763273561483693,-0.004139397861473605
119.10000000000001,44.93541231252083,-0.01917721334763109,-0.004206542714550971
119.2,44.93349459118607,-0.019597867619086162,-0.004292183343564697
119.30000000000001,44.93153480442416,-0.02002708595344267,-0.004377612242952376
119.4,44.92953209582881,-0.02046484717773788,-0.004438292684106139
119.5,44.92748561111104,-0.02090867644614847,-0.004452059566144655
119.60000000000001,44.92539474346643,-0.021353882402762973,-0.004453428294120692
119.7,44.92325935522615,-0.021799225232175017,-0.0044796381148731745
119.80000000000001,44.92107943270293,-0.022247189043662373,-0.0045143817476911915
119.9,44.91885471379857,-0.022698627218431466,-0.004559861834920273
120.0,44.91658485107672,-0.023154613401923468,-0.004634960661708182
120.10000000000001,44.91426938973653,-0.023618109468094325,-0.004732631250470012
120.2,44.911907578789716,-0.0240913725931413,-0.004783320516788163
120.30000000000001,44.9094984415304,-0.024569704644820157,-0.004763970987922861
120.4,44.907041471065924,-0.025046101743612416,-0.004710319539966969
120.5,44.90453686089156,-0.025517133697609086,-0.004666065994577054
120.60000000000001,44.9019851475218,-0.02598374029706683,-0.00461754179900161
120.7,44.8993867734921,-0.026445494476966966,-0.004533125850243418
120.80000000000001,44.896742224044395,-0.026898807061991346,-0.0044196155735828305
120.9,44.894052343338195,-0.027340768619349604,-0.004261680440275291
121.0,44.89131826647626,-0.02776693666337711,-0.004089639813936936
121.10000000000001,44.88854157280993,-0.028175900644770838,-0.003942012878173308
121.2,44.885723982745446,-0.028570101932588146,-0.003724975513759646
121.30000000000001,44.882866972552186,-0.028942599483964142,-0.0035011224322098375
121.4,44.879972712603795,-0.029292711727185106,-0.0033182843987465834
121.5,44.87704344143108,-0.029624540167059746,-0.00314901999386154
121.60000000000001,44.87408098741437,-0.029939442166445927,-0.0029546134145725113
121.7,44.871087043197726,-0.03023490350790316,-0.0027712745235045143
121.80000000000001,44.868063552846934,-0.030512030960253636,-0.0027167941147938374
121.9,44.865012349750906,-0.030783710371733004,-0.0027137399325889867
122.0,44.861933978713736,-0.031055084364991888,-0.002721504990706423
122.10000000000001,44.85882847027724,-0.03132723486406255,-0.002626402743529179
122.2,44.85569574679083,-0.031589875138415456,-0.0025618522122196237
122.30000000000001,44.85253675927699,-0.03184606035963744,-0.0025145487465457654
122.4,44.84935215324102,-0.032097515234292,-0.002509574008298658
122.5,44.84614240171759,-0.032348472635121854,-0.002439634455674994
122.60000000000001,44.84290755445409,-0.032592436080689374,-0.00235465280734821
122.7,44.839648310846016,-0.03282790136142418,-0.0023005574303507897
122.80000000000001,44.83636552070987,-0.03305795710445928,-0.002262270257544209
122.9,44.83305972499942,-0.03328418413021369,-0.002288113551255624
123.0,44.8297313065864,-0.03351299548533924,-0.0023257064897177454
123.10000000000001,44.82638000703787,-0.03374556613431103,-0.002321469578855019
123.2,44.82300545042444,-0.03397771309219652,-0.0022705540242282255
123.30000000000001,44.81960767911522,-0.03420476849461936,-0.0022241846189632753
123.4,44.81618720226576,-0.03442718695651568,-0.002196007859294663
123.5,44.81274448357011,-0.03464678774244513,-0.002171346288055385
123.60000000000001,44.809279804795864,-0.03486392237125069,-0.002165450554288321
123.7,44.805793412558735,-0.03508046742667951,-0.002193760324606616
123.80000000000001,44.80228536581607,-0.03529984345914019,-0.0022345156308200297
123.9,44.79875538147016,-0.03552329502222218,-0.002245491804312982
124.0,44.79520305196793,-0.035747844202653464,-0.002185349317131804
124.10000000000001,44.791628267547665,-0.03596637913436666,-0.0021977007992374092
124.2,44.78803162963423,-0.03618614921429039,-0.0023287946070411304
124.30000000000001,44.784413014712804,-0.036419028674994525,-0.002511655272313816
124.4,44.780771111845304,-0.03667019420222589,-0.002657769851381204
124.5,44.77710409242508,-0.036935971187364,-0.0027635614769558063
124.60000000000001,44.773410495306344,-0.0372123273350596,-0.0028062678038722824
124.7,44.76968926257284,-0.037492954115446814,-0.002828482185112566
124.80000000000001,44.765939967161295,-0.037775802333958095,-0.002795250908512895
124.9,44.7621623869279,-0.03805532742480937,-0.002734422723988053
125.0,44.758356854185415,-0.03832876969720816,-0.002693233693650799
125.10000000000001,44.7545239772157,-0.03859809306657326,-0.002642210461835809
125.2,44.75066416790904,-0.03886231411275683,-0.00256579243544482
125.30000000000001,44.746777936497764,-0.03911889335630133,-0.002471503246883682
125.4,44.74286604716213,-0.039366043680989685,-0.002391860659020498
125.5,44.73892944279403,-0.03960522974689172,-0.0023425001771357284
125.60000000000001,44.734968919819345,-0.039839479764605314,-0.002256690831380418
125.7,44.73098497184289,-0.04006514884774334,-0.0021012524186257305
125.80000000000001,44.72697845695811,-0.040275274089605934,-0.0019355920270188998
125.9,44.72295092954915,-0.04046883329230781,-0.00176946650530942
126.0,44.71890404621992,-0.040645779942838745,-0.0016359925489464737
126.10000000000001,44.714839468225634,-0.040809379197733406,-0.0015688872956320435
126.2,44.71075853030586,-0.0409662679272966,-0.0015824858822628724
126.30000000000001,44.70666190351313,-0.0411245165155229,-0.001659485441366748
126.4,44.70254945186158,-0.04129046505965957,-0.0016955370035861691
126.5,44.69842040535561,-0.041460018760018175,-0.0017240498007818545
126.60000000000001,44.69427440347961,-0.041632423740096375,-0.001785909905356005
126.7,44.6901111611056,-0.041811014730631965,-0.0018499880509878308
126.80000000000001,44.68593005963254,-0.041996013535730764,-0.001886478398533505
126.9,44.68173045827896,-0.042184661375584104,-0.0019868594388010048
127.0,44.677511992141405,-0.04238334731946419,-0.0021613425783665
127.10000000000001,44.67327365740946,-0.04259948157730086,-0.002398780518110333
127.2,44.66901370925173,-0.04283935962911188,-0.002583267995177942
127.30000000000001,44.66472977328882,-0.0430976864286297,-0.002744490652341839
127.4,44.66042000464596,-0.043372135493863866,-0.002892055660665025
127.5,44.65608279109657,-0.04366134105993035,-0.0029302501329400293
127.60000000000001,44.65171665699057,-0.04395436607322438,-0.002917725193711556
127.7,44.647321220383255,-0.04424613859259552,-0.0027848956278766056
127.80000000000001,44.64289660652399,-0.0445246281553832,-0.0026736822197476326
127.9,44.638444143708455,-0.04479199637735795,-0.002574139118956619
128.0,44.63396494407072,-0.0450494102892536,-0.0024051714896305954
128.1,44.62946000304179,-0.045289927438216644,-0.0022319359796940446
128.20000000000002,44.62493101029797,-0.0455131210361861,-0.0021096125388554523
128.3,44.620379698194355,-0.04572408229007163,-0.0020168067599204732
128.4,44.615807289965346,-0.04592576296606367,-0.0020054973062882705
128.5,44.611214713668744,-0.046126312696692484,-0.002025625805644378
128.6,44.60660208239907,-0.04632887527725691,-0.0020062171421157283
128.70000000000002,44.601969194871344,-0.04652949699146853,-0.0019680391275319906
128.8,44.5973162451722,-0.04672630090422172,-0.0019464340293997846
128.9,44.592643615081776,-0.046920944307161684,-0.0018340536188814554
129.0,44.58795152065106,-0.04710434966904982,-0.0017421083500348009
129.1,44.58324108568416,-0.04727856050405329,-0.0017077840657849926
129.20000000000002,44.57851322963375,-0.04744933891063183,-0.0016553799572261133
129.3,44.57376829574269,-0.04761487690635443,-0.0016392104989106332
129.4,44.56900680805205,-0.04777879795624548,-0.0016155205177882882
129.5,44.564228928256426,-0.0479403500080243,-0.0015049561803208596
129.6,44.55943489325563,-0.04809084562605638,-0.0013129231008244186
129.70000000000002,44.55462580869302,-0.04822213793613885,-0.0011578537788953201
129.8,44.5498035948994,-0.04833792331402838,-0.0009569550367333052
129.9,44.544969802568005,-0.0484336188177017,-0.000753330598451994
130.0,44.54012644068623,-0.0485089518775469,-0.0005794056580814607
130.1,44.53527554549848,-0.04856689244335504,-0.0004677492237918959
130.20000000000002,44.530418856254144,-0.04861366736573424,-0.0003528807737687218
130.3,44.52555748951757,-0.04864895544311111,-0.00021643275716341624
130.4,44.52069259397326,-0.04867059871882745,-0.00012272749242627642
130.5,44.515825534101374,-0.04868287146807008,3.896305643958042e-05
130.6,44.51095724695457,-0.04867897516242612,0.00024162186719482782
130.70000000000002,44.50608934943833,-0.04865481297570663,0.0003226320957162343
130.8,44.501223868140755,-0.04862254976613501,0.0004013884875754082
130.9,44.49636161316414,-0.04858241091737747,0.0005520097885880795
131.0,44.4915033720724,-0.04852720993851867,0.000640017477823893
131.1,44.48665065107855,-0.04846320819073628,0.0007992983256239609
131.20000000000002,44.48180433025948,-0.04838327835817387,0.0009405823834138079
131.3,44.47696600242366,-0.04828922011983249,0.0010100556152525689
131.4,44.47213708041168,-0.04818821455830724,0.0010329788192511046
131.5,44.46731825895585,-0.048084916676382136,0.0009758636417120242
131.6,44.46250976728821,-0.04798733031221094,0.0009031825985605952
131.70000000000002,44.45771103425699,-0.04789701205235486,0.0008420851480198589
131.8,44.45292133305175,-0.04781280353755288,0.0007245620457978631
131.9,44.448140052697994,-0.047740347332973096,0.0005841440544695679
132.0,44.4433660179647,-0.04768193292752614,0.00037196966038830664
132.1,44.438597824671945,-0.047644735961487314,0.0001087645888714103
132.20000000000002,44.4338333510758,-0.04763385950260017,-0.0001546504054476904
132.3,44.429069965125535,-0.04764932454314494,-0.0003664282483380396
132.4,44.42430503267122,-0.04768596736797874,-0.0005633167642816642
132.5,44.419536435934425,-0.047742299044406904,-0.0007663736917612898
132.6,44.414762206029984,-0.04781893641358303,-0.0009300306419294353
132.70000000000002,44.409980312388626,-0.04791193947777599,-0.0009676791177725402
132.8,44.40518911844085,-0.04800870738955324,-0.0009856910743281104
132.9,44.40038824770189,-0.04810727649698605,-0.0010588338905734899
133.0,44.39557752005219,-0.04821315988604339,-0.0011944872207510905
133.1,44.39075620406359,-0.04833260860811849,-0.0012848028180348213
133.20000000000002,44.38592294320278,-0.048461088889922004,-0.0013311718222486287
133.3,44.38107683431379,-0.04859420607214686,-0.0013662878839761166
133.4,44.37621741370657,-0.04873083486054446,-0.0013485611129166676
133.5,44.371344330220516,-0.04886569097183612,-0.0013162576613150927
133.6,44.366457761123336,-0.048997316737967624,-0.0012522959266007755
133.70000000000002,44.36155802944953,-0.04912254633062773,-0.001113508045215491
133.8,44.35664577481647,-0.04923389713514927,-0.0008910498512280047
133.9,44.35172238510296,-0.04932300212027207,-0.0006101132687426
134.0,44.346790084890934,-0.049384013447146324,-0.0002947617132482456
134.1,44.34185168354622,-0.04941348961847115,-2.1177398872718926e-05
134.20000000000002,44.33691033458437,-0.04941560735835842,0.00016464437210366825
134.3,44.33196877384854,-0.049399142921148054,0.0003534412835177532
134.4,44.32702885955642,-0.04936379879279628,0.0005394234402834487
134.5,44.32209247967714,-0.04930985644876794,0.0006694435597183155
134.6,44.31716149403226,-0.04924291209279611,0.0007301764922271614
134.70000000000002,44.312237202822985,-0.04916989444357338,0.0007781066524808781
134.8,44.307320213378624,-0.049092083778325295,0.0008147791778441207
134.9,44.30241100500079,-0.04901060586054089,0.000758170263324047
135.0,44.29750994441474,-0.04893478883420849,0.0006356182507299635
135.1,44.29261646553132,-0.048871227009135494,0.000516434477394003
135.20000000000002,44.2877293428304,-0.04881958356139608,0.00042230594145857184
135.3,44.282847384474266,-0.04877735296725023,0.0003715984546369611
135.4,44.27796964917754,-0.04874019312178653,0.00030528651988432146
135.5,44.27309562986536,-0.0487096644697981,0.0002694709166801438
135.6,44.26822466341838,-0.04868271737813009,0.0001370672537769451
135.70000000000002,44.26335639168057,-0.04866901065275239,2.1888869229312458e-05
135.8,44.2584894906153,-0.04866682176582946,-0.00012187741401160217
135.9,44.25362280843871,-0.04867900950723062,-0.0003134241303964958
136.0,44.248754907487985,-0.04871035192027027,-0.0005060963944106554
136.1,44.24388387229596,-0.04876096155971133,-0.0007345082298823298
136.20000000000002,44.23900777613999,-0.04883441238269958,-0.000950023089298145
136.3,44.23412433490172,-0.04892941469162939,-0.0011237090705796344
136.4,44.229231393432556,-0.04904178559868735,-0.001319036393785117
136.5,44.22432721487269,-0.04917368923806585,-0.0015458155311737405
136.6,44.21940984594888,-0.04932827079118322,-0.0017869957870059283
136.70000000000002,44.214477018869765,-0.04950697036988385,-0.002040029441556767
136.8,44.209526321832776,-0.049710973314039515,-0.0023478429871028692
136.9,44.20455522450137,-0.04994575761274979,-0.0026918948572483285
137.0,44.199560648740096,-0.050214947098474606,-0.003039877526163046
137.1,44.19453915403025,-0.050518934851090894,-0.003446927537047222
137.20000000000002,44.189487260545135,-0.050863627604795694,-0.003855056155394759
137.3,44.18440089778466,-0.05124913322033515,-0.0042503168235731225
137.4,44.17927598446263,-0.051674164902692436,-0.004651731454970152
137.5,44.174108567972354,-0.052139338048189425,-0.005103672298362392
137.6,44.168894634167536,-0.052649705278025635,-0.0054169646786200905
137.70000000000002,44.16362966363973,-0.05319140174588777,-0.005551401155636623
137.8,44.15831052346515,-0.0537465418614514,-0.005668674312401718
137.9,44.152935869279,-0.05431340929269154,-0.005825742688318395
138.0,44.147504528349735,-0.054895983561523344,-0.005945388210501284
138.1,44.14201492999358,-0.05549052238257344,-0.006016285368487063
138.20000000000002,44.13646587775532,-0.05609215091942228,-0.006000271197627507
138.3,44.13085666266338,-0.056692178039185,-0.005865150751038273
138.4,44.12518744485946,-0.05727869311428879,-0.005740795477538106
138.5,44.119459575548035,-0.05785277266204257,-0.005644913583499446
138.6,44.11367429828183,-0.05841726402039248,-0.0054731064179772875
138.70000000000002,44.10783257187979,-0.058964574662190336,-0.005305068063742476
138.8,44.10193611441357,-0.059495081468564553,-0.005151605740452788
138.9,44.09598660626671,-0.0600102420426098,-0.0051062212964776135
139.0,44.089985582062454,-0.060520864172257535,-0.005084944197336222
139.1,44.083933495645226,-0.06102935859199113,-0.005106593062594746
139.20000000000002,44.07783055978603,-0.06154001789825072,-0.005097640386119233
139.3,44.071676557996206,-0.062049781936862614,-0.005017822796127427
139.4,44.06547157980252,-0.06255156421647533,-0.004898834933337316
139.5,44.05921642338087,-0.06304144770980903,-0.0047906997384450315
139.6,44.05291227860989,-0.06352051768365351,-0.00463821138963294
139.70000000000002,44.04656022684152,-0.0639843388226169,-0.004487691520528558
139.8,44.04016179295926,-0.06443310797466974,-0.0043150769985691685
139.9,44.033718482161795,-0.06486461567452663,-0.004144558274904689
140.0,44.02723202059434,-0.06527907150201707,-0.003955880541880677
140.1,44.02070411344414,-0.06567465955620512,-0.0037412386138203735
140.20000000000002,44.01413664748852,-0.06604878341758724,-0.0035430544004435363
140.3,44.00753176914676,-0.06640308885763158,-0.0033748889921696697
140.4,44.000891460260995,-0.06674057775684852,-0.0032766124592726238
140.5,43.99421740248531,-0.06706823900277577,-0.003179399664944752
140.6,43.98751057858504,-0.06738617896927022,-0.003055908543182078
140.70000000000002,43.98077196068811,-0.0676917698235885,-0.0029505301592970836
140.8,43.97400278370575,-0.0679868228395182,-0.002864654140045549
140.9,43.9672041014218,-0.06827328825352273,-0.0029001819898212804
141.0,43.96037677259645,-0.06856330645250484,-0.0029727423258247036
141.1,43.9535204419512,-0.0688605806850873,-0.0029132438414454826
141.20000000000002,43.94663438388268,-0.06915190506923191,-0.0027758697582107496
141.3,43.939719193375765,-0.06942949204505297,-0.0026426313120997526
141.4,43.93277624417126,-0.06969375517626293,-0.002516393686271411
141.5,43.92580686865363,-0.06994539454489006,-0.002399097473631537
141.6,43.91881232919914,-0.0701853042922532,-0.0022247758549582214
141.70000000000002,43.911793798769914,-0.07040778187774907,-0.002050702877927474
141.8,43.90475302058214,-0.0706128521655418,-0.0019122358679386474
141.9,43.89769173536559,-0.07080407575233566,-0.0017190347953599118
142.0,43.89061132779035,-0.07097597923187164,-0.0014676679879904177
142.1,43.88351372986717,-0.07112274603067067,-0.0012139404702253569
142.20000000000002,43.8764014552641,-0.07124414007769324,-0.0009762779021412482
142.3,43.86927704125633,-0.07134176786790736,-0.0007953831502917793
142.4,43.86214286446954,-0.07142130618293653,-0.0007138752687896727
142.5,43.85500073385125,-0.0714926937098155,-0.0006277097251385445
142.6,43.847851464480264,-0.07155546468232934,-0.0005673705132557092
142.70000000000002,43.84069591801203,-0.07161220173365493,-0.0005404298334330289
142.8,43.833534697838665,-0.07166624471699823,-0.00046525136845557017
142.9,43.826368073366964,-0.07171276985384378,-0.0003761749020174612
143.0,43.81919679638158,-0.07175038734404553,-0.0003173135594378332
143.1,43.81202175764718,-0.07178211869998931,-0.00025403777425389345
143.20000000000002,43.804843545777175,-0.0718075224774147,-0.00021568826519020705
143.3,43.79766279352944,-0.07182909130393372,-0.00012758126154755638
143.4,43.79047988439904,-0.07184184943008848,3.931491786874021e-05
143.5,43.78329569945603,-0.0718379179383016,0.0002612972667189055
143.6,43.776111907662205,-0.07181178821162972,0.0005523070920063343
143.70000000000002,43.76893072884104,-0.07175655750242907,0.0007309370907127437
143.8,43.7617550730908,-0.0716834637933578,0.0008550366297959341
143.9,43.754586726711466,-0.07159796013037821,0.0009090686106462926
144.0,43.747426930698424,-0.07150705326931359,0.0008546330362945373
144.1,43.740276225371495,-0.07142158996568414,0.0007828314134898258
144.20000000000002,43.73313406637492,-0.07134330682433514,0.0007196716889950181
144.3,43.72599973569249,-0.07127133965543564,0.000584175408493459
144.4,43.71887260172695,-0.0712129221145863,0.0003821355789590748
144.5,43.71175130951549,-0.07117470855669039,0.00024412327585197902
144.6,43.704633838659824,-0.0711502962291052,0.0001172566252498075
144.70000000000002,43.69751880903691,-0.07113857056658021,7.943013321202071e-05
144.8,43.690404951980256,-0.07113062755325901,6.18778406069644e-06
144.9,43.683291889224925,-0.07113000877485294,4.205326664813675e-06
145.0,43.676178888347444,-0.07112958824218646,4.3503915825307246e-05
145.1,43.66906592952322,-0.07112523785060393,0.00014611666010657672
145.20000000000002,43.66195340573816,-0.07111062618459327,0.0002615988000107132
145.3,43.654842343119704,-0.0710844663045922,0.0004266203894212859
145.4,43.64773389648924,-0.07104180426565007,0.0005902825119185109
145.5,43.640629716062676,-0.07098277601445822,0.0006852701623579317
145.6,43.63353143846123,-0.07091424899822243,0.0007322470612529108
145.70000000000002,43.62644001356141,-0.07084102429209713,0.0007742387634957378
145.8,43.6193559111322,-0.07076360041574756,0.000863161350349633
145.9,43.61227955109062,-0.0706772842807126,0.0009066544610407916
146.0,43.605211822662554,-0.07058661883460852,0.0009124231160268466
146.1,43.59815316077909,-0.07049537652300585,0.0009228908108613998
146.20000000000002,43.59110362312679,-0.07040308744191968,0.0009980514909176687
146.3,43.584063314382604,-0.07030328229282792,0.0010578054749151623
146.4,43.57703298615332,-0.07019750174533641,0.001220026850530867
146.5,43.570013235978784,-0.07007549906028333,0.0014244985896733873
146.6,43.563005686072756,-0.069933049201316,0.0016236090030816636
146.70000000000002,43.55601238115263,-0.0697706883010078,0.001862102795207982
146.8,43.54903531232252,-0.06958447802148701,0.002093874855455099
146.9,43.542076864520375,-0.06937509053594151,0.0022718177213148965
147.0,43.53513935546678,-0.06914790876381004,0.0024755206847978956
147.1,43.5282245645904,-0.06890035669533026,0.0026665409035164277
147.20000000000002,43.52133452892087,-0.06863370260497856,0.002842154170320683
147.3,43.51447115866037,-0.0683494871879465,0.0030340898935070698
147.4,43.50763620994157,-0.06804607819859582,0.0032686972294912933
147.5,43.500831602121714,-0.0677192084756467,0.003583586297498313
147.6,43.49405968127415,-0.0673608498458969,0.0038819825665694697
147.70000000000002,43.487323596289556,-0.06697265158923986,0.004176321192495518
147.8,43.48062633113064,-0.06655501946999033,0.0044282563357579425
147.9,43.473970829183635,-0.06611219383641456,0.004683546166635705
148.0,43.4673596098,-0.06564383921975102,0.004954473998702584
148.1,43.46079522587802,-0.06514839181988079,0.005156202657135504
148.20000000000002,43.454280386696034,-0.06463277155416712,0.005335794311112111
148.3,43.447817109540615,-0.06409919212305594,0.0054820610337181
148.4,43.44140719032831,-0.06355098601968416,0.0055896524555546345
148.5,43.43505209172634,-0.06299202077412873,0.0057097995912810725
148.6,43.42875288964893,-0.062421040815000654,0.0057988263392166894
148.70000000000002,43.422510785567425,-0.061841158181078854,0.00589900441799038
148.8,43.416326669749324,-0.06125125773927985,0.00609624310391188
148.9,43.41020154397539,-0.060641633428888696,0.006357412027052937
149.0,43.404137380632505,-0.06000589222618344,0.006634808586680504
149.1,43.39813679140989,-0.059342411367515426,0.00688577535537398
149.20000000000002,43.39220255027313,-0.05865383383197787,0.007134318195240661
149.3,43.38633716688994,-0.057940402012453845,0.007372608839266301
149.4,43.38054312668869,-0.05720314112852726,0.007607219550110708
149.5,43.374822812575836,-0.05644241917351623,0.007904952651057276
149.6,43.36917857065849,-0.05565192390841055,0.00823448167857642
149.70000000000002,43.363613378267644,-0.05482847574055272,0.008523580937710716
149.8,43.35813053069359,-0.053976117646781695,0.008873499063107948
149.9,43.352732918928915,-0.05308876774047095,0.009263702505211038
150.0,43.34742404215486,-0.0521623974899499,0.009578396452261998
150.1,43.34220780240587,-0.051204557844723754,0.009859781171796166
150.20000000000002,43.337087346621395,-0.05021857972754391,0.010096720974619255
150.3,43.332065488648645,-0.049208907630082045,0.01026859012623979
150.4,43.327144597885635,-0.048182048617458124,0.010456676876681973
150.5,43.32232639302389,-0.04713638092978999,0.010610594348382983
150.6,43.31761275493091,-0.04607532149495175,0.010764939349003405
150.70000000000002,43.31300522278141,-0.04499882756005116,0.010874423324124104
150.8,43.30850534002541,-0.043911385227638815,0.01094929339567438
150.9,43.30411420150265,-0.04281645588807144,0.01107927219626243
151.0,43.29983255591384,-0.04170852866844526,0.011146097378884065
151.1,43.295661703046996,-0.040593918930556916,0.011191506967359413
151.20000000000002,43.29160231115394,-0.03947476823382072,0.01118127661567014
151.3,43.28765483433055,-0.03835664057225377,0.011084250033730833
151.4,43.28381917027333,-0.03724821556888075,0.010993209206204557
151.5,43.280094348716446,-0.036148894648260356,0.010936463225649017
151.6,43.27647945925162,-0.035055248325695516,0.01090083153884614
151.70000000000002,43.27297393441905,-0.033965165171810655,0.010868673213315631
151.8,43.269577417901864,-0.03287829785047915,0.010781431250176514
151.9,43.26628958811682,-0.03180015472546156,0.01069292997559609
152.0,43.263109572644275,-0.030730861727902015,0.010646219874602523
152.1,43.260036486471485,-0.029666239740441823,0.010572123605985483
152.20000000000002,43.25706986249744,-0.028609027379843034,0.010508889972815669
152.3,43.25420895975945,-0.027558138382561527,0.010416866578497401
152.4,43.2514531459212,-0.026516451724711846,0.01029952192834318
152.5,43.248801500748726,-0.025486499531877586,0.010175241407502355
152.6,43.24625285079554,-0.02446897539112741,0.010056646771658722
152.70000000000002,43.24380595325643,-0.023463310713961308,0.010002033223651306
152.8,43.24145962218503,-0.022463107391596234,0.010011775376369561
152.9,43.23921331144587,-0.021461929853959335,0.010061374565797452
153.0,43.23706711846047,-0.020455792397379647,0.009987634725998526
153.1,43.23502153922074,-0.01945702892477985,0.009908747817155459
153.20000000000002,43.23307583632826,-0.01846615414306408,0.009925165305864668
153.3,43.23122922091395,-0.01747363761247767,0.00991282048159234
153.4,43.229481857152706,-0.016482355564318492,0.009960267065026254
153.5,43.227833621596275,-0.015486328857815923,0.01001093893054902
153.60000000000002,43.22628498871049,-0.014485234964760793,0.01011582648930365
153.70000000000002,43.22483646521401,-0.013473652315830486,0.01015480216224571
153.8,43.22348909998243,-0.012458172099605973,0.010158278412924047
153.9,43.222243282772475,-0.011442344258313626,0.010121123043482543
154.0,43.22109904834664,-0.010430231953965429,0.010073239852532723
154.10000000000002,43.220056025151244,-0.009422907968711928,0.009952217573263668
154.20000000000002,43.21911373435437,-0.008427686211385618,0.009803492947476867
154.3,43.21827096573323,-0.007447336916637987,0.009549242122134533
154.4,43.21752623204157,-0.006492412704424588,0.009287345931462338
154.5,43.21687699077113,-0.0055636781112784065,0.009045786669241482
154.60000000000002,43.21632062296,-0.0046590994443540526,0.008748810883591512
154.70000000000002,43.21585471301557,-0.003784218355994951,0.008474340952851867
154.8,43.21547629117997,-0.0029367842607098127,0.008176701766447279
154.9,43.21518261275389,-0.0021191140840651312,0.007936866672316837
155.0,43.214970701345486,-0.0013254274168334928,0.00776563434125109
155.10000000000002,43.214838158603804,-0.0005488639827082071,0.007660246278128587
155.20000000000002,43.21478327220553,0.00021716064510460796,0.007597207235780092
155.3,43.214804988270046,0.000976881368682574,0.007424565300241765
155.4,43.214902676406915,0.0017193378987067083,0.007143169368300724
155.5,43.21507461019678,0.00243365483553674,0.006825794210364623
155.60000000000002,43.215317975680335,0.0031162342565733575,0.0065204146730681095
155.70000000000002,43.215629599105995,0.0037682757238801314,0.006270436222377296
155.8,43.21600642667838,0.004395319346117825,0.0060436696569178255
155.9,43.216445958612994,0.0049996863118095735,0.005809933906292982
156.0,43.216945927244176,0.005580679702438839,0.005526510363350422
156.10000000000002,43.217503995214415,0.006133330738774007,0.005187379732035039
156.20000000000002,43.218117328288294,0.006652068711977481,0.004785822240738362
156.3,43.21878253515949,0.00713065093605129,0.004373031583427744
156.4,43.2194956002531,0.0075679540943940395,0.0039055937453107113
156.5,43.22025239566254,0.007958513468925088,0.0033566008638539167
156.60000000000002,43.22104824700943,0.008294173555310556,0.00286228241959097
156.70000000000002,43.22187766436496,0.008580401797269637,0.0024130861130777417
156.8,43.22273570454469,0.008821710408577398,0.00199631048761668
156.9,43.223617875585546,0.009021341457339054,0.0015984785878765367
157.0,43.22452000973128,0.009181189316126699,0.0012865281078601836
157.10000000000002,43.225438128662894,0.009309842126912746,0.0010017374260964816
157.20000000000002,43.22636911287558,0.009410015869522389,0.0008193484984197802
157.3,43.22731011446253,0.009491950719364362,0.000682198453573813
157.4,43.22825930953447,0.00956017056472174,0.0005459572805873029
157.5,43.229215326590946,0.009614766292780467,0.00042431923100609624
157.60000000000002,43.230176803220225,0.009657198215881086,0.0004086621332930845
157.70000000000002,43.23114252304181,0.009698064429210392,0.0004032988383636617
157.8,43.232112329484735,0.009738394313046756,0.00038738606161225814
157.9,43.23308616891604,0.00977713291920798,0.00037628874565786137
158.0,43.234063882207955,0.009814761793773764,0.0004325217330680408
158.10000000000002,43.23504535838733,0.009858013967080578,0.0004948301136494252
158.20000000000002,43.23603115978404,0.009907496978445517,0.0005467457460760528
158.3,43.23702190948189,0.00996217155305312,0.0005896024664219292
158.4,43.23801812663719,0.010021131799695309,0.0005920216610311678
158.5,43.239020239817165,0.010080333965798422,0.0005317651781331685
158.60000000000002,43.24002827321374,0.010133510483611751,0.0004645105831982674
158.70000000000002,43.2410416242621,0.010179961541931576,0.00035286502066510857
158.8,43.2420596204163,0.010215248043998084,0.00031388087928586585
158.9,43.2430811452207,0.01024663613192667,0.00024002703230567555
159.0,43.244105808833886,0.010270638835157235,0.0001761522121258451
159.10000000000002,43.245132872717406,0.010288254056369824,6.193331046192371e-05
159.20000000000002,43.24616169812304,0.010294447387416016,-8.886998584161663e-05
159.3,43.24719114286178,0.010285560388831855,-0.0002098293441340994
159.4,43.24821969890067,0.010264577454418446,-0.0003170872515125343
159.5,43.24924615664611,0.010232868729267194,-0.0003659242473041981
159.60000000000002,43.25026944351904,0.010196276304536766,-0.0004333203801906788
159.70000000000002,43.251289071149486,0.0101529442665177,-0.0005420057206295295
159.8,43.25230436557614,0.010098743694454751,-0.0006881461283821849
159.9,43.25331423994559,0.010029929081616536,-0.000754606670162914
160.0,43.25431723285375,0.00995446841460025,-0.0007359098830128703
160.10000000000002,43.25531267969521,0.009880877426298946,-0.0007017174478677005
160.20000000000002,43.256300767437835,0.00981070568151218,-0.0006420121496493824
160.3,43.25728183800599,0.009746504466547245,-0.0005560851470513451
160.4,43.258256488452645,0.009690895951842114,-0.0004539214728034675
160.5,43.259225578047825,0.00964550380456177,-0.00035173279256989193
160.60000000000002,43.260190128428285,0.009610330525304772,-0.00022554908365650625
160.70000000000002,43.26115116148081,0.009587775616939123,-0.00015864119783204206
160.8,43.26210993904251,0.00957191149715592,-0.00011255202742491784
160.9,43.263067130192226,0.009560656294413428,-6.278220691127374e-05
161.0,43.264023195821665,0.009554378073722301,2.6110438220977198e-05
161.10000000000002,43.264978633629035,0.0095569891175444,0.00012461276703535861
161.20000000000002,43.265934332540795,0.009569450394247935,0.0002620492480572497
161.3,43.266891277580214,0.009595655319053658,0.00042725165829280223
161.4,43.26785084311212,0.009638380484882936,0.0006032244005317075
161.5,43.268814681160606,0.009698702924936103,0.0007374919821608097
161.60000000000002,43.26978455145311,0.009772452123152201,0.0008906022813795128
161.70000000000002,43.27076179666542,0.009861512351290147,0.0010555228912817714
161.8,43.27174794790055,0.009967064640418319,0.0011783060665139314
161.9,43.27274465436459,0.010084895247069705,0.001216656413056665
162.0,43.273753143889294,0.010206560888375365,0.001212653863171544
162.10000000000002,43.274773799978135,0.010327826274692547,0.0011485913235207694
162.20000000000002,43.275806582605604,0.010442685407044617,0.0010854117091589719
162.3,43.27685085114631,0.010551226577960508,0.0010336846778073794
162.4,43.2779059738041,0.01065459504574124,0.000995462478397308
162.5,43.278971433308676,0.010754141293580965,0.0009778070603940826
162.60000000000002,43.28004684743804,0.010851921999620396,0.0009655030703580759
162.70000000000002,43.281132039637995,0.010948472306656198,0.0010213040309079114
162.8,43.28222688686866,0.011050602709746983,0.001104435883312251
162.9,43.28333194713964,0.011161046298078202,0.0012073752424791161
163.0,43.284448051769445,0.011281783822326107,0.0013530280190564685
163.10000000000002,43.285576230151676,0.011417086624231784,0.0015551627120837502
163.20000000000002,43.2867179388141,0.01157260289544015,0.0017021663713744704
163.3,43.287875199103645,0.011742819532577588,0.0018119712069524288
163.4,43.28904948105691,0.01192401665327282,0.001930770592216783
163.5,43.29024188272223,0.012117093712494488,0.00203692348124339
163.60000000000002,43.29145359209348,0.012320786060618873,0.002154362386838916
163.70000000000002,43.29268567069954,0.012536222299302752,0.002295411156250328
163.8,43.29393929292947,0.012765763414927772,0.002443717765328174
163.9,43.29521586927096,0.013010135191460576,0.002492173814360631
164.0,43.29651688279011,0.013259352572896625,0.002509844750176826
164.10000000000002,43.2978428180474,0.013510337047914364,0.0025030033569328446
164.20000000000002,43.29919385175219,0.013760637383607634,0.0023995785005998644
164.3,43.300569915490556,0.014000595233667607,0.002322365265357191
164.4,43.30196997501392,0.014232831760203313,0.002298966799008729
164.5,43.30339325818994,0.014462728440104173,0.0022927421735140915
164.60000000000002,43.30483953103395,0.014692002657455634,0.0023065895768445343
164.70000000000002,43.306308731299694,0.014922661615140075,0.002333008135331713
164.8,43.30780099746121,0.015155962428673233,0.002275297048854691
164.9,43.309316593704075,0.015383492133558689,0.0021654952977470335
165.0,43.31085494291743,0.01560004166333338,0.002090735985183511
165.10000000000002,43.31241494708377,0.01580911526185178,0.0020663343951702255
165.20000000000002,43.31399585860995,0.01601574870136879,0.0021087377809193997
165.3,43.315597433480086,0.016226622479460717,0.0020815467081985108
165.4,43.31722009572803,0.016434777150280556,0.0020306930044147855
165.5,43.31886357344306,0.016637846450722023,0.0020538856306915646
165.60000000000002,43.320527358088135,0.016843235013791227,0.0020610905581160263
165.70000000000002,43.322211681589515,0.017049344069602818,0.0021081215229660517
165.8,43.323916615996474,0.01726015622189941,0.0021752211233075553
165.9,43.32564263161866,0.017477678334230154,0.0022480149050331066
166.0,43.327390399452085,0.017702479824733452,0.002326333000469442
166.10000000000002,43.32916064743456,0.01793511312478045,0.002330175832887069
166.20000000000002,43.33095415874704,0.018168130708069143,0.0022989426673823963
166.3,43.332770971817844,0.01839802497480737,0.002202327039685218
166.4,43.33461077431532,0.01861825767877588,0.0020992370911588286
166.5,43.336472600083205,0.01882818138789175,0.0019036277219452837
166.60000000000002,43.338355418221994,0.01901854416008632,0.001804655368353307
166.70000000000002,43.340257272638,0.01919900969692164,0.0016911111367676121
166.8,43.342177173607695,0.019368120810598393,0.0015456573086929982
166.9,43.34411398568875,0.019522686541467684,0.0014416557083796314
167.0,43.3460662543429,0.01966685211230564,0.0013648155015810062
167.10000000000002,43.34803293955413,0.01980333366246377,0.0013463368311942491
167.20000000000002,43.35001327292038,0.019937967345583188,0.0013538678358833163
167.3,43.35200706965494,0.020073354129171512,0.001351609581118567
167.4,43.35401440506785,0.02020851508728336,0.001308593735935946
167.5,43.35603525657658,0.020339374460876948,0.0011172092934217074
167.60000000000002,43.35806919402267,0.020451095390219144,0.0009168262773824426
167.70000000000002,43.360114303561694,0.020542778017957383,0.0007110785812351113
167.8,43.362168581363484,0.02061388587608089,0.0005123306188887317
167.9,43.3642299699511,0.02066511893796976,0.00038088980633651457
168.0,43.36629648184489,0.02070320791860341,0.0003332554517256342
168.10000000000002,43.36836680263675,0.02073653346377598,0.0002913123422940657
168.20000000000002,43.37044045598313,0.020765664698005386,0.00034628307693558455
168.3,43.37251702245293,0.020800293005698942,0.0004883457541201355
168.4,43.3745970517535,0.020849127581110953,0.0006809838244583836
168.5,43.37668196451161,0.020917225963556788,0.0009032326387957799
168.60000000000002,43.378773687107966,0.021007549227436386,0.0010894347733471986
168.70000000000002,43.38087444203071,0.0211164927047711,0.0012184873548347697
168.8,43.38298609130119,0.02123834144025457,0.0013333006597692344
168.9,43.385109925445214,0.021371671506231486,0.0014530818482116688
169.0,43.387247092595835,0.021516979691052644,0.0016804287122899535
169.10000000000002,43.38939879056494,0.021685022562281678,0.0019190557823463344
169.20000000000002,43.39156729282117,0.0218769281405163,0.0021599810580436563
169.3,43.39375498563522,0.022092926246320654,0.0024057221695540274
169.4,43.395964278259854,0.022333498463276043,0.0026523344857633715
169.5,43.39819762810618,0.022598731911852365,0.002905378083300872
169.60000000000002,43.40045750129737,0.022889269720182518,0.0030980119496788775
169.70000000000002,43.40274642826938,0.023199070915150388,0.003265560676129776
169.8,43.4050663353609,0.023525626982763347,0.003368731339039294
169.9,43.40741889805918,0.023862500116667257,0.003374912510691869
170.0,43.409805148070845,0.024199991367736425,0.0033963356730294914
170.10000000000002,43.412225147207614,0.02453962493503945,0.0033466406109281493
170.20000000000002,43.41467910970112,0.024874288996132247,0.00323033040855997
170.3,43.41716653860073,0.025197322036988226,0.003142473339313381
170.4,43.41968627080443,0.025511569370919546,0.003126000164044092
170.5,43.42223742774152,0.025824169387323938,0.003089877894260967
170.60000000000002,43.42481984468026,0.026133157176750105,0.0029553585182231306
170.70000000000002,43.42743316039793,0.0264286930285724,0.0027787821289406763
170.8,43.430076029700786,0.026706571241466453,0.0026274928293288265
170.9,43.432746686824935,0.02696932052439932,0.0025060479695696754
171.0,43.43544361887737,0.027219925321356274,0.0023222128897095523
171.10000000000002,43.43816561140951,0.027452146610327282,0.00207943176815309
171.20000000000002,43.44091082607054,0.02766008978714258,0.0018591555096994174
171.3,43.44367683504926,0.02784600533811251,0.001692962985794271
171.4,43.44646143558307,0.028015301636691928,0.001543964480380575
171.5,43.44926296574674,0.028169698084729976,0.0013683601892982439
171.60000000000002,43.45207993555521,0.028306534103659832,0.0012025634547353076
171.70000000000002,43.454910588965575,0.028426790449133356,0.0011119680034768077
171.8,43.45775326801049,0.02853798724948103,0.0010046311393274944
171.9,43.46060706673544,0.028638450363413774,0.0009087934881129261
172.0,43.46347091177178,0.02872932971222506,0.0008053513199466734
172.10000000000002,43.466343844743,0.028809864844219747,0.0007258942664270237
172.20000000000002,43.46922483122742,0.028882454270862445,0.000620143234702116
172.3,43.47211307665451,0.028944468594332654,0.00045154100168916033
172.4,43.475007523513945,0.028989622694501567,0.00023183967372342808
172.5,43.47790648578339,0.02901280666187391,-8.62158808392367e-05
172.60000000000002,43.48080776644958,0.029004185073789983,-0.00042994782894298036
172.70000000000002,43.48370818495696,0.028961190290895687,-0.0007241541540156378
172.8,43.48660430398605,0.028888774875494128,-0.001033363252350764
172.9,43.4894931814736,0.028785438550259057,-0.0013755779714924676
173.0,43.492371725328624,0.028647880753109818,-0.0017306332639534466
173.10000000000002,43.49523651340394,0.028474817426714434,-0.0020937262950221852
173.20000000000002,43.49808399514661,0.028265444797212227,-0.0023875684332459704
173.3,43.50091053962633,0.028026687953887644,-0.0027648316086814105
173.4,43.503713208421715,0.02775020479301952,-0.0031642161951124926
173.5,43.50648822890102,0.027433783173508287,-0.003521883985451374
173.60000000000002,43.50923160721837,0.02708159477496307,-0.0038515272860118366
173.70000000000002,43.51193976669587,0.026696442046361908,-0.004143424825182936
173.8,43.514609410900505,0.026282099563843638,-0.00443673816482187
173.9,43.51723762085689,0.025838425747361476,-0.004752797996169122
174.0,43.519821463431626,0.02536314594774459,-0.005141274133876061
174.10000000000002,43.5223577780264,0.02484901853435687,-0.0055773985825703695
174.20000000000002,43.52484267987983,0.024291278676099863,-0.005983626571495648
174.3,43.52727180774745,0.023692916018950332,-0.0063416000796701205
174.4,43.52964109934934,0.023058756010983356,-0.0066655862599715775
174.5,43.531946974950436,0.022392197384986236,-0.006963581973165301
174.60000000000002,43.534186194688935,0.021695839187669548,-0.0072866563170310965
174.70000000000002,43.5363557786077,0.02096717355596648,-0.00756744788534746
174.8,43.5384524959633,0.020210428767431777,-0.0077843196995830335
174.9,43.54047353884004,0.019431996797473518,-0.008038430534534733
175.0,43.54241673851979,0.01862815374402009,-0.008306298783768448
175.10000000000002,43.54427955389419,0.017797523865643056,-0.00854055847155654
175.20000000000002,43.54605930628075,0.01694346801848745,-0.008796140163509644
175.3,43.54775365308261,0.016063854002136536,-0.008998596471786633
175.4,43.54936003848282,0.015163994354957924,-0.009099126597655861
175.5,43.55087643791831,0.01425408169519239,-0.009221766715492559
175.60000000000002,43.552301846087836,0.013331905023642924,-0.009379939145184151
175.70000000000002,43.5536350365902,0.012393911109124562,-0.009537449838047234
175.8,43.55487442770111,0.011440166125319893,-0.009689293485999716
175.9,43.556018444313644,0.010471236776719977,-0.009794129270849132
176.0,43.557065567991316,0.009491823849635119,-0.00981101477409144
176.10000000000002,43.55801475037628,0.008510722372225752,-0.009797636171458006
176.20000000000002,43.5588658226135,0.007530958755080007,-0.009676042424297515
176.3,43.55961891848901,0.006563354512650311,-0.009541956775466527
176.4,43.560275253940276,0.005609158835103712,-0.00945232020085513
176.5,43.56083616982379,0.004663926815018253,-0.009364800049203164
176.60000000000002,43.56130256250529,0.003727446810097724,-0.009262916055721956
176.70000000000002,43.5616753071863,0.002801155204525581,-0.009131566248661701
176.8,43.561955422706745,0.0018879985796594627,-0.008942656587883778
176.9,43.56214422256471,0.0009937329208711356,-0.008697006517623486
177.0,43.5622435958568,0.00012403226910883645,-0.008427841868715258
177.10000000000002,43.56225599908371,-0.0007187519177628809,-0.008052994366862845
177.20000000000002,43.56218412389194,-0.0015240513544491196,-0.007703437678166919
177.3,43.562031718756494,-0.0022943951222657677,-0.0073094193846480245
177.4,43.56180227924426,-0.0030253370607305286,-0.006936799853126149
177.5,43.56149974553819,-0.003719017046043104,-0.0065998158404591625
177.60000000000002,43.56112784383359,-0.00437899863008917,-0.006336714452750427
177.70000000000002,43.56068994397058,-0.005012670075364177,-0.006075096286467786
177.8,43.560188676963044,-0.005620179704010921,-0.005792048749380038
177.9,43.55962665899264,-0.006199384578948892,-0.005532525330764597
178.0,43.55900672053475,-0.00675263711202532,-0.005304046086837561
178.10000000000002,43.558331456823545,-0.007283041720709197,-0.0051011340180837465
178.20000000000002,43.557603152651474,-0.0077931551225175425,-0.004880223599493961
178.3,43.55682383713922,-0.00828117748246691,-0.0045808437011846115
178.4,43.55599571939097,-0.008739261852585346,-0.004330459396125183
178.5,43.555121793205714,-0.00917230779219784,-0.004131328589057311
178.60000000000002,43.5542045624265,-0.009585440651103665,-0.003998906154706746
178.70000000000002,43.553246018361385,-0.009985331266574317,-0.003830912191958173
178.8,43.55224748523473,-0.010368422485770112,-0.0036511750059400184
178.9,43.55121064298615,-0.010733539986364093,-0.0034825315954410234
179.0,43.550137288987514,-0.011081793145908176,-0.0032634752691223065
179.10000000000002,43.54902910967292,-0.01140814067282048,-0.0030084272549413234
179.20000000000002,43.547888295605645,-0.011708983398314596,-0.0028222138823278233
179.3,43.54671739726581,-0.011991204786547362,-0.0027118045451265753
179.4,43.545518276787156,-0.012262385241060004,-0.0026625318493688406
179.5,43.54429203826305,-0.012528638425996873,-0.002635581282470289
179.60000000000002,43.54303917442045,-0.012792196554243962,-0.0026818981804036454
179.70000000000002,43.54175995476503,-0.013060386372284311,-0.002804516578335442
179.8,43.540453916127795,-0.01334083803011784,-0.002967319713764681
179.9,43.539119832324786,-0.01363757000149429,-0.0031227904530346487
180.0,43.53775607532464,-0.013949849046797738,-0.003201325738215883
180.10000000000002,43.53636109041996,-0.014269981620619399,-0.003311448172370679
180.20000000000002,43.53493409225789,-0.014601126437856448,-0.003397341555917337
180.3,43.53347397961411,-0.014940860593448162,-0.003336189997984374
180.4,43.53197989355476,-0.01527447959324658,-0.003248200807949829
180.5,43.53045244559544,-0.015599299674041545,-0.003196264269779219
180.60000000000002,43.52889251562804,-0.01591892610101954,-0.0031900480420374378
180.70000000000002,43.527300623017936,-0.016237930905223266,-0.003163643785326464
180.8,43.52567682992741,-0.016554295283755894,-0.0030932349110214205
180.9,43.524021400399036,-0.01686361877485802,-0.0030365398904771265
181.0,43.52233503852155,-0.017167272763905714,-0.0030150566680635454
181.10000000000002,43.52061831124516,-0.017468778430712137,-0.002977725570515485
181.20000000000002,43.51887143340209,-0.01776655098776367,-0.002902718829878295
181.3,43.51709477830331,-0.01805682287075148,-0.0028120586434588137
181.4,43.51528909601624,-0.018338028735097347,-0.0027173299142168265
181.5,43.51345529314273,-0.018609761726519014,-0.0026429322691150113
181.60000000000002,43.511594316970076,-0.018874054953430575,-0.0025697402317515707
181.70000000000002,43.50970691147473,-0.019131028976605718,-0.002476759500399455
181.8,43.50779380857707,-0.01937870492664565,-0.0023941952876188584
181.9,43.50585593808441,-0.01961812445540752,-0.0023451635204868536
182.0,43.503894125638865,-0.019852640807456193,-0.002294094190598768
182.10000000000002,43.50190886155812,-0.020082050226516122,-0.002299292181811913
182.20000000000002,43.499900656535466,-0.0203119794446973,-0.002272921568639415
182.3,43.497869458591,-0.02053927160156123,-0.002221732491712544
182.4,43.49581553143084,-0.02076144485073247,-0.002133013347968473
182.5,43.49373938694577,-0.020974746185529306,-0.0019776187489555313
182.60000000000002,43.49164191232722,-0.021172508060424904,-0.0018482656997477833
182.70000000000002,43.48952466152117,-0.021357334630399672,-0.0017668971612054168
182.8,43.48738892805813,-0.021534024346520204,-0.0016852319174162204
182.9,43.48523552562348,-0.021702547538261816,-0.0016132122516684473
183.0,43.48306527086966,-0.021863868763428652,-0.0015350976587065446
183.10000000000002,43.48087888399331,-0.02201737852929934,-0.0014535753765958705
183.20000000000002,43.478677146140384,-0.02216273606695892,-0.0014246472198884673
183.3,43.476460872533686,-0.02230520078894776,-0.0014288384214963237
183.4,43.47423035245479,-0.022448084631097383,-0.0013599528395727156
183.5,43.471985543991686,-0.022584079915054647,-0.001336079086844419
183.60000000000002,43.469727136000174,-0.02271768782373912,-0.0012770479194221978
183.70000000000002,43.4674553672178,-0.02284539261568133,-0.0011666864292702414
183.8,43.465170827956236,-0.02296206125860835,-0.0010794917959815107
183.9,43.46287462183037,-0.023070010438206494,-0.0010339702788942048
184.0,43.460567620786556,-0.02317340746609591,-0.0009868652608702362
184.10000000000002,43.45825028003994,-0.023272093992182954,-0.0009663838471855724
184.20000000000002,43.45592307064072,-0.023368732376901506,-0.0008986182128147513
184.3,43.453586197403034,-0.023458594198182976,-0.000810551566605468
184.4,43.451240337983215,-0.02353964935484352,-0.00062180030778878
184.5,43.448886373047735,-0.023601829385622393,-0.0004627749117412638
184.60000000000002,43.44652619010917,-0.02364810687679653,-0.00025969522484339206
184.70000000000002,43.44416137942149,-0.023674076399280868,-7.582324453324783e-05
184.8,43.441793971781564,-0.023681658723734192,9.890814391990417e-05
184.9,43.43942580590919,-0.023671767909342202,0.000249814073574724
185.0,43.437058629118255,-0.02364678650198473,0.0004083784753277615
185.10000000000002,43.43469395046806,-0.023605948654451946,0.0006808756485157356
185.20000000000002,43.43233335560261,-0.023537861089600376,0.000938874893135854
185.3,43.42997956949365,-0.023443973600286796,0.0011861825432532538
185.4,43.42763517213362,-0.023325355345961477,0.0013922201762196177
185.5,43.42530263659903,-0.023186133328339523,0.0015223402394950328
185.60000000000002,43.422984023266196,-0.023033899304389985,0.0016819558535240058
185.70000000000002,43.420680633335756,-0.022865703719037594,0.0018078149468366334
185.8,43.41839406296385,-0.02268492222435394,0.0019176687683784535
185.9,43.416125570741414,-0.022493155347516107,0.002096727880555574
186.0,43.41387625520667,-0.02228348255946056,0.0022921855972654953
186.10000000000002,43.41164790695072,-0.02205426399973396,0.0024322702172330925
186.20000000000002,43.409442480550744,-0.021811036978010664,0.0026083827541579464
186.3,43.407261376852944,-0.021550198702594885,0.0028247830864255386
186.4,43.405106356982685,-0.021267720393952347,0.0030370838802382455
186.5,43.40297958494329,-0.02096401200592854,0.0032408910677529574
186.60000000000002,43.40088318374269,-0.02063992289915317,0.003452161329928401
186.70000000000002,43.39881919145278,-0.02029470676616035,0.0036055884793026083
186.8,43.39678972077616,-0.01993414791823011,0.003664949032284419
186.9,43.39479630598434,-0.019567653015001688,0.0036585940467543515
187.0,43.39283954068284,-0.019201793610326274,0.0036581475464235813
187.10000000000002,43.39091936132181,-0.018835978855683833,0.0037073296763055095
187.20000000000002,43.38903576343624,-0.018465245888053303,0.0038226233076135104
187.3,43.387189238847434,-0.018082983557291973,0.003926486323710587
187.4,43.38538094049171,-0.017690334924920937,0.003985340759313072
187.5,43.383611906999214,-0.017291800848989652,0.003988307416794111
187.60000000000002,43.38188272691431,-0.01689297010731015,0.003938329535045167
187.70000000000002,43.380193429903585,-0.016499137153805656,0.003876129161182405
187.8,43.3785435161882,-0.016111524237687438,0.0036917742901138046
187.9,43.37693236376443,-0.01574234680867608,0.003422262406401915
188.0,43.375358129083565,-0.015400120568035906,0.0031134033659371008
188.10000000000002,43.373818117026765,-0.015088780231442125,0.002809044652460714
188.20000000000002,43.37230923900362,-0.01480787576619607,0.002544302132940843
188.3,43.370828451427,-0.014553445552902,0.0022652663170321424
188.4,43.369373106871706,-0.014326918921198799,0.0019058454877522767
188.5,43.367940414979586,-0.014136334372423582,0.0015175491604867682
188.60000000000002,43.36652678154235,-0.01398457945637487,0.0011735208610100913
188.70000000000002,43.36512832359671,-0.013867227370273868,0.000856391242333908
188.8,43.36374160085968,-0.013781588246040482,0.0005479280616468469
188.9,43.362363442035075,-0.0137267954398758,0.0002604868851987181
189.0,43.36099076249109,-0.01370074675135593,-3.3725640643046635e-05
189.10000000000002,43.359620687815955,-0.013704119315420236,-0.0003137541176533557
189.20000000000002,43.35825027588441,-0.01373549472718557,-0.000575983778353486
189.3,43.35687672641169,-0.013793093105020915,-0.0007994658720348224
189.4,43.35549741710119,-0.013873039692224393,-0.0010337842858620138
189.5,43.354110113131966,-0.013976418120810588,-0.0012327277465381716
189.60000000000002,43.35271247131989,-0.014099690895464433,-0.0013589766245972268
189.70000000000002,43.35130250223034,-0.014235588557924148,-0.001447311937873524
189.8,43.34987894337455,-0.014380319751711492,-0.0014526528207638647
189.9,43.34844091139938,-0.01452558503378787,-0.0013849020905045129
190.0,43.346988352896,-0.014664075242838314,-0.0012339660841307267
190.10000000000002,43.345521945371715,-0.014787471851251415,-0.0009832164622236611
190.20000000000002,43.34404319818659,-0.014885793497473775,-0.000771936293890658
190.3,43.34255461883684,-0.014962987126862837,-0.0006469980216224968
190.4,43.341058320124155,-0.015027686929025083,-0.0005229092587729445
190.5,43.33955555143125,-0.015079977854902374,-0.0003253250654467905
190.60000000000002,43.338047553645765,-0.01511251036144706,-8.880824310432222e-05
190.70000000000002,43.336536302609616,-0.015121391185757492,0.00014724859992403463
190.8,43.33502416349104,-0.01510666632576509,0.00040791964311371015
190.9,43.333513496858465,-0.015065874361453721,0.0007025145504148973
191.0,43.33200690942232,-0.014995622906412235,0.001002095566674224
191.10000000000002,43.33050734713168,-0.01489541334974479,0.0013864772311187035
191.20000000000002,43.3290178057967,-0.014756765626632928,0.0017166833058186314
191.3,43.32754212923404,-0.014585097296051074,0.0020544806796795934
191.4,43.32608361950444,-0.014379649228083127,0.0024003091878648463
191.5,43.32464565458163,-0.014139618309296656,0.002650937560521112
191.60000000000002,43.323231692750696,-0.013874524553244484,0.002774246398907153
191.70000000000002,43.32184424029538,-0.013597099913353785,0.0028127237741887513
191.8,43.32048453030404,-0.013315827535934925,0.0027808789640949867
191.9,43.31915294755045,-0.013037739639525443,0.002780193709304957
192.0,43.317849173586495,-0.012759720268594963,0.002878031847987702
192.10000000000002,43.316573201559635,-0.012471917083796127,0.0029904942395218986
192.20000000000002,43.315326009851255,-0.012172867659843954,0.0031181756817708632
192.3,43.31410872308527,-0.011861050091666886,0.003348633079782569
192.4,43.3129226180761,-0.011526186783688648,0.003608260964532564
192.5,43.31176999939773,-0.011165360687235412,0.003827041701508109
192.60000000000002,43.31065346332901,-0.010782656517084514,0.003994709658450281
192.70000000000002,43.309575197677304,-0.010383185551239509,0.0041847810823156546
192.8,43.30853687912218,-0.009964707443007967,0.004431442625527941
192.9,43.307540408377875,-0.009521563180455198,0.004695061632150287
193.0,43.30658825205983,-0.009052057017240196,0.004995918007619929
193.10000000000002,43.305683046358105,-0.00855246521647809,0.005349248528740041
193.20000000000002,43.30482779983646,-0.008017540363604116,0.00569393391140337
193.3,43.3040260458001,-0.007448146972463811,0.00593518074315129
193.4,43.30328123110285,-0.006854628898148716,0.006112589829065201
193.5,43.30259576821304,-0.0062433699152422304,0.006217373236419273
193.60000000000002,43.30197143122152,-0.005621632591600162,0.006347078968070649
193.70000000000002,43.301409267962356,-0.004986924694793133,0.0064123552592857975
193.8,43.30091057549288,-0.00434568916886459,0.006479023865326198
193.9,43.30047600657599,-0.0036977867823320067,0.006437055728637788
194.0,43.30010622789776,-0.0030540812094682645,0.006330951593439375
194.10000000000002,43.299800819776806,-0.002420986050124183,0.00617106359802432
194.20000000000002,43.2995587211718,-0.001803879690321786,0.005999495016822323
194.3,43.29937833320276,-0.0012039301886395879,0.005815827793056311
194.4,43.2992579401839,-0.0006223474093339899,0.005658891981913331
194.5,43.29919570544297,-5.645821114268897e-05,0.005586089850696322
194.60000000000002,43.29919005962185,0.0005021507739270703,0.00561564709348829
194.70000000000002,43.299240274699244,0.0010637154832758673,0.005550783507601223
194.8,43.29934664624757,0.001618793834035958,0.005518361747739209
194.9,43.299508525630976,0.0021706300088098476,0.005446597742729804
195.0,43.29972558863186,0.002715289783082797,0.005382980654644211
195.10000000000002,43.29999711761017,0.0032535878485473405,0.005210510551978995
195.20000000000002,43.30032247639502,0.0037746389037452105,0.005094594096438321
195.3,43.3006999402854,0.004284098313389014,0.005067906906569407
195.4,43.301128350116734,0.0047908890040459255,0.0051304645019223175
195.5,43.30160743901714,0.005303935454238128,0.005162620328023534
195.60000000000002,43.302137832562565,0.005820197487040599,0.005198605753107822
195.70000000000002,43.30271985231126,0.0063400580623513515,0.005216452642406281
195.8,43.303353858117504,0.00686170332659195,0.005265898146118455
195.9,43.30404002845016,0.0073882931412037655,0.005258314475324768
196.0,43.30477885776428,0.007914124588736212,0.005186713530090023
196.10000000000002,43.30557027022316,0.008432795941745333,0.005111906293127646
196.20000000000002,43.30641354981733,0.008943986571058068,0.004961951184708027
196.3,43.30730794847443,0.009440181689528843,0.00482305474489951
196.4,43.30825196664339,0.009922487164018766,0.004740321832308456
196.5,43.30924421535979,0.010396519347249585,0.004679699141868458
196.60000000000002,43.310283867294515,0.010864489261436537,0.0046031290031752475
196.70000000000002,43.31137031622066,0.011324802161754036,0.004530779267271094
196.8,43.31250279643683,0.01177788008848112,0.004464066932783212
196.9,43.313680584445684,0.012224286781759415,0.0043792673872927275
197.0,43.31490301312386,0.012662213520488663,0.004371247418368645
197.10000000000002,43.31616923447591,0.013099338262325627,0.0044305321686918895
197.20000000000002,43.31747916830214,0.01354239147919479,0.004476400433118735
197.3,43.31883340745006,0.013990031522506639,0.004483565115010723
197.4,43.32023241060231,0.014438388034007685,0.004416135250927396
197.5,43.32167624940571,0.0148800015591004,0.0042771440524039936
197.60000000000002,43.32316424956162,0.015307715964340897,0.00412745506506316
197.70000000000002,43.32469502115806,0.01572046147084719,0.003988795566710145
197.8,43.32626706730514,0.01611934102751818,0.00375997806856304
197.9,43.327879001407894,0.016495338834374464,0.0035044954383476024
198.0,43.32952853529133,0.016845788378209204,0.003236663949270489
198.10000000000002,43.33121311412915,0.017169454773136326,0.00307885497916518
198.20000000000002,43.33293005960646,0.017477340271052827,0.0029258614270520895
198.3,43.33467779363357,0.01776992641375802,0.0027199883767968663
198.4,43.33645478627494,0.01804192525143769,0.0025379327698965616
198.5,43.338258978800084,0.018295718528427332,0.002357674861692088
198.60000000000002,43.34008855065293,0.018531486014596595,0.0022108243565387023
198.70000000000002,43.34194169925439,0.018752568450250452,0.0020732030438545615
198.8,43.34381695609942,0.018959888754635897,0.0020180529801002334
198.9,43.34571294497488,0.01916169405264591,0.002025546447033653
199.0,43.34762911438014,0.019364248697349262,0.0020105198262608823
199.10000000000002,43.34956553924988,0.019565300679975396,0.0019309199153465643
199.20000000000002,43.35152206931787,0.01975839267151004,0.001846421495564945
199.3,43.35349790858503,0.019943034821066526,0.001764825073561276
199.4,43.35549221206713,0.020119517328422643,0.001745287030056985
199.5,43.35750416379997,0.020294046031428332,0.0017670657673809493
199.60000000000002,43.359533568403116,0.020470752608166467,0.0018154588539193153
199.70000000000002,43.361580643663935,0.020652298493558388,0.0018680683438742165
199.8,43.36364587351329,0.0208391053279458,0.001853087823290371
199.9,43.36572978404608,0.021024414110274826,0.001853087823290371
200.0,43.367832225457114,nan,nan
